2026-02-09 02:47:12,915 - ADV_Generation_eps_1.0_steps_100 - INFO - ==========================================
data:/leonardo_work/EUHPC_R04_192/fmohamma/Adversarial_Robust_Clip/atpt_data/downstream_datasets
test_sets:UCF101
dataset_mode:test
arch:ViT-L/14
resolution:224
transferability:False
source_model:fare4
workers:4
no_pin_memory:False
batch_size:1
adv_bs:1
print_freq:20
gpu:0
no_cudnn_benchmark:False
n_ctx:4
ctx_init:a_photo_of_a
seed:0
output_dir:/leonardo_work/EUHPC_R04_192/fmohamma/Adversarial_Robust_Clip/atpt_data/ViT-L/14/UCF101
log_output_dir:/leonardo_work/EUHPC_R04_192/fmohamma/Adversarial_Robust_Clip/ATPT/Delete_Adv_Results/ViT-L/14/UCF101/ADV_Generation_eps_1.0_steps_100
image_only_attack:False
image_only_attack_type:prm
image_predicted_label_attack:False
eps:1.0
alpha:0.25
alpha_eps_ratio:4.0
steps:100
counter_attack:False
counter_attack_type:pgd
counter_attack_steps:0
counter_attack_eps:4.0
counter_attack_alpha:1.0
counter_attack_tau_thres:0.2
counter_attack_beta:2.0
counter_attack_weighted_perturbations:True
counter_attack_init_noise:uniform
counter_attack_gaussian_sigma:0.03
counter_attack_noisy_tau_num_anchors:10
counter_attack_tau:normal
pgd_clip_pure_i_text_embeddings:null
pgd_counter_and_clipure_i_lamda:1.0
image_feature_purify:False
image_feature_purify_type:noisy_anchor
image_feature_purify_noisy_anchors:10
image_feature_purify_anchors_alpha:1.2
image_feature_purify_noisy_sigma:0.18
image_feature_purify_diff_threshold:0.0
image_feature_clipure_steps:10
image_feature_clipure_step_size:10.0
save_plots:False
lr:0.005
selection_p:0.1
tta_steps:1
top_k:20
softmax_temp:0.01
load_tecoa:

2026-02-09 02:47:12,915 - ADV_Generation_eps_1.0_steps_100 - INFO - Use GPU: 0 for training
2026-02-09 02:47:23,737 - ADV_Generation_eps_1.0_steps_100 - INFO - => Model created: visual backbone ViT-L/14
2026-02-09 02:47:23,750 - ADV_Generation_eps_1.0_steps_100 - INFO - Number of test samples: 3783
2026-02-09 02:47:23,750 - ADV_Generation_eps_1.0_steps_100 - INFO - Evaluating dataset: UCF101
2026-02-09 02:47:23,751 - ADV_Generation_eps_1.0_steps_100 - INFO - Starting evaluation with batch size: 1, selection percentage: 0.1
2026-02-09 02:47:23,751 - ADV_Generation_eps_1.0_steps_100 - INFO - Adversarial examples will be loaded from /leonardo_work/EUHPC_R04_192/fmohamma/Adversarial_Robust_Clip/atpt_data/ViT-L/14/UCF101/adv_images_eps_1.0_alpha_0.25_steps_100 and evaluated on ViT-L/14
2026-02-09 02:47:23,752 - ADV_Generation_eps_1.0_steps_100 - INFO - Using directory for adversarial images: /leonardo_work/EUHPC_R04_192/fmohamma/Adversarial_Robust_Clip/atpt_data/ViT-L/14/UCF101/adv_images_eps_1.0_alpha_0.25_steps_100
2026-02-09 02:47:24,065 - ADV_Generation_eps_1.0_steps_100 - INFO - Batch:[0] Adversarial images for this batch already exist
2026-02-09 02:47:24,405 - ADV_Generation_eps_1.0_steps_100 - INFO - Batch 1/3783: Clean accuracy 1.0000 | Adv accuracy: 0.0000 
2026-02-09 02:47:24,407 - ADV_Generation_eps_1.0_steps_100 - INFO - Batch:[1] Adversarial images for this batch already exist
2026-02-09 02:47:24,547 - ADV_Generation_eps_1.0_steps_100 - INFO - Batch 2/3783: Clean accuracy 1.0000 | Adv accuracy: 0.0000 
2026-02-09 02:47:24,548 - ADV_Generation_eps_1.0_steps_100 - INFO - Batch:[2] Adversarial images for this batch already exist
2026-02-09 02:47:24,687 - ADV_Generation_eps_1.0_steps_100 - INFO - Batch 3/3783: Clean accuracy 1.0000 | Adv accuracy: 0.0000 
2026-02-09 02:47:24,688 - ADV_Generation_eps_1.0_steps_100 - INFO - Batch:[3] Adversarial images for this batch already exist
2026-02-09 02:47:24,826 - ADV_Generation_eps_1.0_steps_100 - INFO - Batch 4/3783: Clean accuracy 1.0000 | Adv accuracy: 0.0000 
2026-02-09 02:47:24,827 - ADV_Generation_eps_1.0_steps_100 - INFO - Batch:[4] Adversarial images for this batch already exist
2026-02-09 02:47:24,965 - ADV_Generation_eps_1.0_steps_100 - INFO - Batch 5/3783: Clean accuracy 1.0000 | Adv accuracy: 0.0000 
2026-02-09 02:47:24,966 - ADV_Generation_eps_1.0_steps_100 - INFO - Batch:[5] Adversarial images for this batch already exist
2026-02-09 02:47:25,107 - ADV_Generation_eps_1.0_steps_100 - INFO - Batch 6/3783: Clean accuracy 1.0000 | Adv accuracy: 0.0000 
2026-02-09 02:47:25,108 - ADV_Generation_eps_1.0_steps_100 - INFO - Batch:[6] Adversarial images for this batch already exist
2026-02-09 02:47:25,249 - ADV_Generation_eps_1.0_steps_100 - INFO - Batch 7/3783: Clean accuracy 1.0000 | Adv accuracy: 0.0000 
2026-02-09 02:47:25,250 - ADV_Generation_eps_1.0_steps_100 - INFO - Batch:[7] Adversarial images for this batch already exist
2026-02-09 02:47:25,385 - ADV_Generation_eps_1.0_steps_100 - INFO - Batch 8/3783: Clean accuracy 1.0000 | Adv accuracy: 0.0000 
2026-02-09 02:47:25,386 - ADV_Generation_eps_1.0_steps_100 - INFO - Batch:[8] Adversarial images for this batch already exist
2026-02-09 02:47:25,524 - ADV_Generation_eps_1.0_steps_100 - INFO - Batch 9/3783: Clean accuracy 1.0000 | Adv accuracy: 0.0000 
2026-02-09 02:47:25,525 - ADV_Generation_eps_1.0_steps_100 - INFO - Batch:[9] Adversarial images for this batch already exist
2026-02-09 02:47:25,662 - ADV_Generation_eps_1.0_steps_100 - INFO - Batch 10/3783: Clean accuracy 1.0000 | Adv accuracy: 0.0000 
2026-02-09 02:47:25,663 - ADV_Generation_eps_1.0_steps_100 - INFO - Batch:[10] Adversarial images for this batch already exist
2026-02-09 02:47:25,796 - ADV_Generation_eps_1.0_steps_100 - INFO - Batch 11/3783: Clean accuracy 1.0000 | Adv accuracy: 0.0000 
2026-02-09 02:47:25,797 - ADV_Generation_eps_1.0_steps_100 - INFO - Batch:[11] Adversarial images for this batch already exist
2026-02-09 02:47:25,943 - ADV_Generation_eps_1.0_steps_100 - INFO - Batch 12/3783: Clean accuracy 1.0000 | Adv accuracy: 0.0000 
2026-02-09 02:47:25,945 - ADV_Generation_eps_1.0_steps_100 - INFO - Batch:[12] Adversarial images for this batch already exist
2026-02-09 02:47:26,111 - ADV_Generation_eps_1.0_steps_100 - INFO - Batch 13/3783: Clean accuracy 1.0000 | Adv accuracy: 0.0000 
2026-02-09 02:47:26,113 - ADV_Generation_eps_1.0_steps_100 - INFO - Batch:[13] Adversarial images for this batch already exist
2026-02-09 02:47:26,248 - ADV_Generation_eps_1.0_steps_100 - INFO - Batch 14/3783: Clean accuracy 1.0000 | Adv accuracy: 0.0000 
2026-02-09 02:47:26,249 - ADV_Generation_eps_1.0_steps_100 - INFO - Batch:[14] Adversarial images for this batch already exist
2026-02-09 02:47:26,404 - ADV_Generation_eps_1.0_steps_100 - INFO - Batch 15/3783: Clean accuracy 1.0000 | Adv accuracy: 0.0000 
2026-02-09 02:47:26,405 - ADV_Generation_eps_1.0_steps_100 - INFO - Batch:[15] Adversarial images for this batch already exist
2026-02-09 02:47:26,546 - ADV_Generation_eps_1.0_steps_100 - INFO - Batch 16/3783: Clean accuracy 1.0000 | Adv accuracy: 0.0000 
2026-02-09 02:47:26,547 - ADV_Generation_eps_1.0_steps_100 - INFO - Batch:[16] Adversarial images for this batch already exist
2026-02-09 02:47:26,702 - ADV_Generation_eps_1.0_steps_100 - INFO - Batch 17/3783: Clean accuracy 1.0000 | Adv accuracy: 0.0000 
2026-02-09 02:47:26,703 - ADV_Generation_eps_1.0_steps_100 - INFO - Batch:[17] Adversarial images for this batch already exist
2026-02-09 02:47:26,862 - ADV_Generation_eps_1.0_steps_100 - INFO - Batch 18/3783: Clean accuracy 1.0000 | Adv accuracy: 0.0000 
2026-02-09 02:47:26,863 - ADV_Generation_eps_1.0_steps_100 - INFO - Batch:[18] Adversarial images for this batch already exist
2026-02-09 02:47:26,998 - ADV_Generation_eps_1.0_steps_100 - INFO - Batch 19/3783: Clean accuracy 1.0000 | Adv accuracy: 0.0000 
2026-02-09 02:47:26,999 - ADV_Generation_eps_1.0_steps_100 - INFO - Batch:[19] Adversarial images for this batch already exist
2026-02-09 02:47:27,174 - ADV_Generation_eps_1.0_steps_100 - INFO - Batch 20/3783: Clean accuracy 1.0000 | Adv accuracy: 0.0000 
2026-02-09 02:47:27,175 - ADV_Generation_eps_1.0_steps_100 - INFO - Batch:[20] Adversarial images for this batch already exist
2026-02-09 02:47:27,310 - ADV_Generation_eps_1.0_steps_100 - INFO - Batch 21/3783: Clean accuracy 1.0000 | Adv accuracy: 0.0000 
2026-02-09 02:47:27,311 - ADV_Generation_eps_1.0_steps_100 - INFO - Batch:[21] Adversarial images for this batch already exist
2026-02-09 02:47:27,463 - ADV_Generation_eps_1.0_steps_100 - INFO - Batch 22/3783: Clean accuracy 1.0000 | Adv accuracy: 0.0000 
2026-02-09 02:47:27,464 - ADV_Generation_eps_1.0_steps_100 - INFO - Batch:[22] Adversarial images for this batch already exist
2026-02-09 02:47:27,604 - ADV_Generation_eps_1.0_steps_100 - INFO - Batch 23/3783: Clean accuracy 1.0000 | Adv accuracy: 0.0000 
2026-02-09 02:47:27,605 - ADV_Generation_eps_1.0_steps_100 - INFO - Batch:[23] Adversarial images for this batch already exist
2026-02-09 02:47:27,744 - ADV_Generation_eps_1.0_steps_100 - INFO - Batch 24/3783: Clean accuracy 1.0000 | Adv accuracy: 0.0000 
2026-02-09 02:47:27,745 - ADV_Generation_eps_1.0_steps_100 - INFO - Batch:[24] Adversarial images for this batch already exist
2026-02-09 02:47:27,884 - ADV_Generation_eps_1.0_steps_100 - INFO - Batch 25/3783: Clean accuracy 1.0000 | Adv accuracy: 0.0000 
2026-02-09 02:47:27,885 - ADV_Generation_eps_1.0_steps_100 - INFO - Batch:[25] Adversarial images for this batch already exist
2026-02-09 02:47:28,018 - ADV_Generation_eps_1.0_steps_100 - INFO - Batch 26/3783: Clean accuracy 1.0000 | Adv accuracy: 0.0000 
2026-02-09 02:47:28,019 - ADV_Generation_eps_1.0_steps_100 - INFO - Batch:[26] Adversarial images for this batch already exist
2026-02-09 02:47:28,156 - ADV_Generation_eps_1.0_steps_100 - INFO - Batch 27/3783: Clean accuracy 1.0000 | Adv accuracy: 0.0000 
2026-02-09 02:47:28,157 - ADV_Generation_eps_1.0_steps_100 - INFO - Batch:[27] Adversarial images for this batch already exist
2026-02-09 02:47:28,296 - ADV_Generation_eps_1.0_steps_100 - INFO - Batch 28/3783: Clean accuracy 1.0000 | Adv accuracy: 0.0000 
2026-02-09 02:47:28,297 - ADV_Generation_eps_1.0_steps_100 - INFO - Batch:[28] Adversarial images for this batch already exist
2026-02-09 02:47:28,445 - ADV_Generation_eps_1.0_steps_100 - INFO - Batch 29/3783: Clean accuracy 1.0000 | Adv accuracy: 0.0000 
2026-02-09 02:47:28,446 - ADV_Generation_eps_1.0_steps_100 - INFO - Batch:[29] Adversarial images for this batch already exist
2026-02-09 02:47:28,588 - ADV_Generation_eps_1.0_steps_100 - INFO - Batch 30/3783: Clean accuracy 1.0000 | Adv accuracy: 0.0000 
2026-02-09 02:47:28,589 - ADV_Generation_eps_1.0_steps_100 - INFO - Batch:[30] Adversarial images for this batch already exist
2026-02-09 02:47:28,727 - ADV_Generation_eps_1.0_steps_100 - INFO - Batch 31/3783: Clean accuracy 1.0000 | Adv accuracy: 0.0000 
2026-02-09 02:47:28,728 - ADV_Generation_eps_1.0_steps_100 - INFO - Batch:[31] Adversarial images for this batch already exist
2026-02-09 02:47:28,866 - ADV_Generation_eps_1.0_steps_100 - INFO - Batch 32/3783: Clean accuracy 1.0000 | Adv accuracy: 0.0000 
2026-02-09 02:47:28,867 - ADV_Generation_eps_1.0_steps_100 - INFO - Batch:[32] Adversarial images for this batch already exist
2026-02-09 02:47:29,008 - ADV_Generation_eps_1.0_steps_100 - INFO - Batch 33/3783: Clean accuracy 1.0000 | Adv accuracy: 0.0000 
2026-02-09 02:47:29,010 - ADV_Generation_eps_1.0_steps_100 - INFO - Batch:[33] Adversarial images for this batch already exist
2026-02-09 02:47:29,158 - ADV_Generation_eps_1.0_steps_100 - INFO - Batch 34/3783: Clean accuracy 1.0000 | Adv accuracy: 0.0000 
2026-02-09 02:47:29,159 - ADV_Generation_eps_1.0_steps_100 - INFO - Batch:[34] Adversarial images for this batch already exist
2026-02-09 02:47:29,295 - ADV_Generation_eps_1.0_steps_100 - INFO - Batch 35/3783: Clean accuracy 1.0000 | Adv accuracy: 0.0000 
2026-02-09 02:47:29,296 - ADV_Generation_eps_1.0_steps_100 - INFO - Batch:[35] Adversarial images for this batch already exist
2026-02-09 02:47:29,435 - ADV_Generation_eps_1.0_steps_100 - INFO - Batch 36/3783: Clean accuracy 1.0000 | Adv accuracy: 0.0000 
2026-02-09 02:47:29,436 - ADV_Generation_eps_1.0_steps_100 - INFO - Batch:[36] Adversarial images for this batch already exist
2026-02-09 02:47:29,576 - ADV_Generation_eps_1.0_steps_100 - INFO - Batch 37/3783: Clean accuracy 1.0000 | Adv accuracy: 0.0000 
2026-02-09 02:47:29,577 - ADV_Generation_eps_1.0_steps_100 - INFO - Batch:[37] Adversarial images for this batch already exist
2026-02-09 02:47:29,716 - ADV_Generation_eps_1.0_steps_100 - INFO - Batch 38/3783: Clean accuracy 1.0000 | Adv accuracy: 0.0000 
2026-02-09 02:47:29,717 - ADV_Generation_eps_1.0_steps_100 - INFO - Batch:[38] Adversarial images for this batch already exist
2026-02-09 02:47:29,856 - ADV_Generation_eps_1.0_steps_100 - INFO - Batch 39/3783: Clean accuracy 1.0000 | Adv accuracy: 0.0000 
2026-02-09 02:47:29,857 - ADV_Generation_eps_1.0_steps_100 - INFO - Batch:[39] Adversarial images for this batch already exist
2026-02-09 02:47:29,993 - ADV_Generation_eps_1.0_steps_100 - INFO - Batch 40/3783: Clean accuracy 1.0000 | Adv accuracy: 0.0000 
2026-02-09 02:47:29,994 - ADV_Generation_eps_1.0_steps_100 - INFO - Batch:[40] Adversarial images for this batch already exist
2026-02-09 02:47:30,129 - ADV_Generation_eps_1.0_steps_100 - INFO - Batch 41/3783: Clean accuracy 1.0000 | Adv accuracy: 0.0000 
2026-02-09 02:47:30,130 - ADV_Generation_eps_1.0_steps_100 - INFO - Batch:[41] Adversarial images for this batch already exist
2026-02-09 02:47:30,270 - ADV_Generation_eps_1.0_steps_100 - INFO - Batch 42/3783: Clean accuracy 1.0000 | Adv accuracy: 0.0000 
2026-02-09 02:47:30,271 - ADV_Generation_eps_1.0_steps_100 - INFO - Batch:[42] Adversarial images for this batch already exist
2026-02-09 02:47:30,414 - ADV_Generation_eps_1.0_steps_100 - INFO - Batch 43/3783: Clean accuracy 1.0000 | Adv accuracy: 0.0000 
2026-02-09 02:47:30,415 - ADV_Generation_eps_1.0_steps_100 - INFO - Batch:[43] Adversarial images for this batch already exist
2026-02-09 02:47:30,547 - ADV_Generation_eps_1.0_steps_100 - INFO - Batch 44/3783: Clean accuracy 1.0000 | Adv accuracy: 0.0000 
2026-02-09 02:47:30,547 - ADV_Generation_eps_1.0_steps_100 - INFO - Batch:[44] Adversarial images for this batch already exist
2026-02-09 02:47:30,695 - ADV_Generation_eps_1.0_steps_100 - INFO - Batch 45/3783: Clean accuracy 0.9778 | Adv accuracy: 0.0000 
2026-02-09 02:47:30,696 - ADV_Generation_eps_1.0_steps_100 - INFO - Batch:[45] Adversarial images for this batch already exist
2026-02-09 02:47:30,842 - ADV_Generation_eps_1.0_steps_100 - INFO - Batch 46/3783: Clean accuracy 0.9783 | Adv accuracy: 0.0000 
2026-02-09 02:47:30,843 - ADV_Generation_eps_1.0_steps_100 - INFO - Batch:[46] Adversarial images for this batch already exist
2026-02-09 02:47:30,987 - ADV_Generation_eps_1.0_steps_100 - INFO - Batch 47/3783: Clean accuracy 0.9574 | Adv accuracy: 0.0000 
2026-02-09 02:47:30,987 - ADV_Generation_eps_1.0_steps_100 - INFO - Batch:[47] Adversarial images for this batch already exist
2026-02-09 02:47:31,124 - ADV_Generation_eps_1.0_steps_100 - INFO - Batch 48/3783: Clean accuracy 0.9375 | Adv accuracy: 0.0000 
2026-02-09 02:47:31,125 - ADV_Generation_eps_1.0_steps_100 - INFO - Batch:[48] Adversarial images for this batch already exist
2026-02-09 02:47:31,260 - ADV_Generation_eps_1.0_steps_100 - INFO - Batch 49/3783: Clean accuracy 0.9388 | Adv accuracy: 0.0000 
2026-02-09 02:47:31,260 - ADV_Generation_eps_1.0_steps_100 - INFO - Batch:[49] Adversarial images for this batch already exist
2026-02-09 02:47:31,400 - ADV_Generation_eps_1.0_steps_100 - INFO - Batch 50/3783: Clean accuracy 0.9400 | Adv accuracy: 0.0000 
2026-02-09 02:47:31,402 - ADV_Generation_eps_1.0_steps_100 - INFO - Batch:[50] Adversarial images for this batch already exist
2026-02-09 02:47:31,544 - ADV_Generation_eps_1.0_steps_100 - INFO - Batch 51/3783: Clean accuracy 0.9412 | Adv accuracy: 0.0000 
2026-02-09 02:47:31,545 - ADV_Generation_eps_1.0_steps_100 - INFO - Batch:[51] Adversarial images for this batch already exist
2026-02-09 02:47:31,682 - ADV_Generation_eps_1.0_steps_100 - INFO - Batch 52/3783: Clean accuracy 0.9423 | Adv accuracy: 0.0000 
2026-02-09 02:47:31,683 - ADV_Generation_eps_1.0_steps_100 - INFO - Batch:[52] Adversarial images for this batch already exist
2026-02-09 02:47:31,826 - ADV_Generation_eps_1.0_steps_100 - INFO - Batch 53/3783: Clean accuracy 0.9434 | Adv accuracy: 0.0000 
2026-02-09 02:47:31,827 - ADV_Generation_eps_1.0_steps_100 - INFO - Batch:[53] Adversarial images for this batch already exist
2026-02-09 02:47:31,963 - ADV_Generation_eps_1.0_steps_100 - INFO - Batch 54/3783: Clean accuracy 0.9259 | Adv accuracy: 0.0000 
2026-02-09 02:47:31,964 - ADV_Generation_eps_1.0_steps_100 - INFO - Batch:[54] Adversarial images for this batch already exist
2026-02-09 02:47:32,102 - ADV_Generation_eps_1.0_steps_100 - INFO - Batch 55/3783: Clean accuracy 0.9091 | Adv accuracy: 0.0000 
2026-02-09 02:47:32,103 - ADV_Generation_eps_1.0_steps_100 - INFO - Batch:[55] Adversarial images for this batch already exist
2026-02-09 02:47:32,242 - ADV_Generation_eps_1.0_steps_100 - INFO - Batch 56/3783: Clean accuracy 0.9107 | Adv accuracy: 0.0000 
2026-02-09 02:47:32,243 - ADV_Generation_eps_1.0_steps_100 - INFO - Batch:[56] Adversarial images for this batch already exist
2026-02-09 02:47:32,384 - ADV_Generation_eps_1.0_steps_100 - INFO - Batch 57/3783: Clean accuracy 0.8947 | Adv accuracy: 0.0000 
2026-02-09 02:47:32,385 - ADV_Generation_eps_1.0_steps_100 - INFO - Batch:[57] Adversarial images for this batch already exist
2026-02-09 02:47:32,524 - ADV_Generation_eps_1.0_steps_100 - INFO - Batch 58/3783: Clean accuracy 0.8793 | Adv accuracy: 0.0000 
2026-02-09 02:47:32,525 - ADV_Generation_eps_1.0_steps_100 - INFO - Batch:[58] Adversarial images for this batch already exist
2026-02-09 02:47:32,672 - ADV_Generation_eps_1.0_steps_100 - INFO - Batch 59/3783: Clean accuracy 0.8814 | Adv accuracy: 0.0000 
2026-02-09 02:47:32,673 - ADV_Generation_eps_1.0_steps_100 - INFO - Batch:[59] Adversarial images for this batch already exist
2026-02-09 02:47:32,813 - ADV_Generation_eps_1.0_steps_100 - INFO - Batch 60/3783: Clean accuracy 0.8667 | Adv accuracy: 0.0000 
2026-02-09 02:47:32,814 - ADV_Generation_eps_1.0_steps_100 - INFO - Batch:[60] Adversarial images for this batch already exist
2026-02-09 02:47:32,956 - ADV_Generation_eps_1.0_steps_100 - INFO - Batch 61/3783: Clean accuracy 0.8525 | Adv accuracy: 0.0000 
2026-02-09 02:47:32,957 - ADV_Generation_eps_1.0_steps_100 - INFO - Batch:[61] Adversarial images for this batch already exist
2026-02-09 02:47:33,095 - ADV_Generation_eps_1.0_steps_100 - INFO - Batch 62/3783: Clean accuracy 0.8387 | Adv accuracy: 0.0000 
2026-02-09 02:47:33,096 - ADV_Generation_eps_1.0_steps_100 - INFO - Batch:[62] Adversarial images for this batch already exist
2026-02-09 02:47:33,272 - ADV_Generation_eps_1.0_steps_100 - INFO - Batch 63/3783: Clean accuracy 0.8413 | Adv accuracy: 0.0000 
2026-02-09 02:47:33,273 - ADV_Generation_eps_1.0_steps_100 - INFO - Batch:[63] Adversarial images for this batch already exist
2026-02-09 02:47:33,411 - ADV_Generation_eps_1.0_steps_100 - INFO - Batch 64/3783: Clean accuracy 0.8281 | Adv accuracy: 0.0000 
2026-02-09 02:47:33,412 - ADV_Generation_eps_1.0_steps_100 - INFO - Batch:[64] Adversarial images for this batch already exist
2026-02-09 02:47:33,559 - ADV_Generation_eps_1.0_steps_100 - INFO - Batch 65/3783: Clean accuracy 0.8308 | Adv accuracy: 0.0000 
2026-02-09 02:47:33,560 - ADV_Generation_eps_1.0_steps_100 - INFO - Batch:[65] Adversarial images for this batch already exist
2026-02-09 02:47:33,699 - ADV_Generation_eps_1.0_steps_100 - INFO - Batch 66/3783: Clean accuracy 0.8182 | Adv accuracy: 0.0000 
2026-02-09 02:47:33,700 - ADV_Generation_eps_1.0_steps_100 - INFO - Batch:[66] Adversarial images for this batch already exist
2026-02-09 02:47:33,843 - ADV_Generation_eps_1.0_steps_100 - INFO - Batch 67/3783: Clean accuracy 0.8060 | Adv accuracy: 0.0000 
2026-02-09 02:47:33,844 - ADV_Generation_eps_1.0_steps_100 - INFO - Batch:[67] Adversarial images for this batch already exist
2026-02-09 02:47:33,986 - ADV_Generation_eps_1.0_steps_100 - INFO - Batch 68/3783: Clean accuracy 0.7941 | Adv accuracy: 0.0000 
2026-02-09 02:47:33,987 - ADV_Generation_eps_1.0_steps_100 - INFO - Batch:[68] Adversarial images for this batch already exist
2026-02-09 02:47:34,125 - ADV_Generation_eps_1.0_steps_100 - INFO - Batch 69/3783: Clean accuracy 0.7971 | Adv accuracy: 0.0000 
2026-02-09 02:47:34,126 - ADV_Generation_eps_1.0_steps_100 - INFO - Batch:[69] Adversarial images for this batch already exist
2026-02-09 02:47:34,264 - ADV_Generation_eps_1.0_steps_100 - INFO - Batch 70/3783: Clean accuracy 0.8000 | Adv accuracy: 0.0000 
2026-02-09 02:47:34,265 - ADV_Generation_eps_1.0_steps_100 - INFO - Batch:[70] Adversarial images for this batch already exist
2026-02-09 02:47:34,413 - ADV_Generation_eps_1.0_steps_100 - INFO - Batch 71/3783: Clean accuracy 0.8028 | Adv accuracy: 0.0000 
2026-02-09 02:47:34,413 - ADV_Generation_eps_1.0_steps_100 - INFO - Batch:[71] Adversarial images for this batch already exist
2026-02-09 02:47:34,569 - ADV_Generation_eps_1.0_steps_100 - INFO - Batch 72/3783: Clean accuracy 0.8056 | Adv accuracy: 0.0000 
2026-02-09 02:47:34,570 - ADV_Generation_eps_1.0_steps_100 - INFO - Batch:[72] Adversarial images for this batch already exist
2026-02-09 02:47:34,710 - ADV_Generation_eps_1.0_steps_100 - INFO - Batch 73/3783: Clean accuracy 0.7945 | Adv accuracy: 0.0000 
2026-02-09 02:47:34,711 - ADV_Generation_eps_1.0_steps_100 - INFO - Batch:[73] Adversarial images for this batch already exist
2026-02-09 02:47:34,848 - ADV_Generation_eps_1.0_steps_100 - INFO - Batch 74/3783: Clean accuracy 0.7838 | Adv accuracy: 0.0000 
2026-02-09 02:47:34,848 - ADV_Generation_eps_1.0_steps_100 - INFO - Batch:[74] Adversarial images for this batch already exist
2026-02-09 02:47:34,987 - ADV_Generation_eps_1.0_steps_100 - INFO - Batch 75/3783: Clean accuracy 0.7733 | Adv accuracy: 0.0000 
2026-02-09 02:47:34,988 - ADV_Generation_eps_1.0_steps_100 - INFO - Batch:[75] Adversarial images for this batch already exist
2026-02-09 02:47:35,143 - ADV_Generation_eps_1.0_steps_100 - INFO - Batch 76/3783: Clean accuracy 0.7632 | Adv accuracy: 0.0000 
2026-02-09 02:47:35,144 - ADV_Generation_eps_1.0_steps_100 - INFO - Batch:[76] Adversarial images for this batch already exist
2026-02-09 02:47:35,288 - ADV_Generation_eps_1.0_steps_100 - INFO - Batch 77/3783: Clean accuracy 0.7662 | Adv accuracy: 0.0000 
2026-02-09 02:47:35,290 - ADV_Generation_eps_1.0_steps_100 - INFO - Batch:[77] Adversarial images for this batch already exist
2026-02-09 02:47:35,427 - ADV_Generation_eps_1.0_steps_100 - INFO - Batch 78/3783: Clean accuracy 0.7692 | Adv accuracy: 0.0000 
2026-02-09 02:47:35,428 - ADV_Generation_eps_1.0_steps_100 - INFO - Batch:[78] Adversarial images for this batch already exist
2026-02-09 02:47:35,583 - ADV_Generation_eps_1.0_steps_100 - INFO - Batch 79/3783: Clean accuracy 0.7722 | Adv accuracy: 0.0000 
2026-02-09 02:47:35,584 - ADV_Generation_eps_1.0_steps_100 - INFO - Batch:[79] Adversarial images for this batch already exist
2026-02-09 02:47:35,729 - ADV_Generation_eps_1.0_steps_100 - INFO - Batch 80/3783: Clean accuracy 0.7750 | Adv accuracy: 0.0000 
2026-02-09 02:47:35,731 - ADV_Generation_eps_1.0_steps_100 - INFO - Batch:[80] Adversarial images for this batch already exist
2026-02-09 02:47:35,869 - ADV_Generation_eps_1.0_steps_100 - INFO - Batch 81/3783: Clean accuracy 0.7778 | Adv accuracy: 0.0000 
2026-02-09 02:47:35,870 - ADV_Generation_eps_1.0_steps_100 - INFO - Batch:[81] Adversarial images for this batch already exist
2026-02-09 02:47:36,008 - ADV_Generation_eps_1.0_steps_100 - INFO - Batch 82/3783: Clean accuracy 0.7805 | Adv accuracy: 0.0000 
2026-02-09 02:47:36,009 - ADV_Generation_eps_1.0_steps_100 - INFO - Batch:[82] Adversarial images for this batch already exist
2026-02-09 02:47:36,150 - ADV_Generation_eps_1.0_steps_100 - INFO - Batch 83/3783: Clean accuracy 0.7831 | Adv accuracy: 0.0000 
2026-02-09 02:47:36,151 - ADV_Generation_eps_1.0_steps_100 - INFO - Batch:[83] Adversarial images for this batch already exist
2026-02-09 02:47:36,291 - ADV_Generation_eps_1.0_steps_100 - INFO - Batch 84/3783: Clean accuracy 0.7857 | Adv accuracy: 0.0000 
2026-02-09 02:47:36,292 - ADV_Generation_eps_1.0_steps_100 - INFO - Batch:[84] Adversarial images for this batch already exist
2026-02-09 02:47:36,431 - ADV_Generation_eps_1.0_steps_100 - INFO - Batch 85/3783: Clean accuracy 0.7882 | Adv accuracy: 0.0000 
2026-02-09 02:47:36,432 - ADV_Generation_eps_1.0_steps_100 - INFO - Batch:[85] Adversarial images for this batch already exist
2026-02-09 02:47:36,571 - ADV_Generation_eps_1.0_steps_100 - INFO - Batch 86/3783: Clean accuracy 0.7907 | Adv accuracy: 0.0000 
2026-02-09 02:47:36,572 - ADV_Generation_eps_1.0_steps_100 - INFO - Batch:[86] Adversarial images for this batch already exist
2026-02-09 02:47:36,715 - ADV_Generation_eps_1.0_steps_100 - INFO - Batch 87/3783: Clean accuracy 0.7931 | Adv accuracy: 0.0000 
2026-02-09 02:47:36,716 - ADV_Generation_eps_1.0_steps_100 - INFO - Batch:[87] Adversarial images for this batch already exist
2026-02-09 02:47:36,856 - ADV_Generation_eps_1.0_steps_100 - INFO - Batch 88/3783: Clean accuracy 0.7955 | Adv accuracy: 0.0000 
2026-02-09 02:47:36,857 - ADV_Generation_eps_1.0_steps_100 - INFO - Batch:[88] Adversarial images for this batch already exist
2026-02-09 02:47:36,995 - ADV_Generation_eps_1.0_steps_100 - INFO - Batch 89/3783: Clean accuracy 0.7978 | Adv accuracy: 0.0000 
2026-02-09 02:47:36,996 - ADV_Generation_eps_1.0_steps_100 - INFO - Batch:[89] Adversarial images for this batch already exist
2026-02-09 02:47:37,136 - ADV_Generation_eps_1.0_steps_100 - INFO - Batch 90/3783: Clean accuracy 0.8000 | Adv accuracy: 0.0000 
2026-02-09 02:47:37,137 - ADV_Generation_eps_1.0_steps_100 - INFO - Batch:[90] Adversarial images for this batch already exist
2026-02-09 02:47:37,276 - ADV_Generation_eps_1.0_steps_100 - INFO - Batch 91/3783: Clean accuracy 0.8022 | Adv accuracy: 0.0000 
2026-02-09 02:47:37,277 - ADV_Generation_eps_1.0_steps_100 - INFO - Batch:[91] Adversarial images for this batch already exist
2026-02-09 02:47:37,425 - ADV_Generation_eps_1.0_steps_100 - INFO - Batch 92/3783: Clean accuracy 0.8043 | Adv accuracy: 0.0000 
2026-02-09 02:47:37,426 - ADV_Generation_eps_1.0_steps_100 - INFO - Batch:[92] Adversarial images for this batch already exist
2026-02-09 02:47:37,573 - ADV_Generation_eps_1.0_steps_100 - INFO - Batch 93/3783: Clean accuracy 0.8065 | Adv accuracy: 0.0000 
2026-02-09 02:47:37,573 - ADV_Generation_eps_1.0_steps_100 - INFO - Batch:[93] Adversarial images for this batch already exist
2026-02-09 02:47:37,715 - ADV_Generation_eps_1.0_steps_100 - INFO - Batch 94/3783: Clean accuracy 0.8085 | Adv accuracy: 0.0000 
2026-02-09 02:47:37,716 - ADV_Generation_eps_1.0_steps_100 - INFO - Batch:[94] Adversarial images for this batch already exist
2026-02-09 02:47:37,860 - ADV_Generation_eps_1.0_steps_100 - INFO - Batch 95/3783: Clean accuracy 0.8105 | Adv accuracy: 0.0000 
2026-02-09 02:47:37,861 - ADV_Generation_eps_1.0_steps_100 - INFO - Batch:[95] Adversarial images for this batch already exist
2026-02-09 02:47:37,998 - ADV_Generation_eps_1.0_steps_100 - INFO - Batch 96/3783: Clean accuracy 0.8125 | Adv accuracy: 0.0000 
2026-02-09 02:47:37,999 - ADV_Generation_eps_1.0_steps_100 - INFO - Batch:[96] Adversarial images for this batch already exist
2026-02-09 02:47:38,136 - ADV_Generation_eps_1.0_steps_100 - INFO - Batch 97/3783: Clean accuracy 0.8144 | Adv accuracy: 0.0000 
2026-02-09 02:47:38,137 - ADV_Generation_eps_1.0_steps_100 - INFO - Batch:[97] Adversarial images for this batch already exist
2026-02-09 02:47:38,283 - ADV_Generation_eps_1.0_steps_100 - INFO - Batch 98/3783: Clean accuracy 0.8163 | Adv accuracy: 0.0000 
2026-02-09 02:47:38,284 - ADV_Generation_eps_1.0_steps_100 - INFO - Batch:[98] Adversarial images for this batch already exist
2026-02-09 02:47:38,428 - ADV_Generation_eps_1.0_steps_100 - INFO - Batch 99/3783: Clean accuracy 0.8182 | Adv accuracy: 0.0000 
2026-02-09 02:47:38,429 - ADV_Generation_eps_1.0_steps_100 - INFO - Batch:[99] Adversarial images for this batch already exist
2026-02-09 02:47:38,568 - ADV_Generation_eps_1.0_steps_100 - INFO - Batch 100/3783: Clean accuracy 0.8200 | Adv accuracy: 0.0000 
2026-02-09 02:47:38,568 - ADV_Generation_eps_1.0_steps_100 - INFO - Batch:[100] Adversarial images for this batch already exist
2026-02-09 02:47:38,703 - ADV_Generation_eps_1.0_steps_100 - INFO - Batch 101/3783: Clean accuracy 0.8218 | Adv accuracy: 0.0000 
2026-02-09 02:47:38,704 - ADV_Generation_eps_1.0_steps_100 - INFO - Batch:[101] Adversarial images for this batch already exist
2026-02-09 02:47:38,848 - ADV_Generation_eps_1.0_steps_100 - INFO - Batch 102/3783: Clean accuracy 0.8235 | Adv accuracy: 0.0000 
2026-02-09 02:47:38,849 - ADV_Generation_eps_1.0_steps_100 - INFO - Batch:[102] Adversarial images for this batch already exist
2026-02-09 02:47:38,988 - ADV_Generation_eps_1.0_steps_100 - INFO - Batch 103/3783: Clean accuracy 0.8252 | Adv accuracy: 0.0000 
2026-02-09 02:47:38,989 - ADV_Generation_eps_1.0_steps_100 - INFO - Batch:[103] Adversarial images for this batch already exist
2026-02-09 02:47:39,137 - ADV_Generation_eps_1.0_steps_100 - INFO - Batch 104/3783: Clean accuracy 0.8269 | Adv accuracy: 0.0000 
2026-02-09 02:47:39,138 - ADV_Generation_eps_1.0_steps_100 - INFO - Batch:[104] Adversarial images for this batch already exist
2026-02-09 02:47:39,279 - ADV_Generation_eps_1.0_steps_100 - INFO - Batch 105/3783: Clean accuracy 0.8286 | Adv accuracy: 0.0000 
2026-02-09 02:47:39,280 - ADV_Generation_eps_1.0_steps_100 - INFO - Batch:[105] Adversarial images for this batch already exist
2026-02-09 02:47:39,418 - ADV_Generation_eps_1.0_steps_100 - INFO - Batch 106/3783: Clean accuracy 0.8208 | Adv accuracy: 0.0000 
2026-02-09 02:47:39,419 - ADV_Generation_eps_1.0_steps_100 - INFO - Batch:[106] Adversarial images for this batch already exist
2026-02-09 02:47:39,567 - ADV_Generation_eps_1.0_steps_100 - INFO - Batch 107/3783: Clean accuracy 0.8224 | Adv accuracy: 0.0000 
2026-02-09 02:47:39,568 - ADV_Generation_eps_1.0_steps_100 - INFO - Batch:[107] Adversarial images for this batch already exist
2026-02-09 02:47:39,707 - ADV_Generation_eps_1.0_steps_100 - INFO - Batch 108/3783: Clean accuracy 0.8241 | Adv accuracy: 0.0000 
2026-02-09 02:47:39,708 - ADV_Generation_eps_1.0_steps_100 - INFO - Batch:[108] Adversarial images for this batch already exist
2026-02-09 02:47:39,852 - ADV_Generation_eps_1.0_steps_100 - INFO - Batch 109/3783: Clean accuracy 0.8257 | Adv accuracy: 0.0000 
2026-02-09 02:47:39,853 - ADV_Generation_eps_1.0_steps_100 - INFO - Batch:[109] Adversarial images for this batch already exist
2026-02-09 02:47:39,993 - ADV_Generation_eps_1.0_steps_100 - INFO - Batch 110/3783: Clean accuracy 0.8273 | Adv accuracy: 0.0000 
2026-02-09 02:47:39,995 - ADV_Generation_eps_1.0_steps_100 - INFO - Batch:[110] Adversarial images for this batch already exist
2026-02-09 02:47:40,140 - ADV_Generation_eps_1.0_steps_100 - INFO - Batch 111/3783: Clean accuracy 0.8288 | Adv accuracy: 0.0000 
2026-02-09 02:47:40,141 - ADV_Generation_eps_1.0_steps_100 - INFO - Batch:[111] Adversarial images for this batch already exist
2026-02-09 02:47:40,279 - ADV_Generation_eps_1.0_steps_100 - INFO - Batch 112/3783: Clean accuracy 0.8304 | Adv accuracy: 0.0000 
2026-02-09 02:47:40,281 - ADV_Generation_eps_1.0_steps_100 - INFO - Batch:[112] Adversarial images for this batch already exist
2026-02-09 02:47:40,453 - ADV_Generation_eps_1.0_steps_100 - INFO - Batch 113/3783: Clean accuracy 0.8319 | Adv accuracy: 0.0000 
2026-02-09 02:47:40,454 - ADV_Generation_eps_1.0_steps_100 - INFO - Batch:[113] Adversarial images for this batch already exist
2026-02-09 02:47:40,593 - ADV_Generation_eps_1.0_steps_100 - INFO - Batch 114/3783: Clean accuracy 0.8333 | Adv accuracy: 0.0000 
2026-02-09 02:47:40,594 - ADV_Generation_eps_1.0_steps_100 - INFO - Batch:[114] Adversarial images for this batch already exist
2026-02-09 02:47:40,740 - ADV_Generation_eps_1.0_steps_100 - INFO - Batch 115/3783: Clean accuracy 0.8348 | Adv accuracy: 0.0000 
2026-02-09 02:47:40,741 - ADV_Generation_eps_1.0_steps_100 - INFO - Batch:[115] Adversarial images for this batch already exist
2026-02-09 02:47:40,879 - ADV_Generation_eps_1.0_steps_100 - INFO - Batch 116/3783: Clean accuracy 0.8362 | Adv accuracy: 0.0000 
2026-02-09 02:47:40,880 - ADV_Generation_eps_1.0_steps_100 - INFO - Batch:[116] Adversarial images for this batch already exist
2026-02-09 02:47:41,015 - ADV_Generation_eps_1.0_steps_100 - INFO - Batch 117/3783: Clean accuracy 0.8291 | Adv accuracy: 0.0000 
2026-02-09 02:47:41,016 - ADV_Generation_eps_1.0_steps_100 - INFO - Batch:[117] Adversarial images for this batch already exist
2026-02-09 02:47:41,155 - ADV_Generation_eps_1.0_steps_100 - INFO - Batch 118/3783: Clean accuracy 0.8305 | Adv accuracy: 0.0000 
2026-02-09 02:47:41,156 - ADV_Generation_eps_1.0_steps_100 - INFO - Batch:[118] Adversarial images for this batch already exist
2026-02-09 02:47:41,307 - ADV_Generation_eps_1.0_steps_100 - INFO - Batch 119/3783: Clean accuracy 0.8319 | Adv accuracy: 0.0000 
2026-02-09 02:47:41,308 - ADV_Generation_eps_1.0_steps_100 - INFO - Batch:[119] Adversarial images for this batch already exist
2026-02-09 02:47:41,444 - ADV_Generation_eps_1.0_steps_100 - INFO - Batch 120/3783: Clean accuracy 0.8333 | Adv accuracy: 0.0000 
2026-02-09 02:47:41,445 - ADV_Generation_eps_1.0_steps_100 - INFO - Batch:[120] Adversarial images for this batch already exist
2026-02-09 02:47:41,598 - ADV_Generation_eps_1.0_steps_100 - INFO - Batch 121/3783: Clean accuracy 0.8347 | Adv accuracy: 0.0000 
2026-02-09 02:47:41,599 - ADV_Generation_eps_1.0_steps_100 - INFO - Batch:[121] Adversarial images for this batch already exist
2026-02-09 02:47:41,736 - ADV_Generation_eps_1.0_steps_100 - INFO - Batch 122/3783: Clean accuracy 0.8361 | Adv accuracy: 0.0000 
2026-02-09 02:47:41,737 - ADV_Generation_eps_1.0_steps_100 - INFO - Batch:[122] Adversarial images for this batch already exist
2026-02-09 02:47:41,894 - ADV_Generation_eps_1.0_steps_100 - INFO - Batch 123/3783: Clean accuracy 0.8374 | Adv accuracy: 0.0000 
2026-02-09 02:47:41,895 - ADV_Generation_eps_1.0_steps_100 - INFO - Batch:[123] Adversarial images for this batch already exist
2026-02-09 02:47:42,033 - ADV_Generation_eps_1.0_steps_100 - INFO - Batch 124/3783: Clean accuracy 0.8387 | Adv accuracy: 0.0000 
2026-02-09 02:47:42,034 - ADV_Generation_eps_1.0_steps_100 - INFO - Batch:[124] Adversarial images for this batch already exist
2026-02-09 02:47:42,175 - ADV_Generation_eps_1.0_steps_100 - INFO - Batch 125/3783: Clean accuracy 0.8400 | Adv accuracy: 0.0000 
2026-02-09 02:47:42,175 - ADV_Generation_eps_1.0_steps_100 - INFO - Batch:[125] Adversarial images for this batch already exist
2026-02-09 02:47:42,314 - ADV_Generation_eps_1.0_steps_100 - INFO - Batch 126/3783: Clean accuracy 0.8413 | Adv accuracy: 0.0000 
2026-02-09 02:47:42,315 - ADV_Generation_eps_1.0_steps_100 - INFO - Batch:[126] Adversarial images for this batch already exist
2026-02-09 02:47:42,456 - ADV_Generation_eps_1.0_steps_100 - INFO - Batch 127/3783: Clean accuracy 0.8425 | Adv accuracy: 0.0000 
2026-02-09 02:47:42,457 - ADV_Generation_eps_1.0_steps_100 - INFO - Batch:[127] Adversarial images for this batch already exist
2026-02-09 02:47:42,596 - ADV_Generation_eps_1.0_steps_100 - INFO - Batch 128/3783: Clean accuracy 0.8438 | Adv accuracy: 0.0000 
2026-02-09 02:47:42,597 - ADV_Generation_eps_1.0_steps_100 - INFO - Batch:[128] Adversarial images for this batch already exist
2026-02-09 02:47:42,732 - ADV_Generation_eps_1.0_steps_100 - INFO - Batch 129/3783: Clean accuracy 0.8450 | Adv accuracy: 0.0000 
2026-02-09 02:47:42,733 - ADV_Generation_eps_1.0_steps_100 - INFO - Batch:[129] Adversarial images for this batch already exist
2026-02-09 02:47:42,873 - ADV_Generation_eps_1.0_steps_100 - INFO - Batch 130/3783: Clean accuracy 0.8462 | Adv accuracy: 0.0000 
2026-02-09 02:47:42,874 - ADV_Generation_eps_1.0_steps_100 - INFO - Batch:[130] Adversarial images for this batch already exist
2026-02-09 02:47:43,009 - ADV_Generation_eps_1.0_steps_100 - INFO - Batch 131/3783: Clean accuracy 0.8473 | Adv accuracy: 0.0000 
2026-02-09 02:47:43,010 - ADV_Generation_eps_1.0_steps_100 - INFO - Batch:[131] Adversarial images for this batch already exist
2026-02-09 02:47:43,147 - ADV_Generation_eps_1.0_steps_100 - INFO - Batch 132/3783: Clean accuracy 0.8485 | Adv accuracy: 0.0000 
2026-02-09 02:47:43,150 - ADV_Generation_eps_1.0_steps_100 - INFO - Batch:[132] Adversarial images for this batch already exist
2026-02-09 02:47:43,295 - ADV_Generation_eps_1.0_steps_100 - INFO - Batch 133/3783: Clean accuracy 0.8496 | Adv accuracy: 0.0000 
2026-02-09 02:47:43,296 - ADV_Generation_eps_1.0_steps_100 - INFO - Batch:[133] Adversarial images for this batch already exist
2026-02-09 02:47:43,438 - ADV_Generation_eps_1.0_steps_100 - INFO - Batch 134/3783: Clean accuracy 0.8507 | Adv accuracy: 0.0000 
2026-02-09 02:47:43,439 - ADV_Generation_eps_1.0_steps_100 - INFO - Batch:[134] Adversarial images for this batch already exist
2026-02-09 02:47:43,582 - ADV_Generation_eps_1.0_steps_100 - INFO - Batch 135/3783: Clean accuracy 0.8519 | Adv accuracy: 0.0000 
2026-02-09 02:47:43,583 - ADV_Generation_eps_1.0_steps_100 - INFO - Batch:[135] Adversarial images for this batch already exist
2026-02-09 02:47:43,719 - ADV_Generation_eps_1.0_steps_100 - INFO - Batch 136/3783: Clean accuracy 0.8529 | Adv accuracy: 0.0000 
2026-02-09 02:47:43,720 - ADV_Generation_eps_1.0_steps_100 - INFO - Batch:[136] Adversarial images for this batch already exist
2026-02-09 02:47:43,867 - ADV_Generation_eps_1.0_steps_100 - INFO - Batch 137/3783: Clean accuracy 0.8540 | Adv accuracy: 0.0000 
2026-02-09 02:47:43,868 - ADV_Generation_eps_1.0_steps_100 - INFO - Batch:[137] Adversarial images for this batch already exist
2026-02-09 02:47:44,007 - ADV_Generation_eps_1.0_steps_100 - INFO - Batch 138/3783: Clean accuracy 0.8551 | Adv accuracy: 0.0000 
2026-02-09 02:47:44,010 - ADV_Generation_eps_1.0_steps_100 - INFO - Batch:[138] Adversarial images for this batch already exist
2026-02-09 02:47:44,207 - ADV_Generation_eps_1.0_steps_100 - INFO - Batch 139/3783: Clean accuracy 0.8561 | Adv accuracy: 0.0000 
2026-02-09 02:47:44,208 - ADV_Generation_eps_1.0_steps_100 - INFO - Batch:[139] Adversarial images for this batch already exist
2026-02-09 02:47:44,393 - ADV_Generation_eps_1.0_steps_100 - INFO - Batch 140/3783: Clean accuracy 0.8571 | Adv accuracy: 0.0000 
2026-02-09 02:47:44,394 - ADV_Generation_eps_1.0_steps_100 - INFO - Batch:[140] Adversarial images for this batch already exist
2026-02-09 02:47:44,548 - ADV_Generation_eps_1.0_steps_100 - INFO - Batch 141/3783: Clean accuracy 0.8582 | Adv accuracy: 0.0000 
2026-02-09 02:47:44,549 - ADV_Generation_eps_1.0_steps_100 - INFO - Batch:[141] Adversarial images for this batch already exist
2026-02-09 02:47:44,691 - ADV_Generation_eps_1.0_steps_100 - INFO - Batch 142/3783: Clean accuracy 0.8592 | Adv accuracy: 0.0000 
2026-02-09 02:47:44,692 - ADV_Generation_eps_1.0_steps_100 - INFO - Batch:[142] Adversarial images for this batch already exist
2026-02-09 02:47:44,832 - ADV_Generation_eps_1.0_steps_100 - INFO - Batch 143/3783: Clean accuracy 0.8601 | Adv accuracy: 0.0000 
2026-02-09 02:47:44,833 - ADV_Generation_eps_1.0_steps_100 - INFO - Batch:[143] Adversarial images for this batch already exist
2026-02-09 02:47:44,968 - ADV_Generation_eps_1.0_steps_100 - INFO - Batch 144/3783: Clean accuracy 0.8611 | Adv accuracy: 0.0000 
2026-02-09 02:47:44,970 - ADV_Generation_eps_1.0_steps_100 - INFO - Batch:[144] Adversarial images for this batch already exist
2026-02-09 02:47:45,104 - ADV_Generation_eps_1.0_steps_100 - INFO - Batch 145/3783: Clean accuracy 0.8621 | Adv accuracy: 0.0000 
2026-02-09 02:47:45,105 - ADV_Generation_eps_1.0_steps_100 - INFO - Batch:[145] Adversarial images for this batch already exist
2026-02-09 02:47:45,242 - ADV_Generation_eps_1.0_steps_100 - INFO - Batch 146/3783: Clean accuracy 0.8630 | Adv accuracy: 0.0000 
2026-02-09 02:47:45,243 - ADV_Generation_eps_1.0_steps_100 - INFO - Batch:[146] Adversarial images for this batch already exist
2026-02-09 02:47:45,412 - ADV_Generation_eps_1.0_steps_100 - INFO - Batch 147/3783: Clean accuracy 0.8639 | Adv accuracy: 0.0000 
2026-02-09 02:47:45,413 - ADV_Generation_eps_1.0_steps_100 - INFO - Batch:[147] Adversarial images for this batch already exist
2026-02-09 02:47:45,552 - ADV_Generation_eps_1.0_steps_100 - INFO - Batch 148/3783: Clean accuracy 0.8649 | Adv accuracy: 0.0000 
2026-02-09 02:47:45,553 - ADV_Generation_eps_1.0_steps_100 - INFO - Batch:[148] Adversarial images for this batch already exist
2026-02-09 02:47:45,692 - ADV_Generation_eps_1.0_steps_100 - INFO - Batch 149/3783: Clean accuracy 0.8658 | Adv accuracy: 0.0000 
2026-02-09 02:47:45,693 - ADV_Generation_eps_1.0_steps_100 - INFO - Batch:[149] Adversarial images for this batch already exist
2026-02-09 02:47:45,830 - ADV_Generation_eps_1.0_steps_100 - INFO - Batch 150/3783: Clean accuracy 0.8667 | Adv accuracy: 0.0000 
2026-02-09 02:47:45,831 - ADV_Generation_eps_1.0_steps_100 - INFO - Batch:[150] Adversarial images for this batch already exist
2026-02-09 02:47:46,066 - ADV_Generation_eps_1.0_steps_100 - INFO - Batch 151/3783: Clean accuracy 0.8675 | Adv accuracy: 0.0000 
2026-02-09 02:47:46,067 - ADV_Generation_eps_1.0_steps_100 - INFO - Batch:[151] Adversarial images for this batch already exist
2026-02-09 02:47:46,205 - ADV_Generation_eps_1.0_steps_100 - INFO - Batch 152/3783: Clean accuracy 0.8684 | Adv accuracy: 0.0000 
2026-02-09 02:47:46,206 - ADV_Generation_eps_1.0_steps_100 - INFO - Batch:[152] Adversarial images for this batch already exist
2026-02-09 02:47:46,345 - ADV_Generation_eps_1.0_steps_100 - INFO - Batch 153/3783: Clean accuracy 0.8627 | Adv accuracy: 0.0000 
2026-02-09 02:47:46,346 - ADV_Generation_eps_1.0_steps_100 - INFO - Batch:[153] Adversarial images for this batch already exist
2026-02-09 02:47:46,485 - ADV_Generation_eps_1.0_steps_100 - INFO - Batch 154/3783: Clean accuracy 0.8571 | Adv accuracy: 0.0000 
2026-02-09 02:47:46,486 - ADV_Generation_eps_1.0_steps_100 - INFO - Batch:[154] Adversarial images for this batch already exist
2026-02-09 02:47:46,624 - ADV_Generation_eps_1.0_steps_100 - INFO - Batch 155/3783: Clean accuracy 0.8516 | Adv accuracy: 0.0000 
2026-02-09 02:47:46,625 - ADV_Generation_eps_1.0_steps_100 - INFO - Batch:[155] Adversarial images for this batch already exist
2026-02-09 02:47:46,765 - ADV_Generation_eps_1.0_steps_100 - INFO - Batch 156/3783: Clean accuracy 0.8462 | Adv accuracy: 0.0000 
2026-02-09 02:47:46,766 - ADV_Generation_eps_1.0_steps_100 - INFO - Batch:[156] Adversarial images for this batch already exist
2026-02-09 02:47:46,904 - ADV_Generation_eps_1.0_steps_100 - INFO - Batch 157/3783: Clean accuracy 0.8408 | Adv accuracy: 0.0000 
2026-02-09 02:47:46,905 - ADV_Generation_eps_1.0_steps_100 - INFO - Batch:[157] Adversarial images for this batch already exist
2026-02-09 02:47:47,043 - ADV_Generation_eps_1.0_steps_100 - INFO - Batch 158/3783: Clean accuracy 0.8354 | Adv accuracy: 0.0000 
2026-02-09 02:47:47,044 - ADV_Generation_eps_1.0_steps_100 - INFO - Batch:[158] Adversarial images for this batch already exist
2026-02-09 02:47:47,284 - ADV_Generation_eps_1.0_steps_100 - INFO - Batch 159/3783: Clean accuracy 0.8365 | Adv accuracy: 0.0000 
2026-02-09 02:47:47,285 - ADV_Generation_eps_1.0_steps_100 - INFO - Batch:[159] Adversarial images for this batch already exist
2026-02-09 02:47:47,461 - ADV_Generation_eps_1.0_steps_100 - INFO - Batch 160/3783: Clean accuracy 0.8313 | Adv accuracy: 0.0000 
2026-02-09 02:47:47,462 - ADV_Generation_eps_1.0_steps_100 - INFO - Batch:[160] Adversarial images for this batch already exist
2026-02-09 02:47:47,604 - ADV_Generation_eps_1.0_steps_100 - INFO - Batch 161/3783: Clean accuracy 0.8323 | Adv accuracy: 0.0000 
2026-02-09 02:47:47,605 - ADV_Generation_eps_1.0_steps_100 - INFO - Batch:[161] Adversarial images for this batch already exist
2026-02-09 02:47:47,744 - ADV_Generation_eps_1.0_steps_100 - INFO - Batch 162/3783: Clean accuracy 0.8272 | Adv accuracy: 0.0000 
2026-02-09 02:47:47,745 - ADV_Generation_eps_1.0_steps_100 - INFO - Batch:[162] Adversarial images for this batch already exist
2026-02-09 02:47:47,882 - ADV_Generation_eps_1.0_steps_100 - INFO - Batch 163/3783: Clean accuracy 0.8282 | Adv accuracy: 0.0000 
2026-02-09 02:47:47,883 - ADV_Generation_eps_1.0_steps_100 - INFO - Batch:[163] Adversarial images for this batch already exist
2026-02-09 02:47:48,016 - ADV_Generation_eps_1.0_steps_100 - INFO - Batch 164/3783: Clean accuracy 0.8232 | Adv accuracy: 0.0000 
2026-02-09 02:47:48,017 - ADV_Generation_eps_1.0_steps_100 - INFO - Batch:[164] Adversarial images for this batch already exist
2026-02-09 02:47:48,155 - ADV_Generation_eps_1.0_steps_100 - INFO - Batch 165/3783: Clean accuracy 0.8182 | Adv accuracy: 0.0000 
2026-02-09 02:47:48,156 - ADV_Generation_eps_1.0_steps_100 - INFO - Batch:[165] Adversarial images for this batch already exist
2026-02-09 02:47:48,293 - ADV_Generation_eps_1.0_steps_100 - INFO - Batch 166/3783: Clean accuracy 0.8133 | Adv accuracy: 0.0000 
2026-02-09 02:47:48,294 - ADV_Generation_eps_1.0_steps_100 - INFO - Batch:[166] Adversarial images for this batch already exist
2026-02-09 02:47:48,434 - ADV_Generation_eps_1.0_steps_100 - INFO - Batch 167/3783: Clean accuracy 0.8084 | Adv accuracy: 0.0000 
2026-02-09 02:47:48,435 - ADV_Generation_eps_1.0_steps_100 - INFO - Batch:[167] Adversarial images for this batch already exist
2026-02-09 02:47:48,577 - ADV_Generation_eps_1.0_steps_100 - INFO - Batch 168/3783: Clean accuracy 0.8095 | Adv accuracy: 0.0000 
2026-02-09 02:47:48,578 - ADV_Generation_eps_1.0_steps_100 - INFO - Batch:[168] Adversarial images for this batch already exist
2026-02-09 02:47:48,715 - ADV_Generation_eps_1.0_steps_100 - INFO - Batch 169/3783: Clean accuracy 0.8047 | Adv accuracy: 0.0000 
2026-02-09 02:47:48,716 - ADV_Generation_eps_1.0_steps_100 - INFO - Batch:[169] Adversarial images for this batch already exist
2026-02-09 02:47:48,863 - ADV_Generation_eps_1.0_steps_100 - INFO - Batch 170/3783: Clean accuracy 0.8000 | Adv accuracy: 0.0000 
2026-02-09 02:47:48,864 - ADV_Generation_eps_1.0_steps_100 - INFO - Batch:[170] Adversarial images for this batch already exist
2026-02-09 02:47:49,011 - ADV_Generation_eps_1.0_steps_100 - INFO - Batch 171/3783: Clean accuracy 0.7953 | Adv accuracy: 0.0000 
2026-02-09 02:47:49,011 - ADV_Generation_eps_1.0_steps_100 - INFO - Batch:[171] Adversarial images for this batch already exist
2026-02-09 02:47:49,151 - ADV_Generation_eps_1.0_steps_100 - INFO - Batch 172/3783: Clean accuracy 0.7907 | Adv accuracy: 0.0000 
2026-02-09 02:47:49,152 - ADV_Generation_eps_1.0_steps_100 - INFO - Batch:[172] Adversarial images for this batch already exist
2026-02-09 02:47:49,288 - ADV_Generation_eps_1.0_steps_100 - INFO - Batch 173/3783: Clean accuracy 0.7861 | Adv accuracy: 0.0000 
2026-02-09 02:47:49,289 - ADV_Generation_eps_1.0_steps_100 - INFO - Batch:[173] Adversarial images for this batch already exist
2026-02-09 02:47:49,442 - ADV_Generation_eps_1.0_steps_100 - INFO - Batch 174/3783: Clean accuracy 0.7816 | Adv accuracy: 0.0000 
2026-02-09 02:47:49,444 - ADV_Generation_eps_1.0_steps_100 - INFO - Batch:[174] Adversarial images for this batch already exist
2026-02-09 02:47:49,588 - ADV_Generation_eps_1.0_steps_100 - INFO - Batch 175/3783: Clean accuracy 0.7771 | Adv accuracy: 0.0000 
2026-02-09 02:47:49,589 - ADV_Generation_eps_1.0_steps_100 - INFO - Batch:[175] Adversarial images for this batch already exist
2026-02-09 02:47:49,725 - ADV_Generation_eps_1.0_steps_100 - INFO - Batch 176/3783: Clean accuracy 0.7727 | Adv accuracy: 0.0000 
2026-02-09 02:47:49,726 - ADV_Generation_eps_1.0_steps_100 - INFO - Batch:[176] Adversarial images for this batch already exist
2026-02-09 02:47:49,862 - ADV_Generation_eps_1.0_steps_100 - INFO - Batch 177/3783: Clean accuracy 0.7684 | Adv accuracy: 0.0000 
2026-02-09 02:47:49,863 - ADV_Generation_eps_1.0_steps_100 - INFO - Batch:[177] Adversarial images for this batch already exist
2026-02-09 02:47:50,025 - ADV_Generation_eps_1.0_steps_100 - INFO - Batch 178/3783: Clean accuracy 0.7640 | Adv accuracy: 0.0000 
2026-02-09 02:47:50,026 - ADV_Generation_eps_1.0_steps_100 - INFO - Batch:[178] Adversarial images for this batch already exist
2026-02-09 02:47:50,165 - ADV_Generation_eps_1.0_steps_100 - INFO - Batch 179/3783: Clean accuracy 0.7598 | Adv accuracy: 0.0000 
2026-02-09 02:47:50,166 - ADV_Generation_eps_1.0_steps_100 - INFO - Batch:[179] Adversarial images for this batch already exist
2026-02-09 02:47:50,304 - ADV_Generation_eps_1.0_steps_100 - INFO - Batch 180/3783: Clean accuracy 0.7556 | Adv accuracy: 0.0000 
2026-02-09 02:47:50,305 - ADV_Generation_eps_1.0_steps_100 - INFO - Batch:[180] Adversarial images for this batch already exist
2026-02-09 02:47:50,449 - ADV_Generation_eps_1.0_steps_100 - INFO - Batch 181/3783: Clean accuracy 0.7514 | Adv accuracy: 0.0000 
2026-02-09 02:47:50,450 - ADV_Generation_eps_1.0_steps_100 - INFO - Batch:[181] Adversarial images for this batch already exist
2026-02-09 02:47:50,596 - ADV_Generation_eps_1.0_steps_100 - INFO - Batch 182/3783: Clean accuracy 0.7473 | Adv accuracy: 0.0000 
2026-02-09 02:47:50,597 - ADV_Generation_eps_1.0_steps_100 - INFO - Batch:[182] Adversarial images for this batch already exist
2026-02-09 02:47:50,734 - ADV_Generation_eps_1.0_steps_100 - INFO - Batch 183/3783: Clean accuracy 0.7432 | Adv accuracy: 0.0000 
2026-02-09 02:47:50,735 - ADV_Generation_eps_1.0_steps_100 - INFO - Batch:[183] Adversarial images for this batch already exist
2026-02-09 02:47:50,873 - ADV_Generation_eps_1.0_steps_100 - INFO - Batch 184/3783: Clean accuracy 0.7446 | Adv accuracy: 0.0000 
2026-02-09 02:47:50,874 - ADV_Generation_eps_1.0_steps_100 - INFO - Batch:[184] Adversarial images for this batch already exist
2026-02-09 02:47:51,015 - ADV_Generation_eps_1.0_steps_100 - INFO - Batch 185/3783: Clean accuracy 0.7459 | Adv accuracy: 0.0000 
2026-02-09 02:47:51,017 - ADV_Generation_eps_1.0_steps_100 - INFO - Batch:[185] Adversarial images for this batch already exist
2026-02-09 02:47:51,161 - ADV_Generation_eps_1.0_steps_100 - INFO - Batch 186/3783: Clean accuracy 0.7473 | Adv accuracy: 0.0000 
2026-02-09 02:47:51,162 - ADV_Generation_eps_1.0_steps_100 - INFO - Batch:[186] Adversarial images for this batch already exist
2026-02-09 02:47:51,300 - ADV_Generation_eps_1.0_steps_100 - INFO - Batch 187/3783: Clean accuracy 0.7487 | Adv accuracy: 0.0000 
2026-02-09 02:47:51,301 - ADV_Generation_eps_1.0_steps_100 - INFO - Batch:[187] Adversarial images for this batch already exist
2026-02-09 02:47:51,436 - ADV_Generation_eps_1.0_steps_100 - INFO - Batch 188/3783: Clean accuracy 0.7500 | Adv accuracy: 0.0000 
2026-02-09 02:47:51,437 - ADV_Generation_eps_1.0_steps_100 - INFO - Batch:[188] Adversarial images for this batch already exist
2026-02-09 02:47:51,572 - ADV_Generation_eps_1.0_steps_100 - INFO - Batch 189/3783: Clean accuracy 0.7513 | Adv accuracy: 0.0000 
2026-02-09 02:47:51,573 - ADV_Generation_eps_1.0_steps_100 - INFO - Batch:[189] Adversarial images for this batch already exist
2026-02-09 02:47:51,710 - ADV_Generation_eps_1.0_steps_100 - INFO - Batch 190/3783: Clean accuracy 0.7526 | Adv accuracy: 0.0000 
2026-02-09 02:47:51,711 - ADV_Generation_eps_1.0_steps_100 - INFO - Batch:[190] Adversarial images for this batch already exist
2026-02-09 02:47:51,847 - ADV_Generation_eps_1.0_steps_100 - INFO - Batch 191/3783: Clean accuracy 0.7539 | Adv accuracy: 0.0000 
2026-02-09 02:47:51,848 - ADV_Generation_eps_1.0_steps_100 - INFO - Batch:[191] Adversarial images for this batch already exist
2026-02-09 02:47:51,995 - ADV_Generation_eps_1.0_steps_100 - INFO - Batch 192/3783: Clean accuracy 0.7552 | Adv accuracy: 0.0000 
2026-02-09 02:47:51,996 - ADV_Generation_eps_1.0_steps_100 - INFO - Batch:[192] Adversarial images for this batch already exist
2026-02-09 02:47:52,142 - ADV_Generation_eps_1.0_steps_100 - INFO - Batch 193/3783: Clean accuracy 0.7565 | Adv accuracy: 0.0000 
2026-02-09 02:47:52,143 - ADV_Generation_eps_1.0_steps_100 - INFO - Batch:[193] Adversarial images for this batch already exist
2026-02-09 02:47:52,282 - ADV_Generation_eps_1.0_steps_100 - INFO - Batch 194/3783: Clean accuracy 0.7577 | Adv accuracy: 0.0000 
2026-02-09 02:47:52,283 - ADV_Generation_eps_1.0_steps_100 - INFO - Batch:[194] Adversarial images for this batch already exist
2026-02-09 02:47:52,421 - ADV_Generation_eps_1.0_steps_100 - INFO - Batch 195/3783: Clean accuracy 0.7590 | Adv accuracy: 0.0000 
2026-02-09 02:47:52,422 - ADV_Generation_eps_1.0_steps_100 - INFO - Batch:[195] Adversarial images for this batch already exist
2026-02-09 02:47:52,560 - ADV_Generation_eps_1.0_steps_100 - INFO - Batch 196/3783: Clean accuracy 0.7602 | Adv accuracy: 0.0000 
2026-02-09 02:47:52,561 - ADV_Generation_eps_1.0_steps_100 - INFO - Batch:[196] Adversarial images for this batch already exist
2026-02-09 02:47:52,702 - ADV_Generation_eps_1.0_steps_100 - INFO - Batch 197/3783: Clean accuracy 0.7614 | Adv accuracy: 0.0000 
2026-02-09 02:47:52,703 - ADV_Generation_eps_1.0_steps_100 - INFO - Batch:[197] Adversarial images for this batch already exist
2026-02-09 02:47:52,841 - ADV_Generation_eps_1.0_steps_100 - INFO - Batch 198/3783: Clean accuracy 0.7626 | Adv accuracy: 0.0000 
2026-02-09 02:47:52,842 - ADV_Generation_eps_1.0_steps_100 - INFO - Batch:[198] Adversarial images for this batch already exist
2026-02-09 02:47:52,986 - ADV_Generation_eps_1.0_steps_100 - INFO - Batch 199/3783: Clean accuracy 0.7638 | Adv accuracy: 0.0000 
2026-02-09 02:47:52,987 - ADV_Generation_eps_1.0_steps_100 - INFO - Batch:[199] Adversarial images for this batch already exist
2026-02-09 02:47:53,124 - ADV_Generation_eps_1.0_steps_100 - INFO - Batch 200/3783: Clean accuracy 0.7600 | Adv accuracy: 0.0000 
2026-02-09 02:47:53,125 - ADV_Generation_eps_1.0_steps_100 - INFO - Batch:[200] Adversarial images for this batch already exist
2026-02-09 02:47:53,271 - ADV_Generation_eps_1.0_steps_100 - INFO - Batch 201/3783: Clean accuracy 0.7612 | Adv accuracy: 0.0000 
2026-02-09 02:47:53,272 - ADV_Generation_eps_1.0_steps_100 - INFO - Batch:[201] Adversarial images for this batch already exist
2026-02-09 02:47:53,413 - ADV_Generation_eps_1.0_steps_100 - INFO - Batch 202/3783: Clean accuracy 0.7624 | Adv accuracy: 0.0000 
2026-02-09 02:47:53,414 - ADV_Generation_eps_1.0_steps_100 - INFO - Batch:[202] Adversarial images for this batch already exist
2026-02-09 02:47:53,561 - ADV_Generation_eps_1.0_steps_100 - INFO - Batch 203/3783: Clean accuracy 0.7635 | Adv accuracy: 0.0000 
2026-02-09 02:47:53,562 - ADV_Generation_eps_1.0_steps_100 - INFO - Batch:[203] Adversarial images for this batch already exist
2026-02-09 02:47:53,700 - ADV_Generation_eps_1.0_steps_100 - INFO - Batch 204/3783: Clean accuracy 0.7647 | Adv accuracy: 0.0000 
2026-02-09 02:47:53,701 - ADV_Generation_eps_1.0_steps_100 - INFO - Batch:[204] Adversarial images for this batch already exist
2026-02-09 02:47:53,852 - ADV_Generation_eps_1.0_steps_100 - INFO - Batch 205/3783: Clean accuracy 0.7610 | Adv accuracy: 0.0000 
2026-02-09 02:47:53,853 - ADV_Generation_eps_1.0_steps_100 - INFO - Batch:[205] Adversarial images for this batch already exist
2026-02-09 02:47:53,986 - ADV_Generation_eps_1.0_steps_100 - INFO - Batch 206/3783: Clean accuracy 0.7621 | Adv accuracy: 0.0000 
2026-02-09 02:47:53,986 - ADV_Generation_eps_1.0_steps_100 - INFO - Batch:[206] Adversarial images for this batch already exist
2026-02-09 02:47:54,124 - ADV_Generation_eps_1.0_steps_100 - INFO - Batch 207/3783: Clean accuracy 0.7633 | Adv accuracy: 0.0000 
2026-02-09 02:47:54,125 - ADV_Generation_eps_1.0_steps_100 - INFO - Batch:[207] Adversarial images for this batch already exist
2026-02-09 02:47:54,268 - ADV_Generation_eps_1.0_steps_100 - INFO - Batch 208/3783: Clean accuracy 0.7644 | Adv accuracy: 0.0000 
2026-02-09 02:47:54,269 - ADV_Generation_eps_1.0_steps_100 - INFO - Batch:[208] Adversarial images for this batch already exist
2026-02-09 02:47:54,408 - ADV_Generation_eps_1.0_steps_100 - INFO - Batch 209/3783: Clean accuracy 0.7656 | Adv accuracy: 0.0000 
2026-02-09 02:47:54,409 - ADV_Generation_eps_1.0_steps_100 - INFO - Batch:[209] Adversarial images for this batch already exist
2026-02-09 02:47:54,546 - ADV_Generation_eps_1.0_steps_100 - INFO - Batch 210/3783: Clean accuracy 0.7667 | Adv accuracy: 0.0000 
2026-02-09 02:47:54,547 - ADV_Generation_eps_1.0_steps_100 - INFO - Batch:[210] Adversarial images for this batch already exist
2026-02-09 02:47:54,684 - ADV_Generation_eps_1.0_steps_100 - INFO - Batch 211/3783: Clean accuracy 0.7678 | Adv accuracy: 0.0000 
2026-02-09 02:47:54,685 - ADV_Generation_eps_1.0_steps_100 - INFO - Batch:[211] Adversarial images for this batch already exist
2026-02-09 02:47:54,822 - ADV_Generation_eps_1.0_steps_100 - INFO - Batch 212/3783: Clean accuracy 0.7689 | Adv accuracy: 0.0000 
2026-02-09 02:47:54,823 - ADV_Generation_eps_1.0_steps_100 - INFO - Batch:[212] Adversarial images for this batch already exist
2026-02-09 02:47:54,959 - ADV_Generation_eps_1.0_steps_100 - INFO - Batch 213/3783: Clean accuracy 0.7700 | Adv accuracy: 0.0000 
2026-02-09 02:47:54,960 - ADV_Generation_eps_1.0_steps_100 - INFO - Batch:[213] Adversarial images for this batch already exist
2026-02-09 02:47:55,098 - ADV_Generation_eps_1.0_steps_100 - INFO - Batch 214/3783: Clean accuracy 0.7710 | Adv accuracy: 0.0000 
2026-02-09 02:47:55,099 - ADV_Generation_eps_1.0_steps_100 - INFO - Batch:[214] Adversarial images for this batch already exist
2026-02-09 02:47:55,242 - ADV_Generation_eps_1.0_steps_100 - INFO - Batch 215/3783: Clean accuracy 0.7721 | Adv accuracy: 0.0000 
2026-02-09 02:47:55,243 - ADV_Generation_eps_1.0_steps_100 - INFO - Batch:[215] Adversarial images for this batch already exist
2026-02-09 02:47:55,383 - ADV_Generation_eps_1.0_steps_100 - INFO - Batch 216/3783: Clean accuracy 0.7731 | Adv accuracy: 0.0000 
2026-02-09 02:47:55,385 - ADV_Generation_eps_1.0_steps_100 - INFO - Batch:[216] Adversarial images for this batch already exist
2026-02-09 02:47:55,532 - ADV_Generation_eps_1.0_steps_100 - INFO - Batch 217/3783: Clean accuracy 0.7742 | Adv accuracy: 0.0000 
2026-02-09 02:47:55,533 - ADV_Generation_eps_1.0_steps_100 - INFO - Batch:[217] Adversarial images for this batch already exist
2026-02-09 02:47:55,669 - ADV_Generation_eps_1.0_steps_100 - INFO - Batch 218/3783: Clean accuracy 0.7752 | Adv accuracy: 0.0000 
2026-02-09 02:47:55,671 - ADV_Generation_eps_1.0_steps_100 - INFO - Batch:[218] Adversarial images for this batch already exist
2026-02-09 02:47:56,273 - ADV_Generation_eps_1.0_steps_100 - INFO - Batch 219/3783: Clean accuracy 0.7717 | Adv accuracy: 0.0000 
2026-02-09 02:47:56,274 - ADV_Generation_eps_1.0_steps_100 - INFO - Batch:[219] Adversarial images for this batch already exist
2026-02-09 02:47:56,413 - ADV_Generation_eps_1.0_steps_100 - INFO - Batch 220/3783: Clean accuracy 0.7727 | Adv accuracy: 0.0000 
2026-02-09 02:47:56,414 - ADV_Generation_eps_1.0_steps_100 - INFO - Batch:[220] Adversarial images for this batch already exist
2026-02-09 02:47:56,606 - ADV_Generation_eps_1.0_steps_100 - INFO - Batch 221/3783: Clean accuracy 0.7738 | Adv accuracy: 0.0000 
2026-02-09 02:47:56,607 - ADV_Generation_eps_1.0_steps_100 - INFO - Batch:[221] Adversarial images for this batch already exist
2026-02-09 02:47:56,744 - ADV_Generation_eps_1.0_steps_100 - INFO - Batch 222/3783: Clean accuracy 0.7748 | Adv accuracy: 0.0000 
2026-02-09 02:47:56,746 - ADV_Generation_eps_1.0_steps_100 - INFO - Batch:[222] Adversarial images for this batch already exist
2026-02-09 02:47:56,910 - ADV_Generation_eps_1.0_steps_100 - INFO - Batch 223/3783: Clean accuracy 0.7758 | Adv accuracy: 0.0000 
2026-02-09 02:47:56,911 - ADV_Generation_eps_1.0_steps_100 - INFO - Batch:[223] Adversarial images for this batch already exist
2026-02-09 02:47:57,050 - ADV_Generation_eps_1.0_steps_100 - INFO - Batch 224/3783: Clean accuracy 0.7768 | Adv accuracy: 0.0000 
2026-02-09 02:47:57,051 - ADV_Generation_eps_1.0_steps_100 - INFO - Batch:[224] Adversarial images for this batch already exist
2026-02-09 02:47:57,192 - ADV_Generation_eps_1.0_steps_100 - INFO - Batch 225/3783: Clean accuracy 0.7778 | Adv accuracy: 0.0000 
2026-02-09 02:47:57,193 - ADV_Generation_eps_1.0_steps_100 - INFO - Batch:[225] Adversarial images for this batch already exist
2026-02-09 02:47:57,335 - ADV_Generation_eps_1.0_steps_100 - INFO - Batch 226/3783: Clean accuracy 0.7788 | Adv accuracy: 0.0000 
2026-02-09 02:47:57,336 - ADV_Generation_eps_1.0_steps_100 - INFO - Batch:[226] Adversarial images for this batch already exist
2026-02-09 02:47:57,566 - ADV_Generation_eps_1.0_steps_100 - INFO - Batch 227/3783: Clean accuracy 0.7753 | Adv accuracy: 0.0000 
2026-02-09 02:47:57,567 - ADV_Generation_eps_1.0_steps_100 - INFO - Batch:[227] Adversarial images for this batch already exist
2026-02-09 02:47:57,705 - ADV_Generation_eps_1.0_steps_100 - INFO - Batch 228/3783: Clean accuracy 0.7719 | Adv accuracy: 0.0000 
2026-02-09 02:47:57,706 - ADV_Generation_eps_1.0_steps_100 - INFO - Batch:[228] Adversarial images for this batch already exist
2026-02-09 02:47:57,860 - ADV_Generation_eps_1.0_steps_100 - INFO - Batch 229/3783: Clean accuracy 0.7686 | Adv accuracy: 0.0000 
2026-02-09 02:47:57,861 - ADV_Generation_eps_1.0_steps_100 - INFO - Batch:[229] Adversarial images for this batch already exist
2026-02-09 02:47:58,001 - ADV_Generation_eps_1.0_steps_100 - INFO - Batch 230/3783: Clean accuracy 0.7652 | Adv accuracy: 0.0000 
2026-02-09 02:47:58,002 - ADV_Generation_eps_1.0_steps_100 - INFO - Batch:[230] Adversarial images for this batch already exist
2026-02-09 02:47:58,140 - ADV_Generation_eps_1.0_steps_100 - INFO - Batch 231/3783: Clean accuracy 0.7619 | Adv accuracy: 0.0000 
2026-02-09 02:47:58,140 - ADV_Generation_eps_1.0_steps_100 - INFO - Batch:[231] Adversarial images for this batch already exist
2026-02-09 02:47:58,277 - ADV_Generation_eps_1.0_steps_100 - INFO - Batch 232/3783: Clean accuracy 0.7586 | Adv accuracy: 0.0000 
2026-02-09 02:47:58,278 - ADV_Generation_eps_1.0_steps_100 - INFO - Batch:[232] Adversarial images for this batch already exist
2026-02-09 02:47:58,412 - ADV_Generation_eps_1.0_steps_100 - INFO - Batch 233/3783: Clean accuracy 0.7597 | Adv accuracy: 0.0000 
2026-02-09 02:47:58,412 - ADV_Generation_eps_1.0_steps_100 - INFO - Batch:[233] Adversarial images for this batch already exist
2026-02-09 02:47:58,550 - ADV_Generation_eps_1.0_steps_100 - INFO - Batch 234/3783: Clean accuracy 0.7607 | Adv accuracy: 0.0000 
2026-02-09 02:47:58,551 - ADV_Generation_eps_1.0_steps_100 - INFO - Batch:[234] Adversarial images for this batch already exist
2026-02-09 02:47:58,693 - ADV_Generation_eps_1.0_steps_100 - INFO - Batch 235/3783: Clean accuracy 0.7617 | Adv accuracy: 0.0000 
2026-02-09 02:47:58,694 - ADV_Generation_eps_1.0_steps_100 - INFO - Batch:[235] Adversarial images for this batch already exist
2026-02-09 02:47:58,836 - ADV_Generation_eps_1.0_steps_100 - INFO - Batch 236/3783: Clean accuracy 0.7627 | Adv accuracy: 0.0000 
2026-02-09 02:47:58,837 - ADV_Generation_eps_1.0_steps_100 - INFO - Batch:[236] Adversarial images for this batch already exist
2026-02-09 02:47:58,979 - ADV_Generation_eps_1.0_steps_100 - INFO - Batch 237/3783: Clean accuracy 0.7637 | Adv accuracy: 0.0000 
2026-02-09 02:47:58,980 - ADV_Generation_eps_1.0_steps_100 - INFO - Batch:[237] Adversarial images for this batch already exist
2026-02-09 02:47:59,120 - ADV_Generation_eps_1.0_steps_100 - INFO - Batch 238/3783: Clean accuracy 0.7647 | Adv accuracy: 0.0000 
2026-02-09 02:47:59,121 - ADV_Generation_eps_1.0_steps_100 - INFO - Batch:[238] Adversarial images for this batch already exist
2026-02-09 02:47:59,259 - ADV_Generation_eps_1.0_steps_100 - INFO - Batch 239/3783: Clean accuracy 0.7657 | Adv accuracy: 0.0000 
2026-02-09 02:47:59,260 - ADV_Generation_eps_1.0_steps_100 - INFO - Batch:[239] Adversarial images for this batch already exist
2026-02-09 02:47:59,401 - ADV_Generation_eps_1.0_steps_100 - INFO - Batch 240/3783: Clean accuracy 0.7667 | Adv accuracy: 0.0000 
2026-02-09 02:47:59,402 - ADV_Generation_eps_1.0_steps_100 - INFO - Batch:[240] Adversarial images for this batch already exist
2026-02-09 02:47:59,545 - ADV_Generation_eps_1.0_steps_100 - INFO - Batch 241/3783: Clean accuracy 0.7676 | Adv accuracy: 0.0000 
2026-02-09 02:47:59,546 - ADV_Generation_eps_1.0_steps_100 - INFO - Batch:[241] Adversarial images for this batch already exist
2026-02-09 02:47:59,686 - ADV_Generation_eps_1.0_steps_100 - INFO - Batch 242/3783: Clean accuracy 0.7686 | Adv accuracy: 0.0000 
2026-02-09 02:47:59,687 - ADV_Generation_eps_1.0_steps_100 - INFO - Batch:[242] Adversarial images for this batch already exist
2026-02-09 02:47:59,831 - ADV_Generation_eps_1.0_steps_100 - INFO - Batch 243/3783: Clean accuracy 0.7695 | Adv accuracy: 0.0000 
2026-02-09 02:47:59,832 - ADV_Generation_eps_1.0_steps_100 - INFO - Batch:[243] Adversarial images for this batch already exist
2026-02-09 02:47:59,969 - ADV_Generation_eps_1.0_steps_100 - INFO - Batch 244/3783: Clean accuracy 0.7705 | Adv accuracy: 0.0000 
2026-02-09 02:47:59,970 - ADV_Generation_eps_1.0_steps_100 - INFO - Batch:[244] Adversarial images for this batch already exist
2026-02-09 02:48:00,118 - ADV_Generation_eps_1.0_steps_100 - INFO - Batch 245/3783: Clean accuracy 0.7714 | Adv accuracy: 0.0000 
2026-02-09 02:48:00,119 - ADV_Generation_eps_1.0_steps_100 - INFO - Batch:[245] Adversarial images for this batch already exist
2026-02-09 02:48:00,259 - ADV_Generation_eps_1.0_steps_100 - INFO - Batch 246/3783: Clean accuracy 0.7724 | Adv accuracy: 0.0000 
2026-02-09 02:48:00,260 - ADV_Generation_eps_1.0_steps_100 - INFO - Batch:[246] Adversarial images for this batch already exist
2026-02-09 02:48:00,400 - ADV_Generation_eps_1.0_steps_100 - INFO - Batch 247/3783: Clean accuracy 0.7733 | Adv accuracy: 0.0000 
2026-02-09 02:48:00,401 - ADV_Generation_eps_1.0_steps_100 - INFO - Batch:[247] Adversarial images for this batch already exist
2026-02-09 02:48:00,542 - ADV_Generation_eps_1.0_steps_100 - INFO - Batch 248/3783: Clean accuracy 0.7742 | Adv accuracy: 0.0000 
2026-02-09 02:48:00,543 - ADV_Generation_eps_1.0_steps_100 - INFO - Batch:[248] Adversarial images for this batch already exist
2026-02-09 02:48:00,681 - ADV_Generation_eps_1.0_steps_100 - INFO - Batch 249/3783: Clean accuracy 0.7751 | Adv accuracy: 0.0000 
2026-02-09 02:48:00,683 - ADV_Generation_eps_1.0_steps_100 - INFO - Batch:[249] Adversarial images for this batch already exist
2026-02-09 02:48:00,823 - ADV_Generation_eps_1.0_steps_100 - INFO - Batch 250/3783: Clean accuracy 0.7760 | Adv accuracy: 0.0000 
2026-02-09 02:48:00,824 - ADV_Generation_eps_1.0_steps_100 - INFO - Batch:[250] Adversarial images for this batch already exist
2026-02-09 02:48:00,962 - ADV_Generation_eps_1.0_steps_100 - INFO - Batch 251/3783: Clean accuracy 0.7769 | Adv accuracy: 0.0000 
2026-02-09 02:48:00,963 - ADV_Generation_eps_1.0_steps_100 - INFO - Batch:[251] Adversarial images for this batch already exist
2026-02-09 02:48:01,101 - ADV_Generation_eps_1.0_steps_100 - INFO - Batch 252/3783: Clean accuracy 0.7778 | Adv accuracy: 0.0000 
2026-02-09 02:48:01,102 - ADV_Generation_eps_1.0_steps_100 - INFO - Batch:[252] Adversarial images for this batch already exist
2026-02-09 02:48:01,241 - ADV_Generation_eps_1.0_steps_100 - INFO - Batch 253/3783: Clean accuracy 0.7787 | Adv accuracy: 0.0000 
2026-02-09 02:48:01,242 - ADV_Generation_eps_1.0_steps_100 - INFO - Batch:[253] Adversarial images for this batch already exist
2026-02-09 02:48:01,388 - ADV_Generation_eps_1.0_steps_100 - INFO - Batch 254/3783: Clean accuracy 0.7795 | Adv accuracy: 0.0000 
2026-02-09 02:48:01,389 - ADV_Generation_eps_1.0_steps_100 - INFO - Batch:[254] Adversarial images for this batch already exist
2026-02-09 02:48:01,534 - ADV_Generation_eps_1.0_steps_100 - INFO - Batch 255/3783: Clean accuracy 0.7804 | Adv accuracy: 0.0000 
2026-02-09 02:48:01,535 - ADV_Generation_eps_1.0_steps_100 - INFO - Batch:[255] Adversarial images for this batch already exist
2026-02-09 02:48:01,674 - ADV_Generation_eps_1.0_steps_100 - INFO - Batch 256/3783: Clean accuracy 0.7812 | Adv accuracy: 0.0000 
2026-02-09 02:48:01,675 - ADV_Generation_eps_1.0_steps_100 - INFO - Batch:[256] Adversarial images for this batch already exist
2026-02-09 02:48:01,819 - ADV_Generation_eps_1.0_steps_100 - INFO - Batch 257/3783: Clean accuracy 0.7821 | Adv accuracy: 0.0000 
2026-02-09 02:48:01,820 - ADV_Generation_eps_1.0_steps_100 - INFO - Batch:[257] Adversarial images for this batch already exist
2026-02-09 02:48:01,955 - ADV_Generation_eps_1.0_steps_100 - INFO - Batch 258/3783: Clean accuracy 0.7829 | Adv accuracy: 0.0000 
2026-02-09 02:48:01,956 - ADV_Generation_eps_1.0_steps_100 - INFO - Batch:[258] Adversarial images for this batch already exist
2026-02-09 02:48:02,099 - ADV_Generation_eps_1.0_steps_100 - INFO - Batch 259/3783: Clean accuracy 0.7838 | Adv accuracy: 0.0000 
2026-02-09 02:48:02,100 - ADV_Generation_eps_1.0_steps_100 - INFO - Batch:[259] Adversarial images for this batch already exist
2026-02-09 02:48:02,239 - ADV_Generation_eps_1.0_steps_100 - INFO - Batch 260/3783: Clean accuracy 0.7846 | Adv accuracy: 0.0000 
2026-02-09 02:48:02,240 - ADV_Generation_eps_1.0_steps_100 - INFO - Batch:[260] Adversarial images for this batch already exist
2026-02-09 02:48:02,381 - ADV_Generation_eps_1.0_steps_100 - INFO - Batch 261/3783: Clean accuracy 0.7854 | Adv accuracy: 0.0000 
2026-02-09 02:48:02,382 - ADV_Generation_eps_1.0_steps_100 - INFO - Batch:[261] Adversarial images for this batch already exist
2026-02-09 02:48:02,519 - ADV_Generation_eps_1.0_steps_100 - INFO - Batch 262/3783: Clean accuracy 0.7863 | Adv accuracy: 0.0000 
2026-02-09 02:48:02,520 - ADV_Generation_eps_1.0_steps_100 - INFO - Batch:[262] Adversarial images for this batch already exist
2026-02-09 02:48:02,663 - ADV_Generation_eps_1.0_steps_100 - INFO - Batch 263/3783: Clean accuracy 0.7871 | Adv accuracy: 0.0000 
2026-02-09 02:48:02,664 - ADV_Generation_eps_1.0_steps_100 - INFO - Batch:[263] Adversarial images for this batch already exist
2026-02-09 02:48:02,807 - ADV_Generation_eps_1.0_steps_100 - INFO - Batch 264/3783: Clean accuracy 0.7879 | Adv accuracy: 0.0000 
2026-02-09 02:48:02,809 - ADV_Generation_eps_1.0_steps_100 - INFO - Batch:[264] Adversarial images for this batch already exist
2026-02-09 02:48:02,945 - ADV_Generation_eps_1.0_steps_100 - INFO - Batch 265/3783: Clean accuracy 0.7887 | Adv accuracy: 0.0000 
2026-02-09 02:48:02,946 - ADV_Generation_eps_1.0_steps_100 - INFO - Batch:[265] Adversarial images for this batch already exist
2026-02-09 02:48:03,088 - ADV_Generation_eps_1.0_steps_100 - INFO - Batch 266/3783: Clean accuracy 0.7895 | Adv accuracy: 0.0000 
2026-02-09 02:48:03,089 - ADV_Generation_eps_1.0_steps_100 - INFO - Batch:[266] Adversarial images for this batch already exist
2026-02-09 02:48:03,224 - ADV_Generation_eps_1.0_steps_100 - INFO - Batch 267/3783: Clean accuracy 0.7903 | Adv accuracy: 0.0000 
2026-02-09 02:48:03,225 - ADV_Generation_eps_1.0_steps_100 - INFO - Batch:[267] Adversarial images for this batch already exist
2026-02-09 02:48:03,361 - ADV_Generation_eps_1.0_steps_100 - INFO - Batch 268/3783: Clean accuracy 0.7910 | Adv accuracy: 0.0000 
2026-02-09 02:48:03,362 - ADV_Generation_eps_1.0_steps_100 - INFO - Batch:[268] Adversarial images for this batch already exist
2026-02-09 02:48:03,496 - ADV_Generation_eps_1.0_steps_100 - INFO - Batch 269/3783: Clean accuracy 0.7918 | Adv accuracy: 0.0000 
2026-02-09 02:48:03,497 - ADV_Generation_eps_1.0_steps_100 - INFO - Batch:[269] Adversarial images for this batch already exist
2026-02-09 02:48:03,641 - ADV_Generation_eps_1.0_steps_100 - INFO - Batch 270/3783: Clean accuracy 0.7889 | Adv accuracy: 0.0000 
2026-02-09 02:48:03,642 - ADV_Generation_eps_1.0_steps_100 - INFO - Batch:[270] Adversarial images for this batch already exist
2026-02-09 02:48:03,785 - ADV_Generation_eps_1.0_steps_100 - INFO - Batch 271/3783: Clean accuracy 0.7860 | Adv accuracy: 0.0000 
2026-02-09 02:48:03,786 - ADV_Generation_eps_1.0_steps_100 - INFO - Batch:[271] Adversarial images for this batch already exist
2026-02-09 02:48:03,923 - ADV_Generation_eps_1.0_steps_100 - INFO - Batch 272/3783: Clean accuracy 0.7831 | Adv accuracy: 0.0000 
2026-02-09 02:48:03,925 - ADV_Generation_eps_1.0_steps_100 - INFO - Batch:[272] Adversarial images for this batch already exist
2026-02-09 02:48:04,062 - ADV_Generation_eps_1.0_steps_100 - INFO - Batch 273/3783: Clean accuracy 0.7802 | Adv accuracy: 0.0000 
2026-02-09 02:48:04,063 - ADV_Generation_eps_1.0_steps_100 - INFO - Batch:[273] Adversarial images for this batch already exist
2026-02-09 02:48:04,202 - ADV_Generation_eps_1.0_steps_100 - INFO - Batch 274/3783: Clean accuracy 0.7774 | Adv accuracy: 0.0000 
2026-02-09 02:48:04,203 - ADV_Generation_eps_1.0_steps_100 - INFO - Batch:[274] Adversarial images for this batch already exist
2026-02-09 02:48:04,342 - ADV_Generation_eps_1.0_steps_100 - INFO - Batch 275/3783: Clean accuracy 0.7745 | Adv accuracy: 0.0000 
2026-02-09 02:48:04,343 - ADV_Generation_eps_1.0_steps_100 - INFO - Batch:[275] Adversarial images for this batch already exist
2026-02-09 02:48:04,486 - ADV_Generation_eps_1.0_steps_100 - INFO - Batch 276/3783: Clean accuracy 0.7717 | Adv accuracy: 0.0000 
2026-02-09 02:48:04,486 - ADV_Generation_eps_1.0_steps_100 - INFO - Batch:[276] Adversarial images for this batch already exist
2026-02-09 02:48:04,624 - ADV_Generation_eps_1.0_steps_100 - INFO - Batch 277/3783: Clean accuracy 0.7690 | Adv accuracy: 0.0000 
2026-02-09 02:48:04,625 - ADV_Generation_eps_1.0_steps_100 - INFO - Batch:[277] Adversarial images for this batch already exist
2026-02-09 02:48:04,795 - ADV_Generation_eps_1.0_steps_100 - INFO - Batch 278/3783: Clean accuracy 0.7662 | Adv accuracy: 0.0000 
2026-02-09 02:48:04,796 - ADV_Generation_eps_1.0_steps_100 - INFO - Batch:[278] Adversarial images for this batch already exist
2026-02-09 02:48:04,936 - ADV_Generation_eps_1.0_steps_100 - INFO - Batch 279/3783: Clean accuracy 0.7634 | Adv accuracy: 0.0000 
2026-02-09 02:48:04,937 - ADV_Generation_eps_1.0_steps_100 - INFO - Batch:[279] Adversarial images for this batch already exist
2026-02-09 02:48:05,075 - ADV_Generation_eps_1.0_steps_100 - INFO - Batch 280/3783: Clean accuracy 0.7607 | Adv accuracy: 0.0000 
2026-02-09 02:48:05,076 - ADV_Generation_eps_1.0_steps_100 - INFO - Batch:[280] Adversarial images for this batch already exist
2026-02-09 02:48:05,212 - ADV_Generation_eps_1.0_steps_100 - INFO - Batch 281/3783: Clean accuracy 0.7580 | Adv accuracy: 0.0000 
2026-02-09 02:48:05,213 - ADV_Generation_eps_1.0_steps_100 - INFO - Batch:[281] Adversarial images for this batch already exist
2026-02-09 02:48:05,351 - ADV_Generation_eps_1.0_steps_100 - INFO - Batch 282/3783: Clean accuracy 0.7553 | Adv accuracy: 0.0000 
2026-02-09 02:48:05,352 - ADV_Generation_eps_1.0_steps_100 - INFO - Batch:[282] Adversarial images for this batch already exist
2026-02-09 02:48:05,489 - ADV_Generation_eps_1.0_steps_100 - INFO - Batch 283/3783: Clean accuracy 0.7527 | Adv accuracy: 0.0000 
2026-02-09 02:48:05,490 - ADV_Generation_eps_1.0_steps_100 - INFO - Batch:[283] Adversarial images for this batch already exist
2026-02-09 02:48:05,624 - ADV_Generation_eps_1.0_steps_100 - INFO - Batch 284/3783: Clean accuracy 0.7500 | Adv accuracy: 0.0000 
2026-02-09 02:48:05,625 - ADV_Generation_eps_1.0_steps_100 - INFO - Batch:[284] Adversarial images for this batch already exist
2026-02-09 02:48:05,766 - ADV_Generation_eps_1.0_steps_100 - INFO - Batch 285/3783: Clean accuracy 0.7474 | Adv accuracy: 0.0000 
2026-02-09 02:48:05,766 - ADV_Generation_eps_1.0_steps_100 - INFO - Batch:[285] Adversarial images for this batch already exist
2026-02-09 02:48:05,903 - ADV_Generation_eps_1.0_steps_100 - INFO - Batch 286/3783: Clean accuracy 0.7448 | Adv accuracy: 0.0000 
2026-02-09 02:48:05,904 - ADV_Generation_eps_1.0_steps_100 - INFO - Batch:[286] Adversarial images for this batch already exist
2026-02-09 02:48:06,064 - ADV_Generation_eps_1.0_steps_100 - INFO - Batch 287/3783: Clean accuracy 0.7422 | Adv accuracy: 0.0000 
2026-02-09 02:48:06,065 - ADV_Generation_eps_1.0_steps_100 - INFO - Batch:[287] Adversarial images for this batch already exist
2026-02-09 02:48:06,205 - ADV_Generation_eps_1.0_steps_100 - INFO - Batch 288/3783: Clean accuracy 0.7431 | Adv accuracy: 0.0000 
2026-02-09 02:48:06,206 - ADV_Generation_eps_1.0_steps_100 - INFO - Batch:[288] Adversarial images for this batch already exist
2026-02-09 02:48:06,354 - ADV_Generation_eps_1.0_steps_100 - INFO - Batch 289/3783: Clean accuracy 0.7405 | Adv accuracy: 0.0000 
2026-02-09 02:48:06,355 - ADV_Generation_eps_1.0_steps_100 - INFO - Batch:[289] Adversarial images for this batch already exist
2026-02-09 02:48:06,491 - ADV_Generation_eps_1.0_steps_100 - INFO - Batch 290/3783: Clean accuracy 0.7379 | Adv accuracy: 0.0000 
2026-02-09 02:48:06,492 - ADV_Generation_eps_1.0_steps_100 - INFO - Batch:[290] Adversarial images for this batch already exist
2026-02-09 02:48:06,633 - ADV_Generation_eps_1.0_steps_100 - INFO - Batch 291/3783: Clean accuracy 0.7354 | Adv accuracy: 0.0000 
2026-02-09 02:48:06,634 - ADV_Generation_eps_1.0_steps_100 - INFO - Batch:[291] Adversarial images for this batch already exist
2026-02-09 02:48:06,771 - ADV_Generation_eps_1.0_steps_100 - INFO - Batch 292/3783: Clean accuracy 0.7329 | Adv accuracy: 0.0000 
2026-02-09 02:48:06,772 - ADV_Generation_eps_1.0_steps_100 - INFO - Batch:[292] Adversarial images for this batch already exist
2026-02-09 02:48:06,920 - ADV_Generation_eps_1.0_steps_100 - INFO - Batch 293/3783: Clean accuracy 0.7304 | Adv accuracy: 0.0000 
2026-02-09 02:48:06,921 - ADV_Generation_eps_1.0_steps_100 - INFO - Batch:[293] Adversarial images for this batch already exist
2026-02-09 02:48:07,056 - ADV_Generation_eps_1.0_steps_100 - INFO - Batch 294/3783: Clean accuracy 0.7279 | Adv accuracy: 0.0000 
2026-02-09 02:48:07,057 - ADV_Generation_eps_1.0_steps_100 - INFO - Batch:[294] Adversarial images for this batch already exist
2026-02-09 02:48:07,223 - ADV_Generation_eps_1.0_steps_100 - INFO - Batch 295/3783: Clean accuracy 0.7254 | Adv accuracy: 0.0000 
2026-02-09 02:48:07,224 - ADV_Generation_eps_1.0_steps_100 - INFO - Batch:[295] Adversarial images for this batch already exist
2026-02-09 02:48:07,362 - ADV_Generation_eps_1.0_steps_100 - INFO - Batch 296/3783: Clean accuracy 0.7230 | Adv accuracy: 0.0000 
2026-02-09 02:48:07,363 - ADV_Generation_eps_1.0_steps_100 - INFO - Batch:[296] Adversarial images for this batch already exist
2026-02-09 02:48:07,501 - ADV_Generation_eps_1.0_steps_100 - INFO - Batch 297/3783: Clean accuracy 0.7205 | Adv accuracy: 0.0000 
2026-02-09 02:48:07,502 - ADV_Generation_eps_1.0_steps_100 - INFO - Batch:[297] Adversarial images for this batch already exist
2026-02-09 02:48:07,639 - ADV_Generation_eps_1.0_steps_100 - INFO - Batch 298/3783: Clean accuracy 0.7181 | Adv accuracy: 0.0000 
2026-02-09 02:48:07,640 - ADV_Generation_eps_1.0_steps_100 - INFO - Batch:[298] Adversarial images for this batch already exist
2026-02-09 02:48:07,776 - ADV_Generation_eps_1.0_steps_100 - INFO - Batch 299/3783: Clean accuracy 0.7157 | Adv accuracy: 0.0000 
2026-02-09 02:48:07,777 - ADV_Generation_eps_1.0_steps_100 - INFO - Batch:[299] Adversarial images for this batch already exist
2026-02-09 02:48:07,916 - ADV_Generation_eps_1.0_steps_100 - INFO - Batch 300/3783: Clean accuracy 0.7133 | Adv accuracy: 0.0000 
2026-02-09 02:48:07,917 - ADV_Generation_eps_1.0_steps_100 - INFO - Batch:[300] Adversarial images for this batch already exist
2026-02-09 02:48:08,055 - ADV_Generation_eps_1.0_steps_100 - INFO - Batch 301/3783: Clean accuracy 0.7110 | Adv accuracy: 0.0000 
2026-02-09 02:48:08,056 - ADV_Generation_eps_1.0_steps_100 - INFO - Batch:[301] Adversarial images for this batch already exist
2026-02-09 02:48:08,194 - ADV_Generation_eps_1.0_steps_100 - INFO - Batch 302/3783: Clean accuracy 0.7086 | Adv accuracy: 0.0000 
2026-02-09 02:48:08,195 - ADV_Generation_eps_1.0_steps_100 - INFO - Batch:[302] Adversarial images for this batch already exist
2026-02-09 02:48:08,335 - ADV_Generation_eps_1.0_steps_100 - INFO - Batch 303/3783: Clean accuracy 0.7063 | Adv accuracy: 0.0000 
2026-02-09 02:48:08,336 - ADV_Generation_eps_1.0_steps_100 - INFO - Batch:[303] Adversarial images for this batch already exist
2026-02-09 02:48:08,476 - ADV_Generation_eps_1.0_steps_100 - INFO - Batch 304/3783: Clean accuracy 0.7039 | Adv accuracy: 0.0000 
2026-02-09 02:48:08,477 - ADV_Generation_eps_1.0_steps_100 - INFO - Batch:[304] Adversarial images for this batch already exist
2026-02-09 02:48:08,613 - ADV_Generation_eps_1.0_steps_100 - INFO - Batch 305/3783: Clean accuracy 0.7049 | Adv accuracy: 0.0000 
2026-02-09 02:48:08,614 - ADV_Generation_eps_1.0_steps_100 - INFO - Batch:[305] Adversarial images for this batch already exist
2026-02-09 02:48:08,751 - ADV_Generation_eps_1.0_steps_100 - INFO - Batch 306/3783: Clean accuracy 0.7059 | Adv accuracy: 0.0000 
2026-02-09 02:48:08,752 - ADV_Generation_eps_1.0_steps_100 - INFO - Batch:[306] Adversarial images for this batch already exist
2026-02-09 02:48:08,894 - ADV_Generation_eps_1.0_steps_100 - INFO - Batch 307/3783: Clean accuracy 0.7068 | Adv accuracy: 0.0000 
2026-02-09 02:48:08,896 - ADV_Generation_eps_1.0_steps_100 - INFO - Batch:[307] Adversarial images for this batch already exist
2026-02-09 02:48:09,040 - ADV_Generation_eps_1.0_steps_100 - INFO - Batch 308/3783: Clean accuracy 0.7078 | Adv accuracy: 0.0000 
2026-02-09 02:48:09,041 - ADV_Generation_eps_1.0_steps_100 - INFO - Batch:[308] Adversarial images for this batch already exist
2026-02-09 02:48:09,177 - ADV_Generation_eps_1.0_steps_100 - INFO - Batch 309/3783: Clean accuracy 0.7087 | Adv accuracy: 0.0000 
2026-02-09 02:48:09,178 - ADV_Generation_eps_1.0_steps_100 - INFO - Batch:[309] Adversarial images for this batch already exist
2026-02-09 02:48:09,315 - ADV_Generation_eps_1.0_steps_100 - INFO - Batch 310/3783: Clean accuracy 0.7097 | Adv accuracy: 0.0000 
2026-02-09 02:48:09,316 - ADV_Generation_eps_1.0_steps_100 - INFO - Batch:[310] Adversarial images for this batch already exist
2026-02-09 02:48:09,450 - ADV_Generation_eps_1.0_steps_100 - INFO - Batch 311/3783: Clean accuracy 0.7106 | Adv accuracy: 0.0000 
2026-02-09 02:48:09,451 - ADV_Generation_eps_1.0_steps_100 - INFO - Batch:[311] Adversarial images for this batch already exist
2026-02-09 02:48:09,594 - ADV_Generation_eps_1.0_steps_100 - INFO - Batch 312/3783: Clean accuracy 0.7115 | Adv accuracy: 0.0000 
2026-02-09 02:48:09,595 - ADV_Generation_eps_1.0_steps_100 - INFO - Batch:[312] Adversarial images for this batch already exist
2026-02-09 02:48:09,731 - ADV_Generation_eps_1.0_steps_100 - INFO - Batch 313/3783: Clean accuracy 0.7125 | Adv accuracy: 0.0000 
2026-02-09 02:48:09,732 - ADV_Generation_eps_1.0_steps_100 - INFO - Batch:[313] Adversarial images for this batch already exist
2026-02-09 02:48:09,869 - ADV_Generation_eps_1.0_steps_100 - INFO - Batch 314/3783: Clean accuracy 0.7134 | Adv accuracy: 0.0000 
2026-02-09 02:48:09,871 - ADV_Generation_eps_1.0_steps_100 - INFO - Batch:[314] Adversarial images for this batch already exist
2026-02-09 02:48:10,008 - ADV_Generation_eps_1.0_steps_100 - INFO - Batch 315/3783: Clean accuracy 0.7143 | Adv accuracy: 0.0000 
2026-02-09 02:48:10,009 - ADV_Generation_eps_1.0_steps_100 - INFO - Batch:[315] Adversarial images for this batch already exist
2026-02-09 02:48:10,148 - ADV_Generation_eps_1.0_steps_100 - INFO - Batch 316/3783: Clean accuracy 0.7152 | Adv accuracy: 0.0000 
2026-02-09 02:48:10,149 - ADV_Generation_eps_1.0_steps_100 - INFO - Batch:[316] Adversarial images for this batch already exist
2026-02-09 02:48:10,287 - ADV_Generation_eps_1.0_steps_100 - INFO - Batch 317/3783: Clean accuracy 0.7161 | Adv accuracy: 0.0000 
2026-02-09 02:48:10,288 - ADV_Generation_eps_1.0_steps_100 - INFO - Batch:[317] Adversarial images for this batch already exist
2026-02-09 02:48:10,425 - ADV_Generation_eps_1.0_steps_100 - INFO - Batch 318/3783: Clean accuracy 0.7170 | Adv accuracy: 0.0000 
2026-02-09 02:48:10,426 - ADV_Generation_eps_1.0_steps_100 - INFO - Batch:[318] Adversarial images for this batch already exist
2026-02-09 02:48:10,565 - ADV_Generation_eps_1.0_steps_100 - INFO - Batch 319/3783: Clean accuracy 0.7179 | Adv accuracy: 0.0000 
2026-02-09 02:48:10,566 - ADV_Generation_eps_1.0_steps_100 - INFO - Batch:[319] Adversarial images for this batch already exist
2026-02-09 02:48:10,703 - ADV_Generation_eps_1.0_steps_100 - INFO - Batch 320/3783: Clean accuracy 0.7188 | Adv accuracy: 0.0000 
2026-02-09 02:48:10,704 - ADV_Generation_eps_1.0_steps_100 - INFO - Batch:[320] Adversarial images for this batch already exist
2026-02-09 02:48:10,848 - ADV_Generation_eps_1.0_steps_100 - INFO - Batch 321/3783: Clean accuracy 0.7196 | Adv accuracy: 0.0000 
2026-02-09 02:48:10,849 - ADV_Generation_eps_1.0_steps_100 - INFO - Batch:[321] Adversarial images for this batch already exist
2026-02-09 02:48:10,983 - ADV_Generation_eps_1.0_steps_100 - INFO - Batch 322/3783: Clean accuracy 0.7205 | Adv accuracy: 0.0000 
2026-02-09 02:48:10,984 - ADV_Generation_eps_1.0_steps_100 - INFO - Batch:[322] Adversarial images for this batch already exist
2026-02-09 02:48:11,121 - ADV_Generation_eps_1.0_steps_100 - INFO - Batch 323/3783: Clean accuracy 0.7214 | Adv accuracy: 0.0000 
2026-02-09 02:48:11,122 - ADV_Generation_eps_1.0_steps_100 - INFO - Batch:[323] Adversarial images for this batch already exist
2026-02-09 02:48:11,266 - ADV_Generation_eps_1.0_steps_100 - INFO - Batch 324/3783: Clean accuracy 0.7222 | Adv accuracy: 0.0000 
2026-02-09 02:48:11,267 - ADV_Generation_eps_1.0_steps_100 - INFO - Batch:[324] Adversarial images for this batch already exist
2026-02-09 02:48:11,402 - ADV_Generation_eps_1.0_steps_100 - INFO - Batch 325/3783: Clean accuracy 0.7231 | Adv accuracy: 0.0000 
2026-02-09 02:48:11,403 - ADV_Generation_eps_1.0_steps_100 - INFO - Batch:[325] Adversarial images for this batch already exist
2026-02-09 02:48:11,540 - ADV_Generation_eps_1.0_steps_100 - INFO - Batch 326/3783: Clean accuracy 0.7239 | Adv accuracy: 0.0000 
2026-02-09 02:48:11,541 - ADV_Generation_eps_1.0_steps_100 - INFO - Batch:[326] Adversarial images for this batch already exist
2026-02-09 02:48:11,677 - ADV_Generation_eps_1.0_steps_100 - INFO - Batch 327/3783: Clean accuracy 0.7248 | Adv accuracy: 0.0000 
2026-02-09 02:48:11,678 - ADV_Generation_eps_1.0_steps_100 - INFO - Batch:[327] Adversarial images for this batch already exist
2026-02-09 02:48:11,816 - ADV_Generation_eps_1.0_steps_100 - INFO - Batch 328/3783: Clean accuracy 0.7256 | Adv accuracy: 0.0000 
2026-02-09 02:48:11,818 - ADV_Generation_eps_1.0_steps_100 - INFO - Batch:[328] Adversarial images for this batch already exist
2026-02-09 02:48:11,956 - ADV_Generation_eps_1.0_steps_100 - INFO - Batch 329/3783: Clean accuracy 0.7264 | Adv accuracy: 0.0000 
2026-02-09 02:48:11,957 - ADV_Generation_eps_1.0_steps_100 - INFO - Batch:[329] Adversarial images for this batch already exist
2026-02-09 02:48:12,097 - ADV_Generation_eps_1.0_steps_100 - INFO - Batch 330/3783: Clean accuracy 0.7273 | Adv accuracy: 0.0000 
2026-02-09 02:48:12,098 - ADV_Generation_eps_1.0_steps_100 - INFO - Batch:[330] Adversarial images for this batch already exist
2026-02-09 02:48:12,233 - ADV_Generation_eps_1.0_steps_100 - INFO - Batch 331/3783: Clean accuracy 0.7281 | Adv accuracy: 0.0000 
2026-02-09 02:48:12,234 - ADV_Generation_eps_1.0_steps_100 - INFO - Batch:[331] Adversarial images for this batch already exist
2026-02-09 02:48:12,371 - ADV_Generation_eps_1.0_steps_100 - INFO - Batch 332/3783: Clean accuracy 0.7289 | Adv accuracy: 0.0000 
2026-02-09 02:48:12,372 - ADV_Generation_eps_1.0_steps_100 - INFO - Batch:[332] Adversarial images for this batch already exist
2026-02-09 02:48:12,511 - ADV_Generation_eps_1.0_steps_100 - INFO - Batch 333/3783: Clean accuracy 0.7297 | Adv accuracy: 0.0000 
2026-02-09 02:48:12,512 - ADV_Generation_eps_1.0_steps_100 - INFO - Batch:[333] Adversarial images for this batch already exist
2026-02-09 02:48:12,647 - ADV_Generation_eps_1.0_steps_100 - INFO - Batch 334/3783: Clean accuracy 0.7305 | Adv accuracy: 0.0000 
2026-02-09 02:48:12,648 - ADV_Generation_eps_1.0_steps_100 - INFO - Batch:[334] Adversarial images for this batch already exist
2026-02-09 02:48:12,788 - ADV_Generation_eps_1.0_steps_100 - INFO - Batch 335/3783: Clean accuracy 0.7313 | Adv accuracy: 0.0000 
2026-02-09 02:48:12,789 - ADV_Generation_eps_1.0_steps_100 - INFO - Batch:[335] Adversarial images for this batch already exist
2026-02-09 02:48:12,934 - ADV_Generation_eps_1.0_steps_100 - INFO - Batch 336/3783: Clean accuracy 0.7321 | Adv accuracy: 0.0000 
2026-02-09 02:48:12,935 - ADV_Generation_eps_1.0_steps_100 - INFO - Batch:[336] Adversarial images for this batch already exist
2026-02-09 02:48:13,079 - ADV_Generation_eps_1.0_steps_100 - INFO - Batch 337/3783: Clean accuracy 0.7329 | Adv accuracy: 0.0000 
2026-02-09 02:48:13,080 - ADV_Generation_eps_1.0_steps_100 - INFO - Batch:[337] Adversarial images for this batch already exist
2026-02-09 02:48:13,213 - ADV_Generation_eps_1.0_steps_100 - INFO - Batch 338/3783: Clean accuracy 0.7337 | Adv accuracy: 0.0000 
2026-02-09 02:48:13,214 - ADV_Generation_eps_1.0_steps_100 - INFO - Batch:[338] Adversarial images for this batch already exist
2026-02-09 02:48:13,351 - ADV_Generation_eps_1.0_steps_100 - INFO - Batch 339/3783: Clean accuracy 0.7345 | Adv accuracy: 0.0000 
2026-02-09 02:48:13,352 - ADV_Generation_eps_1.0_steps_100 - INFO - Batch:[339] Adversarial images for this batch already exist
2026-02-09 02:48:13,493 - ADV_Generation_eps_1.0_steps_100 - INFO - Batch 340/3783: Clean accuracy 0.7353 | Adv accuracy: 0.0000 
2026-02-09 02:48:13,494 - ADV_Generation_eps_1.0_steps_100 - INFO - Batch:[340] Adversarial images for this batch already exist
2026-02-09 02:48:13,638 - ADV_Generation_eps_1.0_steps_100 - INFO - Batch 341/3783: Clean accuracy 0.7361 | Adv accuracy: 0.0000 
2026-02-09 02:48:13,638 - ADV_Generation_eps_1.0_steps_100 - INFO - Batch:[341] Adversarial images for this batch already exist
2026-02-09 02:48:13,777 - ADV_Generation_eps_1.0_steps_100 - INFO - Batch 342/3783: Clean accuracy 0.7368 | Adv accuracy: 0.0000 
2026-02-09 02:48:13,778 - ADV_Generation_eps_1.0_steps_100 - INFO - Batch:[342] Adversarial images for this batch already exist
2026-02-09 02:48:13,920 - ADV_Generation_eps_1.0_steps_100 - INFO - Batch 343/3783: Clean accuracy 0.7376 | Adv accuracy: 0.0000 
2026-02-09 02:48:13,921 - ADV_Generation_eps_1.0_steps_100 - INFO - Batch:[343] Adversarial images for this batch already exist
2026-02-09 02:48:14,058 - ADV_Generation_eps_1.0_steps_100 - INFO - Batch 344/3783: Clean accuracy 0.7384 | Adv accuracy: 0.0000 
2026-02-09 02:48:14,059 - ADV_Generation_eps_1.0_steps_100 - INFO - Batch:[344] Adversarial images for this batch already exist
2026-02-09 02:48:14,199 - ADV_Generation_eps_1.0_steps_100 - INFO - Batch 345/3783: Clean accuracy 0.7391 | Adv accuracy: 0.0000 
2026-02-09 02:48:14,200 - ADV_Generation_eps_1.0_steps_100 - INFO - Batch:[345] Adversarial images for this batch already exist
2026-02-09 02:48:14,335 - ADV_Generation_eps_1.0_steps_100 - INFO - Batch 346/3783: Clean accuracy 0.7370 | Adv accuracy: 0.0000 
2026-02-09 02:48:14,336 - ADV_Generation_eps_1.0_steps_100 - INFO - Batch:[346] Adversarial images for this batch already exist
2026-02-09 02:48:14,474 - ADV_Generation_eps_1.0_steps_100 - INFO - Batch 347/3783: Clean accuracy 0.7378 | Adv accuracy: 0.0000 
2026-02-09 02:48:14,475 - ADV_Generation_eps_1.0_steps_100 - INFO - Batch:[347] Adversarial images for this batch already exist
2026-02-09 02:48:14,612 - ADV_Generation_eps_1.0_steps_100 - INFO - Batch 348/3783: Clean accuracy 0.7385 | Adv accuracy: 0.0000 
2026-02-09 02:48:14,614 - ADV_Generation_eps_1.0_steps_100 - INFO - Batch:[348] Adversarial images for this batch already exist
2026-02-09 02:48:14,751 - ADV_Generation_eps_1.0_steps_100 - INFO - Batch 349/3783: Clean accuracy 0.7393 | Adv accuracy: 0.0000 
2026-02-09 02:48:14,752 - ADV_Generation_eps_1.0_steps_100 - INFO - Batch:[349] Adversarial images for this batch already exist
2026-02-09 02:48:14,897 - ADV_Generation_eps_1.0_steps_100 - INFO - Batch 350/3783: Clean accuracy 0.7400 | Adv accuracy: 0.0000 
2026-02-09 02:48:14,898 - ADV_Generation_eps_1.0_steps_100 - INFO - Batch:[350] Adversarial images for this batch already exist
2026-02-09 02:48:15,037 - ADV_Generation_eps_1.0_steps_100 - INFO - Batch 351/3783: Clean accuracy 0.7407 | Adv accuracy: 0.0000 
2026-02-09 02:48:15,038 - ADV_Generation_eps_1.0_steps_100 - INFO - Batch:[351] Adversarial images for this batch already exist
2026-02-09 02:48:15,176 - ADV_Generation_eps_1.0_steps_100 - INFO - Batch 352/3783: Clean accuracy 0.7415 | Adv accuracy: 0.0000 
2026-02-09 02:48:15,177 - ADV_Generation_eps_1.0_steps_100 - INFO - Batch:[352] Adversarial images for this batch already exist
2026-02-09 02:48:15,316 - ADV_Generation_eps_1.0_steps_100 - INFO - Batch 353/3783: Clean accuracy 0.7422 | Adv accuracy: 0.0000 
2026-02-09 02:48:15,317 - ADV_Generation_eps_1.0_steps_100 - INFO - Batch:[353] Adversarial images for this batch already exist
2026-02-09 02:48:15,493 - ADV_Generation_eps_1.0_steps_100 - INFO - Batch 354/3783: Clean accuracy 0.7429 | Adv accuracy: 0.0000 
2026-02-09 02:48:15,494 - ADV_Generation_eps_1.0_steps_100 - INFO - Batch:[354] Adversarial images for this batch already exist
2026-02-09 02:48:15,637 - ADV_Generation_eps_1.0_steps_100 - INFO - Batch 355/3783: Clean accuracy 0.7437 | Adv accuracy: 0.0000 
2026-02-09 02:48:15,639 - ADV_Generation_eps_1.0_steps_100 - INFO - Batch:[355] Adversarial images for this batch already exist
2026-02-09 02:48:15,776 - ADV_Generation_eps_1.0_steps_100 - INFO - Batch 356/3783: Clean accuracy 0.7444 | Adv accuracy: 0.0000 
2026-02-09 02:48:15,777 - ADV_Generation_eps_1.0_steps_100 - INFO - Batch:[356] Adversarial images for this batch already exist
2026-02-09 02:48:15,918 - ADV_Generation_eps_1.0_steps_100 - INFO - Batch 357/3783: Clean accuracy 0.7451 | Adv accuracy: 0.0000 
2026-02-09 02:48:15,919 - ADV_Generation_eps_1.0_steps_100 - INFO - Batch:[357] Adversarial images for this batch already exist
2026-02-09 02:48:16,053 - ADV_Generation_eps_1.0_steps_100 - INFO - Batch 358/3783: Clean accuracy 0.7458 | Adv accuracy: 0.0000 
2026-02-09 02:48:16,054 - ADV_Generation_eps_1.0_steps_100 - INFO - Batch:[358] Adversarial images for this batch already exist
2026-02-09 02:48:16,190 - ADV_Generation_eps_1.0_steps_100 - INFO - Batch 359/3783: Clean accuracy 0.7465 | Adv accuracy: 0.0000 
2026-02-09 02:48:16,192 - ADV_Generation_eps_1.0_steps_100 - INFO - Batch:[359] Adversarial images for this batch already exist
2026-02-09 02:48:16,327 - ADV_Generation_eps_1.0_steps_100 - INFO - Batch 360/3783: Clean accuracy 0.7472 | Adv accuracy: 0.0000 
2026-02-09 02:48:16,329 - ADV_Generation_eps_1.0_steps_100 - INFO - Batch:[360] Adversarial images for this batch already exist
2026-02-09 02:48:16,469 - ADV_Generation_eps_1.0_steps_100 - INFO - Batch 361/3783: Clean accuracy 0.7479 | Adv accuracy: 0.0000 
2026-02-09 02:48:16,470 - ADV_Generation_eps_1.0_steps_100 - INFO - Batch:[361] Adversarial images for this batch already exist
2026-02-09 02:48:16,607 - ADV_Generation_eps_1.0_steps_100 - INFO - Batch 362/3783: Clean accuracy 0.7486 | Adv accuracy: 0.0000 
2026-02-09 02:48:16,608 - ADV_Generation_eps_1.0_steps_100 - INFO - Batch:[362] Adversarial images for this batch already exist
2026-02-09 02:48:16,753 - ADV_Generation_eps_1.0_steps_100 - INFO - Batch 363/3783: Clean accuracy 0.7493 | Adv accuracy: 0.0000 
2026-02-09 02:48:16,754 - ADV_Generation_eps_1.0_steps_100 - INFO - Batch:[363] Adversarial images for this batch already exist
2026-02-09 02:48:16,897 - ADV_Generation_eps_1.0_steps_100 - INFO - Batch 364/3783: Clean accuracy 0.7500 | Adv accuracy: 0.0000 
2026-02-09 02:48:16,898 - ADV_Generation_eps_1.0_steps_100 - INFO - Batch:[364] Adversarial images for this batch already exist
2026-02-09 02:48:17,054 - ADV_Generation_eps_1.0_steps_100 - INFO - Batch 365/3783: Clean accuracy 0.7507 | Adv accuracy: 0.0000 
2026-02-09 02:48:17,054 - ADV_Generation_eps_1.0_steps_100 - INFO - Batch:[365] Adversarial images for this batch already exist
2026-02-09 02:48:17,225 - ADV_Generation_eps_1.0_steps_100 - INFO - Batch 366/3783: Clean accuracy 0.7514 | Adv accuracy: 0.0000 
2026-02-09 02:48:17,226 - ADV_Generation_eps_1.0_steps_100 - INFO - Batch:[366] Adversarial images for this batch already exist
2026-02-09 02:48:17,398 - ADV_Generation_eps_1.0_steps_100 - INFO - Batch 367/3783: Clean accuracy 0.7520 | Adv accuracy: 0.0000 
2026-02-09 02:48:17,399 - ADV_Generation_eps_1.0_steps_100 - INFO - Batch:[367] Adversarial images for this batch already exist
2026-02-09 02:48:17,536 - ADV_Generation_eps_1.0_steps_100 - INFO - Batch 368/3783: Clean accuracy 0.7527 | Adv accuracy: 0.0000 
2026-02-09 02:48:17,537 - ADV_Generation_eps_1.0_steps_100 - INFO - Batch:[368] Adversarial images for this batch already exist
2026-02-09 02:48:17,672 - ADV_Generation_eps_1.0_steps_100 - INFO - Batch 369/3783: Clean accuracy 0.7534 | Adv accuracy: 0.0000 
2026-02-09 02:48:17,673 - ADV_Generation_eps_1.0_steps_100 - INFO - Batch:[369] Adversarial images for this batch already exist
2026-02-09 02:48:17,809 - ADV_Generation_eps_1.0_steps_100 - INFO - Batch 370/3783: Clean accuracy 0.7541 | Adv accuracy: 0.0000 
2026-02-09 02:48:17,810 - ADV_Generation_eps_1.0_steps_100 - INFO - Batch:[370] Adversarial images for this batch already exist
2026-02-09 02:48:17,947 - ADV_Generation_eps_1.0_steps_100 - INFO - Batch 371/3783: Clean accuracy 0.7547 | Adv accuracy: 0.0000 
2026-02-09 02:48:17,948 - ADV_Generation_eps_1.0_steps_100 - INFO - Batch:[371] Adversarial images for this batch already exist
2026-02-09 02:48:18,086 - ADV_Generation_eps_1.0_steps_100 - INFO - Batch 372/3783: Clean accuracy 0.7554 | Adv accuracy: 0.0000 
2026-02-09 02:48:18,088 - ADV_Generation_eps_1.0_steps_100 - INFO - Batch:[372] Adversarial images for this batch already exist
2026-02-09 02:48:18,224 - ADV_Generation_eps_1.0_steps_100 - INFO - Batch 373/3783: Clean accuracy 0.7560 | Adv accuracy: 0.0000 
2026-02-09 02:48:18,225 - ADV_Generation_eps_1.0_steps_100 - INFO - Batch:[373] Adversarial images for this batch already exist
2026-02-09 02:48:18,369 - ADV_Generation_eps_1.0_steps_100 - INFO - Batch 374/3783: Clean accuracy 0.7567 | Adv accuracy: 0.0000 
2026-02-09 02:48:18,370 - ADV_Generation_eps_1.0_steps_100 - INFO - Batch:[374] Adversarial images for this batch already exist
2026-02-09 02:48:18,512 - ADV_Generation_eps_1.0_steps_100 - INFO - Batch 375/3783: Clean accuracy 0.7573 | Adv accuracy: 0.0000 
2026-02-09 02:48:18,513 - ADV_Generation_eps_1.0_steps_100 - INFO - Batch:[375] Adversarial images for this batch already exist
2026-02-09 02:48:18,650 - ADV_Generation_eps_1.0_steps_100 - INFO - Batch 376/3783: Clean accuracy 0.7580 | Adv accuracy: 0.0000 
2026-02-09 02:48:18,651 - ADV_Generation_eps_1.0_steps_100 - INFO - Batch:[376] Adversarial images for this batch already exist
2026-02-09 02:48:18,809 - ADV_Generation_eps_1.0_steps_100 - INFO - Batch 377/3783: Clean accuracy 0.7586 | Adv accuracy: 0.0000 
2026-02-09 02:48:18,810 - ADV_Generation_eps_1.0_steps_100 - INFO - Batch:[377] Adversarial images for this batch already exist
2026-02-09 02:48:18,959 - ADV_Generation_eps_1.0_steps_100 - INFO - Batch 378/3783: Clean accuracy 0.7593 | Adv accuracy: 0.0000 
2026-02-09 02:48:18,960 - ADV_Generation_eps_1.0_steps_100 - INFO - Batch:[378] Adversarial images for this batch already exist
2026-02-09 02:48:19,094 - ADV_Generation_eps_1.0_steps_100 - INFO - Batch 379/3783: Clean accuracy 0.7599 | Adv accuracy: 0.0000 
2026-02-09 02:48:19,095 - ADV_Generation_eps_1.0_steps_100 - INFO - Batch:[379] Adversarial images for this batch already exist
2026-02-09 02:48:19,240 - ADV_Generation_eps_1.0_steps_100 - INFO - Batch 380/3783: Clean accuracy 0.7605 | Adv accuracy: 0.0000 
2026-02-09 02:48:19,241 - ADV_Generation_eps_1.0_steps_100 - INFO - Batch:[380] Adversarial images for this batch already exist
2026-02-09 02:48:19,378 - ADV_Generation_eps_1.0_steps_100 - INFO - Batch 381/3783: Clean accuracy 0.7612 | Adv accuracy: 0.0000 
2026-02-09 02:48:19,379 - ADV_Generation_eps_1.0_steps_100 - INFO - Batch:[381] Adversarial images for this batch already exist
2026-02-09 02:48:19,518 - ADV_Generation_eps_1.0_steps_100 - INFO - Batch 382/3783: Clean accuracy 0.7618 | Adv accuracy: 0.0000 
2026-02-09 02:48:19,519 - ADV_Generation_eps_1.0_steps_100 - INFO - Batch:[382] Adversarial images for this batch already exist
2026-02-09 02:48:19,665 - ADV_Generation_eps_1.0_steps_100 - INFO - Batch 383/3783: Clean accuracy 0.7624 | Adv accuracy: 0.0000 
2026-02-09 02:48:19,666 - ADV_Generation_eps_1.0_steps_100 - INFO - Batch:[383] Adversarial images for this batch already exist
2026-02-09 02:48:19,861 - ADV_Generation_eps_1.0_steps_100 - INFO - Batch 384/3783: Clean accuracy 0.7630 | Adv accuracy: 0.0000 
2026-02-09 02:48:19,862 - ADV_Generation_eps_1.0_steps_100 - INFO - Batch:[384] Adversarial images for this batch already exist
2026-02-09 02:48:19,997 - ADV_Generation_eps_1.0_steps_100 - INFO - Batch 385/3783: Clean accuracy 0.7636 | Adv accuracy: 0.0000 
2026-02-09 02:48:19,998 - ADV_Generation_eps_1.0_steps_100 - INFO - Batch:[385] Adversarial images for this batch already exist
2026-02-09 02:48:20,143 - ADV_Generation_eps_1.0_steps_100 - INFO - Batch 386/3783: Clean accuracy 0.7642 | Adv accuracy: 0.0000 
2026-02-09 02:48:20,144 - ADV_Generation_eps_1.0_steps_100 - INFO - Batch:[386] Adversarial images for this batch already exist
2026-02-09 02:48:20,289 - ADV_Generation_eps_1.0_steps_100 - INFO - Batch 387/3783: Clean accuracy 0.7649 | Adv accuracy: 0.0000 
2026-02-09 02:48:20,290 - ADV_Generation_eps_1.0_steps_100 - INFO - Batch:[387] Adversarial images for this batch already exist
2026-02-09 02:48:20,427 - ADV_Generation_eps_1.0_steps_100 - INFO - Batch 388/3783: Clean accuracy 0.7655 | Adv accuracy: 0.0000 
2026-02-09 02:48:20,428 - ADV_Generation_eps_1.0_steps_100 - INFO - Batch:[388] Adversarial images for this batch already exist
2026-02-09 02:48:20,600 - ADV_Generation_eps_1.0_steps_100 - INFO - Batch 389/3783: Clean accuracy 0.7661 | Adv accuracy: 0.0000 
2026-02-09 02:48:20,601 - ADV_Generation_eps_1.0_steps_100 - INFO - Batch:[389] Adversarial images for this batch already exist
2026-02-09 02:48:20,741 - ADV_Generation_eps_1.0_steps_100 - INFO - Batch 390/3783: Clean accuracy 0.7667 | Adv accuracy: 0.0000 
2026-02-09 02:48:20,742 - ADV_Generation_eps_1.0_steps_100 - INFO - Batch:[390] Adversarial images for this batch already exist
2026-02-09 02:48:20,879 - ADV_Generation_eps_1.0_steps_100 - INFO - Batch 391/3783: Clean accuracy 0.7673 | Adv accuracy: 0.0000 
2026-02-09 02:48:20,880 - ADV_Generation_eps_1.0_steps_100 - INFO - Batch:[391] Adversarial images for this batch already exist
2026-02-09 02:48:21,019 - ADV_Generation_eps_1.0_steps_100 - INFO - Batch 392/3783: Clean accuracy 0.7679 | Adv accuracy: 0.0000 
2026-02-09 02:48:21,020 - ADV_Generation_eps_1.0_steps_100 - INFO - Batch:[392] Adversarial images for this batch already exist
2026-02-09 02:48:21,158 - ADV_Generation_eps_1.0_steps_100 - INFO - Batch 393/3783: Clean accuracy 0.7684 | Adv accuracy: 0.0000 
2026-02-09 02:48:21,159 - ADV_Generation_eps_1.0_steps_100 - INFO - Batch:[393] Adversarial images for this batch already exist
2026-02-09 02:48:21,298 - ADV_Generation_eps_1.0_steps_100 - INFO - Batch 394/3783: Clean accuracy 0.7690 | Adv accuracy: 0.0000 
2026-02-09 02:48:21,299 - ADV_Generation_eps_1.0_steps_100 - INFO - Batch:[394] Adversarial images for this batch already exist
2026-02-09 02:48:21,437 - ADV_Generation_eps_1.0_steps_100 - INFO - Batch 395/3783: Clean accuracy 0.7696 | Adv accuracy: 0.0000 
2026-02-09 02:48:21,438 - ADV_Generation_eps_1.0_steps_100 - INFO - Batch:[395] Adversarial images for this batch already exist
2026-02-09 02:48:21,575 - ADV_Generation_eps_1.0_steps_100 - INFO - Batch 396/3783: Clean accuracy 0.7702 | Adv accuracy: 0.0000 
2026-02-09 02:48:21,576 - ADV_Generation_eps_1.0_steps_100 - INFO - Batch:[396] Adversarial images for this batch already exist
2026-02-09 02:48:21,713 - ADV_Generation_eps_1.0_steps_100 - INFO - Batch 397/3783: Clean accuracy 0.7708 | Adv accuracy: 0.0000 
2026-02-09 02:48:21,714 - ADV_Generation_eps_1.0_steps_100 - INFO - Batch:[397] Adversarial images for this batch already exist
2026-02-09 02:48:21,850 - ADV_Generation_eps_1.0_steps_100 - INFO - Batch 398/3783: Clean accuracy 0.7714 | Adv accuracy: 0.0000 
2026-02-09 02:48:21,851 - ADV_Generation_eps_1.0_steps_100 - INFO - Batch:[398] Adversarial images for this batch already exist
2026-02-09 02:48:21,990 - ADV_Generation_eps_1.0_steps_100 - INFO - Batch 399/3783: Clean accuracy 0.7719 | Adv accuracy: 0.0000 
2026-02-09 02:48:21,991 - ADV_Generation_eps_1.0_steps_100 - INFO - Batch:[399] Adversarial images for this batch already exist
2026-02-09 02:48:22,128 - ADV_Generation_eps_1.0_steps_100 - INFO - Batch 400/3783: Clean accuracy 0.7725 | Adv accuracy: 0.0000 
2026-02-09 02:48:22,129 - ADV_Generation_eps_1.0_steps_100 - INFO - Batch:[400] Adversarial images for this batch already exist
2026-02-09 02:48:22,274 - ADV_Generation_eps_1.0_steps_100 - INFO - Batch 401/3783: Clean accuracy 0.7731 | Adv accuracy: 0.0000 
2026-02-09 02:48:22,276 - ADV_Generation_eps_1.0_steps_100 - INFO - Batch:[401] Adversarial images for this batch already exist
2026-02-09 02:48:22,418 - ADV_Generation_eps_1.0_steps_100 - INFO - Batch 402/3783: Clean accuracy 0.7711 | Adv accuracy: 0.0000 
2026-02-09 02:48:22,419 - ADV_Generation_eps_1.0_steps_100 - INFO - Batch:[402] Adversarial images for this batch already exist
2026-02-09 02:48:22,557 - ADV_Generation_eps_1.0_steps_100 - INFO - Batch 403/3783: Clean accuracy 0.7692 | Adv accuracy: 0.0000 
2026-02-09 02:48:22,558 - ADV_Generation_eps_1.0_steps_100 - INFO - Batch:[403] Adversarial images for this batch already exist
2026-02-09 02:48:22,696 - ADV_Generation_eps_1.0_steps_100 - INFO - Batch 404/3783: Clean accuracy 0.7698 | Adv accuracy: 0.0000 
2026-02-09 02:48:22,697 - ADV_Generation_eps_1.0_steps_100 - INFO - Batch:[404] Adversarial images for this batch already exist
2026-02-09 02:48:22,836 - ADV_Generation_eps_1.0_steps_100 - INFO - Batch 405/3783: Clean accuracy 0.7704 | Adv accuracy: 0.0000 
2026-02-09 02:48:22,837 - ADV_Generation_eps_1.0_steps_100 - INFO - Batch:[405] Adversarial images for this batch already exist
2026-02-09 02:48:22,979 - ADV_Generation_eps_1.0_steps_100 - INFO - Batch 406/3783: Clean accuracy 0.7709 | Adv accuracy: 0.0000 
2026-02-09 02:48:22,980 - ADV_Generation_eps_1.0_steps_100 - INFO - Batch:[406] Adversarial images for this batch already exist
2026-02-09 02:48:23,125 - ADV_Generation_eps_1.0_steps_100 - INFO - Batch 407/3783: Clean accuracy 0.7715 | Adv accuracy: 0.0000 
2026-02-09 02:48:23,126 - ADV_Generation_eps_1.0_steps_100 - INFO - Batch:[407] Adversarial images for this batch already exist
2026-02-09 02:48:23,262 - ADV_Generation_eps_1.0_steps_100 - INFO - Batch 408/3783: Clean accuracy 0.7721 | Adv accuracy: 0.0000 
2026-02-09 02:48:23,264 - ADV_Generation_eps_1.0_steps_100 - INFO - Batch:[408] Adversarial images for this batch already exist
2026-02-09 02:48:23,410 - ADV_Generation_eps_1.0_steps_100 - INFO - Batch 409/3783: Clean accuracy 0.7726 | Adv accuracy: 0.0000 
2026-02-09 02:48:23,411 - ADV_Generation_eps_1.0_steps_100 - INFO - Batch:[409] Adversarial images for this batch already exist
2026-02-09 02:48:23,559 - ADV_Generation_eps_1.0_steps_100 - INFO - Batch 410/3783: Clean accuracy 0.7732 | Adv accuracy: 0.0000 
2026-02-09 02:48:23,560 - ADV_Generation_eps_1.0_steps_100 - INFO - Batch:[410] Adversarial images for this batch already exist
2026-02-09 02:48:23,712 - ADV_Generation_eps_1.0_steps_100 - INFO - Batch 411/3783: Clean accuracy 0.7737 | Adv accuracy: 0.0000 
2026-02-09 02:48:23,713 - ADV_Generation_eps_1.0_steps_100 - INFO - Batch:[411] Adversarial images for this batch already exist
2026-02-09 02:48:23,853 - ADV_Generation_eps_1.0_steps_100 - INFO - Batch 412/3783: Clean accuracy 0.7743 | Adv accuracy: 0.0000 
2026-02-09 02:48:23,854 - ADV_Generation_eps_1.0_steps_100 - INFO - Batch:[412] Adversarial images for this batch already exist
2026-02-09 02:48:24,026 - ADV_Generation_eps_1.0_steps_100 - INFO - Batch 413/3783: Clean accuracy 0.7748 | Adv accuracy: 0.0000 
2026-02-09 02:48:24,027 - ADV_Generation_eps_1.0_steps_100 - INFO - Batch:[413] Adversarial images for this batch already exist
2026-02-09 02:48:24,174 - ADV_Generation_eps_1.0_steps_100 - INFO - Batch 414/3783: Clean accuracy 0.7754 | Adv accuracy: 0.0000 
2026-02-09 02:48:24,175 - ADV_Generation_eps_1.0_steps_100 - INFO - Batch:[414] Adversarial images for this batch already exist
2026-02-09 02:48:24,312 - ADV_Generation_eps_1.0_steps_100 - INFO - Batch 415/3783: Clean accuracy 0.7759 | Adv accuracy: 0.0000 
2026-02-09 02:48:24,313 - ADV_Generation_eps_1.0_steps_100 - INFO - Batch:[415] Adversarial images for this batch already exist
2026-02-09 02:48:24,450 - ADV_Generation_eps_1.0_steps_100 - INFO - Batch 416/3783: Clean accuracy 0.7764 | Adv accuracy: 0.0000 
2026-02-09 02:48:24,451 - ADV_Generation_eps_1.0_steps_100 - INFO - Batch:[416] Adversarial images for this batch already exist
2026-02-09 02:48:24,616 - ADV_Generation_eps_1.0_steps_100 - INFO - Batch 417/3783: Clean accuracy 0.7770 | Adv accuracy: 0.0000 
2026-02-09 02:48:24,617 - ADV_Generation_eps_1.0_steps_100 - INFO - Batch:[417] Adversarial images for this batch already exist
2026-02-09 02:48:24,752 - ADV_Generation_eps_1.0_steps_100 - INFO - Batch 418/3783: Clean accuracy 0.7775 | Adv accuracy: 0.0000 
2026-02-09 02:48:24,753 - ADV_Generation_eps_1.0_steps_100 - INFO - Batch:[418] Adversarial images for this batch already exist
2026-02-09 02:48:24,905 - ADV_Generation_eps_1.0_steps_100 - INFO - Batch 419/3783: Clean accuracy 0.7780 | Adv accuracy: 0.0000 
2026-02-09 02:48:24,906 - ADV_Generation_eps_1.0_steps_100 - INFO - Batch:[419] Adversarial images for this batch already exist
2026-02-09 02:48:25,047 - ADV_Generation_eps_1.0_steps_100 - INFO - Batch 420/3783: Clean accuracy 0.7786 | Adv accuracy: 0.0000 
2026-02-09 02:48:25,048 - ADV_Generation_eps_1.0_steps_100 - INFO - Batch:[420] Adversarial images for this batch already exist
2026-02-09 02:48:25,187 - ADV_Generation_eps_1.0_steps_100 - INFO - Batch 421/3783: Clean accuracy 0.7791 | Adv accuracy: 0.0000 
2026-02-09 02:48:25,188 - ADV_Generation_eps_1.0_steps_100 - INFO - Batch:[421] Adversarial images for this batch already exist
2026-02-09 02:48:25,322 - ADV_Generation_eps_1.0_steps_100 - INFO - Batch 422/3783: Clean accuracy 0.7796 | Adv accuracy: 0.0000 
2026-02-09 02:48:25,323 - ADV_Generation_eps_1.0_steps_100 - INFO - Batch:[422] Adversarial images for this batch already exist
2026-02-09 02:48:25,461 - ADV_Generation_eps_1.0_steps_100 - INFO - Batch 423/3783: Clean accuracy 0.7801 | Adv accuracy: 0.0000 
2026-02-09 02:48:25,462 - ADV_Generation_eps_1.0_steps_100 - INFO - Batch:[423] Adversarial images for this batch already exist
2026-02-09 02:48:25,600 - ADV_Generation_eps_1.0_steps_100 - INFO - Batch 424/3783: Clean accuracy 0.7807 | Adv accuracy: 0.0000 
2026-02-09 02:48:25,601 - ADV_Generation_eps_1.0_steps_100 - INFO - Batch:[424] Adversarial images for this batch already exist
2026-02-09 02:48:25,740 - ADV_Generation_eps_1.0_steps_100 - INFO - Batch 425/3783: Clean accuracy 0.7812 | Adv accuracy: 0.0000 
2026-02-09 02:48:25,741 - ADV_Generation_eps_1.0_steps_100 - INFO - Batch:[425] Adversarial images for this batch already exist
2026-02-09 02:48:25,878 - ADV_Generation_eps_1.0_steps_100 - INFO - Batch 426/3783: Clean accuracy 0.7817 | Adv accuracy: 0.0000 
2026-02-09 02:48:25,879 - ADV_Generation_eps_1.0_steps_100 - INFO - Batch:[426] Adversarial images for this batch already exist
2026-02-09 02:48:26,023 - ADV_Generation_eps_1.0_steps_100 - INFO - Batch 427/3783: Clean accuracy 0.7822 | Adv accuracy: 0.0000 
2026-02-09 02:48:26,024 - ADV_Generation_eps_1.0_steps_100 - INFO - Batch:[427] Adversarial images for this batch already exist
2026-02-09 02:48:26,160 - ADV_Generation_eps_1.0_steps_100 - INFO - Batch 428/3783: Clean accuracy 0.7827 | Adv accuracy: 0.0000 
2026-02-09 02:48:26,161 - ADV_Generation_eps_1.0_steps_100 - INFO - Batch:[428] Adversarial images for this batch already exist
2026-02-09 02:48:26,299 - ADV_Generation_eps_1.0_steps_100 - INFO - Batch 429/3783: Clean accuracy 0.7832 | Adv accuracy: 0.0000 
2026-02-09 02:48:26,300 - ADV_Generation_eps_1.0_steps_100 - INFO - Batch:[429] Adversarial images for this batch already exist
2026-02-09 02:48:26,439 - ADV_Generation_eps_1.0_steps_100 - INFO - Batch 430/3783: Clean accuracy 0.7837 | Adv accuracy: 0.0000 
2026-02-09 02:48:26,440 - ADV_Generation_eps_1.0_steps_100 - INFO - Batch:[430] Adversarial images for this batch already exist
2026-02-09 02:48:26,577 - ADV_Generation_eps_1.0_steps_100 - INFO - Batch 431/3783: Clean accuracy 0.7842 | Adv accuracy: 0.0000 
2026-02-09 02:48:26,578 - ADV_Generation_eps_1.0_steps_100 - INFO - Batch:[431] Adversarial images for this batch already exist
2026-02-09 02:48:26,735 - ADV_Generation_eps_1.0_steps_100 - INFO - Batch 432/3783: Clean accuracy 0.7847 | Adv accuracy: 0.0000 
2026-02-09 02:48:26,736 - ADV_Generation_eps_1.0_steps_100 - INFO - Batch:[432] Adversarial images for this batch already exist
2026-02-09 02:48:26,890 - ADV_Generation_eps_1.0_steps_100 - INFO - Batch 433/3783: Clean accuracy 0.7852 | Adv accuracy: 0.0000 
2026-02-09 02:48:26,891 - ADV_Generation_eps_1.0_steps_100 - INFO - Batch:[433] Adversarial images for this batch already exist
2026-02-09 02:48:27,034 - ADV_Generation_eps_1.0_steps_100 - INFO - Batch 434/3783: Clean accuracy 0.7857 | Adv accuracy: 0.0000 
2026-02-09 02:48:27,035 - ADV_Generation_eps_1.0_steps_100 - INFO - Batch:[434] Adversarial images for this batch already exist
2026-02-09 02:48:27,172 - ADV_Generation_eps_1.0_steps_100 - INFO - Batch 435/3783: Clean accuracy 0.7862 | Adv accuracy: 0.0000 
2026-02-09 02:48:27,173 - ADV_Generation_eps_1.0_steps_100 - INFO - Batch:[435] Adversarial images for this batch already exist
2026-02-09 02:48:27,312 - ADV_Generation_eps_1.0_steps_100 - INFO - Batch 436/3783: Clean accuracy 0.7867 | Adv accuracy: 0.0000 
2026-02-09 02:48:27,313 - ADV_Generation_eps_1.0_steps_100 - INFO - Batch:[436] Adversarial images for this batch already exist
2026-02-09 02:48:27,472 - ADV_Generation_eps_1.0_steps_100 - INFO - Batch 437/3783: Clean accuracy 0.7872 | Adv accuracy: 0.0000 
2026-02-09 02:48:27,473 - ADV_Generation_eps_1.0_steps_100 - INFO - Batch:[437] Adversarial images for this batch already exist
2026-02-09 02:48:27,628 - ADV_Generation_eps_1.0_steps_100 - INFO - Batch 438/3783: Clean accuracy 0.7877 | Adv accuracy: 0.0000 
2026-02-09 02:48:27,629 - ADV_Generation_eps_1.0_steps_100 - INFO - Batch:[438] Adversarial images for this batch already exist
2026-02-09 02:48:27,765 - ADV_Generation_eps_1.0_steps_100 - INFO - Batch 439/3783: Clean accuracy 0.7882 | Adv accuracy: 0.0000 
2026-02-09 02:48:27,766 - ADV_Generation_eps_1.0_steps_100 - INFO - Batch:[439] Adversarial images for this batch already exist
2026-02-09 02:48:27,902 - ADV_Generation_eps_1.0_steps_100 - INFO - Batch 440/3783: Clean accuracy 0.7886 | Adv accuracy: 0.0000 
2026-02-09 02:48:27,903 - ADV_Generation_eps_1.0_steps_100 - INFO - Batch:[440] Adversarial images for this batch already exist
2026-02-09 02:48:28,038 - ADV_Generation_eps_1.0_steps_100 - INFO - Batch 441/3783: Clean accuracy 0.7891 | Adv accuracy: 0.0000 
2026-02-09 02:48:28,039 - ADV_Generation_eps_1.0_steps_100 - INFO - Batch:[441] Adversarial images for this batch already exist
2026-02-09 02:48:28,188 - ADV_Generation_eps_1.0_steps_100 - INFO - Batch 442/3783: Clean accuracy 0.7896 | Adv accuracy: 0.0000 
2026-02-09 02:48:28,189 - ADV_Generation_eps_1.0_steps_100 - INFO - Batch:[442] Adversarial images for this batch already exist
2026-02-09 02:48:28,333 - ADV_Generation_eps_1.0_steps_100 - INFO - Batch 443/3783: Clean accuracy 0.7901 | Adv accuracy: 0.0000 
2026-02-09 02:48:28,334 - ADV_Generation_eps_1.0_steps_100 - INFO - Batch:[443] Adversarial images for this batch already exist
2026-02-09 02:48:28,511 - ADV_Generation_eps_1.0_steps_100 - INFO - Batch 444/3783: Clean accuracy 0.7905 | Adv accuracy: 0.0000 
2026-02-09 02:48:28,512 - ADV_Generation_eps_1.0_steps_100 - INFO - Batch:[444] Adversarial images for this batch already exist
2026-02-09 02:48:28,647 - ADV_Generation_eps_1.0_steps_100 - INFO - Batch 445/3783: Clean accuracy 0.7910 | Adv accuracy: 0.0000 
2026-02-09 02:48:28,648 - ADV_Generation_eps_1.0_steps_100 - INFO - Batch:[445] Adversarial images for this batch already exist
2026-02-09 02:48:28,788 - ADV_Generation_eps_1.0_steps_100 - INFO - Batch 446/3783: Clean accuracy 0.7915 | Adv accuracy: 0.0000 
2026-02-09 02:48:28,789 - ADV_Generation_eps_1.0_steps_100 - INFO - Batch:[446] Adversarial images for this batch already exist
2026-02-09 02:48:28,928 - ADV_Generation_eps_1.0_steps_100 - INFO - Batch 447/3783: Clean accuracy 0.7919 | Adv accuracy: 0.0000 
2026-02-09 02:48:28,929 - ADV_Generation_eps_1.0_steps_100 - INFO - Batch:[447] Adversarial images for this batch already exist
2026-02-09 02:48:29,069 - ADV_Generation_eps_1.0_steps_100 - INFO - Batch 448/3783: Clean accuracy 0.7924 | Adv accuracy: 0.0000 
2026-02-09 02:48:29,071 - ADV_Generation_eps_1.0_steps_100 - INFO - Batch:[448] Adversarial images for this batch already exist
2026-02-09 02:48:29,209 - ADV_Generation_eps_1.0_steps_100 - INFO - Batch 449/3783: Clean accuracy 0.7929 | Adv accuracy: 0.0000 
2026-02-09 02:48:29,210 - ADV_Generation_eps_1.0_steps_100 - INFO - Batch:[449] Adversarial images for this batch already exist
2026-02-09 02:48:29,348 - ADV_Generation_eps_1.0_steps_100 - INFO - Batch 450/3783: Clean accuracy 0.7933 | Adv accuracy: 0.0000 
2026-02-09 02:48:29,349 - ADV_Generation_eps_1.0_steps_100 - INFO - Batch:[450] Adversarial images for this batch already exist
2026-02-09 02:48:29,489 - ADV_Generation_eps_1.0_steps_100 - INFO - Batch 451/3783: Clean accuracy 0.7938 | Adv accuracy: 0.0000 
2026-02-09 02:48:29,490 - ADV_Generation_eps_1.0_steps_100 - INFO - Batch:[451] Adversarial images for this batch already exist
2026-02-09 02:48:29,627 - ADV_Generation_eps_1.0_steps_100 - INFO - Batch 452/3783: Clean accuracy 0.7942 | Adv accuracy: 0.0000 
2026-02-09 02:48:29,628 - ADV_Generation_eps_1.0_steps_100 - INFO - Batch:[452] Adversarial images for this batch already exist
2026-02-09 02:48:29,765 - ADV_Generation_eps_1.0_steps_100 - INFO - Batch 453/3783: Clean accuracy 0.7947 | Adv accuracy: 0.0000 
2026-02-09 02:48:29,766 - ADV_Generation_eps_1.0_steps_100 - INFO - Batch:[453] Adversarial images for this batch already exist
2026-02-09 02:48:29,907 - ADV_Generation_eps_1.0_steps_100 - INFO - Batch 454/3783: Clean accuracy 0.7952 | Adv accuracy: 0.0000 
2026-02-09 02:48:29,908 - ADV_Generation_eps_1.0_steps_100 - INFO - Batch:[454] Adversarial images for this batch already exist
2026-02-09 02:48:30,073 - ADV_Generation_eps_1.0_steps_100 - INFO - Batch 455/3783: Clean accuracy 0.7956 | Adv accuracy: 0.0000 
2026-02-09 02:48:30,074 - ADV_Generation_eps_1.0_steps_100 - INFO - Batch:[455] Adversarial images for this batch already exist
2026-02-09 02:48:30,206 - ADV_Generation_eps_1.0_steps_100 - INFO - Batch 456/3783: Clean accuracy 0.7961 | Adv accuracy: 0.0000 
2026-02-09 02:48:30,207 - ADV_Generation_eps_1.0_steps_100 - INFO - Batch:[456] Adversarial images for this batch already exist
2026-02-09 02:48:30,342 - ADV_Generation_eps_1.0_steps_100 - INFO - Batch 457/3783: Clean accuracy 0.7965 | Adv accuracy: 0.0000 
2026-02-09 02:48:30,343 - ADV_Generation_eps_1.0_steps_100 - INFO - Batch:[457] Adversarial images for this batch already exist
2026-02-09 02:48:30,490 - ADV_Generation_eps_1.0_steps_100 - INFO - Batch 458/3783: Clean accuracy 0.7969 | Adv accuracy: 0.0000 
2026-02-09 02:48:30,491 - ADV_Generation_eps_1.0_steps_100 - INFO - Batch:[458] Adversarial images for this batch already exist
2026-02-09 02:48:30,639 - ADV_Generation_eps_1.0_steps_100 - INFO - Batch 459/3783: Clean accuracy 0.7974 | Adv accuracy: 0.0000 
2026-02-09 02:48:30,640 - ADV_Generation_eps_1.0_steps_100 - INFO - Batch:[459] Adversarial images for this batch already exist
2026-02-09 02:48:30,775 - ADV_Generation_eps_1.0_steps_100 - INFO - Batch 460/3783: Clean accuracy 0.7978 | Adv accuracy: 0.0000 
2026-02-09 02:48:30,777 - ADV_Generation_eps_1.0_steps_100 - INFO - Batch:[460] Adversarial images for this batch already exist
2026-02-09 02:48:30,913 - ADV_Generation_eps_1.0_steps_100 - INFO - Batch 461/3783: Clean accuracy 0.7983 | Adv accuracy: 0.0000 
2026-02-09 02:48:30,914 - ADV_Generation_eps_1.0_steps_100 - INFO - Batch:[461] Adversarial images for this batch already exist
2026-02-09 02:48:31,053 - ADV_Generation_eps_1.0_steps_100 - INFO - Batch 462/3783: Clean accuracy 0.7987 | Adv accuracy: 0.0000 
2026-02-09 02:48:31,054 - ADV_Generation_eps_1.0_steps_100 - INFO - Batch:[462] Adversarial images for this batch already exist
2026-02-09 02:48:31,191 - ADV_Generation_eps_1.0_steps_100 - INFO - Batch 463/3783: Clean accuracy 0.7991 | Adv accuracy: 0.0000 
2026-02-09 02:48:31,192 - ADV_Generation_eps_1.0_steps_100 - INFO - Batch:[463] Adversarial images for this batch already exist
2026-02-09 02:48:31,330 - ADV_Generation_eps_1.0_steps_100 - INFO - Batch 464/3783: Clean accuracy 0.7996 | Adv accuracy: 0.0000 
2026-02-09 02:48:31,331 - ADV_Generation_eps_1.0_steps_100 - INFO - Batch:[464] Adversarial images for this batch already exist
2026-02-09 02:48:31,489 - ADV_Generation_eps_1.0_steps_100 - INFO - Batch 465/3783: Clean accuracy 0.8000 | Adv accuracy: 0.0000 
2026-02-09 02:48:31,490 - ADV_Generation_eps_1.0_steps_100 - INFO - Batch:[465] Adversarial images for this batch already exist
2026-02-09 02:48:31,629 - ADV_Generation_eps_1.0_steps_100 - INFO - Batch 466/3783: Clean accuracy 0.8004 | Adv accuracy: 0.0000 
2026-02-09 02:48:31,631 - ADV_Generation_eps_1.0_steps_100 - INFO - Batch:[466] Adversarial images for this batch already exist
2026-02-09 02:48:31,787 - ADV_Generation_eps_1.0_steps_100 - INFO - Batch 467/3783: Clean accuracy 0.8009 | Adv accuracy: 0.0000 
2026-02-09 02:48:31,788 - ADV_Generation_eps_1.0_steps_100 - INFO - Batch:[467] Adversarial images for this batch already exist
2026-02-09 02:48:31,926 - ADV_Generation_eps_1.0_steps_100 - INFO - Batch 468/3783: Clean accuracy 0.8013 | Adv accuracy: 0.0000 
2026-02-09 02:48:31,928 - ADV_Generation_eps_1.0_steps_100 - INFO - Batch:[468] Adversarial images for this batch already exist
2026-02-09 02:48:32,067 - ADV_Generation_eps_1.0_steps_100 - INFO - Batch 469/3783: Clean accuracy 0.8017 | Adv accuracy: 0.0000 
2026-02-09 02:48:32,068 - ADV_Generation_eps_1.0_steps_100 - INFO - Batch:[469] Adversarial images for this batch already exist
2026-02-09 02:48:32,201 - ADV_Generation_eps_1.0_steps_100 - INFO - Batch 470/3783: Clean accuracy 0.8021 | Adv accuracy: 0.0000 
2026-02-09 02:48:32,202 - ADV_Generation_eps_1.0_steps_100 - INFO - Batch:[470] Adversarial images for this batch already exist
2026-02-09 02:48:32,342 - ADV_Generation_eps_1.0_steps_100 - INFO - Batch 471/3783: Clean accuracy 0.8025 | Adv accuracy: 0.0000 
2026-02-09 02:48:32,343 - ADV_Generation_eps_1.0_steps_100 - INFO - Batch:[471] Adversarial images for this batch already exist
2026-02-09 02:48:32,481 - ADV_Generation_eps_1.0_steps_100 - INFO - Batch 472/3783: Clean accuracy 0.8030 | Adv accuracy: 0.0000 
2026-02-09 02:48:32,482 - ADV_Generation_eps_1.0_steps_100 - INFO - Batch:[472] Adversarial images for this batch already exist
2026-02-09 02:48:32,619 - ADV_Generation_eps_1.0_steps_100 - INFO - Batch 473/3783: Clean accuracy 0.8034 | Adv accuracy: 0.0000 
2026-02-09 02:48:32,620 - ADV_Generation_eps_1.0_steps_100 - INFO - Batch:[473] Adversarial images for this batch already exist
2026-02-09 02:48:32,757 - ADV_Generation_eps_1.0_steps_100 - INFO - Batch 474/3783: Clean accuracy 0.8038 | Adv accuracy: 0.0000 
2026-02-09 02:48:32,760 - ADV_Generation_eps_1.0_steps_100 - INFO - Batch:[474] Adversarial images for this batch already exist
2026-02-09 02:48:32,897 - ADV_Generation_eps_1.0_steps_100 - INFO - Batch 475/3783: Clean accuracy 0.8042 | Adv accuracy: 0.0000 
2026-02-09 02:48:32,899 - ADV_Generation_eps_1.0_steps_100 - INFO - Batch:[475] Adversarial images for this batch already exist
2026-02-09 02:48:33,037 - ADV_Generation_eps_1.0_steps_100 - INFO - Batch 476/3783: Clean accuracy 0.8046 | Adv accuracy: 0.0000 
2026-02-09 02:48:33,039 - ADV_Generation_eps_1.0_steps_100 - INFO - Batch:[476] Adversarial images for this batch already exist
2026-02-09 02:48:33,196 - ADV_Generation_eps_1.0_steps_100 - INFO - Batch 477/3783: Clean accuracy 0.8050 | Adv accuracy: 0.0000 
2026-02-09 02:48:33,197 - ADV_Generation_eps_1.0_steps_100 - INFO - Batch:[477] Adversarial images for this batch already exist
2026-02-09 02:48:33,336 - ADV_Generation_eps_1.0_steps_100 - INFO - Batch 478/3783: Clean accuracy 0.8033 | Adv accuracy: 0.0000 
2026-02-09 02:48:33,337 - ADV_Generation_eps_1.0_steps_100 - INFO - Batch:[478] Adversarial images for this batch already exist
2026-02-09 02:48:33,481 - ADV_Generation_eps_1.0_steps_100 - INFO - Batch 479/3783: Clean accuracy 0.8038 | Adv accuracy: 0.0000 
2026-02-09 02:48:33,481 - ADV_Generation_eps_1.0_steps_100 - INFO - Batch:[479] Adversarial images for this batch already exist
2026-02-09 02:48:33,624 - ADV_Generation_eps_1.0_steps_100 - INFO - Batch 480/3783: Clean accuracy 0.8042 | Adv accuracy: 0.0000 
2026-02-09 02:48:33,625 - ADV_Generation_eps_1.0_steps_100 - INFO - Batch:[480] Adversarial images for this batch already exist
2026-02-09 02:48:33,763 - ADV_Generation_eps_1.0_steps_100 - INFO - Batch 481/3783: Clean accuracy 0.8046 | Adv accuracy: 0.0000 
2026-02-09 02:48:33,764 - ADV_Generation_eps_1.0_steps_100 - INFO - Batch:[481] Adversarial images for this batch already exist
2026-02-09 02:48:33,903 - ADV_Generation_eps_1.0_steps_100 - INFO - Batch 482/3783: Clean accuracy 0.8050 | Adv accuracy: 0.0000 
2026-02-09 02:48:33,904 - ADV_Generation_eps_1.0_steps_100 - INFO - Batch:[482] Adversarial images for this batch already exist
2026-02-09 02:48:34,041 - ADV_Generation_eps_1.0_steps_100 - INFO - Batch 483/3783: Clean accuracy 0.8054 | Adv accuracy: 0.0000 
2026-02-09 02:48:34,042 - ADV_Generation_eps_1.0_steps_100 - INFO - Batch:[483] Adversarial images for this batch already exist
2026-02-09 02:48:34,196 - ADV_Generation_eps_1.0_steps_100 - INFO - Batch 484/3783: Clean accuracy 0.8058 | Adv accuracy: 0.0000 
2026-02-09 02:48:34,197 - ADV_Generation_eps_1.0_steps_100 - INFO - Batch:[484] Adversarial images for this batch already exist
2026-02-09 02:48:34,392 - ADV_Generation_eps_1.0_steps_100 - INFO - Batch 485/3783: Clean accuracy 0.8062 | Adv accuracy: 0.0000 
2026-02-09 02:48:34,393 - ADV_Generation_eps_1.0_steps_100 - INFO - Batch:[485] Adversarial images for this batch already exist
2026-02-09 02:48:34,533 - ADV_Generation_eps_1.0_steps_100 - INFO - Batch 486/3783: Clean accuracy 0.8066 | Adv accuracy: 0.0000 
2026-02-09 02:48:34,534 - ADV_Generation_eps_1.0_steps_100 - INFO - Batch:[486] Adversarial images for this batch already exist
2026-02-09 02:48:34,672 - ADV_Generation_eps_1.0_steps_100 - INFO - Batch 487/3783: Clean accuracy 0.8070 | Adv accuracy: 0.0000 
2026-02-09 02:48:34,673 - ADV_Generation_eps_1.0_steps_100 - INFO - Batch:[487] Adversarial images for this batch already exist
2026-02-09 02:48:34,802 - ADV_Generation_eps_1.0_steps_100 - INFO - Batch 488/3783: Clean accuracy 0.8074 | Adv accuracy: 0.0000 
2026-02-09 02:48:34,803 - ADV_Generation_eps_1.0_steps_100 - INFO - Batch:[488] Adversarial images for this batch already exist
2026-02-09 02:48:34,944 - ADV_Generation_eps_1.0_steps_100 - INFO - Batch 489/3783: Clean accuracy 0.8078 | Adv accuracy: 0.0000 
2026-02-09 02:48:34,945 - ADV_Generation_eps_1.0_steps_100 - INFO - Batch:[489] Adversarial images for this batch already exist
2026-02-09 02:48:35,087 - ADV_Generation_eps_1.0_steps_100 - INFO - Batch 490/3783: Clean accuracy 0.8082 | Adv accuracy: 0.0000 
2026-02-09 02:48:35,088 - ADV_Generation_eps_1.0_steps_100 - INFO - Batch:[490] Adversarial images for this batch already exist
2026-02-09 02:48:35,229 - ADV_Generation_eps_1.0_steps_100 - INFO - Batch 491/3783: Clean accuracy 0.8086 | Adv accuracy: 0.0000 
2026-02-09 02:48:35,230 - ADV_Generation_eps_1.0_steps_100 - INFO - Batch:[491] Adversarial images for this batch already exist
2026-02-09 02:48:35,368 - ADV_Generation_eps_1.0_steps_100 - INFO - Batch 492/3783: Clean accuracy 0.8089 | Adv accuracy: 0.0000 
2026-02-09 02:48:35,369 - ADV_Generation_eps_1.0_steps_100 - INFO - Batch:[492] Adversarial images for this batch already exist
2026-02-09 02:48:35,508 - ADV_Generation_eps_1.0_steps_100 - INFO - Batch 493/3783: Clean accuracy 0.8093 | Adv accuracy: 0.0000 
2026-02-09 02:48:35,509 - ADV_Generation_eps_1.0_steps_100 - INFO - Batch:[493] Adversarial images for this batch already exist
2026-02-09 02:48:35,647 - ADV_Generation_eps_1.0_steps_100 - INFO - Batch 494/3783: Clean accuracy 0.8077 | Adv accuracy: 0.0000 
2026-02-09 02:48:35,648 - ADV_Generation_eps_1.0_steps_100 - INFO - Batch:[494] Adversarial images for this batch already exist
2026-02-09 02:48:35,785 - ADV_Generation_eps_1.0_steps_100 - INFO - Batch 495/3783: Clean accuracy 0.8081 | Adv accuracy: 0.0000 
2026-02-09 02:48:35,786 - ADV_Generation_eps_1.0_steps_100 - INFO - Batch:[495] Adversarial images for this batch already exist
2026-02-09 02:48:35,924 - ADV_Generation_eps_1.0_steps_100 - INFO - Batch 496/3783: Clean accuracy 0.8085 | Adv accuracy: 0.0000 
2026-02-09 02:48:35,925 - ADV_Generation_eps_1.0_steps_100 - INFO - Batch:[496] Adversarial images for this batch already exist
2026-02-09 02:48:36,110 - ADV_Generation_eps_1.0_steps_100 - INFO - Batch 497/3783: Clean accuracy 0.8068 | Adv accuracy: 0.0000 
2026-02-09 02:48:36,111 - ADV_Generation_eps_1.0_steps_100 - INFO - Batch:[497] Adversarial images for this batch already exist
2026-02-09 02:48:36,279 - ADV_Generation_eps_1.0_steps_100 - INFO - Batch 498/3783: Clean accuracy 0.8052 | Adv accuracy: 0.0000 
2026-02-09 02:48:36,280 - ADV_Generation_eps_1.0_steps_100 - INFO - Batch:[498] Adversarial images for this batch already exist
2026-02-09 02:48:36,420 - ADV_Generation_eps_1.0_steps_100 - INFO - Batch 499/3783: Clean accuracy 0.8056 | Adv accuracy: 0.0000 
2026-02-09 02:48:36,420 - ADV_Generation_eps_1.0_steps_100 - INFO - Batch:[499] Adversarial images for this batch already exist
2026-02-09 02:48:36,558 - ADV_Generation_eps_1.0_steps_100 - INFO - Batch 500/3783: Clean accuracy 0.8060 | Adv accuracy: 0.0000 
2026-02-09 02:48:36,559 - ADV_Generation_eps_1.0_steps_100 - INFO - Batch:[500] Adversarial images for this batch already exist
2026-02-09 02:48:36,696 - ADV_Generation_eps_1.0_steps_100 - INFO - Batch 501/3783: Clean accuracy 0.8044 | Adv accuracy: 0.0000 
2026-02-09 02:48:36,697 - ADV_Generation_eps_1.0_steps_100 - INFO - Batch:[501] Adversarial images for this batch already exist
2026-02-09 02:48:36,833 - ADV_Generation_eps_1.0_steps_100 - INFO - Batch 502/3783: Clean accuracy 0.8048 | Adv accuracy: 0.0000 
2026-02-09 02:48:36,835 - ADV_Generation_eps_1.0_steps_100 - INFO - Batch:[502] Adversarial images for this batch already exist
2026-02-09 02:48:36,973 - ADV_Generation_eps_1.0_steps_100 - INFO - Batch 503/3783: Clean accuracy 0.8052 | Adv accuracy: 0.0000 
2026-02-09 02:48:36,974 - ADV_Generation_eps_1.0_steps_100 - INFO - Batch:[503] Adversarial images for this batch already exist
2026-02-09 02:48:37,145 - ADV_Generation_eps_1.0_steps_100 - INFO - Batch 504/3783: Clean accuracy 0.8056 | Adv accuracy: 0.0000 
2026-02-09 02:48:37,146 - ADV_Generation_eps_1.0_steps_100 - INFO - Batch:[504] Adversarial images for this batch already exist
2026-02-09 02:48:37,295 - ADV_Generation_eps_1.0_steps_100 - INFO - Batch 505/3783: Clean accuracy 0.8059 | Adv accuracy: 0.0000 
2026-02-09 02:48:37,296 - ADV_Generation_eps_1.0_steps_100 - INFO - Batch:[505] Adversarial images for this batch already exist
2026-02-09 02:48:37,432 - ADV_Generation_eps_1.0_steps_100 - INFO - Batch 506/3783: Clean accuracy 0.8063 | Adv accuracy: 0.0000 
2026-02-09 02:48:37,433 - ADV_Generation_eps_1.0_steps_100 - INFO - Batch:[506] Adversarial images for this batch already exist
2026-02-09 02:48:37,567 - ADV_Generation_eps_1.0_steps_100 - INFO - Batch 507/3783: Clean accuracy 0.8067 | Adv accuracy: 0.0000 
2026-02-09 02:48:37,568 - ADV_Generation_eps_1.0_steps_100 - INFO - Batch:[507] Adversarial images for this batch already exist
2026-02-09 02:48:37,705 - ADV_Generation_eps_1.0_steps_100 - INFO - Batch 508/3783: Clean accuracy 0.8071 | Adv accuracy: 0.0000 
2026-02-09 02:48:37,706 - ADV_Generation_eps_1.0_steps_100 - INFO - Batch:[508] Adversarial images for this batch already exist
2026-02-09 02:48:37,845 - ADV_Generation_eps_1.0_steps_100 - INFO - Batch 509/3783: Clean accuracy 0.8075 | Adv accuracy: 0.0000 
2026-02-09 02:48:37,846 - ADV_Generation_eps_1.0_steps_100 - INFO - Batch:[509] Adversarial images for this batch already exist
2026-02-09 02:48:37,987 - ADV_Generation_eps_1.0_steps_100 - INFO - Batch 510/3783: Clean accuracy 0.8078 | Adv accuracy: 0.0000 
2026-02-09 02:48:37,988 - ADV_Generation_eps_1.0_steps_100 - INFO - Batch:[510] Adversarial images for this batch already exist
2026-02-09 02:48:38,129 - ADV_Generation_eps_1.0_steps_100 - INFO - Batch 511/3783: Clean accuracy 0.8082 | Adv accuracy: 0.0000 
2026-02-09 02:48:38,130 - ADV_Generation_eps_1.0_steps_100 - INFO - Batch:[511] Adversarial images for this batch already exist
2026-02-09 02:48:38,298 - ADV_Generation_eps_1.0_steps_100 - INFO - Batch 512/3783: Clean accuracy 0.8086 | Adv accuracy: 0.0000 
2026-02-09 02:48:38,299 - ADV_Generation_eps_1.0_steps_100 - INFO - Batch:[512] Adversarial images for this batch already exist
2026-02-09 02:48:38,439 - ADV_Generation_eps_1.0_steps_100 - INFO - Batch 513/3783: Clean accuracy 0.8090 | Adv accuracy: 0.0000 
2026-02-09 02:48:38,440 - ADV_Generation_eps_1.0_steps_100 - INFO - Batch:[513] Adversarial images for this batch already exist
2026-02-09 02:48:38,586 - ADV_Generation_eps_1.0_steps_100 - INFO - Batch 514/3783: Clean accuracy 0.8093 | Adv accuracy: 0.0000 
2026-02-09 02:48:38,587 - ADV_Generation_eps_1.0_steps_100 - INFO - Batch:[514] Adversarial images for this batch already exist
2026-02-09 02:48:38,731 - ADV_Generation_eps_1.0_steps_100 - INFO - Batch 515/3783: Clean accuracy 0.8097 | Adv accuracy: 0.0000 
2026-02-09 02:48:38,732 - ADV_Generation_eps_1.0_steps_100 - INFO - Batch:[515] Adversarial images for this batch already exist
2026-02-09 02:48:38,882 - ADV_Generation_eps_1.0_steps_100 - INFO - Batch 516/3783: Clean accuracy 0.8101 | Adv accuracy: 0.0000 
2026-02-09 02:48:38,883 - ADV_Generation_eps_1.0_steps_100 - INFO - Batch:[516] Adversarial images for this batch already exist
2026-02-09 02:48:39,018 - ADV_Generation_eps_1.0_steps_100 - INFO - Batch 517/3783: Clean accuracy 0.8104 | Adv accuracy: 0.0000 
2026-02-09 02:48:39,019 - ADV_Generation_eps_1.0_steps_100 - INFO - Batch:[517] Adversarial images for this batch already exist
2026-02-09 02:48:39,152 - ADV_Generation_eps_1.0_steps_100 - INFO - Batch 518/3783: Clean accuracy 0.8108 | Adv accuracy: 0.0000 
2026-02-09 02:48:39,153 - ADV_Generation_eps_1.0_steps_100 - INFO - Batch:[518] Adversarial images for this batch already exist
2026-02-09 02:48:39,292 - ADV_Generation_eps_1.0_steps_100 - INFO - Batch 519/3783: Clean accuracy 0.8112 | Adv accuracy: 0.0000 
2026-02-09 02:48:39,293 - ADV_Generation_eps_1.0_steps_100 - INFO - Batch:[519] Adversarial images for this batch already exist
2026-02-09 02:48:39,440 - ADV_Generation_eps_1.0_steps_100 - INFO - Batch 520/3783: Clean accuracy 0.8115 | Adv accuracy: 0.0000 
2026-02-09 02:48:39,441 - ADV_Generation_eps_1.0_steps_100 - INFO - Batch:[520] Adversarial images for this batch already exist
2026-02-09 02:48:39,605 - ADV_Generation_eps_1.0_steps_100 - INFO - Batch 521/3783: Clean accuracy 0.8119 | Adv accuracy: 0.0000 
2026-02-09 02:48:39,606 - ADV_Generation_eps_1.0_steps_100 - INFO - Batch:[521] Adversarial images for this batch already exist
2026-02-09 02:48:39,742 - ADV_Generation_eps_1.0_steps_100 - INFO - Batch 522/3783: Clean accuracy 0.8123 | Adv accuracy: 0.0000 
2026-02-09 02:48:39,743 - ADV_Generation_eps_1.0_steps_100 - INFO - Batch:[522] Adversarial images for this batch already exist
2026-02-09 02:48:39,885 - ADV_Generation_eps_1.0_steps_100 - INFO - Batch 523/3783: Clean accuracy 0.8126 | Adv accuracy: 0.0000 
2026-02-09 02:48:39,887 - ADV_Generation_eps_1.0_steps_100 - INFO - Batch:[523] Adversarial images for this batch already exist
2026-02-09 02:48:40,023 - ADV_Generation_eps_1.0_steps_100 - INFO - Batch 524/3783: Clean accuracy 0.8130 | Adv accuracy: 0.0000 
2026-02-09 02:48:40,024 - ADV_Generation_eps_1.0_steps_100 - INFO - Batch:[524] Adversarial images for this batch already exist
2026-02-09 02:48:40,163 - ADV_Generation_eps_1.0_steps_100 - INFO - Batch 525/3783: Clean accuracy 0.8133 | Adv accuracy: 0.0000 
2026-02-09 02:48:40,165 - ADV_Generation_eps_1.0_steps_100 - INFO - Batch:[525] Adversarial images for this batch already exist
2026-02-09 02:48:40,299 - ADV_Generation_eps_1.0_steps_100 - INFO - Batch 526/3783: Clean accuracy 0.8137 | Adv accuracy: 0.0000 
2026-02-09 02:48:40,300 - ADV_Generation_eps_1.0_steps_100 - INFO - Batch:[526] Adversarial images for this batch already exist
2026-02-09 02:48:40,437 - ADV_Generation_eps_1.0_steps_100 - INFO - Batch 527/3783: Clean accuracy 0.8140 | Adv accuracy: 0.0000 
2026-02-09 02:48:40,438 - ADV_Generation_eps_1.0_steps_100 - INFO - Batch:[527] Adversarial images for this batch already exist
2026-02-09 02:48:40,578 - ADV_Generation_eps_1.0_steps_100 - INFO - Batch 528/3783: Clean accuracy 0.8144 | Adv accuracy: 0.0000 
2026-02-09 02:48:40,579 - ADV_Generation_eps_1.0_steps_100 - INFO - Batch:[528] Adversarial images for this batch already exist
2026-02-09 02:48:40,713 - ADV_Generation_eps_1.0_steps_100 - INFO - Batch 529/3783: Clean accuracy 0.8147 | Adv accuracy: 0.0000 
2026-02-09 02:48:40,714 - ADV_Generation_eps_1.0_steps_100 - INFO - Batch:[529] Adversarial images for this batch already exist
2026-02-09 02:48:40,856 - ADV_Generation_eps_1.0_steps_100 - INFO - Batch 530/3783: Clean accuracy 0.8151 | Adv accuracy: 0.0000 
2026-02-09 02:48:40,857 - ADV_Generation_eps_1.0_steps_100 - INFO - Batch:[530] Adversarial images for this batch already exist
2026-02-09 02:48:40,998 - ADV_Generation_eps_1.0_steps_100 - INFO - Batch 531/3783: Clean accuracy 0.8154 | Adv accuracy: 0.0000 
2026-02-09 02:48:40,999 - ADV_Generation_eps_1.0_steps_100 - INFO - Batch:[531] Adversarial images for this batch already exist
2026-02-09 02:48:41,138 - ADV_Generation_eps_1.0_steps_100 - INFO - Batch 532/3783: Clean accuracy 0.8158 | Adv accuracy: 0.0000 
2026-02-09 02:48:41,139 - ADV_Generation_eps_1.0_steps_100 - INFO - Batch:[532] Adversarial images for this batch already exist
2026-02-09 02:48:41,276 - ADV_Generation_eps_1.0_steps_100 - INFO - Batch 533/3783: Clean accuracy 0.8161 | Adv accuracy: 0.0000 
2026-02-09 02:48:41,277 - ADV_Generation_eps_1.0_steps_100 - INFO - Batch:[533] Adversarial images for this batch already exist
2026-02-09 02:48:41,411 - ADV_Generation_eps_1.0_steps_100 - INFO - Batch 534/3783: Clean accuracy 0.8165 | Adv accuracy: 0.0000 
2026-02-09 02:48:41,412 - ADV_Generation_eps_1.0_steps_100 - INFO - Batch:[534] Adversarial images for this batch already exist
2026-02-09 02:48:41,546 - ADV_Generation_eps_1.0_steps_100 - INFO - Batch 535/3783: Clean accuracy 0.8168 | Adv accuracy: 0.0000 
2026-02-09 02:48:41,547 - ADV_Generation_eps_1.0_steps_100 - INFO - Batch:[535] Adversarial images for this batch already exist
2026-02-09 02:48:41,691 - ADV_Generation_eps_1.0_steps_100 - INFO - Batch 536/3783: Clean accuracy 0.8172 | Adv accuracy: 0.0000 
2026-02-09 02:48:41,692 - ADV_Generation_eps_1.0_steps_100 - INFO - Batch:[536] Adversarial images for this batch already exist
2026-02-09 02:48:41,840 - ADV_Generation_eps_1.0_steps_100 - INFO - Batch 537/3783: Clean accuracy 0.8175 | Adv accuracy: 0.0000 
2026-02-09 02:48:41,841 - ADV_Generation_eps_1.0_steps_100 - INFO - Batch:[537] Adversarial images for this batch already exist
2026-02-09 02:48:41,991 - ADV_Generation_eps_1.0_steps_100 - INFO - Batch 538/3783: Clean accuracy 0.8178 | Adv accuracy: 0.0000 
2026-02-09 02:48:41,993 - ADV_Generation_eps_1.0_steps_100 - INFO - Batch:[538] Adversarial images for this batch already exist
2026-02-09 02:48:42,131 - ADV_Generation_eps_1.0_steps_100 - INFO - Batch 539/3783: Clean accuracy 0.8163 | Adv accuracy: 0.0000 
2026-02-09 02:48:42,132 - ADV_Generation_eps_1.0_steps_100 - INFO - Batch:[539] Adversarial images for this batch already exist
2026-02-09 02:48:42,275 - ADV_Generation_eps_1.0_steps_100 - INFO - Batch 540/3783: Clean accuracy 0.8148 | Adv accuracy: 0.0000 
2026-02-09 02:48:42,276 - ADV_Generation_eps_1.0_steps_100 - INFO - Batch:[540] Adversarial images for this batch already exist
2026-02-09 02:48:42,414 - ADV_Generation_eps_1.0_steps_100 - INFO - Batch 541/3783: Clean accuracy 0.8133 | Adv accuracy: 0.0000 
2026-02-09 02:48:42,415 - ADV_Generation_eps_1.0_steps_100 - INFO - Batch:[541] Adversarial images for this batch already exist
2026-02-09 02:48:42,556 - ADV_Generation_eps_1.0_steps_100 - INFO - Batch 542/3783: Clean accuracy 0.8118 | Adv accuracy: 0.0000 
2026-02-09 02:48:42,557 - ADV_Generation_eps_1.0_steps_100 - INFO - Batch:[542] Adversarial images for this batch already exist
2026-02-09 02:48:42,695 - ADV_Generation_eps_1.0_steps_100 - INFO - Batch 543/3783: Clean accuracy 0.8122 | Adv accuracy: 0.0000 
2026-02-09 02:48:42,696 - ADV_Generation_eps_1.0_steps_100 - INFO - Batch:[543] Adversarial images for this batch already exist
2026-02-09 02:48:42,833 - ADV_Generation_eps_1.0_steps_100 - INFO - Batch 544/3783: Clean accuracy 0.8125 | Adv accuracy: 0.0000 
2026-02-09 02:48:42,834 - ADV_Generation_eps_1.0_steps_100 - INFO - Batch:[544] Adversarial images for this batch already exist
2026-02-09 02:48:42,971 - ADV_Generation_eps_1.0_steps_100 - INFO - Batch 545/3783: Clean accuracy 0.8110 | Adv accuracy: 0.0000 
2026-02-09 02:48:42,972 - ADV_Generation_eps_1.0_steps_100 - INFO - Batch:[545] Adversarial images for this batch already exist
2026-02-09 02:48:43,108 - ADV_Generation_eps_1.0_steps_100 - INFO - Batch 546/3783: Clean accuracy 0.8114 | Adv accuracy: 0.0000 
2026-02-09 02:48:43,110 - ADV_Generation_eps_1.0_steps_100 - INFO - Batch:[546] Adversarial images for this batch already exist
2026-02-09 02:48:43,246 - ADV_Generation_eps_1.0_steps_100 - INFO - Batch 547/3783: Clean accuracy 0.8099 | Adv accuracy: 0.0000 
2026-02-09 02:48:43,247 - ADV_Generation_eps_1.0_steps_100 - INFO - Batch:[547] Adversarial images for this batch already exist
2026-02-09 02:48:43,382 - ADV_Generation_eps_1.0_steps_100 - INFO - Batch 548/3783: Clean accuracy 0.8084 | Adv accuracy: 0.0000 
2026-02-09 02:48:43,383 - ADV_Generation_eps_1.0_steps_100 - INFO - Batch:[548] Adversarial images for this batch already exist
2026-02-09 02:48:43,525 - ADV_Generation_eps_1.0_steps_100 - INFO - Batch 549/3783: Clean accuracy 0.8069 | Adv accuracy: 0.0000 
2026-02-09 02:48:43,527 - ADV_Generation_eps_1.0_steps_100 - INFO - Batch:[549] Adversarial images for this batch already exist
2026-02-09 02:48:43,665 - ADV_Generation_eps_1.0_steps_100 - INFO - Batch 550/3783: Clean accuracy 0.8055 | Adv accuracy: 0.0000 
2026-02-09 02:48:43,666 - ADV_Generation_eps_1.0_steps_100 - INFO - Batch:[550] Adversarial images for this batch already exist
2026-02-09 02:48:43,808 - ADV_Generation_eps_1.0_steps_100 - INFO - Batch 551/3783: Clean accuracy 0.8040 | Adv accuracy: 0.0000 
2026-02-09 02:48:43,810 - ADV_Generation_eps_1.0_steps_100 - INFO - Batch:[551] Adversarial images for this batch already exist
2026-02-09 02:48:43,945 - ADV_Generation_eps_1.0_steps_100 - INFO - Batch 552/3783: Clean accuracy 0.8025 | Adv accuracy: 0.0000 
2026-02-09 02:48:43,946 - ADV_Generation_eps_1.0_steps_100 - INFO - Batch:[552] Adversarial images for this batch already exist
2026-02-09 02:48:44,086 - ADV_Generation_eps_1.0_steps_100 - INFO - Batch 553/3783: Clean accuracy 0.8029 | Adv accuracy: 0.0000 
2026-02-09 02:48:44,087 - ADV_Generation_eps_1.0_steps_100 - INFO - Batch:[553] Adversarial images for this batch already exist
2026-02-09 02:48:44,226 - ADV_Generation_eps_1.0_steps_100 - INFO - Batch 554/3783: Clean accuracy 0.8032 | Adv accuracy: 0.0000 
2026-02-09 02:48:44,227 - ADV_Generation_eps_1.0_steps_100 - INFO - Batch:[554] Adversarial images for this batch already exist
2026-02-09 02:48:44,363 - ADV_Generation_eps_1.0_steps_100 - INFO - Batch 555/3783: Clean accuracy 0.8036 | Adv accuracy: 0.0000 
2026-02-09 02:48:44,364 - ADV_Generation_eps_1.0_steps_100 - INFO - Batch:[555] Adversarial images for this batch already exist
2026-02-09 02:48:44,496 - ADV_Generation_eps_1.0_steps_100 - INFO - Batch 556/3783: Clean accuracy 0.8040 | Adv accuracy: 0.0000 
2026-02-09 02:48:44,497 - ADV_Generation_eps_1.0_steps_100 - INFO - Batch:[556] Adversarial images for this batch already exist
2026-02-09 02:48:44,634 - ADV_Generation_eps_1.0_steps_100 - INFO - Batch 557/3783: Clean accuracy 0.8043 | Adv accuracy: 0.0000 
2026-02-09 02:48:44,635 - ADV_Generation_eps_1.0_steps_100 - INFO - Batch:[557] Adversarial images for this batch already exist
2026-02-09 02:48:44,781 - ADV_Generation_eps_1.0_steps_100 - INFO - Batch 558/3783: Clean accuracy 0.8047 | Adv accuracy: 0.0000 
2026-02-09 02:48:44,782 - ADV_Generation_eps_1.0_steps_100 - INFO - Batch:[558] Adversarial images for this batch already exist
2026-02-09 02:48:44,926 - ADV_Generation_eps_1.0_steps_100 - INFO - Batch 559/3783: Clean accuracy 0.8050 | Adv accuracy: 0.0000 
2026-02-09 02:48:44,927 - ADV_Generation_eps_1.0_steps_100 - INFO - Batch:[559] Adversarial images for this batch already exist
2026-02-09 02:48:45,065 - ADV_Generation_eps_1.0_steps_100 - INFO - Batch 560/3783: Clean accuracy 0.8054 | Adv accuracy: 0.0000 
2026-02-09 02:48:45,066 - ADV_Generation_eps_1.0_steps_100 - INFO - Batch:[560] Adversarial images for this batch already exist
2026-02-09 02:48:45,203 - ADV_Generation_eps_1.0_steps_100 - INFO - Batch 561/3783: Clean accuracy 0.8039 | Adv accuracy: 0.0000 
2026-02-09 02:48:45,204 - ADV_Generation_eps_1.0_steps_100 - INFO - Batch:[561] Adversarial images for this batch already exist
2026-02-09 02:48:45,346 - ADV_Generation_eps_1.0_steps_100 - INFO - Batch 562/3783: Clean accuracy 0.8043 | Adv accuracy: 0.0000 
2026-02-09 02:48:45,347 - ADV_Generation_eps_1.0_steps_100 - INFO - Batch:[562] Adversarial images for this batch already exist
2026-02-09 02:48:45,487 - ADV_Generation_eps_1.0_steps_100 - INFO - Batch 563/3783: Clean accuracy 0.8028 | Adv accuracy: 0.0000 
2026-02-09 02:48:45,488 - ADV_Generation_eps_1.0_steps_100 - INFO - Batch:[563] Adversarial images for this batch already exist
2026-02-09 02:48:45,639 - ADV_Generation_eps_1.0_steps_100 - INFO - Batch 564/3783: Clean accuracy 0.8014 | Adv accuracy: 0.0000 
2026-02-09 02:48:45,640 - ADV_Generation_eps_1.0_steps_100 - INFO - Batch:[564] Adversarial images for this batch already exist
2026-02-09 02:48:45,778 - ADV_Generation_eps_1.0_steps_100 - INFO - Batch 565/3783: Clean accuracy 0.8018 | Adv accuracy: 0.0000 
2026-02-09 02:48:45,779 - ADV_Generation_eps_1.0_steps_100 - INFO - Batch:[565] Adversarial images for this batch already exist
2026-02-09 02:48:45,930 - ADV_Generation_eps_1.0_steps_100 - INFO - Batch 566/3783: Clean accuracy 0.8021 | Adv accuracy: 0.0000 
2026-02-09 02:48:45,931 - ADV_Generation_eps_1.0_steps_100 - INFO - Batch:[566] Adversarial images for this batch already exist
2026-02-09 02:48:46,068 - ADV_Generation_eps_1.0_steps_100 - INFO - Batch 567/3783: Clean accuracy 0.8007 | Adv accuracy: 0.0000 
2026-02-09 02:48:46,069 - ADV_Generation_eps_1.0_steps_100 - INFO - Batch:[567] Adversarial images for this batch already exist
2026-02-09 02:48:46,211 - ADV_Generation_eps_1.0_steps_100 - INFO - Batch 568/3783: Clean accuracy 0.7993 | Adv accuracy: 0.0000 
2026-02-09 02:48:46,212 - ADV_Generation_eps_1.0_steps_100 - INFO - Batch:[568] Adversarial images for this batch already exist
2026-02-09 02:48:46,346 - ADV_Generation_eps_1.0_steps_100 - INFO - Batch 569/3783: Clean accuracy 0.7996 | Adv accuracy: 0.0000 
2026-02-09 02:48:46,347 - ADV_Generation_eps_1.0_steps_100 - INFO - Batch:[569] Adversarial images for this batch already exist
2026-02-09 02:48:46,482 - ADV_Generation_eps_1.0_steps_100 - INFO - Batch 570/3783: Clean accuracy 0.8000 | Adv accuracy: 0.0000 
2026-02-09 02:48:46,483 - ADV_Generation_eps_1.0_steps_100 - INFO - Batch:[570] Adversarial images for this batch already exist
2026-02-09 02:48:46,622 - ADV_Generation_eps_1.0_steps_100 - INFO - Batch 571/3783: Clean accuracy 0.8004 | Adv accuracy: 0.0000 
2026-02-09 02:48:46,623 - ADV_Generation_eps_1.0_steps_100 - INFO - Batch:[571] Adversarial images for this batch already exist
2026-02-09 02:48:46,751 - ADV_Generation_eps_1.0_steps_100 - INFO - Batch 572/3783: Clean accuracy 0.8007 | Adv accuracy: 0.0000 
2026-02-09 02:48:46,752 - ADV_Generation_eps_1.0_steps_100 - INFO - Batch:[572] Adversarial images for this batch already exist
2026-02-09 02:48:46,892 - ADV_Generation_eps_1.0_steps_100 - INFO - Batch 573/3783: Clean accuracy 0.8010 | Adv accuracy: 0.0000 
2026-02-09 02:48:46,893 - ADV_Generation_eps_1.0_steps_100 - INFO - Batch:[573] Adversarial images for this batch already exist
2026-02-09 02:48:47,026 - ADV_Generation_eps_1.0_steps_100 - INFO - Batch 574/3783: Clean accuracy 0.8014 | Adv accuracy: 0.0000 
2026-02-09 02:48:47,027 - ADV_Generation_eps_1.0_steps_100 - INFO - Batch:[574] Adversarial images for this batch already exist
2026-02-09 02:48:47,163 - ADV_Generation_eps_1.0_steps_100 - INFO - Batch 575/3783: Clean accuracy 0.8017 | Adv accuracy: 0.0000 
2026-02-09 02:48:47,164 - ADV_Generation_eps_1.0_steps_100 - INFO - Batch:[575] Adversarial images for this batch already exist
2026-02-09 02:48:47,338 - ADV_Generation_eps_1.0_steps_100 - INFO - Batch 576/3783: Clean accuracy 0.8021 | Adv accuracy: 0.0000 
2026-02-09 02:48:47,339 - ADV_Generation_eps_1.0_steps_100 - INFO - Batch:[576] Adversarial images for this batch already exist
2026-02-09 02:48:47,480 - ADV_Generation_eps_1.0_steps_100 - INFO - Batch 577/3783: Clean accuracy 0.8024 | Adv accuracy: 0.0000 
2026-02-09 02:48:47,481 - ADV_Generation_eps_1.0_steps_100 - INFO - Batch:[577] Adversarial images for this batch already exist
2026-02-09 02:48:47,619 - ADV_Generation_eps_1.0_steps_100 - INFO - Batch 578/3783: Clean accuracy 0.8028 | Adv accuracy: 0.0000 
2026-02-09 02:48:47,620 - ADV_Generation_eps_1.0_steps_100 - INFO - Batch:[578] Adversarial images for this batch already exist
2026-02-09 02:48:47,762 - ADV_Generation_eps_1.0_steps_100 - INFO - Batch 579/3783: Clean accuracy 0.8031 | Adv accuracy: 0.0000 
2026-02-09 02:48:47,763 - ADV_Generation_eps_1.0_steps_100 - INFO - Batch:[579] Adversarial images for this batch already exist
2026-02-09 02:48:47,903 - ADV_Generation_eps_1.0_steps_100 - INFO - Batch 580/3783: Clean accuracy 0.8034 | Adv accuracy: 0.0000 
2026-02-09 02:48:47,904 - ADV_Generation_eps_1.0_steps_100 - INFO - Batch:[580] Adversarial images for this batch already exist
2026-02-09 02:48:48,041 - ADV_Generation_eps_1.0_steps_100 - INFO - Batch 581/3783: Clean accuracy 0.8038 | Adv accuracy: 0.0000 
2026-02-09 02:48:48,042 - ADV_Generation_eps_1.0_steps_100 - INFO - Batch:[581] Adversarial images for this batch already exist
2026-02-09 02:48:48,184 - ADV_Generation_eps_1.0_steps_100 - INFO - Batch 582/3783: Clean accuracy 0.8041 | Adv accuracy: 0.0000 
2026-02-09 02:48:48,185 - ADV_Generation_eps_1.0_steps_100 - INFO - Batch:[582] Adversarial images for this batch already exist
2026-02-09 02:48:48,327 - ADV_Generation_eps_1.0_steps_100 - INFO - Batch 583/3783: Clean accuracy 0.8045 | Adv accuracy: 0.0000 
2026-02-09 02:48:48,328 - ADV_Generation_eps_1.0_steps_100 - INFO - Batch:[583] Adversarial images for this batch already exist
2026-02-09 02:48:48,462 - ADV_Generation_eps_1.0_steps_100 - INFO - Batch 584/3783: Clean accuracy 0.8048 | Adv accuracy: 0.0000 
2026-02-09 02:48:48,464 - ADV_Generation_eps_1.0_steps_100 - INFO - Batch:[584] Adversarial images for this batch already exist
2026-02-09 02:48:48,635 - ADV_Generation_eps_1.0_steps_100 - INFO - Batch 585/3783: Clean accuracy 0.8051 | Adv accuracy: 0.0000 
2026-02-09 02:48:48,637 - ADV_Generation_eps_1.0_steps_100 - INFO - Batch:[585] Adversarial images for this batch already exist
2026-02-09 02:48:48,775 - ADV_Generation_eps_1.0_steps_100 - INFO - Batch 586/3783: Clean accuracy 0.8055 | Adv accuracy: 0.0000 
2026-02-09 02:48:48,776 - ADV_Generation_eps_1.0_steps_100 - INFO - Batch:[586] Adversarial images for this batch already exist
2026-02-09 02:48:48,915 - ADV_Generation_eps_1.0_steps_100 - INFO - Batch 587/3783: Clean accuracy 0.8058 | Adv accuracy: 0.0000 
2026-02-09 02:48:48,916 - ADV_Generation_eps_1.0_steps_100 - INFO - Batch:[587] Adversarial images for this batch already exist
2026-02-09 02:48:49,050 - ADV_Generation_eps_1.0_steps_100 - INFO - Batch 588/3783: Clean accuracy 0.8061 | Adv accuracy: 0.0000 
2026-02-09 02:48:49,051 - ADV_Generation_eps_1.0_steps_100 - INFO - Batch:[588] Adversarial images for this batch already exist
2026-02-09 02:48:49,223 - ADV_Generation_eps_1.0_steps_100 - INFO - Batch 589/3783: Clean accuracy 0.8065 | Adv accuracy: 0.0000 
2026-02-09 02:48:49,224 - ADV_Generation_eps_1.0_steps_100 - INFO - Batch:[589] Adversarial images for this batch already exist
2026-02-09 02:48:49,380 - ADV_Generation_eps_1.0_steps_100 - INFO - Batch 590/3783: Clean accuracy 0.8068 | Adv accuracy: 0.0000 
2026-02-09 02:48:49,381 - ADV_Generation_eps_1.0_steps_100 - INFO - Batch:[590] Adversarial images for this batch already exist
2026-02-09 02:48:49,516 - ADV_Generation_eps_1.0_steps_100 - INFO - Batch 591/3783: Clean accuracy 0.8071 | Adv accuracy: 0.0000 
2026-02-09 02:48:49,517 - ADV_Generation_eps_1.0_steps_100 - INFO - Batch:[591] Adversarial images for this batch already exist
2026-02-09 02:48:49,658 - ADV_Generation_eps_1.0_steps_100 - INFO - Batch 592/3783: Clean accuracy 0.8074 | Adv accuracy: 0.0000 
2026-02-09 02:48:49,659 - ADV_Generation_eps_1.0_steps_100 - INFO - Batch:[592] Adversarial images for this batch already exist
2026-02-09 02:48:49,801 - ADV_Generation_eps_1.0_steps_100 - INFO - Batch 593/3783: Clean accuracy 0.8078 | Adv accuracy: 0.0000 
2026-02-09 02:48:49,802 - ADV_Generation_eps_1.0_steps_100 - INFO - Batch:[593] Adversarial images for this batch already exist
2026-02-09 02:48:49,942 - ADV_Generation_eps_1.0_steps_100 - INFO - Batch 594/3783: Clean accuracy 0.8081 | Adv accuracy: 0.0000 
2026-02-09 02:48:49,943 - ADV_Generation_eps_1.0_steps_100 - INFO - Batch:[594] Adversarial images for this batch already exist
2026-02-09 02:48:50,081 - ADV_Generation_eps_1.0_steps_100 - INFO - Batch 595/3783: Clean accuracy 0.8084 | Adv accuracy: 0.0000 
2026-02-09 02:48:50,082 - ADV_Generation_eps_1.0_steps_100 - INFO - Batch:[595] Adversarial images for this batch already exist
2026-02-09 02:48:50,224 - ADV_Generation_eps_1.0_steps_100 - INFO - Batch 596/3783: Clean accuracy 0.8087 | Adv accuracy: 0.0000 
2026-02-09 02:48:50,225 - ADV_Generation_eps_1.0_steps_100 - INFO - Batch:[596] Adversarial images for this batch already exist
2026-02-09 02:48:50,477 - ADV_Generation_eps_1.0_steps_100 - INFO - Batch 597/3783: Clean accuracy 0.8090 | Adv accuracy: 0.0000 
2026-02-09 02:48:50,478 - ADV_Generation_eps_1.0_steps_100 - INFO - Batch:[597] Adversarial images for this batch already exist
2026-02-09 02:48:50,617 - ADV_Generation_eps_1.0_steps_100 - INFO - Batch 598/3783: Clean accuracy 0.8094 | Adv accuracy: 0.0000 
2026-02-09 02:48:50,618 - ADV_Generation_eps_1.0_steps_100 - INFO - Batch:[598] Adversarial images for this batch already exist
2026-02-09 02:48:50,751 - ADV_Generation_eps_1.0_steps_100 - INFO - Batch 599/3783: Clean accuracy 0.8097 | Adv accuracy: 0.0000 
2026-02-09 02:48:50,752 - ADV_Generation_eps_1.0_steps_100 - INFO - Batch:[599] Adversarial images for this batch already exist
2026-02-09 02:48:50,889 - ADV_Generation_eps_1.0_steps_100 - INFO - Batch 600/3783: Clean accuracy 0.8100 | Adv accuracy: 0.0000 
2026-02-09 02:48:50,890 - ADV_Generation_eps_1.0_steps_100 - INFO - Batch:[600] Adversarial images for this batch already exist
2026-02-09 02:48:51,030 - ADV_Generation_eps_1.0_steps_100 - INFO - Batch 601/3783: Clean accuracy 0.8103 | Adv accuracy: 0.0000 
2026-02-09 02:48:51,031 - ADV_Generation_eps_1.0_steps_100 - INFO - Batch:[601] Adversarial images for this batch already exist
2026-02-09 02:48:51,167 - ADV_Generation_eps_1.0_steps_100 - INFO - Batch 602/3783: Clean accuracy 0.8106 | Adv accuracy: 0.0000 
2026-02-09 02:48:51,168 - ADV_Generation_eps_1.0_steps_100 - INFO - Batch:[602] Adversarial images for this batch already exist
2026-02-09 02:48:51,307 - ADV_Generation_eps_1.0_steps_100 - INFO - Batch 603/3783: Clean accuracy 0.8109 | Adv accuracy: 0.0000 
2026-02-09 02:48:51,308 - ADV_Generation_eps_1.0_steps_100 - INFO - Batch:[603] Adversarial images for this batch already exist
2026-02-09 02:48:51,444 - ADV_Generation_eps_1.0_steps_100 - INFO - Batch 604/3783: Clean accuracy 0.8113 | Adv accuracy: 0.0000 
2026-02-09 02:48:51,445 - ADV_Generation_eps_1.0_steps_100 - INFO - Batch:[604] Adversarial images for this batch already exist
2026-02-09 02:48:51,580 - ADV_Generation_eps_1.0_steps_100 - INFO - Batch 605/3783: Clean accuracy 0.8116 | Adv accuracy: 0.0000 
2026-02-09 02:48:51,581 - ADV_Generation_eps_1.0_steps_100 - INFO - Batch:[605] Adversarial images for this batch already exist
2026-02-09 02:48:51,724 - ADV_Generation_eps_1.0_steps_100 - INFO - Batch 606/3783: Clean accuracy 0.8119 | Adv accuracy: 0.0000 
2026-02-09 02:48:51,725 - ADV_Generation_eps_1.0_steps_100 - INFO - Batch:[606] Adversarial images for this batch already exist
2026-02-09 02:48:51,864 - ADV_Generation_eps_1.0_steps_100 - INFO - Batch 607/3783: Clean accuracy 0.8122 | Adv accuracy: 0.0000 
2026-02-09 02:48:51,865 - ADV_Generation_eps_1.0_steps_100 - INFO - Batch:[607] Adversarial images for this batch already exist
2026-02-09 02:48:52,013 - ADV_Generation_eps_1.0_steps_100 - INFO - Batch 608/3783: Clean accuracy 0.8125 | Adv accuracy: 0.0000 
2026-02-09 02:48:52,014 - ADV_Generation_eps_1.0_steps_100 - INFO - Batch:[608] Adversarial images for this batch already exist
2026-02-09 02:48:52,151 - ADV_Generation_eps_1.0_steps_100 - INFO - Batch 609/3783: Clean accuracy 0.8128 | Adv accuracy: 0.0000 
2026-02-09 02:48:52,152 - ADV_Generation_eps_1.0_steps_100 - INFO - Batch:[609] Adversarial images for this batch already exist
2026-02-09 02:48:52,292 - ADV_Generation_eps_1.0_steps_100 - INFO - Batch 610/3783: Clean accuracy 0.8131 | Adv accuracy: 0.0000 
2026-02-09 02:48:52,293 - ADV_Generation_eps_1.0_steps_100 - INFO - Batch:[610] Adversarial images for this batch already exist
2026-02-09 02:48:52,438 - ADV_Generation_eps_1.0_steps_100 - INFO - Batch 611/3783: Clean accuracy 0.8134 | Adv accuracy: 0.0000 
2026-02-09 02:48:52,439 - ADV_Generation_eps_1.0_steps_100 - INFO - Batch:[611] Adversarial images for this batch already exist
2026-02-09 02:48:52,576 - ADV_Generation_eps_1.0_steps_100 - INFO - Batch 612/3783: Clean accuracy 0.8137 | Adv accuracy: 0.0000 
2026-02-09 02:48:52,577 - ADV_Generation_eps_1.0_steps_100 - INFO - Batch:[612] Adversarial images for this batch already exist
2026-02-09 02:48:52,712 - ADV_Generation_eps_1.0_steps_100 - INFO - Batch 613/3783: Clean accuracy 0.8140 | Adv accuracy: 0.0000 
2026-02-09 02:48:52,713 - ADV_Generation_eps_1.0_steps_100 - INFO - Batch:[613] Adversarial images for this batch already exist
2026-02-09 02:48:52,850 - ADV_Generation_eps_1.0_steps_100 - INFO - Batch 614/3783: Clean accuracy 0.8143 | Adv accuracy: 0.0000 
2026-02-09 02:48:52,851 - ADV_Generation_eps_1.0_steps_100 - INFO - Batch:[614] Adversarial images for this batch already exist
2026-02-09 02:48:52,987 - ADV_Generation_eps_1.0_steps_100 - INFO - Batch 615/3783: Clean accuracy 0.8146 | Adv accuracy: 0.0000 
2026-02-09 02:48:52,988 - ADV_Generation_eps_1.0_steps_100 - INFO - Batch:[615] Adversarial images for this batch already exist
2026-02-09 02:48:53,125 - ADV_Generation_eps_1.0_steps_100 - INFO - Batch 616/3783: Clean accuracy 0.8149 | Adv accuracy: 0.0000 
2026-02-09 02:48:53,125 - ADV_Generation_eps_1.0_steps_100 - INFO - Batch:[616] Adversarial images for this batch already exist
2026-02-09 02:48:53,267 - ADV_Generation_eps_1.0_steps_100 - INFO - Batch 617/3783: Clean accuracy 0.8152 | Adv accuracy: 0.0000 
2026-02-09 02:48:53,269 - ADV_Generation_eps_1.0_steps_100 - INFO - Batch:[617] Adversarial images for this batch already exist
2026-02-09 02:48:53,407 - ADV_Generation_eps_1.0_steps_100 - INFO - Batch 618/3783: Clean accuracy 0.8155 | Adv accuracy: 0.0000 
2026-02-09 02:48:53,408 - ADV_Generation_eps_1.0_steps_100 - INFO - Batch:[618] Adversarial images for this batch already exist
2026-02-09 02:48:53,548 - ADV_Generation_eps_1.0_steps_100 - INFO - Batch 619/3783: Clean accuracy 0.8142 | Adv accuracy: 0.0000 
2026-02-09 02:48:53,549 - ADV_Generation_eps_1.0_steps_100 - INFO - Batch:[619] Adversarial images for this batch already exist
2026-02-09 02:48:53,684 - ADV_Generation_eps_1.0_steps_100 - INFO - Batch 620/3783: Clean accuracy 0.8129 | Adv accuracy: 0.0000 
2026-02-09 02:48:53,686 - ADV_Generation_eps_1.0_steps_100 - INFO - Batch:[620] Adversarial images for this batch already exist
2026-02-09 02:48:53,824 - ADV_Generation_eps_1.0_steps_100 - INFO - Batch 621/3783: Clean accuracy 0.8116 | Adv accuracy: 0.0000 
2026-02-09 02:48:53,825 - ADV_Generation_eps_1.0_steps_100 - INFO - Batch:[621] Adversarial images for this batch already exist
2026-02-09 02:48:53,961 - ADV_Generation_eps_1.0_steps_100 - INFO - Batch 622/3783: Clean accuracy 0.8119 | Adv accuracy: 0.0000 
2026-02-09 02:48:53,962 - ADV_Generation_eps_1.0_steps_100 - INFO - Batch:[622] Adversarial images for this batch already exist
2026-02-09 02:48:54,096 - ADV_Generation_eps_1.0_steps_100 - INFO - Batch 623/3783: Clean accuracy 0.8122 | Adv accuracy: 0.0000 
2026-02-09 02:48:54,097 - ADV_Generation_eps_1.0_steps_100 - INFO - Batch:[623] Adversarial images for this batch already exist
2026-02-09 02:48:54,262 - ADV_Generation_eps_1.0_steps_100 - INFO - Batch 624/3783: Clean accuracy 0.8125 | Adv accuracy: 0.0000 
2026-02-09 02:48:54,263 - ADV_Generation_eps_1.0_steps_100 - INFO - Batch:[624] Adversarial images for this batch already exist
2026-02-09 02:48:54,397 - ADV_Generation_eps_1.0_steps_100 - INFO - Batch 625/3783: Clean accuracy 0.8112 | Adv accuracy: 0.0000 
2026-02-09 02:48:54,398 - ADV_Generation_eps_1.0_steps_100 - INFO - Batch:[625] Adversarial images for this batch already exist
2026-02-09 02:48:54,539 - ADV_Generation_eps_1.0_steps_100 - INFO - Batch 626/3783: Clean accuracy 0.8115 | Adv accuracy: 0.0000 
2026-02-09 02:48:54,540 - ADV_Generation_eps_1.0_steps_100 - INFO - Batch:[626] Adversarial images for this batch already exist
2026-02-09 02:48:54,692 - ADV_Generation_eps_1.0_steps_100 - INFO - Batch 627/3783: Clean accuracy 0.8118 | Adv accuracy: 0.0000 
2026-02-09 02:48:54,693 - ADV_Generation_eps_1.0_steps_100 - INFO - Batch:[627] Adversarial images for this batch already exist
2026-02-09 02:48:54,837 - ADV_Generation_eps_1.0_steps_100 - INFO - Batch 628/3783: Clean accuracy 0.8121 | Adv accuracy: 0.0000 
2026-02-09 02:48:54,838 - ADV_Generation_eps_1.0_steps_100 - INFO - Batch:[628] Adversarial images for this batch already exist
2026-02-09 02:48:54,979 - ADV_Generation_eps_1.0_steps_100 - INFO - Batch 629/3783: Clean accuracy 0.8108 | Adv accuracy: 0.0000 
2026-02-09 02:48:54,980 - ADV_Generation_eps_1.0_steps_100 - INFO - Batch:[629] Adversarial images for this batch already exist
2026-02-09 02:48:55,133 - ADV_Generation_eps_1.0_steps_100 - INFO - Batch 630/3783: Clean accuracy 0.8111 | Adv accuracy: 0.0000 
2026-02-09 02:48:55,134 - ADV_Generation_eps_1.0_steps_100 - INFO - Batch:[630] Adversarial images for this batch already exist
2026-02-09 02:48:55,279 - ADV_Generation_eps_1.0_steps_100 - INFO - Batch 631/3783: Clean accuracy 0.8114 | Adv accuracy: 0.0000 
2026-02-09 02:48:55,280 - ADV_Generation_eps_1.0_steps_100 - INFO - Batch:[631] Adversarial images for this batch already exist
2026-02-09 02:48:55,417 - ADV_Generation_eps_1.0_steps_100 - INFO - Batch 632/3783: Clean accuracy 0.8117 | Adv accuracy: 0.0000 
2026-02-09 02:48:55,418 - ADV_Generation_eps_1.0_steps_100 - INFO - Batch:[632] Adversarial images for this batch already exist
2026-02-09 02:48:55,558 - ADV_Generation_eps_1.0_steps_100 - INFO - Batch 633/3783: Clean accuracy 0.8120 | Adv accuracy: 0.0000 
2026-02-09 02:48:55,559 - ADV_Generation_eps_1.0_steps_100 - INFO - Batch:[633] Adversarial images for this batch already exist
2026-02-09 02:48:55,696 - ADV_Generation_eps_1.0_steps_100 - INFO - Batch 634/3783: Clean accuracy 0.8123 | Adv accuracy: 0.0000 
2026-02-09 02:48:55,697 - ADV_Generation_eps_1.0_steps_100 - INFO - Batch:[634] Adversarial images for this batch already exist
2026-02-09 02:48:55,835 - ADV_Generation_eps_1.0_steps_100 - INFO - Batch 635/3783: Clean accuracy 0.8126 | Adv accuracy: 0.0000 
2026-02-09 02:48:55,836 - ADV_Generation_eps_1.0_steps_100 - INFO - Batch:[635] Adversarial images for this batch already exist
2026-02-09 02:48:55,972 - ADV_Generation_eps_1.0_steps_100 - INFO - Batch 636/3783: Clean accuracy 0.8129 | Adv accuracy: 0.0000 
2026-02-09 02:48:55,973 - ADV_Generation_eps_1.0_steps_100 - INFO - Batch:[636] Adversarial images for this batch already exist
2026-02-09 02:48:56,122 - ADV_Generation_eps_1.0_steps_100 - INFO - Batch 637/3783: Clean accuracy 0.8132 | Adv accuracy: 0.0000 
2026-02-09 02:48:56,123 - ADV_Generation_eps_1.0_steps_100 - INFO - Batch:[637] Adversarial images for this batch already exist
2026-02-09 02:48:56,267 - ADV_Generation_eps_1.0_steps_100 - INFO - Batch 638/3783: Clean accuracy 0.8135 | Adv accuracy: 0.0000 
2026-02-09 02:48:56,268 - ADV_Generation_eps_1.0_steps_100 - INFO - Batch:[638] Adversarial images for this batch already exist
2026-02-09 02:48:56,407 - ADV_Generation_eps_1.0_steps_100 - INFO - Batch 639/3783: Clean accuracy 0.8138 | Adv accuracy: 0.0000 
2026-02-09 02:48:56,408 - ADV_Generation_eps_1.0_steps_100 - INFO - Batch:[639] Adversarial images for this batch already exist
2026-02-09 02:48:56,552 - ADV_Generation_eps_1.0_steps_100 - INFO - Batch 640/3783: Clean accuracy 0.8141 | Adv accuracy: 0.0000 
2026-02-09 02:48:56,553 - ADV_Generation_eps_1.0_steps_100 - INFO - Batch:[640] Adversarial images for this batch already exist
2026-02-09 02:48:56,702 - ADV_Generation_eps_1.0_steps_100 - INFO - Batch 641/3783: Clean accuracy 0.8128 | Adv accuracy: 0.0000 
2026-02-09 02:48:56,703 - ADV_Generation_eps_1.0_steps_100 - INFO - Batch:[641] Adversarial images for this batch already exist
2026-02-09 02:48:56,854 - ADV_Generation_eps_1.0_steps_100 - INFO - Batch 642/3783: Clean accuracy 0.8131 | Adv accuracy: 0.0000 
2026-02-09 02:48:56,854 - ADV_Generation_eps_1.0_steps_100 - INFO - Batch:[642] Adversarial images for this batch already exist
2026-02-09 02:48:56,993 - ADV_Generation_eps_1.0_steps_100 - INFO - Batch 643/3783: Clean accuracy 0.8134 | Adv accuracy: 0.0000 
2026-02-09 02:48:56,994 - ADV_Generation_eps_1.0_steps_100 - INFO - Batch:[643] Adversarial images for this batch already exist
2026-02-09 02:48:57,132 - ADV_Generation_eps_1.0_steps_100 - INFO - Batch 644/3783: Clean accuracy 0.8137 | Adv accuracy: 0.0000 
2026-02-09 02:48:57,133 - ADV_Generation_eps_1.0_steps_100 - INFO - Batch:[644] Adversarial images for this batch already exist
2026-02-09 02:48:57,271 - ADV_Generation_eps_1.0_steps_100 - INFO - Batch 645/3783: Clean accuracy 0.8140 | Adv accuracy: 0.0000 
2026-02-09 02:48:57,273 - ADV_Generation_eps_1.0_steps_100 - INFO - Batch:[645] Adversarial images for this batch already exist
2026-02-09 02:48:57,410 - ADV_Generation_eps_1.0_steps_100 - INFO - Batch 646/3783: Clean accuracy 0.8142 | Adv accuracy: 0.0000 
2026-02-09 02:48:57,412 - ADV_Generation_eps_1.0_steps_100 - INFO - Batch:[646] Adversarial images for this batch already exist
2026-02-09 02:48:57,548 - ADV_Generation_eps_1.0_steps_100 - INFO - Batch 647/3783: Clean accuracy 0.8130 | Adv accuracy: 0.0000 
2026-02-09 02:48:57,549 - ADV_Generation_eps_1.0_steps_100 - INFO - Batch:[647] Adversarial images for this batch already exist
2026-02-09 02:48:57,694 - ADV_Generation_eps_1.0_steps_100 - INFO - Batch 648/3783: Clean accuracy 0.8117 | Adv accuracy: 0.0000 
2026-02-09 02:48:57,695 - ADV_Generation_eps_1.0_steps_100 - INFO - Batch:[648] Adversarial images for this batch already exist
2026-02-09 02:48:57,832 - ADV_Generation_eps_1.0_steps_100 - INFO - Batch 649/3783: Clean accuracy 0.8105 | Adv accuracy: 0.0000 
2026-02-09 02:48:57,833 - ADV_Generation_eps_1.0_steps_100 - INFO - Batch:[649] Adversarial images for this batch already exist
2026-02-09 02:48:57,965 - ADV_Generation_eps_1.0_steps_100 - INFO - Batch 650/3783: Clean accuracy 0.8092 | Adv accuracy: 0.0000 
2026-02-09 02:48:57,966 - ADV_Generation_eps_1.0_steps_100 - INFO - Batch:[650] Adversarial images for this batch already exist
2026-02-09 02:48:58,104 - ADV_Generation_eps_1.0_steps_100 - INFO - Batch 651/3783: Clean accuracy 0.8080 | Adv accuracy: 0.0000 
2026-02-09 02:48:58,105 - ADV_Generation_eps_1.0_steps_100 - INFO - Batch:[651] Adversarial images for this batch already exist
2026-02-09 02:48:58,248 - ADV_Generation_eps_1.0_steps_100 - INFO - Batch 652/3783: Clean accuracy 0.8067 | Adv accuracy: 0.0000 
2026-02-09 02:48:58,249 - ADV_Generation_eps_1.0_steps_100 - INFO - Batch:[652] Adversarial images for this batch already exist
2026-02-09 02:48:58,384 - ADV_Generation_eps_1.0_steps_100 - INFO - Batch 653/3783: Clean accuracy 0.8055 | Adv accuracy: 0.0000 
2026-02-09 02:48:58,385 - ADV_Generation_eps_1.0_steps_100 - INFO - Batch:[653] Adversarial images for this batch already exist
2026-02-09 02:48:58,523 - ADV_Generation_eps_1.0_steps_100 - INFO - Batch 654/3783: Clean accuracy 0.8058 | Adv accuracy: 0.0000 
2026-02-09 02:48:58,524 - ADV_Generation_eps_1.0_steps_100 - INFO - Batch:[654] Adversarial images for this batch already exist
2026-02-09 02:48:58,687 - ADV_Generation_eps_1.0_steps_100 - INFO - Batch 655/3783: Clean accuracy 0.8061 | Adv accuracy: 0.0000 
2026-02-09 02:48:58,688 - ADV_Generation_eps_1.0_steps_100 - INFO - Batch:[655] Adversarial images for this batch already exist
2026-02-09 02:48:58,829 - ADV_Generation_eps_1.0_steps_100 - INFO - Batch 656/3783: Clean accuracy 0.8064 | Adv accuracy: 0.0000 
2026-02-09 02:48:58,830 - ADV_Generation_eps_1.0_steps_100 - INFO - Batch:[656] Adversarial images for this batch already exist
2026-02-09 02:48:58,965 - ADV_Generation_eps_1.0_steps_100 - INFO - Batch 657/3783: Clean accuracy 0.8067 | Adv accuracy: 0.0000 
2026-02-09 02:48:58,965 - ADV_Generation_eps_1.0_steps_100 - INFO - Batch:[657] Adversarial images for this batch already exist
2026-02-09 02:48:59,104 - ADV_Generation_eps_1.0_steps_100 - INFO - Batch 658/3783: Clean accuracy 0.8070 | Adv accuracy: 0.0000 
2026-02-09 02:48:59,105 - ADV_Generation_eps_1.0_steps_100 - INFO - Batch:[658] Adversarial images for this batch already exist
2026-02-09 02:48:59,246 - ADV_Generation_eps_1.0_steps_100 - INFO - Batch 659/3783: Clean accuracy 0.8073 | Adv accuracy: 0.0000 
2026-02-09 02:48:59,247 - ADV_Generation_eps_1.0_steps_100 - INFO - Batch:[659] Adversarial images for this batch already exist
2026-02-09 02:48:59,396 - ADV_Generation_eps_1.0_steps_100 - INFO - Batch 660/3783: Clean accuracy 0.8076 | Adv accuracy: 0.0000 
2026-02-09 02:48:59,397 - ADV_Generation_eps_1.0_steps_100 - INFO - Batch:[660] Adversarial images for this batch already exist
2026-02-09 02:48:59,545 - ADV_Generation_eps_1.0_steps_100 - INFO - Batch 661/3783: Clean accuracy 0.8064 | Adv accuracy: 0.0000 
2026-02-09 02:48:59,545 - ADV_Generation_eps_1.0_steps_100 - INFO - Batch:[661] Adversarial images for this batch already exist
2026-02-09 02:48:59,677 - ADV_Generation_eps_1.0_steps_100 - INFO - Batch 662/3783: Clean accuracy 0.8066 | Adv accuracy: 0.0000 
2026-02-09 02:48:59,678 - ADV_Generation_eps_1.0_steps_100 - INFO - Batch:[662] Adversarial images for this batch already exist
2026-02-09 02:48:59,815 - ADV_Generation_eps_1.0_steps_100 - INFO - Batch 663/3783: Clean accuracy 0.8069 | Adv accuracy: 0.0000 
2026-02-09 02:48:59,816 - ADV_Generation_eps_1.0_steps_100 - INFO - Batch:[663] Adversarial images for this batch already exist
2026-02-09 02:48:59,970 - ADV_Generation_eps_1.0_steps_100 - INFO - Batch 664/3783: Clean accuracy 0.8057 | Adv accuracy: 0.0000 
2026-02-09 02:48:59,970 - ADV_Generation_eps_1.0_steps_100 - INFO - Batch:[664] Adversarial images for this batch already exist
2026-02-09 02:49:00,109 - ADV_Generation_eps_1.0_steps_100 - INFO - Batch 665/3783: Clean accuracy 0.8060 | Adv accuracy: 0.0000 
2026-02-09 02:49:00,110 - ADV_Generation_eps_1.0_steps_100 - INFO - Batch:[665] Adversarial images for this batch already exist
2026-02-09 02:49:00,251 - ADV_Generation_eps_1.0_steps_100 - INFO - Batch 666/3783: Clean accuracy 0.8048 | Adv accuracy: 0.0000 
2026-02-09 02:49:00,252 - ADV_Generation_eps_1.0_steps_100 - INFO - Batch:[666] Adversarial images for this batch already exist
2026-02-09 02:49:00,399 - ADV_Generation_eps_1.0_steps_100 - INFO - Batch 667/3783: Clean accuracy 0.8036 | Adv accuracy: 0.0000 
2026-02-09 02:49:00,400 - ADV_Generation_eps_1.0_steps_100 - INFO - Batch:[667] Adversarial images for this batch already exist
2026-02-09 02:49:00,549 - ADV_Generation_eps_1.0_steps_100 - INFO - Batch 668/3783: Clean accuracy 0.8024 | Adv accuracy: 0.0000 
2026-02-09 02:49:00,550 - ADV_Generation_eps_1.0_steps_100 - INFO - Batch:[668] Adversarial images for this batch already exist
2026-02-09 02:49:00,690 - ADV_Generation_eps_1.0_steps_100 - INFO - Batch 669/3783: Clean accuracy 0.8012 | Adv accuracy: 0.0000 
2026-02-09 02:49:00,691 - ADV_Generation_eps_1.0_steps_100 - INFO - Batch:[669] Adversarial images for this batch already exist
2026-02-09 02:49:00,827 - ADV_Generation_eps_1.0_steps_100 - INFO - Batch 670/3783: Clean accuracy 0.8015 | Adv accuracy: 0.0000 
2026-02-09 02:49:00,828 - ADV_Generation_eps_1.0_steps_100 - INFO - Batch:[670] Adversarial images for this batch already exist
2026-02-09 02:49:00,968 - ADV_Generation_eps_1.0_steps_100 - INFO - Batch 671/3783: Clean accuracy 0.8018 | Adv accuracy: 0.0000 
2026-02-09 02:49:00,969 - ADV_Generation_eps_1.0_steps_100 - INFO - Batch:[671] Adversarial images for this batch already exist
2026-02-09 02:49:01,111 - ADV_Generation_eps_1.0_steps_100 - INFO - Batch 672/3783: Clean accuracy 0.8021 | Adv accuracy: 0.0000 
2026-02-09 02:49:01,112 - ADV_Generation_eps_1.0_steps_100 - INFO - Batch:[672] Adversarial images for this batch already exist
2026-02-09 02:49:01,248 - ADV_Generation_eps_1.0_steps_100 - INFO - Batch 673/3783: Clean accuracy 0.8009 | Adv accuracy: 0.0000 
2026-02-09 02:49:01,249 - ADV_Generation_eps_1.0_steps_100 - INFO - Batch:[673] Adversarial images for this batch already exist
2026-02-09 02:49:01,386 - ADV_Generation_eps_1.0_steps_100 - INFO - Batch 674/3783: Clean accuracy 0.7997 | Adv accuracy: 0.0000 
2026-02-09 02:49:01,387 - ADV_Generation_eps_1.0_steps_100 - INFO - Batch:[674] Adversarial images for this batch already exist
2026-02-09 02:49:01,537 - ADV_Generation_eps_1.0_steps_100 - INFO - Batch 675/3783: Clean accuracy 0.7985 | Adv accuracy: 0.0000 
2026-02-09 02:49:01,538 - ADV_Generation_eps_1.0_steps_100 - INFO - Batch:[675] Adversarial images for this batch already exist
2026-02-09 02:49:01,686 - ADV_Generation_eps_1.0_steps_100 - INFO - Batch 676/3783: Clean accuracy 0.7973 | Adv accuracy: 0.0000 
2026-02-09 02:49:01,687 - ADV_Generation_eps_1.0_steps_100 - INFO - Batch:[676] Adversarial images for this batch already exist
2026-02-09 02:49:01,831 - ADV_Generation_eps_1.0_steps_100 - INFO - Batch 677/3783: Clean accuracy 0.7962 | Adv accuracy: 0.0000 
2026-02-09 02:49:01,832 - ADV_Generation_eps_1.0_steps_100 - INFO - Batch:[677] Adversarial images for this batch already exist
2026-02-09 02:49:01,975 - ADV_Generation_eps_1.0_steps_100 - INFO - Batch 678/3783: Clean accuracy 0.7950 | Adv accuracy: 0.0000 
2026-02-09 02:49:01,975 - ADV_Generation_eps_1.0_steps_100 - INFO - Batch:[678] Adversarial images for this batch already exist
2026-02-09 02:49:02,116 - ADV_Generation_eps_1.0_steps_100 - INFO - Batch 679/3783: Clean accuracy 0.7938 | Adv accuracy: 0.0000 
2026-02-09 02:49:02,117 - ADV_Generation_eps_1.0_steps_100 - INFO - Batch:[679] Adversarial images for this batch already exist
2026-02-09 02:49:02,256 - ADV_Generation_eps_1.0_steps_100 - INFO - Batch 680/3783: Clean accuracy 0.7926 | Adv accuracy: 0.0000 
2026-02-09 02:49:02,257 - ADV_Generation_eps_1.0_steps_100 - INFO - Batch:[680] Adversarial images for this batch already exist
2026-02-09 02:49:02,392 - ADV_Generation_eps_1.0_steps_100 - INFO - Batch 681/3783: Clean accuracy 0.7915 | Adv accuracy: 0.0000 
2026-02-09 02:49:02,393 - ADV_Generation_eps_1.0_steps_100 - INFO - Batch:[681] Adversarial images for this batch already exist
2026-02-09 02:49:02,529 - ADV_Generation_eps_1.0_steps_100 - INFO - Batch 682/3783: Clean accuracy 0.7903 | Adv accuracy: 0.0000 
2026-02-09 02:49:02,530 - ADV_Generation_eps_1.0_steps_100 - INFO - Batch:[682] Adversarial images for this batch already exist
2026-02-09 02:49:02,667 - ADV_Generation_eps_1.0_steps_100 - INFO - Batch 683/3783: Clean accuracy 0.7892 | Adv accuracy: 0.0000 
2026-02-09 02:49:02,668 - ADV_Generation_eps_1.0_steps_100 - INFO - Batch:[683] Adversarial images for this batch already exist
2026-02-09 02:49:02,806 - ADV_Generation_eps_1.0_steps_100 - INFO - Batch 684/3783: Clean accuracy 0.7880 | Adv accuracy: 0.0000 
2026-02-09 02:49:02,806 - ADV_Generation_eps_1.0_steps_100 - INFO - Batch:[684] Adversarial images for this batch already exist
2026-02-09 02:49:02,958 - ADV_Generation_eps_1.0_steps_100 - INFO - Batch 685/3783: Clean accuracy 0.7869 | Adv accuracy: 0.0000 
2026-02-09 02:49:02,959 - ADV_Generation_eps_1.0_steps_100 - INFO - Batch:[685] Adversarial images for this batch already exist
2026-02-09 02:49:03,096 - ADV_Generation_eps_1.0_steps_100 - INFO - Batch 686/3783: Clean accuracy 0.7857 | Adv accuracy: 0.0000 
2026-02-09 02:49:03,097 - ADV_Generation_eps_1.0_steps_100 - INFO - Batch:[686] Adversarial images for this batch already exist
2026-02-09 02:49:03,231 - ADV_Generation_eps_1.0_steps_100 - INFO - Batch 687/3783: Clean accuracy 0.7846 | Adv accuracy: 0.0000 
2026-02-09 02:49:03,232 - ADV_Generation_eps_1.0_steps_100 - INFO - Batch:[687] Adversarial images for this batch already exist
2026-02-09 02:49:03,370 - ADV_Generation_eps_1.0_steps_100 - INFO - Batch 688/3783: Clean accuracy 0.7834 | Adv accuracy: 0.0000 
2026-02-09 02:49:03,371 - ADV_Generation_eps_1.0_steps_100 - INFO - Batch:[688] Adversarial images for this batch already exist
2026-02-09 02:49:03,512 - ADV_Generation_eps_1.0_steps_100 - INFO - Batch 689/3783: Clean accuracy 0.7823 | Adv accuracy: 0.0000 
2026-02-09 02:49:03,513 - ADV_Generation_eps_1.0_steps_100 - INFO - Batch:[689] Adversarial images for this batch already exist
2026-02-09 02:49:03,649 - ADV_Generation_eps_1.0_steps_100 - INFO - Batch 690/3783: Clean accuracy 0.7812 | Adv accuracy: 0.0000 
2026-02-09 02:49:03,650 - ADV_Generation_eps_1.0_steps_100 - INFO - Batch:[690] Adversarial images for this batch already exist
2026-02-09 02:49:03,790 - ADV_Generation_eps_1.0_steps_100 - INFO - Batch 691/3783: Clean accuracy 0.7800 | Adv accuracy: 0.0000 
2026-02-09 02:49:03,791 - ADV_Generation_eps_1.0_steps_100 - INFO - Batch:[691] Adversarial images for this batch already exist
2026-02-09 02:49:03,931 - ADV_Generation_eps_1.0_steps_100 - INFO - Batch 692/3783: Clean accuracy 0.7789 | Adv accuracy: 0.0000 
2026-02-09 02:49:03,932 - ADV_Generation_eps_1.0_steps_100 - INFO - Batch:[692] Adversarial images for this batch already exist
2026-02-09 02:49:04,069 - ADV_Generation_eps_1.0_steps_100 - INFO - Batch 693/3783: Clean accuracy 0.7778 | Adv accuracy: 0.0000 
2026-02-09 02:49:04,070 - ADV_Generation_eps_1.0_steps_100 - INFO - Batch:[693] Adversarial images for this batch already exist
2026-02-09 02:49:04,207 - ADV_Generation_eps_1.0_steps_100 - INFO - Batch 694/3783: Clean accuracy 0.7767 | Adv accuracy: 0.0000 
2026-02-09 02:49:04,208 - ADV_Generation_eps_1.0_steps_100 - INFO - Batch:[694] Adversarial images for this batch already exist
2026-02-09 02:49:04,349 - ADV_Generation_eps_1.0_steps_100 - INFO - Batch 695/3783: Clean accuracy 0.7755 | Adv accuracy: 0.0000 
2026-02-09 02:49:04,350 - ADV_Generation_eps_1.0_steps_100 - INFO - Batch:[695] Adversarial images for this batch already exist
2026-02-09 02:49:04,508 - ADV_Generation_eps_1.0_steps_100 - INFO - Batch 696/3783: Clean accuracy 0.7744 | Adv accuracy: 0.0000 
2026-02-09 02:49:04,509 - ADV_Generation_eps_1.0_steps_100 - INFO - Batch:[696] Adversarial images for this batch already exist
2026-02-09 02:49:04,647 - ADV_Generation_eps_1.0_steps_100 - INFO - Batch 697/3783: Clean accuracy 0.7733 | Adv accuracy: 0.0000 
2026-02-09 02:49:04,648 - ADV_Generation_eps_1.0_steps_100 - INFO - Batch:[697] Adversarial images for this batch already exist
2026-02-09 02:49:04,786 - ADV_Generation_eps_1.0_steps_100 - INFO - Batch 698/3783: Clean accuracy 0.7722 | Adv accuracy: 0.0000 
2026-02-09 02:49:04,787 - ADV_Generation_eps_1.0_steps_100 - INFO - Batch:[698] Adversarial images for this batch already exist
2026-02-09 02:49:04,923 - ADV_Generation_eps_1.0_steps_100 - INFO - Batch 699/3783: Clean accuracy 0.7725 | Adv accuracy: 0.0000 
2026-02-09 02:49:04,924 - ADV_Generation_eps_1.0_steps_100 - INFO - Batch:[699] Adversarial images for this batch already exist
2026-02-09 02:49:05,060 - ADV_Generation_eps_1.0_steps_100 - INFO - Batch 700/3783: Clean accuracy 0.7714 | Adv accuracy: 0.0000 
2026-02-09 02:49:05,061 - ADV_Generation_eps_1.0_steps_100 - INFO - Batch:[700] Adversarial images for this batch already exist
2026-02-09 02:49:05,200 - ADV_Generation_eps_1.0_steps_100 - INFO - Batch 701/3783: Clean accuracy 0.7703 | Adv accuracy: 0.0000 
2026-02-09 02:49:05,201 - ADV_Generation_eps_1.0_steps_100 - INFO - Batch:[701] Adversarial images for this batch already exist
2026-02-09 02:49:05,363 - ADV_Generation_eps_1.0_steps_100 - INFO - Batch 702/3783: Clean accuracy 0.7692 | Adv accuracy: 0.0000 
2026-02-09 02:49:05,364 - ADV_Generation_eps_1.0_steps_100 - INFO - Batch:[702] Adversarial images for this batch already exist
2026-02-09 02:49:05,511 - ADV_Generation_eps_1.0_steps_100 - INFO - Batch 703/3783: Clean accuracy 0.7681 | Adv accuracy: 0.0000 
2026-02-09 02:49:05,511 - ADV_Generation_eps_1.0_steps_100 - INFO - Batch:[703] Adversarial images for this batch already exist
2026-02-09 02:49:05,649 - ADV_Generation_eps_1.0_steps_100 - INFO - Batch 704/3783: Clean accuracy 0.7670 | Adv accuracy: 0.0000 
2026-02-09 02:49:05,650 - ADV_Generation_eps_1.0_steps_100 - INFO - Batch:[704] Adversarial images for this batch already exist
2026-02-09 02:49:05,791 - ADV_Generation_eps_1.0_steps_100 - INFO - Batch 705/3783: Clean accuracy 0.7660 | Adv accuracy: 0.0000 
2026-02-09 02:49:05,792 - ADV_Generation_eps_1.0_steps_100 - INFO - Batch:[705] Adversarial images for this batch already exist
2026-02-09 02:49:05,944 - ADV_Generation_eps_1.0_steps_100 - INFO - Batch 706/3783: Clean accuracy 0.7649 | Adv accuracy: 0.0000 
2026-02-09 02:49:05,944 - ADV_Generation_eps_1.0_steps_100 - INFO - Batch:[706] Adversarial images for this batch already exist
2026-02-09 02:49:06,082 - ADV_Generation_eps_1.0_steps_100 - INFO - Batch 707/3783: Clean accuracy 0.7638 | Adv accuracy: 0.0000 
2026-02-09 02:49:06,083 - ADV_Generation_eps_1.0_steps_100 - INFO - Batch:[707] Adversarial images for this batch already exist
2026-02-09 02:49:06,226 - ADV_Generation_eps_1.0_steps_100 - INFO - Batch 708/3783: Clean accuracy 0.7627 | Adv accuracy: 0.0000 
2026-02-09 02:49:06,227 - ADV_Generation_eps_1.0_steps_100 - INFO - Batch:[708] Adversarial images for this batch already exist
2026-02-09 02:49:06,362 - ADV_Generation_eps_1.0_steps_100 - INFO - Batch 709/3783: Clean accuracy 0.7616 | Adv accuracy: 0.0000 
2026-02-09 02:49:06,363 - ADV_Generation_eps_1.0_steps_100 - INFO - Batch:[709] Adversarial images for this batch already exist
2026-02-09 02:49:06,501 - ADV_Generation_eps_1.0_steps_100 - INFO - Batch 710/3783: Clean accuracy 0.7620 | Adv accuracy: 0.0000 
2026-02-09 02:49:06,501 - ADV_Generation_eps_1.0_steps_100 - INFO - Batch:[710] Adversarial images for this batch already exist
2026-02-09 02:49:06,655 - ADV_Generation_eps_1.0_steps_100 - INFO - Batch 711/3783: Clean accuracy 0.7623 | Adv accuracy: 0.0000 
2026-02-09 02:49:06,656 - ADV_Generation_eps_1.0_steps_100 - INFO - Batch:[711] Adversarial images for this batch already exist
2026-02-09 02:49:06,798 - ADV_Generation_eps_1.0_steps_100 - INFO - Batch 712/3783: Clean accuracy 0.7612 | Adv accuracy: 0.0000 
2026-02-09 02:49:06,799 - ADV_Generation_eps_1.0_steps_100 - INFO - Batch:[712] Adversarial images for this batch already exist
2026-02-09 02:49:06,938 - ADV_Generation_eps_1.0_steps_100 - INFO - Batch 713/3783: Clean accuracy 0.7602 | Adv accuracy: 0.0000 
2026-02-09 02:49:06,940 - ADV_Generation_eps_1.0_steps_100 - INFO - Batch:[713] Adversarial images for this batch already exist
2026-02-09 02:49:07,077 - ADV_Generation_eps_1.0_steps_100 - INFO - Batch 714/3783: Clean accuracy 0.7591 | Adv accuracy: 0.0000 
2026-02-09 02:49:07,078 - ADV_Generation_eps_1.0_steps_100 - INFO - Batch:[714] Adversarial images for this batch already exist
2026-02-09 02:49:07,218 - ADV_Generation_eps_1.0_steps_100 - INFO - Batch 715/3783: Clean accuracy 0.7580 | Adv accuracy: 0.0000 
2026-02-09 02:49:07,219 - ADV_Generation_eps_1.0_steps_100 - INFO - Batch:[715] Adversarial images for this batch already exist
2026-02-09 02:49:07,359 - ADV_Generation_eps_1.0_steps_100 - INFO - Batch 716/3783: Clean accuracy 0.7570 | Adv accuracy: 0.0000 
2026-02-09 02:49:07,359 - ADV_Generation_eps_1.0_steps_100 - INFO - Batch:[716] Adversarial images for this batch already exist
2026-02-09 02:49:07,501 - ADV_Generation_eps_1.0_steps_100 - INFO - Batch 717/3783: Clean accuracy 0.7559 | Adv accuracy: 0.0000 
2026-02-09 02:49:07,502 - ADV_Generation_eps_1.0_steps_100 - INFO - Batch:[717] Adversarial images for this batch already exist
2026-02-09 02:49:07,641 - ADV_Generation_eps_1.0_steps_100 - INFO - Batch 718/3783: Clean accuracy 0.7549 | Adv accuracy: 0.0000 
2026-02-09 02:49:07,642 - ADV_Generation_eps_1.0_steps_100 - INFO - Batch:[718] Adversarial images for this batch already exist
2026-02-09 02:49:07,789 - ADV_Generation_eps_1.0_steps_100 - INFO - Batch 719/3783: Clean accuracy 0.7538 | Adv accuracy: 0.0000 
2026-02-09 02:49:07,789 - ADV_Generation_eps_1.0_steps_100 - INFO - Batch:[719] Adversarial images for this batch already exist
2026-02-09 02:49:07,927 - ADV_Generation_eps_1.0_steps_100 - INFO - Batch 720/3783: Clean accuracy 0.7528 | Adv accuracy: 0.0000 
2026-02-09 02:49:07,928 - ADV_Generation_eps_1.0_steps_100 - INFO - Batch:[720] Adversarial images for this batch already exist
2026-02-09 02:49:08,068 - ADV_Generation_eps_1.0_steps_100 - INFO - Batch 721/3783: Clean accuracy 0.7517 | Adv accuracy: 0.0000 
2026-02-09 02:49:08,069 - ADV_Generation_eps_1.0_steps_100 - INFO - Batch:[721] Adversarial images for this batch already exist
2026-02-09 02:49:08,205 - ADV_Generation_eps_1.0_steps_100 - INFO - Batch 722/3783: Clean accuracy 0.7507 | Adv accuracy: 0.0000 
2026-02-09 02:49:08,206 - ADV_Generation_eps_1.0_steps_100 - INFO - Batch:[722] Adversarial images for this batch already exist
2026-02-09 02:49:08,394 - ADV_Generation_eps_1.0_steps_100 - INFO - Batch 723/3783: Clean accuracy 0.7497 | Adv accuracy: 0.0000 
2026-02-09 02:49:08,395 - ADV_Generation_eps_1.0_steps_100 - INFO - Batch:[723] Adversarial images for this batch already exist
2026-02-09 02:49:08,532 - ADV_Generation_eps_1.0_steps_100 - INFO - Batch 724/3783: Clean accuracy 0.7486 | Adv accuracy: 0.0000 
2026-02-09 02:49:08,533 - ADV_Generation_eps_1.0_steps_100 - INFO - Batch:[724] Adversarial images for this batch already exist
2026-02-09 02:49:08,675 - ADV_Generation_eps_1.0_steps_100 - INFO - Batch 725/3783: Clean accuracy 0.7490 | Adv accuracy: 0.0000 
2026-02-09 02:49:08,676 - ADV_Generation_eps_1.0_steps_100 - INFO - Batch:[725] Adversarial images for this batch already exist
2026-02-09 02:49:08,814 - ADV_Generation_eps_1.0_steps_100 - INFO - Batch 726/3783: Clean accuracy 0.7493 | Adv accuracy: 0.0000 
2026-02-09 02:49:08,816 - ADV_Generation_eps_1.0_steps_100 - INFO - Batch:[726] Adversarial images for this batch already exist
2026-02-09 02:49:08,957 - ADV_Generation_eps_1.0_steps_100 - INFO - Batch 727/3783: Clean accuracy 0.7497 | Adv accuracy: 0.0000 
2026-02-09 02:49:08,958 - ADV_Generation_eps_1.0_steps_100 - INFO - Batch:[727] Adversarial images for this batch already exist
2026-02-09 02:49:09,096 - ADV_Generation_eps_1.0_steps_100 - INFO - Batch 728/3783: Clean accuracy 0.7500 | Adv accuracy: 0.0000 
2026-02-09 02:49:09,097 - ADV_Generation_eps_1.0_steps_100 - INFO - Batch:[728] Adversarial images for this batch already exist
2026-02-09 02:49:09,234 - ADV_Generation_eps_1.0_steps_100 - INFO - Batch 729/3783: Clean accuracy 0.7503 | Adv accuracy: 0.0000 
2026-02-09 02:49:09,235 - ADV_Generation_eps_1.0_steps_100 - INFO - Batch:[729] Adversarial images for this batch already exist
2026-02-09 02:49:09,370 - ADV_Generation_eps_1.0_steps_100 - INFO - Batch 730/3783: Clean accuracy 0.7507 | Adv accuracy: 0.0000 
2026-02-09 02:49:09,372 - ADV_Generation_eps_1.0_steps_100 - INFO - Batch:[730] Adversarial images for this batch already exist
2026-02-09 02:49:09,527 - ADV_Generation_eps_1.0_steps_100 - INFO - Batch 731/3783: Clean accuracy 0.7510 | Adv accuracy: 0.0000 
2026-02-09 02:49:09,528 - ADV_Generation_eps_1.0_steps_100 - INFO - Batch:[731] Adversarial images for this batch already exist
2026-02-09 02:49:09,668 - ADV_Generation_eps_1.0_steps_100 - INFO - Batch 732/3783: Clean accuracy 0.7514 | Adv accuracy: 0.0000 
2026-02-09 02:49:09,669 - ADV_Generation_eps_1.0_steps_100 - INFO - Batch:[732] Adversarial images for this batch already exist
2026-02-09 02:49:09,803 - ADV_Generation_eps_1.0_steps_100 - INFO - Batch 733/3783: Clean accuracy 0.7503 | Adv accuracy: 0.0000 
2026-02-09 02:49:09,804 - ADV_Generation_eps_1.0_steps_100 - INFO - Batch:[733] Adversarial images for this batch already exist
2026-02-09 02:49:09,981 - ADV_Generation_eps_1.0_steps_100 - INFO - Batch 734/3783: Clean accuracy 0.7507 | Adv accuracy: 0.0000 
2026-02-09 02:49:09,982 - ADV_Generation_eps_1.0_steps_100 - INFO - Batch:[734] Adversarial images for this batch already exist
2026-02-09 02:49:10,123 - ADV_Generation_eps_1.0_steps_100 - INFO - Batch 735/3783: Clean accuracy 0.7497 | Adv accuracy: 0.0000 
2026-02-09 02:49:10,124 - ADV_Generation_eps_1.0_steps_100 - INFO - Batch:[735] Adversarial images for this batch already exist
2026-02-09 02:49:10,267 - ADV_Generation_eps_1.0_steps_100 - INFO - Batch 736/3783: Clean accuracy 0.7500 | Adv accuracy: 0.0000 
2026-02-09 02:49:10,267 - ADV_Generation_eps_1.0_steps_100 - INFO - Batch:[736] Adversarial images for this batch already exist
2026-02-09 02:49:10,411 - ADV_Generation_eps_1.0_steps_100 - INFO - Batch 737/3783: Clean accuracy 0.7490 | Adv accuracy: 0.0000 
2026-02-09 02:49:10,412 - ADV_Generation_eps_1.0_steps_100 - INFO - Batch:[737] Adversarial images for this batch already exist
2026-02-09 02:49:10,551 - ADV_Generation_eps_1.0_steps_100 - INFO - Batch 738/3783: Clean accuracy 0.7493 | Adv accuracy: 0.0000 
2026-02-09 02:49:10,552 - ADV_Generation_eps_1.0_steps_100 - INFO - Batch:[738] Adversarial images for this batch already exist
2026-02-09 02:49:10,695 - ADV_Generation_eps_1.0_steps_100 - INFO - Batch 739/3783: Clean accuracy 0.7497 | Adv accuracy: 0.0000 
2026-02-09 02:49:10,696 - ADV_Generation_eps_1.0_steps_100 - INFO - Batch:[739] Adversarial images for this batch already exist
2026-02-09 02:49:10,837 - ADV_Generation_eps_1.0_steps_100 - INFO - Batch 740/3783: Clean accuracy 0.7500 | Adv accuracy: 0.0000 
2026-02-09 02:49:10,837 - ADV_Generation_eps_1.0_steps_100 - INFO - Batch:[740] Adversarial images for this batch already exist
2026-02-09 02:49:10,975 - ADV_Generation_eps_1.0_steps_100 - INFO - Batch 741/3783: Clean accuracy 0.7503 | Adv accuracy: 0.0000 
2026-02-09 02:49:10,976 - ADV_Generation_eps_1.0_steps_100 - INFO - Batch:[741] Adversarial images for this batch already exist
2026-02-09 02:49:11,116 - ADV_Generation_eps_1.0_steps_100 - INFO - Batch 742/3783: Clean accuracy 0.7507 | Adv accuracy: 0.0000 
2026-02-09 02:49:11,117 - ADV_Generation_eps_1.0_steps_100 - INFO - Batch:[742] Adversarial images for this batch already exist
2026-02-09 02:49:11,264 - ADV_Generation_eps_1.0_steps_100 - INFO - Batch 743/3783: Clean accuracy 0.7510 | Adv accuracy: 0.0000 
2026-02-09 02:49:11,265 - ADV_Generation_eps_1.0_steps_100 - INFO - Batch:[743] Adversarial images for this batch already exist
2026-02-09 02:49:11,435 - ADV_Generation_eps_1.0_steps_100 - INFO - Batch 744/3783: Clean accuracy 0.7513 | Adv accuracy: 0.0000 
2026-02-09 02:49:11,436 - ADV_Generation_eps_1.0_steps_100 - INFO - Batch:[744] Adversarial images for this batch already exist
2026-02-09 02:49:11,576 - ADV_Generation_eps_1.0_steps_100 - INFO - Batch 745/3783: Clean accuracy 0.7517 | Adv accuracy: 0.0000 
2026-02-09 02:49:11,578 - ADV_Generation_eps_1.0_steps_100 - INFO - Batch:[745] Adversarial images for this batch already exist
2026-02-09 02:49:11,721 - ADV_Generation_eps_1.0_steps_100 - INFO - Batch 746/3783: Clean accuracy 0.7507 | Adv accuracy: 0.0000 
2026-02-09 02:49:11,722 - ADV_Generation_eps_1.0_steps_100 - INFO - Batch:[746] Adversarial images for this batch already exist
2026-02-09 02:49:11,860 - ADV_Generation_eps_1.0_steps_100 - INFO - Batch 747/3783: Clean accuracy 0.7510 | Adv accuracy: 0.0000 
2026-02-09 02:49:11,861 - ADV_Generation_eps_1.0_steps_100 - INFO - Batch:[747] Adversarial images for this batch already exist
2026-02-09 02:49:12,000 - ADV_Generation_eps_1.0_steps_100 - INFO - Batch 748/3783: Clean accuracy 0.7513 | Adv accuracy: 0.0000 
2026-02-09 02:49:12,000 - ADV_Generation_eps_1.0_steps_100 - INFO - Batch:[748] Adversarial images for this batch already exist
2026-02-09 02:49:12,142 - ADV_Generation_eps_1.0_steps_100 - INFO - Batch 749/3783: Clean accuracy 0.7517 | Adv accuracy: 0.0000 
2026-02-09 02:49:12,143 - ADV_Generation_eps_1.0_steps_100 - INFO - Batch:[749] Adversarial images for this batch already exist
2026-02-09 02:49:12,281 - ADV_Generation_eps_1.0_steps_100 - INFO - Batch 750/3783: Clean accuracy 0.7520 | Adv accuracy: 0.0000 
2026-02-09 02:49:12,282 - ADV_Generation_eps_1.0_steps_100 - INFO - Batch:[750] Adversarial images for this batch already exist
2026-02-09 02:49:12,422 - ADV_Generation_eps_1.0_steps_100 - INFO - Batch 751/3783: Clean accuracy 0.7523 | Adv accuracy: 0.0000 
2026-02-09 02:49:12,423 - ADV_Generation_eps_1.0_steps_100 - INFO - Batch:[751] Adversarial images for this batch already exist
2026-02-09 02:49:12,557 - ADV_Generation_eps_1.0_steps_100 - INFO - Batch 752/3783: Clean accuracy 0.7527 | Adv accuracy: 0.0000 
2026-02-09 02:49:12,558 - ADV_Generation_eps_1.0_steps_100 - INFO - Batch:[752] Adversarial images for this batch already exist
2026-02-09 02:49:12,700 - ADV_Generation_eps_1.0_steps_100 - INFO - Batch 753/3783: Clean accuracy 0.7530 | Adv accuracy: 0.0000 
2026-02-09 02:49:12,701 - ADV_Generation_eps_1.0_steps_100 - INFO - Batch:[753] Adversarial images for this batch already exist
2026-02-09 02:49:12,842 - ADV_Generation_eps_1.0_steps_100 - INFO - Batch 754/3783: Clean accuracy 0.7533 | Adv accuracy: 0.0000 
2026-02-09 02:49:12,843 - ADV_Generation_eps_1.0_steps_100 - INFO - Batch:[754] Adversarial images for this batch already exist
2026-02-09 02:49:12,981 - ADV_Generation_eps_1.0_steps_100 - INFO - Batch 755/3783: Clean accuracy 0.7536 | Adv accuracy: 0.0000 
2026-02-09 02:49:12,982 - ADV_Generation_eps_1.0_steps_100 - INFO - Batch:[755] Adversarial images for this batch already exist
2026-02-09 02:49:13,131 - ADV_Generation_eps_1.0_steps_100 - INFO - Batch 756/3783: Clean accuracy 0.7540 | Adv accuracy: 0.0000 
2026-02-09 02:49:13,132 - ADV_Generation_eps_1.0_steps_100 - INFO - Batch:[756] Adversarial images for this batch already exist
2026-02-09 02:49:13,265 - ADV_Generation_eps_1.0_steps_100 - INFO - Batch 757/3783: Clean accuracy 0.7543 | Adv accuracy: 0.0000 
2026-02-09 02:49:13,266 - ADV_Generation_eps_1.0_steps_100 - INFO - Batch:[757] Adversarial images for this batch already exist
2026-02-09 02:49:13,410 - ADV_Generation_eps_1.0_steps_100 - INFO - Batch 758/3783: Clean accuracy 0.7546 | Adv accuracy: 0.0000 
2026-02-09 02:49:13,411 - ADV_Generation_eps_1.0_steps_100 - INFO - Batch:[758] Adversarial images for this batch already exist
2026-02-09 02:49:13,549 - ADV_Generation_eps_1.0_steps_100 - INFO - Batch 759/3783: Clean accuracy 0.7549 | Adv accuracy: 0.0000 
2026-02-09 02:49:13,550 - ADV_Generation_eps_1.0_steps_100 - INFO - Batch:[759] Adversarial images for this batch already exist
2026-02-09 02:49:13,700 - ADV_Generation_eps_1.0_steps_100 - INFO - Batch 760/3783: Clean accuracy 0.7553 | Adv accuracy: 0.0000 
2026-02-09 02:49:13,701 - ADV_Generation_eps_1.0_steps_100 - INFO - Batch:[760] Adversarial images for this batch already exist
2026-02-09 02:49:13,848 - ADV_Generation_eps_1.0_steps_100 - INFO - Batch 761/3783: Clean accuracy 0.7556 | Adv accuracy: 0.0000 
2026-02-09 02:49:13,849 - ADV_Generation_eps_1.0_steps_100 - INFO - Batch:[761] Adversarial images for this batch already exist
2026-02-09 02:49:13,986 - ADV_Generation_eps_1.0_steps_100 - INFO - Batch 762/3783: Clean accuracy 0.7546 | Adv accuracy: 0.0000 
2026-02-09 02:49:13,987 - ADV_Generation_eps_1.0_steps_100 - INFO - Batch:[762] Adversarial images for this batch already exist
2026-02-09 02:49:14,125 - ADV_Generation_eps_1.0_steps_100 - INFO - Batch 763/3783: Clean accuracy 0.7549 | Adv accuracy: 0.0000 
2026-02-09 02:49:14,126 - ADV_Generation_eps_1.0_steps_100 - INFO - Batch:[763] Adversarial images for this batch already exist
2026-02-09 02:49:14,264 - ADV_Generation_eps_1.0_steps_100 - INFO - Batch 764/3783: Clean accuracy 0.7539 | Adv accuracy: 0.0000 
2026-02-09 02:49:14,264 - ADV_Generation_eps_1.0_steps_100 - INFO - Batch:[764] Adversarial images for this batch already exist
2026-02-09 02:49:14,405 - ADV_Generation_eps_1.0_steps_100 - INFO - Batch 765/3783: Clean accuracy 0.7542 | Adv accuracy: 0.0000 
2026-02-09 02:49:14,406 - ADV_Generation_eps_1.0_steps_100 - INFO - Batch:[765] Adversarial images for this batch already exist
2026-02-09 02:49:14,552 - ADV_Generation_eps_1.0_steps_100 - INFO - Batch 766/3783: Clean accuracy 0.7546 | Adv accuracy: 0.0000 
2026-02-09 02:49:14,553 - ADV_Generation_eps_1.0_steps_100 - INFO - Batch:[766] Adversarial images for this batch already exist
2026-02-09 02:49:14,695 - ADV_Generation_eps_1.0_steps_100 - INFO - Batch 767/3783: Clean accuracy 0.7549 | Adv accuracy: 0.0000 
2026-02-09 02:49:14,696 - ADV_Generation_eps_1.0_steps_100 - INFO - Batch:[767] Adversarial images for this batch already exist
2026-02-09 02:49:14,840 - ADV_Generation_eps_1.0_steps_100 - INFO - Batch 768/3783: Clean accuracy 0.7552 | Adv accuracy: 0.0000 
2026-02-09 02:49:14,841 - ADV_Generation_eps_1.0_steps_100 - INFO - Batch:[768] Adversarial images for this batch already exist
2026-02-09 02:49:14,982 - ADV_Generation_eps_1.0_steps_100 - INFO - Batch 769/3783: Clean accuracy 0.7555 | Adv accuracy: 0.0000 
2026-02-09 02:49:14,983 - ADV_Generation_eps_1.0_steps_100 - INFO - Batch:[769] Adversarial images for this batch already exist
2026-02-09 02:49:15,123 - ADV_Generation_eps_1.0_steps_100 - INFO - Batch 770/3783: Clean accuracy 0.7558 | Adv accuracy: 0.0000 
2026-02-09 02:49:15,124 - ADV_Generation_eps_1.0_steps_100 - INFO - Batch:[770] Adversarial images for this batch already exist
2026-02-09 02:49:15,266 - ADV_Generation_eps_1.0_steps_100 - INFO - Batch 771/3783: Clean accuracy 0.7562 | Adv accuracy: 0.0000 
2026-02-09 02:49:15,267 - ADV_Generation_eps_1.0_steps_100 - INFO - Batch:[771] Adversarial images for this batch already exist
2026-02-09 02:49:15,406 - ADV_Generation_eps_1.0_steps_100 - INFO - Batch 772/3783: Clean accuracy 0.7565 | Adv accuracy: 0.0000 
2026-02-09 02:49:15,407 - ADV_Generation_eps_1.0_steps_100 - INFO - Batch:[772] Adversarial images for this batch already exist
2026-02-09 02:49:15,556 - ADV_Generation_eps_1.0_steps_100 - INFO - Batch 773/3783: Clean accuracy 0.7568 | Adv accuracy: 0.0000 
2026-02-09 02:49:15,557 - ADV_Generation_eps_1.0_steps_100 - INFO - Batch:[773] Adversarial images for this batch already exist
2026-02-09 02:49:15,695 - ADV_Generation_eps_1.0_steps_100 - INFO - Batch 774/3783: Clean accuracy 0.7571 | Adv accuracy: 0.0000 
2026-02-09 02:49:15,696 - ADV_Generation_eps_1.0_steps_100 - INFO - Batch:[774] Adversarial images for this batch already exist
2026-02-09 02:49:15,836 - ADV_Generation_eps_1.0_steps_100 - INFO - Batch 775/3783: Clean accuracy 0.7574 | Adv accuracy: 0.0000 
2026-02-09 02:49:15,837 - ADV_Generation_eps_1.0_steps_100 - INFO - Batch:[775] Adversarial images for this batch already exist
2026-02-09 02:49:15,984 - ADV_Generation_eps_1.0_steps_100 - INFO - Batch 776/3783: Clean accuracy 0.7577 | Adv accuracy: 0.0000 
2026-02-09 02:49:15,986 - ADV_Generation_eps_1.0_steps_100 - INFO - Batch:[776] Adversarial images for this batch already exist
2026-02-09 02:49:16,125 - ADV_Generation_eps_1.0_steps_100 - INFO - Batch 777/3783: Clean accuracy 0.7568 | Adv accuracy: 0.0000 
2026-02-09 02:49:16,126 - ADV_Generation_eps_1.0_steps_100 - INFO - Batch:[777] Adversarial images for this batch already exist
2026-02-09 02:49:16,265 - ADV_Generation_eps_1.0_steps_100 - INFO - Batch 778/3783: Clean accuracy 0.7558 | Adv accuracy: 0.0000 
2026-02-09 02:49:16,266 - ADV_Generation_eps_1.0_steps_100 - INFO - Batch:[778] Adversarial images for this batch already exist
2026-02-09 02:49:16,400 - ADV_Generation_eps_1.0_steps_100 - INFO - Batch 779/3783: Clean accuracy 0.7548 | Adv accuracy: 0.0000 
2026-02-09 02:49:16,401 - ADV_Generation_eps_1.0_steps_100 - INFO - Batch:[779] Adversarial images for this batch already exist
2026-02-09 02:49:16,545 - ADV_Generation_eps_1.0_steps_100 - INFO - Batch 780/3783: Clean accuracy 0.7551 | Adv accuracy: 0.0000 
2026-02-09 02:49:16,546 - ADV_Generation_eps_1.0_steps_100 - INFO - Batch:[780] Adversarial images for this batch already exist
2026-02-09 02:49:16,688 - ADV_Generation_eps_1.0_steps_100 - INFO - Batch 781/3783: Clean accuracy 0.7554 | Adv accuracy: 0.0000 
2026-02-09 02:49:16,689 - ADV_Generation_eps_1.0_steps_100 - INFO - Batch:[781] Adversarial images for this batch already exist
2026-02-09 02:49:16,825 - ADV_Generation_eps_1.0_steps_100 - INFO - Batch 782/3783: Clean accuracy 0.7558 | Adv accuracy: 0.0000 
2026-02-09 02:49:16,826 - ADV_Generation_eps_1.0_steps_100 - INFO - Batch:[782] Adversarial images for this batch already exist
2026-02-09 02:49:16,962 - ADV_Generation_eps_1.0_steps_100 - INFO - Batch 783/3783: Clean accuracy 0.7561 | Adv accuracy: 0.0000 
2026-02-09 02:49:16,963 - ADV_Generation_eps_1.0_steps_100 - INFO - Batch:[783] Adversarial images for this batch already exist
2026-02-09 02:49:17,099 - ADV_Generation_eps_1.0_steps_100 - INFO - Batch 784/3783: Clean accuracy 0.7564 | Adv accuracy: 0.0000 
2026-02-09 02:49:17,100 - ADV_Generation_eps_1.0_steps_100 - INFO - Batch:[784] Adversarial images for this batch already exist
2026-02-09 02:49:17,239 - ADV_Generation_eps_1.0_steps_100 - INFO - Batch 785/3783: Clean accuracy 0.7567 | Adv accuracy: 0.0000 
2026-02-09 02:49:17,240 - ADV_Generation_eps_1.0_steps_100 - INFO - Batch:[785] Adversarial images for this batch already exist
2026-02-09 02:49:17,379 - ADV_Generation_eps_1.0_steps_100 - INFO - Batch 786/3783: Clean accuracy 0.7570 | Adv accuracy: 0.0000 
2026-02-09 02:49:17,381 - ADV_Generation_eps_1.0_steps_100 - INFO - Batch:[786] Adversarial images for this batch already exist
2026-02-09 02:49:17,517 - ADV_Generation_eps_1.0_steps_100 - INFO - Batch 787/3783: Clean accuracy 0.7573 | Adv accuracy: 0.0000 
2026-02-09 02:49:17,518 - ADV_Generation_eps_1.0_steps_100 - INFO - Batch:[787] Adversarial images for this batch already exist
2026-02-09 02:49:17,663 - ADV_Generation_eps_1.0_steps_100 - INFO - Batch 788/3783: Clean accuracy 0.7576 | Adv accuracy: 0.0000 
2026-02-09 02:49:17,665 - ADV_Generation_eps_1.0_steps_100 - INFO - Batch:[788] Adversarial images for this batch already exist
2026-02-09 02:49:17,829 - ADV_Generation_eps_1.0_steps_100 - INFO - Batch 789/3783: Clean accuracy 0.7579 | Adv accuracy: 0.0000 
2026-02-09 02:49:17,830 - ADV_Generation_eps_1.0_steps_100 - INFO - Batch:[789] Adversarial images for this batch already exist
2026-02-09 02:49:17,970 - ADV_Generation_eps_1.0_steps_100 - INFO - Batch 790/3783: Clean accuracy 0.7582 | Adv accuracy: 0.0000 
2026-02-09 02:49:17,971 - ADV_Generation_eps_1.0_steps_100 - INFO - Batch:[790] Adversarial images for this batch already exist
2026-02-09 02:49:18,106 - ADV_Generation_eps_1.0_steps_100 - INFO - Batch 791/3783: Clean accuracy 0.7585 | Adv accuracy: 0.0000 
2026-02-09 02:49:18,107 - ADV_Generation_eps_1.0_steps_100 - INFO - Batch:[791] Adversarial images for this batch already exist
2026-02-09 02:49:18,246 - ADV_Generation_eps_1.0_steps_100 - INFO - Batch 792/3783: Clean accuracy 0.7588 | Adv accuracy: 0.0000 
2026-02-09 02:49:18,247 - ADV_Generation_eps_1.0_steps_100 - INFO - Batch:[792] Adversarial images for this batch already exist
2026-02-09 02:49:18,403 - ADV_Generation_eps_1.0_steps_100 - INFO - Batch 793/3783: Clean accuracy 0.7591 | Adv accuracy: 0.0000 
2026-02-09 02:49:18,404 - ADV_Generation_eps_1.0_steps_100 - INFO - Batch:[793] Adversarial images for this batch already exist
2026-02-09 02:49:18,547 - ADV_Generation_eps_1.0_steps_100 - INFO - Batch 794/3783: Clean accuracy 0.7594 | Adv accuracy: 0.0000 
2026-02-09 02:49:18,548 - ADV_Generation_eps_1.0_steps_100 - INFO - Batch:[794] Adversarial images for this batch already exist
2026-02-09 02:49:18,686 - ADV_Generation_eps_1.0_steps_100 - INFO - Batch 795/3783: Clean accuracy 0.7597 | Adv accuracy: 0.0000 
2026-02-09 02:49:18,687 - ADV_Generation_eps_1.0_steps_100 - INFO - Batch:[795] Adversarial images for this batch already exist
2026-02-09 02:49:18,831 - ADV_Generation_eps_1.0_steps_100 - INFO - Batch 796/3783: Clean accuracy 0.7588 | Adv accuracy: 0.0000 
2026-02-09 02:49:18,832 - ADV_Generation_eps_1.0_steps_100 - INFO - Batch:[796] Adversarial images for this batch already exist
2026-02-09 02:49:18,976 - ADV_Generation_eps_1.0_steps_100 - INFO - Batch 797/3783: Clean accuracy 0.7591 | Adv accuracy: 0.0000 
2026-02-09 02:49:18,976 - ADV_Generation_eps_1.0_steps_100 - INFO - Batch:[797] Adversarial images for this batch already exist
2026-02-09 02:49:19,113 - ADV_Generation_eps_1.0_steps_100 - INFO - Batch 798/3783: Clean accuracy 0.7581 | Adv accuracy: 0.0000 
2026-02-09 02:49:19,114 - ADV_Generation_eps_1.0_steps_100 - INFO - Batch:[798] Adversarial images for this batch already exist
2026-02-09 02:49:19,254 - ADV_Generation_eps_1.0_steps_100 - INFO - Batch 799/3783: Clean accuracy 0.7584 | Adv accuracy: 0.0000 
2026-02-09 02:49:19,255 - ADV_Generation_eps_1.0_steps_100 - INFO - Batch:[799] Adversarial images for this batch already exist
2026-02-09 02:49:19,393 - ADV_Generation_eps_1.0_steps_100 - INFO - Batch 800/3783: Clean accuracy 0.7588 | Adv accuracy: 0.0000 
2026-02-09 02:49:19,394 - ADV_Generation_eps_1.0_steps_100 - INFO - Batch:[800] Adversarial images for this batch already exist
2026-02-09 02:49:19,535 - ADV_Generation_eps_1.0_steps_100 - INFO - Batch 801/3783: Clean accuracy 0.7578 | Adv accuracy: 0.0000 
2026-02-09 02:49:19,536 - ADV_Generation_eps_1.0_steps_100 - INFO - Batch:[801] Adversarial images for this batch already exist
2026-02-09 02:49:19,677 - ADV_Generation_eps_1.0_steps_100 - INFO - Batch 802/3783: Clean accuracy 0.7569 | Adv accuracy: 0.0000 
2026-02-09 02:49:19,678 - ADV_Generation_eps_1.0_steps_100 - INFO - Batch:[802] Adversarial images for this batch already exist
2026-02-09 02:49:19,817 - ADV_Generation_eps_1.0_steps_100 - INFO - Batch 803/3783: Clean accuracy 0.7559 | Adv accuracy: 0.0000 
2026-02-09 02:49:19,818 - ADV_Generation_eps_1.0_steps_100 - INFO - Batch:[803] Adversarial images for this batch already exist
2026-02-09 02:49:19,960 - ADV_Generation_eps_1.0_steps_100 - INFO - Batch 804/3783: Clean accuracy 0.7550 | Adv accuracy: 0.0000 
2026-02-09 02:49:19,961 - ADV_Generation_eps_1.0_steps_100 - INFO - Batch:[804] Adversarial images for this batch already exist
2026-02-09 02:49:20,104 - ADV_Generation_eps_1.0_steps_100 - INFO - Batch 805/3783: Clean accuracy 0.7553 | Adv accuracy: 0.0000 
2026-02-09 02:49:20,105 - ADV_Generation_eps_1.0_steps_100 - INFO - Batch:[805] Adversarial images for this batch already exist
2026-02-09 02:49:20,250 - ADV_Generation_eps_1.0_steps_100 - INFO - Batch 806/3783: Clean accuracy 0.7556 | Adv accuracy: 0.0000 
2026-02-09 02:49:20,251 - ADV_Generation_eps_1.0_steps_100 - INFO - Batch:[806] Adversarial images for this batch already exist
2026-02-09 02:49:20,387 - ADV_Generation_eps_1.0_steps_100 - INFO - Batch 807/3783: Clean accuracy 0.7559 | Adv accuracy: 0.0000 
2026-02-09 02:49:20,388 - ADV_Generation_eps_1.0_steps_100 - INFO - Batch:[807] Adversarial images for this batch already exist
2026-02-09 02:49:20,524 - ADV_Generation_eps_1.0_steps_100 - INFO - Batch 808/3783: Clean accuracy 0.7562 | Adv accuracy: 0.0000 
2026-02-09 02:49:20,525 - ADV_Generation_eps_1.0_steps_100 - INFO - Batch:[808] Adversarial images for this batch already exist
2026-02-09 02:49:20,661 - ADV_Generation_eps_1.0_steps_100 - INFO - Batch 809/3783: Clean accuracy 0.7565 | Adv accuracy: 0.0000 
2026-02-09 02:49:20,662 - ADV_Generation_eps_1.0_steps_100 - INFO - Batch:[809] Adversarial images for this batch already exist
2026-02-09 02:49:20,797 - ADV_Generation_eps_1.0_steps_100 - INFO - Batch 810/3783: Clean accuracy 0.7568 | Adv accuracy: 0.0000 
2026-02-09 02:49:20,798 - ADV_Generation_eps_1.0_steps_100 - INFO - Batch:[810] Adversarial images for this batch already exist
2026-02-09 02:49:20,939 - ADV_Generation_eps_1.0_steps_100 - INFO - Batch 811/3783: Clean accuracy 0.7571 | Adv accuracy: 0.0000 
2026-02-09 02:49:20,940 - ADV_Generation_eps_1.0_steps_100 - INFO - Batch:[811] Adversarial images for this batch already exist
2026-02-09 02:49:21,079 - ADV_Generation_eps_1.0_steps_100 - INFO - Batch 812/3783: Clean accuracy 0.7574 | Adv accuracy: 0.0000 
2026-02-09 02:49:21,080 - ADV_Generation_eps_1.0_steps_100 - INFO - Batch:[812] Adversarial images for this batch already exist
2026-02-09 02:49:21,221 - ADV_Generation_eps_1.0_steps_100 - INFO - Batch 813/3783: Clean accuracy 0.7577 | Adv accuracy: 0.0000 
2026-02-09 02:49:21,222 - ADV_Generation_eps_1.0_steps_100 - INFO - Batch:[813] Adversarial images for this batch already exist
2026-02-09 02:49:21,371 - ADV_Generation_eps_1.0_steps_100 - INFO - Batch 814/3783: Clean accuracy 0.7580 | Adv accuracy: 0.0000 
2026-02-09 02:49:21,373 - ADV_Generation_eps_1.0_steps_100 - INFO - Batch:[814] Adversarial images for this batch already exist
2026-02-09 02:49:21,519 - ADV_Generation_eps_1.0_steps_100 - INFO - Batch 815/3783: Clean accuracy 0.7571 | Adv accuracy: 0.0000 
2026-02-09 02:49:21,519 - ADV_Generation_eps_1.0_steps_100 - INFO - Batch:[815] Adversarial images for this batch already exist
2026-02-09 02:49:21,659 - ADV_Generation_eps_1.0_steps_100 - INFO - Batch 816/3783: Clean accuracy 0.7574 | Adv accuracy: 0.0000 
2026-02-09 02:49:21,660 - ADV_Generation_eps_1.0_steps_100 - INFO - Batch:[816] Adversarial images for this batch already exist
2026-02-09 02:49:21,802 - ADV_Generation_eps_1.0_steps_100 - INFO - Batch 817/3783: Clean accuracy 0.7576 | Adv accuracy: 0.0000 
2026-02-09 02:49:21,803 - ADV_Generation_eps_1.0_steps_100 - INFO - Batch:[817] Adversarial images for this batch already exist
2026-02-09 02:49:21,964 - ADV_Generation_eps_1.0_steps_100 - INFO - Batch 818/3783: Clean accuracy 0.7567 | Adv accuracy: 0.0000 
2026-02-09 02:49:21,965 - ADV_Generation_eps_1.0_steps_100 - INFO - Batch:[818] Adversarial images for this batch already exist
2026-02-09 02:49:22,105 - ADV_Generation_eps_1.0_steps_100 - INFO - Batch 819/3783: Clean accuracy 0.7570 | Adv accuracy: 0.0000 
2026-02-09 02:49:22,106 - ADV_Generation_eps_1.0_steps_100 - INFO - Batch:[819] Adversarial images for this batch already exist
2026-02-09 02:49:22,238 - ADV_Generation_eps_1.0_steps_100 - INFO - Batch 820/3783: Clean accuracy 0.7573 | Adv accuracy: 0.0000 
2026-02-09 02:49:22,239 - ADV_Generation_eps_1.0_steps_100 - INFO - Batch:[820] Adversarial images for this batch already exist
2026-02-09 02:49:22,379 - ADV_Generation_eps_1.0_steps_100 - INFO - Batch 821/3783: Clean accuracy 0.7576 | Adv accuracy: 0.0000 
2026-02-09 02:49:22,380 - ADV_Generation_eps_1.0_steps_100 - INFO - Batch:[821] Adversarial images for this batch already exist
2026-02-09 02:49:22,523 - ADV_Generation_eps_1.0_steps_100 - INFO - Batch 822/3783: Clean accuracy 0.7579 | Adv accuracy: 0.0000 
2026-02-09 02:49:22,524 - ADV_Generation_eps_1.0_steps_100 - INFO - Batch:[822] Adversarial images for this batch already exist
2026-02-09 02:49:22,659 - ADV_Generation_eps_1.0_steps_100 - INFO - Batch 823/3783: Clean accuracy 0.7582 | Adv accuracy: 0.0000 
2026-02-09 02:49:22,659 - ADV_Generation_eps_1.0_steps_100 - INFO - Batch:[823] Adversarial images for this batch already exist
2026-02-09 02:49:22,797 - ADV_Generation_eps_1.0_steps_100 - INFO - Batch 824/3783: Clean accuracy 0.7573 | Adv accuracy: 0.0000 
2026-02-09 02:49:22,798 - ADV_Generation_eps_1.0_steps_100 - INFO - Batch:[824] Adversarial images for this batch already exist
2026-02-09 02:49:22,937 - ADV_Generation_eps_1.0_steps_100 - INFO - Batch 825/3783: Clean accuracy 0.7564 | Adv accuracy: 0.0000 
2026-02-09 02:49:22,938 - ADV_Generation_eps_1.0_steps_100 - INFO - Batch:[825] Adversarial images for this batch already exist
2026-02-09 02:49:23,076 - ADV_Generation_eps_1.0_steps_100 - INFO - Batch 826/3783: Clean accuracy 0.7554 | Adv accuracy: 0.0000 
2026-02-09 02:49:23,077 - ADV_Generation_eps_1.0_steps_100 - INFO - Batch:[826] Adversarial images for this batch already exist
2026-02-09 02:49:23,216 - ADV_Generation_eps_1.0_steps_100 - INFO - Batch 827/3783: Clean accuracy 0.7557 | Adv accuracy: 0.0000 
2026-02-09 02:49:23,217 - ADV_Generation_eps_1.0_steps_100 - INFO - Batch:[827] Adversarial images for this batch already exist
2026-02-09 02:49:23,350 - ADV_Generation_eps_1.0_steps_100 - INFO - Batch 828/3783: Clean accuracy 0.7560 | Adv accuracy: 0.0000 
2026-02-09 02:49:23,351 - ADV_Generation_eps_1.0_steps_100 - INFO - Batch:[828] Adversarial images for this batch already exist
2026-02-09 02:49:23,487 - ADV_Generation_eps_1.0_steps_100 - INFO - Batch 829/3783: Clean accuracy 0.7563 | Adv accuracy: 0.0000 
2026-02-09 02:49:23,488 - ADV_Generation_eps_1.0_steps_100 - INFO - Batch:[829] Adversarial images for this batch already exist
2026-02-09 02:49:23,641 - ADV_Generation_eps_1.0_steps_100 - INFO - Batch 830/3783: Clean accuracy 0.7566 | Adv accuracy: 0.0000 
2026-02-09 02:49:23,642 - ADV_Generation_eps_1.0_steps_100 - INFO - Batch:[830] Adversarial images for this batch already exist
2026-02-09 02:49:23,781 - ADV_Generation_eps_1.0_steps_100 - INFO - Batch 831/3783: Clean accuracy 0.7569 | Adv accuracy: 0.0000 
2026-02-09 02:49:23,782 - ADV_Generation_eps_1.0_steps_100 - INFO - Batch:[831] Adversarial images for this batch already exist
2026-02-09 02:49:23,917 - ADV_Generation_eps_1.0_steps_100 - INFO - Batch 832/3783: Clean accuracy 0.7560 | Adv accuracy: 0.0000 
2026-02-09 02:49:23,918 - ADV_Generation_eps_1.0_steps_100 - INFO - Batch:[832] Adversarial images for this batch already exist
2026-02-09 02:49:24,058 - ADV_Generation_eps_1.0_steps_100 - INFO - Batch 833/3783: Clean accuracy 0.7563 | Adv accuracy: 0.0000 
2026-02-09 02:49:24,059 - ADV_Generation_eps_1.0_steps_100 - INFO - Batch:[833] Adversarial images for this batch already exist
2026-02-09 02:49:24,205 - ADV_Generation_eps_1.0_steps_100 - INFO - Batch 834/3783: Clean accuracy 0.7566 | Adv accuracy: 0.0000 
2026-02-09 02:49:24,206 - ADV_Generation_eps_1.0_steps_100 - INFO - Batch:[834] Adversarial images for this batch already exist
2026-02-09 02:49:24,410 - ADV_Generation_eps_1.0_steps_100 - INFO - Batch 835/3783: Clean accuracy 0.7569 | Adv accuracy: 0.0000 
2026-02-09 02:49:24,411 - ADV_Generation_eps_1.0_steps_100 - INFO - Batch:[835] Adversarial images for this batch already exist
2026-02-09 02:49:24,548 - ADV_Generation_eps_1.0_steps_100 - INFO - Batch 836/3783: Clean accuracy 0.7572 | Adv accuracy: 0.0000 
2026-02-09 02:49:24,548 - ADV_Generation_eps_1.0_steps_100 - INFO - Batch:[836] Adversarial images for this batch already exist
2026-02-09 02:49:24,683 - ADV_Generation_eps_1.0_steps_100 - INFO - Batch 837/3783: Clean accuracy 0.7575 | Adv accuracy: 0.0000 
2026-02-09 02:49:24,684 - ADV_Generation_eps_1.0_steps_100 - INFO - Batch:[837] Adversarial images for this batch already exist
2026-02-09 02:49:24,825 - ADV_Generation_eps_1.0_steps_100 - INFO - Batch 838/3783: Clean accuracy 0.7578 | Adv accuracy: 0.0000 
2026-02-09 02:49:24,826 - ADV_Generation_eps_1.0_steps_100 - INFO - Batch:[838] Adversarial images for this batch already exist
2026-02-09 02:49:24,959 - ADV_Generation_eps_1.0_steps_100 - INFO - Batch 839/3783: Clean accuracy 0.7580 | Adv accuracy: 0.0000 
2026-02-09 02:49:24,960 - ADV_Generation_eps_1.0_steps_100 - INFO - Batch:[839] Adversarial images for this batch already exist
2026-02-09 02:49:25,109 - ADV_Generation_eps_1.0_steps_100 - INFO - Batch 840/3783: Clean accuracy 0.7583 | Adv accuracy: 0.0000 
2026-02-09 02:49:25,110 - ADV_Generation_eps_1.0_steps_100 - INFO - Batch:[840] Adversarial images for this batch already exist
2026-02-09 02:49:25,245 - ADV_Generation_eps_1.0_steps_100 - INFO - Batch 841/3783: Clean accuracy 0.7574 | Adv accuracy: 0.0000 
2026-02-09 02:49:25,246 - ADV_Generation_eps_1.0_steps_100 - INFO - Batch:[841] Adversarial images for this batch already exist
2026-02-09 02:49:25,417 - ADV_Generation_eps_1.0_steps_100 - INFO - Batch 842/3783: Clean accuracy 0.7565 | Adv accuracy: 0.0000 
2026-02-09 02:49:25,418 - ADV_Generation_eps_1.0_steps_100 - INFO - Batch:[842] Adversarial images for this batch already exist
2026-02-09 02:49:25,553 - ADV_Generation_eps_1.0_steps_100 - INFO - Batch 843/3783: Clean accuracy 0.7556 | Adv accuracy: 0.0000 
2026-02-09 02:49:25,554 - ADV_Generation_eps_1.0_steps_100 - INFO - Batch:[843] Adversarial images for this batch already exist
2026-02-09 02:49:25,691 - ADV_Generation_eps_1.0_steps_100 - INFO - Batch 844/3783: Clean accuracy 0.7559 | Adv accuracy: 0.0000 
2026-02-09 02:49:25,692 - ADV_Generation_eps_1.0_steps_100 - INFO - Batch:[844] Adversarial images for this batch already exist
2026-02-09 02:49:25,838 - ADV_Generation_eps_1.0_steps_100 - INFO - Batch 845/3783: Clean accuracy 0.7550 | Adv accuracy: 0.0000 
2026-02-09 02:49:25,839 - ADV_Generation_eps_1.0_steps_100 - INFO - Batch:[845] Adversarial images for this batch already exist
2026-02-09 02:49:25,989 - ADV_Generation_eps_1.0_steps_100 - INFO - Batch 846/3783: Clean accuracy 0.7553 | Adv accuracy: 0.0000 
2026-02-09 02:49:25,989 - ADV_Generation_eps_1.0_steps_100 - INFO - Batch:[846] Adversarial images for this batch already exist
2026-02-09 02:49:26,129 - ADV_Generation_eps_1.0_steps_100 - INFO - Batch 847/3783: Clean accuracy 0.7556 | Adv accuracy: 0.0000 
2026-02-09 02:49:26,130 - ADV_Generation_eps_1.0_steps_100 - INFO - Batch:[847] Adversarial images for this batch already exist
2026-02-09 02:49:26,268 - ADV_Generation_eps_1.0_steps_100 - INFO - Batch 848/3783: Clean accuracy 0.7547 | Adv accuracy: 0.0000 
2026-02-09 02:49:26,269 - ADV_Generation_eps_1.0_steps_100 - INFO - Batch:[848] Adversarial images for this batch already exist
2026-02-09 02:49:26,407 - ADV_Generation_eps_1.0_steps_100 - INFO - Batch 849/3783: Clean accuracy 0.7538 | Adv accuracy: 0.0000 
2026-02-09 02:49:26,408 - ADV_Generation_eps_1.0_steps_100 - INFO - Batch:[849] Adversarial images for this batch already exist
2026-02-09 02:49:26,555 - ADV_Generation_eps_1.0_steps_100 - INFO - Batch 850/3783: Clean accuracy 0.7529 | Adv accuracy: 0.0000 
2026-02-09 02:49:26,556 - ADV_Generation_eps_1.0_steps_100 - INFO - Batch:[850] Adversarial images for this batch already exist
2026-02-09 02:49:26,693 - ADV_Generation_eps_1.0_steps_100 - INFO - Batch 851/3783: Clean accuracy 0.7521 | Adv accuracy: 0.0000 
2026-02-09 02:49:26,694 - ADV_Generation_eps_1.0_steps_100 - INFO - Batch:[851] Adversarial images for this batch already exist
2026-02-09 02:49:26,854 - ADV_Generation_eps_1.0_steps_100 - INFO - Batch 852/3783: Clean accuracy 0.7512 | Adv accuracy: 0.0000 
2026-02-09 02:49:26,855 - ADV_Generation_eps_1.0_steps_100 - INFO - Batch:[852] Adversarial images for this batch already exist
2026-02-09 02:49:26,991 - ADV_Generation_eps_1.0_steps_100 - INFO - Batch 853/3783: Clean accuracy 0.7503 | Adv accuracy: 0.0000 
2026-02-09 02:49:26,995 - ADV_Generation_eps_1.0_steps_100 - INFO - Batch:[853] Adversarial images for this batch already exist
2026-02-09 02:49:27,136 - ADV_Generation_eps_1.0_steps_100 - INFO - Batch 854/3783: Clean accuracy 0.7494 | Adv accuracy: 0.0000 
2026-02-09 02:49:27,137 - ADV_Generation_eps_1.0_steps_100 - INFO - Batch:[854] Adversarial images for this batch already exist
2026-02-09 02:49:27,274 - ADV_Generation_eps_1.0_steps_100 - INFO - Batch 855/3783: Clean accuracy 0.7485 | Adv accuracy: 0.0000 
2026-02-09 02:49:27,275 - ADV_Generation_eps_1.0_steps_100 - INFO - Batch:[855] Adversarial images for this batch already exist
2026-02-09 02:49:27,415 - ADV_Generation_eps_1.0_steps_100 - INFO - Batch 856/3783: Clean accuracy 0.7477 | Adv accuracy: 0.0000 
2026-02-09 02:49:27,416 - ADV_Generation_eps_1.0_steps_100 - INFO - Batch:[856] Adversarial images for this batch already exist
2026-02-09 02:49:27,557 - ADV_Generation_eps_1.0_steps_100 - INFO - Batch 857/3783: Clean accuracy 0.7480 | Adv accuracy: 0.0000 
2026-02-09 02:49:27,558 - ADV_Generation_eps_1.0_steps_100 - INFO - Batch:[857] Adversarial images for this batch already exist
2026-02-09 02:49:27,691 - ADV_Generation_eps_1.0_steps_100 - INFO - Batch 858/3783: Clean accuracy 0.7483 | Adv accuracy: 0.0000 
2026-02-09 02:49:27,692 - ADV_Generation_eps_1.0_steps_100 - INFO - Batch:[858] Adversarial images for this batch already exist
2026-02-09 02:49:27,832 - ADV_Generation_eps_1.0_steps_100 - INFO - Batch 859/3783: Clean accuracy 0.7485 | Adv accuracy: 0.0000 
2026-02-09 02:49:27,833 - ADV_Generation_eps_1.0_steps_100 - INFO - Batch:[859] Adversarial images for this batch already exist
2026-02-09 02:49:27,968 - ADV_Generation_eps_1.0_steps_100 - INFO - Batch 860/3783: Clean accuracy 0.7488 | Adv accuracy: 0.0000 
2026-02-09 02:49:27,968 - ADV_Generation_eps_1.0_steps_100 - INFO - Batch:[860] Adversarial images for this batch already exist
2026-02-09 02:49:28,104 - ADV_Generation_eps_1.0_steps_100 - INFO - Batch 861/3783: Clean accuracy 0.7491 | Adv accuracy: 0.0000 
2026-02-09 02:49:28,105 - ADV_Generation_eps_1.0_steps_100 - INFO - Batch:[861] Adversarial images for this batch already exist
2026-02-09 02:49:28,247 - ADV_Generation_eps_1.0_steps_100 - INFO - Batch 862/3783: Clean accuracy 0.7483 | Adv accuracy: 0.0000 
2026-02-09 02:49:28,248 - ADV_Generation_eps_1.0_steps_100 - INFO - Batch:[862] Adversarial images for this batch already exist
2026-02-09 02:49:28,385 - ADV_Generation_eps_1.0_steps_100 - INFO - Batch 863/3783: Clean accuracy 0.7474 | Adv accuracy: 0.0000 
2026-02-09 02:49:28,386 - ADV_Generation_eps_1.0_steps_100 - INFO - Batch:[863] Adversarial images for this batch already exist
2026-02-09 02:49:28,525 - ADV_Generation_eps_1.0_steps_100 - INFO - Batch 864/3783: Clean accuracy 0.7465 | Adv accuracy: 0.0000 
2026-02-09 02:49:28,526 - ADV_Generation_eps_1.0_steps_100 - INFO - Batch:[864] Adversarial images for this batch already exist
2026-02-09 02:49:28,665 - ADV_Generation_eps_1.0_steps_100 - INFO - Batch 865/3783: Clean accuracy 0.7457 | Adv accuracy: 0.0000 
2026-02-09 02:49:28,666 - ADV_Generation_eps_1.0_steps_100 - INFO - Batch:[865] Adversarial images for this batch already exist
2026-02-09 02:49:28,813 - ADV_Generation_eps_1.0_steps_100 - INFO - Batch 866/3783: Clean accuracy 0.7448 | Adv accuracy: 0.0000 
2026-02-09 02:49:28,814 - ADV_Generation_eps_1.0_steps_100 - INFO - Batch:[866] Adversarial images for this batch already exist
2026-02-09 02:49:28,953 - ADV_Generation_eps_1.0_steps_100 - INFO - Batch 867/3783: Clean accuracy 0.7439 | Adv accuracy: 0.0000 
2026-02-09 02:49:28,954 - ADV_Generation_eps_1.0_steps_100 - INFO - Batch:[867] Adversarial images for this batch already exist
2026-02-09 02:49:29,093 - ADV_Generation_eps_1.0_steps_100 - INFO - Batch 868/3783: Clean accuracy 0.7431 | Adv accuracy: 0.0000 
2026-02-09 02:49:29,094 - ADV_Generation_eps_1.0_steps_100 - INFO - Batch:[868] Adversarial images for this batch already exist
2026-02-09 02:49:29,241 - ADV_Generation_eps_1.0_steps_100 - INFO - Batch 869/3783: Clean accuracy 0.7422 | Adv accuracy: 0.0000 
2026-02-09 02:49:29,242 - ADV_Generation_eps_1.0_steps_100 - INFO - Batch:[869] Adversarial images for this batch already exist
2026-02-09 02:49:29,378 - ADV_Generation_eps_1.0_steps_100 - INFO - Batch 870/3783: Clean accuracy 0.7414 | Adv accuracy: 0.0000 
2026-02-09 02:49:29,379 - ADV_Generation_eps_1.0_steps_100 - INFO - Batch:[870] Adversarial images for this batch already exist
2026-02-09 02:49:29,542 - ADV_Generation_eps_1.0_steps_100 - INFO - Batch 871/3783: Clean accuracy 0.7417 | Adv accuracy: 0.0000 
2026-02-09 02:49:29,543 - ADV_Generation_eps_1.0_steps_100 - INFO - Batch:[871] Adversarial images for this batch already exist
2026-02-09 02:49:29,698 - ADV_Generation_eps_1.0_steps_100 - INFO - Batch 872/3783: Clean accuracy 0.7420 | Adv accuracy: 0.0000 
2026-02-09 02:49:29,698 - ADV_Generation_eps_1.0_steps_100 - INFO - Batch:[872] Adversarial images for this batch already exist
2026-02-09 02:49:29,838 - ADV_Generation_eps_1.0_steps_100 - INFO - Batch 873/3783: Clean accuracy 0.7411 | Adv accuracy: 0.0000 
2026-02-09 02:49:29,839 - ADV_Generation_eps_1.0_steps_100 - INFO - Batch:[873] Adversarial images for this batch already exist
2026-02-09 02:49:29,987 - ADV_Generation_eps_1.0_steps_100 - INFO - Batch 874/3783: Clean accuracy 0.7403 | Adv accuracy: 0.0000 
2026-02-09 02:49:29,988 - ADV_Generation_eps_1.0_steps_100 - INFO - Batch:[874] Adversarial images for this batch already exist
2026-02-09 02:49:30,129 - ADV_Generation_eps_1.0_steps_100 - INFO - Batch 875/3783: Clean accuracy 0.7406 | Adv accuracy: 0.0000 
2026-02-09 02:49:30,131 - ADV_Generation_eps_1.0_steps_100 - INFO - Batch:[875] Adversarial images for this batch already exist
2026-02-09 02:49:30,273 - ADV_Generation_eps_1.0_steps_100 - INFO - Batch 876/3783: Clean accuracy 0.7397 | Adv accuracy: 0.0000 
2026-02-09 02:49:30,274 - ADV_Generation_eps_1.0_steps_100 - INFO - Batch:[876] Adversarial images for this batch already exist
2026-02-09 02:49:30,418 - ADV_Generation_eps_1.0_steps_100 - INFO - Batch 877/3783: Clean accuracy 0.7400 | Adv accuracy: 0.0000 
2026-02-09 02:49:30,419 - ADV_Generation_eps_1.0_steps_100 - INFO - Batch:[877] Adversarial images for this batch already exist
2026-02-09 02:49:30,584 - ADV_Generation_eps_1.0_steps_100 - INFO - Batch 878/3783: Clean accuracy 0.7403 | Adv accuracy: 0.0000 
2026-02-09 02:49:30,585 - ADV_Generation_eps_1.0_steps_100 - INFO - Batch:[878] Adversarial images for this batch already exist
2026-02-09 02:49:30,735 - ADV_Generation_eps_1.0_steps_100 - INFO - Batch 879/3783: Clean accuracy 0.7406 | Adv accuracy: 0.0000 
2026-02-09 02:49:30,736 - ADV_Generation_eps_1.0_steps_100 - INFO - Batch:[879] Adversarial images for this batch already exist
2026-02-09 02:49:30,872 - ADV_Generation_eps_1.0_steps_100 - INFO - Batch 880/3783: Clean accuracy 0.7409 | Adv accuracy: 0.0000 
2026-02-09 02:49:30,873 - ADV_Generation_eps_1.0_steps_100 - INFO - Batch:[880] Adversarial images for this batch already exist
2026-02-09 02:49:31,012 - ADV_Generation_eps_1.0_steps_100 - INFO - Batch 881/3783: Clean accuracy 0.7412 | Adv accuracy: 0.0000 
2026-02-09 02:49:31,013 - ADV_Generation_eps_1.0_steps_100 - INFO - Batch:[881] Adversarial images for this batch already exist
2026-02-09 02:49:31,164 - ADV_Generation_eps_1.0_steps_100 - INFO - Batch 882/3783: Clean accuracy 0.7415 | Adv accuracy: 0.0000 
2026-02-09 02:49:31,165 - ADV_Generation_eps_1.0_steps_100 - INFO - Batch:[882] Adversarial images for this batch already exist
2026-02-09 02:49:31,298 - ADV_Generation_eps_1.0_steps_100 - INFO - Batch 883/3783: Clean accuracy 0.7418 | Adv accuracy: 0.0000 
2026-02-09 02:49:31,299 - ADV_Generation_eps_1.0_steps_100 - INFO - Batch:[883] Adversarial images for this batch already exist
2026-02-09 02:49:31,436 - ADV_Generation_eps_1.0_steps_100 - INFO - Batch 884/3783: Clean accuracy 0.7421 | Adv accuracy: 0.0000 
2026-02-09 02:49:31,436 - ADV_Generation_eps_1.0_steps_100 - INFO - Batch:[884] Adversarial images for this batch already exist
2026-02-09 02:49:31,572 - ADV_Generation_eps_1.0_steps_100 - INFO - Batch 885/3783: Clean accuracy 0.7424 | Adv accuracy: 0.0000 
2026-02-09 02:49:31,573 - ADV_Generation_eps_1.0_steps_100 - INFO - Batch:[885] Adversarial images for this batch already exist
2026-02-09 02:49:31,711 - ADV_Generation_eps_1.0_steps_100 - INFO - Batch 886/3783: Clean accuracy 0.7427 | Adv accuracy: 0.0000 
2026-02-09 02:49:31,712 - ADV_Generation_eps_1.0_steps_100 - INFO - Batch:[886] Adversarial images for this batch already exist
2026-02-09 02:49:31,853 - ADV_Generation_eps_1.0_steps_100 - INFO - Batch 887/3783: Clean accuracy 0.7430 | Adv accuracy: 0.0000 
2026-02-09 02:49:31,854 - ADV_Generation_eps_1.0_steps_100 - INFO - Batch:[887] Adversarial images for this batch already exist
2026-02-09 02:49:31,997 - ADV_Generation_eps_1.0_steps_100 - INFO - Batch 888/3783: Clean accuracy 0.7432 | Adv accuracy: 0.0000 
2026-02-09 02:49:31,998 - ADV_Generation_eps_1.0_steps_100 - INFO - Batch:[888] Adversarial images for this batch already exist
2026-02-09 02:49:32,163 - ADV_Generation_eps_1.0_steps_100 - INFO - Batch 889/3783: Clean accuracy 0.7435 | Adv accuracy: 0.0000 
2026-02-09 02:49:32,164 - ADV_Generation_eps_1.0_steps_100 - INFO - Batch:[889] Adversarial images for this batch already exist
2026-02-09 02:49:32,301 - ADV_Generation_eps_1.0_steps_100 - INFO - Batch 890/3783: Clean accuracy 0.7438 | Adv accuracy: 0.0000 
2026-02-09 02:49:32,302 - ADV_Generation_eps_1.0_steps_100 - INFO - Batch:[890] Adversarial images for this batch already exist
2026-02-09 02:49:32,450 - ADV_Generation_eps_1.0_steps_100 - INFO - Batch 891/3783: Clean accuracy 0.7430 | Adv accuracy: 0.0000 
2026-02-09 02:49:32,451 - ADV_Generation_eps_1.0_steps_100 - INFO - Batch:[891] Adversarial images for this batch already exist
2026-02-09 02:49:32,588 - ADV_Generation_eps_1.0_steps_100 - INFO - Batch 892/3783: Clean accuracy 0.7422 | Adv accuracy: 0.0000 
2026-02-09 02:49:32,589 - ADV_Generation_eps_1.0_steps_100 - INFO - Batch:[892] Adversarial images for this batch already exist
2026-02-09 02:49:32,733 - ADV_Generation_eps_1.0_steps_100 - INFO - Batch 893/3783: Clean accuracy 0.7413 | Adv accuracy: 0.0000 
2026-02-09 02:49:32,734 - ADV_Generation_eps_1.0_steps_100 - INFO - Batch:[893] Adversarial images for this batch already exist
2026-02-09 02:49:32,867 - ADV_Generation_eps_1.0_steps_100 - INFO - Batch 894/3783: Clean accuracy 0.7416 | Adv accuracy: 0.0000 
2026-02-09 02:49:32,868 - ADV_Generation_eps_1.0_steps_100 - INFO - Batch:[894] Adversarial images for this batch already exist
2026-02-09 02:49:33,012 - ADV_Generation_eps_1.0_steps_100 - INFO - Batch 895/3783: Clean accuracy 0.7408 | Adv accuracy: 0.0000 
2026-02-09 02:49:33,013 - ADV_Generation_eps_1.0_steps_100 - INFO - Batch:[895] Adversarial images for this batch already exist
2026-02-09 02:49:33,154 - ADV_Generation_eps_1.0_steps_100 - INFO - Batch 896/3783: Clean accuracy 0.7400 | Adv accuracy: 0.0000 
2026-02-09 02:49:33,155 - ADV_Generation_eps_1.0_steps_100 - INFO - Batch:[896] Adversarial images for this batch already exist
2026-02-09 02:49:33,293 - ADV_Generation_eps_1.0_steps_100 - INFO - Batch 897/3783: Clean accuracy 0.7391 | Adv accuracy: 0.0000 
2026-02-09 02:49:33,294 - ADV_Generation_eps_1.0_steps_100 - INFO - Batch:[897] Adversarial images for this batch already exist
2026-02-09 02:49:33,429 - ADV_Generation_eps_1.0_steps_100 - INFO - Batch 898/3783: Clean accuracy 0.7394 | Adv accuracy: 0.0000 
2026-02-09 02:49:33,430 - ADV_Generation_eps_1.0_steps_100 - INFO - Batch:[898] Adversarial images for this batch already exist
2026-02-09 02:49:33,568 - ADV_Generation_eps_1.0_steps_100 - INFO - Batch 899/3783: Clean accuracy 0.7397 | Adv accuracy: 0.0000 
2026-02-09 02:49:33,569 - ADV_Generation_eps_1.0_steps_100 - INFO - Batch:[899] Adversarial images for this batch already exist
2026-02-09 02:49:33,708 - ADV_Generation_eps_1.0_steps_100 - INFO - Batch 900/3783: Clean accuracy 0.7400 | Adv accuracy: 0.0000 
2026-02-09 02:49:33,709 - ADV_Generation_eps_1.0_steps_100 - INFO - Batch:[900] Adversarial images for this batch already exist
2026-02-09 02:49:33,847 - ADV_Generation_eps_1.0_steps_100 - INFO - Batch 901/3783: Clean accuracy 0.7403 | Adv accuracy: 0.0000 
2026-02-09 02:49:33,848 - ADV_Generation_eps_1.0_steps_100 - INFO - Batch:[901] Adversarial images for this batch already exist
2026-02-09 02:49:33,983 - ADV_Generation_eps_1.0_steps_100 - INFO - Batch 902/3783: Clean accuracy 0.7406 | Adv accuracy: 0.0000 
2026-02-09 02:49:33,984 - ADV_Generation_eps_1.0_steps_100 - INFO - Batch:[902] Adversarial images for this batch already exist
2026-02-09 02:49:34,158 - ADV_Generation_eps_1.0_steps_100 - INFO - Batch 903/3783: Clean accuracy 0.7409 | Adv accuracy: 0.0000 
2026-02-09 02:49:34,159 - ADV_Generation_eps_1.0_steps_100 - INFO - Batch:[903] Adversarial images for this batch already exist
2026-02-09 02:49:34,297 - ADV_Generation_eps_1.0_steps_100 - INFO - Batch 904/3783: Clean accuracy 0.7412 | Adv accuracy: 0.0000 
2026-02-09 02:49:34,298 - ADV_Generation_eps_1.0_steps_100 - INFO - Batch:[904] Adversarial images for this batch already exist
2026-02-09 02:49:34,440 - ADV_Generation_eps_1.0_steps_100 - INFO - Batch 905/3783: Clean accuracy 0.7403 | Adv accuracy: 0.0000 
2026-02-09 02:49:34,441 - ADV_Generation_eps_1.0_steps_100 - INFO - Batch:[905] Adversarial images for this batch already exist
2026-02-09 02:49:34,580 - ADV_Generation_eps_1.0_steps_100 - INFO - Batch 906/3783: Clean accuracy 0.7395 | Adv accuracy: 0.0000 
2026-02-09 02:49:34,581 - ADV_Generation_eps_1.0_steps_100 - INFO - Batch:[906] Adversarial images for this batch already exist
2026-02-09 02:49:34,737 - ADV_Generation_eps_1.0_steps_100 - INFO - Batch 907/3783: Clean accuracy 0.7387 | Adv accuracy: 0.0000 
2026-02-09 02:49:34,738 - ADV_Generation_eps_1.0_steps_100 - INFO - Batch:[907] Adversarial images for this batch already exist
2026-02-09 02:49:34,922 - ADV_Generation_eps_1.0_steps_100 - INFO - Batch 908/3783: Clean accuracy 0.7379 | Adv accuracy: 0.0000 
2026-02-09 02:49:34,923 - ADV_Generation_eps_1.0_steps_100 - INFO - Batch:[908] Adversarial images for this batch already exist
2026-02-09 02:49:35,074 - ADV_Generation_eps_1.0_steps_100 - INFO - Batch 909/3783: Clean accuracy 0.7371 | Adv accuracy: 0.0000 
2026-02-09 02:49:35,075 - ADV_Generation_eps_1.0_steps_100 - INFO - Batch:[909] Adversarial images for this batch already exist
2026-02-09 02:49:35,213 - ADV_Generation_eps_1.0_steps_100 - INFO - Batch 910/3783: Clean accuracy 0.7363 | Adv accuracy: 0.0000 
2026-02-09 02:49:35,214 - ADV_Generation_eps_1.0_steps_100 - INFO - Batch:[910] Adversarial images for this batch already exist
2026-02-09 02:49:35,358 - ADV_Generation_eps_1.0_steps_100 - INFO - Batch 911/3783: Clean accuracy 0.7355 | Adv accuracy: 0.0000 
2026-02-09 02:49:35,358 - ADV_Generation_eps_1.0_steps_100 - INFO - Batch:[911] Adversarial images for this batch already exist
2026-02-09 02:49:35,506 - ADV_Generation_eps_1.0_steps_100 - INFO - Batch 912/3783: Clean accuracy 0.7357 | Adv accuracy: 0.0000 
2026-02-09 02:49:35,507 - ADV_Generation_eps_1.0_steps_100 - INFO - Batch:[912] Adversarial images for this batch already exist
2026-02-09 02:49:35,652 - ADV_Generation_eps_1.0_steps_100 - INFO - Batch 913/3783: Clean accuracy 0.7360 | Adv accuracy: 0.0000 
2026-02-09 02:49:35,653 - ADV_Generation_eps_1.0_steps_100 - INFO - Batch:[913] Adversarial images for this batch already exist
2026-02-09 02:49:35,788 - ADV_Generation_eps_1.0_steps_100 - INFO - Batch 914/3783: Clean accuracy 0.7352 | Adv accuracy: 0.0000 
2026-02-09 02:49:35,789 - ADV_Generation_eps_1.0_steps_100 - INFO - Batch:[914] Adversarial images for this batch already exist
2026-02-09 02:49:35,922 - ADV_Generation_eps_1.0_steps_100 - INFO - Batch 915/3783: Clean accuracy 0.7355 | Adv accuracy: 0.0000 
2026-02-09 02:49:35,924 - ADV_Generation_eps_1.0_steps_100 - INFO - Batch:[915] Adversarial images for this batch already exist
2026-02-09 02:49:36,060 - ADV_Generation_eps_1.0_steps_100 - INFO - Batch 916/3783: Clean accuracy 0.7358 | Adv accuracy: 0.0000 
2026-02-09 02:49:36,061 - ADV_Generation_eps_1.0_steps_100 - INFO - Batch:[916] Adversarial images for this batch already exist
2026-02-09 02:49:36,211 - ADV_Generation_eps_1.0_steps_100 - INFO - Batch 917/3783: Clean accuracy 0.7361 | Adv accuracy: 0.0000 
2026-02-09 02:49:36,212 - ADV_Generation_eps_1.0_steps_100 - INFO - Batch:[917] Adversarial images for this batch already exist
2026-02-09 02:49:36,352 - ADV_Generation_eps_1.0_steps_100 - INFO - Batch 918/3783: Clean accuracy 0.7364 | Adv accuracy: 0.0000 
2026-02-09 02:49:36,353 - ADV_Generation_eps_1.0_steps_100 - INFO - Batch:[918] Adversarial images for this batch already exist
2026-02-09 02:49:36,491 - ADV_Generation_eps_1.0_steps_100 - INFO - Batch 919/3783: Clean accuracy 0.7367 | Adv accuracy: 0.0000 
2026-02-09 02:49:36,492 - ADV_Generation_eps_1.0_steps_100 - INFO - Batch:[919] Adversarial images for this batch already exist
2026-02-09 02:49:36,630 - ADV_Generation_eps_1.0_steps_100 - INFO - Batch 920/3783: Clean accuracy 0.7370 | Adv accuracy: 0.0000 
2026-02-09 02:49:36,631 - ADV_Generation_eps_1.0_steps_100 - INFO - Batch:[920] Adversarial images for this batch already exist
2026-02-09 02:49:36,772 - ADV_Generation_eps_1.0_steps_100 - INFO - Batch 921/3783: Clean accuracy 0.7372 | Adv accuracy: 0.0000 
2026-02-09 02:49:36,773 - ADV_Generation_eps_1.0_steps_100 - INFO - Batch:[921] Adversarial images for this batch already exist
2026-02-09 02:49:36,909 - ADV_Generation_eps_1.0_steps_100 - INFO - Batch 922/3783: Clean accuracy 0.7375 | Adv accuracy: 0.0000 
2026-02-09 02:49:36,910 - ADV_Generation_eps_1.0_steps_100 - INFO - Batch:[922] Adversarial images for this batch already exist
2026-02-09 02:49:37,050 - ADV_Generation_eps_1.0_steps_100 - INFO - Batch 923/3783: Clean accuracy 0.7378 | Adv accuracy: 0.0000 
2026-02-09 02:49:37,051 - ADV_Generation_eps_1.0_steps_100 - INFO - Batch:[923] Adversarial images for this batch already exist
2026-02-09 02:49:37,192 - ADV_Generation_eps_1.0_steps_100 - INFO - Batch 924/3783: Clean accuracy 0.7381 | Adv accuracy: 0.0000 
2026-02-09 02:49:37,193 - ADV_Generation_eps_1.0_steps_100 - INFO - Batch:[924] Adversarial images for this batch already exist
2026-02-09 02:49:37,326 - ADV_Generation_eps_1.0_steps_100 - INFO - Batch 925/3783: Clean accuracy 0.7384 | Adv accuracy: 0.0000 
2026-02-09 02:49:37,327 - ADV_Generation_eps_1.0_steps_100 - INFO - Batch:[925] Adversarial images for this batch already exist
2026-02-09 02:49:37,457 - ADV_Generation_eps_1.0_steps_100 - INFO - Batch 926/3783: Clean accuracy 0.7387 | Adv accuracy: 0.0000 
2026-02-09 02:49:37,458 - ADV_Generation_eps_1.0_steps_100 - INFO - Batch:[926] Adversarial images for this batch already exist
2026-02-09 02:49:37,600 - ADV_Generation_eps_1.0_steps_100 - INFO - Batch 927/3783: Clean accuracy 0.7389 | Adv accuracy: 0.0000 
2026-02-09 02:49:37,601 - ADV_Generation_eps_1.0_steps_100 - INFO - Batch:[927] Adversarial images for this batch already exist
2026-02-09 02:49:37,739 - ADV_Generation_eps_1.0_steps_100 - INFO - Batch 928/3783: Clean accuracy 0.7392 | Adv accuracy: 0.0000 
2026-02-09 02:49:37,740 - ADV_Generation_eps_1.0_steps_100 - INFO - Batch:[928] Adversarial images for this batch already exist
2026-02-09 02:49:37,875 - ADV_Generation_eps_1.0_steps_100 - INFO - Batch 929/3783: Clean accuracy 0.7395 | Adv accuracy: 0.0000 
2026-02-09 02:49:37,876 - ADV_Generation_eps_1.0_steps_100 - INFO - Batch:[929] Adversarial images for this batch already exist
2026-02-09 02:49:38,021 - ADV_Generation_eps_1.0_steps_100 - INFO - Batch 930/3783: Clean accuracy 0.7398 | Adv accuracy: 0.0000 
2026-02-09 02:49:38,022 - ADV_Generation_eps_1.0_steps_100 - INFO - Batch:[930] Adversarial images for this batch already exist
2026-02-09 02:49:38,166 - ADV_Generation_eps_1.0_steps_100 - INFO - Batch 931/3783: Clean accuracy 0.7401 | Adv accuracy: 0.0000 
2026-02-09 02:49:38,167 - ADV_Generation_eps_1.0_steps_100 - INFO - Batch:[931] Adversarial images for this batch already exist
2026-02-09 02:49:38,308 - ADV_Generation_eps_1.0_steps_100 - INFO - Batch 932/3783: Clean accuracy 0.7403 | Adv accuracy: 0.0000 
2026-02-09 02:49:38,309 - ADV_Generation_eps_1.0_steps_100 - INFO - Batch:[932] Adversarial images for this batch already exist
2026-02-09 02:49:38,462 - ADV_Generation_eps_1.0_steps_100 - INFO - Batch 933/3783: Clean accuracy 0.7406 | Adv accuracy: 0.0000 
2026-02-09 02:49:38,463 - ADV_Generation_eps_1.0_steps_100 - INFO - Batch:[933] Adversarial images for this batch already exist
2026-02-09 02:49:38,650 - ADV_Generation_eps_1.0_steps_100 - INFO - Batch 934/3783: Clean accuracy 0.7409 | Adv accuracy: 0.0000 
2026-02-09 02:49:38,651 - ADV_Generation_eps_1.0_steps_100 - INFO - Batch:[934] Adversarial images for this batch already exist
2026-02-09 02:49:38,827 - ADV_Generation_eps_1.0_steps_100 - INFO - Batch 935/3783: Clean accuracy 0.7412 | Adv accuracy: 0.0000 
2026-02-09 02:49:38,828 - ADV_Generation_eps_1.0_steps_100 - INFO - Batch:[935] Adversarial images for this batch already exist
2026-02-09 02:49:38,978 - ADV_Generation_eps_1.0_steps_100 - INFO - Batch 936/3783: Clean accuracy 0.7415 | Adv accuracy: 0.0000 
2026-02-09 02:49:38,979 - ADV_Generation_eps_1.0_steps_100 - INFO - Batch:[936] Adversarial images for this batch already exist
2026-02-09 02:49:39,113 - ADV_Generation_eps_1.0_steps_100 - INFO - Batch 937/3783: Clean accuracy 0.7417 | Adv accuracy: 0.0000 
2026-02-09 02:49:39,114 - ADV_Generation_eps_1.0_steps_100 - INFO - Batch:[937] Adversarial images for this batch already exist
2026-02-09 02:49:39,261 - ADV_Generation_eps_1.0_steps_100 - INFO - Batch 938/3783: Clean accuracy 0.7420 | Adv accuracy: 0.0000 
2026-02-09 02:49:39,262 - ADV_Generation_eps_1.0_steps_100 - INFO - Batch:[938] Adversarial images for this batch already exist
2026-02-09 02:49:39,403 - ADV_Generation_eps_1.0_steps_100 - INFO - Batch 939/3783: Clean accuracy 0.7423 | Adv accuracy: 0.0000 
2026-02-09 02:49:39,404 - ADV_Generation_eps_1.0_steps_100 - INFO - Batch:[939] Adversarial images for this batch already exist
2026-02-09 02:49:39,549 - ADV_Generation_eps_1.0_steps_100 - INFO - Batch 940/3783: Clean accuracy 0.7426 | Adv accuracy: 0.0000 
2026-02-09 02:49:39,550 - ADV_Generation_eps_1.0_steps_100 - INFO - Batch:[940] Adversarial images for this batch already exist
2026-02-09 02:49:39,694 - ADV_Generation_eps_1.0_steps_100 - INFO - Batch 941/3783: Clean accuracy 0.7428 | Adv accuracy: 0.0000 
2026-02-09 02:49:39,695 - ADV_Generation_eps_1.0_steps_100 - INFO - Batch:[941] Adversarial images for this batch already exist
2026-02-09 02:49:39,836 - ADV_Generation_eps_1.0_steps_100 - INFO - Batch 942/3783: Clean accuracy 0.7431 | Adv accuracy: 0.0000 
2026-02-09 02:49:39,837 - ADV_Generation_eps_1.0_steps_100 - INFO - Batch:[942] Adversarial images for this batch already exist
2026-02-09 02:49:39,974 - ADV_Generation_eps_1.0_steps_100 - INFO - Batch 943/3783: Clean accuracy 0.7434 | Adv accuracy: 0.0000 
2026-02-09 02:49:39,975 - ADV_Generation_eps_1.0_steps_100 - INFO - Batch:[943] Adversarial images for this batch already exist
2026-02-09 02:49:40,116 - ADV_Generation_eps_1.0_steps_100 - INFO - Batch 944/3783: Clean accuracy 0.7436 | Adv accuracy: 0.0000 
2026-02-09 02:49:40,117 - ADV_Generation_eps_1.0_steps_100 - INFO - Batch:[944] Adversarial images for this batch already exist
2026-02-09 02:49:40,255 - ADV_Generation_eps_1.0_steps_100 - INFO - Batch 945/3783: Clean accuracy 0.7439 | Adv accuracy: 0.0000 
2026-02-09 02:49:40,256 - ADV_Generation_eps_1.0_steps_100 - INFO - Batch:[945] Adversarial images for this batch already exist
2026-02-09 02:49:40,396 - ADV_Generation_eps_1.0_steps_100 - INFO - Batch 946/3783: Clean accuracy 0.7442 | Adv accuracy: 0.0000 
2026-02-09 02:49:40,397 - ADV_Generation_eps_1.0_steps_100 - INFO - Batch:[946] Adversarial images for this batch already exist
2026-02-09 02:49:40,542 - ADV_Generation_eps_1.0_steps_100 - INFO - Batch 947/3783: Clean accuracy 0.7445 | Adv accuracy: 0.0000 
2026-02-09 02:49:40,543 - ADV_Generation_eps_1.0_steps_100 - INFO - Batch:[947] Adversarial images for this batch already exist
2026-02-09 02:49:40,771 - ADV_Generation_eps_1.0_steps_100 - INFO - Batch 948/3783: Clean accuracy 0.7447 | Adv accuracy: 0.0000 
2026-02-09 02:49:40,772 - ADV_Generation_eps_1.0_steps_100 - INFO - Batch:[948] Adversarial images for this batch already exist
2026-02-09 02:49:40,911 - ADV_Generation_eps_1.0_steps_100 - INFO - Batch 949/3783: Clean accuracy 0.7450 | Adv accuracy: 0.0000 
2026-02-09 02:49:40,912 - ADV_Generation_eps_1.0_steps_100 - INFO - Batch:[949] Adversarial images for this batch already exist
2026-02-09 02:49:41,074 - ADV_Generation_eps_1.0_steps_100 - INFO - Batch 950/3783: Clean accuracy 0.7453 | Adv accuracy: 0.0000 
2026-02-09 02:49:41,076 - ADV_Generation_eps_1.0_steps_100 - INFO - Batch:[950] Adversarial images for this batch already exist
2026-02-09 02:49:41,240 - ADV_Generation_eps_1.0_steps_100 - INFO - Batch 951/3783: Clean accuracy 0.7455 | Adv accuracy: 0.0000 
2026-02-09 02:49:41,240 - ADV_Generation_eps_1.0_steps_100 - INFO - Batch:[951] Adversarial images for this batch already exist
2026-02-09 02:49:41,404 - ADV_Generation_eps_1.0_steps_100 - INFO - Batch 952/3783: Clean accuracy 0.7458 | Adv accuracy: 0.0000 
2026-02-09 02:49:41,405 - ADV_Generation_eps_1.0_steps_100 - INFO - Batch:[952] Adversarial images for this batch already exist
2026-02-09 02:49:41,544 - ADV_Generation_eps_1.0_steps_100 - INFO - Batch 953/3783: Clean accuracy 0.7461 | Adv accuracy: 0.0000 
2026-02-09 02:49:41,545 - ADV_Generation_eps_1.0_steps_100 - INFO - Batch:[953] Adversarial images for this batch already exist
2026-02-09 02:49:41,681 - ADV_Generation_eps_1.0_steps_100 - INFO - Batch 954/3783: Clean accuracy 0.7463 | Adv accuracy: 0.0000 
2026-02-09 02:49:41,682 - ADV_Generation_eps_1.0_steps_100 - INFO - Batch:[954] Adversarial images for this batch already exist
2026-02-09 02:49:41,826 - ADV_Generation_eps_1.0_steps_100 - INFO - Batch 955/3783: Clean accuracy 0.7466 | Adv accuracy: 0.0000 
2026-02-09 02:49:41,827 - ADV_Generation_eps_1.0_steps_100 - INFO - Batch:[955] Adversarial images for this batch already exist
2026-02-09 02:49:41,968 - ADV_Generation_eps_1.0_steps_100 - INFO - Batch 956/3783: Clean accuracy 0.7469 | Adv accuracy: 0.0000 
2026-02-09 02:49:41,969 - ADV_Generation_eps_1.0_steps_100 - INFO - Batch:[956] Adversarial images for this batch already exist
2026-02-09 02:49:42,109 - ADV_Generation_eps_1.0_steps_100 - INFO - Batch 957/3783: Clean accuracy 0.7471 | Adv accuracy: 0.0000 
2026-02-09 02:49:42,110 - ADV_Generation_eps_1.0_steps_100 - INFO - Batch:[957] Adversarial images for this batch already exist
2026-02-09 02:49:42,247 - ADV_Generation_eps_1.0_steps_100 - INFO - Batch 958/3783: Clean accuracy 0.7474 | Adv accuracy: 0.0000 
2026-02-09 02:49:42,248 - ADV_Generation_eps_1.0_steps_100 - INFO - Batch:[958] Adversarial images for this batch already exist
2026-02-09 02:49:42,421 - ADV_Generation_eps_1.0_steps_100 - INFO - Batch 959/3783: Clean accuracy 0.7477 | Adv accuracy: 0.0000 
2026-02-09 02:49:42,422 - ADV_Generation_eps_1.0_steps_100 - INFO - Batch:[959] Adversarial images for this batch already exist
2026-02-09 02:49:42,561 - ADV_Generation_eps_1.0_steps_100 - INFO - Batch 960/3783: Clean accuracy 0.7479 | Adv accuracy: 0.0000 
2026-02-09 02:49:42,562 - ADV_Generation_eps_1.0_steps_100 - INFO - Batch:[960] Adversarial images for this batch already exist
2026-02-09 02:49:42,707 - ADV_Generation_eps_1.0_steps_100 - INFO - Batch 961/3783: Clean accuracy 0.7482 | Adv accuracy: 0.0000 
2026-02-09 02:49:42,708 - ADV_Generation_eps_1.0_steps_100 - INFO - Batch:[961] Adversarial images for this batch already exist
2026-02-09 02:49:42,844 - ADV_Generation_eps_1.0_steps_100 - INFO - Batch 962/3783: Clean accuracy 0.7484 | Adv accuracy: 0.0000 
2026-02-09 02:49:42,845 - ADV_Generation_eps_1.0_steps_100 - INFO - Batch:[962] Adversarial images for this batch already exist
2026-02-09 02:49:42,983 - ADV_Generation_eps_1.0_steps_100 - INFO - Batch 963/3783: Clean accuracy 0.7477 | Adv accuracy: 0.0000 
2026-02-09 02:49:42,984 - ADV_Generation_eps_1.0_steps_100 - INFO - Batch:[963] Adversarial images for this batch already exist
2026-02-09 02:49:43,122 - ADV_Generation_eps_1.0_steps_100 - INFO - Batch 964/3783: Clean accuracy 0.7479 | Adv accuracy: 0.0000 
2026-02-09 02:49:43,123 - ADV_Generation_eps_1.0_steps_100 - INFO - Batch:[964] Adversarial images for this batch already exist
2026-02-09 02:49:43,280 - ADV_Generation_eps_1.0_steps_100 - INFO - Batch 965/3783: Clean accuracy 0.7482 | Adv accuracy: 0.0000 
2026-02-09 02:49:43,281 - ADV_Generation_eps_1.0_steps_100 - INFO - Batch:[965] Adversarial images for this batch already exist
2026-02-09 02:49:43,427 - ADV_Generation_eps_1.0_steps_100 - INFO - Batch 966/3783: Clean accuracy 0.7484 | Adv accuracy: 0.0000 
2026-02-09 02:49:43,428 - ADV_Generation_eps_1.0_steps_100 - INFO - Batch:[966] Adversarial images for this batch already exist
2026-02-09 02:49:43,570 - ADV_Generation_eps_1.0_steps_100 - INFO - Batch 967/3783: Clean accuracy 0.7487 | Adv accuracy: 0.0000 
2026-02-09 02:49:43,570 - ADV_Generation_eps_1.0_steps_100 - INFO - Batch:[967] Adversarial images for this batch already exist
2026-02-09 02:49:43,711 - ADV_Generation_eps_1.0_steps_100 - INFO - Batch 968/3783: Clean accuracy 0.7490 | Adv accuracy: 0.0000 
2026-02-09 02:49:43,712 - ADV_Generation_eps_1.0_steps_100 - INFO - Batch:[968] Adversarial images for this batch already exist
2026-02-09 02:49:43,856 - ADV_Generation_eps_1.0_steps_100 - INFO - Batch 969/3783: Clean accuracy 0.7482 | Adv accuracy: 0.0000 
2026-02-09 02:49:43,857 - ADV_Generation_eps_1.0_steps_100 - INFO - Batch:[969] Adversarial images for this batch already exist
2026-02-09 02:49:44,019 - ADV_Generation_eps_1.0_steps_100 - INFO - Batch 970/3783: Clean accuracy 0.7485 | Adv accuracy: 0.0000 
2026-02-09 02:49:44,020 - ADV_Generation_eps_1.0_steps_100 - INFO - Batch:[970] Adversarial images for this batch already exist
2026-02-09 02:49:44,155 - ADV_Generation_eps_1.0_steps_100 - INFO - Batch 971/3783: Clean accuracy 0.7487 | Adv accuracy: 0.0000 
2026-02-09 02:49:44,156 - ADV_Generation_eps_1.0_steps_100 - INFO - Batch:[971] Adversarial images for this batch already exist
2026-02-09 02:49:44,299 - ADV_Generation_eps_1.0_steps_100 - INFO - Batch 972/3783: Clean accuracy 0.7490 | Adv accuracy: 0.0000 
2026-02-09 02:49:44,301 - ADV_Generation_eps_1.0_steps_100 - INFO - Batch:[972] Adversarial images for this batch already exist
2026-02-09 02:49:44,440 - ADV_Generation_eps_1.0_steps_100 - INFO - Batch 973/3783: Clean accuracy 0.7492 | Adv accuracy: 0.0000 
2026-02-09 02:49:44,441 - ADV_Generation_eps_1.0_steps_100 - INFO - Batch:[973] Adversarial images for this batch already exist
2026-02-09 02:49:44,583 - ADV_Generation_eps_1.0_steps_100 - INFO - Batch 974/3783: Clean accuracy 0.7495 | Adv accuracy: 0.0000 
2026-02-09 02:49:44,584 - ADV_Generation_eps_1.0_steps_100 - INFO - Batch:[974] Adversarial images for this batch already exist
2026-02-09 02:49:44,724 - ADV_Generation_eps_1.0_steps_100 - INFO - Batch 975/3783: Clean accuracy 0.7497 | Adv accuracy: 0.0000 
2026-02-09 02:49:44,725 - ADV_Generation_eps_1.0_steps_100 - INFO - Batch:[975] Adversarial images for this batch already exist
2026-02-09 02:49:44,864 - ADV_Generation_eps_1.0_steps_100 - INFO - Batch 976/3783: Clean accuracy 0.7500 | Adv accuracy: 0.0000 
2026-02-09 02:49:44,865 - ADV_Generation_eps_1.0_steps_100 - INFO - Batch:[976] Adversarial images for this batch already exist
2026-02-09 02:49:45,005 - ADV_Generation_eps_1.0_steps_100 - INFO - Batch 977/3783: Clean accuracy 0.7503 | Adv accuracy: 0.0000 
2026-02-09 02:49:45,006 - ADV_Generation_eps_1.0_steps_100 - INFO - Batch:[977] Adversarial images for this batch already exist
2026-02-09 02:49:45,146 - ADV_Generation_eps_1.0_steps_100 - INFO - Batch 978/3783: Clean accuracy 0.7505 | Adv accuracy: 0.0000 
2026-02-09 02:49:45,147 - ADV_Generation_eps_1.0_steps_100 - INFO - Batch:[978] Adversarial images for this batch already exist
2026-02-09 02:49:45,288 - ADV_Generation_eps_1.0_steps_100 - INFO - Batch 979/3783: Clean accuracy 0.7508 | Adv accuracy: 0.0000 
2026-02-09 02:49:45,289 - ADV_Generation_eps_1.0_steps_100 - INFO - Batch:[979] Adversarial images for this batch already exist
2026-02-09 02:49:45,423 - ADV_Generation_eps_1.0_steps_100 - INFO - Batch 980/3783: Clean accuracy 0.7510 | Adv accuracy: 0.0000 
2026-02-09 02:49:45,424 - ADV_Generation_eps_1.0_steps_100 - INFO - Batch:[980] Adversarial images for this batch already exist
2026-02-09 02:49:45,566 - ADV_Generation_eps_1.0_steps_100 - INFO - Batch 981/3783: Clean accuracy 0.7513 | Adv accuracy: 0.0000 
2026-02-09 02:49:45,567 - ADV_Generation_eps_1.0_steps_100 - INFO - Batch:[981] Adversarial images for this batch already exist
2026-02-09 02:49:45,707 - ADV_Generation_eps_1.0_steps_100 - INFO - Batch 982/3783: Clean accuracy 0.7515 | Adv accuracy: 0.0000 
2026-02-09 02:49:45,708 - ADV_Generation_eps_1.0_steps_100 - INFO - Batch:[982] Adversarial images for this batch already exist
2026-02-09 02:49:45,847 - ADV_Generation_eps_1.0_steps_100 - INFO - Batch 983/3783: Clean accuracy 0.7518 | Adv accuracy: 0.0000 
2026-02-09 02:49:45,849 - ADV_Generation_eps_1.0_steps_100 - INFO - Batch:[983] Adversarial images for this batch already exist
2026-02-09 02:49:45,986 - ADV_Generation_eps_1.0_steps_100 - INFO - Batch 984/3783: Clean accuracy 0.7520 | Adv accuracy: 0.0000 
2026-02-09 02:49:45,987 - ADV_Generation_eps_1.0_steps_100 - INFO - Batch:[984] Adversarial images for this batch already exist
2026-02-09 02:49:46,123 - ADV_Generation_eps_1.0_steps_100 - INFO - Batch 985/3783: Clean accuracy 0.7523 | Adv accuracy: 0.0000 
2026-02-09 02:49:46,124 - ADV_Generation_eps_1.0_steps_100 - INFO - Batch:[985] Adversarial images for this batch already exist
2026-02-09 02:49:46,267 - ADV_Generation_eps_1.0_steps_100 - INFO - Batch 986/3783: Clean accuracy 0.7525 | Adv accuracy: 0.0000 
2026-02-09 02:49:46,268 - ADV_Generation_eps_1.0_steps_100 - INFO - Batch:[986] Adversarial images for this batch already exist
2026-02-09 02:49:46,401 - ADV_Generation_eps_1.0_steps_100 - INFO - Batch 987/3783: Clean accuracy 0.7528 | Adv accuracy: 0.0000 
2026-02-09 02:49:46,402 - ADV_Generation_eps_1.0_steps_100 - INFO - Batch:[987] Adversarial images for this batch already exist
2026-02-09 02:49:46,538 - ADV_Generation_eps_1.0_steps_100 - INFO - Batch 988/3783: Clean accuracy 0.7530 | Adv accuracy: 0.0000 
2026-02-09 02:49:46,539 - ADV_Generation_eps_1.0_steps_100 - INFO - Batch:[988] Adversarial images for this batch already exist
2026-02-09 02:49:46,677 - ADV_Generation_eps_1.0_steps_100 - INFO - Batch 989/3783: Clean accuracy 0.7533 | Adv accuracy: 0.0000 
2026-02-09 02:49:46,678 - ADV_Generation_eps_1.0_steps_100 - INFO - Batch:[989] Adversarial images for this batch already exist
2026-02-09 02:49:46,819 - ADV_Generation_eps_1.0_steps_100 - INFO - Batch 990/3783: Clean accuracy 0.7535 | Adv accuracy: 0.0000 
2026-02-09 02:49:46,820 - ADV_Generation_eps_1.0_steps_100 - INFO - Batch:[990] Adversarial images for this batch already exist
2026-02-09 02:49:46,959 - ADV_Generation_eps_1.0_steps_100 - INFO - Batch 991/3783: Clean accuracy 0.7538 | Adv accuracy: 0.0000 
2026-02-09 02:49:46,960 - ADV_Generation_eps_1.0_steps_100 - INFO - Batch:[991] Adversarial images for this batch already exist
2026-02-09 02:49:47,112 - ADV_Generation_eps_1.0_steps_100 - INFO - Batch 992/3783: Clean accuracy 0.7540 | Adv accuracy: 0.0000 
2026-02-09 02:49:47,113 - ADV_Generation_eps_1.0_steps_100 - INFO - Batch:[992] Adversarial images for this batch already exist
2026-02-09 02:49:47,259 - ADV_Generation_eps_1.0_steps_100 - INFO - Batch 993/3783: Clean accuracy 0.7543 | Adv accuracy: 0.0000 
2026-02-09 02:49:47,260 - ADV_Generation_eps_1.0_steps_100 - INFO - Batch:[993] Adversarial images for this batch already exist
2026-02-09 02:49:47,403 - ADV_Generation_eps_1.0_steps_100 - INFO - Batch 994/3783: Clean accuracy 0.7545 | Adv accuracy: 0.0000 
2026-02-09 02:49:47,403 - ADV_Generation_eps_1.0_steps_100 - INFO - Batch:[994] Adversarial images for this batch already exist
2026-02-09 02:49:47,541 - ADV_Generation_eps_1.0_steps_100 - INFO - Batch 995/3783: Clean accuracy 0.7548 | Adv accuracy: 0.0000 
2026-02-09 02:49:47,542 - ADV_Generation_eps_1.0_steps_100 - INFO - Batch:[995] Adversarial images for this batch already exist
2026-02-09 02:49:47,681 - ADV_Generation_eps_1.0_steps_100 - INFO - Batch 996/3783: Clean accuracy 0.7550 | Adv accuracy: 0.0000 
2026-02-09 02:49:47,683 - ADV_Generation_eps_1.0_steps_100 - INFO - Batch:[996] Adversarial images for this batch already exist
2026-02-09 02:49:47,836 - ADV_Generation_eps_1.0_steps_100 - INFO - Batch 997/3783: Clean accuracy 0.7553 | Adv accuracy: 0.0000 
2026-02-09 02:49:47,837 - ADV_Generation_eps_1.0_steps_100 - INFO - Batch:[997] Adversarial images for this batch already exist
2026-02-09 02:49:47,974 - ADV_Generation_eps_1.0_steps_100 - INFO - Batch 998/3783: Clean accuracy 0.7555 | Adv accuracy: 0.0000 
2026-02-09 02:49:47,975 - ADV_Generation_eps_1.0_steps_100 - INFO - Batch:[998] Adversarial images for this batch already exist
2026-02-09 02:49:48,157 - ADV_Generation_eps_1.0_steps_100 - INFO - Batch 999/3783: Clean accuracy 0.7558 | Adv accuracy: 0.0000 
2026-02-09 02:49:48,158 - ADV_Generation_eps_1.0_steps_100 - INFO - Batch:[999] Adversarial images for this batch already exist
2026-02-09 02:49:48,298 - ADV_Generation_eps_1.0_steps_100 - INFO - Batch 1000/3783: Clean accuracy 0.7560 | Adv accuracy: 0.0000 
2026-02-09 02:49:48,299 - ADV_Generation_eps_1.0_steps_100 - INFO - Batch:[1000] Adversarial images for this batch already exist
2026-02-09 02:49:48,447 - ADV_Generation_eps_1.0_steps_100 - INFO - Batch 1001/3783: Clean accuracy 0.7562 | Adv accuracy: 0.0000 
2026-02-09 02:49:48,448 - ADV_Generation_eps_1.0_steps_100 - INFO - Batch:[1001] Adversarial images for this batch already exist
2026-02-09 02:49:48,591 - ADV_Generation_eps_1.0_steps_100 - INFO - Batch 1002/3783: Clean accuracy 0.7565 | Adv accuracy: 0.0000 
2026-02-09 02:49:48,592 - ADV_Generation_eps_1.0_steps_100 - INFO - Batch:[1002] Adversarial images for this batch already exist
2026-02-09 02:49:48,736 - ADV_Generation_eps_1.0_steps_100 - INFO - Batch 1003/3783: Clean accuracy 0.7567 | Adv accuracy: 0.0000 
2026-02-09 02:49:48,737 - ADV_Generation_eps_1.0_steps_100 - INFO - Batch:[1003] Adversarial images for this batch already exist
2026-02-09 02:49:48,876 - ADV_Generation_eps_1.0_steps_100 - INFO - Batch 1004/3783: Clean accuracy 0.7570 | Adv accuracy: 0.0000 
2026-02-09 02:49:48,877 - ADV_Generation_eps_1.0_steps_100 - INFO - Batch:[1004] Adversarial images for this batch already exist
2026-02-09 02:49:49,016 - ADV_Generation_eps_1.0_steps_100 - INFO - Batch 1005/3783: Clean accuracy 0.7572 | Adv accuracy: 0.0000 
2026-02-09 02:49:49,017 - ADV_Generation_eps_1.0_steps_100 - INFO - Batch:[1005] Adversarial images for this batch already exist
2026-02-09 02:49:49,157 - ADV_Generation_eps_1.0_steps_100 - INFO - Batch 1006/3783: Clean accuracy 0.7575 | Adv accuracy: 0.0000 
2026-02-09 02:49:49,158 - ADV_Generation_eps_1.0_steps_100 - INFO - Batch:[1006] Adversarial images for this batch already exist
2026-02-09 02:49:49,298 - ADV_Generation_eps_1.0_steps_100 - INFO - Batch 1007/3783: Clean accuracy 0.7577 | Adv accuracy: 0.0000 
2026-02-09 02:49:49,298 - ADV_Generation_eps_1.0_steps_100 - INFO - Batch:[1007] Adversarial images for this batch already exist
2026-02-09 02:49:49,439 - ADV_Generation_eps_1.0_steps_100 - INFO - Batch 1008/3783: Clean accuracy 0.7579 | Adv accuracy: 0.0000 
2026-02-09 02:49:49,440 - ADV_Generation_eps_1.0_steps_100 - INFO - Batch:[1008] Adversarial images for this batch already exist
2026-02-09 02:49:49,578 - ADV_Generation_eps_1.0_steps_100 - INFO - Batch 1009/3783: Clean accuracy 0.7582 | Adv accuracy: 0.0000 
2026-02-09 02:49:49,579 - ADV_Generation_eps_1.0_steps_100 - INFO - Batch:[1009] Adversarial images for this batch already exist
2026-02-09 02:49:49,719 - ADV_Generation_eps_1.0_steps_100 - INFO - Batch 1010/3783: Clean accuracy 0.7584 | Adv accuracy: 0.0000 
2026-02-09 02:49:49,720 - ADV_Generation_eps_1.0_steps_100 - INFO - Batch:[1010] Adversarial images for this batch already exist
2026-02-09 02:49:49,854 - ADV_Generation_eps_1.0_steps_100 - INFO - Batch 1011/3783: Clean accuracy 0.7587 | Adv accuracy: 0.0000 
2026-02-09 02:49:49,855 - ADV_Generation_eps_1.0_steps_100 - INFO - Batch:[1011] Adversarial images for this batch already exist
2026-02-09 02:49:49,995 - ADV_Generation_eps_1.0_steps_100 - INFO - Batch 1012/3783: Clean accuracy 0.7589 | Adv accuracy: 0.0000 
2026-02-09 02:49:49,996 - ADV_Generation_eps_1.0_steps_100 - INFO - Batch:[1012] Adversarial images for this batch already exist
2026-02-09 02:49:50,141 - ADV_Generation_eps_1.0_steps_100 - INFO - Batch 1013/3783: Clean accuracy 0.7581 | Adv accuracy: 0.0000 
2026-02-09 02:49:50,142 - ADV_Generation_eps_1.0_steps_100 - INFO - Batch:[1013] Adversarial images for this batch already exist
2026-02-09 02:49:50,285 - ADV_Generation_eps_1.0_steps_100 - INFO - Batch 1014/3783: Clean accuracy 0.7584 | Adv accuracy: 0.0000 
2026-02-09 02:49:50,286 - ADV_Generation_eps_1.0_steps_100 - INFO - Batch:[1014] Adversarial images for this batch already exist
2026-02-09 02:49:50,428 - ADV_Generation_eps_1.0_steps_100 - INFO - Batch 1015/3783: Clean accuracy 0.7586 | Adv accuracy: 0.0000 
2026-02-09 02:49:50,429 - ADV_Generation_eps_1.0_steps_100 - INFO - Batch:[1015] Adversarial images for this batch already exist
2026-02-09 02:49:50,568 - ADV_Generation_eps_1.0_steps_100 - INFO - Batch 1016/3783: Clean accuracy 0.7589 | Adv accuracy: 0.0000 
2026-02-09 02:49:50,569 - ADV_Generation_eps_1.0_steps_100 - INFO - Batch:[1016] Adversarial images for this batch already exist
2026-02-09 02:49:50,720 - ADV_Generation_eps_1.0_steps_100 - INFO - Batch 1017/3783: Clean accuracy 0.7591 | Adv accuracy: 0.0000 
2026-02-09 02:49:50,721 - ADV_Generation_eps_1.0_steps_100 - INFO - Batch:[1017] Adversarial images for this batch already exist
2026-02-09 02:49:50,860 - ADV_Generation_eps_1.0_steps_100 - INFO - Batch 1018/3783: Clean accuracy 0.7593 | Adv accuracy: 0.0000 
2026-02-09 02:49:50,861 - ADV_Generation_eps_1.0_steps_100 - INFO - Batch:[1018] Adversarial images for this batch already exist
2026-02-09 02:49:51,001 - ADV_Generation_eps_1.0_steps_100 - INFO - Batch 1019/3783: Clean accuracy 0.7596 | Adv accuracy: 0.0000 
2026-02-09 02:49:51,002 - ADV_Generation_eps_1.0_steps_100 - INFO - Batch:[1019] Adversarial images for this batch already exist
2026-02-09 02:49:51,155 - ADV_Generation_eps_1.0_steps_100 - INFO - Batch 1020/3783: Clean accuracy 0.7598 | Adv accuracy: 0.0000 
2026-02-09 02:49:51,156 - ADV_Generation_eps_1.0_steps_100 - INFO - Batch:[1020] Adversarial images for this batch already exist
2026-02-09 02:49:51,294 - ADV_Generation_eps_1.0_steps_100 - INFO - Batch 1021/3783: Clean accuracy 0.7600 | Adv accuracy: 0.0000 
2026-02-09 02:49:51,296 - ADV_Generation_eps_1.0_steps_100 - INFO - Batch:[1021] Adversarial images for this batch already exist
2026-02-09 02:49:51,436 - ADV_Generation_eps_1.0_steps_100 - INFO - Batch 1022/3783: Clean accuracy 0.7603 | Adv accuracy: 0.0000 
2026-02-09 02:49:51,437 - ADV_Generation_eps_1.0_steps_100 - INFO - Batch:[1022] Adversarial images for this batch already exist
2026-02-09 02:49:51,659 - ADV_Generation_eps_1.0_steps_100 - INFO - Batch 1023/3783: Clean accuracy 0.7605 | Adv accuracy: 0.0000 
2026-02-09 02:49:51,660 - ADV_Generation_eps_1.0_steps_100 - INFO - Batch:[1023] Adversarial images for this batch already exist
2026-02-09 02:49:51,841 - ADV_Generation_eps_1.0_steps_100 - INFO - Batch 1024/3783: Clean accuracy 0.7607 | Adv accuracy: 0.0000 
2026-02-09 02:49:51,842 - ADV_Generation_eps_1.0_steps_100 - INFO - Batch:[1024] Adversarial images for this batch already exist
2026-02-09 02:49:51,986 - ADV_Generation_eps_1.0_steps_100 - INFO - Batch 1025/3783: Clean accuracy 0.7610 | Adv accuracy: 0.0000 
2026-02-09 02:49:51,987 - ADV_Generation_eps_1.0_steps_100 - INFO - Batch:[1025] Adversarial images for this batch already exist
2026-02-09 02:49:52,161 - ADV_Generation_eps_1.0_steps_100 - INFO - Batch 1026/3783: Clean accuracy 0.7612 | Adv accuracy: 0.0000 
2026-02-09 02:49:52,162 - ADV_Generation_eps_1.0_steps_100 - INFO - Batch:[1026] Adversarial images for this batch already exist
2026-02-09 02:49:52,299 - ADV_Generation_eps_1.0_steps_100 - INFO - Batch 1027/3783: Clean accuracy 0.7614 | Adv accuracy: 0.0000 
2026-02-09 02:49:52,300 - ADV_Generation_eps_1.0_steps_100 - INFO - Batch:[1027] Adversarial images for this batch already exist
2026-02-09 02:49:52,448 - ADV_Generation_eps_1.0_steps_100 - INFO - Batch 1028/3783: Clean accuracy 0.7617 | Adv accuracy: 0.0000 
2026-02-09 02:49:52,450 - ADV_Generation_eps_1.0_steps_100 - INFO - Batch:[1028] Adversarial images for this batch already exist
2026-02-09 02:49:52,593 - ADV_Generation_eps_1.0_steps_100 - INFO - Batch 1029/3783: Clean accuracy 0.7619 | Adv accuracy: 0.0000 
2026-02-09 02:49:52,594 - ADV_Generation_eps_1.0_steps_100 - INFO - Batch:[1029] Adversarial images for this batch already exist
2026-02-09 02:49:52,727 - ADV_Generation_eps_1.0_steps_100 - INFO - Batch 1030/3783: Clean accuracy 0.7621 | Adv accuracy: 0.0000 
2026-02-09 02:49:52,728 - ADV_Generation_eps_1.0_steps_100 - INFO - Batch:[1030] Adversarial images for this batch already exist
2026-02-09 02:49:52,882 - ADV_Generation_eps_1.0_steps_100 - INFO - Batch 1031/3783: Clean accuracy 0.7624 | Adv accuracy: 0.0000 
2026-02-09 02:49:52,883 - ADV_Generation_eps_1.0_steps_100 - INFO - Batch:[1031] Adversarial images for this batch already exist
2026-02-09 02:49:53,022 - ADV_Generation_eps_1.0_steps_100 - INFO - Batch 1032/3783: Clean accuracy 0.7626 | Adv accuracy: 0.0000 
2026-02-09 02:49:53,023 - ADV_Generation_eps_1.0_steps_100 - INFO - Batch:[1032] Adversarial images for this batch already exist
2026-02-09 02:49:53,165 - ADV_Generation_eps_1.0_steps_100 - INFO - Batch 1033/3783: Clean accuracy 0.7628 | Adv accuracy: 0.0000 
2026-02-09 02:49:53,166 - ADV_Generation_eps_1.0_steps_100 - INFO - Batch:[1033] Adversarial images for this batch already exist
2026-02-09 02:49:53,302 - ADV_Generation_eps_1.0_steps_100 - INFO - Batch 1034/3783: Clean accuracy 0.7631 | Adv accuracy: 0.0000 
2026-02-09 02:49:53,303 - ADV_Generation_eps_1.0_steps_100 - INFO - Batch:[1034] Adversarial images for this batch already exist
2026-02-09 02:49:53,444 - ADV_Generation_eps_1.0_steps_100 - INFO - Batch 1035/3783: Clean accuracy 0.7633 | Adv accuracy: 0.0000 
2026-02-09 02:49:53,445 - ADV_Generation_eps_1.0_steps_100 - INFO - Batch:[1035] Adversarial images for this batch already exist
2026-02-09 02:49:53,583 - ADV_Generation_eps_1.0_steps_100 - INFO - Batch 1036/3783: Clean accuracy 0.7635 | Adv accuracy: 0.0000 
2026-02-09 02:49:53,584 - ADV_Generation_eps_1.0_steps_100 - INFO - Batch:[1036] Adversarial images for this batch already exist
2026-02-09 02:49:53,724 - ADV_Generation_eps_1.0_steps_100 - INFO - Batch 1037/3783: Clean accuracy 0.7637 | Adv accuracy: 0.0000 
2026-02-09 02:49:53,725 - ADV_Generation_eps_1.0_steps_100 - INFO - Batch:[1037] Adversarial images for this batch already exist
2026-02-09 02:49:53,880 - ADV_Generation_eps_1.0_steps_100 - INFO - Batch 1038/3783: Clean accuracy 0.7640 | Adv accuracy: 0.0000 
2026-02-09 02:49:53,881 - ADV_Generation_eps_1.0_steps_100 - INFO - Batch:[1038] Adversarial images for this batch already exist
2026-02-09 02:49:54,018 - ADV_Generation_eps_1.0_steps_100 - INFO - Batch 1039/3783: Clean accuracy 0.7642 | Adv accuracy: 0.0000 
2026-02-09 02:49:54,019 - ADV_Generation_eps_1.0_steps_100 - INFO - Batch:[1039] Adversarial images for this batch already exist
2026-02-09 02:49:54,163 - ADV_Generation_eps_1.0_steps_100 - INFO - Batch 1040/3783: Clean accuracy 0.7644 | Adv accuracy: 0.0000 
2026-02-09 02:49:54,164 - ADV_Generation_eps_1.0_steps_100 - INFO - Batch:[1040] Adversarial images for this batch already exist
2026-02-09 02:49:54,355 - ADV_Generation_eps_1.0_steps_100 - INFO - Batch 1041/3783: Clean accuracy 0.7646 | Adv accuracy: 0.0000 
2026-02-09 02:49:54,356 - ADV_Generation_eps_1.0_steps_100 - INFO - Batch:[1041] Adversarial images for this batch already exist
2026-02-09 02:49:54,499 - ADV_Generation_eps_1.0_steps_100 - INFO - Batch 1042/3783: Clean accuracy 0.7649 | Adv accuracy: 0.0000 
2026-02-09 02:49:54,500 - ADV_Generation_eps_1.0_steps_100 - INFO - Batch:[1042] Adversarial images for this batch already exist
2026-02-09 02:49:54,637 - ADV_Generation_eps_1.0_steps_100 - INFO - Batch 1043/3783: Clean accuracy 0.7651 | Adv accuracy: 0.0000 
2026-02-09 02:49:54,638 - ADV_Generation_eps_1.0_steps_100 - INFO - Batch:[1043] Adversarial images for this batch already exist
2026-02-09 02:49:54,773 - ADV_Generation_eps_1.0_steps_100 - INFO - Batch 1044/3783: Clean accuracy 0.7653 | Adv accuracy: 0.0000 
2026-02-09 02:49:54,774 - ADV_Generation_eps_1.0_steps_100 - INFO - Batch:[1044] Adversarial images for this batch already exist
2026-02-09 02:49:54,914 - ADV_Generation_eps_1.0_steps_100 - INFO - Batch 1045/3783: Clean accuracy 0.7656 | Adv accuracy: 0.0000 
2026-02-09 02:49:54,915 - ADV_Generation_eps_1.0_steps_100 - INFO - Batch:[1045] Adversarial images for this batch already exist
2026-02-09 02:49:55,051 - ADV_Generation_eps_1.0_steps_100 - INFO - Batch 1046/3783: Clean accuracy 0.7658 | Adv accuracy: 0.0000 
2026-02-09 02:49:55,052 - ADV_Generation_eps_1.0_steps_100 - INFO - Batch:[1046] Adversarial images for this batch already exist
2026-02-09 02:49:55,190 - ADV_Generation_eps_1.0_steps_100 - INFO - Batch 1047/3783: Clean accuracy 0.7660 | Adv accuracy: 0.0000 
2026-02-09 02:49:55,191 - ADV_Generation_eps_1.0_steps_100 - INFO - Batch:[1047] Adversarial images for this batch already exist
2026-02-09 02:49:55,335 - ADV_Generation_eps_1.0_steps_100 - INFO - Batch 1048/3783: Clean accuracy 0.7662 | Adv accuracy: 0.0000 
2026-02-09 02:49:55,337 - ADV_Generation_eps_1.0_steps_100 - INFO - Batch:[1048] Adversarial images for this batch already exist
2026-02-09 02:49:55,474 - ADV_Generation_eps_1.0_steps_100 - INFO - Batch 1049/3783: Clean accuracy 0.7664 | Adv accuracy: 0.0000 
2026-02-09 02:49:55,475 - ADV_Generation_eps_1.0_steps_100 - INFO - Batch:[1049] Adversarial images for this batch already exist
2026-02-09 02:49:55,618 - ADV_Generation_eps_1.0_steps_100 - INFO - Batch 1050/3783: Clean accuracy 0.7667 | Adv accuracy: 0.0000 
2026-02-09 02:49:55,619 - ADV_Generation_eps_1.0_steps_100 - INFO - Batch:[1050] Adversarial images for this batch already exist
2026-02-09 02:49:55,771 - ADV_Generation_eps_1.0_steps_100 - INFO - Batch 1051/3783: Clean accuracy 0.7669 | Adv accuracy: 0.0000 
2026-02-09 02:49:55,772 - ADV_Generation_eps_1.0_steps_100 - INFO - Batch:[1051] Adversarial images for this batch already exist
2026-02-09 02:49:55,903 - ADV_Generation_eps_1.0_steps_100 - INFO - Batch 1052/3783: Clean accuracy 0.7671 | Adv accuracy: 0.0000 
2026-02-09 02:49:55,904 - ADV_Generation_eps_1.0_steps_100 - INFO - Batch:[1052] Adversarial images for this batch already exist
2026-02-09 02:49:56,055 - ADV_Generation_eps_1.0_steps_100 - INFO - Batch 1053/3783: Clean accuracy 0.7673 | Adv accuracy: 0.0000 
2026-02-09 02:49:56,056 - ADV_Generation_eps_1.0_steps_100 - INFO - Batch:[1053] Adversarial images for this batch already exist
2026-02-09 02:49:56,191 - ADV_Generation_eps_1.0_steps_100 - INFO - Batch 1054/3783: Clean accuracy 0.7676 | Adv accuracy: 0.0000 
2026-02-09 02:49:56,192 - ADV_Generation_eps_1.0_steps_100 - INFO - Batch:[1054] Adversarial images for this batch already exist
2026-02-09 02:49:56,325 - ADV_Generation_eps_1.0_steps_100 - INFO - Batch 1055/3783: Clean accuracy 0.7678 | Adv accuracy: 0.0000 
2026-02-09 02:49:56,326 - ADV_Generation_eps_1.0_steps_100 - INFO - Batch:[1055] Adversarial images for this batch already exist
2026-02-09 02:49:56,463 - ADV_Generation_eps_1.0_steps_100 - INFO - Batch 1056/3783: Clean accuracy 0.7680 | Adv accuracy: 0.0000 
2026-02-09 02:49:56,464 - ADV_Generation_eps_1.0_steps_100 - INFO - Batch:[1056] Adversarial images for this batch already exist
2026-02-09 02:49:56,609 - ADV_Generation_eps_1.0_steps_100 - INFO - Batch 1057/3783: Clean accuracy 0.7682 | Adv accuracy: 0.0000 
2026-02-09 02:49:56,610 - ADV_Generation_eps_1.0_steps_100 - INFO - Batch:[1057] Adversarial images for this batch already exist
2026-02-09 02:49:56,745 - ADV_Generation_eps_1.0_steps_100 - INFO - Batch 1058/3783: Clean accuracy 0.7684 | Adv accuracy: 0.0000 
2026-02-09 02:49:56,746 - ADV_Generation_eps_1.0_steps_100 - INFO - Batch:[1058] Adversarial images for this batch already exist
2026-02-09 02:49:56,894 - ADV_Generation_eps_1.0_steps_100 - INFO - Batch 1059/3783: Clean accuracy 0.7686 | Adv accuracy: 0.0000 
2026-02-09 02:49:56,895 - ADV_Generation_eps_1.0_steps_100 - INFO - Batch:[1059] Adversarial images for this batch already exist
2026-02-09 02:49:57,030 - ADV_Generation_eps_1.0_steps_100 - INFO - Batch 1060/3783: Clean accuracy 0.7689 | Adv accuracy: 0.0000 
2026-02-09 02:49:57,031 - ADV_Generation_eps_1.0_steps_100 - INFO - Batch:[1060] Adversarial images for this batch already exist
2026-02-09 02:49:57,167 - ADV_Generation_eps_1.0_steps_100 - INFO - Batch 1061/3783: Clean accuracy 0.7691 | Adv accuracy: 0.0000 
2026-02-09 02:49:57,168 - ADV_Generation_eps_1.0_steps_100 - INFO - Batch:[1061] Adversarial images for this batch already exist
2026-02-09 02:49:57,315 - ADV_Generation_eps_1.0_steps_100 - INFO - Batch 1062/3783: Clean accuracy 0.7693 | Adv accuracy: 0.0000 
2026-02-09 02:49:57,316 - ADV_Generation_eps_1.0_steps_100 - INFO - Batch:[1062] Adversarial images for this batch already exist
2026-02-09 02:49:57,468 - ADV_Generation_eps_1.0_steps_100 - INFO - Batch 1063/3783: Clean accuracy 0.7695 | Adv accuracy: 0.0000 
2026-02-09 02:49:57,469 - ADV_Generation_eps_1.0_steps_100 - INFO - Batch:[1063] Adversarial images for this batch already exist
2026-02-09 02:49:57,606 - ADV_Generation_eps_1.0_steps_100 - INFO - Batch 1064/3783: Clean accuracy 0.7697 | Adv accuracy: 0.0000 
2026-02-09 02:49:57,607 - ADV_Generation_eps_1.0_steps_100 - INFO - Batch:[1064] Adversarial images for this batch already exist
2026-02-09 02:49:57,749 - ADV_Generation_eps_1.0_steps_100 - INFO - Batch 1065/3783: Clean accuracy 0.7700 | Adv accuracy: 0.0000 
2026-02-09 02:49:57,750 - ADV_Generation_eps_1.0_steps_100 - INFO - Batch:[1065] Adversarial images for this batch already exist
2026-02-09 02:49:57,896 - ADV_Generation_eps_1.0_steps_100 - INFO - Batch 1066/3783: Clean accuracy 0.7702 | Adv accuracy: 0.0000 
2026-02-09 02:49:57,897 - ADV_Generation_eps_1.0_steps_100 - INFO - Batch:[1066] Adversarial images for this batch already exist
2026-02-09 02:49:58,062 - ADV_Generation_eps_1.0_steps_100 - INFO - Batch 1067/3783: Clean accuracy 0.7704 | Adv accuracy: 0.0000 
2026-02-09 02:49:58,063 - ADV_Generation_eps_1.0_steps_100 - INFO - Batch:[1067] Adversarial images for this batch already exist
2026-02-09 02:49:58,201 - ADV_Generation_eps_1.0_steps_100 - INFO - Batch 1068/3783: Clean accuracy 0.7706 | Adv accuracy: 0.0000 
2026-02-09 02:49:58,204 - ADV_Generation_eps_1.0_steps_100 - INFO - Batch:[1068] Adversarial images for this batch already exist
2026-02-09 02:49:58,353 - ADV_Generation_eps_1.0_steps_100 - INFO - Batch 1069/3783: Clean accuracy 0.7708 | Adv accuracy: 0.0000 
2026-02-09 02:49:58,354 - ADV_Generation_eps_1.0_steps_100 - INFO - Batch:[1069] Adversarial images for this batch already exist
2026-02-09 02:49:58,493 - ADV_Generation_eps_1.0_steps_100 - INFO - Batch 1070/3783: Clean accuracy 0.7710 | Adv accuracy: 0.0000 
2026-02-09 02:49:58,494 - ADV_Generation_eps_1.0_steps_100 - INFO - Batch:[1070] Adversarial images for this batch already exist
2026-02-09 02:49:58,630 - ADV_Generation_eps_1.0_steps_100 - INFO - Batch 1071/3783: Clean accuracy 0.7712 | Adv accuracy: 0.0000 
2026-02-09 02:49:58,631 - ADV_Generation_eps_1.0_steps_100 - INFO - Batch:[1071] Adversarial images for this batch already exist
2026-02-09 02:49:58,770 - ADV_Generation_eps_1.0_steps_100 - INFO - Batch 1072/3783: Clean accuracy 0.7715 | Adv accuracy: 0.0000 
2026-02-09 02:49:58,771 - ADV_Generation_eps_1.0_steps_100 - INFO - Batch:[1072] Adversarial images for this batch already exist
2026-02-09 02:49:58,924 - ADV_Generation_eps_1.0_steps_100 - INFO - Batch 1073/3783: Clean accuracy 0.7717 | Adv accuracy: 0.0000 
2026-02-09 02:49:58,925 - ADV_Generation_eps_1.0_steps_100 - INFO - Batch:[1073] Adversarial images for this batch already exist
2026-02-09 02:49:59,070 - ADV_Generation_eps_1.0_steps_100 - INFO - Batch 1074/3783: Clean accuracy 0.7719 | Adv accuracy: 0.0000 
2026-02-09 02:49:59,071 - ADV_Generation_eps_1.0_steps_100 - INFO - Batch:[1074] Adversarial images for this batch already exist
2026-02-09 02:49:59,213 - ADV_Generation_eps_1.0_steps_100 - INFO - Batch 1075/3783: Clean accuracy 0.7721 | Adv accuracy: 0.0000 
2026-02-09 02:49:59,214 - ADV_Generation_eps_1.0_steps_100 - INFO - Batch:[1075] Adversarial images for this batch already exist
2026-02-09 02:49:59,352 - ADV_Generation_eps_1.0_steps_100 - INFO - Batch 1076/3783: Clean accuracy 0.7723 | Adv accuracy: 0.0000 
2026-02-09 02:49:59,353 - ADV_Generation_eps_1.0_steps_100 - INFO - Batch:[1076] Adversarial images for this batch already exist
2026-02-09 02:49:59,499 - ADV_Generation_eps_1.0_steps_100 - INFO - Batch 1077/3783: Clean accuracy 0.7725 | Adv accuracy: 0.0000 
2026-02-09 02:49:59,500 - ADV_Generation_eps_1.0_steps_100 - INFO - Batch:[1077] Adversarial images for this batch already exist
2026-02-09 02:49:59,643 - ADV_Generation_eps_1.0_steps_100 - INFO - Batch 1078/3783: Clean accuracy 0.7727 | Adv accuracy: 0.0000 
2026-02-09 02:49:59,644 - ADV_Generation_eps_1.0_steps_100 - INFO - Batch:[1078] Adversarial images for this batch already exist
2026-02-09 02:49:59,785 - ADV_Generation_eps_1.0_steps_100 - INFO - Batch 1079/3783: Clean accuracy 0.7729 | Adv accuracy: 0.0000 
2026-02-09 02:49:59,786 - ADV_Generation_eps_1.0_steps_100 - INFO - Batch:[1079] Adversarial images for this batch already exist
2026-02-09 02:49:59,921 - ADV_Generation_eps_1.0_steps_100 - INFO - Batch 1080/3783: Clean accuracy 0.7731 | Adv accuracy: 0.0000 
2026-02-09 02:49:59,922 - ADV_Generation_eps_1.0_steps_100 - INFO - Batch:[1080] Adversarial images for this batch already exist
2026-02-09 02:50:00,067 - ADV_Generation_eps_1.0_steps_100 - INFO - Batch 1081/3783: Clean accuracy 0.7734 | Adv accuracy: 0.0000 
2026-02-09 02:50:00,067 - ADV_Generation_eps_1.0_steps_100 - INFO - Batch:[1081] Adversarial images for this batch already exist
2026-02-09 02:50:00,212 - ADV_Generation_eps_1.0_steps_100 - INFO - Batch 1082/3783: Clean accuracy 0.7736 | Adv accuracy: 0.0000 
2026-02-09 02:50:00,213 - ADV_Generation_eps_1.0_steps_100 - INFO - Batch:[1082] Adversarial images for this batch already exist
2026-02-09 02:50:00,360 - ADV_Generation_eps_1.0_steps_100 - INFO - Batch 1083/3783: Clean accuracy 0.7738 | Adv accuracy: 0.0000 
2026-02-09 02:50:00,361 - ADV_Generation_eps_1.0_steps_100 - INFO - Batch:[1083] Adversarial images for this batch already exist
2026-02-09 02:50:00,499 - ADV_Generation_eps_1.0_steps_100 - INFO - Batch 1084/3783: Clean accuracy 0.7740 | Adv accuracy: 0.0000 
2026-02-09 02:50:00,500 - ADV_Generation_eps_1.0_steps_100 - INFO - Batch:[1084] Adversarial images for this batch already exist
2026-02-09 02:50:00,639 - ADV_Generation_eps_1.0_steps_100 - INFO - Batch 1085/3783: Clean accuracy 0.7742 | Adv accuracy: 0.0000 
2026-02-09 02:50:00,639 - ADV_Generation_eps_1.0_steps_100 - INFO - Batch:[1085] Adversarial images for this batch already exist
2026-02-09 02:50:00,776 - ADV_Generation_eps_1.0_steps_100 - INFO - Batch 1086/3783: Clean accuracy 0.7744 | Adv accuracy: 0.0000 
2026-02-09 02:50:00,777 - ADV_Generation_eps_1.0_steps_100 - INFO - Batch:[1086] Adversarial images for this batch already exist
2026-02-09 02:50:00,917 - ADV_Generation_eps_1.0_steps_100 - INFO - Batch 1087/3783: Clean accuracy 0.7746 | Adv accuracy: 0.0000 
2026-02-09 02:50:00,918 - ADV_Generation_eps_1.0_steps_100 - INFO - Batch:[1087] Adversarial images for this batch already exist
2026-02-09 02:50:01,060 - ADV_Generation_eps_1.0_steps_100 - INFO - Batch 1088/3783: Clean accuracy 0.7748 | Adv accuracy: 0.0000 
2026-02-09 02:50:01,061 - ADV_Generation_eps_1.0_steps_100 - INFO - Batch:[1088] Adversarial images for this batch already exist
2026-02-09 02:50:01,199 - ADV_Generation_eps_1.0_steps_100 - INFO - Batch 1089/3783: Clean accuracy 0.7750 | Adv accuracy: 0.0000 
2026-02-09 02:50:01,200 - ADV_Generation_eps_1.0_steps_100 - INFO - Batch:[1089] Adversarial images for this batch already exist
2026-02-09 02:50:01,346 - ADV_Generation_eps_1.0_steps_100 - INFO - Batch 1090/3783: Clean accuracy 0.7752 | Adv accuracy: 0.0000 
2026-02-09 02:50:01,347 - ADV_Generation_eps_1.0_steps_100 - INFO - Batch:[1090] Adversarial images for this batch already exist
2026-02-09 02:50:01,491 - ADV_Generation_eps_1.0_steps_100 - INFO - Batch 1091/3783: Clean accuracy 0.7754 | Adv accuracy: 0.0000 
2026-02-09 02:50:01,492 - ADV_Generation_eps_1.0_steps_100 - INFO - Batch:[1091] Adversarial images for this batch already exist
2026-02-09 02:50:01,670 - ADV_Generation_eps_1.0_steps_100 - INFO - Batch 1092/3783: Clean accuracy 0.7756 | Adv accuracy: 0.0000 
2026-02-09 02:50:01,671 - ADV_Generation_eps_1.0_steps_100 - INFO - Batch:[1092] Adversarial images for this batch already exist
2026-02-09 02:50:01,808 - ADV_Generation_eps_1.0_steps_100 - INFO - Batch 1093/3783: Clean accuracy 0.7758 | Adv accuracy: 0.0000 
2026-02-09 02:50:01,809 - ADV_Generation_eps_1.0_steps_100 - INFO - Batch:[1093] Adversarial images for this batch already exist
2026-02-09 02:50:01,962 - ADV_Generation_eps_1.0_steps_100 - INFO - Batch 1094/3783: Clean accuracy 0.7761 | Adv accuracy: 0.0000 
2026-02-09 02:50:01,963 - ADV_Generation_eps_1.0_steps_100 - INFO - Batch:[1094] Adversarial images for this batch already exist
2026-02-09 02:50:02,105 - ADV_Generation_eps_1.0_steps_100 - INFO - Batch 1095/3783: Clean accuracy 0.7763 | Adv accuracy: 0.0000 
2026-02-09 02:50:02,106 - ADV_Generation_eps_1.0_steps_100 - INFO - Batch:[1095] Adversarial images for this batch already exist
2026-02-09 02:50:02,246 - ADV_Generation_eps_1.0_steps_100 - INFO - Batch 1096/3783: Clean accuracy 0.7765 | Adv accuracy: 0.0000 
2026-02-09 02:50:02,247 - ADV_Generation_eps_1.0_steps_100 - INFO - Batch:[1096] Adversarial images for this batch already exist
2026-02-09 02:50:02,400 - ADV_Generation_eps_1.0_steps_100 - INFO - Batch 1097/3783: Clean accuracy 0.7767 | Adv accuracy: 0.0000 
2026-02-09 02:50:02,400 - ADV_Generation_eps_1.0_steps_100 - INFO - Batch:[1097] Adversarial images for this batch already exist
2026-02-09 02:50:02,539 - ADV_Generation_eps_1.0_steps_100 - INFO - Batch 1098/3783: Clean accuracy 0.7769 | Adv accuracy: 0.0000 
2026-02-09 02:50:02,540 - ADV_Generation_eps_1.0_steps_100 - INFO - Batch:[1098] Adversarial images for this batch already exist
2026-02-09 02:50:02,676 - ADV_Generation_eps_1.0_steps_100 - INFO - Batch 1099/3783: Clean accuracy 0.7771 | Adv accuracy: 0.0000 
2026-02-09 02:50:02,677 - ADV_Generation_eps_1.0_steps_100 - INFO - Batch:[1099] Adversarial images for this batch already exist
2026-02-09 02:50:02,814 - ADV_Generation_eps_1.0_steps_100 - INFO - Batch 1100/3783: Clean accuracy 0.7773 | Adv accuracy: 0.0000 
2026-02-09 02:50:02,814 - ADV_Generation_eps_1.0_steps_100 - INFO - Batch:[1100] Adversarial images for this batch already exist
2026-02-09 02:50:02,949 - ADV_Generation_eps_1.0_steps_100 - INFO - Batch 1101/3783: Clean accuracy 0.7775 | Adv accuracy: 0.0000 
2026-02-09 02:50:02,950 - ADV_Generation_eps_1.0_steps_100 - INFO - Batch:[1101] Adversarial images for this batch already exist
2026-02-09 02:50:03,125 - ADV_Generation_eps_1.0_steps_100 - INFO - Batch 1102/3783: Clean accuracy 0.7777 | Adv accuracy: 0.0000 
2026-02-09 02:50:03,125 - ADV_Generation_eps_1.0_steps_100 - INFO - Batch:[1102] Adversarial images for this batch already exist
2026-02-09 02:50:03,261 - ADV_Generation_eps_1.0_steps_100 - INFO - Batch 1103/3783: Clean accuracy 0.7779 | Adv accuracy: 0.0000 
2026-02-09 02:50:03,262 - ADV_Generation_eps_1.0_steps_100 - INFO - Batch:[1103] Adversarial images for this batch already exist
2026-02-09 02:50:03,399 - ADV_Generation_eps_1.0_steps_100 - INFO - Batch 1104/3783: Clean accuracy 0.7781 | Adv accuracy: 0.0000 
2026-02-09 02:50:03,400 - ADV_Generation_eps_1.0_steps_100 - INFO - Batch:[1104] Adversarial images for this batch already exist
2026-02-09 02:50:03,539 - ADV_Generation_eps_1.0_steps_100 - INFO - Batch 1105/3783: Clean accuracy 0.7783 | Adv accuracy: 0.0000 
2026-02-09 02:50:03,541 - ADV_Generation_eps_1.0_steps_100 - INFO - Batch:[1105] Adversarial images for this batch already exist
2026-02-09 02:50:03,704 - ADV_Generation_eps_1.0_steps_100 - INFO - Batch 1106/3783: Clean accuracy 0.7785 | Adv accuracy: 0.0000 
2026-02-09 02:50:03,706 - ADV_Generation_eps_1.0_steps_100 - INFO - Batch:[1106] Adversarial images for this batch already exist
2026-02-09 02:50:03,844 - ADV_Generation_eps_1.0_steps_100 - INFO - Batch 1107/3783: Clean accuracy 0.7778 | Adv accuracy: 0.0000 
2026-02-09 02:50:03,845 - ADV_Generation_eps_1.0_steps_100 - INFO - Batch:[1107] Adversarial images for this batch already exist
2026-02-09 02:50:03,984 - ADV_Generation_eps_1.0_steps_100 - INFO - Batch 1108/3783: Clean accuracy 0.7780 | Adv accuracy: 0.0000 
2026-02-09 02:50:03,985 - ADV_Generation_eps_1.0_steps_100 - INFO - Batch:[1108] Adversarial images for this batch already exist
2026-02-09 02:50:04,129 - ADV_Generation_eps_1.0_steps_100 - INFO - Batch 1109/3783: Clean accuracy 0.7782 | Adv accuracy: 0.0000 
2026-02-09 02:50:04,130 - ADV_Generation_eps_1.0_steps_100 - INFO - Batch:[1109] Adversarial images for this batch already exist
2026-02-09 02:50:04,270 - ADV_Generation_eps_1.0_steps_100 - INFO - Batch 1110/3783: Clean accuracy 0.7784 | Adv accuracy: 0.0000 
2026-02-09 02:50:04,271 - ADV_Generation_eps_1.0_steps_100 - INFO - Batch:[1110] Adversarial images for this batch already exist
2026-02-09 02:50:04,411 - ADV_Generation_eps_1.0_steps_100 - INFO - Batch 1111/3783: Clean accuracy 0.7786 | Adv accuracy: 0.0000 
2026-02-09 02:50:04,412 - ADV_Generation_eps_1.0_steps_100 - INFO - Batch:[1111] Adversarial images for this batch already exist
2026-02-09 02:50:04,554 - ADV_Generation_eps_1.0_steps_100 - INFO - Batch 1112/3783: Clean accuracy 0.7788 | Adv accuracy: 0.0000 
2026-02-09 02:50:04,555 - ADV_Generation_eps_1.0_steps_100 - INFO - Batch:[1112] Adversarial images for this batch already exist
2026-02-09 02:50:04,707 - ADV_Generation_eps_1.0_steps_100 - INFO - Batch 1113/3783: Clean accuracy 0.7790 | Adv accuracy: 0.0000 
2026-02-09 02:50:04,708 - ADV_Generation_eps_1.0_steps_100 - INFO - Batch:[1113] Adversarial images for this batch already exist
2026-02-09 02:50:04,843 - ADV_Generation_eps_1.0_steps_100 - INFO - Batch 1114/3783: Clean accuracy 0.7792 | Adv accuracy: 0.0000 
2026-02-09 02:50:04,844 - ADV_Generation_eps_1.0_steps_100 - INFO - Batch:[1114] Adversarial images for this batch already exist
2026-02-09 02:50:04,983 - ADV_Generation_eps_1.0_steps_100 - INFO - Batch 1115/3783: Clean accuracy 0.7794 | Adv accuracy: 0.0000 
2026-02-09 02:50:04,984 - ADV_Generation_eps_1.0_steps_100 - INFO - Batch:[1115] Adversarial images for this batch already exist
2026-02-09 02:50:05,129 - ADV_Generation_eps_1.0_steps_100 - INFO - Batch 1116/3783: Clean accuracy 0.7796 | Adv accuracy: 0.0000 
2026-02-09 02:50:05,129 - ADV_Generation_eps_1.0_steps_100 - INFO - Batch:[1116] Adversarial images for this batch already exist
2026-02-09 02:50:05,266 - ADV_Generation_eps_1.0_steps_100 - INFO - Batch 1117/3783: Clean accuracy 0.7798 | Adv accuracy: 0.0000 
2026-02-09 02:50:05,267 - ADV_Generation_eps_1.0_steps_100 - INFO - Batch:[1117] Adversarial images for this batch already exist
2026-02-09 02:50:05,406 - ADV_Generation_eps_1.0_steps_100 - INFO - Batch 1118/3783: Clean accuracy 0.7800 | Adv accuracy: 0.0000 
2026-02-09 02:50:05,407 - ADV_Generation_eps_1.0_steps_100 - INFO - Batch:[1118] Adversarial images for this batch already exist
2026-02-09 02:50:05,548 - ADV_Generation_eps_1.0_steps_100 - INFO - Batch 1119/3783: Clean accuracy 0.7802 | Adv accuracy: 0.0000 
2026-02-09 02:50:05,549 - ADV_Generation_eps_1.0_steps_100 - INFO - Batch:[1119] Adversarial images for this batch already exist
2026-02-09 02:50:05,688 - ADV_Generation_eps_1.0_steps_100 - INFO - Batch 1120/3783: Clean accuracy 0.7804 | Adv accuracy: 0.0000 
2026-02-09 02:50:05,689 - ADV_Generation_eps_1.0_steps_100 - INFO - Batch:[1120] Adversarial images for this batch already exist
2026-02-09 02:50:05,840 - ADV_Generation_eps_1.0_steps_100 - INFO - Batch 1121/3783: Clean accuracy 0.7797 | Adv accuracy: 0.0000 
2026-02-09 02:50:05,841 - ADV_Generation_eps_1.0_steps_100 - INFO - Batch:[1121] Adversarial images for this batch already exist
2026-02-09 02:50:05,979 - ADV_Generation_eps_1.0_steps_100 - INFO - Batch 1122/3783: Clean accuracy 0.7799 | Adv accuracy: 0.0000 
2026-02-09 02:50:05,980 - ADV_Generation_eps_1.0_steps_100 - INFO - Batch:[1122] Adversarial images for this batch already exist
2026-02-09 02:50:06,116 - ADV_Generation_eps_1.0_steps_100 - INFO - Batch 1123/3783: Clean accuracy 0.7801 | Adv accuracy: 0.0000 
2026-02-09 02:50:06,117 - ADV_Generation_eps_1.0_steps_100 - INFO - Batch:[1123] Adversarial images for this batch already exist
2026-02-09 02:50:06,253 - ADV_Generation_eps_1.0_steps_100 - INFO - Batch 1124/3783: Clean accuracy 0.7802 | Adv accuracy: 0.0000 
2026-02-09 02:50:06,254 - ADV_Generation_eps_1.0_steps_100 - INFO - Batch:[1124] Adversarial images for this batch already exist
2026-02-09 02:50:06,392 - ADV_Generation_eps_1.0_steps_100 - INFO - Batch 1125/3783: Clean accuracy 0.7804 | Adv accuracy: 0.0000 
2026-02-09 02:50:06,393 - ADV_Generation_eps_1.0_steps_100 - INFO - Batch:[1125] Adversarial images for this batch already exist
2026-02-09 02:50:06,529 - ADV_Generation_eps_1.0_steps_100 - INFO - Batch 1126/3783: Clean accuracy 0.7806 | Adv accuracy: 0.0000 
2026-02-09 02:50:06,530 - ADV_Generation_eps_1.0_steps_100 - INFO - Batch:[1126] Adversarial images for this batch already exist
2026-02-09 02:50:06,669 - ADV_Generation_eps_1.0_steps_100 - INFO - Batch 1127/3783: Clean accuracy 0.7808 | Adv accuracy: 0.0000 
2026-02-09 02:50:06,670 - ADV_Generation_eps_1.0_steps_100 - INFO - Batch:[1127] Adversarial images for this batch already exist
2026-02-09 02:50:06,810 - ADV_Generation_eps_1.0_steps_100 - INFO - Batch 1128/3783: Clean accuracy 0.7810 | Adv accuracy: 0.0000 
2026-02-09 02:50:06,811 - ADV_Generation_eps_1.0_steps_100 - INFO - Batch:[1128] Adversarial images for this batch already exist
2026-02-09 02:50:06,955 - ADV_Generation_eps_1.0_steps_100 - INFO - Batch 1129/3783: Clean accuracy 0.7812 | Adv accuracy: 0.0000 
2026-02-09 02:50:06,955 - ADV_Generation_eps_1.0_steps_100 - INFO - Batch:[1129] Adversarial images for this batch already exist
2026-02-09 02:50:07,096 - ADV_Generation_eps_1.0_steps_100 - INFO - Batch 1130/3783: Clean accuracy 0.7805 | Adv accuracy: 0.0000 
2026-02-09 02:50:07,097 - ADV_Generation_eps_1.0_steps_100 - INFO - Batch:[1130] Adversarial images for this batch already exist
2026-02-09 02:50:07,260 - ADV_Generation_eps_1.0_steps_100 - INFO - Batch 1131/3783: Clean accuracy 0.7807 | Adv accuracy: 0.0000 
2026-02-09 02:50:07,261 - ADV_Generation_eps_1.0_steps_100 - INFO - Batch:[1131] Adversarial images for this batch already exist
2026-02-09 02:50:07,419 - ADV_Generation_eps_1.0_steps_100 - INFO - Batch 1132/3783: Clean accuracy 0.7809 | Adv accuracy: 0.0000 
2026-02-09 02:50:07,420 - ADV_Generation_eps_1.0_steps_100 - INFO - Batch:[1132] Adversarial images for this batch already exist
2026-02-09 02:50:07,576 - ADV_Generation_eps_1.0_steps_100 - INFO - Batch 1133/3783: Clean accuracy 0.7811 | Adv accuracy: 0.0000 
2026-02-09 02:50:07,577 - ADV_Generation_eps_1.0_steps_100 - INFO - Batch:[1133] Adversarial images for this batch already exist
2026-02-09 02:50:07,712 - ADV_Generation_eps_1.0_steps_100 - INFO - Batch 1134/3783: Clean accuracy 0.7804 | Adv accuracy: 0.0000 
2026-02-09 02:50:07,713 - ADV_Generation_eps_1.0_steps_100 - INFO - Batch:[1134] Adversarial images for this batch already exist
2026-02-09 02:50:07,864 - ADV_Generation_eps_1.0_steps_100 - INFO - Batch 1135/3783: Clean accuracy 0.7797 | Adv accuracy: 0.0000 
2026-02-09 02:50:07,865 - ADV_Generation_eps_1.0_steps_100 - INFO - Batch:[1135] Adversarial images for this batch already exist
2026-02-09 02:50:08,000 - ADV_Generation_eps_1.0_steps_100 - INFO - Batch 1136/3783: Clean accuracy 0.7790 | Adv accuracy: 0.0000 
2026-02-09 02:50:08,001 - ADV_Generation_eps_1.0_steps_100 - INFO - Batch:[1136] Adversarial images for this batch already exist
2026-02-09 02:50:08,179 - ADV_Generation_eps_1.0_steps_100 - INFO - Batch 1137/3783: Clean accuracy 0.7784 | Adv accuracy: 0.0000 
2026-02-09 02:50:08,180 - ADV_Generation_eps_1.0_steps_100 - INFO - Batch:[1137] Adversarial images for this batch already exist
2026-02-09 02:50:08,325 - ADV_Generation_eps_1.0_steps_100 - INFO - Batch 1138/3783: Clean accuracy 0.7786 | Adv accuracy: 0.0000 
2026-02-09 02:50:08,326 - ADV_Generation_eps_1.0_steps_100 - INFO - Batch:[1138] Adversarial images for this batch already exist
2026-02-09 02:50:08,470 - ADV_Generation_eps_1.0_steps_100 - INFO - Batch 1139/3783: Clean accuracy 0.7788 | Adv accuracy: 0.0000 
2026-02-09 02:50:08,471 - ADV_Generation_eps_1.0_steps_100 - INFO - Batch:[1139] Adversarial images for this batch already exist
2026-02-09 02:50:08,612 - ADV_Generation_eps_1.0_steps_100 - INFO - Batch 1140/3783: Clean accuracy 0.7789 | Adv accuracy: 0.0000 
2026-02-09 02:50:08,613 - ADV_Generation_eps_1.0_steps_100 - INFO - Batch:[1140] Adversarial images for this batch already exist
2026-02-09 02:50:08,758 - ADV_Generation_eps_1.0_steps_100 - INFO - Batch 1141/3783: Clean accuracy 0.7791 | Adv accuracy: 0.0000 
2026-02-09 02:50:08,759 - ADV_Generation_eps_1.0_steps_100 - INFO - Batch:[1141] Adversarial images for this batch already exist
2026-02-09 02:50:08,902 - ADV_Generation_eps_1.0_steps_100 - INFO - Batch 1142/3783: Clean accuracy 0.7793 | Adv accuracy: 0.0000 
2026-02-09 02:50:08,903 - ADV_Generation_eps_1.0_steps_100 - INFO - Batch:[1142] Adversarial images for this batch already exist
2026-02-09 02:50:09,044 - ADV_Generation_eps_1.0_steps_100 - INFO - Batch 1143/3783: Clean accuracy 0.7787 | Adv accuracy: 0.0000 
2026-02-09 02:50:09,045 - ADV_Generation_eps_1.0_steps_100 - INFO - Batch:[1143] Adversarial images for this batch already exist
2026-02-09 02:50:09,183 - ADV_Generation_eps_1.0_steps_100 - INFO - Batch 1144/3783: Clean accuracy 0.7780 | Adv accuracy: 0.0000 
2026-02-09 02:50:09,184 - ADV_Generation_eps_1.0_steps_100 - INFO - Batch:[1144] Adversarial images for this batch already exist
2026-02-09 02:50:09,322 - ADV_Generation_eps_1.0_steps_100 - INFO - Batch 1145/3783: Clean accuracy 0.7773 | Adv accuracy: 0.0000 
2026-02-09 02:50:09,323 - ADV_Generation_eps_1.0_steps_100 - INFO - Batch:[1145] Adversarial images for this batch already exist
2026-02-09 02:50:09,462 - ADV_Generation_eps_1.0_steps_100 - INFO - Batch 1146/3783: Clean accuracy 0.7766 | Adv accuracy: 0.0000 
2026-02-09 02:50:09,463 - ADV_Generation_eps_1.0_steps_100 - INFO - Batch:[1146] Adversarial images for this batch already exist
2026-02-09 02:50:09,601 - ADV_Generation_eps_1.0_steps_100 - INFO - Batch 1147/3783: Clean accuracy 0.7759 | Adv accuracy: 0.0000 
2026-02-09 02:50:09,601 - ADV_Generation_eps_1.0_steps_100 - INFO - Batch:[1147] Adversarial images for this batch already exist
2026-02-09 02:50:09,751 - ADV_Generation_eps_1.0_steps_100 - INFO - Batch 1148/3783: Clean accuracy 0.7753 | Adv accuracy: 0.0000 
2026-02-09 02:50:09,753 - ADV_Generation_eps_1.0_steps_100 - INFO - Batch:[1148] Adversarial images for this batch already exist
2026-02-09 02:50:09,915 - ADV_Generation_eps_1.0_steps_100 - INFO - Batch 1149/3783: Clean accuracy 0.7746 | Adv accuracy: 0.0000 
2026-02-09 02:50:09,915 - ADV_Generation_eps_1.0_steps_100 - INFO - Batch:[1149] Adversarial images for this batch already exist
2026-02-09 02:50:10,052 - ADV_Generation_eps_1.0_steps_100 - INFO - Batch 1150/3783: Clean accuracy 0.7739 | Adv accuracy: 0.0000 
2026-02-09 02:50:10,053 - ADV_Generation_eps_1.0_steps_100 - INFO - Batch:[1150] Adversarial images for this batch already exist
2026-02-09 02:50:10,195 - ADV_Generation_eps_1.0_steps_100 - INFO - Batch 1151/3783: Clean accuracy 0.7732 | Adv accuracy: 0.0000 
2026-02-09 02:50:10,196 - ADV_Generation_eps_1.0_steps_100 - INFO - Batch:[1151] Adversarial images for this batch already exist
2026-02-09 02:50:10,330 - ADV_Generation_eps_1.0_steps_100 - INFO - Batch 1152/3783: Clean accuracy 0.7734 | Adv accuracy: 0.0000 
2026-02-09 02:50:10,331 - ADV_Generation_eps_1.0_steps_100 - INFO - Batch:[1152] Adversarial images for this batch already exist
2026-02-09 02:50:10,470 - ADV_Generation_eps_1.0_steps_100 - INFO - Batch 1153/3783: Clean accuracy 0.7736 | Adv accuracy: 0.0000 
2026-02-09 02:50:10,471 - ADV_Generation_eps_1.0_steps_100 - INFO - Batch:[1153] Adversarial images for this batch already exist
2026-02-09 02:50:10,611 - ADV_Generation_eps_1.0_steps_100 - INFO - Batch 1154/3783: Clean accuracy 0.7738 | Adv accuracy: 0.0000 
2026-02-09 02:50:10,612 - ADV_Generation_eps_1.0_steps_100 - INFO - Batch:[1154] Adversarial images for this batch already exist
2026-02-09 02:50:10,766 - ADV_Generation_eps_1.0_steps_100 - INFO - Batch 1155/3783: Clean accuracy 0.7740 | Adv accuracy: 0.0000 
2026-02-09 02:50:10,767 - ADV_Generation_eps_1.0_steps_100 - INFO - Batch:[1155] Adversarial images for this batch already exist
2026-02-09 02:50:10,908 - ADV_Generation_eps_1.0_steps_100 - INFO - Batch 1156/3783: Clean accuracy 0.7742 | Adv accuracy: 0.0000 
2026-02-09 02:50:10,909 - ADV_Generation_eps_1.0_steps_100 - INFO - Batch:[1156] Adversarial images for this batch already exist
2026-02-09 02:50:11,043 - ADV_Generation_eps_1.0_steps_100 - INFO - Batch 1157/3783: Clean accuracy 0.7744 | Adv accuracy: 0.0000 
2026-02-09 02:50:11,044 - ADV_Generation_eps_1.0_steps_100 - INFO - Batch:[1157] Adversarial images for this batch already exist
2026-02-09 02:50:11,178 - ADV_Generation_eps_1.0_steps_100 - INFO - Batch 1158/3783: Clean accuracy 0.7746 | Adv accuracy: 0.0000 
2026-02-09 02:50:11,180 - ADV_Generation_eps_1.0_steps_100 - INFO - Batch:[1158] Adversarial images for this batch already exist
2026-02-09 02:50:11,317 - ADV_Generation_eps_1.0_steps_100 - INFO - Batch 1159/3783: Clean accuracy 0.7748 | Adv accuracy: 0.0000 
2026-02-09 02:50:11,318 - ADV_Generation_eps_1.0_steps_100 - INFO - Batch:[1159] Adversarial images for this batch already exist
2026-02-09 02:50:11,461 - ADV_Generation_eps_1.0_steps_100 - INFO - Batch 1160/3783: Clean accuracy 0.7750 | Adv accuracy: 0.0000 
2026-02-09 02:50:11,462 - ADV_Generation_eps_1.0_steps_100 - INFO - Batch:[1160] Adversarial images for this batch already exist
2026-02-09 02:50:11,605 - ADV_Generation_eps_1.0_steps_100 - INFO - Batch 1161/3783: Clean accuracy 0.7752 | Adv accuracy: 0.0000 
2026-02-09 02:50:11,606 - ADV_Generation_eps_1.0_steps_100 - INFO - Batch:[1161] Adversarial images for this batch already exist
2026-02-09 02:50:11,745 - ADV_Generation_eps_1.0_steps_100 - INFO - Batch 1162/3783: Clean accuracy 0.7754 | Adv accuracy: 0.0000 
2026-02-09 02:50:11,746 - ADV_Generation_eps_1.0_steps_100 - INFO - Batch:[1162] Adversarial images for this batch already exist
2026-02-09 02:50:11,887 - ADV_Generation_eps_1.0_steps_100 - INFO - Batch 1163/3783: Clean accuracy 0.7756 | Adv accuracy: 0.0000 
2026-02-09 02:50:11,888 - ADV_Generation_eps_1.0_steps_100 - INFO - Batch:[1163] Adversarial images for this batch already exist
2026-02-09 02:50:12,029 - ADV_Generation_eps_1.0_steps_100 - INFO - Batch 1164/3783: Clean accuracy 0.7758 | Adv accuracy: 0.0000 
2026-02-09 02:50:12,030 - ADV_Generation_eps_1.0_steps_100 - INFO - Batch:[1164] Adversarial images for this batch already exist
2026-02-09 02:50:12,170 - ADV_Generation_eps_1.0_steps_100 - INFO - Batch 1165/3783: Clean accuracy 0.7760 | Adv accuracy: 0.0000 
2026-02-09 02:50:12,171 - ADV_Generation_eps_1.0_steps_100 - INFO - Batch:[1165] Adversarial images for this batch already exist
2026-02-09 02:50:12,309 - ADV_Generation_eps_1.0_steps_100 - INFO - Batch 1166/3783: Clean accuracy 0.7762 | Adv accuracy: 0.0000 
2026-02-09 02:50:12,310 - ADV_Generation_eps_1.0_steps_100 - INFO - Batch:[1166] Adversarial images for this batch already exist
2026-02-09 02:50:12,443 - ADV_Generation_eps_1.0_steps_100 - INFO - Batch 1167/3783: Clean accuracy 0.7763 | Adv accuracy: 0.0000 
2026-02-09 02:50:12,444 - ADV_Generation_eps_1.0_steps_100 - INFO - Batch:[1167] Adversarial images for this batch already exist
2026-02-09 02:50:12,582 - ADV_Generation_eps_1.0_steps_100 - INFO - Batch 1168/3783: Clean accuracy 0.7765 | Adv accuracy: 0.0000 
2026-02-09 02:50:12,582 - ADV_Generation_eps_1.0_steps_100 - INFO - Batch:[1168] Adversarial images for this batch already exist
2026-02-09 02:50:12,725 - ADV_Generation_eps_1.0_steps_100 - INFO - Batch 1169/3783: Clean accuracy 0.7767 | Adv accuracy: 0.0000 
2026-02-09 02:50:12,726 - ADV_Generation_eps_1.0_steps_100 - INFO - Batch:[1169] Adversarial images for this batch already exist
2026-02-09 02:50:12,866 - ADV_Generation_eps_1.0_steps_100 - INFO - Batch 1170/3783: Clean accuracy 0.7769 | Adv accuracy: 0.0000 
2026-02-09 02:50:12,867 - ADV_Generation_eps_1.0_steps_100 - INFO - Batch:[1170] Adversarial images for this batch already exist
2026-02-09 02:50:13,027 - ADV_Generation_eps_1.0_steps_100 - INFO - Batch 1171/3783: Clean accuracy 0.7771 | Adv accuracy: 0.0000 
2026-02-09 02:50:13,028 - ADV_Generation_eps_1.0_steps_100 - INFO - Batch:[1171] Adversarial images for this batch already exist
2026-02-09 02:50:13,167 - ADV_Generation_eps_1.0_steps_100 - INFO - Batch 1172/3783: Clean accuracy 0.7773 | Adv accuracy: 0.0000 
2026-02-09 02:50:13,168 - ADV_Generation_eps_1.0_steps_100 - INFO - Batch:[1172] Adversarial images for this batch already exist
2026-02-09 02:50:13,309 - ADV_Generation_eps_1.0_steps_100 - INFO - Batch 1173/3783: Clean accuracy 0.7775 | Adv accuracy: 0.0000 
2026-02-09 02:50:13,310 - ADV_Generation_eps_1.0_steps_100 - INFO - Batch:[1173] Adversarial images for this batch already exist
2026-02-09 02:50:13,450 - ADV_Generation_eps_1.0_steps_100 - INFO - Batch 1174/3783: Clean accuracy 0.7777 | Adv accuracy: 0.0000 
2026-02-09 02:50:13,451 - ADV_Generation_eps_1.0_steps_100 - INFO - Batch:[1174] Adversarial images for this batch already exist
2026-02-09 02:50:13,595 - ADV_Generation_eps_1.0_steps_100 - INFO - Batch 1175/3783: Clean accuracy 0.7779 | Adv accuracy: 0.0000 
2026-02-09 02:50:13,596 - ADV_Generation_eps_1.0_steps_100 - INFO - Batch:[1175] Adversarial images for this batch already exist
2026-02-09 02:50:13,732 - ADV_Generation_eps_1.0_steps_100 - INFO - Batch 1176/3783: Clean accuracy 0.7781 | Adv accuracy: 0.0000 
2026-02-09 02:50:13,732 - ADV_Generation_eps_1.0_steps_100 - INFO - Batch:[1176] Adversarial images for this batch already exist
2026-02-09 02:50:13,879 - ADV_Generation_eps_1.0_steps_100 - INFO - Batch 1177/3783: Clean accuracy 0.7782 | Adv accuracy: 0.0000 
2026-02-09 02:50:13,880 - ADV_Generation_eps_1.0_steps_100 - INFO - Batch:[1177] Adversarial images for this batch already exist
2026-02-09 02:50:14,083 - ADV_Generation_eps_1.0_steps_100 - INFO - Batch 1178/3783: Clean accuracy 0.7784 | Adv accuracy: 0.0000 
2026-02-09 02:50:14,083 - ADV_Generation_eps_1.0_steps_100 - INFO - Batch:[1178] Adversarial images for this batch already exist
2026-02-09 02:50:14,230 - ADV_Generation_eps_1.0_steps_100 - INFO - Batch 1179/3783: Clean accuracy 0.7786 | Adv accuracy: 0.0000 
2026-02-09 02:50:14,231 - ADV_Generation_eps_1.0_steps_100 - INFO - Batch:[1179] Adversarial images for this batch already exist
2026-02-09 02:50:14,370 - ADV_Generation_eps_1.0_steps_100 - INFO - Batch 1180/3783: Clean accuracy 0.7788 | Adv accuracy: 0.0000 
2026-02-09 02:50:14,371 - ADV_Generation_eps_1.0_steps_100 - INFO - Batch:[1180] Adversarial images for this batch already exist
2026-02-09 02:50:14,510 - ADV_Generation_eps_1.0_steps_100 - INFO - Batch 1181/3783: Clean accuracy 0.7782 | Adv accuracy: 0.0000 
2026-02-09 02:50:14,511 - ADV_Generation_eps_1.0_steps_100 - INFO - Batch:[1181] Adversarial images for this batch already exist
2026-02-09 02:50:14,684 - ADV_Generation_eps_1.0_steps_100 - INFO - Batch 1182/3783: Clean accuracy 0.7783 | Adv accuracy: 0.0000 
2026-02-09 02:50:14,685 - ADV_Generation_eps_1.0_steps_100 - INFO - Batch:[1182] Adversarial images for this batch already exist
2026-02-09 02:50:14,829 - ADV_Generation_eps_1.0_steps_100 - INFO - Batch 1183/3783: Clean accuracy 0.7785 | Adv accuracy: 0.0000 
2026-02-09 02:50:14,830 - ADV_Generation_eps_1.0_steps_100 - INFO - Batch:[1183] Adversarial images for this batch already exist
2026-02-09 02:50:14,965 - ADV_Generation_eps_1.0_steps_100 - INFO - Batch 1184/3783: Clean accuracy 0.7787 | Adv accuracy: 0.0000 
2026-02-09 02:50:14,966 - ADV_Generation_eps_1.0_steps_100 - INFO - Batch:[1184] Adversarial images for this batch already exist
2026-02-09 02:50:15,110 - ADV_Generation_eps_1.0_steps_100 - INFO - Batch 1185/3783: Clean accuracy 0.7781 | Adv accuracy: 0.0000 
2026-02-09 02:50:15,111 - ADV_Generation_eps_1.0_steps_100 - INFO - Batch:[1185] Adversarial images for this batch already exist
2026-02-09 02:50:15,248 - ADV_Generation_eps_1.0_steps_100 - INFO - Batch 1186/3783: Clean accuracy 0.7774 | Adv accuracy: 0.0000 
2026-02-09 02:50:15,249 - ADV_Generation_eps_1.0_steps_100 - INFO - Batch:[1186] Adversarial images for this batch already exist
2026-02-09 02:50:15,387 - ADV_Generation_eps_1.0_steps_100 - INFO - Batch 1187/3783: Clean accuracy 0.7776 | Adv accuracy: 0.0000 
2026-02-09 02:50:15,388 - ADV_Generation_eps_1.0_steps_100 - INFO - Batch:[1187] Adversarial images for this batch already exist
2026-02-09 02:50:15,526 - ADV_Generation_eps_1.0_steps_100 - INFO - Batch 1188/3783: Clean accuracy 0.7769 | Adv accuracy: 0.0000 
2026-02-09 02:50:15,527 - ADV_Generation_eps_1.0_steps_100 - INFO - Batch:[1188] Adversarial images for this batch already exist
2026-02-09 02:50:15,668 - ADV_Generation_eps_1.0_steps_100 - INFO - Batch 1189/3783: Clean accuracy 0.7771 | Adv accuracy: 0.0000 
2026-02-09 02:50:15,669 - ADV_Generation_eps_1.0_steps_100 - INFO - Batch:[1189] Adversarial images for this batch already exist
2026-02-09 02:50:15,810 - ADV_Generation_eps_1.0_steps_100 - INFO - Batch 1190/3783: Clean accuracy 0.7773 | Adv accuracy: 0.0000 
2026-02-09 02:50:15,811 - ADV_Generation_eps_1.0_steps_100 - INFO - Batch:[1190] Adversarial images for this batch already exist
2026-02-09 02:50:15,951 - ADV_Generation_eps_1.0_steps_100 - INFO - Batch 1191/3783: Clean accuracy 0.7775 | Adv accuracy: 0.0000 
2026-02-09 02:50:15,952 - ADV_Generation_eps_1.0_steps_100 - INFO - Batch:[1191] Adversarial images for this batch already exist
2026-02-09 02:50:16,123 - ADV_Generation_eps_1.0_steps_100 - INFO - Batch 1192/3783: Clean accuracy 0.7768 | Adv accuracy: 0.0000 
2026-02-09 02:50:16,124 - ADV_Generation_eps_1.0_steps_100 - INFO - Batch:[1192] Adversarial images for this batch already exist
2026-02-09 02:50:16,266 - ADV_Generation_eps_1.0_steps_100 - INFO - Batch 1193/3783: Clean accuracy 0.7770 | Adv accuracy: 0.0000 
2026-02-09 02:50:16,267 - ADV_Generation_eps_1.0_steps_100 - INFO - Batch:[1193] Adversarial images for this batch already exist
2026-02-09 02:50:16,403 - ADV_Generation_eps_1.0_steps_100 - INFO - Batch 1194/3783: Clean accuracy 0.7772 | Adv accuracy: 0.0000 
2026-02-09 02:50:16,404 - ADV_Generation_eps_1.0_steps_100 - INFO - Batch:[1194] Adversarial images for this batch already exist
2026-02-09 02:50:16,539 - ADV_Generation_eps_1.0_steps_100 - INFO - Batch 1195/3783: Clean accuracy 0.7774 | Adv accuracy: 0.0000 
2026-02-09 02:50:16,540 - ADV_Generation_eps_1.0_steps_100 - INFO - Batch:[1195] Adversarial images for this batch already exist
2026-02-09 02:50:16,677 - ADV_Generation_eps_1.0_steps_100 - INFO - Batch 1196/3783: Clean accuracy 0.7776 | Adv accuracy: 0.0000 
2026-02-09 02:50:16,678 - ADV_Generation_eps_1.0_steps_100 - INFO - Batch:[1196] Adversarial images for this batch already exist
2026-02-09 02:50:16,816 - ADV_Generation_eps_1.0_steps_100 - INFO - Batch 1197/3783: Clean accuracy 0.7778 | Adv accuracy: 0.0000 
2026-02-09 02:50:16,817 - ADV_Generation_eps_1.0_steps_100 - INFO - Batch:[1197] Adversarial images for this batch already exist
2026-02-09 02:50:16,953 - ADV_Generation_eps_1.0_steps_100 - INFO - Batch 1198/3783: Clean accuracy 0.7780 | Adv accuracy: 0.0000 
2026-02-09 02:50:16,954 - ADV_Generation_eps_1.0_steps_100 - INFO - Batch:[1198] Adversarial images for this batch already exist
2026-02-09 02:50:17,107 - ADV_Generation_eps_1.0_steps_100 - INFO - Batch 1199/3783: Clean accuracy 0.7781 | Adv accuracy: 0.0000 
2026-02-09 02:50:17,108 - ADV_Generation_eps_1.0_steps_100 - INFO - Batch:[1199] Adversarial images for this batch already exist
2026-02-09 02:50:17,279 - ADV_Generation_eps_1.0_steps_100 - INFO - Batch 1200/3783: Clean accuracy 0.7783 | Adv accuracy: 0.0000 
2026-02-09 02:50:17,280 - ADV_Generation_eps_1.0_steps_100 - INFO - Batch:[1200] Adversarial images for this batch already exist
2026-02-09 02:50:17,428 - ADV_Generation_eps_1.0_steps_100 - INFO - Batch 1201/3783: Clean accuracy 0.7785 | Adv accuracy: 0.0000 
2026-02-09 02:50:17,429 - ADV_Generation_eps_1.0_steps_100 - INFO - Batch:[1201] Adversarial images for this batch already exist
2026-02-09 02:50:17,571 - ADV_Generation_eps_1.0_steps_100 - INFO - Batch 1202/3783: Clean accuracy 0.7787 | Adv accuracy: 0.0000 
2026-02-09 02:50:17,572 - ADV_Generation_eps_1.0_steps_100 - INFO - Batch:[1202] Adversarial images for this batch already exist
2026-02-09 02:50:17,726 - ADV_Generation_eps_1.0_steps_100 - INFO - Batch 1203/3783: Clean accuracy 0.7789 | Adv accuracy: 0.0000 
2026-02-09 02:50:17,727 - ADV_Generation_eps_1.0_steps_100 - INFO - Batch:[1203] Adversarial images for this batch already exist
2026-02-09 02:50:17,873 - ADV_Generation_eps_1.0_steps_100 - INFO - Batch 1204/3783: Clean accuracy 0.7791 | Adv accuracy: 0.0000 
2026-02-09 02:50:17,874 - ADV_Generation_eps_1.0_steps_100 - INFO - Batch:[1204] Adversarial images for this batch already exist
2026-02-09 02:50:18,018 - ADV_Generation_eps_1.0_steps_100 - INFO - Batch 1205/3783: Clean accuracy 0.7793 | Adv accuracy: 0.0000 
2026-02-09 02:50:18,019 - ADV_Generation_eps_1.0_steps_100 - INFO - Batch:[1205] Adversarial images for this batch already exist
2026-02-09 02:50:18,160 - ADV_Generation_eps_1.0_steps_100 - INFO - Batch 1206/3783: Clean accuracy 0.7794 | Adv accuracy: 0.0000 
2026-02-09 02:50:18,161 - ADV_Generation_eps_1.0_steps_100 - INFO - Batch:[1206] Adversarial images for this batch already exist
2026-02-09 02:50:18,301 - ADV_Generation_eps_1.0_steps_100 - INFO - Batch 1207/3783: Clean accuracy 0.7796 | Adv accuracy: 0.0000 
2026-02-09 02:50:18,302 - ADV_Generation_eps_1.0_steps_100 - INFO - Batch:[1207] Adversarial images for this batch already exist
2026-02-09 02:50:18,443 - ADV_Generation_eps_1.0_steps_100 - INFO - Batch 1208/3783: Clean accuracy 0.7798 | Adv accuracy: 0.0000 
2026-02-09 02:50:18,444 - ADV_Generation_eps_1.0_steps_100 - INFO - Batch:[1208] Adversarial images for this batch already exist
2026-02-09 02:50:18,595 - ADV_Generation_eps_1.0_steps_100 - INFO - Batch 1209/3783: Clean accuracy 0.7800 | Adv accuracy: 0.0000 
2026-02-09 02:50:18,596 - ADV_Generation_eps_1.0_steps_100 - INFO - Batch:[1209] Adversarial images for this batch already exist
2026-02-09 02:50:18,734 - ADV_Generation_eps_1.0_steps_100 - INFO - Batch 1210/3783: Clean accuracy 0.7793 | Adv accuracy: 0.0000 
2026-02-09 02:50:18,735 - ADV_Generation_eps_1.0_steps_100 - INFO - Batch:[1210] Adversarial images for this batch already exist
2026-02-09 02:50:18,878 - ADV_Generation_eps_1.0_steps_100 - INFO - Batch 1211/3783: Clean accuracy 0.7795 | Adv accuracy: 0.0000 
2026-02-09 02:50:18,879 - ADV_Generation_eps_1.0_steps_100 - INFO - Batch:[1211] Adversarial images for this batch already exist
2026-02-09 02:50:19,013 - ADV_Generation_eps_1.0_steps_100 - INFO - Batch 1212/3783: Clean accuracy 0.7789 | Adv accuracy: 0.0000 
2026-02-09 02:50:19,014 - ADV_Generation_eps_1.0_steps_100 - INFO - Batch:[1212] Adversarial images for this batch already exist
2026-02-09 02:50:19,172 - ADV_Generation_eps_1.0_steps_100 - INFO - Batch 1213/3783: Clean accuracy 0.7782 | Adv accuracy: 0.0000 
2026-02-09 02:50:19,173 - ADV_Generation_eps_1.0_steps_100 - INFO - Batch:[1213] Adversarial images for this batch already exist
2026-02-09 02:50:19,305 - ADV_Generation_eps_1.0_steps_100 - INFO - Batch 1214/3783: Clean accuracy 0.7776 | Adv accuracy: 0.0000 
2026-02-09 02:50:19,306 - ADV_Generation_eps_1.0_steps_100 - INFO - Batch:[1214] Adversarial images for this batch already exist
2026-02-09 02:50:19,474 - ADV_Generation_eps_1.0_steps_100 - INFO - Batch 1215/3783: Clean accuracy 0.7770 | Adv accuracy: 0.0000 
2026-02-09 02:50:19,475 - ADV_Generation_eps_1.0_steps_100 - INFO - Batch:[1215] Adversarial images for this batch already exist
2026-02-09 02:50:19,613 - ADV_Generation_eps_1.0_steps_100 - INFO - Batch 1216/3783: Clean accuracy 0.7763 | Adv accuracy: 0.0000 
2026-02-09 02:50:19,613 - ADV_Generation_eps_1.0_steps_100 - INFO - Batch:[1216] Adversarial images for this batch already exist
2026-02-09 02:50:19,749 - ADV_Generation_eps_1.0_steps_100 - INFO - Batch 1217/3783: Clean accuracy 0.7757 | Adv accuracy: 0.0000 
2026-02-09 02:50:19,750 - ADV_Generation_eps_1.0_steps_100 - INFO - Batch:[1217] Adversarial images for this batch already exist
2026-02-09 02:50:19,924 - ADV_Generation_eps_1.0_steps_100 - INFO - Batch 1218/3783: Clean accuracy 0.7750 | Adv accuracy: 0.0000 
2026-02-09 02:50:19,925 - ADV_Generation_eps_1.0_steps_100 - INFO - Batch:[1218] Adversarial images for this batch already exist
2026-02-09 02:50:20,066 - ADV_Generation_eps_1.0_steps_100 - INFO - Batch 1219/3783: Clean accuracy 0.7752 | Adv accuracy: 0.0000 
2026-02-09 02:50:20,067 - ADV_Generation_eps_1.0_steps_100 - INFO - Batch:[1219] Adversarial images for this batch already exist
2026-02-09 02:50:20,211 - ADV_Generation_eps_1.0_steps_100 - INFO - Batch 1220/3783: Clean accuracy 0.7746 | Adv accuracy: 0.0000 
2026-02-09 02:50:20,213 - ADV_Generation_eps_1.0_steps_100 - INFO - Batch:[1220] Adversarial images for this batch already exist
2026-02-09 02:50:20,358 - ADV_Generation_eps_1.0_steps_100 - INFO - Batch 1221/3783: Clean accuracy 0.7740 | Adv accuracy: 0.0000 
2026-02-09 02:50:20,359 - ADV_Generation_eps_1.0_steps_100 - INFO - Batch:[1221] Adversarial images for this batch already exist
2026-02-09 02:50:20,531 - ADV_Generation_eps_1.0_steps_100 - INFO - Batch 1222/3783: Clean accuracy 0.7741 | Adv accuracy: 0.0000 
2026-02-09 02:50:20,532 - ADV_Generation_eps_1.0_steps_100 - INFO - Batch:[1222] Adversarial images for this batch already exist
2026-02-09 02:50:20,667 - ADV_Generation_eps_1.0_steps_100 - INFO - Batch 1223/3783: Clean accuracy 0.7743 | Adv accuracy: 0.0000 
2026-02-09 02:50:20,668 - ADV_Generation_eps_1.0_steps_100 - INFO - Batch:[1223] Adversarial images for this batch already exist
2026-02-09 02:50:20,804 - ADV_Generation_eps_1.0_steps_100 - INFO - Batch 1224/3783: Clean accuracy 0.7745 | Adv accuracy: 0.0000 
2026-02-09 02:50:20,806 - ADV_Generation_eps_1.0_steps_100 - INFO - Batch:[1224] Adversarial images for this batch already exist
2026-02-09 02:50:20,973 - ADV_Generation_eps_1.0_steps_100 - INFO - Batch 1225/3783: Clean accuracy 0.7739 | Adv accuracy: 0.0000 
2026-02-09 02:50:20,974 - ADV_Generation_eps_1.0_steps_100 - INFO - Batch:[1225] Adversarial images for this batch already exist
2026-02-09 02:50:21,131 - ADV_Generation_eps_1.0_steps_100 - INFO - Batch 1226/3783: Clean accuracy 0.7741 | Adv accuracy: 0.0000 
2026-02-09 02:50:21,132 - ADV_Generation_eps_1.0_steps_100 - INFO - Batch:[1226] Adversarial images for this batch already exist
2026-02-09 02:50:21,280 - ADV_Generation_eps_1.0_steps_100 - INFO - Batch 1227/3783: Clean accuracy 0.7742 | Adv accuracy: 0.0000 
2026-02-09 02:50:21,281 - ADV_Generation_eps_1.0_steps_100 - INFO - Batch:[1227] Adversarial images for this batch already exist
2026-02-09 02:50:21,422 - ADV_Generation_eps_1.0_steps_100 - INFO - Batch 1228/3783: Clean accuracy 0.7744 | Adv accuracy: 0.0000 
2026-02-09 02:50:21,423 - ADV_Generation_eps_1.0_steps_100 - INFO - Batch:[1228] Adversarial images for this batch already exist
2026-02-09 02:50:21,562 - ADV_Generation_eps_1.0_steps_100 - INFO - Batch 1229/3783: Clean accuracy 0.7746 | Adv accuracy: 0.0000 
2026-02-09 02:50:21,563 - ADV_Generation_eps_1.0_steps_100 - INFO - Batch:[1229] Adversarial images for this batch already exist
2026-02-09 02:50:21,703 - ADV_Generation_eps_1.0_steps_100 - INFO - Batch 1230/3783: Clean accuracy 0.7748 | Adv accuracy: 0.0000 
2026-02-09 02:50:21,704 - ADV_Generation_eps_1.0_steps_100 - INFO - Batch:[1230] Adversarial images for this batch already exist
2026-02-09 02:50:21,839 - ADV_Generation_eps_1.0_steps_100 - INFO - Batch 1231/3783: Clean accuracy 0.7750 | Adv accuracy: 0.0000 
2026-02-09 02:50:21,840 - ADV_Generation_eps_1.0_steps_100 - INFO - Batch:[1231] Adversarial images for this batch already exist
2026-02-09 02:50:21,997 - ADV_Generation_eps_1.0_steps_100 - INFO - Batch 1232/3783: Clean accuracy 0.7752 | Adv accuracy: 0.0000 
2026-02-09 02:50:21,998 - ADV_Generation_eps_1.0_steps_100 - INFO - Batch:[1232] Adversarial images for this batch already exist
2026-02-09 02:50:22,137 - ADV_Generation_eps_1.0_steps_100 - INFO - Batch 1233/3783: Clean accuracy 0.7753 | Adv accuracy: 0.0000 
2026-02-09 02:50:22,138 - ADV_Generation_eps_1.0_steps_100 - INFO - Batch:[1233] Adversarial images for this batch already exist
2026-02-09 02:50:22,276 - ADV_Generation_eps_1.0_steps_100 - INFO - Batch 1234/3783: Clean accuracy 0.7747 | Adv accuracy: 0.0000 
2026-02-09 02:50:22,277 - ADV_Generation_eps_1.0_steps_100 - INFO - Batch:[1234] Adversarial images for this batch already exist
2026-02-09 02:50:22,418 - ADV_Generation_eps_1.0_steps_100 - INFO - Batch 1235/3783: Clean accuracy 0.7749 | Adv accuracy: 0.0000 
2026-02-09 02:50:22,418 - ADV_Generation_eps_1.0_steps_100 - INFO - Batch:[1235] Adversarial images for this batch already exist
2026-02-09 02:50:22,559 - ADV_Generation_eps_1.0_steps_100 - INFO - Batch 1236/3783: Clean accuracy 0.7751 | Adv accuracy: 0.0000 
2026-02-09 02:50:22,560 - ADV_Generation_eps_1.0_steps_100 - INFO - Batch:[1236] Adversarial images for this batch already exist
2026-02-09 02:50:22,703 - ADV_Generation_eps_1.0_steps_100 - INFO - Batch 1237/3783: Clean accuracy 0.7753 | Adv accuracy: 0.0000 
2026-02-09 02:50:22,704 - ADV_Generation_eps_1.0_steps_100 - INFO - Batch:[1237] Adversarial images for this batch already exist
2026-02-09 02:50:22,845 - ADV_Generation_eps_1.0_steps_100 - INFO - Batch 1238/3783: Clean accuracy 0.7754 | Adv accuracy: 0.0000 
2026-02-09 02:50:22,846 - ADV_Generation_eps_1.0_steps_100 - INFO - Batch:[1238] Adversarial images for this batch already exist
2026-02-09 02:50:22,983 - ADV_Generation_eps_1.0_steps_100 - INFO - Batch 1239/3783: Clean accuracy 0.7756 | Adv accuracy: 0.0000 
2026-02-09 02:50:22,984 - ADV_Generation_eps_1.0_steps_100 - INFO - Batch:[1239] Adversarial images for this batch already exist
2026-02-09 02:50:23,124 - ADV_Generation_eps_1.0_steps_100 - INFO - Batch 1240/3783: Clean accuracy 0.7758 | Adv accuracy: 0.0000 
2026-02-09 02:50:23,125 - ADV_Generation_eps_1.0_steps_100 - INFO - Batch:[1240] Adversarial images for this batch already exist
2026-02-09 02:50:23,263 - ADV_Generation_eps_1.0_steps_100 - INFO - Batch 1241/3783: Clean accuracy 0.7760 | Adv accuracy: 0.0000 
2026-02-09 02:50:23,264 - ADV_Generation_eps_1.0_steps_100 - INFO - Batch:[1241] Adversarial images for this batch already exist
2026-02-09 02:50:23,400 - ADV_Generation_eps_1.0_steps_100 - INFO - Batch 1242/3783: Clean accuracy 0.7762 | Adv accuracy: 0.0000 
2026-02-09 02:50:23,401 - ADV_Generation_eps_1.0_steps_100 - INFO - Batch:[1242] Adversarial images for this batch already exist
2026-02-09 02:50:23,540 - ADV_Generation_eps_1.0_steps_100 - INFO - Batch 1243/3783: Clean accuracy 0.7763 | Adv accuracy: 0.0000 
2026-02-09 02:50:23,541 - ADV_Generation_eps_1.0_steps_100 - INFO - Batch:[1243] Adversarial images for this batch already exist
2026-02-09 02:50:23,685 - ADV_Generation_eps_1.0_steps_100 - INFO - Batch 1244/3783: Clean accuracy 0.7765 | Adv accuracy: 0.0000 
2026-02-09 02:50:23,686 - ADV_Generation_eps_1.0_steps_100 - INFO - Batch:[1244] Adversarial images for this batch already exist
2026-02-09 02:50:23,833 - ADV_Generation_eps_1.0_steps_100 - INFO - Batch 1245/3783: Clean accuracy 0.7767 | Adv accuracy: 0.0000 
2026-02-09 02:50:23,834 - ADV_Generation_eps_1.0_steps_100 - INFO - Batch:[1245] Adversarial images for this batch already exist
2026-02-09 02:50:23,978 - ADV_Generation_eps_1.0_steps_100 - INFO - Batch 1246/3783: Clean accuracy 0.7769 | Adv accuracy: 0.0000 
2026-02-09 02:50:23,979 - ADV_Generation_eps_1.0_steps_100 - INFO - Batch:[1246] Adversarial images for this batch already exist
2026-02-09 02:50:24,121 - ADV_Generation_eps_1.0_steps_100 - INFO - Batch 1247/3783: Clean accuracy 0.7771 | Adv accuracy: 0.0000 
2026-02-09 02:50:24,122 - ADV_Generation_eps_1.0_steps_100 - INFO - Batch:[1247] Adversarial images for this batch already exist
2026-02-09 02:50:24,267 - ADV_Generation_eps_1.0_steps_100 - INFO - Batch 1248/3783: Clean accuracy 0.7772 | Adv accuracy: 0.0000 
2026-02-09 02:50:24,268 - ADV_Generation_eps_1.0_steps_100 - INFO - Batch:[1248] Adversarial images for this batch already exist
2026-02-09 02:50:24,404 - ADV_Generation_eps_1.0_steps_100 - INFO - Batch 1249/3783: Clean accuracy 0.7774 | Adv accuracy: 0.0000 
2026-02-09 02:50:24,405 - ADV_Generation_eps_1.0_steps_100 - INFO - Batch:[1249] Adversarial images for this batch already exist
2026-02-09 02:50:24,564 - ADV_Generation_eps_1.0_steps_100 - INFO - Batch 1250/3783: Clean accuracy 0.7776 | Adv accuracy: 0.0000 
2026-02-09 02:50:24,565 - ADV_Generation_eps_1.0_steps_100 - INFO - Batch:[1250] Adversarial images for this batch already exist
2026-02-09 02:50:24,718 - ADV_Generation_eps_1.0_steps_100 - INFO - Batch 1251/3783: Clean accuracy 0.7778 | Adv accuracy: 0.0000 
2026-02-09 02:50:24,719 - ADV_Generation_eps_1.0_steps_100 - INFO - Batch:[1251] Adversarial images for this batch already exist
2026-02-09 02:50:24,860 - ADV_Generation_eps_1.0_steps_100 - INFO - Batch 1252/3783: Clean accuracy 0.7780 | Adv accuracy: 0.0000 
2026-02-09 02:50:24,861 - ADV_Generation_eps_1.0_steps_100 - INFO - Batch:[1252] Adversarial images for this batch already exist
2026-02-09 02:50:25,026 - ADV_Generation_eps_1.0_steps_100 - INFO - Batch 1253/3783: Clean accuracy 0.7781 | Adv accuracy: 0.0000 
2026-02-09 02:50:25,027 - ADV_Generation_eps_1.0_steps_100 - INFO - Batch:[1253] Adversarial images for this batch already exist
2026-02-09 02:50:25,175 - ADV_Generation_eps_1.0_steps_100 - INFO - Batch 1254/3783: Clean accuracy 0.7783 | Adv accuracy: 0.0000 
2026-02-09 02:50:25,176 - ADV_Generation_eps_1.0_steps_100 - INFO - Batch:[1254] Adversarial images for this batch already exist
2026-02-09 02:50:25,318 - ADV_Generation_eps_1.0_steps_100 - INFO - Batch 1255/3783: Clean accuracy 0.7785 | Adv accuracy: 0.0000 
2026-02-09 02:50:25,319 - ADV_Generation_eps_1.0_steps_100 - INFO - Batch:[1255] Adversarial images for this batch already exist
2026-02-09 02:50:25,459 - ADV_Generation_eps_1.0_steps_100 - INFO - Batch 1256/3783: Clean accuracy 0.7787 | Adv accuracy: 0.0000 
2026-02-09 02:50:25,460 - ADV_Generation_eps_1.0_steps_100 - INFO - Batch:[1256] Adversarial images for this batch already exist
2026-02-09 02:50:25,595 - ADV_Generation_eps_1.0_steps_100 - INFO - Batch 1257/3783: Clean accuracy 0.7788 | Adv accuracy: 0.0000 
2026-02-09 02:50:25,596 - ADV_Generation_eps_1.0_steps_100 - INFO - Batch:[1257] Adversarial images for this batch already exist
2026-02-09 02:50:25,764 - ADV_Generation_eps_1.0_steps_100 - INFO - Batch 1258/3783: Clean accuracy 0.7790 | Adv accuracy: 0.0000 
2026-02-09 02:50:25,765 - ADV_Generation_eps_1.0_steps_100 - INFO - Batch:[1258] Adversarial images for this batch already exist
2026-02-09 02:50:25,909 - ADV_Generation_eps_1.0_steps_100 - INFO - Batch 1259/3783: Clean accuracy 0.7792 | Adv accuracy: 0.0000 
2026-02-09 02:50:25,910 - ADV_Generation_eps_1.0_steps_100 - INFO - Batch:[1259] Adversarial images for this batch already exist
2026-02-09 02:50:26,061 - ADV_Generation_eps_1.0_steps_100 - INFO - Batch 1260/3783: Clean accuracy 0.7794 | Adv accuracy: 0.0000 
2026-02-09 02:50:26,062 - ADV_Generation_eps_1.0_steps_100 - INFO - Batch:[1260] Adversarial images for this batch already exist
2026-02-09 02:50:26,201 - ADV_Generation_eps_1.0_steps_100 - INFO - Batch 1261/3783: Clean accuracy 0.7795 | Adv accuracy: 0.0000 
2026-02-09 02:50:26,202 - ADV_Generation_eps_1.0_steps_100 - INFO - Batch:[1261] Adversarial images for this batch already exist
2026-02-09 02:50:26,336 - ADV_Generation_eps_1.0_steps_100 - INFO - Batch 1262/3783: Clean accuracy 0.7797 | Adv accuracy: 0.0000 
2026-02-09 02:50:26,337 - ADV_Generation_eps_1.0_steps_100 - INFO - Batch:[1262] Adversarial images for this batch already exist
2026-02-09 02:50:26,480 - ADV_Generation_eps_1.0_steps_100 - INFO - Batch 1263/3783: Clean accuracy 0.7799 | Adv accuracy: 0.0000 
2026-02-09 02:50:26,481 - ADV_Generation_eps_1.0_steps_100 - INFO - Batch:[1263] Adversarial images for this batch already exist
2026-02-09 02:50:26,626 - ADV_Generation_eps_1.0_steps_100 - INFO - Batch 1264/3783: Clean accuracy 0.7801 | Adv accuracy: 0.0000 
2026-02-09 02:50:26,627 - ADV_Generation_eps_1.0_steps_100 - INFO - Batch:[1264] Adversarial images for this batch already exist
2026-02-09 02:50:26,778 - ADV_Generation_eps_1.0_steps_100 - INFO - Batch 1265/3783: Clean accuracy 0.7794 | Adv accuracy: 0.0000 
2026-02-09 02:50:26,779 - ADV_Generation_eps_1.0_steps_100 - INFO - Batch:[1265] Adversarial images for this batch already exist
2026-02-09 02:50:26,919 - ADV_Generation_eps_1.0_steps_100 - INFO - Batch 1266/3783: Clean accuracy 0.7788 | Adv accuracy: 0.0000 
2026-02-09 02:50:26,920 - ADV_Generation_eps_1.0_steps_100 - INFO - Batch:[1266] Adversarial images for this batch already exist
2026-02-09 02:50:27,061 - ADV_Generation_eps_1.0_steps_100 - INFO - Batch 1267/3783: Clean accuracy 0.7782 | Adv accuracy: 0.0000 
2026-02-09 02:50:27,062 - ADV_Generation_eps_1.0_steps_100 - INFO - Batch:[1267] Adversarial images for this batch already exist
2026-02-09 02:50:27,199 - ADV_Generation_eps_1.0_steps_100 - INFO - Batch 1268/3783: Clean accuracy 0.7776 | Adv accuracy: 0.0000 
2026-02-09 02:50:27,200 - ADV_Generation_eps_1.0_steps_100 - INFO - Batch:[1268] Adversarial images for this batch already exist
2026-02-09 02:50:27,339 - ADV_Generation_eps_1.0_steps_100 - INFO - Batch 1269/3783: Clean accuracy 0.7770 | Adv accuracy: 0.0000 
2026-02-09 02:50:27,340 - ADV_Generation_eps_1.0_steps_100 - INFO - Batch:[1269] Adversarial images for this batch already exist
2026-02-09 02:50:27,480 - ADV_Generation_eps_1.0_steps_100 - INFO - Batch 1270/3783: Clean accuracy 0.7764 | Adv accuracy: 0.0000 
2026-02-09 02:50:27,481 - ADV_Generation_eps_1.0_steps_100 - INFO - Batch:[1270] Adversarial images for this batch already exist
2026-02-09 02:50:27,620 - ADV_Generation_eps_1.0_steps_100 - INFO - Batch 1271/3783: Clean accuracy 0.7758 | Adv accuracy: 0.0000 
2026-02-09 02:50:27,621 - ADV_Generation_eps_1.0_steps_100 - INFO - Batch:[1271] Adversarial images for this batch already exist
2026-02-09 02:50:27,756 - ADV_Generation_eps_1.0_steps_100 - INFO - Batch 1272/3783: Clean accuracy 0.7752 | Adv accuracy: 0.0000 
2026-02-09 02:50:27,757 - ADV_Generation_eps_1.0_steps_100 - INFO - Batch:[1272] Adversarial images for this batch already exist
2026-02-09 02:50:27,894 - ADV_Generation_eps_1.0_steps_100 - INFO - Batch 1273/3783: Clean accuracy 0.7745 | Adv accuracy: 0.0000 
2026-02-09 02:50:27,895 - ADV_Generation_eps_1.0_steps_100 - INFO - Batch:[1273] Adversarial images for this batch already exist
2026-02-09 02:50:28,035 - ADV_Generation_eps_1.0_steps_100 - INFO - Batch 1274/3783: Clean accuracy 0.7739 | Adv accuracy: 0.0000 
2026-02-09 02:50:28,036 - ADV_Generation_eps_1.0_steps_100 - INFO - Batch:[1274] Adversarial images for this batch already exist
2026-02-09 02:50:28,177 - ADV_Generation_eps_1.0_steps_100 - INFO - Batch 1275/3783: Clean accuracy 0.7733 | Adv accuracy: 0.0000 
2026-02-09 02:50:28,178 - ADV_Generation_eps_1.0_steps_100 - INFO - Batch:[1275] Adversarial images for this batch already exist
2026-02-09 02:50:28,314 - ADV_Generation_eps_1.0_steps_100 - INFO - Batch 1276/3783: Clean accuracy 0.7727 | Adv accuracy: 0.0000 
2026-02-09 02:50:28,315 - ADV_Generation_eps_1.0_steps_100 - INFO - Batch:[1276] Adversarial images for this batch already exist
2026-02-09 02:50:28,455 - ADV_Generation_eps_1.0_steps_100 - INFO - Batch 1277/3783: Clean accuracy 0.7721 | Adv accuracy: 0.0000 
2026-02-09 02:50:28,456 - ADV_Generation_eps_1.0_steps_100 - INFO - Batch:[1277] Adversarial images for this batch already exist
2026-02-09 02:50:28,633 - ADV_Generation_eps_1.0_steps_100 - INFO - Batch 1278/3783: Clean accuracy 0.7723 | Adv accuracy: 0.0000 
2026-02-09 02:50:28,634 - ADV_Generation_eps_1.0_steps_100 - INFO - Batch:[1278] Adversarial images for this batch already exist
2026-02-09 02:50:28,769 - ADV_Generation_eps_1.0_steps_100 - INFO - Batch 1279/3783: Clean accuracy 0.7717 | Adv accuracy: 0.0000 
2026-02-09 02:50:28,770 - ADV_Generation_eps_1.0_steps_100 - INFO - Batch:[1279] Adversarial images for this batch already exist
2026-02-09 02:50:28,908 - ADV_Generation_eps_1.0_steps_100 - INFO - Batch 1280/3783: Clean accuracy 0.7711 | Adv accuracy: 0.0000 
2026-02-09 02:50:28,909 - ADV_Generation_eps_1.0_steps_100 - INFO - Batch:[1280] Adversarial images for this batch already exist
2026-02-09 02:50:29,046 - ADV_Generation_eps_1.0_steps_100 - INFO - Batch 1281/3783: Clean accuracy 0.7705 | Adv accuracy: 0.0000 
2026-02-09 02:50:29,047 - ADV_Generation_eps_1.0_steps_100 - INFO - Batch:[1281] Adversarial images for this batch already exist
2026-02-09 02:50:29,186 - ADV_Generation_eps_1.0_steps_100 - INFO - Batch 1282/3783: Clean accuracy 0.7699 | Adv accuracy: 0.0000 
2026-02-09 02:50:29,187 - ADV_Generation_eps_1.0_steps_100 - INFO - Batch:[1282] Adversarial images for this batch already exist
2026-02-09 02:50:29,320 - ADV_Generation_eps_1.0_steps_100 - INFO - Batch 1283/3783: Clean accuracy 0.7693 | Adv accuracy: 0.0000 
2026-02-09 02:50:29,321 - ADV_Generation_eps_1.0_steps_100 - INFO - Batch:[1283] Adversarial images for this batch already exist
2026-02-09 02:50:29,468 - ADV_Generation_eps_1.0_steps_100 - INFO - Batch 1284/3783: Clean accuracy 0.7687 | Adv accuracy: 0.0000 
2026-02-09 02:50:29,469 - ADV_Generation_eps_1.0_steps_100 - INFO - Batch:[1284] Adversarial images for this batch already exist
2026-02-09 02:50:29,606 - ADV_Generation_eps_1.0_steps_100 - INFO - Batch 1285/3783: Clean accuracy 0.7689 | Adv accuracy: 0.0000 
2026-02-09 02:50:29,607 - ADV_Generation_eps_1.0_steps_100 - INFO - Batch:[1285] Adversarial images for this batch already exist
2026-02-09 02:50:29,741 - ADV_Generation_eps_1.0_steps_100 - INFO - Batch 1286/3783: Clean accuracy 0.7691 | Adv accuracy: 0.0000 
2026-02-09 02:50:29,741 - ADV_Generation_eps_1.0_steps_100 - INFO - Batch:[1286] Adversarial images for this batch already exist
2026-02-09 02:50:29,881 - ADV_Generation_eps_1.0_steps_100 - INFO - Batch 1287/3783: Clean accuracy 0.7692 | Adv accuracy: 0.0000 
2026-02-09 02:50:29,882 - ADV_Generation_eps_1.0_steps_100 - INFO - Batch:[1287] Adversarial images for this batch already exist
2026-02-09 02:50:30,025 - ADV_Generation_eps_1.0_steps_100 - INFO - Batch 1288/3783: Clean accuracy 0.7686 | Adv accuracy: 0.0000 
2026-02-09 02:50:30,026 - ADV_Generation_eps_1.0_steps_100 - INFO - Batch:[1288] Adversarial images for this batch already exist
2026-02-09 02:50:30,167 - ADV_Generation_eps_1.0_steps_100 - INFO - Batch 1289/3783: Clean accuracy 0.7680 | Adv accuracy: 0.0000 
2026-02-09 02:50:30,168 - ADV_Generation_eps_1.0_steps_100 - INFO - Batch:[1289] Adversarial images for this batch already exist
2026-02-09 02:50:30,305 - ADV_Generation_eps_1.0_steps_100 - INFO - Batch 1290/3783: Clean accuracy 0.7674 | Adv accuracy: 0.0000 
2026-02-09 02:50:30,306 - ADV_Generation_eps_1.0_steps_100 - INFO - Batch:[1290] Adversarial images for this batch already exist
2026-02-09 02:50:30,451 - ADV_Generation_eps_1.0_steps_100 - INFO - Batch 1291/3783: Clean accuracy 0.7668 | Adv accuracy: 0.0000 
2026-02-09 02:50:30,452 - ADV_Generation_eps_1.0_steps_100 - INFO - Batch:[1291] Adversarial images for this batch already exist
2026-02-09 02:50:30,588 - ADV_Generation_eps_1.0_steps_100 - INFO - Batch 1292/3783: Clean accuracy 0.7663 | Adv accuracy: 0.0000 
2026-02-09 02:50:30,589 - ADV_Generation_eps_1.0_steps_100 - INFO - Batch:[1292] Adversarial images for this batch already exist
2026-02-09 02:50:30,730 - ADV_Generation_eps_1.0_steps_100 - INFO - Batch 1293/3783: Clean accuracy 0.7657 | Adv accuracy: 0.0000 
2026-02-09 02:50:30,731 - ADV_Generation_eps_1.0_steps_100 - INFO - Batch:[1293] Adversarial images for this batch already exist
2026-02-09 02:50:30,941 - ADV_Generation_eps_1.0_steps_100 - INFO - Batch 1294/3783: Clean accuracy 0.7651 | Adv accuracy: 0.0000 
2026-02-09 02:50:30,943 - ADV_Generation_eps_1.0_steps_100 - INFO - Batch:[1294] Adversarial images for this batch already exist
2026-02-09 02:50:31,099 - ADV_Generation_eps_1.0_steps_100 - INFO - Batch 1295/3783: Clean accuracy 0.7645 | Adv accuracy: 0.0000 
2026-02-09 02:50:31,100 - ADV_Generation_eps_1.0_steps_100 - INFO - Batch:[1295] Adversarial images for this batch already exist
2026-02-09 02:50:31,238 - ADV_Generation_eps_1.0_steps_100 - INFO - Batch 1296/3783: Clean accuracy 0.7639 | Adv accuracy: 0.0000 
2026-02-09 02:50:31,239 - ADV_Generation_eps_1.0_steps_100 - INFO - Batch:[1296] Adversarial images for this batch already exist
2026-02-09 02:50:31,382 - ADV_Generation_eps_1.0_steps_100 - INFO - Batch 1297/3783: Clean accuracy 0.7633 | Adv accuracy: 0.0000 
2026-02-09 02:50:31,383 - ADV_Generation_eps_1.0_steps_100 - INFO - Batch:[1297] Adversarial images for this batch already exist
2026-02-09 02:50:31,525 - ADV_Generation_eps_1.0_steps_100 - INFO - Batch 1298/3783: Clean accuracy 0.7627 | Adv accuracy: 0.0000 
2026-02-09 02:50:31,526 - ADV_Generation_eps_1.0_steps_100 - INFO - Batch:[1298] Adversarial images for this batch already exist
2026-02-09 02:50:31,665 - ADV_Generation_eps_1.0_steps_100 - INFO - Batch 1299/3783: Clean accuracy 0.7621 | Adv accuracy: 0.0000 
2026-02-09 02:50:31,666 - ADV_Generation_eps_1.0_steps_100 - INFO - Batch:[1299] Adversarial images for this batch already exist
2026-02-09 02:50:31,801 - ADV_Generation_eps_1.0_steps_100 - INFO - Batch 1300/3783: Clean accuracy 0.7615 | Adv accuracy: 0.0000 
2026-02-09 02:50:31,802 - ADV_Generation_eps_1.0_steps_100 - INFO - Batch:[1300] Adversarial images for this batch already exist
2026-02-09 02:50:31,939 - ADV_Generation_eps_1.0_steps_100 - INFO - Batch 1301/3783: Clean accuracy 0.7610 | Adv accuracy: 0.0000 
2026-02-09 02:50:31,940 - ADV_Generation_eps_1.0_steps_100 - INFO - Batch:[1301] Adversarial images for this batch already exist
2026-02-09 02:50:32,079 - ADV_Generation_eps_1.0_steps_100 - INFO - Batch 1302/3783: Clean accuracy 0.7611 | Adv accuracy: 0.0000 
2026-02-09 02:50:32,080 - ADV_Generation_eps_1.0_steps_100 - INFO - Batch:[1302] Adversarial images for this batch already exist
2026-02-09 02:50:32,215 - ADV_Generation_eps_1.0_steps_100 - INFO - Batch 1303/3783: Clean accuracy 0.7613 | Adv accuracy: 0.0000 
2026-02-09 02:50:32,216 - ADV_Generation_eps_1.0_steps_100 - INFO - Batch:[1303] Adversarial images for this batch already exist
2026-02-09 02:50:32,356 - ADV_Generation_eps_1.0_steps_100 - INFO - Batch 1304/3783: Clean accuracy 0.7615 | Adv accuracy: 0.0000 
2026-02-09 02:50:32,357 - ADV_Generation_eps_1.0_steps_100 - INFO - Batch:[1304] Adversarial images for this batch already exist
2026-02-09 02:50:32,495 - ADV_Generation_eps_1.0_steps_100 - INFO - Batch 1305/3783: Clean accuracy 0.7617 | Adv accuracy: 0.0000 
2026-02-09 02:50:32,497 - ADV_Generation_eps_1.0_steps_100 - INFO - Batch:[1305] Adversarial images for this batch already exist
2026-02-09 02:50:32,631 - ADV_Generation_eps_1.0_steps_100 - INFO - Batch 1306/3783: Clean accuracy 0.7611 | Adv accuracy: 0.0000 
2026-02-09 02:50:32,632 - ADV_Generation_eps_1.0_steps_100 - INFO - Batch:[1306] Adversarial images for this batch already exist
2026-02-09 02:50:32,769 - ADV_Generation_eps_1.0_steps_100 - INFO - Batch 1307/3783: Clean accuracy 0.7605 | Adv accuracy: 0.0000 
2026-02-09 02:50:32,770 - ADV_Generation_eps_1.0_steps_100 - INFO - Batch:[1307] Adversarial images for this batch already exist
2026-02-09 02:50:32,907 - ADV_Generation_eps_1.0_steps_100 - INFO - Batch 1308/3783: Clean accuracy 0.7599 | Adv accuracy: 0.0000 
2026-02-09 02:50:32,908 - ADV_Generation_eps_1.0_steps_100 - INFO - Batch:[1308] Adversarial images for this batch already exist
2026-02-09 02:50:33,043 - ADV_Generation_eps_1.0_steps_100 - INFO - Batch 1309/3783: Clean accuracy 0.7594 | Adv accuracy: 0.0000 
2026-02-09 02:50:33,044 - ADV_Generation_eps_1.0_steps_100 - INFO - Batch:[1309] Adversarial images for this batch already exist
2026-02-09 02:50:33,182 - ADV_Generation_eps_1.0_steps_100 - INFO - Batch 1310/3783: Clean accuracy 0.7595 | Adv accuracy: 0.0000 
2026-02-09 02:50:33,183 - ADV_Generation_eps_1.0_steps_100 - INFO - Batch:[1310] Adversarial images for this batch already exist
2026-02-09 02:50:33,321 - ADV_Generation_eps_1.0_steps_100 - INFO - Batch 1311/3783: Clean accuracy 0.7597 | Adv accuracy: 0.0000 
2026-02-09 02:50:33,322 - ADV_Generation_eps_1.0_steps_100 - INFO - Batch:[1311] Adversarial images for this batch already exist
2026-02-09 02:50:33,459 - ADV_Generation_eps_1.0_steps_100 - INFO - Batch 1312/3783: Clean accuracy 0.7599 | Adv accuracy: 0.0000 
2026-02-09 02:50:33,459 - ADV_Generation_eps_1.0_steps_100 - INFO - Batch:[1312] Adversarial images for this batch already exist
2026-02-09 02:50:33,603 - ADV_Generation_eps_1.0_steps_100 - INFO - Batch 1313/3783: Clean accuracy 0.7601 | Adv accuracy: 0.0000 
2026-02-09 02:50:33,604 - ADV_Generation_eps_1.0_steps_100 - INFO - Batch:[1313] Adversarial images for this batch already exist
2026-02-09 02:50:33,744 - ADV_Generation_eps_1.0_steps_100 - INFO - Batch 1314/3783: Clean accuracy 0.7603 | Adv accuracy: 0.0000 
2026-02-09 02:50:33,745 - ADV_Generation_eps_1.0_steps_100 - INFO - Batch:[1314] Adversarial images for this batch already exist
2026-02-09 02:50:33,898 - ADV_Generation_eps_1.0_steps_100 - INFO - Batch 1315/3783: Clean accuracy 0.7605 | Adv accuracy: 0.0000 
2026-02-09 02:50:33,899 - ADV_Generation_eps_1.0_steps_100 - INFO - Batch:[1315] Adversarial images for this batch already exist
2026-02-09 02:50:34,045 - ADV_Generation_eps_1.0_steps_100 - INFO - Batch 1316/3783: Clean accuracy 0.7599 | Adv accuracy: 0.0000 
2026-02-09 02:50:34,046 - ADV_Generation_eps_1.0_steps_100 - INFO - Batch:[1316] Adversarial images for this batch already exist
2026-02-09 02:50:34,186 - ADV_Generation_eps_1.0_steps_100 - INFO - Batch 1317/3783: Clean accuracy 0.7601 | Adv accuracy: 0.0000 
2026-02-09 02:50:34,187 - ADV_Generation_eps_1.0_steps_100 - INFO - Batch:[1317] Adversarial images for this batch already exist
2026-02-09 02:50:34,325 - ADV_Generation_eps_1.0_steps_100 - INFO - Batch 1318/3783: Clean accuracy 0.7595 | Adv accuracy: 0.0000 
2026-02-09 02:50:34,326 - ADV_Generation_eps_1.0_steps_100 - INFO - Batch:[1318] Adversarial images for this batch already exist
2026-02-09 02:50:34,463 - ADV_Generation_eps_1.0_steps_100 - INFO - Batch 1319/3783: Clean accuracy 0.7589 | Adv accuracy: 0.0000 
2026-02-09 02:50:34,465 - ADV_Generation_eps_1.0_steps_100 - INFO - Batch:[1319] Adversarial images for this batch already exist
2026-02-09 02:50:34,598 - ADV_Generation_eps_1.0_steps_100 - INFO - Batch 1320/3783: Clean accuracy 0.7583 | Adv accuracy: 0.0000 
2026-02-09 02:50:34,600 - ADV_Generation_eps_1.0_steps_100 - INFO - Batch:[1320] Adversarial images for this batch already exist
2026-02-09 02:50:34,738 - ADV_Generation_eps_1.0_steps_100 - INFO - Batch 1321/3783: Clean accuracy 0.7578 | Adv accuracy: 0.0000 
2026-02-09 02:50:34,739 - ADV_Generation_eps_1.0_steps_100 - INFO - Batch:[1321] Adversarial images for this batch already exist
2026-02-09 02:50:34,916 - ADV_Generation_eps_1.0_steps_100 - INFO - Batch 1322/3783: Clean accuracy 0.7579 | Adv accuracy: 0.0000 
2026-02-09 02:50:34,917 - ADV_Generation_eps_1.0_steps_100 - INFO - Batch:[1322] Adversarial images for this batch already exist
2026-02-09 02:50:35,050 - ADV_Generation_eps_1.0_steps_100 - INFO - Batch 1323/3783: Clean accuracy 0.7581 | Adv accuracy: 0.0000 
2026-02-09 02:50:35,051 - ADV_Generation_eps_1.0_steps_100 - INFO - Batch:[1323] Adversarial images for this batch already exist
2026-02-09 02:50:35,204 - ADV_Generation_eps_1.0_steps_100 - INFO - Batch 1324/3783: Clean accuracy 0.7583 | Adv accuracy: 0.0000 
2026-02-09 02:50:35,206 - ADV_Generation_eps_1.0_steps_100 - INFO - Batch:[1324] Adversarial images for this batch already exist
2026-02-09 02:50:35,342 - ADV_Generation_eps_1.0_steps_100 - INFO - Batch 1325/3783: Clean accuracy 0.7585 | Adv accuracy: 0.0000 
2026-02-09 02:50:35,343 - ADV_Generation_eps_1.0_steps_100 - INFO - Batch:[1325] Adversarial images for this batch already exist
2026-02-09 02:50:35,484 - ADV_Generation_eps_1.0_steps_100 - INFO - Batch 1326/3783: Clean accuracy 0.7579 | Adv accuracy: 0.0000 
2026-02-09 02:50:35,485 - ADV_Generation_eps_1.0_steps_100 - INFO - Batch:[1326] Adversarial images for this batch already exist
2026-02-09 02:50:35,634 - ADV_Generation_eps_1.0_steps_100 - INFO - Batch 1327/3783: Clean accuracy 0.7581 | Adv accuracy: 0.0000 
2026-02-09 02:50:35,635 - ADV_Generation_eps_1.0_steps_100 - INFO - Batch:[1327] Adversarial images for this batch already exist
2026-02-09 02:50:35,775 - ADV_Generation_eps_1.0_steps_100 - INFO - Batch 1328/3783: Clean accuracy 0.7583 | Adv accuracy: 0.0000 
2026-02-09 02:50:35,776 - ADV_Generation_eps_1.0_steps_100 - INFO - Batch:[1328] Adversarial images for this batch already exist
2026-02-09 02:50:35,915 - ADV_Generation_eps_1.0_steps_100 - INFO - Batch 1329/3783: Clean accuracy 0.7585 | Adv accuracy: 0.0000 
2026-02-09 02:50:35,916 - ADV_Generation_eps_1.0_steps_100 - INFO - Batch:[1329] Adversarial images for this batch already exist
2026-02-09 02:50:36,058 - ADV_Generation_eps_1.0_steps_100 - INFO - Batch 1330/3783: Clean accuracy 0.7586 | Adv accuracy: 0.0000 
2026-02-09 02:50:36,059 - ADV_Generation_eps_1.0_steps_100 - INFO - Batch:[1330] Adversarial images for this batch already exist
2026-02-09 02:50:36,198 - ADV_Generation_eps_1.0_steps_100 - INFO - Batch 1331/3783: Clean accuracy 0.7588 | Adv accuracy: 0.0000 
2026-02-09 02:50:36,199 - ADV_Generation_eps_1.0_steps_100 - INFO - Batch:[1331] Adversarial images for this batch already exist
2026-02-09 02:50:36,342 - ADV_Generation_eps_1.0_steps_100 - INFO - Batch 1332/3783: Clean accuracy 0.7590 | Adv accuracy: 0.0000 
2026-02-09 02:50:36,344 - ADV_Generation_eps_1.0_steps_100 - INFO - Batch:[1332] Adversarial images for this batch already exist
2026-02-09 02:50:36,481 - ADV_Generation_eps_1.0_steps_100 - INFO - Batch 1333/3783: Clean accuracy 0.7592 | Adv accuracy: 0.0000 
2026-02-09 02:50:36,482 - ADV_Generation_eps_1.0_steps_100 - INFO - Batch:[1333] Adversarial images for this batch already exist
2026-02-09 02:50:36,622 - ADV_Generation_eps_1.0_steps_100 - INFO - Batch 1334/3783: Clean accuracy 0.7594 | Adv accuracy: 0.0000 
2026-02-09 02:50:36,623 - ADV_Generation_eps_1.0_steps_100 - INFO - Batch:[1334] Adversarial images for this batch already exist
2026-02-09 02:50:36,791 - ADV_Generation_eps_1.0_steps_100 - INFO - Batch 1335/3783: Clean accuracy 0.7596 | Adv accuracy: 0.0000 
2026-02-09 02:50:36,792 - ADV_Generation_eps_1.0_steps_100 - INFO - Batch:[1335] Adversarial images for this batch already exist
2026-02-09 02:50:36,931 - ADV_Generation_eps_1.0_steps_100 - INFO - Batch 1336/3783: Clean accuracy 0.7597 | Adv accuracy: 0.0000 
2026-02-09 02:50:36,932 - ADV_Generation_eps_1.0_steps_100 - INFO - Batch:[1336] Adversarial images for this batch already exist
2026-02-09 02:50:37,068 - ADV_Generation_eps_1.0_steps_100 - INFO - Batch 1337/3783: Clean accuracy 0.7599 | Adv accuracy: 0.0000 
2026-02-09 02:50:37,069 - ADV_Generation_eps_1.0_steps_100 - INFO - Batch:[1337] Adversarial images for this batch already exist
2026-02-09 02:50:37,206 - ADV_Generation_eps_1.0_steps_100 - INFO - Batch 1338/3783: Clean accuracy 0.7601 | Adv accuracy: 0.0000 
2026-02-09 02:50:37,207 - ADV_Generation_eps_1.0_steps_100 - INFO - Batch:[1338] Adversarial images for this batch already exist
2026-02-09 02:50:37,352 - ADV_Generation_eps_1.0_steps_100 - INFO - Batch 1339/3783: Clean accuracy 0.7603 | Adv accuracy: 0.0000 
2026-02-09 02:50:37,353 - ADV_Generation_eps_1.0_steps_100 - INFO - Batch:[1339] Adversarial images for this batch already exist
2026-02-09 02:50:37,518 - ADV_Generation_eps_1.0_steps_100 - INFO - Batch 1340/3783: Clean accuracy 0.7604 | Adv accuracy: 0.0000 
2026-02-09 02:50:37,519 - ADV_Generation_eps_1.0_steps_100 - INFO - Batch:[1340] Adversarial images for this batch already exist
2026-02-09 02:50:37,671 - ADV_Generation_eps_1.0_steps_100 - INFO - Batch 1341/3783: Clean accuracy 0.7606 | Adv accuracy: 0.0000 
2026-02-09 02:50:37,672 - ADV_Generation_eps_1.0_steps_100 - INFO - Batch:[1341] Adversarial images for this batch already exist
2026-02-09 02:50:37,809 - ADV_Generation_eps_1.0_steps_100 - INFO - Batch 1342/3783: Clean accuracy 0.7608 | Adv accuracy: 0.0000 
2026-02-09 02:50:37,810 - ADV_Generation_eps_1.0_steps_100 - INFO - Batch:[1342] Adversarial images for this batch already exist
2026-02-09 02:50:37,943 - ADV_Generation_eps_1.0_steps_100 - INFO - Batch 1343/3783: Clean accuracy 0.7610 | Adv accuracy: 0.0000 
2026-02-09 02:50:37,944 - ADV_Generation_eps_1.0_steps_100 - INFO - Batch:[1343] Adversarial images for this batch already exist
2026-02-09 02:50:38,078 - ADV_Generation_eps_1.0_steps_100 - INFO - Batch 1344/3783: Clean accuracy 0.7612 | Adv accuracy: 0.0000 
2026-02-09 02:50:38,079 - ADV_Generation_eps_1.0_steps_100 - INFO - Batch:[1344] Adversarial images for this batch already exist
2026-02-09 02:50:38,242 - ADV_Generation_eps_1.0_steps_100 - INFO - Batch 1345/3783: Clean accuracy 0.7613 | Adv accuracy: 0.0000 
2026-02-09 02:50:38,243 - ADV_Generation_eps_1.0_steps_100 - INFO - Batch:[1345] Adversarial images for this batch already exist
2026-02-09 02:50:38,385 - ADV_Generation_eps_1.0_steps_100 - INFO - Batch 1346/3783: Clean accuracy 0.7615 | Adv accuracy: 0.0000 
2026-02-09 02:50:38,386 - ADV_Generation_eps_1.0_steps_100 - INFO - Batch:[1346] Adversarial images for this batch already exist
2026-02-09 02:50:38,524 - ADV_Generation_eps_1.0_steps_100 - INFO - Batch 1347/3783: Clean accuracy 0.7617 | Adv accuracy: 0.0000 
2026-02-09 02:50:38,525 - ADV_Generation_eps_1.0_steps_100 - INFO - Batch:[1347] Adversarial images for this batch already exist
2026-02-09 02:50:38,666 - ADV_Generation_eps_1.0_steps_100 - INFO - Batch 1348/3783: Clean accuracy 0.7619 | Adv accuracy: 0.0000 
2026-02-09 02:50:38,667 - ADV_Generation_eps_1.0_steps_100 - INFO - Batch:[1348] Adversarial images for this batch already exist
2026-02-09 02:50:38,817 - ADV_Generation_eps_1.0_steps_100 - INFO - Batch 1349/3783: Clean accuracy 0.7620 | Adv accuracy: 0.0000 
2026-02-09 02:50:38,818 - ADV_Generation_eps_1.0_steps_100 - INFO - Batch:[1349] Adversarial images for this batch already exist
2026-02-09 02:50:38,959 - ADV_Generation_eps_1.0_steps_100 - INFO - Batch 1350/3783: Clean accuracy 0.7622 | Adv accuracy: 0.0000 
2026-02-09 02:50:38,961 - ADV_Generation_eps_1.0_steps_100 - INFO - Batch:[1350] Adversarial images for this batch already exist
2026-02-09 02:50:39,099 - ADV_Generation_eps_1.0_steps_100 - INFO - Batch 1351/3783: Clean accuracy 0.7624 | Adv accuracy: 0.0000 
2026-02-09 02:50:39,100 - ADV_Generation_eps_1.0_steps_100 - INFO - Batch:[1351] Adversarial images for this batch already exist
2026-02-09 02:50:39,240 - ADV_Generation_eps_1.0_steps_100 - INFO - Batch 1352/3783: Clean accuracy 0.7626 | Adv accuracy: 0.0000 
2026-02-09 02:50:39,240 - ADV_Generation_eps_1.0_steps_100 - INFO - Batch:[1352] Adversarial images for this batch already exist
2026-02-09 02:50:39,383 - ADV_Generation_eps_1.0_steps_100 - INFO - Batch 1353/3783: Clean accuracy 0.7627 | Adv accuracy: 0.0000 
2026-02-09 02:50:39,384 - ADV_Generation_eps_1.0_steps_100 - INFO - Batch:[1353] Adversarial images for this batch already exist
2026-02-09 02:50:39,521 - ADV_Generation_eps_1.0_steps_100 - INFO - Batch 1354/3783: Clean accuracy 0.7629 | Adv accuracy: 0.0000 
2026-02-09 02:50:39,523 - ADV_Generation_eps_1.0_steps_100 - INFO - Batch:[1354] Adversarial images for this batch already exist
2026-02-09 02:50:39,659 - ADV_Generation_eps_1.0_steps_100 - INFO - Batch 1355/3783: Clean accuracy 0.7631 | Adv accuracy: 0.0000 
2026-02-09 02:50:39,660 - ADV_Generation_eps_1.0_steps_100 - INFO - Batch:[1355] Adversarial images for this batch already exist
2026-02-09 02:50:39,800 - ADV_Generation_eps_1.0_steps_100 - INFO - Batch 1356/3783: Clean accuracy 0.7633 | Adv accuracy: 0.0000 
2026-02-09 02:50:39,801 - ADV_Generation_eps_1.0_steps_100 - INFO - Batch:[1356] Adversarial images for this batch already exist
2026-02-09 02:50:39,975 - ADV_Generation_eps_1.0_steps_100 - INFO - Batch 1357/3783: Clean accuracy 0.7634 | Adv accuracy: 0.0000 
2026-02-09 02:50:39,976 - ADV_Generation_eps_1.0_steps_100 - INFO - Batch:[1357] Adversarial images for this batch already exist
2026-02-09 02:50:40,118 - ADV_Generation_eps_1.0_steps_100 - INFO - Batch 1358/3783: Clean accuracy 0.7636 | Adv accuracy: 0.0000 
2026-02-09 02:50:40,119 - ADV_Generation_eps_1.0_steps_100 - INFO - Batch:[1358] Adversarial images for this batch already exist
2026-02-09 02:50:40,258 - ADV_Generation_eps_1.0_steps_100 - INFO - Batch 1359/3783: Clean accuracy 0.7638 | Adv accuracy: 0.0000 
2026-02-09 02:50:40,259 - ADV_Generation_eps_1.0_steps_100 - INFO - Batch:[1359] Adversarial images for this batch already exist
2026-02-09 02:50:40,398 - ADV_Generation_eps_1.0_steps_100 - INFO - Batch 1360/3783: Clean accuracy 0.7640 | Adv accuracy: 0.0000 
2026-02-09 02:50:40,399 - ADV_Generation_eps_1.0_steps_100 - INFO - Batch:[1360] Adversarial images for this batch already exist
2026-02-09 02:50:40,556 - ADV_Generation_eps_1.0_steps_100 - INFO - Batch 1361/3783: Clean accuracy 0.7641 | Adv accuracy: 0.0000 
2026-02-09 02:50:40,557 - ADV_Generation_eps_1.0_steps_100 - INFO - Batch:[1361] Adversarial images for this batch already exist
2026-02-09 02:50:40,710 - ADV_Generation_eps_1.0_steps_100 - INFO - Batch 1362/3783: Clean accuracy 0.7643 | Adv accuracy: 0.0000 
2026-02-09 02:50:40,711 - ADV_Generation_eps_1.0_steps_100 - INFO - Batch:[1362] Adversarial images for this batch already exist
2026-02-09 02:50:40,853 - ADV_Generation_eps_1.0_steps_100 - INFO - Batch 1363/3783: Clean accuracy 0.7645 | Adv accuracy: 0.0000 
2026-02-09 02:50:40,854 - ADV_Generation_eps_1.0_steps_100 - INFO - Batch:[1363] Adversarial images for this batch already exist
2026-02-09 02:50:40,996 - ADV_Generation_eps_1.0_steps_100 - INFO - Batch 1364/3783: Clean accuracy 0.7647 | Adv accuracy: 0.0000 
2026-02-09 02:50:40,997 - ADV_Generation_eps_1.0_steps_100 - INFO - Batch:[1364] Adversarial images for this batch already exist
2026-02-09 02:50:41,134 - ADV_Generation_eps_1.0_steps_100 - INFO - Batch 1365/3783: Clean accuracy 0.7648 | Adv accuracy: 0.0000 
2026-02-09 02:50:41,136 - ADV_Generation_eps_1.0_steps_100 - INFO - Batch:[1365] Adversarial images for this batch already exist
2026-02-09 02:50:41,275 - ADV_Generation_eps_1.0_steps_100 - INFO - Batch 1366/3783: Clean accuracy 0.7650 | Adv accuracy: 0.0000 
2026-02-09 02:50:41,276 - ADV_Generation_eps_1.0_steps_100 - INFO - Batch:[1366] Adversarial images for this batch already exist
2026-02-09 02:50:41,413 - ADV_Generation_eps_1.0_steps_100 - INFO - Batch 1367/3783: Clean accuracy 0.7652 | Adv accuracy: 0.0000 
2026-02-09 02:50:41,414 - ADV_Generation_eps_1.0_steps_100 - INFO - Batch:[1367] Adversarial images for this batch already exist
2026-02-09 02:50:41,552 - ADV_Generation_eps_1.0_steps_100 - INFO - Batch 1368/3783: Clean accuracy 0.7654 | Adv accuracy: 0.0000 
2026-02-09 02:50:41,553 - ADV_Generation_eps_1.0_steps_100 - INFO - Batch:[1368] Adversarial images for this batch already exist
2026-02-09 02:50:41,688 - ADV_Generation_eps_1.0_steps_100 - INFO - Batch 1369/3783: Clean accuracy 0.7655 | Adv accuracy: 0.0000 
2026-02-09 02:50:41,689 - ADV_Generation_eps_1.0_steps_100 - INFO - Batch:[1369] Adversarial images for this batch already exist
2026-02-09 02:50:41,829 - ADV_Generation_eps_1.0_steps_100 - INFO - Batch 1370/3783: Clean accuracy 0.7657 | Adv accuracy: 0.0000 
2026-02-09 02:50:41,830 - ADV_Generation_eps_1.0_steps_100 - INFO - Batch:[1370] Adversarial images for this batch already exist
2026-02-09 02:50:41,970 - ADV_Generation_eps_1.0_steps_100 - INFO - Batch 1371/3783: Clean accuracy 0.7659 | Adv accuracy: 0.0000 
2026-02-09 02:50:41,971 - ADV_Generation_eps_1.0_steps_100 - INFO - Batch:[1371] Adversarial images for this batch already exist
2026-02-09 02:50:42,106 - ADV_Generation_eps_1.0_steps_100 - INFO - Batch 1372/3783: Clean accuracy 0.7660 | Adv accuracy: 0.0000 
2026-02-09 02:50:42,107 - ADV_Generation_eps_1.0_steps_100 - INFO - Batch:[1372] Adversarial images for this batch already exist
2026-02-09 02:50:42,247 - ADV_Generation_eps_1.0_steps_100 - INFO - Batch 1373/3783: Clean accuracy 0.7662 | Adv accuracy: 0.0000 
2026-02-09 02:50:42,248 - ADV_Generation_eps_1.0_steps_100 - INFO - Batch:[1373] Adversarial images for this batch already exist
2026-02-09 02:50:42,387 - ADV_Generation_eps_1.0_steps_100 - INFO - Batch 1374/3783: Clean accuracy 0.7664 | Adv accuracy: 0.0000 
2026-02-09 02:50:42,389 - ADV_Generation_eps_1.0_steps_100 - INFO - Batch:[1374] Adversarial images for this batch already exist
2026-02-09 02:50:42,525 - ADV_Generation_eps_1.0_steps_100 - INFO - Batch 1375/3783: Clean accuracy 0.7665 | Adv accuracy: 0.0000 
2026-02-09 02:50:42,526 - ADV_Generation_eps_1.0_steps_100 - INFO - Batch:[1375] Adversarial images for this batch already exist
2026-02-09 02:50:42,666 - ADV_Generation_eps_1.0_steps_100 - INFO - Batch 1376/3783: Clean accuracy 0.7667 | Adv accuracy: 0.0000 
2026-02-09 02:50:42,666 - ADV_Generation_eps_1.0_steps_100 - INFO - Batch:[1376] Adversarial images for this batch already exist
2026-02-09 02:50:42,802 - ADV_Generation_eps_1.0_steps_100 - INFO - Batch 1377/3783: Clean accuracy 0.7662 | Adv accuracy: 0.0000 
2026-02-09 02:50:42,803 - ADV_Generation_eps_1.0_steps_100 - INFO - Batch:[1377] Adversarial images for this batch already exist
2026-02-09 02:50:42,950 - ADV_Generation_eps_1.0_steps_100 - INFO - Batch 1378/3783: Clean accuracy 0.7656 | Adv accuracy: 0.0000 
2026-02-09 02:50:42,951 - ADV_Generation_eps_1.0_steps_100 - INFO - Batch:[1378] Adversarial images for this batch already exist
2026-02-09 02:50:43,090 - ADV_Generation_eps_1.0_steps_100 - INFO - Batch 1379/3783: Clean accuracy 0.7650 | Adv accuracy: 0.0000 
2026-02-09 02:50:43,091 - ADV_Generation_eps_1.0_steps_100 - INFO - Batch:[1379] Adversarial images for this batch already exist
2026-02-09 02:50:43,235 - ADV_Generation_eps_1.0_steps_100 - INFO - Batch 1380/3783: Clean accuracy 0.7652 | Adv accuracy: 0.0000 
2026-02-09 02:50:43,236 - ADV_Generation_eps_1.0_steps_100 - INFO - Batch:[1380] Adversarial images for this batch already exist
2026-02-09 02:50:43,373 - ADV_Generation_eps_1.0_steps_100 - INFO - Batch 1381/3783: Clean accuracy 0.7654 | Adv accuracy: 0.0000 
2026-02-09 02:50:43,374 - ADV_Generation_eps_1.0_steps_100 - INFO - Batch:[1381] Adversarial images for this batch already exist
2026-02-09 02:50:43,509 - ADV_Generation_eps_1.0_steps_100 - INFO - Batch 1382/3783: Clean accuracy 0.7656 | Adv accuracy: 0.0000 
2026-02-09 02:50:43,510 - ADV_Generation_eps_1.0_steps_100 - INFO - Batch:[1382] Adversarial images for this batch already exist
2026-02-09 02:50:43,665 - ADV_Generation_eps_1.0_steps_100 - INFO - Batch 1383/3783: Clean accuracy 0.7657 | Adv accuracy: 0.0000 
2026-02-09 02:50:43,666 - ADV_Generation_eps_1.0_steps_100 - INFO - Batch:[1383] Adversarial images for this batch already exist
2026-02-09 02:50:43,806 - ADV_Generation_eps_1.0_steps_100 - INFO - Batch 1384/3783: Clean accuracy 0.7659 | Adv accuracy: 0.0000 
2026-02-09 02:50:43,807 - ADV_Generation_eps_1.0_steps_100 - INFO - Batch:[1384] Adversarial images for this batch already exist
2026-02-09 02:50:43,945 - ADV_Generation_eps_1.0_steps_100 - INFO - Batch 1385/3783: Clean accuracy 0.7661 | Adv accuracy: 0.0000 
2026-02-09 02:50:43,946 - ADV_Generation_eps_1.0_steps_100 - INFO - Batch:[1385] Adversarial images for this batch already exist
2026-02-09 02:50:44,087 - ADV_Generation_eps_1.0_steps_100 - INFO - Batch 1386/3783: Clean accuracy 0.7662 | Adv accuracy: 0.0000 
2026-02-09 02:50:44,088 - ADV_Generation_eps_1.0_steps_100 - INFO - Batch:[1386] Adversarial images for this batch already exist
2026-02-09 02:50:44,227 - ADV_Generation_eps_1.0_steps_100 - INFO - Batch 1387/3783: Clean accuracy 0.7664 | Adv accuracy: 0.0000 
2026-02-09 02:50:44,228 - ADV_Generation_eps_1.0_steps_100 - INFO - Batch:[1387] Adversarial images for this batch already exist
2026-02-09 02:50:44,365 - ADV_Generation_eps_1.0_steps_100 - INFO - Batch 1388/3783: Clean accuracy 0.7659 | Adv accuracy: 0.0000 
2026-02-09 02:50:44,366 - ADV_Generation_eps_1.0_steps_100 - INFO - Batch:[1388] Adversarial images for this batch already exist
2026-02-09 02:50:44,502 - ADV_Generation_eps_1.0_steps_100 - INFO - Batch 1389/3783: Clean accuracy 0.7653 | Adv accuracy: 0.0000 
2026-02-09 02:50:44,503 - ADV_Generation_eps_1.0_steps_100 - INFO - Batch:[1389] Adversarial images for this batch already exist
2026-02-09 02:50:44,644 - ADV_Generation_eps_1.0_steps_100 - INFO - Batch 1390/3783: Clean accuracy 0.7647 | Adv accuracy: 0.0000 
2026-02-09 02:50:44,645 - ADV_Generation_eps_1.0_steps_100 - INFO - Batch:[1390] Adversarial images for this batch already exist
2026-02-09 02:50:44,779 - ADV_Generation_eps_1.0_steps_100 - INFO - Batch 1391/3783: Clean accuracy 0.7642 | Adv accuracy: 0.0000 
2026-02-09 02:50:44,780 - ADV_Generation_eps_1.0_steps_100 - INFO - Batch:[1391] Adversarial images for this batch already exist
2026-02-09 02:50:44,916 - ADV_Generation_eps_1.0_steps_100 - INFO - Batch 1392/3783: Clean accuracy 0.7636 | Adv accuracy: 0.0000 
2026-02-09 02:50:44,916 - ADV_Generation_eps_1.0_steps_100 - INFO - Batch:[1392] Adversarial images for this batch already exist
2026-02-09 02:50:45,054 - ADV_Generation_eps_1.0_steps_100 - INFO - Batch 1393/3783: Clean accuracy 0.7631 | Adv accuracy: 0.0000 
2026-02-09 02:50:45,055 - ADV_Generation_eps_1.0_steps_100 - INFO - Batch:[1393] Adversarial images for this batch already exist
2026-02-09 02:50:45,207 - ADV_Generation_eps_1.0_steps_100 - INFO - Batch 1394/3783: Clean accuracy 0.7633 | Adv accuracy: 0.0000 
2026-02-09 02:50:45,208 - ADV_Generation_eps_1.0_steps_100 - INFO - Batch:[1394] Adversarial images for this batch already exist
2026-02-09 02:50:45,348 - ADV_Generation_eps_1.0_steps_100 - INFO - Batch 1395/3783: Clean accuracy 0.7627 | Adv accuracy: 0.0000 
2026-02-09 02:50:45,349 - ADV_Generation_eps_1.0_steps_100 - INFO - Batch:[1395] Adversarial images for this batch already exist
2026-02-09 02:50:45,491 - ADV_Generation_eps_1.0_steps_100 - INFO - Batch 1396/3783: Clean accuracy 0.7629 | Adv accuracy: 0.0000 
2026-02-09 02:50:45,492 - ADV_Generation_eps_1.0_steps_100 - INFO - Batch:[1396] Adversarial images for this batch already exist
2026-02-09 02:50:45,638 - ADV_Generation_eps_1.0_steps_100 - INFO - Batch 1397/3783: Clean accuracy 0.7631 | Adv accuracy: 0.0000 
2026-02-09 02:50:45,639 - ADV_Generation_eps_1.0_steps_100 - INFO - Batch:[1397] Adversarial images for this batch already exist
2026-02-09 02:50:45,773 - ADV_Generation_eps_1.0_steps_100 - INFO - Batch 1398/3783: Clean accuracy 0.7632 | Adv accuracy: 0.0000 
2026-02-09 02:50:45,774 - ADV_Generation_eps_1.0_steps_100 - INFO - Batch:[1398] Adversarial images for this batch already exist
2026-02-09 02:50:45,963 - ADV_Generation_eps_1.0_steps_100 - INFO - Batch 1399/3783: Clean accuracy 0.7634 | Adv accuracy: 0.0000 
2026-02-09 02:50:45,964 - ADV_Generation_eps_1.0_steps_100 - INFO - Batch:[1399] Adversarial images for this batch already exist
2026-02-09 02:50:46,104 - ADV_Generation_eps_1.0_steps_100 - INFO - Batch 1400/3783: Clean accuracy 0.7636 | Adv accuracy: 0.0000 
2026-02-09 02:50:46,105 - ADV_Generation_eps_1.0_steps_100 - INFO - Batch:[1400] Adversarial images for this batch already exist
2026-02-09 02:50:46,260 - ADV_Generation_eps_1.0_steps_100 - INFO - Batch 1401/3783: Clean accuracy 0.7637 | Adv accuracy: 0.0000 
2026-02-09 02:50:46,261 - ADV_Generation_eps_1.0_steps_100 - INFO - Batch:[1401] Adversarial images for this batch already exist
2026-02-09 02:50:46,399 - ADV_Generation_eps_1.0_steps_100 - INFO - Batch 1402/3783: Clean accuracy 0.7639 | Adv accuracy: 0.0000 
2026-02-09 02:50:46,400 - ADV_Generation_eps_1.0_steps_100 - INFO - Batch:[1402] Adversarial images for this batch already exist
2026-02-09 02:50:46,539 - ADV_Generation_eps_1.0_steps_100 - INFO - Batch 1403/3783: Clean accuracy 0.7641 | Adv accuracy: 0.0000 
2026-02-09 02:50:46,540 - ADV_Generation_eps_1.0_steps_100 - INFO - Batch:[1403] Adversarial images for this batch already exist
2026-02-09 02:50:46,676 - ADV_Generation_eps_1.0_steps_100 - INFO - Batch 1404/3783: Clean accuracy 0.7635 | Adv accuracy: 0.0000 
2026-02-09 02:50:46,677 - ADV_Generation_eps_1.0_steps_100 - INFO - Batch:[1404] Adversarial images for this batch already exist
2026-02-09 02:50:46,813 - ADV_Generation_eps_1.0_steps_100 - INFO - Batch 1405/3783: Clean accuracy 0.7630 | Adv accuracy: 0.0000 
2026-02-09 02:50:46,814 - ADV_Generation_eps_1.0_steps_100 - INFO - Batch:[1405] Adversarial images for this batch already exist
2026-02-09 02:50:46,953 - ADV_Generation_eps_1.0_steps_100 - INFO - Batch 1406/3783: Clean accuracy 0.7632 | Adv accuracy: 0.0000 
2026-02-09 02:50:46,954 - ADV_Generation_eps_1.0_steps_100 - INFO - Batch:[1406] Adversarial images for this batch already exist
2026-02-09 02:50:47,101 - ADV_Generation_eps_1.0_steps_100 - INFO - Batch 1407/3783: Clean accuracy 0.7626 | Adv accuracy: 0.0000 
2026-02-09 02:50:47,102 - ADV_Generation_eps_1.0_steps_100 - INFO - Batch:[1407] Adversarial images for this batch already exist
2026-02-09 02:50:47,235 - ADV_Generation_eps_1.0_steps_100 - INFO - Batch 1408/3783: Clean accuracy 0.7628 | Adv accuracy: 0.0000 
2026-02-09 02:50:47,235 - ADV_Generation_eps_1.0_steps_100 - INFO - Batch:[1408] Adversarial images for this batch already exist
2026-02-09 02:50:47,382 - ADV_Generation_eps_1.0_steps_100 - INFO - Batch 1409/3783: Clean accuracy 0.7630 | Adv accuracy: 0.0000 
2026-02-09 02:50:47,383 - ADV_Generation_eps_1.0_steps_100 - INFO - Batch:[1409] Adversarial images for this batch already exist
2026-02-09 02:50:47,530 - ADV_Generation_eps_1.0_steps_100 - INFO - Batch 1410/3783: Clean accuracy 0.7624 | Adv accuracy: 0.0000 
2026-02-09 02:50:47,531 - ADV_Generation_eps_1.0_steps_100 - INFO - Batch:[1410] Adversarial images for this batch already exist
2026-02-09 02:50:47,671 - ADV_Generation_eps_1.0_steps_100 - INFO - Batch 1411/3783: Clean accuracy 0.7626 | Adv accuracy: 0.0000 
2026-02-09 02:50:47,672 - ADV_Generation_eps_1.0_steps_100 - INFO - Batch:[1411] Adversarial images for this batch already exist
2026-02-09 02:50:47,826 - ADV_Generation_eps_1.0_steps_100 - INFO - Batch 1412/3783: Clean accuracy 0.7627 | Adv accuracy: 0.0000 
2026-02-09 02:50:47,827 - ADV_Generation_eps_1.0_steps_100 - INFO - Batch:[1412] Adversarial images for this batch already exist
2026-02-09 02:50:47,966 - ADV_Generation_eps_1.0_steps_100 - INFO - Batch 1413/3783: Clean accuracy 0.7629 | Adv accuracy: 0.0000 
2026-02-09 02:50:47,967 - ADV_Generation_eps_1.0_steps_100 - INFO - Batch:[1413] Adversarial images for this batch already exist
2026-02-09 02:50:48,124 - ADV_Generation_eps_1.0_steps_100 - INFO - Batch 1414/3783: Clean accuracy 0.7631 | Adv accuracy: 0.0000 
2026-02-09 02:50:48,125 - ADV_Generation_eps_1.0_steps_100 - INFO - Batch:[1414] Adversarial images for this batch already exist
2026-02-09 02:50:48,269 - ADV_Generation_eps_1.0_steps_100 - INFO - Batch 1415/3783: Clean accuracy 0.7625 | Adv accuracy: 0.0000 
2026-02-09 02:50:48,270 - ADV_Generation_eps_1.0_steps_100 - INFO - Batch:[1415] Adversarial images for this batch already exist
2026-02-09 02:50:48,405 - ADV_Generation_eps_1.0_steps_100 - INFO - Batch 1416/3783: Clean accuracy 0.7627 | Adv accuracy: 0.0000 
2026-02-09 02:50:48,406 - ADV_Generation_eps_1.0_steps_100 - INFO - Batch:[1416] Adversarial images for this batch already exist
2026-02-09 02:50:48,544 - ADV_Generation_eps_1.0_steps_100 - INFO - Batch 1417/3783: Clean accuracy 0.7629 | Adv accuracy: 0.0000 
2026-02-09 02:50:48,545 - ADV_Generation_eps_1.0_steps_100 - INFO - Batch:[1417] Adversarial images for this batch already exist
2026-02-09 02:50:48,683 - ADV_Generation_eps_1.0_steps_100 - INFO - Batch 1418/3783: Clean accuracy 0.7630 | Adv accuracy: 0.0000 
2026-02-09 02:50:48,684 - ADV_Generation_eps_1.0_steps_100 - INFO - Batch:[1418] Adversarial images for this batch already exist
2026-02-09 02:50:48,819 - ADV_Generation_eps_1.0_steps_100 - INFO - Batch 1419/3783: Clean accuracy 0.7632 | Adv accuracy: 0.0000 
2026-02-09 02:50:48,820 - ADV_Generation_eps_1.0_steps_100 - INFO - Batch:[1419] Adversarial images for this batch already exist
2026-02-09 02:50:48,960 - ADV_Generation_eps_1.0_steps_100 - INFO - Batch 1420/3783: Clean accuracy 0.7634 | Adv accuracy: 0.0000 
2026-02-09 02:50:48,961 - ADV_Generation_eps_1.0_steps_100 - INFO - Batch:[1420] Adversarial images for this batch already exist
2026-02-09 02:50:49,097 - ADV_Generation_eps_1.0_steps_100 - INFO - Batch 1421/3783: Clean accuracy 0.7628 | Adv accuracy: 0.0000 
2026-02-09 02:50:49,098 - ADV_Generation_eps_1.0_steps_100 - INFO - Batch:[1421] Adversarial images for this batch already exist
2026-02-09 02:50:49,240 - ADV_Generation_eps_1.0_steps_100 - INFO - Batch 1422/3783: Clean accuracy 0.7623 | Adv accuracy: 0.0000 
2026-02-09 02:50:49,241 - ADV_Generation_eps_1.0_steps_100 - INFO - Batch:[1422] Adversarial images for this batch already exist
2026-02-09 02:50:49,376 - ADV_Generation_eps_1.0_steps_100 - INFO - Batch 1423/3783: Clean accuracy 0.7618 | Adv accuracy: 0.0000 
2026-02-09 02:50:49,377 - ADV_Generation_eps_1.0_steps_100 - INFO - Batch:[1423] Adversarial images for this batch already exist
2026-02-09 02:50:49,532 - ADV_Generation_eps_1.0_steps_100 - INFO - Batch 1424/3783: Clean accuracy 0.7612 | Adv accuracy: 0.0000 
2026-02-09 02:50:49,533 - ADV_Generation_eps_1.0_steps_100 - INFO - Batch:[1424] Adversarial images for this batch already exist
2026-02-09 02:50:49,670 - ADV_Generation_eps_1.0_steps_100 - INFO - Batch 1425/3783: Clean accuracy 0.7607 | Adv accuracy: 0.0000 
2026-02-09 02:50:49,671 - ADV_Generation_eps_1.0_steps_100 - INFO - Batch:[1425] Adversarial images for this batch already exist
2026-02-09 02:50:49,809 - ADV_Generation_eps_1.0_steps_100 - INFO - Batch 1426/3783: Clean accuracy 0.7602 | Adv accuracy: 0.0000 
2026-02-09 02:50:49,810 - ADV_Generation_eps_1.0_steps_100 - INFO - Batch:[1426] Adversarial images for this batch already exist
2026-02-09 02:50:49,946 - ADV_Generation_eps_1.0_steps_100 - INFO - Batch 1427/3783: Clean accuracy 0.7603 | Adv accuracy: 0.0000 
2026-02-09 02:50:49,947 - ADV_Generation_eps_1.0_steps_100 - INFO - Batch:[1427] Adversarial images for this batch already exist
2026-02-09 02:50:50,086 - ADV_Generation_eps_1.0_steps_100 - INFO - Batch 1428/3783: Clean accuracy 0.7605 | Adv accuracy: 0.0000 
2026-02-09 02:50:50,087 - ADV_Generation_eps_1.0_steps_100 - INFO - Batch:[1428] Adversarial images for this batch already exist
2026-02-09 02:50:50,229 - ADV_Generation_eps_1.0_steps_100 - INFO - Batch 1429/3783: Clean accuracy 0.7607 | Adv accuracy: 0.0000 
2026-02-09 02:50:50,230 - ADV_Generation_eps_1.0_steps_100 - INFO - Batch:[1429] Adversarial images for this batch already exist
2026-02-09 02:50:50,364 - ADV_Generation_eps_1.0_steps_100 - INFO - Batch 1430/3783: Clean accuracy 0.7608 | Adv accuracy: 0.0000 
2026-02-09 02:50:50,365 - ADV_Generation_eps_1.0_steps_100 - INFO - Batch:[1430] Adversarial images for this batch already exist
2026-02-09 02:50:50,504 - ADV_Generation_eps_1.0_steps_100 - INFO - Batch 1431/3783: Clean accuracy 0.7610 | Adv accuracy: 0.0000 
2026-02-09 02:50:50,505 - ADV_Generation_eps_1.0_steps_100 - INFO - Batch:[1431] Adversarial images for this batch already exist
2026-02-09 02:50:50,645 - ADV_Generation_eps_1.0_steps_100 - INFO - Batch 1432/3783: Clean accuracy 0.7612 | Adv accuracy: 0.0000 
2026-02-09 02:50:50,646 - ADV_Generation_eps_1.0_steps_100 - INFO - Batch:[1432] Adversarial images for this batch already exist
2026-02-09 02:50:50,785 - ADV_Generation_eps_1.0_steps_100 - INFO - Batch 1433/3783: Clean accuracy 0.7606 | Adv accuracy: 0.0000 
2026-02-09 02:50:50,786 - ADV_Generation_eps_1.0_steps_100 - INFO - Batch:[1433] Adversarial images for this batch already exist
2026-02-09 02:50:50,924 - ADV_Generation_eps_1.0_steps_100 - INFO - Batch 1434/3783: Clean accuracy 0.7601 | Adv accuracy: 0.0000 
2026-02-09 02:50:50,924 - ADV_Generation_eps_1.0_steps_100 - INFO - Batch:[1434] Adversarial images for this batch already exist
2026-02-09 02:50:51,062 - ADV_Generation_eps_1.0_steps_100 - INFO - Batch 1435/3783: Clean accuracy 0.7603 | Adv accuracy: 0.0000 
2026-02-09 02:50:51,063 - ADV_Generation_eps_1.0_steps_100 - INFO - Batch:[1435] Adversarial images for this batch already exist
2026-02-09 02:50:51,204 - ADV_Generation_eps_1.0_steps_100 - INFO - Batch 1436/3783: Clean accuracy 0.7604 | Adv accuracy: 0.0000 
2026-02-09 02:50:51,205 - ADV_Generation_eps_1.0_steps_100 - INFO - Batch:[1436] Adversarial images for this batch already exist
2026-02-09 02:50:51,345 - ADV_Generation_eps_1.0_steps_100 - INFO - Batch 1437/3783: Clean accuracy 0.7599 | Adv accuracy: 0.0000 
2026-02-09 02:50:51,346 - ADV_Generation_eps_1.0_steps_100 - INFO - Batch:[1437] Adversarial images for this batch already exist
2026-02-09 02:50:51,484 - ADV_Generation_eps_1.0_steps_100 - INFO - Batch 1438/3783: Clean accuracy 0.7601 | Adv accuracy: 0.0000 
2026-02-09 02:50:51,485 - ADV_Generation_eps_1.0_steps_100 - INFO - Batch:[1438] Adversarial images for this batch already exist
2026-02-09 02:50:51,628 - ADV_Generation_eps_1.0_steps_100 - INFO - Batch 1439/3783: Clean accuracy 0.7603 | Adv accuracy: 0.0000 
2026-02-09 02:50:51,629 - ADV_Generation_eps_1.0_steps_100 - INFO - Batch:[1439] Adversarial images for this batch already exist
2026-02-09 02:50:51,771 - ADV_Generation_eps_1.0_steps_100 - INFO - Batch 1440/3783: Clean accuracy 0.7604 | Adv accuracy: 0.0000 
2026-02-09 02:50:51,771 - ADV_Generation_eps_1.0_steps_100 - INFO - Batch:[1440] Adversarial images for this batch already exist
2026-02-09 02:50:51,914 - ADV_Generation_eps_1.0_steps_100 - INFO - Batch 1441/3783: Clean accuracy 0.7606 | Adv accuracy: 0.0000 
2026-02-09 02:50:51,915 - ADV_Generation_eps_1.0_steps_100 - INFO - Batch:[1441] Adversarial images for this batch already exist
2026-02-09 02:50:52,049 - ADV_Generation_eps_1.0_steps_100 - INFO - Batch 1442/3783: Clean accuracy 0.7607 | Adv accuracy: 0.0000 
2026-02-09 02:50:52,050 - ADV_Generation_eps_1.0_steps_100 - INFO - Batch:[1442] Adversarial images for this batch already exist
2026-02-09 02:50:52,185 - ADV_Generation_eps_1.0_steps_100 - INFO - Batch 1443/3783: Clean accuracy 0.7609 | Adv accuracy: 0.0000 
2026-02-09 02:50:52,186 - ADV_Generation_eps_1.0_steps_100 - INFO - Batch:[1443] Adversarial images for this batch already exist
2026-02-09 02:50:52,326 - ADV_Generation_eps_1.0_steps_100 - INFO - Batch 1444/3783: Clean accuracy 0.7611 | Adv accuracy: 0.0000 
2026-02-09 02:50:52,327 - ADV_Generation_eps_1.0_steps_100 - INFO - Batch:[1444] Adversarial images for this batch already exist
2026-02-09 02:50:52,519 - ADV_Generation_eps_1.0_steps_100 - INFO - Batch 1445/3783: Clean accuracy 0.7612 | Adv accuracy: 0.0000 
2026-02-09 02:50:52,520 - ADV_Generation_eps_1.0_steps_100 - INFO - Batch:[1445] Adversarial images for this batch already exist
2026-02-09 02:50:52,659 - ADV_Generation_eps_1.0_steps_100 - INFO - Batch 1446/3783: Clean accuracy 0.7614 | Adv accuracy: 0.0000 
2026-02-09 02:50:52,660 - ADV_Generation_eps_1.0_steps_100 - INFO - Batch:[1446] Adversarial images for this batch already exist
2026-02-09 02:50:52,800 - ADV_Generation_eps_1.0_steps_100 - INFO - Batch 1447/3783: Clean accuracy 0.7616 | Adv accuracy: 0.0000 
2026-02-09 02:50:52,801 - ADV_Generation_eps_1.0_steps_100 - INFO - Batch:[1447] Adversarial images for this batch already exist
2026-02-09 02:50:52,950 - ADV_Generation_eps_1.0_steps_100 - INFO - Batch 1448/3783: Clean accuracy 0.7617 | Adv accuracy: 0.0000 
2026-02-09 02:50:52,950 - ADV_Generation_eps_1.0_steps_100 - INFO - Batch:[1448] Adversarial images for this batch already exist
2026-02-09 02:50:53,132 - ADV_Generation_eps_1.0_steps_100 - INFO - Batch 1449/3783: Clean accuracy 0.7619 | Adv accuracy: 0.0000 
2026-02-09 02:50:53,133 - ADV_Generation_eps_1.0_steps_100 - INFO - Batch:[1449] Adversarial images for this batch already exist
2026-02-09 02:50:53,320 - ADV_Generation_eps_1.0_steps_100 - INFO - Batch 1450/3783: Clean accuracy 0.7621 | Adv accuracy: 0.0000 
2026-02-09 02:50:53,321 - ADV_Generation_eps_1.0_steps_100 - INFO - Batch:[1450] Adversarial images for this batch already exist
2026-02-09 02:50:53,457 - ADV_Generation_eps_1.0_steps_100 - INFO - Batch 1451/3783: Clean accuracy 0.7622 | Adv accuracy: 0.0000 
2026-02-09 02:50:53,458 - ADV_Generation_eps_1.0_steps_100 - INFO - Batch:[1451] Adversarial images for this batch already exist
2026-02-09 02:50:53,596 - ADV_Generation_eps_1.0_steps_100 - INFO - Batch 1452/3783: Clean accuracy 0.7624 | Adv accuracy: 0.0000 
2026-02-09 02:50:53,597 - ADV_Generation_eps_1.0_steps_100 - INFO - Batch:[1452] Adversarial images for this batch already exist
2026-02-09 02:50:53,737 - ADV_Generation_eps_1.0_steps_100 - INFO - Batch 1453/3783: Clean accuracy 0.7626 | Adv accuracy: 0.0000 
2026-02-09 02:50:53,738 - ADV_Generation_eps_1.0_steps_100 - INFO - Batch:[1453] Adversarial images for this batch already exist
2026-02-09 02:50:53,873 - ADV_Generation_eps_1.0_steps_100 - INFO - Batch 1454/3783: Clean accuracy 0.7627 | Adv accuracy: 0.0000 
2026-02-09 02:50:53,874 - ADV_Generation_eps_1.0_steps_100 - INFO - Batch:[1454] Adversarial images for this batch already exist
2026-02-09 02:50:54,013 - ADV_Generation_eps_1.0_steps_100 - INFO - Batch 1455/3783: Clean accuracy 0.7629 | Adv accuracy: 0.0000 
2026-02-09 02:50:54,014 - ADV_Generation_eps_1.0_steps_100 - INFO - Batch:[1455] Adversarial images for this batch already exist
2026-02-09 02:50:54,152 - ADV_Generation_eps_1.0_steps_100 - INFO - Batch 1456/3783: Clean accuracy 0.7630 | Adv accuracy: 0.0000 
2026-02-09 02:50:54,153 - ADV_Generation_eps_1.0_steps_100 - INFO - Batch:[1456] Adversarial images for this batch already exist
2026-02-09 02:50:54,290 - ADV_Generation_eps_1.0_steps_100 - INFO - Batch 1457/3783: Clean accuracy 0.7632 | Adv accuracy: 0.0000 
2026-02-09 02:50:54,291 - ADV_Generation_eps_1.0_steps_100 - INFO - Batch:[1457] Adversarial images for this batch already exist
2026-02-09 02:50:54,429 - ADV_Generation_eps_1.0_steps_100 - INFO - Batch 1458/3783: Clean accuracy 0.7634 | Adv accuracy: 0.0000 
2026-02-09 02:50:54,430 - ADV_Generation_eps_1.0_steps_100 - INFO - Batch:[1458] Adversarial images for this batch already exist
2026-02-09 02:50:54,596 - ADV_Generation_eps_1.0_steps_100 - INFO - Batch 1459/3783: Clean accuracy 0.7629 | Adv accuracy: 0.0000 
2026-02-09 02:50:54,597 - ADV_Generation_eps_1.0_steps_100 - INFO - Batch:[1459] Adversarial images for this batch already exist
2026-02-09 02:50:54,735 - ADV_Generation_eps_1.0_steps_100 - INFO - Batch 1460/3783: Clean accuracy 0.7630 | Adv accuracy: 0.0000 
2026-02-09 02:50:54,736 - ADV_Generation_eps_1.0_steps_100 - INFO - Batch:[1460] Adversarial images for this batch already exist
2026-02-09 02:50:54,887 - ADV_Generation_eps_1.0_steps_100 - INFO - Batch 1461/3783: Clean accuracy 0.7632 | Adv accuracy: 0.0000 
2026-02-09 02:50:54,887 - ADV_Generation_eps_1.0_steps_100 - INFO - Batch:[1461] Adversarial images for this batch already exist
2026-02-09 02:50:55,025 - ADV_Generation_eps_1.0_steps_100 - INFO - Batch 1462/3783: Clean accuracy 0.7633 | Adv accuracy: 0.0000 
2026-02-09 02:50:55,026 - ADV_Generation_eps_1.0_steps_100 - INFO - Batch:[1462] Adversarial images for this batch already exist
2026-02-09 02:50:55,164 - ADV_Generation_eps_1.0_steps_100 - INFO - Batch 1463/3783: Clean accuracy 0.7635 | Adv accuracy: 0.0000 
2026-02-09 02:50:55,165 - ADV_Generation_eps_1.0_steps_100 - INFO - Batch:[1463] Adversarial images for this batch already exist
2026-02-09 02:50:55,324 - ADV_Generation_eps_1.0_steps_100 - INFO - Batch 1464/3783: Clean accuracy 0.7637 | Adv accuracy: 0.0000 
2026-02-09 02:50:55,325 - ADV_Generation_eps_1.0_steps_100 - INFO - Batch:[1464] Adversarial images for this batch already exist
2026-02-09 02:50:55,459 - ADV_Generation_eps_1.0_steps_100 - INFO - Batch 1465/3783: Clean accuracy 0.7638 | Adv accuracy: 0.0000 
2026-02-09 02:50:55,460 - ADV_Generation_eps_1.0_steps_100 - INFO - Batch:[1465] Adversarial images for this batch already exist
2026-02-09 02:50:55,601 - ADV_Generation_eps_1.0_steps_100 - INFO - Batch 1466/3783: Clean accuracy 0.7633 | Adv accuracy: 0.0000 
2026-02-09 02:50:55,602 - ADV_Generation_eps_1.0_steps_100 - INFO - Batch:[1466] Adversarial images for this batch already exist
2026-02-09 02:50:55,741 - ADV_Generation_eps_1.0_steps_100 - INFO - Batch 1467/3783: Clean accuracy 0.7628 | Adv accuracy: 0.0000 
2026-02-09 02:50:55,742 - ADV_Generation_eps_1.0_steps_100 - INFO - Batch:[1467] Adversarial images for this batch already exist
2026-02-09 02:50:55,880 - ADV_Generation_eps_1.0_steps_100 - INFO - Batch 1468/3783: Clean accuracy 0.7629 | Adv accuracy: 0.0000 
2026-02-09 02:50:55,881 - ADV_Generation_eps_1.0_steps_100 - INFO - Batch:[1468] Adversarial images for this batch already exist
2026-02-09 02:50:56,039 - ADV_Generation_eps_1.0_steps_100 - INFO - Batch 1469/3783: Clean accuracy 0.7631 | Adv accuracy: 0.0000 
2026-02-09 02:50:56,040 - ADV_Generation_eps_1.0_steps_100 - INFO - Batch:[1469] Adversarial images for this batch already exist
2026-02-09 02:50:56,281 - ADV_Generation_eps_1.0_steps_100 - INFO - Batch 1470/3783: Clean accuracy 0.7633 | Adv accuracy: 0.0000 
2026-02-09 02:50:56,282 - ADV_Generation_eps_1.0_steps_100 - INFO - Batch:[1470] Adversarial images for this batch already exist
2026-02-09 02:50:56,415 - ADV_Generation_eps_1.0_steps_100 - INFO - Batch 1471/3783: Clean accuracy 0.7634 | Adv accuracy: 0.0000 
2026-02-09 02:50:56,416 - ADV_Generation_eps_1.0_steps_100 - INFO - Batch:[1471] Adversarial images for this batch already exist
2026-02-09 02:50:56,559 - ADV_Generation_eps_1.0_steps_100 - INFO - Batch 1472/3783: Clean accuracy 0.7636 | Adv accuracy: 0.0000 
2026-02-09 02:50:56,560 - ADV_Generation_eps_1.0_steps_100 - INFO - Batch:[1472] Adversarial images for this batch already exist
2026-02-09 02:50:56,694 - ADV_Generation_eps_1.0_steps_100 - INFO - Batch 1473/3783: Clean accuracy 0.7631 | Adv accuracy: 0.0000 
2026-02-09 02:50:56,695 - ADV_Generation_eps_1.0_steps_100 - INFO - Batch:[1473] Adversarial images for this batch already exist
2026-02-09 02:50:56,834 - ADV_Generation_eps_1.0_steps_100 - INFO - Batch 1474/3783: Clean accuracy 0.7626 | Adv accuracy: 0.0000 
2026-02-09 02:50:56,835 - ADV_Generation_eps_1.0_steps_100 - INFO - Batch:[1474] Adversarial images for this batch already exist
2026-02-09 02:50:56,979 - ADV_Generation_eps_1.0_steps_100 - INFO - Batch 1475/3783: Clean accuracy 0.7620 | Adv accuracy: 0.0000 
2026-02-09 02:50:56,980 - ADV_Generation_eps_1.0_steps_100 - INFO - Batch:[1475] Adversarial images for this batch already exist
2026-02-09 02:50:57,120 - ADV_Generation_eps_1.0_steps_100 - INFO - Batch 1476/3783: Clean accuracy 0.7622 | Adv accuracy: 0.0000 
2026-02-09 02:50:57,121 - ADV_Generation_eps_1.0_steps_100 - INFO - Batch:[1476] Adversarial images for this batch already exist
2026-02-09 02:50:57,265 - ADV_Generation_eps_1.0_steps_100 - INFO - Batch 1477/3783: Clean accuracy 0.7624 | Adv accuracy: 0.0000 
2026-02-09 02:50:57,266 - ADV_Generation_eps_1.0_steps_100 - INFO - Batch:[1477] Adversarial images for this batch already exist
2026-02-09 02:50:57,409 - ADV_Generation_eps_1.0_steps_100 - INFO - Batch 1478/3783: Clean accuracy 0.7618 | Adv accuracy: 0.0000 
2026-02-09 02:50:57,410 - ADV_Generation_eps_1.0_steps_100 - INFO - Batch:[1478] Adversarial images for this batch already exist
2026-02-09 02:50:57,585 - ADV_Generation_eps_1.0_steps_100 - INFO - Batch 1479/3783: Clean accuracy 0.7613 | Adv accuracy: 0.0000 
2026-02-09 02:50:57,586 - ADV_Generation_eps_1.0_steps_100 - INFO - Batch:[1479] Adversarial images for this batch already exist
2026-02-09 02:50:57,725 - ADV_Generation_eps_1.0_steps_100 - INFO - Batch 1480/3783: Clean accuracy 0.7608 | Adv accuracy: 0.0000 
2026-02-09 02:50:57,726 - ADV_Generation_eps_1.0_steps_100 - INFO - Batch:[1480] Adversarial images for this batch already exist
2026-02-09 02:50:57,872 - ADV_Generation_eps_1.0_steps_100 - INFO - Batch 1481/3783: Clean accuracy 0.7603 | Adv accuracy: 0.0000 
2026-02-09 02:50:57,873 - ADV_Generation_eps_1.0_steps_100 - INFO - Batch:[1481] Adversarial images for this batch already exist
2026-02-09 02:50:58,045 - ADV_Generation_eps_1.0_steps_100 - INFO - Batch 1482/3783: Clean accuracy 0.7598 | Adv accuracy: 0.0000 
2026-02-09 02:50:58,047 - ADV_Generation_eps_1.0_steps_100 - INFO - Batch:[1482] Adversarial images for this batch already exist
2026-02-09 02:50:58,196 - ADV_Generation_eps_1.0_steps_100 - INFO - Batch 1483/3783: Clean accuracy 0.7593 | Adv accuracy: 0.0000 
2026-02-09 02:50:58,197 - ADV_Generation_eps_1.0_steps_100 - INFO - Batch:[1483] Adversarial images for this batch already exist
2026-02-09 02:50:58,344 - ADV_Generation_eps_1.0_steps_100 - INFO - Batch 1484/3783: Clean accuracy 0.7594 | Adv accuracy: 0.0000 
2026-02-09 02:50:58,345 - ADV_Generation_eps_1.0_steps_100 - INFO - Batch:[1484] Adversarial images for this batch already exist
2026-02-09 02:50:58,484 - ADV_Generation_eps_1.0_steps_100 - INFO - Batch 1485/3783: Clean accuracy 0.7589 | Adv accuracy: 0.0000 
2026-02-09 02:50:58,485 - ADV_Generation_eps_1.0_steps_100 - INFO - Batch:[1485] Adversarial images for this batch already exist
2026-02-09 02:50:58,620 - ADV_Generation_eps_1.0_steps_100 - INFO - Batch 1486/3783: Clean accuracy 0.7591 | Adv accuracy: 0.0000 
2026-02-09 02:50:58,621 - ADV_Generation_eps_1.0_steps_100 - INFO - Batch:[1486] Adversarial images for this batch already exist
2026-02-09 02:50:58,757 - ADV_Generation_eps_1.0_steps_100 - INFO - Batch 1487/3783: Clean accuracy 0.7592 | Adv accuracy: 0.0000 
2026-02-09 02:50:58,758 - ADV_Generation_eps_1.0_steps_100 - INFO - Batch:[1487] Adversarial images for this batch already exist
2026-02-09 02:50:58,901 - ADV_Generation_eps_1.0_steps_100 - INFO - Batch 1488/3783: Clean accuracy 0.7594 | Adv accuracy: 0.0000 
2026-02-09 02:50:58,902 - ADV_Generation_eps_1.0_steps_100 - INFO - Batch:[1488] Adversarial images for this batch already exist
2026-02-09 02:50:59,079 - ADV_Generation_eps_1.0_steps_100 - INFO - Batch 1489/3783: Clean accuracy 0.7589 | Adv accuracy: 0.0000 
2026-02-09 02:50:59,079 - ADV_Generation_eps_1.0_steps_100 - INFO - Batch:[1489] Adversarial images for this batch already exist
2026-02-09 02:50:59,217 - ADV_Generation_eps_1.0_steps_100 - INFO - Batch 1490/3783: Clean accuracy 0.7591 | Adv accuracy: 0.0000 
2026-02-09 02:50:59,218 - ADV_Generation_eps_1.0_steps_100 - INFO - Batch:[1490] Adversarial images for this batch already exist
2026-02-09 02:50:59,355 - ADV_Generation_eps_1.0_steps_100 - INFO - Batch 1491/3783: Clean accuracy 0.7586 | Adv accuracy: 0.0000 
2026-02-09 02:50:59,356 - ADV_Generation_eps_1.0_steps_100 - INFO - Batch:[1491] Adversarial images for this batch already exist
2026-02-09 02:50:59,516 - ADV_Generation_eps_1.0_steps_100 - INFO - Batch 1492/3783: Clean accuracy 0.7587 | Adv accuracy: 0.0000 
2026-02-09 02:50:59,516 - ADV_Generation_eps_1.0_steps_100 - INFO - Batch:[1492] Adversarial images for this batch already exist
2026-02-09 02:50:59,653 - ADV_Generation_eps_1.0_steps_100 - INFO - Batch 1493/3783: Clean accuracy 0.7589 | Adv accuracy: 0.0000 
2026-02-09 02:50:59,654 - ADV_Generation_eps_1.0_steps_100 - INFO - Batch:[1493] Adversarial images for this batch already exist
2026-02-09 02:50:59,795 - ADV_Generation_eps_1.0_steps_100 - INFO - Batch 1494/3783: Clean accuracy 0.7590 | Adv accuracy: 0.0000 
2026-02-09 02:50:59,795 - ADV_Generation_eps_1.0_steps_100 - INFO - Batch:[1494] Adversarial images for this batch already exist
2026-02-09 02:50:59,932 - ADV_Generation_eps_1.0_steps_100 - INFO - Batch 1495/3783: Clean accuracy 0.7592 | Adv accuracy: 0.0000 
2026-02-09 02:50:59,933 - ADV_Generation_eps_1.0_steps_100 - INFO - Batch:[1495] Adversarial images for this batch already exist
2026-02-09 02:51:00,066 - ADV_Generation_eps_1.0_steps_100 - INFO - Batch 1496/3783: Clean accuracy 0.7594 | Adv accuracy: 0.0000 
2026-02-09 02:51:00,067 - ADV_Generation_eps_1.0_steps_100 - INFO - Batch:[1496] Adversarial images for this batch already exist
2026-02-09 02:51:00,207 - ADV_Generation_eps_1.0_steps_100 - INFO - Batch 1497/3783: Clean accuracy 0.7589 | Adv accuracy: 0.0000 
2026-02-09 02:51:00,208 - ADV_Generation_eps_1.0_steps_100 - INFO - Batch:[1497] Adversarial images for this batch already exist
2026-02-09 02:51:00,348 - ADV_Generation_eps_1.0_steps_100 - INFO - Batch 1498/3783: Clean accuracy 0.7583 | Adv accuracy: 0.0000 
2026-02-09 02:51:00,349 - ADV_Generation_eps_1.0_steps_100 - INFO - Batch:[1498] Adversarial images for this batch already exist
2026-02-09 02:51:00,484 - ADV_Generation_eps_1.0_steps_100 - INFO - Batch 1499/3783: Clean accuracy 0.7585 | Adv accuracy: 0.0000 
2026-02-09 02:51:00,485 - ADV_Generation_eps_1.0_steps_100 - INFO - Batch:[1499] Adversarial images for this batch already exist
2026-02-09 02:51:00,621 - ADV_Generation_eps_1.0_steps_100 - INFO - Batch 1500/3783: Clean accuracy 0.7587 | Adv accuracy: 0.0000 
2026-02-09 02:51:00,622 - ADV_Generation_eps_1.0_steps_100 - INFO - Batch:[1500] Adversarial images for this batch already exist
2026-02-09 02:51:00,760 - ADV_Generation_eps_1.0_steps_100 - INFO - Batch 1501/3783: Clean accuracy 0.7582 | Adv accuracy: 0.0000 
2026-02-09 02:51:00,761 - ADV_Generation_eps_1.0_steps_100 - INFO - Batch:[1501] Adversarial images for this batch already exist
2026-02-09 02:51:00,903 - ADV_Generation_eps_1.0_steps_100 - INFO - Batch 1502/3783: Clean accuracy 0.7583 | Adv accuracy: 0.0000 
2026-02-09 02:51:00,904 - ADV_Generation_eps_1.0_steps_100 - INFO - Batch:[1502] Adversarial images for this batch already exist
2026-02-09 02:51:01,036 - ADV_Generation_eps_1.0_steps_100 - INFO - Batch 1503/3783: Clean accuracy 0.7578 | Adv accuracy: 0.0000 
2026-02-09 02:51:01,037 - ADV_Generation_eps_1.0_steps_100 - INFO - Batch:[1503] Adversarial images for this batch already exist
2026-02-09 02:51:01,181 - ADV_Generation_eps_1.0_steps_100 - INFO - Batch 1504/3783: Clean accuracy 0.7573 | Adv accuracy: 0.0000 
2026-02-09 02:51:01,182 - ADV_Generation_eps_1.0_steps_100 - INFO - Batch:[1504] Adversarial images for this batch already exist
2026-02-09 02:51:01,320 - ADV_Generation_eps_1.0_steps_100 - INFO - Batch 1505/3783: Clean accuracy 0.7568 | Adv accuracy: 0.0000 
2026-02-09 02:51:01,321 - ADV_Generation_eps_1.0_steps_100 - INFO - Batch:[1505] Adversarial images for this batch already exist
2026-02-09 02:51:01,460 - ADV_Generation_eps_1.0_steps_100 - INFO - Batch 1506/3783: Clean accuracy 0.7563 | Adv accuracy: 0.0000 
2026-02-09 02:51:01,461 - ADV_Generation_eps_1.0_steps_100 - INFO - Batch:[1506] Adversarial images for this batch already exist
2026-02-09 02:51:01,607 - ADV_Generation_eps_1.0_steps_100 - INFO - Batch 1507/3783: Clean accuracy 0.7558 | Adv accuracy: 0.0000 
2026-02-09 02:51:01,608 - ADV_Generation_eps_1.0_steps_100 - INFO - Batch:[1507] Adversarial images for this batch already exist
2026-02-09 02:51:01,747 - ADV_Generation_eps_1.0_steps_100 - INFO - Batch 1508/3783: Clean accuracy 0.7553 | Adv accuracy: 0.0000 
2026-02-09 02:51:01,748 - ADV_Generation_eps_1.0_steps_100 - INFO - Batch:[1508] Adversarial images for this batch already exist
2026-02-09 02:51:01,897 - ADV_Generation_eps_1.0_steps_100 - INFO - Batch 1509/3783: Clean accuracy 0.7548 | Adv accuracy: 0.0000 
2026-02-09 02:51:01,898 - ADV_Generation_eps_1.0_steps_100 - INFO - Batch:[1509] Adversarial images for this batch already exist
2026-02-09 02:51:02,035 - ADV_Generation_eps_1.0_steps_100 - INFO - Batch 1510/3783: Clean accuracy 0.7543 | Adv accuracy: 0.0000 
2026-02-09 02:51:02,036 - ADV_Generation_eps_1.0_steps_100 - INFO - Batch:[1510] Adversarial images for this batch already exist
2026-02-09 02:51:02,227 - ADV_Generation_eps_1.0_steps_100 - INFO - Batch 1511/3783: Clean accuracy 0.7538 | Adv accuracy: 0.0000 
2026-02-09 02:51:02,228 - ADV_Generation_eps_1.0_steps_100 - INFO - Batch:[1511] Adversarial images for this batch already exist
2026-02-09 02:51:02,361 - ADV_Generation_eps_1.0_steps_100 - INFO - Batch 1512/3783: Clean accuracy 0.7533 | Adv accuracy: 0.0000 
2026-02-09 02:51:02,363 - ADV_Generation_eps_1.0_steps_100 - INFO - Batch:[1512] Adversarial images for this batch already exist
2026-02-09 02:51:02,500 - ADV_Generation_eps_1.0_steps_100 - INFO - Batch 1513/3783: Clean accuracy 0.7528 | Adv accuracy: 0.0000 
2026-02-09 02:51:02,501 - ADV_Generation_eps_1.0_steps_100 - INFO - Batch:[1513] Adversarial images for this batch already exist
2026-02-09 02:51:02,642 - ADV_Generation_eps_1.0_steps_100 - INFO - Batch 1514/3783: Clean accuracy 0.7523 | Adv accuracy: 0.0000 
2026-02-09 02:51:02,642 - ADV_Generation_eps_1.0_steps_100 - INFO - Batch:[1514] Adversarial images for this batch already exist
2026-02-09 02:51:02,782 - ADV_Generation_eps_1.0_steps_100 - INFO - Batch 1515/3783: Clean accuracy 0.7525 | Adv accuracy: 0.0000 
2026-02-09 02:51:02,783 - ADV_Generation_eps_1.0_steps_100 - INFO - Batch:[1515] Adversarial images for this batch already exist
2026-02-09 02:51:02,929 - ADV_Generation_eps_1.0_steps_100 - INFO - Batch 1516/3783: Clean accuracy 0.7526 | Adv accuracy: 0.0000 
2026-02-09 02:51:02,930 - ADV_Generation_eps_1.0_steps_100 - INFO - Batch:[1516] Adversarial images for this batch already exist
2026-02-09 02:51:03,063 - ADV_Generation_eps_1.0_steps_100 - INFO - Batch 1517/3783: Clean accuracy 0.7528 | Adv accuracy: 0.0000 
2026-02-09 02:51:03,064 - ADV_Generation_eps_1.0_steps_100 - INFO - Batch:[1517] Adversarial images for this batch already exist
2026-02-09 02:51:03,203 - ADV_Generation_eps_1.0_steps_100 - INFO - Batch 1518/3783: Clean accuracy 0.7530 | Adv accuracy: 0.0000 
2026-02-09 02:51:03,204 - ADV_Generation_eps_1.0_steps_100 - INFO - Batch:[1518] Adversarial images for this batch already exist
2026-02-09 02:51:03,338 - ADV_Generation_eps_1.0_steps_100 - INFO - Batch 1519/3783: Clean accuracy 0.7531 | Adv accuracy: 0.0000 
2026-02-09 02:51:03,339 - ADV_Generation_eps_1.0_steps_100 - INFO - Batch:[1519] Adversarial images for this batch already exist
2026-02-09 02:51:03,476 - ADV_Generation_eps_1.0_steps_100 - INFO - Batch 1520/3783: Clean accuracy 0.7533 | Adv accuracy: 0.0000 
2026-02-09 02:51:03,476 - ADV_Generation_eps_1.0_steps_100 - INFO - Batch:[1520] Adversarial images for this batch already exist
2026-02-09 02:51:03,612 - ADV_Generation_eps_1.0_steps_100 - INFO - Batch 1521/3783: Clean accuracy 0.7535 | Adv accuracy: 0.0000 
2026-02-09 02:51:03,613 - ADV_Generation_eps_1.0_steps_100 - INFO - Batch:[1521] Adversarial images for this batch already exist
2026-02-09 02:51:03,756 - ADV_Generation_eps_1.0_steps_100 - INFO - Batch 1522/3783: Clean accuracy 0.7536 | Adv accuracy: 0.0000 
2026-02-09 02:51:03,757 - ADV_Generation_eps_1.0_steps_100 - INFO - Batch:[1522] Adversarial images for this batch already exist
2026-02-09 02:51:03,898 - ADV_Generation_eps_1.0_steps_100 - INFO - Batch 1523/3783: Clean accuracy 0.7538 | Adv accuracy: 0.0000 
2026-02-09 02:51:03,899 - ADV_Generation_eps_1.0_steps_100 - INFO - Batch:[1523] Adversarial images for this batch already exist
2026-02-09 02:51:04,037 - ADV_Generation_eps_1.0_steps_100 - INFO - Batch 1524/3783: Clean accuracy 0.7539 | Adv accuracy: 0.0000 
2026-02-09 02:51:04,038 - ADV_Generation_eps_1.0_steps_100 - INFO - Batch:[1524] Adversarial images for this batch already exist
2026-02-09 02:51:04,173 - ADV_Generation_eps_1.0_steps_100 - INFO - Batch 1525/3783: Clean accuracy 0.7541 | Adv accuracy: 0.0000 
2026-02-09 02:51:04,174 - ADV_Generation_eps_1.0_steps_100 - INFO - Batch:[1525] Adversarial images for this batch already exist
2026-02-09 02:51:04,314 - ADV_Generation_eps_1.0_steps_100 - INFO - Batch 1526/3783: Clean accuracy 0.7543 | Adv accuracy: 0.0000 
2026-02-09 02:51:04,315 - ADV_Generation_eps_1.0_steps_100 - INFO - Batch:[1526] Adversarial images for this batch already exist
2026-02-09 02:51:04,461 - ADV_Generation_eps_1.0_steps_100 - INFO - Batch 1527/3783: Clean accuracy 0.7544 | Adv accuracy: 0.0000 
2026-02-09 02:51:04,462 - ADV_Generation_eps_1.0_steps_100 - INFO - Batch:[1527] Adversarial images for this batch already exist
2026-02-09 02:51:04,595 - ADV_Generation_eps_1.0_steps_100 - INFO - Batch 1528/3783: Clean accuracy 0.7546 | Adv accuracy: 0.0000 
2026-02-09 02:51:04,596 - ADV_Generation_eps_1.0_steps_100 - INFO - Batch:[1528] Adversarial images for this batch already exist
2026-02-09 02:51:04,734 - ADV_Generation_eps_1.0_steps_100 - INFO - Batch 1529/3783: Clean accuracy 0.7547 | Adv accuracy: 0.0000 
2026-02-09 02:51:04,735 - ADV_Generation_eps_1.0_steps_100 - INFO - Batch:[1529] Adversarial images for this batch already exist
2026-02-09 02:51:04,876 - ADV_Generation_eps_1.0_steps_100 - INFO - Batch 1530/3783: Clean accuracy 0.7549 | Adv accuracy: 0.0000 
2026-02-09 02:51:04,877 - ADV_Generation_eps_1.0_steps_100 - INFO - Batch:[1530] Adversarial images for this batch already exist
2026-02-09 02:51:05,015 - ADV_Generation_eps_1.0_steps_100 - INFO - Batch 1531/3783: Clean accuracy 0.7551 | Adv accuracy: 0.0000 
2026-02-09 02:51:05,016 - ADV_Generation_eps_1.0_steps_100 - INFO - Batch:[1531] Adversarial images for this batch already exist
2026-02-09 02:51:05,169 - ADV_Generation_eps_1.0_steps_100 - INFO - Batch 1532/3783: Clean accuracy 0.7552 | Adv accuracy: 0.0000 
2026-02-09 02:51:05,170 - ADV_Generation_eps_1.0_steps_100 - INFO - Batch:[1532] Adversarial images for this batch already exist
2026-02-09 02:51:05,309 - ADV_Generation_eps_1.0_steps_100 - INFO - Batch 1533/3783: Clean accuracy 0.7554 | Adv accuracy: 0.0000 
2026-02-09 02:51:05,310 - ADV_Generation_eps_1.0_steps_100 - INFO - Batch:[1533] Adversarial images for this batch already exist
2026-02-09 02:51:05,448 - ADV_Generation_eps_1.0_steps_100 - INFO - Batch 1534/3783: Clean accuracy 0.7555 | Adv accuracy: 0.0000 
2026-02-09 02:51:05,449 - ADV_Generation_eps_1.0_steps_100 - INFO - Batch:[1534] Adversarial images for this batch already exist
2026-02-09 02:51:05,581 - ADV_Generation_eps_1.0_steps_100 - INFO - Batch 1535/3783: Clean accuracy 0.7557 | Adv accuracy: 0.0000 
2026-02-09 02:51:05,582 - ADV_Generation_eps_1.0_steps_100 - INFO - Batch:[1535] Adversarial images for this batch already exist
2026-02-09 02:51:05,728 - ADV_Generation_eps_1.0_steps_100 - INFO - Batch 1536/3783: Clean accuracy 0.7559 | Adv accuracy: 0.0000 
2026-02-09 02:51:05,729 - ADV_Generation_eps_1.0_steps_100 - INFO - Batch:[1536] Adversarial images for this batch already exist
2026-02-09 02:51:05,867 - ADV_Generation_eps_1.0_steps_100 - INFO - Batch 1537/3783: Clean accuracy 0.7560 | Adv accuracy: 0.0000 
2026-02-09 02:51:05,868 - ADV_Generation_eps_1.0_steps_100 - INFO - Batch:[1537] Adversarial images for this batch already exist
2026-02-09 02:51:06,012 - ADV_Generation_eps_1.0_steps_100 - INFO - Batch 1538/3783: Clean accuracy 0.7562 | Adv accuracy: 0.0000 
2026-02-09 02:51:06,013 - ADV_Generation_eps_1.0_steps_100 - INFO - Batch:[1538] Adversarial images for this batch already exist
2026-02-09 02:51:06,155 - ADV_Generation_eps_1.0_steps_100 - INFO - Batch 1539/3783: Clean accuracy 0.7563 | Adv accuracy: 0.0000 
2026-02-09 02:51:06,156 - ADV_Generation_eps_1.0_steps_100 - INFO - Batch:[1539] Adversarial images for this batch already exist
2026-02-09 02:51:06,296 - ADV_Generation_eps_1.0_steps_100 - INFO - Batch 1540/3783: Clean accuracy 0.7565 | Adv accuracy: 0.0000 
2026-02-09 02:51:06,297 - ADV_Generation_eps_1.0_steps_100 - INFO - Batch:[1540] Adversarial images for this batch already exist
2026-02-09 02:51:06,440 - ADV_Generation_eps_1.0_steps_100 - INFO - Batch 1541/3783: Clean accuracy 0.7567 | Adv accuracy: 0.0000 
2026-02-09 02:51:06,441 - ADV_Generation_eps_1.0_steps_100 - INFO - Batch:[1541] Adversarial images for this batch already exist
2026-02-09 02:51:06,583 - ADV_Generation_eps_1.0_steps_100 - INFO - Batch 1542/3783: Clean accuracy 0.7568 | Adv accuracy: 0.0000 
2026-02-09 02:51:06,584 - ADV_Generation_eps_1.0_steps_100 - INFO - Batch:[1542] Adversarial images for this batch already exist
2026-02-09 02:51:06,725 - ADV_Generation_eps_1.0_steps_100 - INFO - Batch 1543/3783: Clean accuracy 0.7570 | Adv accuracy: 0.0000 
2026-02-09 02:51:06,726 - ADV_Generation_eps_1.0_steps_100 - INFO - Batch:[1543] Adversarial images for this batch already exist
2026-02-09 02:51:06,863 - ADV_Generation_eps_1.0_steps_100 - INFO - Batch 1544/3783: Clean accuracy 0.7571 | Adv accuracy: 0.0000 
2026-02-09 02:51:06,864 - ADV_Generation_eps_1.0_steps_100 - INFO - Batch:[1544] Adversarial images for this batch already exist
2026-02-09 02:51:07,001 - ADV_Generation_eps_1.0_steps_100 - INFO - Batch 1545/3783: Clean accuracy 0.7573 | Adv accuracy: 0.0000 
2026-02-09 02:51:07,002 - ADV_Generation_eps_1.0_steps_100 - INFO - Batch:[1545] Adversarial images for this batch already exist
2026-02-09 02:51:07,140 - ADV_Generation_eps_1.0_steps_100 - INFO - Batch 1546/3783: Clean accuracy 0.7574 | Adv accuracy: 0.0000 
2026-02-09 02:51:07,140 - ADV_Generation_eps_1.0_steps_100 - INFO - Batch:[1546] Adversarial images for this batch already exist
2026-02-09 02:51:07,299 - ADV_Generation_eps_1.0_steps_100 - INFO - Batch 1547/3783: Clean accuracy 0.7576 | Adv accuracy: 0.0000 
2026-02-09 02:51:07,300 - ADV_Generation_eps_1.0_steps_100 - INFO - Batch:[1547] Adversarial images for this batch already exist
2026-02-09 02:51:07,449 - ADV_Generation_eps_1.0_steps_100 - INFO - Batch 1548/3783: Clean accuracy 0.7578 | Adv accuracy: 0.0000 
2026-02-09 02:51:07,449 - ADV_Generation_eps_1.0_steps_100 - INFO - Batch:[1548] Adversarial images for this batch already exist
2026-02-09 02:51:07,590 - ADV_Generation_eps_1.0_steps_100 - INFO - Batch 1549/3783: Clean accuracy 0.7579 | Adv accuracy: 0.0000 
2026-02-09 02:51:07,591 - ADV_Generation_eps_1.0_steps_100 - INFO - Batch:[1549] Adversarial images for this batch already exist
2026-02-09 02:51:07,730 - ADV_Generation_eps_1.0_steps_100 - INFO - Batch 1550/3783: Clean accuracy 0.7581 | Adv accuracy: 0.0000 
2026-02-09 02:51:07,731 - ADV_Generation_eps_1.0_steps_100 - INFO - Batch:[1550] Adversarial images for this batch already exist
2026-02-09 02:51:07,866 - ADV_Generation_eps_1.0_steps_100 - INFO - Batch 1551/3783: Clean accuracy 0.7582 | Adv accuracy: 0.0000 
2026-02-09 02:51:07,867 - ADV_Generation_eps_1.0_steps_100 - INFO - Batch:[1551] Adversarial images for this batch already exist
2026-02-09 02:51:08,003 - ADV_Generation_eps_1.0_steps_100 - INFO - Batch 1552/3783: Clean accuracy 0.7584 | Adv accuracy: 0.0000 
2026-02-09 02:51:08,004 - ADV_Generation_eps_1.0_steps_100 - INFO - Batch:[1552] Adversarial images for this batch already exist
2026-02-09 02:51:08,142 - ADV_Generation_eps_1.0_steps_100 - INFO - Batch 1553/3783: Clean accuracy 0.7585 | Adv accuracy: 0.0000 
2026-02-09 02:51:08,142 - ADV_Generation_eps_1.0_steps_100 - INFO - Batch:[1553] Adversarial images for this batch already exist
2026-02-09 02:51:08,276 - ADV_Generation_eps_1.0_steps_100 - INFO - Batch 1554/3783: Clean accuracy 0.7587 | Adv accuracy: 0.0000 
2026-02-09 02:51:08,277 - ADV_Generation_eps_1.0_steps_100 - INFO - Batch:[1554] Adversarial images for this batch already exist
2026-02-09 02:51:08,411 - ADV_Generation_eps_1.0_steps_100 - INFO - Batch 1555/3783: Clean accuracy 0.7588 | Adv accuracy: 0.0000 
2026-02-09 02:51:08,412 - ADV_Generation_eps_1.0_steps_100 - INFO - Batch:[1555] Adversarial images for this batch already exist
2026-02-09 02:51:08,556 - ADV_Generation_eps_1.0_steps_100 - INFO - Batch 1556/3783: Clean accuracy 0.7590 | Adv accuracy: 0.0000 
2026-02-09 02:51:08,557 - ADV_Generation_eps_1.0_steps_100 - INFO - Batch:[1556] Adversarial images for this batch already exist
2026-02-09 02:51:08,696 - ADV_Generation_eps_1.0_steps_100 - INFO - Batch 1557/3783: Clean accuracy 0.7592 | Adv accuracy: 0.0000 
2026-02-09 02:51:08,697 - ADV_Generation_eps_1.0_steps_100 - INFO - Batch:[1557] Adversarial images for this batch already exist
2026-02-09 02:51:08,847 - ADV_Generation_eps_1.0_steps_100 - INFO - Batch 1558/3783: Clean accuracy 0.7593 | Adv accuracy: 0.0000 
2026-02-09 02:51:08,849 - ADV_Generation_eps_1.0_steps_100 - INFO - Batch:[1558] Adversarial images for this batch already exist
2026-02-09 02:51:09,016 - ADV_Generation_eps_1.0_steps_100 - INFO - Batch 1559/3783: Clean accuracy 0.7595 | Adv accuracy: 0.0000 
2026-02-09 02:51:09,017 - ADV_Generation_eps_1.0_steps_100 - INFO - Batch:[1559] Adversarial images for this batch already exist
2026-02-09 02:51:09,184 - ADV_Generation_eps_1.0_steps_100 - INFO - Batch 1560/3783: Clean accuracy 0.7596 | Adv accuracy: 0.0000 
2026-02-09 02:51:09,185 - ADV_Generation_eps_1.0_steps_100 - INFO - Batch:[1560] Adversarial images for this batch already exist
2026-02-09 02:51:09,321 - ADV_Generation_eps_1.0_steps_100 - INFO - Batch 1561/3783: Clean accuracy 0.7598 | Adv accuracy: 0.0000 
2026-02-09 02:51:09,322 - ADV_Generation_eps_1.0_steps_100 - INFO - Batch:[1561] Adversarial images for this batch already exist
2026-02-09 02:51:09,459 - ADV_Generation_eps_1.0_steps_100 - INFO - Batch 1562/3783: Clean accuracy 0.7599 | Adv accuracy: 0.0000 
2026-02-09 02:51:09,460 - ADV_Generation_eps_1.0_steps_100 - INFO - Batch:[1562] Adversarial images for this batch already exist
2026-02-09 02:51:09,598 - ADV_Generation_eps_1.0_steps_100 - INFO - Batch 1563/3783: Clean accuracy 0.7601 | Adv accuracy: 0.0000 
2026-02-09 02:51:09,600 - ADV_Generation_eps_1.0_steps_100 - INFO - Batch:[1563] Adversarial images for this batch already exist
2026-02-09 02:51:09,740 - ADV_Generation_eps_1.0_steps_100 - INFO - Batch 1564/3783: Clean accuracy 0.7602 | Adv accuracy: 0.0000 
2026-02-09 02:51:09,741 - ADV_Generation_eps_1.0_steps_100 - INFO - Batch:[1564] Adversarial images for this batch already exist
2026-02-09 02:51:09,899 - ADV_Generation_eps_1.0_steps_100 - INFO - Batch 1565/3783: Clean accuracy 0.7604 | Adv accuracy: 0.0000 
2026-02-09 02:51:09,899 - ADV_Generation_eps_1.0_steps_100 - INFO - Batch:[1565] Adversarial images for this batch already exist
2026-02-09 02:51:10,034 - ADV_Generation_eps_1.0_steps_100 - INFO - Batch 1566/3783: Clean accuracy 0.7605 | Adv accuracy: 0.0000 
2026-02-09 02:51:10,035 - ADV_Generation_eps_1.0_steps_100 - INFO - Batch:[1566] Adversarial images for this batch already exist
2026-02-09 02:51:10,176 - ADV_Generation_eps_1.0_steps_100 - INFO - Batch 1567/3783: Clean accuracy 0.7607 | Adv accuracy: 0.0000 
2026-02-09 02:51:10,176 - ADV_Generation_eps_1.0_steps_100 - INFO - Batch:[1567] Adversarial images for this batch already exist
2026-02-09 02:51:10,323 - ADV_Generation_eps_1.0_steps_100 - INFO - Batch 1568/3783: Clean accuracy 0.7608 | Adv accuracy: 0.0000 
2026-02-09 02:51:10,326 - ADV_Generation_eps_1.0_steps_100 - INFO - Batch:[1568] Adversarial images for this batch already exist
2026-02-09 02:51:10,463 - ADV_Generation_eps_1.0_steps_100 - INFO - Batch 1569/3783: Clean accuracy 0.7610 | Adv accuracy: 0.0000 
2026-02-09 02:51:10,464 - ADV_Generation_eps_1.0_steps_100 - INFO - Batch:[1569] Adversarial images for this batch already exist
2026-02-09 02:51:10,611 - ADV_Generation_eps_1.0_steps_100 - INFO - Batch 1570/3783: Clean accuracy 0.7611 | Adv accuracy: 0.0000 
2026-02-09 02:51:10,612 - ADV_Generation_eps_1.0_steps_100 - INFO - Batch:[1570] Adversarial images for this batch already exist
2026-02-09 02:51:10,779 - ADV_Generation_eps_1.0_steps_100 - INFO - Batch 1571/3783: Clean accuracy 0.7613 | Adv accuracy: 0.0000 
2026-02-09 02:51:10,781 - ADV_Generation_eps_1.0_steps_100 - INFO - Batch:[1571] Adversarial images for this batch already exist
2026-02-09 02:51:10,920 - ADV_Generation_eps_1.0_steps_100 - INFO - Batch 1572/3783: Clean accuracy 0.7615 | Adv accuracy: 0.0000 
2026-02-09 02:51:10,921 - ADV_Generation_eps_1.0_steps_100 - INFO - Batch:[1572] Adversarial images for this batch already exist
2026-02-09 02:51:11,061 - ADV_Generation_eps_1.0_steps_100 - INFO - Batch 1573/3783: Clean accuracy 0.7616 | Adv accuracy: 0.0000 
2026-02-09 02:51:11,062 - ADV_Generation_eps_1.0_steps_100 - INFO - Batch:[1573] Adversarial images for this batch already exist
2026-02-09 02:51:11,200 - ADV_Generation_eps_1.0_steps_100 - INFO - Batch 1574/3783: Clean accuracy 0.7618 | Adv accuracy: 0.0000 
2026-02-09 02:51:11,201 - ADV_Generation_eps_1.0_steps_100 - INFO - Batch:[1574] Adversarial images for this batch already exist
2026-02-09 02:51:11,365 - ADV_Generation_eps_1.0_steps_100 - INFO - Batch 1575/3783: Clean accuracy 0.7619 | Adv accuracy: 0.0000 
2026-02-09 02:51:11,366 - ADV_Generation_eps_1.0_steps_100 - INFO - Batch:[1575] Adversarial images for this batch already exist
2026-02-09 02:51:11,504 - ADV_Generation_eps_1.0_steps_100 - INFO - Batch 1576/3783: Clean accuracy 0.7621 | Adv accuracy: 0.0000 
2026-02-09 02:51:11,505 - ADV_Generation_eps_1.0_steps_100 - INFO - Batch:[1576] Adversarial images for this batch already exist
2026-02-09 02:51:11,641 - ADV_Generation_eps_1.0_steps_100 - INFO - Batch 1577/3783: Clean accuracy 0.7622 | Adv accuracy: 0.0000 
2026-02-09 02:51:11,642 - ADV_Generation_eps_1.0_steps_100 - INFO - Batch:[1577] Adversarial images for this batch already exist
2026-02-09 02:51:11,780 - ADV_Generation_eps_1.0_steps_100 - INFO - Batch 1578/3783: Clean accuracy 0.7624 | Adv accuracy: 0.0000 
2026-02-09 02:51:11,781 - ADV_Generation_eps_1.0_steps_100 - INFO - Batch:[1578] Adversarial images for this batch already exist
2026-02-09 02:51:11,921 - ADV_Generation_eps_1.0_steps_100 - INFO - Batch 1579/3783: Clean accuracy 0.7625 | Adv accuracy: 0.0000 
2026-02-09 02:51:11,922 - ADV_Generation_eps_1.0_steps_100 - INFO - Batch:[1579] Adversarial images for this batch already exist
2026-02-09 02:51:12,119 - ADV_Generation_eps_1.0_steps_100 - INFO - Batch 1580/3783: Clean accuracy 0.7627 | Adv accuracy: 0.0000 
2026-02-09 02:51:12,120 - ADV_Generation_eps_1.0_steps_100 - INFO - Batch:[1580] Adversarial images for this batch already exist
2026-02-09 02:51:12,259 - ADV_Generation_eps_1.0_steps_100 - INFO - Batch 1581/3783: Clean accuracy 0.7628 | Adv accuracy: 0.0000 
2026-02-09 02:51:12,260 - ADV_Generation_eps_1.0_steps_100 - INFO - Batch:[1581] Adversarial images for this batch already exist
2026-02-09 02:51:12,401 - ADV_Generation_eps_1.0_steps_100 - INFO - Batch 1582/3783: Clean accuracy 0.7630 | Adv accuracy: 0.0000 
2026-02-09 02:51:12,402 - ADV_Generation_eps_1.0_steps_100 - INFO - Batch:[1582] Adversarial images for this batch already exist
2026-02-09 02:51:12,541 - ADV_Generation_eps_1.0_steps_100 - INFO - Batch 1583/3783: Clean accuracy 0.7631 | Adv accuracy: 0.0000 
2026-02-09 02:51:12,542 - ADV_Generation_eps_1.0_steps_100 - INFO - Batch:[1583] Adversarial images for this batch already exist
2026-02-09 02:51:12,684 - ADV_Generation_eps_1.0_steps_100 - INFO - Batch 1584/3783: Clean accuracy 0.7633 | Adv accuracy: 0.0000 
2026-02-09 02:51:12,685 - ADV_Generation_eps_1.0_steps_100 - INFO - Batch:[1584] Adversarial images for this batch already exist
2026-02-09 02:51:12,828 - ADV_Generation_eps_1.0_steps_100 - INFO - Batch 1585/3783: Clean accuracy 0.7634 | Adv accuracy: 0.0000 
2026-02-09 02:51:12,829 - ADV_Generation_eps_1.0_steps_100 - INFO - Batch:[1585] Adversarial images for this batch already exist
2026-02-09 02:51:12,969 - ADV_Generation_eps_1.0_steps_100 - INFO - Batch 1586/3783: Clean accuracy 0.7636 | Adv accuracy: 0.0000 
2026-02-09 02:51:12,970 - ADV_Generation_eps_1.0_steps_100 - INFO - Batch:[1586] Adversarial images for this batch already exist
2026-02-09 02:51:13,113 - ADV_Generation_eps_1.0_steps_100 - INFO - Batch 1587/3783: Clean accuracy 0.7637 | Adv accuracy: 0.0000 
2026-02-09 02:51:13,114 - ADV_Generation_eps_1.0_steps_100 - INFO - Batch:[1587] Adversarial images for this batch already exist
2026-02-09 02:51:13,255 - ADV_Generation_eps_1.0_steps_100 - INFO - Batch 1588/3783: Clean accuracy 0.7639 | Adv accuracy: 0.0000 
2026-02-09 02:51:13,256 - ADV_Generation_eps_1.0_steps_100 - INFO - Batch:[1588] Adversarial images for this batch already exist
2026-02-09 02:51:13,396 - ADV_Generation_eps_1.0_steps_100 - INFO - Batch 1589/3783: Clean accuracy 0.7640 | Adv accuracy: 0.0000 
2026-02-09 02:51:13,397 - ADV_Generation_eps_1.0_steps_100 - INFO - Batch:[1589] Adversarial images for this batch already exist
2026-02-09 02:51:13,531 - ADV_Generation_eps_1.0_steps_100 - INFO - Batch 1590/3783: Clean accuracy 0.7642 | Adv accuracy: 0.0000 
2026-02-09 02:51:13,532 - ADV_Generation_eps_1.0_steps_100 - INFO - Batch:[1590] Adversarial images for this batch already exist
2026-02-09 02:51:13,667 - ADV_Generation_eps_1.0_steps_100 - INFO - Batch 1591/3783: Clean accuracy 0.7643 | Adv accuracy: 0.0000 
2026-02-09 02:51:13,668 - ADV_Generation_eps_1.0_steps_100 - INFO - Batch:[1591] Adversarial images for this batch already exist
2026-02-09 02:51:13,810 - ADV_Generation_eps_1.0_steps_100 - INFO - Batch 1592/3783: Clean accuracy 0.7644 | Adv accuracy: 0.0000 
2026-02-09 02:51:13,811 - ADV_Generation_eps_1.0_steps_100 - INFO - Batch:[1592] Adversarial images for this batch already exist
2026-02-09 02:51:13,947 - ADV_Generation_eps_1.0_steps_100 - INFO - Batch 1593/3783: Clean accuracy 0.7646 | Adv accuracy: 0.0000 
2026-02-09 02:51:13,948 - ADV_Generation_eps_1.0_steps_100 - INFO - Batch:[1593] Adversarial images for this batch already exist
2026-02-09 02:51:14,084 - ADV_Generation_eps_1.0_steps_100 - INFO - Batch 1594/3783: Clean accuracy 0.7647 | Adv accuracy: 0.0000 
2026-02-09 02:51:14,085 - ADV_Generation_eps_1.0_steps_100 - INFO - Batch:[1594] Adversarial images for this batch already exist
2026-02-09 02:51:14,221 - ADV_Generation_eps_1.0_steps_100 - INFO - Batch 1595/3783: Clean accuracy 0.7649 | Adv accuracy: 0.0000 
2026-02-09 02:51:14,222 - ADV_Generation_eps_1.0_steps_100 - INFO - Batch:[1595] Adversarial images for this batch already exist
2026-02-09 02:51:14,382 - ADV_Generation_eps_1.0_steps_100 - INFO - Batch 1596/3783: Clean accuracy 0.7650 | Adv accuracy: 0.0000 
2026-02-09 02:51:14,383 - ADV_Generation_eps_1.0_steps_100 - INFO - Batch:[1596] Adversarial images for this batch already exist
2026-02-09 02:51:14,537 - ADV_Generation_eps_1.0_steps_100 - INFO - Batch 1597/3783: Clean accuracy 0.7652 | Adv accuracy: 0.0000 
2026-02-09 02:51:14,538 - ADV_Generation_eps_1.0_steps_100 - INFO - Batch:[1597] Adversarial images for this batch already exist
2026-02-09 02:51:14,677 - ADV_Generation_eps_1.0_steps_100 - INFO - Batch 1598/3783: Clean accuracy 0.7653 | Adv accuracy: 0.0000 
2026-02-09 02:51:14,678 - ADV_Generation_eps_1.0_steps_100 - INFO - Batch:[1598] Adversarial images for this batch already exist
2026-02-09 02:51:14,817 - ADV_Generation_eps_1.0_steps_100 - INFO - Batch 1599/3783: Clean accuracy 0.7655 | Adv accuracy: 0.0000 
2026-02-09 02:51:14,818 - ADV_Generation_eps_1.0_steps_100 - INFO - Batch:[1599] Adversarial images for this batch already exist
2026-02-09 02:51:14,956 - ADV_Generation_eps_1.0_steps_100 - INFO - Batch 1600/3783: Clean accuracy 0.7656 | Adv accuracy: 0.0000 
2026-02-09 02:51:14,956 - ADV_Generation_eps_1.0_steps_100 - INFO - Batch:[1600] Adversarial images for this batch already exist
2026-02-09 02:51:15,095 - ADV_Generation_eps_1.0_steps_100 - INFO - Batch 1601/3783: Clean accuracy 0.7658 | Adv accuracy: 0.0000 
2026-02-09 02:51:15,095 - ADV_Generation_eps_1.0_steps_100 - INFO - Batch:[1601] Adversarial images for this batch already exist
2026-02-09 02:51:15,233 - ADV_Generation_eps_1.0_steps_100 - INFO - Batch 1602/3783: Clean accuracy 0.7653 | Adv accuracy: 0.0000 
2026-02-09 02:51:15,234 - ADV_Generation_eps_1.0_steps_100 - INFO - Batch:[1602] Adversarial images for this batch already exist
2026-02-09 02:51:15,370 - ADV_Generation_eps_1.0_steps_100 - INFO - Batch 1603/3783: Clean accuracy 0.7654 | Adv accuracy: 0.0000 
2026-02-09 02:51:15,372 - ADV_Generation_eps_1.0_steps_100 - INFO - Batch:[1603] Adversarial images for this batch already exist
2026-02-09 02:51:15,505 - ADV_Generation_eps_1.0_steps_100 - INFO - Batch 1604/3783: Clean accuracy 0.7656 | Adv accuracy: 0.0000 
2026-02-09 02:51:15,506 - ADV_Generation_eps_1.0_steps_100 - INFO - Batch:[1604] Adversarial images for this batch already exist
2026-02-09 02:51:15,656 - ADV_Generation_eps_1.0_steps_100 - INFO - Batch 1605/3783: Clean accuracy 0.7657 | Adv accuracy: 0.0000 
2026-02-09 02:51:15,657 - ADV_Generation_eps_1.0_steps_100 - INFO - Batch:[1605] Adversarial images for this batch already exist
2026-02-09 02:51:15,795 - ADV_Generation_eps_1.0_steps_100 - INFO - Batch 1606/3783: Clean accuracy 0.7659 | Adv accuracy: 0.0000 
2026-02-09 02:51:15,796 - ADV_Generation_eps_1.0_steps_100 - INFO - Batch:[1606] Adversarial images for this batch already exist
2026-02-09 02:51:15,932 - ADV_Generation_eps_1.0_steps_100 - INFO - Batch 1607/3783: Clean accuracy 0.7660 | Adv accuracy: 0.0000 
2026-02-09 02:51:15,933 - ADV_Generation_eps_1.0_steps_100 - INFO - Batch:[1607] Adversarial images for this batch already exist
2026-02-09 02:51:16,067 - ADV_Generation_eps_1.0_steps_100 - INFO - Batch 1608/3783: Clean accuracy 0.7662 | Adv accuracy: 0.0000 
2026-02-09 02:51:16,068 - ADV_Generation_eps_1.0_steps_100 - INFO - Batch:[1608] Adversarial images for this batch already exist
2026-02-09 02:51:16,203 - ADV_Generation_eps_1.0_steps_100 - INFO - Batch 1609/3783: Clean accuracy 0.7663 | Adv accuracy: 0.0000 
2026-02-09 02:51:16,204 - ADV_Generation_eps_1.0_steps_100 - INFO - Batch:[1609] Adversarial images for this batch already exist
2026-02-09 02:51:16,340 - ADV_Generation_eps_1.0_steps_100 - INFO - Batch 1610/3783: Clean accuracy 0.7665 | Adv accuracy: 0.0000 
2026-02-09 02:51:16,341 - ADV_Generation_eps_1.0_steps_100 - INFO - Batch:[1610] Adversarial images for this batch already exist
2026-02-09 02:51:16,477 - ADV_Generation_eps_1.0_steps_100 - INFO - Batch 1611/3783: Clean accuracy 0.7660 | Adv accuracy: 0.0000 
2026-02-09 02:51:16,478 - ADV_Generation_eps_1.0_steps_100 - INFO - Batch:[1611] Adversarial images for this batch already exist
2026-02-09 02:51:16,637 - ADV_Generation_eps_1.0_steps_100 - INFO - Batch 1612/3783: Clean accuracy 0.7661 | Adv accuracy: 0.0000 
2026-02-09 02:51:16,638 - ADV_Generation_eps_1.0_steps_100 - INFO - Batch:[1612] Adversarial images for this batch already exist
2026-02-09 02:51:16,780 - ADV_Generation_eps_1.0_steps_100 - INFO - Batch 1613/3783: Clean accuracy 0.7663 | Adv accuracy: 0.0000 
2026-02-09 02:51:16,781 - ADV_Generation_eps_1.0_steps_100 - INFO - Batch:[1613] Adversarial images for this batch already exist
2026-02-09 02:51:16,919 - ADV_Generation_eps_1.0_steps_100 - INFO - Batch 1614/3783: Clean accuracy 0.7664 | Adv accuracy: 0.0000 
2026-02-09 02:51:16,920 - ADV_Generation_eps_1.0_steps_100 - INFO - Batch:[1614] Adversarial images for this batch already exist
2026-02-09 02:51:17,061 - ADV_Generation_eps_1.0_steps_100 - INFO - Batch 1615/3783: Clean accuracy 0.7659 | Adv accuracy: 0.0000 
2026-02-09 02:51:17,061 - ADV_Generation_eps_1.0_steps_100 - INFO - Batch:[1615] Adversarial images for this batch already exist
2026-02-09 02:51:17,194 - ADV_Generation_eps_1.0_steps_100 - INFO - Batch 1616/3783: Clean accuracy 0.7655 | Adv accuracy: 0.0000 
2026-02-09 02:51:17,195 - ADV_Generation_eps_1.0_steps_100 - INFO - Batch:[1616] Adversarial images for this batch already exist
2026-02-09 02:51:17,347 - ADV_Generation_eps_1.0_steps_100 - INFO - Batch 1617/3783: Clean accuracy 0.7650 | Adv accuracy: 0.0000 
2026-02-09 02:51:17,348 - ADV_Generation_eps_1.0_steps_100 - INFO - Batch:[1617] Adversarial images for this batch already exist
2026-02-09 02:51:17,489 - ADV_Generation_eps_1.0_steps_100 - INFO - Batch 1618/3783: Clean accuracy 0.7645 | Adv accuracy: 0.0000 
2026-02-09 02:51:17,490 - ADV_Generation_eps_1.0_steps_100 - INFO - Batch:[1618] Adversarial images for this batch already exist
2026-02-09 02:51:17,624 - ADV_Generation_eps_1.0_steps_100 - INFO - Batch 1619/3783: Clean accuracy 0.7641 | Adv accuracy: 0.0000 
2026-02-09 02:51:17,625 - ADV_Generation_eps_1.0_steps_100 - INFO - Batch:[1619] Adversarial images for this batch already exist
2026-02-09 02:51:17,764 - ADV_Generation_eps_1.0_steps_100 - INFO - Batch 1620/3783: Clean accuracy 0.7636 | Adv accuracy: 0.0000 
2026-02-09 02:51:17,765 - ADV_Generation_eps_1.0_steps_100 - INFO - Batch:[1620] Adversarial images for this batch already exist
2026-02-09 02:51:17,905 - ADV_Generation_eps_1.0_steps_100 - INFO - Batch 1621/3783: Clean accuracy 0.7637 | Adv accuracy: 0.0000 
2026-02-09 02:51:17,906 - ADV_Generation_eps_1.0_steps_100 - INFO - Batch:[1621] Adversarial images for this batch already exist
2026-02-09 02:51:18,054 - ADV_Generation_eps_1.0_steps_100 - INFO - Batch 1622/3783: Clean accuracy 0.7639 | Adv accuracy: 0.0000 
2026-02-09 02:51:18,055 - ADV_Generation_eps_1.0_steps_100 - INFO - Batch:[1622] Adversarial images for this batch already exist
2026-02-09 02:51:18,198 - ADV_Generation_eps_1.0_steps_100 - INFO - Batch 1623/3783: Clean accuracy 0.7634 | Adv accuracy: 0.0000 
2026-02-09 02:51:18,199 - ADV_Generation_eps_1.0_steps_100 - INFO - Batch:[1623] Adversarial images for this batch already exist
2026-02-09 02:51:18,338 - ADV_Generation_eps_1.0_steps_100 - INFO - Batch 1624/3783: Clean accuracy 0.7635 | Adv accuracy: 0.0000 
2026-02-09 02:51:18,339 - ADV_Generation_eps_1.0_steps_100 - INFO - Batch:[1624] Adversarial images for this batch already exist
2026-02-09 02:51:18,478 - ADV_Generation_eps_1.0_steps_100 - INFO - Batch 1625/3783: Clean accuracy 0.7631 | Adv accuracy: 0.0000 
2026-02-09 02:51:18,479 - ADV_Generation_eps_1.0_steps_100 - INFO - Batch:[1625] Adversarial images for this batch already exist
2026-02-09 02:51:18,621 - ADV_Generation_eps_1.0_steps_100 - INFO - Batch 1626/3783: Clean accuracy 0.7626 | Adv accuracy: 0.0000 
2026-02-09 02:51:18,621 - ADV_Generation_eps_1.0_steps_100 - INFO - Batch:[1626] Adversarial images for this batch already exist
2026-02-09 02:51:18,764 - ADV_Generation_eps_1.0_steps_100 - INFO - Batch 1627/3783: Clean accuracy 0.7621 | Adv accuracy: 0.0000 
2026-02-09 02:51:18,766 - ADV_Generation_eps_1.0_steps_100 - INFO - Batch:[1627] Adversarial images for this batch already exist
2026-02-09 02:51:18,903 - ADV_Generation_eps_1.0_steps_100 - INFO - Batch 1628/3783: Clean accuracy 0.7623 | Adv accuracy: 0.0000 
2026-02-09 02:51:18,905 - ADV_Generation_eps_1.0_steps_100 - INFO - Batch:[1628] Adversarial images for this batch already exist
2026-02-09 02:51:19,075 - ADV_Generation_eps_1.0_steps_100 - INFO - Batch 1629/3783: Clean accuracy 0.7624 | Adv accuracy: 0.0000 
2026-02-09 02:51:19,076 - ADV_Generation_eps_1.0_steps_100 - INFO - Batch:[1629] Adversarial images for this batch already exist
2026-02-09 02:51:19,217 - ADV_Generation_eps_1.0_steps_100 - INFO - Batch 1630/3783: Clean accuracy 0.7626 | Adv accuracy: 0.0000 
2026-02-09 02:51:19,218 - ADV_Generation_eps_1.0_steps_100 - INFO - Batch:[1630] Adversarial images for this batch already exist
2026-02-09 02:51:19,375 - ADV_Generation_eps_1.0_steps_100 - INFO - Batch 1631/3783: Clean accuracy 0.7627 | Adv accuracy: 0.0000 
2026-02-09 02:51:19,376 - ADV_Generation_eps_1.0_steps_100 - INFO - Batch:[1631] Adversarial images for this batch already exist
2026-02-09 02:51:19,515 - ADV_Generation_eps_1.0_steps_100 - INFO - Batch 1632/3783: Clean accuracy 0.7629 | Adv accuracy: 0.0000 
2026-02-09 02:51:19,516 - ADV_Generation_eps_1.0_steps_100 - INFO - Batch:[1632] Adversarial images for this batch already exist
2026-02-09 02:51:19,655 - ADV_Generation_eps_1.0_steps_100 - INFO - Batch 1633/3783: Clean accuracy 0.7630 | Adv accuracy: 0.0000 
2026-02-09 02:51:19,657 - ADV_Generation_eps_1.0_steps_100 - INFO - Batch:[1633] Adversarial images for this batch already exist
2026-02-09 02:51:19,794 - ADV_Generation_eps_1.0_steps_100 - INFO - Batch 1634/3783: Clean accuracy 0.7632 | Adv accuracy: 0.0000 
2026-02-09 02:51:19,795 - ADV_Generation_eps_1.0_steps_100 - INFO - Batch:[1634] Adversarial images for this batch already exist
2026-02-09 02:51:19,954 - ADV_Generation_eps_1.0_steps_100 - INFO - Batch 1635/3783: Clean accuracy 0.7633 | Adv accuracy: 0.0000 
2026-02-09 02:51:19,955 - ADV_Generation_eps_1.0_steps_100 - INFO - Batch:[1635] Adversarial images for this batch already exist
2026-02-09 02:51:20,093 - ADV_Generation_eps_1.0_steps_100 - INFO - Batch 1636/3783: Clean accuracy 0.7634 | Adv accuracy: 0.0000 
2026-02-09 02:51:20,094 - ADV_Generation_eps_1.0_steps_100 - INFO - Batch:[1636] Adversarial images for this batch already exist
2026-02-09 02:51:20,233 - ADV_Generation_eps_1.0_steps_100 - INFO - Batch 1637/3783: Clean accuracy 0.7636 | Adv accuracy: 0.0000 
2026-02-09 02:51:20,234 - ADV_Generation_eps_1.0_steps_100 - INFO - Batch:[1637] Adversarial images for this batch already exist
2026-02-09 02:51:20,371 - ADV_Generation_eps_1.0_steps_100 - INFO - Batch 1638/3783: Clean accuracy 0.7637 | Adv accuracy: 0.0000 
2026-02-09 02:51:20,372 - ADV_Generation_eps_1.0_steps_100 - INFO - Batch:[1638] Adversarial images for this batch already exist
2026-02-09 02:51:20,516 - ADV_Generation_eps_1.0_steps_100 - INFO - Batch 1639/3783: Clean accuracy 0.7639 | Adv accuracy: 0.0000 
2026-02-09 02:51:20,517 - ADV_Generation_eps_1.0_steps_100 - INFO - Batch:[1639] Adversarial images for this batch already exist
2026-02-09 02:51:20,660 - ADV_Generation_eps_1.0_steps_100 - INFO - Batch 1640/3783: Clean accuracy 0.7634 | Adv accuracy: 0.0000 
2026-02-09 02:51:20,661 - ADV_Generation_eps_1.0_steps_100 - INFO - Batch:[1640] Adversarial images for this batch already exist
2026-02-09 02:51:20,801 - ADV_Generation_eps_1.0_steps_100 - INFO - Batch 1641/3783: Clean accuracy 0.7636 | Adv accuracy: 0.0000 
2026-02-09 02:51:20,802 - ADV_Generation_eps_1.0_steps_100 - INFO - Batch:[1641] Adversarial images for this batch already exist
2026-02-09 02:51:20,944 - ADV_Generation_eps_1.0_steps_100 - INFO - Batch 1642/3783: Clean accuracy 0.7631 | Adv accuracy: 0.0000 
2026-02-09 02:51:20,944 - ADV_Generation_eps_1.0_steps_100 - INFO - Batch:[1642] Adversarial images for this batch already exist
2026-02-09 02:51:21,082 - ADV_Generation_eps_1.0_steps_100 - INFO - Batch 1643/3783: Clean accuracy 0.7632 | Adv accuracy: 0.0000 
2026-02-09 02:51:21,083 - ADV_Generation_eps_1.0_steps_100 - INFO - Batch:[1643] Adversarial images for this batch already exist
2026-02-09 02:51:21,252 - ADV_Generation_eps_1.0_steps_100 - INFO - Batch 1644/3783: Clean accuracy 0.7634 | Adv accuracy: 0.0000 
2026-02-09 02:51:21,253 - ADV_Generation_eps_1.0_steps_100 - INFO - Batch:[1644] Adversarial images for this batch already exist
2026-02-09 02:51:21,394 - ADV_Generation_eps_1.0_steps_100 - INFO - Batch 1645/3783: Clean accuracy 0.7635 | Adv accuracy: 0.0000 
2026-02-09 02:51:21,395 - ADV_Generation_eps_1.0_steps_100 - INFO - Batch:[1645] Adversarial images for this batch already exist
2026-02-09 02:51:21,532 - ADV_Generation_eps_1.0_steps_100 - INFO - Batch 1646/3783: Clean accuracy 0.7637 | Adv accuracy: 0.0000 
2026-02-09 02:51:21,533 - ADV_Generation_eps_1.0_steps_100 - INFO - Batch:[1646] Adversarial images for this batch already exist
2026-02-09 02:51:21,671 - ADV_Generation_eps_1.0_steps_100 - INFO - Batch 1647/3783: Clean accuracy 0.7638 | Adv accuracy: 0.0000 
2026-02-09 02:51:21,672 - ADV_Generation_eps_1.0_steps_100 - INFO - Batch:[1647] Adversarial images for this batch already exist
2026-02-09 02:51:21,811 - ADV_Generation_eps_1.0_steps_100 - INFO - Batch 1648/3783: Clean accuracy 0.7640 | Adv accuracy: 0.0000 
2026-02-09 02:51:21,812 - ADV_Generation_eps_1.0_steps_100 - INFO - Batch:[1648] Adversarial images for this batch already exist
2026-02-09 02:51:21,955 - ADV_Generation_eps_1.0_steps_100 - INFO - Batch 1649/3783: Clean accuracy 0.7641 | Adv accuracy: 0.0000 
2026-02-09 02:51:21,956 - ADV_Generation_eps_1.0_steps_100 - INFO - Batch:[1649] Adversarial images for this batch already exist
2026-02-09 02:51:22,097 - ADV_Generation_eps_1.0_steps_100 - INFO - Batch 1650/3783: Clean accuracy 0.7642 | Adv accuracy: 0.0000 
2026-02-09 02:51:22,098 - ADV_Generation_eps_1.0_steps_100 - INFO - Batch:[1650] Adversarial images for this batch already exist
2026-02-09 02:51:22,231 - ADV_Generation_eps_1.0_steps_100 - INFO - Batch 1651/3783: Clean accuracy 0.7644 | Adv accuracy: 0.0000 
2026-02-09 02:51:22,232 - ADV_Generation_eps_1.0_steps_100 - INFO - Batch:[1651] Adversarial images for this batch already exist
2026-02-09 02:51:22,366 - ADV_Generation_eps_1.0_steps_100 - INFO - Batch 1652/3783: Clean accuracy 0.7645 | Adv accuracy: 0.0000 
2026-02-09 02:51:22,367 - ADV_Generation_eps_1.0_steps_100 - INFO - Batch:[1652] Adversarial images for this batch already exist
2026-02-09 02:51:22,516 - ADV_Generation_eps_1.0_steps_100 - INFO - Batch 1653/3783: Clean accuracy 0.7647 | Adv accuracy: 0.0000 
2026-02-09 02:51:22,518 - ADV_Generation_eps_1.0_steps_100 - INFO - Batch:[1653] Adversarial images for this batch already exist
2026-02-09 02:51:22,656 - ADV_Generation_eps_1.0_steps_100 - INFO - Batch 1654/3783: Clean accuracy 0.7648 | Adv accuracy: 0.0000 
2026-02-09 02:51:22,657 - ADV_Generation_eps_1.0_steps_100 - INFO - Batch:[1654] Adversarial images for this batch already exist
2026-02-09 02:51:22,804 - ADV_Generation_eps_1.0_steps_100 - INFO - Batch 1655/3783: Clean accuracy 0.7650 | Adv accuracy: 0.0000 
2026-02-09 02:51:22,805 - ADV_Generation_eps_1.0_steps_100 - INFO - Batch:[1655] Adversarial images for this batch already exist
2026-02-09 02:51:22,944 - ADV_Generation_eps_1.0_steps_100 - INFO - Batch 1656/3783: Clean accuracy 0.7651 | Adv accuracy: 0.0000 
2026-02-09 02:51:22,945 - ADV_Generation_eps_1.0_steps_100 - INFO - Batch:[1656] Adversarial images for this batch already exist
2026-02-09 02:51:23,089 - ADV_Generation_eps_1.0_steps_100 - INFO - Batch 1657/3783: Clean accuracy 0.7652 | Adv accuracy: 0.0000 
2026-02-09 02:51:23,090 - ADV_Generation_eps_1.0_steps_100 - INFO - Batch:[1657] Adversarial images for this batch already exist
2026-02-09 02:51:23,229 - ADV_Generation_eps_1.0_steps_100 - INFO - Batch 1658/3783: Clean accuracy 0.7654 | Adv accuracy: 0.0000 
2026-02-09 02:51:23,230 - ADV_Generation_eps_1.0_steps_100 - INFO - Batch:[1658] Adversarial images for this batch already exist
2026-02-09 02:51:23,378 - ADV_Generation_eps_1.0_steps_100 - INFO - Batch 1659/3783: Clean accuracy 0.7655 | Adv accuracy: 0.0000 
2026-02-09 02:51:23,379 - ADV_Generation_eps_1.0_steps_100 - INFO - Batch:[1659] Adversarial images for this batch already exist
2026-02-09 02:51:23,517 - ADV_Generation_eps_1.0_steps_100 - INFO - Batch 1660/3783: Clean accuracy 0.7651 | Adv accuracy: 0.0000 
2026-02-09 02:51:23,518 - ADV_Generation_eps_1.0_steps_100 - INFO - Batch:[1660] Adversarial images for this batch already exist
2026-02-09 02:51:23,658 - ADV_Generation_eps_1.0_steps_100 - INFO - Batch 1661/3783: Clean accuracy 0.7652 | Adv accuracy: 0.0000 
2026-02-09 02:51:23,659 - ADV_Generation_eps_1.0_steps_100 - INFO - Batch:[1661] Adversarial images for this batch already exist
2026-02-09 02:51:23,797 - ADV_Generation_eps_1.0_steps_100 - INFO - Batch 1662/3783: Clean accuracy 0.7653 | Adv accuracy: 0.0000 
2026-02-09 02:51:23,798 - ADV_Generation_eps_1.0_steps_100 - INFO - Batch:[1662] Adversarial images for this batch already exist
2026-02-09 02:51:23,930 - ADV_Generation_eps_1.0_steps_100 - INFO - Batch 1663/3783: Clean accuracy 0.7655 | Adv accuracy: 0.0000 
2026-02-09 02:51:23,931 - ADV_Generation_eps_1.0_steps_100 - INFO - Batch:[1663] Adversarial images for this batch already exist
2026-02-09 02:51:24,071 - ADV_Generation_eps_1.0_steps_100 - INFO - Batch 1664/3783: Clean accuracy 0.7656 | Adv accuracy: 0.0000 
2026-02-09 02:51:24,071 - ADV_Generation_eps_1.0_steps_100 - INFO - Batch:[1664] Adversarial images for this batch already exist
2026-02-09 02:51:24,205 - ADV_Generation_eps_1.0_steps_100 - INFO - Batch 1665/3783: Clean accuracy 0.7658 | Adv accuracy: 0.0000 
2026-02-09 02:51:24,206 - ADV_Generation_eps_1.0_steps_100 - INFO - Batch:[1665] Adversarial images for this batch already exist
2026-02-09 02:51:24,353 - ADV_Generation_eps_1.0_steps_100 - INFO - Batch 1666/3783: Clean accuracy 0.7659 | Adv accuracy: 0.0000 
2026-02-09 02:51:24,354 - ADV_Generation_eps_1.0_steps_100 - INFO - Batch:[1666] Adversarial images for this batch already exist
2026-02-09 02:51:24,489 - ADV_Generation_eps_1.0_steps_100 - INFO - Batch 1667/3783: Clean accuracy 0.7654 | Adv accuracy: 0.0000 
2026-02-09 02:51:24,490 - ADV_Generation_eps_1.0_steps_100 - INFO - Batch:[1667] Adversarial images for this batch already exist
2026-02-09 02:51:24,638 - ADV_Generation_eps_1.0_steps_100 - INFO - Batch 1668/3783: Clean accuracy 0.7656 | Adv accuracy: 0.0000 
2026-02-09 02:51:24,640 - ADV_Generation_eps_1.0_steps_100 - INFO - Batch:[1668] Adversarial images for this batch already exist
2026-02-09 02:51:24,788 - ADV_Generation_eps_1.0_steps_100 - INFO - Batch 1669/3783: Clean accuracy 0.7657 | Adv accuracy: 0.0000 
2026-02-09 02:51:24,789 - ADV_Generation_eps_1.0_steps_100 - INFO - Batch:[1669] Adversarial images for this batch already exist
2026-02-09 02:51:24,927 - ADV_Generation_eps_1.0_steps_100 - INFO - Batch 1670/3783: Clean accuracy 0.7659 | Adv accuracy: 0.0000 
2026-02-09 02:51:24,927 - ADV_Generation_eps_1.0_steps_100 - INFO - Batch:[1670] Adversarial images for this batch already exist
2026-02-09 02:51:25,075 - ADV_Generation_eps_1.0_steps_100 - INFO - Batch 1671/3783: Clean accuracy 0.7660 | Adv accuracy: 0.0000 
2026-02-09 02:51:25,076 - ADV_Generation_eps_1.0_steps_100 - INFO - Batch:[1671] Adversarial images for this batch already exist
2026-02-09 02:51:25,210 - ADV_Generation_eps_1.0_steps_100 - INFO - Batch 1672/3783: Clean accuracy 0.7661 | Adv accuracy: 0.0000 
2026-02-09 02:51:25,211 - ADV_Generation_eps_1.0_steps_100 - INFO - Batch:[1672] Adversarial images for this batch already exist
2026-02-09 02:51:25,348 - ADV_Generation_eps_1.0_steps_100 - INFO - Batch 1673/3783: Clean accuracy 0.7663 | Adv accuracy: 0.0000 
2026-02-09 02:51:25,349 - ADV_Generation_eps_1.0_steps_100 - INFO - Batch:[1673] Adversarial images for this batch already exist
2026-02-09 02:51:25,486 - ADV_Generation_eps_1.0_steps_100 - INFO - Batch 1674/3783: Clean accuracy 0.7664 | Adv accuracy: 0.0000 
2026-02-09 02:51:25,487 - ADV_Generation_eps_1.0_steps_100 - INFO - Batch:[1674] Adversarial images for this batch already exist
2026-02-09 02:51:25,656 - ADV_Generation_eps_1.0_steps_100 - INFO - Batch 1675/3783: Clean accuracy 0.7666 | Adv accuracy: 0.0000 
2026-02-09 02:51:25,656 - ADV_Generation_eps_1.0_steps_100 - INFO - Batch:[1675] Adversarial images for this batch already exist
2026-02-09 02:51:25,796 - ADV_Generation_eps_1.0_steps_100 - INFO - Batch 1676/3783: Clean accuracy 0.7667 | Adv accuracy: 0.0000 
2026-02-09 02:51:25,797 - ADV_Generation_eps_1.0_steps_100 - INFO - Batch:[1676] Adversarial images for this batch already exist
2026-02-09 02:51:25,937 - ADV_Generation_eps_1.0_steps_100 - INFO - Batch 1677/3783: Clean accuracy 0.7668 | Adv accuracy: 0.0000 
2026-02-09 02:51:25,938 - ADV_Generation_eps_1.0_steps_100 - INFO - Batch:[1677] Adversarial images for this batch already exist
2026-02-09 02:51:26,105 - ADV_Generation_eps_1.0_steps_100 - INFO - Batch 1678/3783: Clean accuracy 0.7670 | Adv accuracy: 0.0000 
2026-02-09 02:51:26,106 - ADV_Generation_eps_1.0_steps_100 - INFO - Batch:[1678] Adversarial images for this batch already exist
2026-02-09 02:51:26,249 - ADV_Generation_eps_1.0_steps_100 - INFO - Batch 1679/3783: Clean accuracy 0.7671 | Adv accuracy: 0.0000 
2026-02-09 02:51:26,251 - ADV_Generation_eps_1.0_steps_100 - INFO - Batch:[1679] Adversarial images for this batch already exist
2026-02-09 02:51:26,389 - ADV_Generation_eps_1.0_steps_100 - INFO - Batch 1680/3783: Clean accuracy 0.7673 | Adv accuracy: 0.0000 
2026-02-09 02:51:26,390 - ADV_Generation_eps_1.0_steps_100 - INFO - Batch:[1680] Adversarial images for this batch already exist
2026-02-09 02:51:26,526 - ADV_Generation_eps_1.0_steps_100 - INFO - Batch 1681/3783: Clean accuracy 0.7674 | Adv accuracy: 0.0000 
2026-02-09 02:51:26,527 - ADV_Generation_eps_1.0_steps_100 - INFO - Batch:[1681] Adversarial images for this batch already exist
2026-02-09 02:51:26,710 - ADV_Generation_eps_1.0_steps_100 - INFO - Batch 1682/3783: Clean accuracy 0.7675 | Adv accuracy: 0.0000 
2026-02-09 02:51:26,711 - ADV_Generation_eps_1.0_steps_100 - INFO - Batch:[1682] Adversarial images for this batch already exist
2026-02-09 02:51:26,873 - ADV_Generation_eps_1.0_steps_100 - INFO - Batch 1683/3783: Clean accuracy 0.7677 | Adv accuracy: 0.0000 
2026-02-09 02:51:26,874 - ADV_Generation_eps_1.0_steps_100 - INFO - Batch:[1683] Adversarial images for this batch already exist
2026-02-09 02:51:27,013 - ADV_Generation_eps_1.0_steps_100 - INFO - Batch 1684/3783: Clean accuracy 0.7672 | Adv accuracy: 0.0000 
2026-02-09 02:51:27,014 - ADV_Generation_eps_1.0_steps_100 - INFO - Batch:[1684] Adversarial images for this batch already exist
2026-02-09 02:51:27,149 - ADV_Generation_eps_1.0_steps_100 - INFO - Batch 1685/3783: Clean accuracy 0.7668 | Adv accuracy: 0.0000 
2026-02-09 02:51:27,150 - ADV_Generation_eps_1.0_steps_100 - INFO - Batch:[1685] Adversarial images for this batch already exist
2026-02-09 02:51:27,289 - ADV_Generation_eps_1.0_steps_100 - INFO - Batch 1686/3783: Clean accuracy 0.7663 | Adv accuracy: 0.0000 
2026-02-09 02:51:27,290 - ADV_Generation_eps_1.0_steps_100 - INFO - Batch:[1686] Adversarial images for this batch already exist
2026-02-09 02:51:27,434 - ADV_Generation_eps_1.0_steps_100 - INFO - Batch 1687/3783: Clean accuracy 0.7659 | Adv accuracy: 0.0000 
2026-02-09 02:51:27,435 - ADV_Generation_eps_1.0_steps_100 - INFO - Batch:[1687] Adversarial images for this batch already exist
2026-02-09 02:51:27,574 - ADV_Generation_eps_1.0_steps_100 - INFO - Batch 1688/3783: Clean accuracy 0.7654 | Adv accuracy: 0.0000 
2026-02-09 02:51:27,575 - ADV_Generation_eps_1.0_steps_100 - INFO - Batch:[1688] Adversarial images for this batch already exist
2026-02-09 02:51:27,714 - ADV_Generation_eps_1.0_steps_100 - INFO - Batch 1689/3783: Clean accuracy 0.7655 | Adv accuracy: 0.0000 
2026-02-09 02:51:27,715 - ADV_Generation_eps_1.0_steps_100 - INFO - Batch:[1689] Adversarial images for this batch already exist
2026-02-09 02:51:27,853 - ADV_Generation_eps_1.0_steps_100 - INFO - Batch 1690/3783: Clean accuracy 0.7657 | Adv accuracy: 0.0000 
2026-02-09 02:51:27,853 - ADV_Generation_eps_1.0_steps_100 - INFO - Batch:[1690] Adversarial images for this batch already exist
2026-02-09 02:51:27,993 - ADV_Generation_eps_1.0_steps_100 - INFO - Batch 1691/3783: Clean accuracy 0.7652 | Adv accuracy: 0.0000 
2026-02-09 02:51:27,994 - ADV_Generation_eps_1.0_steps_100 - INFO - Batch:[1691] Adversarial images for this batch already exist
2026-02-09 02:51:28,132 - ADV_Generation_eps_1.0_steps_100 - INFO - Batch 1692/3783: Clean accuracy 0.7648 | Adv accuracy: 0.0000 
2026-02-09 02:51:28,133 - ADV_Generation_eps_1.0_steps_100 - INFO - Batch:[1692] Adversarial images for this batch already exist
2026-02-09 02:51:28,279 - ADV_Generation_eps_1.0_steps_100 - INFO - Batch 1693/3783: Clean accuracy 0.7643 | Adv accuracy: 0.0000 
2026-02-09 02:51:28,280 - ADV_Generation_eps_1.0_steps_100 - INFO - Batch:[1693] Adversarial images for this batch already exist
2026-02-09 02:51:28,435 - ADV_Generation_eps_1.0_steps_100 - INFO - Batch 1694/3783: Clean accuracy 0.7645 | Adv accuracy: 0.0000 
2026-02-09 02:51:28,436 - ADV_Generation_eps_1.0_steps_100 - INFO - Batch:[1694] Adversarial images for this batch already exist
2026-02-09 02:51:28,589 - ADV_Generation_eps_1.0_steps_100 - INFO - Batch 1695/3783: Clean accuracy 0.7640 | Adv accuracy: 0.0000 
2026-02-09 02:51:28,590 - ADV_Generation_eps_1.0_steps_100 - INFO - Batch:[1695] Adversarial images for this batch already exist
2026-02-09 02:51:28,729 - ADV_Generation_eps_1.0_steps_100 - INFO - Batch 1696/3783: Clean accuracy 0.7642 | Adv accuracy: 0.0000 
2026-02-09 02:51:28,730 - ADV_Generation_eps_1.0_steps_100 - INFO - Batch:[1696] Adversarial images for this batch already exist
2026-02-09 02:51:28,868 - ADV_Generation_eps_1.0_steps_100 - INFO - Batch 1697/3783: Clean accuracy 0.7637 | Adv accuracy: 0.0000 
2026-02-09 02:51:28,869 - ADV_Generation_eps_1.0_steps_100 - INFO - Batch:[1697] Adversarial images for this batch already exist
2026-02-09 02:51:29,006 - ADV_Generation_eps_1.0_steps_100 - INFO - Batch 1698/3783: Clean accuracy 0.7633 | Adv accuracy: 0.0000 
2026-02-09 02:51:29,007 - ADV_Generation_eps_1.0_steps_100 - INFO - Batch:[1698] Adversarial images for this batch already exist
2026-02-09 02:51:29,146 - ADV_Generation_eps_1.0_steps_100 - INFO - Batch 1699/3783: Clean accuracy 0.7628 | Adv accuracy: 0.0000 
2026-02-09 02:51:29,147 - ADV_Generation_eps_1.0_steps_100 - INFO - Batch:[1699] Adversarial images for this batch already exist
2026-02-09 02:51:29,287 - ADV_Generation_eps_1.0_steps_100 - INFO - Batch 1700/3783: Clean accuracy 0.7624 | Adv accuracy: 0.0000 
2026-02-09 02:51:29,288 - ADV_Generation_eps_1.0_steps_100 - INFO - Batch:[1700] Adversarial images for this batch already exist
2026-02-09 02:51:29,426 - ADV_Generation_eps_1.0_steps_100 - INFO - Batch 1701/3783: Clean accuracy 0.7625 | Adv accuracy: 0.0000 
2026-02-09 02:51:29,427 - ADV_Generation_eps_1.0_steps_100 - INFO - Batch:[1701] Adversarial images for this batch already exist
2026-02-09 02:51:29,565 - ADV_Generation_eps_1.0_steps_100 - INFO - Batch 1702/3783: Clean accuracy 0.7620 | Adv accuracy: 0.0000 
2026-02-09 02:51:29,566 - ADV_Generation_eps_1.0_steps_100 - INFO - Batch:[1702] Adversarial images for this batch already exist
2026-02-09 02:51:29,701 - ADV_Generation_eps_1.0_steps_100 - INFO - Batch 1703/3783: Clean accuracy 0.7616 | Adv accuracy: 0.0000 
2026-02-09 02:51:29,702 - ADV_Generation_eps_1.0_steps_100 - INFO - Batch:[1703] Adversarial images for this batch already exist
2026-02-09 02:51:29,840 - ADV_Generation_eps_1.0_steps_100 - INFO - Batch 1704/3783: Clean accuracy 0.7617 | Adv accuracy: 0.0000 
2026-02-09 02:51:29,841 - ADV_Generation_eps_1.0_steps_100 - INFO - Batch:[1704] Adversarial images for this batch already exist
2026-02-09 02:51:29,979 - ADV_Generation_eps_1.0_steps_100 - INFO - Batch 1705/3783: Clean accuracy 0.7613 | Adv accuracy: 0.0000 
2026-02-09 02:51:29,980 - ADV_Generation_eps_1.0_steps_100 - INFO - Batch:[1705] Adversarial images for this batch already exist
2026-02-09 02:51:30,120 - ADV_Generation_eps_1.0_steps_100 - INFO - Batch 1706/3783: Clean accuracy 0.7608 | Adv accuracy: 0.0000 
2026-02-09 02:51:30,121 - ADV_Generation_eps_1.0_steps_100 - INFO - Batch:[1706] Adversarial images for this batch already exist
2026-02-09 02:51:30,259 - ADV_Generation_eps_1.0_steps_100 - INFO - Batch 1707/3783: Clean accuracy 0.7604 | Adv accuracy: 0.0000 
2026-02-09 02:51:30,260 - ADV_Generation_eps_1.0_steps_100 - INFO - Batch:[1707] Adversarial images for this batch already exist
2026-02-09 02:51:30,396 - ADV_Generation_eps_1.0_steps_100 - INFO - Batch 1708/3783: Clean accuracy 0.7605 | Adv accuracy: 0.0000 
2026-02-09 02:51:30,397 - ADV_Generation_eps_1.0_steps_100 - INFO - Batch:[1708] Adversarial images for this batch already exist
2026-02-09 02:51:30,643 - ADV_Generation_eps_1.0_steps_100 - INFO - Batch 1709/3783: Clean accuracy 0.7601 | Adv accuracy: 0.0000 
2026-02-09 02:51:30,644 - ADV_Generation_eps_1.0_steps_100 - INFO - Batch:[1709] Adversarial images for this batch already exist
2026-02-09 02:51:30,780 - ADV_Generation_eps_1.0_steps_100 - INFO - Batch 1710/3783: Clean accuracy 0.7596 | Adv accuracy: 0.0000 
2026-02-09 02:51:30,781 - ADV_Generation_eps_1.0_steps_100 - INFO - Batch:[1710] Adversarial images for this batch already exist
2026-02-09 02:51:30,918 - ADV_Generation_eps_1.0_steps_100 - INFO - Batch 1711/3783: Clean accuracy 0.7592 | Adv accuracy: 0.0000 
2026-02-09 02:51:30,919 - ADV_Generation_eps_1.0_steps_100 - INFO - Batch:[1711] Adversarial images for this batch already exist
2026-02-09 02:51:31,054 - ADV_Generation_eps_1.0_steps_100 - INFO - Batch 1712/3783: Clean accuracy 0.7588 | Adv accuracy: 0.0000 
2026-02-09 02:51:31,055 - ADV_Generation_eps_1.0_steps_100 - INFO - Batch:[1712] Adversarial images for this batch already exist
2026-02-09 02:51:31,195 - ADV_Generation_eps_1.0_steps_100 - INFO - Batch 1713/3783: Clean accuracy 0.7583 | Adv accuracy: 0.0000 
2026-02-09 02:51:31,196 - ADV_Generation_eps_1.0_steps_100 - INFO - Batch:[1713] Adversarial images for this batch already exist
2026-02-09 02:51:31,336 - ADV_Generation_eps_1.0_steps_100 - INFO - Batch 1714/3783: Clean accuracy 0.7579 | Adv accuracy: 0.0000 
2026-02-09 02:51:31,337 - ADV_Generation_eps_1.0_steps_100 - INFO - Batch:[1714] Adversarial images for this batch already exist
2026-02-09 02:51:31,487 - ADV_Generation_eps_1.0_steps_100 - INFO - Batch 1715/3783: Clean accuracy 0.7580 | Adv accuracy: 0.0000 
2026-02-09 02:51:31,488 - ADV_Generation_eps_1.0_steps_100 - INFO - Batch:[1715] Adversarial images for this batch already exist
2026-02-09 02:51:31,625 - ADV_Generation_eps_1.0_steps_100 - INFO - Batch 1716/3783: Clean accuracy 0.7582 | Adv accuracy: 0.0000 
2026-02-09 02:51:31,626 - ADV_Generation_eps_1.0_steps_100 - INFO - Batch:[1716] Adversarial images for this batch already exist
2026-02-09 02:51:31,770 - ADV_Generation_eps_1.0_steps_100 - INFO - Batch 1717/3783: Clean accuracy 0.7583 | Adv accuracy: 0.0000 
2026-02-09 02:51:31,771 - ADV_Generation_eps_1.0_steps_100 - INFO - Batch:[1717] Adversarial images for this batch already exist
2026-02-09 02:51:31,909 - ADV_Generation_eps_1.0_steps_100 - INFO - Batch 1718/3783: Clean accuracy 0.7584 | Adv accuracy: 0.0000 
2026-02-09 02:51:31,910 - ADV_Generation_eps_1.0_steps_100 - INFO - Batch:[1718] Adversarial images for this batch already exist
2026-02-09 02:51:32,048 - ADV_Generation_eps_1.0_steps_100 - INFO - Batch 1719/3783: Clean accuracy 0.7586 | Adv accuracy: 0.0000 
2026-02-09 02:51:32,049 - ADV_Generation_eps_1.0_steps_100 - INFO - Batch:[1719] Adversarial images for this batch already exist
2026-02-09 02:51:32,188 - ADV_Generation_eps_1.0_steps_100 - INFO - Batch 1720/3783: Clean accuracy 0.7587 | Adv accuracy: 0.0000 
2026-02-09 02:51:32,189 - ADV_Generation_eps_1.0_steps_100 - INFO - Batch:[1720] Adversarial images for this batch already exist
2026-02-09 02:51:32,321 - ADV_Generation_eps_1.0_steps_100 - INFO - Batch 1721/3783: Clean accuracy 0.7589 | Adv accuracy: 0.0000 
2026-02-09 02:51:32,322 - ADV_Generation_eps_1.0_steps_100 - INFO - Batch:[1721] Adversarial images for this batch already exist
2026-02-09 02:51:32,460 - ADV_Generation_eps_1.0_steps_100 - INFO - Batch 1722/3783: Clean accuracy 0.7584 | Adv accuracy: 0.0000 
2026-02-09 02:51:32,461 - ADV_Generation_eps_1.0_steps_100 - INFO - Batch:[1722] Adversarial images for this batch already exist
2026-02-09 02:51:32,599 - ADV_Generation_eps_1.0_steps_100 - INFO - Batch 1723/3783: Clean accuracy 0.7586 | Adv accuracy: 0.0000 
2026-02-09 02:51:32,599 - ADV_Generation_eps_1.0_steps_100 - INFO - Batch:[1723] Adversarial images for this batch already exist
2026-02-09 02:51:32,738 - ADV_Generation_eps_1.0_steps_100 - INFO - Batch 1724/3783: Clean accuracy 0.7581 | Adv accuracy: 0.0000 
2026-02-09 02:51:32,739 - ADV_Generation_eps_1.0_steps_100 - INFO - Batch:[1724] Adversarial images for this batch already exist
2026-02-09 02:51:32,946 - ADV_Generation_eps_1.0_steps_100 - INFO - Batch 1725/3783: Clean accuracy 0.7583 | Adv accuracy: 0.0000 
2026-02-09 02:51:32,947 - ADV_Generation_eps_1.0_steps_100 - INFO - Batch:[1725] Adversarial images for this batch already exist
2026-02-09 02:51:33,087 - ADV_Generation_eps_1.0_steps_100 - INFO - Batch 1726/3783: Clean accuracy 0.7584 | Adv accuracy: 0.0000 
2026-02-09 02:51:33,088 - ADV_Generation_eps_1.0_steps_100 - INFO - Batch:[1726] Adversarial images for this batch already exist
2026-02-09 02:51:33,226 - ADV_Generation_eps_1.0_steps_100 - INFO - Batch 1727/3783: Clean accuracy 0.7585 | Adv accuracy: 0.0000 
2026-02-09 02:51:33,227 - ADV_Generation_eps_1.0_steps_100 - INFO - Batch:[1727] Adversarial images for this batch already exist
2026-02-09 02:51:33,364 - ADV_Generation_eps_1.0_steps_100 - INFO - Batch 1728/3783: Clean accuracy 0.7587 | Adv accuracy: 0.0000 
2026-02-09 02:51:33,365 - ADV_Generation_eps_1.0_steps_100 - INFO - Batch:[1728] Adversarial images for this batch already exist
2026-02-09 02:51:33,505 - ADV_Generation_eps_1.0_steps_100 - INFO - Batch 1729/3783: Clean accuracy 0.7588 | Adv accuracy: 0.0000 
2026-02-09 02:51:33,506 - ADV_Generation_eps_1.0_steps_100 - INFO - Batch:[1729] Adversarial images for this batch already exist
2026-02-09 02:51:33,645 - ADV_Generation_eps_1.0_steps_100 - INFO - Batch 1730/3783: Clean accuracy 0.7590 | Adv accuracy: 0.0000 
2026-02-09 02:51:33,646 - ADV_Generation_eps_1.0_steps_100 - INFO - Batch:[1730] Adversarial images for this batch already exist
2026-02-09 02:51:33,785 - ADV_Generation_eps_1.0_steps_100 - INFO - Batch 1731/3783: Clean accuracy 0.7585 | Adv accuracy: 0.0000 
2026-02-09 02:51:33,786 - ADV_Generation_eps_1.0_steps_100 - INFO - Batch:[1731] Adversarial images for this batch already exist
2026-02-09 02:51:33,923 - ADV_Generation_eps_1.0_steps_100 - INFO - Batch 1732/3783: Clean accuracy 0.7581 | Adv accuracy: 0.0000 
2026-02-09 02:51:33,924 - ADV_Generation_eps_1.0_steps_100 - INFO - Batch:[1732] Adversarial images for this batch already exist
2026-02-09 02:51:34,061 - ADV_Generation_eps_1.0_steps_100 - INFO - Batch 1733/3783: Clean accuracy 0.7582 | Adv accuracy: 0.0000 
2026-02-09 02:51:34,062 - ADV_Generation_eps_1.0_steps_100 - INFO - Batch:[1733] Adversarial images for this batch already exist
2026-02-09 02:51:34,201 - ADV_Generation_eps_1.0_steps_100 - INFO - Batch 1734/3783: Clean accuracy 0.7584 | Adv accuracy: 0.0000 
2026-02-09 02:51:34,201 - ADV_Generation_eps_1.0_steps_100 - INFO - Batch:[1734] Adversarial images for this batch already exist
2026-02-09 02:51:34,346 - ADV_Generation_eps_1.0_steps_100 - INFO - Batch 1735/3783: Clean accuracy 0.7579 | Adv accuracy: 0.0000 
2026-02-09 02:51:34,347 - ADV_Generation_eps_1.0_steps_100 - INFO - Batch:[1735] Adversarial images for this batch already exist
2026-02-09 02:51:34,481 - ADV_Generation_eps_1.0_steps_100 - INFO - Batch 1736/3783: Clean accuracy 0.7575 | Adv accuracy: 0.0000 
2026-02-09 02:51:34,482 - ADV_Generation_eps_1.0_steps_100 - INFO - Batch:[1736] Adversarial images for this batch already exist
2026-02-09 02:51:34,626 - ADV_Generation_eps_1.0_steps_100 - INFO - Batch 1737/3783: Clean accuracy 0.7571 | Adv accuracy: 0.0000 
2026-02-09 02:51:34,627 - ADV_Generation_eps_1.0_steps_100 - INFO - Batch:[1737] Adversarial images for this batch already exist
2026-02-09 02:51:34,788 - ADV_Generation_eps_1.0_steps_100 - INFO - Batch 1738/3783: Clean accuracy 0.7572 | Adv accuracy: 0.0000 
2026-02-09 02:51:34,789 - ADV_Generation_eps_1.0_steps_100 - INFO - Batch:[1738] Adversarial images for this batch already exist
2026-02-09 02:51:34,929 - ADV_Generation_eps_1.0_steps_100 - INFO - Batch 1739/3783: Clean accuracy 0.7573 | Adv accuracy: 0.0000 
2026-02-09 02:51:34,930 - ADV_Generation_eps_1.0_steps_100 - INFO - Batch:[1739] Adversarial images for this batch already exist
2026-02-09 02:51:35,066 - ADV_Generation_eps_1.0_steps_100 - INFO - Batch 1740/3783: Clean accuracy 0.7575 | Adv accuracy: 0.0000 
2026-02-09 02:51:35,066 - ADV_Generation_eps_1.0_steps_100 - INFO - Batch:[1740] Adversarial images for this batch already exist
2026-02-09 02:51:35,204 - ADV_Generation_eps_1.0_steps_100 - INFO - Batch 1741/3783: Clean accuracy 0.7576 | Adv accuracy: 0.0000 
2026-02-09 02:51:35,205 - ADV_Generation_eps_1.0_steps_100 - INFO - Batch:[1741] Adversarial images for this batch already exist
2026-02-09 02:51:35,342 - ADV_Generation_eps_1.0_steps_100 - INFO - Batch 1742/3783: Clean accuracy 0.7577 | Adv accuracy: 0.0000 
2026-02-09 02:51:35,343 - ADV_Generation_eps_1.0_steps_100 - INFO - Batch:[1742] Adversarial images for this batch already exist
2026-02-09 02:51:35,486 - ADV_Generation_eps_1.0_steps_100 - INFO - Batch 1743/3783: Clean accuracy 0.7579 | Adv accuracy: 0.0000 
2026-02-09 02:51:35,487 - ADV_Generation_eps_1.0_steps_100 - INFO - Batch:[1743] Adversarial images for this batch already exist
2026-02-09 02:51:35,625 - ADV_Generation_eps_1.0_steps_100 - INFO - Batch 1744/3783: Clean accuracy 0.7575 | Adv accuracy: 0.0000 
2026-02-09 02:51:35,626 - ADV_Generation_eps_1.0_steps_100 - INFO - Batch:[1744] Adversarial images for this batch already exist
2026-02-09 02:51:35,772 - ADV_Generation_eps_1.0_steps_100 - INFO - Batch 1745/3783: Clean accuracy 0.7570 | Adv accuracy: 0.0000 
2026-02-09 02:51:35,773 - ADV_Generation_eps_1.0_steps_100 - INFO - Batch:[1745] Adversarial images for this batch already exist
2026-02-09 02:51:35,915 - ADV_Generation_eps_1.0_steps_100 - INFO - Batch 1746/3783: Clean accuracy 0.7572 | Adv accuracy: 0.0000 
2026-02-09 02:51:35,916 - ADV_Generation_eps_1.0_steps_100 - INFO - Batch:[1746] Adversarial images for this batch already exist
2026-02-09 02:51:36,056 - ADV_Generation_eps_1.0_steps_100 - INFO - Batch 1747/3783: Clean accuracy 0.7573 | Adv accuracy: 0.0000 
2026-02-09 02:51:36,057 - ADV_Generation_eps_1.0_steps_100 - INFO - Batch:[1747] Adversarial images for this batch already exist
2026-02-09 02:51:36,192 - ADV_Generation_eps_1.0_steps_100 - INFO - Batch 1748/3783: Clean accuracy 0.7569 | Adv accuracy: 0.0000 
2026-02-09 02:51:36,193 - ADV_Generation_eps_1.0_steps_100 - INFO - Batch:[1748] Adversarial images for this batch already exist
2026-02-09 02:51:36,330 - ADV_Generation_eps_1.0_steps_100 - INFO - Batch 1749/3783: Clean accuracy 0.7570 | Adv accuracy: 0.0000 
2026-02-09 02:51:36,331 - ADV_Generation_eps_1.0_steps_100 - INFO - Batch:[1749] Adversarial images for this batch already exist
2026-02-09 02:51:36,467 - ADV_Generation_eps_1.0_steps_100 - INFO - Batch 1750/3783: Clean accuracy 0.7566 | Adv accuracy: 0.0000 
2026-02-09 02:51:36,468 - ADV_Generation_eps_1.0_steps_100 - INFO - Batch:[1750] Adversarial images for this batch already exist
2026-02-09 02:51:36,631 - ADV_Generation_eps_1.0_steps_100 - INFO - Batch 1751/3783: Clean accuracy 0.7561 | Adv accuracy: 0.0000 
2026-02-09 02:51:36,632 - ADV_Generation_eps_1.0_steps_100 - INFO - Batch:[1751] Adversarial images for this batch already exist
2026-02-09 02:51:36,804 - ADV_Generation_eps_1.0_steps_100 - INFO - Batch 1752/3783: Clean accuracy 0.7557 | Adv accuracy: 0.0000 
2026-02-09 02:51:36,805 - ADV_Generation_eps_1.0_steps_100 - INFO - Batch:[1752] Adversarial images for this batch already exist
2026-02-09 02:51:36,942 - ADV_Generation_eps_1.0_steps_100 - INFO - Batch 1753/3783: Clean accuracy 0.7553 | Adv accuracy: 0.0000 
2026-02-09 02:51:36,943 - ADV_Generation_eps_1.0_steps_100 - INFO - Batch:[1753] Adversarial images for this batch already exist
2026-02-09 02:51:37,081 - ADV_Generation_eps_1.0_steps_100 - INFO - Batch 1754/3783: Clean accuracy 0.7548 | Adv accuracy: 0.0000 
2026-02-09 02:51:37,082 - ADV_Generation_eps_1.0_steps_100 - INFO - Batch:[1754] Adversarial images for this batch already exist
2026-02-09 02:51:37,220 - ADV_Generation_eps_1.0_steps_100 - INFO - Batch 1755/3783: Clean accuracy 0.7544 | Adv accuracy: 0.0000 
2026-02-09 02:51:37,221 - ADV_Generation_eps_1.0_steps_100 - INFO - Batch:[1755] Adversarial images for this batch already exist
2026-02-09 02:51:37,360 - ADV_Generation_eps_1.0_steps_100 - INFO - Batch 1756/3783: Clean accuracy 0.7540 | Adv accuracy: 0.0000 
2026-02-09 02:51:37,361 - ADV_Generation_eps_1.0_steps_100 - INFO - Batch:[1756] Adversarial images for this batch already exist
2026-02-09 02:51:37,500 - ADV_Generation_eps_1.0_steps_100 - INFO - Batch 1757/3783: Clean accuracy 0.7536 | Adv accuracy: 0.0000 
2026-02-09 02:51:37,501 - ADV_Generation_eps_1.0_steps_100 - INFO - Batch:[1757] Adversarial images for this batch already exist
2026-02-09 02:51:37,639 - ADV_Generation_eps_1.0_steps_100 - INFO - Batch 1758/3783: Clean accuracy 0.7537 | Adv accuracy: 0.0000 
2026-02-09 02:51:37,640 - ADV_Generation_eps_1.0_steps_100 - INFO - Batch:[1758] Adversarial images for this batch already exist
2026-02-09 02:51:37,780 - ADV_Generation_eps_1.0_steps_100 - INFO - Batch 1759/3783: Clean accuracy 0.7533 | Adv accuracy: 0.0000 
2026-02-09 02:51:37,782 - ADV_Generation_eps_1.0_steps_100 - INFO - Batch:[1759] Adversarial images for this batch already exist
2026-02-09 02:51:37,927 - ADV_Generation_eps_1.0_steps_100 - INFO - Batch 1760/3783: Clean accuracy 0.7534 | Adv accuracy: 0.0000 
2026-02-09 02:51:37,928 - ADV_Generation_eps_1.0_steps_100 - INFO - Batch:[1760] Adversarial images for this batch already exist
2026-02-09 02:51:38,067 - ADV_Generation_eps_1.0_steps_100 - INFO - Batch 1761/3783: Clean accuracy 0.7530 | Adv accuracy: 0.0000 
2026-02-09 02:51:38,068 - ADV_Generation_eps_1.0_steps_100 - INFO - Batch:[1761] Adversarial images for this batch already exist
2026-02-09 02:51:38,206 - ADV_Generation_eps_1.0_steps_100 - INFO - Batch 1762/3783: Clean accuracy 0.7526 | Adv accuracy: 0.0000 
2026-02-09 02:51:38,207 - ADV_Generation_eps_1.0_steps_100 - INFO - Batch:[1762] Adversarial images for this batch already exist
2026-02-09 02:51:38,348 - ADV_Generation_eps_1.0_steps_100 - INFO - Batch 1763/3783: Clean accuracy 0.7521 | Adv accuracy: 0.0000 
2026-02-09 02:51:38,349 - ADV_Generation_eps_1.0_steps_100 - INFO - Batch:[1763] Adversarial images for this batch already exist
2026-02-09 02:51:38,491 - ADV_Generation_eps_1.0_steps_100 - INFO - Batch 1764/3783: Clean accuracy 0.7517 | Adv accuracy: 0.0000 
2026-02-09 02:51:38,492 - ADV_Generation_eps_1.0_steps_100 - INFO - Batch:[1764] Adversarial images for this batch already exist
2026-02-09 02:51:38,631 - ADV_Generation_eps_1.0_steps_100 - INFO - Batch 1765/3783: Clean accuracy 0.7513 | Adv accuracy: 0.0000 
2026-02-09 02:51:38,632 - ADV_Generation_eps_1.0_steps_100 - INFO - Batch:[1765] Adversarial images for this batch already exist
2026-02-09 02:51:38,770 - ADV_Generation_eps_1.0_steps_100 - INFO - Batch 1766/3783: Clean accuracy 0.7508 | Adv accuracy: 0.0000 
2026-02-09 02:51:38,771 - ADV_Generation_eps_1.0_steps_100 - INFO - Batch:[1766] Adversarial images for this batch already exist
2026-02-09 02:51:38,907 - ADV_Generation_eps_1.0_steps_100 - INFO - Batch 1767/3783: Clean accuracy 0.7504 | Adv accuracy: 0.0000 
2026-02-09 02:51:38,908 - ADV_Generation_eps_1.0_steps_100 - INFO - Batch:[1767] Adversarial images for this batch already exist
2026-02-09 02:51:39,047 - ADV_Generation_eps_1.0_steps_100 - INFO - Batch 1768/3783: Clean accuracy 0.7500 | Adv accuracy: 0.0000 
2026-02-09 02:51:39,048 - ADV_Generation_eps_1.0_steps_100 - INFO - Batch:[1768] Adversarial images for this batch already exist
2026-02-09 02:51:39,187 - ADV_Generation_eps_1.0_steps_100 - INFO - Batch 1769/3783: Clean accuracy 0.7496 | Adv accuracy: 0.0000 
2026-02-09 02:51:39,188 - ADV_Generation_eps_1.0_steps_100 - INFO - Batch:[1769] Adversarial images for this batch already exist
2026-02-09 02:51:39,335 - ADV_Generation_eps_1.0_steps_100 - INFO - Batch 1770/3783: Clean accuracy 0.7492 | Adv accuracy: 0.0000 
2026-02-09 02:51:39,336 - ADV_Generation_eps_1.0_steps_100 - INFO - Batch:[1770] Adversarial images for this batch already exist
2026-02-09 02:51:39,471 - ADV_Generation_eps_1.0_steps_100 - INFO - Batch 1771/3783: Clean accuracy 0.7487 | Adv accuracy: 0.0000 
2026-02-09 02:51:39,472 - ADV_Generation_eps_1.0_steps_100 - INFO - Batch:[1771] Adversarial images for this batch already exist
2026-02-09 02:51:39,609 - ADV_Generation_eps_1.0_steps_100 - INFO - Batch 1772/3783: Clean accuracy 0.7483 | Adv accuracy: 0.0000 
2026-02-09 02:51:39,610 - ADV_Generation_eps_1.0_steps_100 - INFO - Batch:[1772] Adversarial images for this batch already exist
2026-02-09 02:51:39,745 - ADV_Generation_eps_1.0_steps_100 - INFO - Batch 1773/3783: Clean accuracy 0.7479 | Adv accuracy: 0.0000 
2026-02-09 02:51:39,746 - ADV_Generation_eps_1.0_steps_100 - INFO - Batch:[1773] Adversarial images for this batch already exist
2026-02-09 02:51:39,890 - ADV_Generation_eps_1.0_steps_100 - INFO - Batch 1774/3783: Clean accuracy 0.7475 | Adv accuracy: 0.0000 
2026-02-09 02:51:39,891 - ADV_Generation_eps_1.0_steps_100 - INFO - Batch:[1774] Adversarial images for this batch already exist
2026-02-09 02:51:40,056 - ADV_Generation_eps_1.0_steps_100 - INFO - Batch 1775/3783: Clean accuracy 0.7470 | Adv accuracy: 0.0000 
2026-02-09 02:51:40,057 - ADV_Generation_eps_1.0_steps_100 - INFO - Batch:[1775] Adversarial images for this batch already exist
2026-02-09 02:51:40,194 - ADV_Generation_eps_1.0_steps_100 - INFO - Batch 1776/3783: Clean accuracy 0.7466 | Adv accuracy: 0.0000 
2026-02-09 02:51:40,195 - ADV_Generation_eps_1.0_steps_100 - INFO - Batch:[1776] Adversarial images for this batch already exist
2026-02-09 02:51:40,334 - ADV_Generation_eps_1.0_steps_100 - INFO - Batch 1777/3783: Clean accuracy 0.7468 | Adv accuracy: 0.0000 
2026-02-09 02:51:40,336 - ADV_Generation_eps_1.0_steps_100 - INFO - Batch:[1777] Adversarial images for this batch already exist
2026-02-09 02:51:40,474 - ADV_Generation_eps_1.0_steps_100 - INFO - Batch 1778/3783: Clean accuracy 0.7463 | Adv accuracy: 0.0000 
2026-02-09 02:51:40,475 - ADV_Generation_eps_1.0_steps_100 - INFO - Batch:[1778] Adversarial images for this batch already exist
2026-02-09 02:51:40,607 - ADV_Generation_eps_1.0_steps_100 - INFO - Batch 1779/3783: Clean accuracy 0.7459 | Adv accuracy: 0.0000 
2026-02-09 02:51:40,608 - ADV_Generation_eps_1.0_steps_100 - INFO - Batch:[1779] Adversarial images for this batch already exist
2026-02-09 02:51:40,751 - ADV_Generation_eps_1.0_steps_100 - INFO - Batch 1780/3783: Clean accuracy 0.7455 | Adv accuracy: 0.0000 
2026-02-09 02:51:40,752 - ADV_Generation_eps_1.0_steps_100 - INFO - Batch:[1780] Adversarial images for this batch already exist
2026-02-09 02:51:40,905 - ADV_Generation_eps_1.0_steps_100 - INFO - Batch 1781/3783: Clean accuracy 0.7451 | Adv accuracy: 0.0000 
2026-02-09 02:51:40,906 - ADV_Generation_eps_1.0_steps_100 - INFO - Batch:[1781] Adversarial images for this batch already exist
2026-02-09 02:51:41,045 - ADV_Generation_eps_1.0_steps_100 - INFO - Batch 1782/3783: Clean accuracy 0.7447 | Adv accuracy: 0.0000 
2026-02-09 02:51:41,046 - ADV_Generation_eps_1.0_steps_100 - INFO - Batch:[1782] Adversarial images for this batch already exist
2026-02-09 02:51:41,184 - ADV_Generation_eps_1.0_steps_100 - INFO - Batch 1783/3783: Clean accuracy 0.7448 | Adv accuracy: 0.0000 
2026-02-09 02:51:41,185 - ADV_Generation_eps_1.0_steps_100 - INFO - Batch:[1783] Adversarial images for this batch already exist
2026-02-09 02:51:41,327 - ADV_Generation_eps_1.0_steps_100 - INFO - Batch 1784/3783: Clean accuracy 0.7450 | Adv accuracy: 0.0000 
2026-02-09 02:51:41,328 - ADV_Generation_eps_1.0_steps_100 - INFO - Batch:[1784] Adversarial images for this batch already exist
2026-02-09 02:51:41,465 - ADV_Generation_eps_1.0_steps_100 - INFO - Batch 1785/3783: Clean accuracy 0.7451 | Adv accuracy: 0.0000 
2026-02-09 02:51:41,466 - ADV_Generation_eps_1.0_steps_100 - INFO - Batch:[1785] Adversarial images for this batch already exist
2026-02-09 02:51:41,598 - ADV_Generation_eps_1.0_steps_100 - INFO - Batch 1786/3783: Clean accuracy 0.7452 | Adv accuracy: 0.0000 
2026-02-09 02:51:41,599 - ADV_Generation_eps_1.0_steps_100 - INFO - Batch:[1786] Adversarial images for this batch already exist
2026-02-09 02:51:41,740 - ADV_Generation_eps_1.0_steps_100 - INFO - Batch 1787/3783: Clean accuracy 0.7454 | Adv accuracy: 0.0000 
2026-02-09 02:51:41,741 - ADV_Generation_eps_1.0_steps_100 - INFO - Batch:[1787] Adversarial images for this batch already exist
2026-02-09 02:51:41,904 - ADV_Generation_eps_1.0_steps_100 - INFO - Batch 1788/3783: Clean accuracy 0.7450 | Adv accuracy: 0.0000 
2026-02-09 02:51:41,905 - ADV_Generation_eps_1.0_steps_100 - INFO - Batch:[1788] Adversarial images for this batch already exist
2026-02-09 02:51:42,041 - ADV_Generation_eps_1.0_steps_100 - INFO - Batch 1789/3783: Clean accuracy 0.7446 | Adv accuracy: 0.0000 
2026-02-09 02:51:42,043 - ADV_Generation_eps_1.0_steps_100 - INFO - Batch:[1789] Adversarial images for this batch already exist
2026-02-09 02:51:42,188 - ADV_Generation_eps_1.0_steps_100 - INFO - Batch 1790/3783: Clean accuracy 0.7447 | Adv accuracy: 0.0000 
2026-02-09 02:51:42,189 - ADV_Generation_eps_1.0_steps_100 - INFO - Batch:[1790] Adversarial images for this batch already exist
2026-02-09 02:51:42,324 - ADV_Generation_eps_1.0_steps_100 - INFO - Batch 1791/3783: Clean accuracy 0.7443 | Adv accuracy: 0.0000 
2026-02-09 02:51:42,325 - ADV_Generation_eps_1.0_steps_100 - INFO - Batch:[1791] Adversarial images for this batch already exist
2026-02-09 02:51:42,463 - ADV_Generation_eps_1.0_steps_100 - INFO - Batch 1792/3783: Clean accuracy 0.7444 | Adv accuracy: 0.0000 
2026-02-09 02:51:42,464 - ADV_Generation_eps_1.0_steps_100 - INFO - Batch:[1792] Adversarial images for this batch already exist
2026-02-09 02:51:42,599 - ADV_Generation_eps_1.0_steps_100 - INFO - Batch 1793/3783: Clean accuracy 0.7440 | Adv accuracy: 0.0000 
2026-02-09 02:51:42,601 - ADV_Generation_eps_1.0_steps_100 - INFO - Batch:[1793] Adversarial images for this batch already exist
2026-02-09 02:51:42,740 - ADV_Generation_eps_1.0_steps_100 - INFO - Batch 1794/3783: Clean accuracy 0.7436 | Adv accuracy: 0.0000 
2026-02-09 02:51:42,741 - ADV_Generation_eps_1.0_steps_100 - INFO - Batch:[1794] Adversarial images for this batch already exist
2026-02-09 02:51:42,872 - ADV_Generation_eps_1.0_steps_100 - INFO - Batch 1795/3783: Clean accuracy 0.7437 | Adv accuracy: 0.0000 
2026-02-09 02:51:42,873 - ADV_Generation_eps_1.0_steps_100 - INFO - Batch:[1795] Adversarial images for this batch already exist
2026-02-09 02:51:43,007 - ADV_Generation_eps_1.0_steps_100 - INFO - Batch 1796/3783: Clean accuracy 0.7433 | Adv accuracy: 0.0000 
2026-02-09 02:51:43,008 - ADV_Generation_eps_1.0_steps_100 - INFO - Batch:[1796] Adversarial images for this batch already exist
2026-02-09 02:51:43,144 - ADV_Generation_eps_1.0_steps_100 - INFO - Batch 1797/3783: Clean accuracy 0.7429 | Adv accuracy: 0.0000 
2026-02-09 02:51:43,173 - ADV_Generation_eps_1.0_steps_100 - INFO - Batch:[1797] Adversarial images for this batch already exist
2026-02-09 02:51:43,314 - ADV_Generation_eps_1.0_steps_100 - INFO - Batch 1798/3783: Clean accuracy 0.7425 | Adv accuracy: 0.0000 
2026-02-09 02:51:43,315 - ADV_Generation_eps_1.0_steps_100 - INFO - Batch:[1798] Adversarial images for this batch already exist
2026-02-09 02:51:43,452 - ADV_Generation_eps_1.0_steps_100 - INFO - Batch 1799/3783: Clean accuracy 0.7421 | Adv accuracy: 0.0000 
2026-02-09 02:51:43,453 - ADV_Generation_eps_1.0_steps_100 - INFO - Batch:[1799] Adversarial images for this batch already exist
2026-02-09 02:51:43,592 - ADV_Generation_eps_1.0_steps_100 - INFO - Batch 1800/3783: Clean accuracy 0.7422 | Adv accuracy: 0.0000 
2026-02-09 02:51:43,593 - ADV_Generation_eps_1.0_steps_100 - INFO - Batch:[1800] Adversarial images for this batch already exist
2026-02-09 02:51:43,732 - ADV_Generation_eps_1.0_steps_100 - INFO - Batch 1801/3783: Clean accuracy 0.7424 | Adv accuracy: 0.0000 
2026-02-09 02:51:43,733 - ADV_Generation_eps_1.0_steps_100 - INFO - Batch:[1801] Adversarial images for this batch already exist
2026-02-09 02:51:43,875 - ADV_Generation_eps_1.0_steps_100 - INFO - Batch 1802/3783: Clean accuracy 0.7425 | Adv accuracy: 0.0000 
2026-02-09 02:51:43,876 - ADV_Generation_eps_1.0_steps_100 - INFO - Batch:[1802] Adversarial images for this batch already exist
2026-02-09 02:51:44,014 - ADV_Generation_eps_1.0_steps_100 - INFO - Batch 1803/3783: Clean accuracy 0.7421 | Adv accuracy: 0.0000 
2026-02-09 02:51:44,016 - ADV_Generation_eps_1.0_steps_100 - INFO - Batch:[1803] Adversarial images for this batch already exist
2026-02-09 02:51:44,153 - ADV_Generation_eps_1.0_steps_100 - INFO - Batch 1804/3783: Clean accuracy 0.7417 | Adv accuracy: 0.0000 
2026-02-09 02:51:44,153 - ADV_Generation_eps_1.0_steps_100 - INFO - Batch:[1804] Adversarial images for this batch already exist
2026-02-09 02:51:44,293 - ADV_Generation_eps_1.0_steps_100 - INFO - Batch 1805/3783: Clean accuracy 0.7413 | Adv accuracy: 0.0000 
2026-02-09 02:51:44,294 - ADV_Generation_eps_1.0_steps_100 - INFO - Batch:[1805] Adversarial images for this batch already exist
2026-02-09 02:51:44,430 - ADV_Generation_eps_1.0_steps_100 - INFO - Batch 1806/3783: Clean accuracy 0.7409 | Adv accuracy: 0.0000 
2026-02-09 02:51:44,431 - ADV_Generation_eps_1.0_steps_100 - INFO - Batch:[1806] Adversarial images for this batch already exist
2026-02-09 02:51:44,571 - ADV_Generation_eps_1.0_steps_100 - INFO - Batch 1807/3783: Clean accuracy 0.7405 | Adv accuracy: 0.0000 
2026-02-09 02:51:44,572 - ADV_Generation_eps_1.0_steps_100 - INFO - Batch:[1807] Adversarial images for this batch already exist
2026-02-09 02:51:44,713 - ADV_Generation_eps_1.0_steps_100 - INFO - Batch 1808/3783: Clean accuracy 0.7400 | Adv accuracy: 0.0000 
2026-02-09 02:51:44,714 - ADV_Generation_eps_1.0_steps_100 - INFO - Batch:[1808] Adversarial images for this batch already exist
2026-02-09 02:51:44,852 - ADV_Generation_eps_1.0_steps_100 - INFO - Batch 1809/3783: Clean accuracy 0.7396 | Adv accuracy: 0.0000 
2026-02-09 02:51:44,853 - ADV_Generation_eps_1.0_steps_100 - INFO - Batch:[1809] Adversarial images for this batch already exist
2026-02-09 02:51:44,992 - ADV_Generation_eps_1.0_steps_100 - INFO - Batch 1810/3783: Clean accuracy 0.7392 | Adv accuracy: 0.0000 
2026-02-09 02:51:44,993 - ADV_Generation_eps_1.0_steps_100 - INFO - Batch:[1810] Adversarial images for this batch already exist
2026-02-09 02:51:45,133 - ADV_Generation_eps_1.0_steps_100 - INFO - Batch 1811/3783: Clean accuracy 0.7388 | Adv accuracy: 0.0000 
2026-02-09 02:51:45,134 - ADV_Generation_eps_1.0_steps_100 - INFO - Batch:[1811] Adversarial images for this batch already exist
2026-02-09 02:51:45,274 - ADV_Generation_eps_1.0_steps_100 - INFO - Batch 1812/3783: Clean accuracy 0.7384 | Adv accuracy: 0.0000 
2026-02-09 02:51:45,275 - ADV_Generation_eps_1.0_steps_100 - INFO - Batch:[1812] Adversarial images for this batch already exist
2026-02-09 02:51:45,487 - ADV_Generation_eps_1.0_steps_100 - INFO - Batch 1813/3783: Clean accuracy 0.7380 | Adv accuracy: 0.0000 
2026-02-09 02:51:45,488 - ADV_Generation_eps_1.0_steps_100 - INFO - Batch:[1813] Adversarial images for this batch already exist
2026-02-09 02:51:45,623 - ADV_Generation_eps_1.0_steps_100 - INFO - Batch 1814/3783: Clean accuracy 0.7376 | Adv accuracy: 0.0000 
2026-02-09 02:51:45,624 - ADV_Generation_eps_1.0_steps_100 - INFO - Batch:[1814] Adversarial images for this batch already exist
2026-02-09 02:51:45,760 - ADV_Generation_eps_1.0_steps_100 - INFO - Batch 1815/3783: Clean accuracy 0.7377 | Adv accuracy: 0.0000 
2026-02-09 02:51:45,761 - ADV_Generation_eps_1.0_steps_100 - INFO - Batch:[1815] Adversarial images for this batch already exist
2026-02-09 02:51:45,902 - ADV_Generation_eps_1.0_steps_100 - INFO - Batch 1816/3783: Clean accuracy 0.7373 | Adv accuracy: 0.0000 
2026-02-09 02:51:45,903 - ADV_Generation_eps_1.0_steps_100 - INFO - Batch:[1816] Adversarial images for this batch already exist
2026-02-09 02:51:46,043 - ADV_Generation_eps_1.0_steps_100 - INFO - Batch 1817/3783: Clean accuracy 0.7369 | Adv accuracy: 0.0000 
2026-02-09 02:51:46,044 - ADV_Generation_eps_1.0_steps_100 - INFO - Batch:[1817] Adversarial images for this batch already exist
2026-02-09 02:51:46,179 - ADV_Generation_eps_1.0_steps_100 - INFO - Batch 1818/3783: Clean accuracy 0.7365 | Adv accuracy: 0.0000 
2026-02-09 02:51:46,180 - ADV_Generation_eps_1.0_steps_100 - INFO - Batch:[1818] Adversarial images for this batch already exist
2026-02-09 02:51:46,322 - ADV_Generation_eps_1.0_steps_100 - INFO - Batch 1819/3783: Clean accuracy 0.7361 | Adv accuracy: 0.0000 
2026-02-09 02:51:46,323 - ADV_Generation_eps_1.0_steps_100 - INFO - Batch:[1819] Adversarial images for this batch already exist
2026-02-09 02:51:46,467 - ADV_Generation_eps_1.0_steps_100 - INFO - Batch 1820/3783: Clean accuracy 0.7363 | Adv accuracy: 0.0000 
2026-02-09 02:51:46,468 - ADV_Generation_eps_1.0_steps_100 - INFO - Batch:[1820] Adversarial images for this batch already exist
2026-02-09 02:51:46,607 - ADV_Generation_eps_1.0_steps_100 - INFO - Batch 1821/3783: Clean accuracy 0.7359 | Adv accuracy: 0.0000 
2026-02-09 02:51:46,608 - ADV_Generation_eps_1.0_steps_100 - INFO - Batch:[1821] Adversarial images for this batch already exist
2026-02-09 02:51:46,746 - ADV_Generation_eps_1.0_steps_100 - INFO - Batch 1822/3783: Clean accuracy 0.7360 | Adv accuracy: 0.0000 
2026-02-09 02:51:46,747 - ADV_Generation_eps_1.0_steps_100 - INFO - Batch:[1822] Adversarial images for this batch already exist
2026-02-09 02:51:46,884 - ADV_Generation_eps_1.0_steps_100 - INFO - Batch 1823/3783: Clean accuracy 0.7361 | Adv accuracy: 0.0000 
2026-02-09 02:51:46,885 - ADV_Generation_eps_1.0_steps_100 - INFO - Batch:[1823] Adversarial images for this batch already exist
2026-02-09 02:51:47,029 - ADV_Generation_eps_1.0_steps_100 - INFO - Batch 1824/3783: Clean accuracy 0.7357 | Adv accuracy: 0.0000 
2026-02-09 02:51:47,030 - ADV_Generation_eps_1.0_steps_100 - INFO - Batch:[1824] Adversarial images for this batch already exist
2026-02-09 02:51:47,168 - ADV_Generation_eps_1.0_steps_100 - INFO - Batch 1825/3783: Clean accuracy 0.7359 | Adv accuracy: 0.0000 
2026-02-09 02:51:47,169 - ADV_Generation_eps_1.0_steps_100 - INFO - Batch:[1825] Adversarial images for this batch already exist
2026-02-09 02:51:47,356 - ADV_Generation_eps_1.0_steps_100 - INFO - Batch 1826/3783: Clean accuracy 0.7360 | Adv accuracy: 0.0000 
2026-02-09 02:51:47,357 - ADV_Generation_eps_1.0_steps_100 - INFO - Batch:[1826] Adversarial images for this batch already exist
2026-02-09 02:51:47,497 - ADV_Generation_eps_1.0_steps_100 - INFO - Batch 1827/3783: Clean accuracy 0.7362 | Adv accuracy: 0.0000 
2026-02-09 02:51:47,498 - ADV_Generation_eps_1.0_steps_100 - INFO - Batch:[1827] Adversarial images for this batch already exist
2026-02-09 02:51:47,632 - ADV_Generation_eps_1.0_steps_100 - INFO - Batch 1828/3783: Clean accuracy 0.7363 | Adv accuracy: 0.0000 
2026-02-09 02:51:47,642 - ADV_Generation_eps_1.0_steps_100 - INFO - Batch:[1828] Adversarial images for this batch already exist
2026-02-09 02:51:47,782 - ADV_Generation_eps_1.0_steps_100 - INFO - Batch 1829/3783: Clean accuracy 0.7365 | Adv accuracy: 0.0000 
2026-02-09 02:51:47,783 - ADV_Generation_eps_1.0_steps_100 - INFO - Batch:[1829] Adversarial images for this batch already exist
2026-02-09 02:51:47,946 - ADV_Generation_eps_1.0_steps_100 - INFO - Batch 1830/3783: Clean accuracy 0.7366 | Adv accuracy: 0.0000 
2026-02-09 02:51:47,947 - ADV_Generation_eps_1.0_steps_100 - INFO - Batch:[1830] Adversarial images for this batch already exist
2026-02-09 02:51:48,084 - ADV_Generation_eps_1.0_steps_100 - INFO - Batch 1831/3783: Clean accuracy 0.7368 | Adv accuracy: 0.0000 
2026-02-09 02:51:48,085 - ADV_Generation_eps_1.0_steps_100 - INFO - Batch:[1831] Adversarial images for this batch already exist
2026-02-09 02:51:48,224 - ADV_Generation_eps_1.0_steps_100 - INFO - Batch 1832/3783: Clean accuracy 0.7364 | Adv accuracy: 0.0000 
2026-02-09 02:51:48,225 - ADV_Generation_eps_1.0_steps_100 - INFO - Batch:[1832] Adversarial images for this batch already exist
2026-02-09 02:51:48,363 - ADV_Generation_eps_1.0_steps_100 - INFO - Batch 1833/3783: Clean accuracy 0.7365 | Adv accuracy: 0.0000 
2026-02-09 02:51:48,364 - ADV_Generation_eps_1.0_steps_100 - INFO - Batch:[1833] Adversarial images for this batch already exist
2026-02-09 02:51:48,502 - ADV_Generation_eps_1.0_steps_100 - INFO - Batch 1834/3783: Clean accuracy 0.7366 | Adv accuracy: 0.0000 
2026-02-09 02:51:48,503 - ADV_Generation_eps_1.0_steps_100 - INFO - Batch:[1834] Adversarial images for this batch already exist
2026-02-09 02:51:48,645 - ADV_Generation_eps_1.0_steps_100 - INFO - Batch 1835/3783: Clean accuracy 0.7368 | Adv accuracy: 0.0000 
2026-02-09 02:51:48,645 - ADV_Generation_eps_1.0_steps_100 - INFO - Batch:[1835] Adversarial images for this batch already exist
2026-02-09 02:51:48,781 - ADV_Generation_eps_1.0_steps_100 - INFO - Batch 1836/3783: Clean accuracy 0.7364 | Adv accuracy: 0.0000 
2026-02-09 02:51:48,782 - ADV_Generation_eps_1.0_steps_100 - INFO - Batch:[1836] Adversarial images for this batch already exist
2026-02-09 02:51:48,921 - ADV_Generation_eps_1.0_steps_100 - INFO - Batch 1837/3783: Clean accuracy 0.7360 | Adv accuracy: 0.0000 
2026-02-09 02:51:48,922 - ADV_Generation_eps_1.0_steps_100 - INFO - Batch:[1837] Adversarial images for this batch already exist
2026-02-09 02:51:49,079 - ADV_Generation_eps_1.0_steps_100 - INFO - Batch 1838/3783: Clean accuracy 0.7356 | Adv accuracy: 0.0000 
2026-02-09 02:51:49,080 - ADV_Generation_eps_1.0_steps_100 - INFO - Batch:[1838] Adversarial images for this batch already exist
2026-02-09 02:51:49,219 - ADV_Generation_eps_1.0_steps_100 - INFO - Batch 1839/3783: Clean accuracy 0.7352 | Adv accuracy: 0.0000 
2026-02-09 02:51:49,220 - ADV_Generation_eps_1.0_steps_100 - INFO - Batch:[1839] Adversarial images for this batch already exist
2026-02-09 02:51:49,367 - ADV_Generation_eps_1.0_steps_100 - INFO - Batch 1840/3783: Clean accuracy 0.7353 | Adv accuracy: 0.0000 
2026-02-09 02:51:49,368 - ADV_Generation_eps_1.0_steps_100 - INFO - Batch:[1840] Adversarial images for this batch already exist
2026-02-09 02:51:49,506 - ADV_Generation_eps_1.0_steps_100 - INFO - Batch 1841/3783: Clean accuracy 0.7349 | Adv accuracy: 0.0000 
2026-02-09 02:51:49,507 - ADV_Generation_eps_1.0_steps_100 - INFO - Batch:[1841] Adversarial images for this batch already exist
2026-02-09 02:51:49,656 - ADV_Generation_eps_1.0_steps_100 - INFO - Batch 1842/3783: Clean accuracy 0.7351 | Adv accuracy: 0.0000 
2026-02-09 02:51:49,657 - ADV_Generation_eps_1.0_steps_100 - INFO - Batch:[1842] Adversarial images for this batch already exist
2026-02-09 02:51:49,795 - ADV_Generation_eps_1.0_steps_100 - INFO - Batch 1843/3783: Clean accuracy 0.7347 | Adv accuracy: 0.0000 
2026-02-09 02:51:49,796 - ADV_Generation_eps_1.0_steps_100 - INFO - Batch:[1843] Adversarial images for this batch already exist
2026-02-09 02:51:49,946 - ADV_Generation_eps_1.0_steps_100 - INFO - Batch 1844/3783: Clean accuracy 0.7343 | Adv accuracy: 0.0000 
2026-02-09 02:51:49,947 - ADV_Generation_eps_1.0_steps_100 - INFO - Batch:[1844] Adversarial images for this batch already exist
2026-02-09 02:51:50,085 - ADV_Generation_eps_1.0_steps_100 - INFO - Batch 1845/3783: Clean accuracy 0.7339 | Adv accuracy: 0.0000 
2026-02-09 02:51:50,086 - ADV_Generation_eps_1.0_steps_100 - INFO - Batch:[1845] Adversarial images for this batch already exist
2026-02-09 02:51:50,225 - ADV_Generation_eps_1.0_steps_100 - INFO - Batch 1846/3783: Clean accuracy 0.7340 | Adv accuracy: 0.0000 
2026-02-09 02:51:50,226 - ADV_Generation_eps_1.0_steps_100 - INFO - Batch:[1846] Adversarial images for this batch already exist
2026-02-09 02:51:50,368 - ADV_Generation_eps_1.0_steps_100 - INFO - Batch 1847/3783: Clean accuracy 0.7336 | Adv accuracy: 0.0000 
2026-02-09 02:51:50,369 - ADV_Generation_eps_1.0_steps_100 - INFO - Batch:[1847] Adversarial images for this batch already exist
2026-02-09 02:51:50,518 - ADV_Generation_eps_1.0_steps_100 - INFO - Batch 1848/3783: Clean accuracy 0.7332 | Adv accuracy: 0.0000 
2026-02-09 02:51:50,519 - ADV_Generation_eps_1.0_steps_100 - INFO - Batch:[1848] Adversarial images for this batch already exist
2026-02-09 02:51:50,657 - ADV_Generation_eps_1.0_steps_100 - INFO - Batch 1849/3783: Clean accuracy 0.7334 | Adv accuracy: 0.0000 
2026-02-09 02:51:50,658 - ADV_Generation_eps_1.0_steps_100 - INFO - Batch:[1849] Adversarial images for this batch already exist
2026-02-09 02:51:50,796 - ADV_Generation_eps_1.0_steps_100 - INFO - Batch 1850/3783: Clean accuracy 0.7330 | Adv accuracy: 0.0000 
2026-02-09 02:51:50,797 - ADV_Generation_eps_1.0_steps_100 - INFO - Batch:[1850] Adversarial images for this batch already exist
2026-02-09 02:51:50,937 - ADV_Generation_eps_1.0_steps_100 - INFO - Batch 1851/3783: Clean accuracy 0.7331 | Adv accuracy: 0.0000 
2026-02-09 02:51:50,937 - ADV_Generation_eps_1.0_steps_100 - INFO - Batch:[1851] Adversarial images for this batch already exist
2026-02-09 02:51:51,076 - ADV_Generation_eps_1.0_steps_100 - INFO - Batch 1852/3783: Clean accuracy 0.7333 | Adv accuracy: 0.0000 
2026-02-09 02:51:51,077 - ADV_Generation_eps_1.0_steps_100 - INFO - Batch:[1852] Adversarial images for this batch already exist
2026-02-09 02:51:51,214 - ADV_Generation_eps_1.0_steps_100 - INFO - Batch 1853/3783: Clean accuracy 0.7329 | Adv accuracy: 0.0000 
2026-02-09 02:51:51,215 - ADV_Generation_eps_1.0_steps_100 - INFO - Batch:[1853] Adversarial images for this batch already exist
2026-02-09 02:51:51,355 - ADV_Generation_eps_1.0_steps_100 - INFO - Batch 1854/3783: Clean accuracy 0.7325 | Adv accuracy: 0.0000 
2026-02-09 02:51:51,356 - ADV_Generation_eps_1.0_steps_100 - INFO - Batch:[1854] Adversarial images for this batch already exist
2026-02-09 02:51:51,495 - ADV_Generation_eps_1.0_steps_100 - INFO - Batch 1855/3783: Clean accuracy 0.7326 | Adv accuracy: 0.0000 
2026-02-09 02:51:51,496 - ADV_Generation_eps_1.0_steps_100 - INFO - Batch:[1855] Adversarial images for this batch already exist
2026-02-09 02:51:51,634 - ADV_Generation_eps_1.0_steps_100 - INFO - Batch 1856/3783: Clean accuracy 0.7328 | Adv accuracy: 0.0000 
2026-02-09 02:51:51,635 - ADV_Generation_eps_1.0_steps_100 - INFO - Batch:[1856] Adversarial images for this batch already exist
2026-02-09 02:51:51,774 - ADV_Generation_eps_1.0_steps_100 - INFO - Batch 1857/3783: Clean accuracy 0.7329 | Adv accuracy: 0.0000 
2026-02-09 02:51:51,775 - ADV_Generation_eps_1.0_steps_100 - INFO - Batch:[1857] Adversarial images for this batch already exist
2026-02-09 02:51:51,910 - ADV_Generation_eps_1.0_steps_100 - INFO - Batch 1858/3783: Clean accuracy 0.7325 | Adv accuracy: 0.0000 
2026-02-09 02:51:51,911 - ADV_Generation_eps_1.0_steps_100 - INFO - Batch:[1858] Adversarial images for this batch already exist
2026-02-09 02:51:52,045 - ADV_Generation_eps_1.0_steps_100 - INFO - Batch 1859/3783: Clean accuracy 0.7321 | Adv accuracy: 0.0000 
2026-02-09 02:51:52,046 - ADV_Generation_eps_1.0_steps_100 - INFO - Batch:[1859] Adversarial images for this batch already exist
2026-02-09 02:51:52,182 - ADV_Generation_eps_1.0_steps_100 - INFO - Batch 1860/3783: Clean accuracy 0.7317 | Adv accuracy: 0.0000 
2026-02-09 02:51:52,183 - ADV_Generation_eps_1.0_steps_100 - INFO - Batch:[1860] Adversarial images for this batch already exist
2026-02-09 02:51:52,322 - ADV_Generation_eps_1.0_steps_100 - INFO - Batch 1861/3783: Clean accuracy 0.7319 | Adv accuracy: 0.0000 
2026-02-09 02:51:52,323 - ADV_Generation_eps_1.0_steps_100 - INFO - Batch:[1861] Adversarial images for this batch already exist
2026-02-09 02:51:52,461 - ADV_Generation_eps_1.0_steps_100 - INFO - Batch 1862/3783: Clean accuracy 0.7315 | Adv accuracy: 0.0000 
2026-02-09 02:51:52,461 - ADV_Generation_eps_1.0_steps_100 - INFO - Batch:[1862] Adversarial images for this batch already exist
2026-02-09 02:51:52,598 - ADV_Generation_eps_1.0_steps_100 - INFO - Batch 1863/3783: Clean accuracy 0.7316 | Adv accuracy: 0.0000 
2026-02-09 02:51:52,599 - ADV_Generation_eps_1.0_steps_100 - INFO - Batch:[1863] Adversarial images for this batch already exist
2026-02-09 02:51:52,747 - ADV_Generation_eps_1.0_steps_100 - INFO - Batch 1864/3783: Clean accuracy 0.7312 | Adv accuracy: 0.0000 
2026-02-09 02:51:52,748 - ADV_Generation_eps_1.0_steps_100 - INFO - Batch:[1864] Adversarial images for this batch already exist
2026-02-09 02:51:52,882 - ADV_Generation_eps_1.0_steps_100 - INFO - Batch 1865/3783: Clean accuracy 0.7308 | Adv accuracy: 0.0000 
2026-02-09 02:51:52,883 - ADV_Generation_eps_1.0_steps_100 - INFO - Batch:[1865] Adversarial images for this batch already exist
2026-02-09 02:51:53,020 - ADV_Generation_eps_1.0_steps_100 - INFO - Batch 1866/3783: Clean accuracy 0.7310 | Adv accuracy: 0.0000 
2026-02-09 02:51:53,021 - ADV_Generation_eps_1.0_steps_100 - INFO - Batch:[1866] Adversarial images for this batch already exist
2026-02-09 02:51:53,159 - ADV_Generation_eps_1.0_steps_100 - INFO - Batch 1867/3783: Clean accuracy 0.7311 | Adv accuracy: 0.0000 
2026-02-09 02:51:53,160 - ADV_Generation_eps_1.0_steps_100 - INFO - Batch:[1867] Adversarial images for this batch already exist
2026-02-09 02:51:53,297 - ADV_Generation_eps_1.0_steps_100 - INFO - Batch 1868/3783: Clean accuracy 0.7313 | Adv accuracy: 0.0000 
2026-02-09 02:51:53,298 - ADV_Generation_eps_1.0_steps_100 - INFO - Batch:[1868] Adversarial images for this batch already exist
2026-02-09 02:51:53,440 - ADV_Generation_eps_1.0_steps_100 - INFO - Batch 1869/3783: Clean accuracy 0.7314 | Adv accuracy: 0.0000 
2026-02-09 02:51:53,441 - ADV_Generation_eps_1.0_steps_100 - INFO - Batch:[1869] Adversarial images for this batch already exist
2026-02-09 02:51:53,580 - ADV_Generation_eps_1.0_steps_100 - INFO - Batch 1870/3783: Clean accuracy 0.7316 | Adv accuracy: 0.0000 
2026-02-09 02:51:53,581 - ADV_Generation_eps_1.0_steps_100 - INFO - Batch:[1870] Adversarial images for this batch already exist
2026-02-09 02:51:53,717 - ADV_Generation_eps_1.0_steps_100 - INFO - Batch 1871/3783: Clean accuracy 0.7317 | Adv accuracy: 0.0000 
2026-02-09 02:51:53,718 - ADV_Generation_eps_1.0_steps_100 - INFO - Batch:[1871] Adversarial images for this batch already exist
2026-02-09 02:51:53,857 - ADV_Generation_eps_1.0_steps_100 - INFO - Batch 1872/3783: Clean accuracy 0.7318 | Adv accuracy: 0.0000 
2026-02-09 02:51:53,858 - ADV_Generation_eps_1.0_steps_100 - INFO - Batch:[1872] Adversarial images for this batch already exist
2026-02-09 02:51:53,999 - ADV_Generation_eps_1.0_steps_100 - INFO - Batch 1873/3783: Clean accuracy 0.7320 | Adv accuracy: 0.0000 
2026-02-09 02:51:54,001 - ADV_Generation_eps_1.0_steps_100 - INFO - Batch:[1873] Adversarial images for this batch already exist
2026-02-09 02:51:54,147 - ADV_Generation_eps_1.0_steps_100 - INFO - Batch 1874/3783: Clean accuracy 0.7321 | Adv accuracy: 0.0000 
2026-02-09 02:51:54,148 - ADV_Generation_eps_1.0_steps_100 - INFO - Batch:[1874] Adversarial images for this batch already exist
2026-02-09 02:51:54,306 - ADV_Generation_eps_1.0_steps_100 - INFO - Batch 1875/3783: Clean accuracy 0.7323 | Adv accuracy: 0.0000 
2026-02-09 02:51:54,307 - ADV_Generation_eps_1.0_steps_100 - INFO - Batch:[1875] Adversarial images for this batch already exist
2026-02-09 02:51:54,442 - ADV_Generation_eps_1.0_steps_100 - INFO - Batch 1876/3783: Clean accuracy 0.7324 | Adv accuracy: 0.0000 
2026-02-09 02:51:54,443 - ADV_Generation_eps_1.0_steps_100 - INFO - Batch:[1876] Adversarial images for this batch already exist
2026-02-09 02:51:54,575 - ADV_Generation_eps_1.0_steps_100 - INFO - Batch 1877/3783: Clean accuracy 0.7326 | Adv accuracy: 0.0000 
2026-02-09 02:51:54,576 - ADV_Generation_eps_1.0_steps_100 - INFO - Batch:[1877] Adversarial images for this batch already exist
2026-02-09 02:51:54,775 - ADV_Generation_eps_1.0_steps_100 - INFO - Batch 1878/3783: Clean accuracy 0.7327 | Adv accuracy: 0.0000 
2026-02-09 02:51:54,776 - ADV_Generation_eps_1.0_steps_100 - INFO - Batch:[1878] Adversarial images for this batch already exist
2026-02-09 02:51:54,914 - ADV_Generation_eps_1.0_steps_100 - INFO - Batch 1879/3783: Clean accuracy 0.7328 | Adv accuracy: 0.0000 
2026-02-09 02:51:54,915 - ADV_Generation_eps_1.0_steps_100 - INFO - Batch:[1879] Adversarial images for this batch already exist
2026-02-09 02:51:55,051 - ADV_Generation_eps_1.0_steps_100 - INFO - Batch 1880/3783: Clean accuracy 0.7330 | Adv accuracy: 0.0000 
2026-02-09 02:51:55,052 - ADV_Generation_eps_1.0_steps_100 - INFO - Batch:[1880] Adversarial images for this batch already exist
2026-02-09 02:51:55,189 - ADV_Generation_eps_1.0_steps_100 - INFO - Batch 1881/3783: Clean accuracy 0.7331 | Adv accuracy: 0.0000 
2026-02-09 02:51:55,190 - ADV_Generation_eps_1.0_steps_100 - INFO - Batch:[1881] Adversarial images for this batch already exist
2026-02-09 02:51:55,330 - ADV_Generation_eps_1.0_steps_100 - INFO - Batch 1882/3783: Clean accuracy 0.7333 | Adv accuracy: 0.0000 
2026-02-09 02:51:55,331 - ADV_Generation_eps_1.0_steps_100 - INFO - Batch:[1882] Adversarial images for this batch already exist
2026-02-09 02:51:55,468 - ADV_Generation_eps_1.0_steps_100 - INFO - Batch 1883/3783: Clean accuracy 0.7334 | Adv accuracy: 0.0000 
2026-02-09 02:51:55,469 - ADV_Generation_eps_1.0_steps_100 - INFO - Batch:[1883] Adversarial images for this batch already exist
2026-02-09 02:51:55,603 - ADV_Generation_eps_1.0_steps_100 - INFO - Batch 1884/3783: Clean accuracy 0.7335 | Adv accuracy: 0.0000 
2026-02-09 02:51:55,604 - ADV_Generation_eps_1.0_steps_100 - INFO - Batch:[1884] Adversarial images for this batch already exist
2026-02-09 02:51:55,740 - ADV_Generation_eps_1.0_steps_100 - INFO - Batch 1885/3783: Clean accuracy 0.7337 | Adv accuracy: 0.0000 
2026-02-09 02:51:55,740 - ADV_Generation_eps_1.0_steps_100 - INFO - Batch:[1885] Adversarial images for this batch already exist
2026-02-09 02:51:55,881 - ADV_Generation_eps_1.0_steps_100 - INFO - Batch 1886/3783: Clean accuracy 0.7338 | Adv accuracy: 0.0000 
2026-02-09 02:51:55,882 - ADV_Generation_eps_1.0_steps_100 - INFO - Batch:[1886] Adversarial images for this batch already exist
2026-02-09 02:51:56,022 - ADV_Generation_eps_1.0_steps_100 - INFO - Batch 1887/3783: Clean accuracy 0.7340 | Adv accuracy: 0.0000 
2026-02-09 02:51:56,023 - ADV_Generation_eps_1.0_steps_100 - INFO - Batch:[1887] Adversarial images for this batch already exist
2026-02-09 02:51:56,161 - ADV_Generation_eps_1.0_steps_100 - INFO - Batch 1888/3783: Clean accuracy 0.7341 | Adv accuracy: 0.0000 
2026-02-09 02:51:56,161 - ADV_Generation_eps_1.0_steps_100 - INFO - Batch:[1888] Adversarial images for this batch already exist
2026-02-09 02:51:56,292 - ADV_Generation_eps_1.0_steps_100 - INFO - Batch 1889/3783: Clean accuracy 0.7343 | Adv accuracy: 0.0000 
2026-02-09 02:51:56,293 - ADV_Generation_eps_1.0_steps_100 - INFO - Batch:[1889] Adversarial images for this batch already exist
2026-02-09 02:51:56,426 - ADV_Generation_eps_1.0_steps_100 - INFO - Batch 1890/3783: Clean accuracy 0.7344 | Adv accuracy: 0.0000 
2026-02-09 02:51:56,427 - ADV_Generation_eps_1.0_steps_100 - INFO - Batch:[1890] Adversarial images for this batch already exist
2026-02-09 02:51:56,569 - ADV_Generation_eps_1.0_steps_100 - INFO - Batch 1891/3783: Clean accuracy 0.7345 | Adv accuracy: 0.0000 
2026-02-09 02:51:56,570 - ADV_Generation_eps_1.0_steps_100 - INFO - Batch:[1891] Adversarial images for this batch already exist
2026-02-09 02:51:56,707 - ADV_Generation_eps_1.0_steps_100 - INFO - Batch 1892/3783: Clean accuracy 0.7347 | Adv accuracy: 0.0000 
2026-02-09 02:51:56,708 - ADV_Generation_eps_1.0_steps_100 - INFO - Batch:[1892] Adversarial images for this batch already exist
2026-02-09 02:51:56,842 - ADV_Generation_eps_1.0_steps_100 - INFO - Batch 1893/3783: Clean accuracy 0.7348 | Adv accuracy: 0.0000 
2026-02-09 02:51:56,843 - ADV_Generation_eps_1.0_steps_100 - INFO - Batch:[1893] Adversarial images for this batch already exist
2026-02-09 02:51:57,013 - ADV_Generation_eps_1.0_steps_100 - INFO - Batch 1894/3783: Clean accuracy 0.7350 | Adv accuracy: 0.0000 
2026-02-09 02:51:57,014 - ADV_Generation_eps_1.0_steps_100 - INFO - Batch:[1894] Adversarial images for this batch already exist
2026-02-09 02:51:57,173 - ADV_Generation_eps_1.0_steps_100 - INFO - Batch 1895/3783: Clean accuracy 0.7351 | Adv accuracy: 0.0000 
2026-02-09 02:51:57,174 - ADV_Generation_eps_1.0_steps_100 - INFO - Batch:[1895] Adversarial images for this batch already exist
2026-02-09 02:51:57,313 - ADV_Generation_eps_1.0_steps_100 - INFO - Batch 1896/3783: Clean accuracy 0.7352 | Adv accuracy: 0.0000 
2026-02-09 02:51:57,314 - ADV_Generation_eps_1.0_steps_100 - INFO - Batch:[1896] Adversarial images for this batch already exist
2026-02-09 02:51:57,454 - ADV_Generation_eps_1.0_steps_100 - INFO - Batch 1897/3783: Clean accuracy 0.7354 | Adv accuracy: 0.0000 
2026-02-09 02:51:57,455 - ADV_Generation_eps_1.0_steps_100 - INFO - Batch:[1897] Adversarial images for this batch already exist
2026-02-09 02:51:57,590 - ADV_Generation_eps_1.0_steps_100 - INFO - Batch 1898/3783: Clean accuracy 0.7355 | Adv accuracy: 0.0000 
2026-02-09 02:51:57,591 - ADV_Generation_eps_1.0_steps_100 - INFO - Batch:[1898] Adversarial images for this batch already exist
2026-02-09 02:51:57,731 - ADV_Generation_eps_1.0_steps_100 - INFO - Batch 1899/3783: Clean accuracy 0.7357 | Adv accuracy: 0.0000 
2026-02-09 02:51:57,732 - ADV_Generation_eps_1.0_steps_100 - INFO - Batch:[1899] Adversarial images for this batch already exist
2026-02-09 02:51:57,867 - ADV_Generation_eps_1.0_steps_100 - INFO - Batch 1900/3783: Clean accuracy 0.7358 | Adv accuracy: 0.0000 
2026-02-09 02:51:57,868 - ADV_Generation_eps_1.0_steps_100 - INFO - Batch:[1900] Adversarial images for this batch already exist
2026-02-09 02:51:58,008 - ADV_Generation_eps_1.0_steps_100 - INFO - Batch 1901/3783: Clean accuracy 0.7359 | Adv accuracy: 0.0000 
2026-02-09 02:51:58,009 - ADV_Generation_eps_1.0_steps_100 - INFO - Batch:[1901] Adversarial images for this batch already exist
2026-02-09 02:51:58,157 - ADV_Generation_eps_1.0_steps_100 - INFO - Batch 1902/3783: Clean accuracy 0.7361 | Adv accuracy: 0.0000 
2026-02-09 02:51:58,158 - ADV_Generation_eps_1.0_steps_100 - INFO - Batch:[1902] Adversarial images for this batch already exist
2026-02-09 02:51:58,300 - ADV_Generation_eps_1.0_steps_100 - INFO - Batch 1903/3783: Clean accuracy 0.7362 | Adv accuracy: 0.0000 
2026-02-09 02:51:58,301 - ADV_Generation_eps_1.0_steps_100 - INFO - Batch:[1903] Adversarial images for this batch already exist
2026-02-09 02:51:58,450 - ADV_Generation_eps_1.0_steps_100 - INFO - Batch 1904/3783: Clean accuracy 0.7363 | Adv accuracy: 0.0000 
2026-02-09 02:51:58,451 - ADV_Generation_eps_1.0_steps_100 - INFO - Batch:[1904] Adversarial images for this batch already exist
2026-02-09 02:51:58,589 - ADV_Generation_eps_1.0_steps_100 - INFO - Batch 1905/3783: Clean accuracy 0.7360 | Adv accuracy: 0.0000 
2026-02-09 02:51:58,590 - ADV_Generation_eps_1.0_steps_100 - INFO - Batch:[1905] Adversarial images for this batch already exist
2026-02-09 02:51:58,731 - ADV_Generation_eps_1.0_steps_100 - INFO - Batch 1906/3783: Clean accuracy 0.7361 | Adv accuracy: 0.0000 
2026-02-09 02:51:58,732 - ADV_Generation_eps_1.0_steps_100 - INFO - Batch:[1906] Adversarial images for this batch already exist
2026-02-09 02:51:58,869 - ADV_Generation_eps_1.0_steps_100 - INFO - Batch 1907/3783: Clean accuracy 0.7362 | Adv accuracy: 0.0000 
2026-02-09 02:51:58,870 - ADV_Generation_eps_1.0_steps_100 - INFO - Batch:[1907] Adversarial images for this batch already exist
2026-02-09 02:51:59,022 - ADV_Generation_eps_1.0_steps_100 - INFO - Batch 1908/3783: Clean accuracy 0.7364 | Adv accuracy: 0.0000 
2026-02-09 02:51:59,023 - ADV_Generation_eps_1.0_steps_100 - INFO - Batch:[1908] Adversarial images for this batch already exist
2026-02-09 02:51:59,171 - ADV_Generation_eps_1.0_steps_100 - INFO - Batch 1909/3783: Clean accuracy 0.7360 | Adv accuracy: 0.0000 
2026-02-09 02:51:59,172 - ADV_Generation_eps_1.0_steps_100 - INFO - Batch:[1909] Adversarial images for this batch already exist
2026-02-09 02:51:59,308 - ADV_Generation_eps_1.0_steps_100 - INFO - Batch 1910/3783: Clean accuracy 0.7361 | Adv accuracy: 0.0000 
2026-02-09 02:51:59,309 - ADV_Generation_eps_1.0_steps_100 - INFO - Batch:[1910] Adversarial images for this batch already exist
2026-02-09 02:51:59,452 - ADV_Generation_eps_1.0_steps_100 - INFO - Batch 1911/3783: Clean accuracy 0.7363 | Adv accuracy: 0.0000 
2026-02-09 02:51:59,453 - ADV_Generation_eps_1.0_steps_100 - INFO - Batch:[1911] Adversarial images for this batch already exist
2026-02-09 02:51:59,591 - ADV_Generation_eps_1.0_steps_100 - INFO - Batch 1912/3783: Clean accuracy 0.7364 | Adv accuracy: 0.0000 
2026-02-09 02:51:59,592 - ADV_Generation_eps_1.0_steps_100 - INFO - Batch:[1912] Adversarial images for this batch already exist
2026-02-09 02:51:59,733 - ADV_Generation_eps_1.0_steps_100 - INFO - Batch 1913/3783: Clean accuracy 0.7360 | Adv accuracy: 0.0000 
2026-02-09 02:51:59,734 - ADV_Generation_eps_1.0_steps_100 - INFO - Batch:[1913] Adversarial images for this batch already exist
2026-02-09 02:51:59,873 - ADV_Generation_eps_1.0_steps_100 - INFO - Batch 1914/3783: Clean accuracy 0.7362 | Adv accuracy: 0.0000 
2026-02-09 02:51:59,873 - ADV_Generation_eps_1.0_steps_100 - INFO - Batch:[1914] Adversarial images for this batch already exist
2026-02-09 02:52:00,021 - ADV_Generation_eps_1.0_steps_100 - INFO - Batch 1915/3783: Clean accuracy 0.7363 | Adv accuracy: 0.0000 
2026-02-09 02:52:00,022 - ADV_Generation_eps_1.0_steps_100 - INFO - Batch:[1915] Adversarial images for this batch already exist
2026-02-09 02:52:00,173 - ADV_Generation_eps_1.0_steps_100 - INFO - Batch 1916/3783: Clean accuracy 0.7364 | Adv accuracy: 0.0000 
2026-02-09 02:52:00,174 - ADV_Generation_eps_1.0_steps_100 - INFO - Batch:[1916] Adversarial images for this batch already exist
2026-02-09 02:52:00,307 - ADV_Generation_eps_1.0_steps_100 - INFO - Batch 1917/3783: Clean accuracy 0.7366 | Adv accuracy: 0.0000 
2026-02-09 02:52:00,308 - ADV_Generation_eps_1.0_steps_100 - INFO - Batch:[1917] Adversarial images for this batch already exist
2026-02-09 02:52:00,450 - ADV_Generation_eps_1.0_steps_100 - INFO - Batch 1918/3783: Clean accuracy 0.7367 | Adv accuracy: 0.0000 
2026-02-09 02:52:00,451 - ADV_Generation_eps_1.0_steps_100 - INFO - Batch:[1918] Adversarial images for this batch already exist
2026-02-09 02:52:00,602 - ADV_Generation_eps_1.0_steps_100 - INFO - Batch 1919/3783: Clean accuracy 0.7368 | Adv accuracy: 0.0000 
2026-02-09 02:52:00,603 - ADV_Generation_eps_1.0_steps_100 - INFO - Batch:[1919] Adversarial images for this batch already exist
2026-02-09 02:52:00,740 - ADV_Generation_eps_1.0_steps_100 - INFO - Batch 1920/3783: Clean accuracy 0.7370 | Adv accuracy: 0.0000 
2026-02-09 02:52:00,741 - ADV_Generation_eps_1.0_steps_100 - INFO - Batch:[1920] Adversarial images for this batch already exist
2026-02-09 02:52:00,896 - ADV_Generation_eps_1.0_steps_100 - INFO - Batch 1921/3783: Clean accuracy 0.7366 | Adv accuracy: 0.0000 
2026-02-09 02:52:00,897 - ADV_Generation_eps_1.0_steps_100 - INFO - Batch:[1921] Adversarial images for this batch already exist
2026-02-09 02:52:01,033 - ADV_Generation_eps_1.0_steps_100 - INFO - Batch 1922/3783: Clean accuracy 0.7367 | Adv accuracy: 0.0000 
2026-02-09 02:52:01,034 - ADV_Generation_eps_1.0_steps_100 - INFO - Batch:[1922] Adversarial images for this batch already exist
2026-02-09 02:52:01,166 - ADV_Generation_eps_1.0_steps_100 - INFO - Batch 1923/3783: Clean accuracy 0.7363 | Adv accuracy: 0.0000 
2026-02-09 02:52:01,167 - ADV_Generation_eps_1.0_steps_100 - INFO - Batch:[1923] Adversarial images for this batch already exist
2026-02-09 02:52:01,305 - ADV_Generation_eps_1.0_steps_100 - INFO - Batch 1924/3783: Clean accuracy 0.7360 | Adv accuracy: 0.0000 
2026-02-09 02:52:01,308 - ADV_Generation_eps_1.0_steps_100 - INFO - Batch:[1924] Adversarial images for this batch already exist
2026-02-09 02:52:01,456 - ADV_Generation_eps_1.0_steps_100 - INFO - Batch 1925/3783: Clean accuracy 0.7356 | Adv accuracy: 0.0000 
2026-02-09 02:52:01,457 - ADV_Generation_eps_1.0_steps_100 - INFO - Batch:[1925] Adversarial images for this batch already exist
2026-02-09 02:52:01,596 - ADV_Generation_eps_1.0_steps_100 - INFO - Batch 1926/3783: Clean accuracy 0.7357 | Adv accuracy: 0.0000 
2026-02-09 02:52:01,597 - ADV_Generation_eps_1.0_steps_100 - INFO - Batch:[1926] Adversarial images for this batch already exist
2026-02-09 02:52:01,743 - ADV_Generation_eps_1.0_steps_100 - INFO - Batch 1927/3783: Clean accuracy 0.7359 | Adv accuracy: 0.0000 
2026-02-09 02:52:01,744 - ADV_Generation_eps_1.0_steps_100 - INFO - Batch:[1927] Adversarial images for this batch already exist
2026-02-09 02:52:01,886 - ADV_Generation_eps_1.0_steps_100 - INFO - Batch 1928/3783: Clean accuracy 0.7360 | Adv accuracy: 0.0000 
2026-02-09 02:52:01,888 - ADV_Generation_eps_1.0_steps_100 - INFO - Batch:[1928] Adversarial images for this batch already exist
2026-02-09 02:52:02,051 - ADV_Generation_eps_1.0_steps_100 - INFO - Batch 1929/3783: Clean accuracy 0.7361 | Adv accuracy: 0.0000 
2026-02-09 02:52:02,052 - ADV_Generation_eps_1.0_steps_100 - INFO - Batch:[1929] Adversarial images for this batch already exist
2026-02-09 02:52:02,191 - ADV_Generation_eps_1.0_steps_100 - INFO - Batch 1930/3783: Clean accuracy 0.7358 | Adv accuracy: 0.0000 
2026-02-09 02:52:02,192 - ADV_Generation_eps_1.0_steps_100 - INFO - Batch:[1930] Adversarial images for this batch already exist
2026-02-09 02:52:02,328 - ADV_Generation_eps_1.0_steps_100 - INFO - Batch 1931/3783: Clean accuracy 0.7359 | Adv accuracy: 0.0000 
2026-02-09 02:52:02,329 - ADV_Generation_eps_1.0_steps_100 - INFO - Batch:[1931] Adversarial images for this batch already exist
2026-02-09 02:52:02,464 - ADV_Generation_eps_1.0_steps_100 - INFO - Batch 1932/3783: Clean accuracy 0.7355 | Adv accuracy: 0.0000 
2026-02-09 02:52:02,465 - ADV_Generation_eps_1.0_steps_100 - INFO - Batch:[1932] Adversarial images for this batch already exist
2026-02-09 02:52:02,607 - ADV_Generation_eps_1.0_steps_100 - INFO - Batch 1933/3783: Clean accuracy 0.7356 | Adv accuracy: 0.0000 
2026-02-09 02:52:02,608 - ADV_Generation_eps_1.0_steps_100 - INFO - Batch:[1933] Adversarial images for this batch already exist
2026-02-09 02:52:02,750 - ADV_Generation_eps_1.0_steps_100 - INFO - Batch 1934/3783: Clean accuracy 0.7358 | Adv accuracy: 0.0000 
2026-02-09 02:52:02,751 - ADV_Generation_eps_1.0_steps_100 - INFO - Batch:[1934] Adversarial images for this batch already exist
2026-02-09 02:52:02,891 - ADV_Generation_eps_1.0_steps_100 - INFO - Batch 1935/3783: Clean accuracy 0.7354 | Adv accuracy: 0.0000 
2026-02-09 02:52:02,892 - ADV_Generation_eps_1.0_steps_100 - INFO - Batch:[1935] Adversarial images for this batch already exist
2026-02-09 02:52:03,045 - ADV_Generation_eps_1.0_steps_100 - INFO - Batch 1936/3783: Clean accuracy 0.7350 | Adv accuracy: 0.0000 
2026-02-09 02:52:03,046 - ADV_Generation_eps_1.0_steps_100 - INFO - Batch:[1936] Adversarial images for this batch already exist
2026-02-09 02:52:03,187 - ADV_Generation_eps_1.0_steps_100 - INFO - Batch 1937/3783: Clean accuracy 0.7352 | Adv accuracy: 0.0000 
2026-02-09 02:52:03,188 - ADV_Generation_eps_1.0_steps_100 - INFO - Batch:[1937] Adversarial images for this batch already exist
2026-02-09 02:52:03,330 - ADV_Generation_eps_1.0_steps_100 - INFO - Batch 1938/3783: Clean accuracy 0.7353 | Adv accuracy: 0.0000 
2026-02-09 02:52:03,331 - ADV_Generation_eps_1.0_steps_100 - INFO - Batch:[1938] Adversarial images for this batch already exist
2026-02-09 02:52:03,465 - ADV_Generation_eps_1.0_steps_100 - INFO - Batch 1939/3783: Clean accuracy 0.7354 | Adv accuracy: 0.0000 
2026-02-09 02:52:03,466 - ADV_Generation_eps_1.0_steps_100 - INFO - Batch:[1939] Adversarial images for this batch already exist
2026-02-09 02:52:03,615 - ADV_Generation_eps_1.0_steps_100 - INFO - Batch 1940/3783: Clean accuracy 0.7351 | Adv accuracy: 0.0000 
2026-02-09 02:52:03,616 - ADV_Generation_eps_1.0_steps_100 - INFO - Batch:[1940] Adversarial images for this batch already exist
2026-02-09 02:52:03,756 - ADV_Generation_eps_1.0_steps_100 - INFO - Batch 1941/3783: Clean accuracy 0.7347 | Adv accuracy: 0.0000 
2026-02-09 02:52:03,757 - ADV_Generation_eps_1.0_steps_100 - INFO - Batch:[1941] Adversarial images for this batch already exist
2026-02-09 02:52:03,904 - ADV_Generation_eps_1.0_steps_100 - INFO - Batch 1942/3783: Clean accuracy 0.7343 | Adv accuracy: 0.0000 
2026-02-09 02:52:03,905 - ADV_Generation_eps_1.0_steps_100 - INFO - Batch:[1942] Adversarial images for this batch already exist
2026-02-09 02:52:04,043 - ADV_Generation_eps_1.0_steps_100 - INFO - Batch 1943/3783: Clean accuracy 0.7339 | Adv accuracy: 0.0000 
2026-02-09 02:52:04,044 - ADV_Generation_eps_1.0_steps_100 - INFO - Batch:[1943] Adversarial images for this batch already exist
2026-02-09 02:52:04,188 - ADV_Generation_eps_1.0_steps_100 - INFO - Batch 1944/3783: Clean accuracy 0.7335 | Adv accuracy: 0.0000 
2026-02-09 02:52:04,189 - ADV_Generation_eps_1.0_steps_100 - INFO - Batch:[1944] Adversarial images for this batch already exist
2026-02-09 02:52:04,328 - ADV_Generation_eps_1.0_steps_100 - INFO - Batch 1945/3783: Clean accuracy 0.7332 | Adv accuracy: 0.0000 
2026-02-09 02:52:04,329 - ADV_Generation_eps_1.0_steps_100 - INFO - Batch:[1945] Adversarial images for this batch already exist
2026-02-09 02:52:04,466 - ADV_Generation_eps_1.0_steps_100 - INFO - Batch 1946/3783: Clean accuracy 0.7328 | Adv accuracy: 0.0000 
2026-02-09 02:52:04,467 - ADV_Generation_eps_1.0_steps_100 - INFO - Batch:[1946] Adversarial images for this batch already exist
2026-02-09 02:52:04,606 - ADV_Generation_eps_1.0_steps_100 - INFO - Batch 1947/3783: Clean accuracy 0.7329 | Adv accuracy: 0.0000 
2026-02-09 02:52:04,607 - ADV_Generation_eps_1.0_steps_100 - INFO - Batch:[1947] Adversarial images for this batch already exist
2026-02-09 02:52:04,747 - ADV_Generation_eps_1.0_steps_100 - INFO - Batch 1948/3783: Clean accuracy 0.7325 | Adv accuracy: 0.0000 
2026-02-09 02:52:04,748 - ADV_Generation_eps_1.0_steps_100 - INFO - Batch:[1948] Adversarial images for this batch already exist
2026-02-09 02:52:04,887 - ADV_Generation_eps_1.0_steps_100 - INFO - Batch 1949/3783: Clean accuracy 0.7322 | Adv accuracy: 0.0000 
2026-02-09 02:52:04,888 - ADV_Generation_eps_1.0_steps_100 - INFO - Batch:[1949] Adversarial images for this batch already exist
2026-02-09 02:52:05,047 - ADV_Generation_eps_1.0_steps_100 - INFO - Batch 1950/3783: Clean accuracy 0.7318 | Adv accuracy: 0.0000 
2026-02-09 02:52:05,048 - ADV_Generation_eps_1.0_steps_100 - INFO - Batch:[1950] Adversarial images for this batch already exist
2026-02-09 02:52:05,188 - ADV_Generation_eps_1.0_steps_100 - INFO - Batch 1951/3783: Clean accuracy 0.7314 | Adv accuracy: 0.0000 
2026-02-09 02:52:05,189 - ADV_Generation_eps_1.0_steps_100 - INFO - Batch:[1951] Adversarial images for this batch already exist
2026-02-09 02:52:05,328 - ADV_Generation_eps_1.0_steps_100 - INFO - Batch 1952/3783: Clean accuracy 0.7310 | Adv accuracy: 0.0000 
2026-02-09 02:52:05,329 - ADV_Generation_eps_1.0_steps_100 - INFO - Batch:[1952] Adversarial images for this batch already exist
2026-02-09 02:52:05,472 - ADV_Generation_eps_1.0_steps_100 - INFO - Batch 1953/3783: Clean accuracy 0.7307 | Adv accuracy: 0.0000 
2026-02-09 02:52:05,473 - ADV_Generation_eps_1.0_steps_100 - INFO - Batch:[1953] Adversarial images for this batch already exist
2026-02-09 02:52:05,619 - ADV_Generation_eps_1.0_steps_100 - INFO - Batch 1954/3783: Clean accuracy 0.7303 | Adv accuracy: 0.0000 
2026-02-09 02:52:05,620 - ADV_Generation_eps_1.0_steps_100 - INFO - Batch:[1954] Adversarial images for this batch already exist
2026-02-09 02:52:05,765 - ADV_Generation_eps_1.0_steps_100 - INFO - Batch 1955/3783: Clean accuracy 0.7304 | Adv accuracy: 0.0000 
2026-02-09 02:52:05,766 - ADV_Generation_eps_1.0_steps_100 - INFO - Batch:[1955] Adversarial images for this batch already exist
2026-02-09 02:52:05,904 - ADV_Generation_eps_1.0_steps_100 - INFO - Batch 1956/3783: Clean accuracy 0.7301 | Adv accuracy: 0.0000 
2026-02-09 02:52:05,905 - ADV_Generation_eps_1.0_steps_100 - INFO - Batch:[1956] Adversarial images for this batch already exist
2026-02-09 02:52:06,043 - ADV_Generation_eps_1.0_steps_100 - INFO - Batch 1957/3783: Clean accuracy 0.7297 | Adv accuracy: 0.0000 
2026-02-09 02:52:06,044 - ADV_Generation_eps_1.0_steps_100 - INFO - Batch:[1957] Adversarial images for this batch already exist
2026-02-09 02:52:06,180 - ADV_Generation_eps_1.0_steps_100 - INFO - Batch 1958/3783: Clean accuracy 0.7298 | Adv accuracy: 0.0000 
2026-02-09 02:52:06,180 - ADV_Generation_eps_1.0_steps_100 - INFO - Batch:[1958] Adversarial images for this batch already exist
2026-02-09 02:52:06,321 - ADV_Generation_eps_1.0_steps_100 - INFO - Batch 1959/3783: Clean accuracy 0.7300 | Adv accuracy: 0.0000 
2026-02-09 02:52:06,322 - ADV_Generation_eps_1.0_steps_100 - INFO - Batch:[1959] Adversarial images for this batch already exist
2026-02-09 02:52:06,456 - ADV_Generation_eps_1.0_steps_100 - INFO - Batch 1960/3783: Clean accuracy 0.7301 | Adv accuracy: 0.0000 
2026-02-09 02:52:06,457 - ADV_Generation_eps_1.0_steps_100 - INFO - Batch:[1960] Adversarial images for this batch already exist
2026-02-09 02:52:06,593 - ADV_Generation_eps_1.0_steps_100 - INFO - Batch 1961/3783: Clean accuracy 0.7302 | Adv accuracy: 0.0000 
2026-02-09 02:52:06,595 - ADV_Generation_eps_1.0_steps_100 - INFO - Batch:[1961] Adversarial images for this batch already exist
2026-02-09 02:52:06,739 - ADV_Generation_eps_1.0_steps_100 - INFO - Batch 1962/3783: Clean accuracy 0.7304 | Adv accuracy: 0.0000 
2026-02-09 02:52:06,742 - ADV_Generation_eps_1.0_steps_100 - INFO - Batch:[1962] Adversarial images for this batch already exist
2026-02-09 02:52:06,886 - ADV_Generation_eps_1.0_steps_100 - INFO - Batch 1963/3783: Clean accuracy 0.7305 | Adv accuracy: 0.0000 
2026-02-09 02:52:06,887 - ADV_Generation_eps_1.0_steps_100 - INFO - Batch:[1963] Adversarial images for this batch already exist
2026-02-09 02:52:07,026 - ADV_Generation_eps_1.0_steps_100 - INFO - Batch 1964/3783: Clean accuracy 0.7307 | Adv accuracy: 0.0000 
2026-02-09 02:52:07,027 - ADV_Generation_eps_1.0_steps_100 - INFO - Batch:[1964] Adversarial images for this batch already exist
2026-02-09 02:52:07,162 - ADV_Generation_eps_1.0_steps_100 - INFO - Batch 1965/3783: Clean accuracy 0.7303 | Adv accuracy: 0.0000 
2026-02-09 02:52:07,163 - ADV_Generation_eps_1.0_steps_100 - INFO - Batch:[1965] Adversarial images for this batch already exist
2026-02-09 02:52:07,301 - ADV_Generation_eps_1.0_steps_100 - INFO - Batch 1966/3783: Clean accuracy 0.7299 | Adv accuracy: 0.0000 
2026-02-09 02:52:07,302 - ADV_Generation_eps_1.0_steps_100 - INFO - Batch:[1966] Adversarial images for this batch already exist
2026-02-09 02:52:07,445 - ADV_Generation_eps_1.0_steps_100 - INFO - Batch 1967/3783: Clean accuracy 0.7295 | Adv accuracy: 0.0000 
2026-02-09 02:52:07,445 - ADV_Generation_eps_1.0_steps_100 - INFO - Batch:[1967] Adversarial images for this batch already exist
2026-02-09 02:52:07,585 - ADV_Generation_eps_1.0_steps_100 - INFO - Batch 1968/3783: Clean accuracy 0.7292 | Adv accuracy: 0.0000 
2026-02-09 02:52:07,586 - ADV_Generation_eps_1.0_steps_100 - INFO - Batch:[1968] Adversarial images for this batch already exist
2026-02-09 02:52:07,726 - ADV_Generation_eps_1.0_steps_100 - INFO - Batch 1969/3783: Clean accuracy 0.7288 | Adv accuracy: 0.0000 
2026-02-09 02:52:07,727 - ADV_Generation_eps_1.0_steps_100 - INFO - Batch:[1969] Adversarial images for this batch already exist
2026-02-09 02:52:07,876 - ADV_Generation_eps_1.0_steps_100 - INFO - Batch 1970/3783: Clean accuracy 0.7284 | Adv accuracy: 0.0000 
2026-02-09 02:52:07,877 - ADV_Generation_eps_1.0_steps_100 - INFO - Batch:[1970] Adversarial images for this batch already exist
2026-02-09 02:52:08,017 - ADV_Generation_eps_1.0_steps_100 - INFO - Batch 1971/3783: Clean accuracy 0.7281 | Adv accuracy: 0.0000 
2026-02-09 02:52:08,018 - ADV_Generation_eps_1.0_steps_100 - INFO - Batch:[1971] Adversarial images for this batch already exist
2026-02-09 02:52:08,161 - ADV_Generation_eps_1.0_steps_100 - INFO - Batch 1972/3783: Clean accuracy 0.7282 | Adv accuracy: 0.0000 
2026-02-09 02:52:08,162 - ADV_Generation_eps_1.0_steps_100 - INFO - Batch:[1972] Adversarial images for this batch already exist
2026-02-09 02:52:08,308 - ADV_Generation_eps_1.0_steps_100 - INFO - Batch 1973/3783: Clean accuracy 0.7278 | Adv accuracy: 0.0000 
2026-02-09 02:52:08,309 - ADV_Generation_eps_1.0_steps_100 - INFO - Batch:[1973] Adversarial images for this batch already exist
2026-02-09 02:52:08,445 - ADV_Generation_eps_1.0_steps_100 - INFO - Batch 1974/3783: Clean accuracy 0.7280 | Adv accuracy: 0.0000 
2026-02-09 02:52:08,446 - ADV_Generation_eps_1.0_steps_100 - INFO - Batch:[1974] Adversarial images for this batch already exist
2026-02-09 02:52:08,584 - ADV_Generation_eps_1.0_steps_100 - INFO - Batch 1975/3783: Clean accuracy 0.7276 | Adv accuracy: 0.0000 
2026-02-09 02:52:08,585 - ADV_Generation_eps_1.0_steps_100 - INFO - Batch:[1975] Adversarial images for this batch already exist
2026-02-09 02:52:08,733 - ADV_Generation_eps_1.0_steps_100 - INFO - Batch 1976/3783: Clean accuracy 0.7277 | Adv accuracy: 0.0000 
2026-02-09 02:52:08,734 - ADV_Generation_eps_1.0_steps_100 - INFO - Batch:[1976] Adversarial images for this batch already exist
2026-02-09 02:52:08,879 - ADV_Generation_eps_1.0_steps_100 - INFO - Batch 1977/3783: Clean accuracy 0.7279 | Adv accuracy: 0.0000 
2026-02-09 02:52:08,880 - ADV_Generation_eps_1.0_steps_100 - INFO - Batch:[1977] Adversarial images for this batch already exist
2026-02-09 02:52:09,017 - ADV_Generation_eps_1.0_steps_100 - INFO - Batch 1978/3783: Clean accuracy 0.7275 | Adv accuracy: 0.0000 
2026-02-09 02:52:09,018 - ADV_Generation_eps_1.0_steps_100 - INFO - Batch:[1978] Adversarial images for this batch already exist
2026-02-09 02:52:09,159 - ADV_Generation_eps_1.0_steps_100 - INFO - Batch 1979/3783: Clean accuracy 0.7276 | Adv accuracy: 0.0000 
2026-02-09 02:52:09,160 - ADV_Generation_eps_1.0_steps_100 - INFO - Batch:[1979] Adversarial images for this batch already exist
2026-02-09 02:52:09,296 - ADV_Generation_eps_1.0_steps_100 - INFO - Batch 1980/3783: Clean accuracy 0.7278 | Adv accuracy: 0.0000 
2026-02-09 02:52:09,297 - ADV_Generation_eps_1.0_steps_100 - INFO - Batch:[1980] Adversarial images for this batch already exist
2026-02-09 02:52:09,435 - ADV_Generation_eps_1.0_steps_100 - INFO - Batch 1981/3783: Clean accuracy 0.7279 | Adv accuracy: 0.0000 
2026-02-09 02:52:09,436 - ADV_Generation_eps_1.0_steps_100 - INFO - Batch:[1981] Adversarial images for this batch already exist
2026-02-09 02:52:09,575 - ADV_Generation_eps_1.0_steps_100 - INFO - Batch 1982/3783: Clean accuracy 0.7281 | Adv accuracy: 0.0000 
2026-02-09 02:52:09,576 - ADV_Generation_eps_1.0_steps_100 - INFO - Batch:[1982] Adversarial images for this batch already exist
2026-02-09 02:52:09,719 - ADV_Generation_eps_1.0_steps_100 - INFO - Batch 1983/3783: Clean accuracy 0.7282 | Adv accuracy: 0.0000 
2026-02-09 02:52:09,720 - ADV_Generation_eps_1.0_steps_100 - INFO - Batch:[1983] Adversarial images for this batch already exist
2026-02-09 02:52:09,862 - ADV_Generation_eps_1.0_steps_100 - INFO - Batch 1984/3783: Clean accuracy 0.7283 | Adv accuracy: 0.0000 
2026-02-09 02:52:09,863 - ADV_Generation_eps_1.0_steps_100 - INFO - Batch:[1984] Adversarial images for this batch already exist
2026-02-09 02:52:10,002 - ADV_Generation_eps_1.0_steps_100 - INFO - Batch 1985/3783: Clean accuracy 0.7285 | Adv accuracy: 0.0000 
2026-02-09 02:52:10,003 - ADV_Generation_eps_1.0_steps_100 - INFO - Batch:[1985] Adversarial images for this batch already exist
2026-02-09 02:52:10,142 - ADV_Generation_eps_1.0_steps_100 - INFO - Batch 1986/3783: Clean accuracy 0.7286 | Adv accuracy: 0.0000 
2026-02-09 02:52:10,143 - ADV_Generation_eps_1.0_steps_100 - INFO - Batch:[1986] Adversarial images for this batch already exist
2026-02-09 02:52:10,282 - ADV_Generation_eps_1.0_steps_100 - INFO - Batch 1987/3783: Clean accuracy 0.7282 | Adv accuracy: 0.0000 
2026-02-09 02:52:10,283 - ADV_Generation_eps_1.0_steps_100 - INFO - Batch:[1987] Adversarial images for this batch already exist
2026-02-09 02:52:10,428 - ADV_Generation_eps_1.0_steps_100 - INFO - Batch 1988/3783: Clean accuracy 0.7284 | Adv accuracy: 0.0000 
2026-02-09 02:52:10,429 - ADV_Generation_eps_1.0_steps_100 - INFO - Batch:[1988] Adversarial images for this batch already exist
2026-02-09 02:52:10,573 - ADV_Generation_eps_1.0_steps_100 - INFO - Batch 1989/3783: Clean accuracy 0.7285 | Adv accuracy: 0.0000 
2026-02-09 02:52:10,574 - ADV_Generation_eps_1.0_steps_100 - INFO - Batch:[1989] Adversarial images for this batch already exist
2026-02-09 02:52:10,739 - ADV_Generation_eps_1.0_steps_100 - INFO - Batch 1990/3783: Clean accuracy 0.7286 | Adv accuracy: 0.0000 
2026-02-09 02:52:10,740 - ADV_Generation_eps_1.0_steps_100 - INFO - Batch:[1990] Adversarial images for this batch already exist
2026-02-09 02:52:10,888 - ADV_Generation_eps_1.0_steps_100 - INFO - Batch 1991/3783: Clean accuracy 0.7288 | Adv accuracy: 0.0000 
2026-02-09 02:52:10,889 - ADV_Generation_eps_1.0_steps_100 - INFO - Batch:[1991] Adversarial images for this batch already exist
2026-02-09 02:52:11,023 - ADV_Generation_eps_1.0_steps_100 - INFO - Batch 1992/3783: Clean accuracy 0.7289 | Adv accuracy: 0.0000 
2026-02-09 02:52:11,024 - ADV_Generation_eps_1.0_steps_100 - INFO - Batch:[1992] Adversarial images for this batch already exist
2026-02-09 02:52:11,158 - ADV_Generation_eps_1.0_steps_100 - INFO - Batch 1993/3783: Clean accuracy 0.7291 | Adv accuracy: 0.0000 
2026-02-09 02:52:11,159 - ADV_Generation_eps_1.0_steps_100 - INFO - Batch:[1993] Adversarial images for this batch already exist
2026-02-09 02:52:11,304 - ADV_Generation_eps_1.0_steps_100 - INFO - Batch 1994/3783: Clean accuracy 0.7292 | Adv accuracy: 0.0000 
2026-02-09 02:52:11,305 - ADV_Generation_eps_1.0_steps_100 - INFO - Batch:[1994] Adversarial images for this batch already exist
2026-02-09 02:52:11,451 - ADV_Generation_eps_1.0_steps_100 - INFO - Batch 1995/3783: Clean accuracy 0.7293 | Adv accuracy: 0.0000 
2026-02-09 02:52:11,452 - ADV_Generation_eps_1.0_steps_100 - INFO - Batch:[1995] Adversarial images for this batch already exist
2026-02-09 02:52:11,602 - ADV_Generation_eps_1.0_steps_100 - INFO - Batch 1996/3783: Clean accuracy 0.7295 | Adv accuracy: 0.0000 
2026-02-09 02:52:11,603 - ADV_Generation_eps_1.0_steps_100 - INFO - Batch:[1996] Adversarial images for this batch already exist
2026-02-09 02:52:11,805 - ADV_Generation_eps_1.0_steps_100 - INFO - Batch 1997/3783: Clean accuracy 0.7296 | Adv accuracy: 0.0000 
2026-02-09 02:52:11,806 - ADV_Generation_eps_1.0_steps_100 - INFO - Batch:[1997] Adversarial images for this batch already exist
2026-02-09 02:52:11,947 - ADV_Generation_eps_1.0_steps_100 - INFO - Batch 1998/3783: Clean accuracy 0.7297 | Adv accuracy: 0.0000 
2026-02-09 02:52:11,948 - ADV_Generation_eps_1.0_steps_100 - INFO - Batch:[1998] Adversarial images for this batch already exist
2026-02-09 02:52:12,082 - ADV_Generation_eps_1.0_steps_100 - INFO - Batch 1999/3783: Clean accuracy 0.7299 | Adv accuracy: 0.0000 
2026-02-09 02:52:12,083 - ADV_Generation_eps_1.0_steps_100 - INFO - Batch:[1999] Adversarial images for this batch already exist
2026-02-09 02:52:12,221 - ADV_Generation_eps_1.0_steps_100 - INFO - Batch 2000/3783: Clean accuracy 0.7300 | Adv accuracy: 0.0000 
2026-02-09 02:52:12,222 - ADV_Generation_eps_1.0_steps_100 - INFO - Batch:[2000] Adversarial images for this batch already exist
2026-02-09 02:52:12,359 - ADV_Generation_eps_1.0_steps_100 - INFO - Batch 2001/3783: Clean accuracy 0.7301 | Adv accuracy: 0.0000 
2026-02-09 02:52:12,360 - ADV_Generation_eps_1.0_steps_100 - INFO - Batch:[2001] Adversarial images for this batch already exist
2026-02-09 02:52:12,496 - ADV_Generation_eps_1.0_steps_100 - INFO - Batch 2002/3783: Clean accuracy 0.7303 | Adv accuracy: 0.0000 
2026-02-09 02:52:12,497 - ADV_Generation_eps_1.0_steps_100 - INFO - Batch:[2002] Adversarial images for this batch already exist
2026-02-09 02:52:12,641 - ADV_Generation_eps_1.0_steps_100 - INFO - Batch 2003/3783: Clean accuracy 0.7304 | Adv accuracy: 0.0000 
2026-02-09 02:52:12,642 - ADV_Generation_eps_1.0_steps_100 - INFO - Batch:[2003] Adversarial images for this batch already exist
2026-02-09 02:52:12,867 - ADV_Generation_eps_1.0_steps_100 - INFO - Batch 2004/3783: Clean accuracy 0.7305 | Adv accuracy: 0.0000 
2026-02-09 02:52:12,868 - ADV_Generation_eps_1.0_steps_100 - INFO - Batch:[2004] Adversarial images for this batch already exist
2026-02-09 02:52:13,008 - ADV_Generation_eps_1.0_steps_100 - INFO - Batch 2005/3783: Clean accuracy 0.7307 | Adv accuracy: 0.0000 
2026-02-09 02:52:13,009 - ADV_Generation_eps_1.0_steps_100 - INFO - Batch:[2005] Adversarial images for this batch already exist
2026-02-09 02:52:13,146 - ADV_Generation_eps_1.0_steps_100 - INFO - Batch 2006/3783: Clean accuracy 0.7303 | Adv accuracy: 0.0000 
2026-02-09 02:52:13,147 - ADV_Generation_eps_1.0_steps_100 - INFO - Batch:[2006] Adversarial images for this batch already exist
2026-02-09 02:52:13,285 - ADV_Generation_eps_1.0_steps_100 - INFO - Batch 2007/3783: Clean accuracy 0.7304 | Adv accuracy: 0.0000 
2026-02-09 02:52:13,286 - ADV_Generation_eps_1.0_steps_100 - INFO - Batch:[2007] Adversarial images for this batch already exist
2026-02-09 02:52:13,425 - ADV_Generation_eps_1.0_steps_100 - INFO - Batch 2008/3783: Clean accuracy 0.7301 | Adv accuracy: 0.0000 
2026-02-09 02:52:13,426 - ADV_Generation_eps_1.0_steps_100 - INFO - Batch:[2008] Adversarial images for this batch already exist
2026-02-09 02:52:13,562 - ADV_Generation_eps_1.0_steps_100 - INFO - Batch 2009/3783: Clean accuracy 0.7297 | Adv accuracy: 0.0000 
2026-02-09 02:52:13,563 - ADV_Generation_eps_1.0_steps_100 - INFO - Batch:[2009] Adversarial images for this batch already exist
2026-02-09 02:52:13,698 - ADV_Generation_eps_1.0_steps_100 - INFO - Batch 2010/3783: Clean accuracy 0.7299 | Adv accuracy: 0.0000 
2026-02-09 02:52:13,699 - ADV_Generation_eps_1.0_steps_100 - INFO - Batch:[2010] Adversarial images for this batch already exist
2026-02-09 02:52:13,853 - ADV_Generation_eps_1.0_steps_100 - INFO - Batch 2011/3783: Clean accuracy 0.7295 | Adv accuracy: 0.0000 
2026-02-09 02:52:13,854 - ADV_Generation_eps_1.0_steps_100 - INFO - Batch:[2011] Adversarial images for this batch already exist
2026-02-09 02:52:14,000 - ADV_Generation_eps_1.0_steps_100 - INFO - Batch 2012/3783: Clean accuracy 0.7296 | Adv accuracy: 0.0000 
2026-02-09 02:52:14,001 - ADV_Generation_eps_1.0_steps_100 - INFO - Batch:[2012] Adversarial images for this batch already exist
2026-02-09 02:52:14,133 - ADV_Generation_eps_1.0_steps_100 - INFO - Batch 2013/3783: Clean accuracy 0.7298 | Adv accuracy: 0.0000 
2026-02-09 02:52:14,135 - ADV_Generation_eps_1.0_steps_100 - INFO - Batch:[2013] Adversarial images for this batch already exist
2026-02-09 02:52:14,274 - ADV_Generation_eps_1.0_steps_100 - INFO - Batch 2014/3783: Clean accuracy 0.7299 | Adv accuracy: 0.0000 
2026-02-09 02:52:14,275 - ADV_Generation_eps_1.0_steps_100 - INFO - Batch:[2014] Adversarial images for this batch already exist
2026-02-09 02:52:14,413 - ADV_Generation_eps_1.0_steps_100 - INFO - Batch 2015/3783: Clean accuracy 0.7300 | Adv accuracy: 0.0000 
2026-02-09 02:52:14,414 - ADV_Generation_eps_1.0_steps_100 - INFO - Batch:[2015] Adversarial images for this batch already exist
2026-02-09 02:52:14,562 - ADV_Generation_eps_1.0_steps_100 - INFO - Batch 2016/3783: Clean accuracy 0.7302 | Adv accuracy: 0.0000 
2026-02-09 02:52:14,562 - ADV_Generation_eps_1.0_steps_100 - INFO - Batch:[2016] Adversarial images for this batch already exist
2026-02-09 02:52:14,702 - ADV_Generation_eps_1.0_steps_100 - INFO - Batch 2017/3783: Clean accuracy 0.7303 | Adv accuracy: 0.0000 
2026-02-09 02:52:14,703 - ADV_Generation_eps_1.0_steps_100 - INFO - Batch:[2017] Adversarial images for this batch already exist
2026-02-09 02:52:14,837 - ADV_Generation_eps_1.0_steps_100 - INFO - Batch 2018/3783: Clean accuracy 0.7299 | Adv accuracy: 0.0000 
2026-02-09 02:52:14,838 - ADV_Generation_eps_1.0_steps_100 - INFO - Batch:[2018] Adversarial images for this batch already exist
2026-02-09 02:52:15,005 - ADV_Generation_eps_1.0_steps_100 - INFO - Batch 2019/3783: Clean accuracy 0.7296 | Adv accuracy: 0.0000 
2026-02-09 02:52:15,006 - ADV_Generation_eps_1.0_steps_100 - INFO - Batch:[2019] Adversarial images for this batch already exist
2026-02-09 02:52:15,144 - ADV_Generation_eps_1.0_steps_100 - INFO - Batch 2020/3783: Clean accuracy 0.7292 | Adv accuracy: 0.0000 
2026-02-09 02:52:15,145 - ADV_Generation_eps_1.0_steps_100 - INFO - Batch:[2020] Adversarial images for this batch already exist
2026-02-09 02:52:15,283 - ADV_Generation_eps_1.0_steps_100 - INFO - Batch 2021/3783: Clean accuracy 0.7293 | Adv accuracy: 0.0000 
2026-02-09 02:52:15,284 - ADV_Generation_eps_1.0_steps_100 - INFO - Batch:[2021] Adversarial images for this batch already exist
2026-02-09 02:52:15,419 - ADV_Generation_eps_1.0_steps_100 - INFO - Batch 2022/3783: Clean accuracy 0.7295 | Adv accuracy: 0.0000 
2026-02-09 02:52:15,420 - ADV_Generation_eps_1.0_steps_100 - INFO - Batch:[2022] Adversarial images for this batch already exist
2026-02-09 02:52:15,557 - ADV_Generation_eps_1.0_steps_100 - INFO - Batch 2023/3783: Clean accuracy 0.7291 | Adv accuracy: 0.0000 
2026-02-09 02:52:15,558 - ADV_Generation_eps_1.0_steps_100 - INFO - Batch:[2023] Adversarial images for this batch already exist
2026-02-09 02:52:15,693 - ADV_Generation_eps_1.0_steps_100 - INFO - Batch 2024/3783: Clean accuracy 0.7288 | Adv accuracy: 0.0000 
2026-02-09 02:52:15,694 - ADV_Generation_eps_1.0_steps_100 - INFO - Batch:[2024] Adversarial images for this batch already exist
2026-02-09 02:52:15,831 - ADV_Generation_eps_1.0_steps_100 - INFO - Batch 2025/3783: Clean accuracy 0.7284 | Adv accuracy: 0.0000 
2026-02-09 02:52:15,832 - ADV_Generation_eps_1.0_steps_100 - INFO - Batch:[2025] Adversarial images for this batch already exist
2026-02-09 02:52:15,969 - ADV_Generation_eps_1.0_steps_100 - INFO - Batch 2026/3783: Clean accuracy 0.7280 | Adv accuracy: 0.0000 
2026-02-09 02:52:15,970 - ADV_Generation_eps_1.0_steps_100 - INFO - Batch:[2026] Adversarial images for this batch already exist
2026-02-09 02:52:16,108 - ADV_Generation_eps_1.0_steps_100 - INFO - Batch 2027/3783: Clean accuracy 0.7282 | Adv accuracy: 0.0000 
2026-02-09 02:52:16,109 - ADV_Generation_eps_1.0_steps_100 - INFO - Batch:[2027] Adversarial images for this batch already exist
2026-02-09 02:52:16,253 - ADV_Generation_eps_1.0_steps_100 - INFO - Batch 2028/3783: Clean accuracy 0.7283 | Adv accuracy: 0.0000 
2026-02-09 02:52:16,255 - ADV_Generation_eps_1.0_steps_100 - INFO - Batch:[2028] Adversarial images for this batch already exist
2026-02-09 02:52:16,397 - ADV_Generation_eps_1.0_steps_100 - INFO - Batch 2029/3783: Clean accuracy 0.7284 | Adv accuracy: 0.0000 
2026-02-09 02:52:16,398 - ADV_Generation_eps_1.0_steps_100 - INFO - Batch:[2029] Adversarial images for this batch already exist
2026-02-09 02:52:16,533 - ADV_Generation_eps_1.0_steps_100 - INFO - Batch 2030/3783: Clean accuracy 0.7286 | Adv accuracy: 0.0000 
2026-02-09 02:52:16,534 - ADV_Generation_eps_1.0_steps_100 - INFO - Batch:[2030] Adversarial images for this batch already exist
2026-02-09 02:52:16,676 - ADV_Generation_eps_1.0_steps_100 - INFO - Batch 2031/3783: Clean accuracy 0.7282 | Adv accuracy: 0.0000 
2026-02-09 02:52:16,677 - ADV_Generation_eps_1.0_steps_100 - INFO - Batch:[2031] Adversarial images for this batch already exist
2026-02-09 02:52:16,816 - ADV_Generation_eps_1.0_steps_100 - INFO - Batch 2032/3783: Clean accuracy 0.7279 | Adv accuracy: 0.0000 
2026-02-09 02:52:16,817 - ADV_Generation_eps_1.0_steps_100 - INFO - Batch:[2032] Adversarial images for this batch already exist
2026-02-09 02:52:16,956 - ADV_Generation_eps_1.0_steps_100 - INFO - Batch 2033/3783: Clean accuracy 0.7275 | Adv accuracy: 0.0000 
2026-02-09 02:52:16,957 - ADV_Generation_eps_1.0_steps_100 - INFO - Batch:[2033] Adversarial images for this batch already exist
2026-02-09 02:52:17,103 - ADV_Generation_eps_1.0_steps_100 - INFO - Batch 2034/3783: Clean accuracy 0.7271 | Adv accuracy: 0.0000 
2026-02-09 02:52:17,104 - ADV_Generation_eps_1.0_steps_100 - INFO - Batch:[2034] Adversarial images for this batch already exist
2026-02-09 02:52:17,240 - ADV_Generation_eps_1.0_steps_100 - INFO - Batch 2035/3783: Clean accuracy 0.7273 | Adv accuracy: 0.0000 
2026-02-09 02:52:17,241 - ADV_Generation_eps_1.0_steps_100 - INFO - Batch:[2035] Adversarial images for this batch already exist
2026-02-09 02:52:17,377 - ADV_Generation_eps_1.0_steps_100 - INFO - Batch 2036/3783: Clean accuracy 0.7274 | Adv accuracy: 0.0000 
2026-02-09 02:52:17,379 - ADV_Generation_eps_1.0_steps_100 - INFO - Batch:[2036] Adversarial images for this batch already exist
2026-02-09 02:52:17,520 - ADV_Generation_eps_1.0_steps_100 - INFO - Batch 2037/3783: Clean accuracy 0.7275 | Adv accuracy: 0.0000 
2026-02-09 02:52:17,521 - ADV_Generation_eps_1.0_steps_100 - INFO - Batch:[2037] Adversarial images for this batch already exist
2026-02-09 02:52:17,659 - ADV_Generation_eps_1.0_steps_100 - INFO - Batch 2038/3783: Clean accuracy 0.7277 | Adv accuracy: 0.0000 
2026-02-09 02:52:17,660 - ADV_Generation_eps_1.0_steps_100 - INFO - Batch:[2038] Adversarial images for this batch already exist
2026-02-09 02:52:17,799 - ADV_Generation_eps_1.0_steps_100 - INFO - Batch 2039/3783: Clean accuracy 0.7273 | Adv accuracy: 0.0000 
2026-02-09 02:52:17,800 - ADV_Generation_eps_1.0_steps_100 - INFO - Batch:[2039] Adversarial images for this batch already exist
2026-02-09 02:52:17,939 - ADV_Generation_eps_1.0_steps_100 - INFO - Batch 2040/3783: Clean accuracy 0.7275 | Adv accuracy: 0.0000 
2026-02-09 02:52:17,940 - ADV_Generation_eps_1.0_steps_100 - INFO - Batch:[2040] Adversarial images for this batch already exist
2026-02-09 02:52:18,076 - ADV_Generation_eps_1.0_steps_100 - INFO - Batch 2041/3783: Clean accuracy 0.7271 | Adv accuracy: 0.0000 
2026-02-09 02:52:18,077 - ADV_Generation_eps_1.0_steps_100 - INFO - Batch:[2041] Adversarial images for this batch already exist
2026-02-09 02:52:18,216 - ADV_Generation_eps_1.0_steps_100 - INFO - Batch 2042/3783: Clean accuracy 0.7267 | Adv accuracy: 0.0000 
2026-02-09 02:52:18,217 - ADV_Generation_eps_1.0_steps_100 - INFO - Batch:[2042] Adversarial images for this batch already exist
2026-02-09 02:52:18,362 - ADV_Generation_eps_1.0_steps_100 - INFO - Batch 2043/3783: Clean accuracy 0.7264 | Adv accuracy: 0.0000 
2026-02-09 02:52:18,363 - ADV_Generation_eps_1.0_steps_100 - INFO - Batch:[2043] Adversarial images for this batch already exist
2026-02-09 02:52:18,504 - ADV_Generation_eps_1.0_steps_100 - INFO - Batch 2044/3783: Clean accuracy 0.7260 | Adv accuracy: 0.0000 
2026-02-09 02:52:18,505 - ADV_Generation_eps_1.0_steps_100 - INFO - Batch:[2044] Adversarial images for this batch already exist
2026-02-09 02:52:18,651 - ADV_Generation_eps_1.0_steps_100 - INFO - Batch 2045/3783: Clean accuracy 0.7262 | Adv accuracy: 0.0000 
2026-02-09 02:52:18,652 - ADV_Generation_eps_1.0_steps_100 - INFO - Batch:[2045] Adversarial images for this batch already exist
2026-02-09 02:52:18,793 - ADV_Generation_eps_1.0_steps_100 - INFO - Batch 2046/3783: Clean accuracy 0.7258 | Adv accuracy: 0.0000 
2026-02-09 02:52:18,794 - ADV_Generation_eps_1.0_steps_100 - INFO - Batch:[2046] Adversarial images for this batch already exist
2026-02-09 02:52:18,931 - ADV_Generation_eps_1.0_steps_100 - INFO - Batch 2047/3783: Clean accuracy 0.7259 | Adv accuracy: 0.0000 
2026-02-09 02:52:18,932 - ADV_Generation_eps_1.0_steps_100 - INFO - Batch:[2047] Adversarial images for this batch already exist
2026-02-09 02:52:19,080 - ADV_Generation_eps_1.0_steps_100 - INFO - Batch 2048/3783: Clean accuracy 0.7261 | Adv accuracy: 0.0000 
2026-02-09 02:52:19,081 - ADV_Generation_eps_1.0_steps_100 - INFO - Batch:[2048] Adversarial images for this batch already exist
2026-02-09 02:52:19,219 - ADV_Generation_eps_1.0_steps_100 - INFO - Batch 2049/3783: Clean accuracy 0.7257 | Adv accuracy: 0.0000 
2026-02-09 02:52:19,220 - ADV_Generation_eps_1.0_steps_100 - INFO - Batch:[2049] Adversarial images for this batch already exist
2026-02-09 02:52:19,364 - ADV_Generation_eps_1.0_steps_100 - INFO - Batch 2050/3783: Clean accuracy 0.7254 | Adv accuracy: 0.0000 
2026-02-09 02:52:19,365 - ADV_Generation_eps_1.0_steps_100 - INFO - Batch:[2050] Adversarial images for this batch already exist
2026-02-09 02:52:19,509 - ADV_Generation_eps_1.0_steps_100 - INFO - Batch 2051/3783: Clean accuracy 0.7250 | Adv accuracy: 0.0000 
2026-02-09 02:52:19,510 - ADV_Generation_eps_1.0_steps_100 - INFO - Batch:[2051] Adversarial images for this batch already exist
2026-02-09 02:52:19,648 - ADV_Generation_eps_1.0_steps_100 - INFO - Batch 2052/3783: Clean accuracy 0.7251 | Adv accuracy: 0.0000 
2026-02-09 02:52:19,649 - ADV_Generation_eps_1.0_steps_100 - INFO - Batch:[2052] Adversarial images for this batch already exist
2026-02-09 02:52:19,788 - ADV_Generation_eps_1.0_steps_100 - INFO - Batch 2053/3783: Clean accuracy 0.7248 | Adv accuracy: 0.0000 
2026-02-09 02:52:19,789 - ADV_Generation_eps_1.0_steps_100 - INFO - Batch:[2053] Adversarial images for this batch already exist
2026-02-09 02:52:19,928 - ADV_Generation_eps_1.0_steps_100 - INFO - Batch 2054/3783: Clean accuracy 0.7249 | Adv accuracy: 0.0000 
2026-02-09 02:52:19,929 - ADV_Generation_eps_1.0_steps_100 - INFO - Batch:[2054] Adversarial images for this batch already exist
2026-02-09 02:52:20,070 - ADV_Generation_eps_1.0_steps_100 - INFO - Batch 2055/3783: Clean accuracy 0.7251 | Adv accuracy: 0.0000 
2026-02-09 02:52:20,071 - ADV_Generation_eps_1.0_steps_100 - INFO - Batch:[2055] Adversarial images for this batch already exist
2026-02-09 02:52:20,222 - ADV_Generation_eps_1.0_steps_100 - INFO - Batch 2056/3783: Clean accuracy 0.7252 | Adv accuracy: 0.0000 
2026-02-09 02:52:20,223 - ADV_Generation_eps_1.0_steps_100 - INFO - Batch:[2056] Adversarial images for this batch already exist
2026-02-09 02:52:20,383 - ADV_Generation_eps_1.0_steps_100 - INFO - Batch 2057/3783: Clean accuracy 0.7253 | Adv accuracy: 0.0000 
2026-02-09 02:52:20,384 - ADV_Generation_eps_1.0_steps_100 - INFO - Batch:[2057] Adversarial images for this batch already exist
2026-02-09 02:52:20,553 - ADV_Generation_eps_1.0_steps_100 - INFO - Batch 2058/3783: Clean accuracy 0.7250 | Adv accuracy: 0.0000 
2026-02-09 02:52:20,555 - ADV_Generation_eps_1.0_steps_100 - INFO - Batch:[2058] Adversarial images for this batch already exist
2026-02-09 02:52:20,690 - ADV_Generation_eps_1.0_steps_100 - INFO - Batch 2059/3783: Clean accuracy 0.7246 | Adv accuracy: 0.0000 
2026-02-09 02:52:20,691 - ADV_Generation_eps_1.0_steps_100 - INFO - Batch:[2059] Adversarial images for this batch already exist
2026-02-09 02:52:20,848 - ADV_Generation_eps_1.0_steps_100 - INFO - Batch 2060/3783: Clean accuracy 0.7248 | Adv accuracy: 0.0000 
2026-02-09 02:52:20,849 - ADV_Generation_eps_1.0_steps_100 - INFO - Batch:[2060] Adversarial images for this batch already exist
2026-02-09 02:52:21,014 - ADV_Generation_eps_1.0_steps_100 - INFO - Batch 2061/3783: Clean accuracy 0.7249 | Adv accuracy: 0.0000 
2026-02-09 02:52:21,015 - ADV_Generation_eps_1.0_steps_100 - INFO - Batch:[2061] Adversarial images for this batch already exist
2026-02-09 02:52:21,161 - ADV_Generation_eps_1.0_steps_100 - INFO - Batch 2062/3783: Clean accuracy 0.7250 | Adv accuracy: 0.0000 
2026-02-09 02:52:21,162 - ADV_Generation_eps_1.0_steps_100 - INFO - Batch:[2062] Adversarial images for this batch already exist
2026-02-09 02:52:21,349 - ADV_Generation_eps_1.0_steps_100 - INFO - Batch 2063/3783: Clean accuracy 0.7252 | Adv accuracy: 0.0000 
2026-02-09 02:52:21,350 - ADV_Generation_eps_1.0_steps_100 - INFO - Batch:[2063] Adversarial images for this batch already exist
2026-02-09 02:52:21,490 - ADV_Generation_eps_1.0_steps_100 - INFO - Batch 2064/3783: Clean accuracy 0.7253 | Adv accuracy: 0.0000 
2026-02-09 02:52:21,491 - ADV_Generation_eps_1.0_steps_100 - INFO - Batch:[2064] Adversarial images for this batch already exist
2026-02-09 02:52:21,631 - ADV_Generation_eps_1.0_steps_100 - INFO - Batch 2065/3783: Clean accuracy 0.7254 | Adv accuracy: 0.0000 
2026-02-09 02:52:21,632 - ADV_Generation_eps_1.0_steps_100 - INFO - Batch:[2065] Adversarial images for this batch already exist
2026-02-09 02:52:21,768 - ADV_Generation_eps_1.0_steps_100 - INFO - Batch 2066/3783: Clean accuracy 0.7256 | Adv accuracy: 0.0000 
2026-02-09 02:52:21,769 - ADV_Generation_eps_1.0_steps_100 - INFO - Batch:[2066] Adversarial images for this batch already exist
2026-02-09 02:52:21,902 - ADV_Generation_eps_1.0_steps_100 - INFO - Batch 2067/3783: Clean accuracy 0.7257 | Adv accuracy: 0.0000 
2026-02-09 02:52:21,903 - ADV_Generation_eps_1.0_steps_100 - INFO - Batch:[2067] Adversarial images for this batch already exist
2026-02-09 02:52:22,045 - ADV_Generation_eps_1.0_steps_100 - INFO - Batch 2068/3783: Clean accuracy 0.7258 | Adv accuracy: 0.0000 
2026-02-09 02:52:22,046 - ADV_Generation_eps_1.0_steps_100 - INFO - Batch:[2068] Adversarial images for this batch already exist
2026-02-09 02:52:22,184 - ADV_Generation_eps_1.0_steps_100 - INFO - Batch 2069/3783: Clean accuracy 0.7260 | Adv accuracy: 0.0000 
2026-02-09 02:52:22,185 - ADV_Generation_eps_1.0_steps_100 - INFO - Batch:[2069] Adversarial images for this batch already exist
2026-02-09 02:52:22,324 - ADV_Generation_eps_1.0_steps_100 - INFO - Batch 2070/3783: Clean accuracy 0.7261 | Adv accuracy: 0.0000 
2026-02-09 02:52:22,325 - ADV_Generation_eps_1.0_steps_100 - INFO - Batch:[2070] Adversarial images for this batch already exist
2026-02-09 02:52:22,465 - ADV_Generation_eps_1.0_steps_100 - INFO - Batch 2071/3783: Clean accuracy 0.7262 | Adv accuracy: 0.0000 
2026-02-09 02:52:22,466 - ADV_Generation_eps_1.0_steps_100 - INFO - Batch:[2071] Adversarial images for this batch already exist
2026-02-09 02:52:22,600 - ADV_Generation_eps_1.0_steps_100 - INFO - Batch 2072/3783: Clean accuracy 0.7264 | Adv accuracy: 0.0000 
2026-02-09 02:52:22,601 - ADV_Generation_eps_1.0_steps_100 - INFO - Batch:[2072] Adversarial images for this batch already exist
2026-02-09 02:52:22,740 - ADV_Generation_eps_1.0_steps_100 - INFO - Batch 2073/3783: Clean accuracy 0.7265 | Adv accuracy: 0.0000 
2026-02-09 02:52:22,741 - ADV_Generation_eps_1.0_steps_100 - INFO - Batch:[2073] Adversarial images for this batch already exist
2026-02-09 02:52:22,884 - ADV_Generation_eps_1.0_steps_100 - INFO - Batch 2074/3783: Clean accuracy 0.7261 | Adv accuracy: 0.0000 
2026-02-09 02:52:22,887 - ADV_Generation_eps_1.0_steps_100 - INFO - Batch:[2074] Adversarial images for this batch already exist
2026-02-09 02:52:23,026 - ADV_Generation_eps_1.0_steps_100 - INFO - Batch 2075/3783: Clean accuracy 0.7258 | Adv accuracy: 0.0000 
2026-02-09 02:52:23,027 - ADV_Generation_eps_1.0_steps_100 - INFO - Batch:[2075] Adversarial images for this batch already exist
2026-02-09 02:52:23,163 - ADV_Generation_eps_1.0_steps_100 - INFO - Batch 2076/3783: Clean accuracy 0.7259 | Adv accuracy: 0.0000 
2026-02-09 02:52:23,164 - ADV_Generation_eps_1.0_steps_100 - INFO - Batch:[2076] Adversarial images for this batch already exist
2026-02-09 02:52:23,303 - ADV_Generation_eps_1.0_steps_100 - INFO - Batch 2077/3783: Clean accuracy 0.7256 | Adv accuracy: 0.0000 
2026-02-09 02:52:23,304 - ADV_Generation_eps_1.0_steps_100 - INFO - Batch:[2077] Adversarial images for this batch already exist
2026-02-09 02:52:23,444 - ADV_Generation_eps_1.0_steps_100 - INFO - Batch 2078/3783: Clean accuracy 0.7252 | Adv accuracy: 0.0000 
2026-02-09 02:52:23,445 - ADV_Generation_eps_1.0_steps_100 - INFO - Batch:[2078] Adversarial images for this batch already exist
2026-02-09 02:52:23,580 - ADV_Generation_eps_1.0_steps_100 - INFO - Batch 2079/3783: Clean accuracy 0.7253 | Adv accuracy: 0.0000 
2026-02-09 02:52:23,581 - ADV_Generation_eps_1.0_steps_100 - INFO - Batch:[2079] Adversarial images for this batch already exist
2026-02-09 02:52:23,719 - ADV_Generation_eps_1.0_steps_100 - INFO - Batch 2080/3783: Clean accuracy 0.7255 | Adv accuracy: 0.0000 
2026-02-09 02:52:23,720 - ADV_Generation_eps_1.0_steps_100 - INFO - Batch:[2080] Adversarial images for this batch already exist
2026-02-09 02:52:23,859 - ADV_Generation_eps_1.0_steps_100 - INFO - Batch 2081/3783: Clean accuracy 0.7256 | Adv accuracy: 0.0000 
2026-02-09 02:52:23,860 - ADV_Generation_eps_1.0_steps_100 - INFO - Batch:[2081] Adversarial images for this batch already exist
2026-02-09 02:52:24,001 - ADV_Generation_eps_1.0_steps_100 - INFO - Batch 2082/3783: Clean accuracy 0.7257 | Adv accuracy: 0.0000 
2026-02-09 02:52:24,001 - ADV_Generation_eps_1.0_steps_100 - INFO - Batch:[2082] Adversarial images for this batch already exist
2026-02-09 02:52:24,140 - ADV_Generation_eps_1.0_steps_100 - INFO - Batch 2083/3783: Clean accuracy 0.7259 | Adv accuracy: 0.0000 
2026-02-09 02:52:24,141 - ADV_Generation_eps_1.0_steps_100 - INFO - Batch:[2083] Adversarial images for this batch already exist
2026-02-09 02:52:24,280 - ADV_Generation_eps_1.0_steps_100 - INFO - Batch 2084/3783: Clean accuracy 0.7255 | Adv accuracy: 0.0000 
2026-02-09 02:52:24,280 - ADV_Generation_eps_1.0_steps_100 - INFO - Batch:[2084] Adversarial images for this batch already exist
2026-02-09 02:52:24,418 - ADV_Generation_eps_1.0_steps_100 - INFO - Batch 2085/3783: Clean accuracy 0.7252 | Adv accuracy: 0.0000 
2026-02-09 02:52:24,419 - ADV_Generation_eps_1.0_steps_100 - INFO - Batch:[2085] Adversarial images for this batch already exist
2026-02-09 02:52:24,565 - ADV_Generation_eps_1.0_steps_100 - INFO - Batch 2086/3783: Clean accuracy 0.7248 | Adv accuracy: 0.0000 
2026-02-09 02:52:24,566 - ADV_Generation_eps_1.0_steps_100 - INFO - Batch:[2086] Adversarial images for this batch already exist
2026-02-09 02:52:24,708 - ADV_Generation_eps_1.0_steps_100 - INFO - Batch 2087/3783: Clean accuracy 0.7245 | Adv accuracy: 0.0000 
2026-02-09 02:52:24,709 - ADV_Generation_eps_1.0_steps_100 - INFO - Batch:[2087] Adversarial images for this batch already exist
2026-02-09 02:52:24,851 - ADV_Generation_eps_1.0_steps_100 - INFO - Batch 2088/3783: Clean accuracy 0.7241 | Adv accuracy: 0.0000 
2026-02-09 02:52:24,852 - ADV_Generation_eps_1.0_steps_100 - INFO - Batch:[2088] Adversarial images for this batch already exist
2026-02-09 02:52:24,992 - ADV_Generation_eps_1.0_steps_100 - INFO - Batch 2089/3783: Clean accuracy 0.7238 | Adv accuracy: 0.0000 
2026-02-09 02:52:24,993 - ADV_Generation_eps_1.0_steps_100 - INFO - Batch:[2089] Adversarial images for this batch already exist
2026-02-09 02:52:25,173 - ADV_Generation_eps_1.0_steps_100 - INFO - Batch 2090/3783: Clean accuracy 0.7239 | Adv accuracy: 0.0000 
2026-02-09 02:52:25,174 - ADV_Generation_eps_1.0_steps_100 - INFO - Batch:[2090] Adversarial images for this batch already exist
2026-02-09 02:52:25,319 - ADV_Generation_eps_1.0_steps_100 - INFO - Batch 2091/3783: Clean accuracy 0.7236 | Adv accuracy: 0.0000 
2026-02-09 02:52:25,320 - ADV_Generation_eps_1.0_steps_100 - INFO - Batch:[2091] Adversarial images for this batch already exist
2026-02-09 02:52:25,458 - ADV_Generation_eps_1.0_steps_100 - INFO - Batch 2092/3783: Clean accuracy 0.7232 | Adv accuracy: 0.0000 
2026-02-09 02:52:25,460 - ADV_Generation_eps_1.0_steps_100 - INFO - Batch:[2092] Adversarial images for this batch already exist
2026-02-09 02:52:25,597 - ADV_Generation_eps_1.0_steps_100 - INFO - Batch 2093/3783: Clean accuracy 0.7234 | Adv accuracy: 0.0000 
2026-02-09 02:52:25,598 - ADV_Generation_eps_1.0_steps_100 - INFO - Batch:[2093] Adversarial images for this batch already exist
2026-02-09 02:52:25,738 - ADV_Generation_eps_1.0_steps_100 - INFO - Batch 2094/3783: Clean accuracy 0.7230 | Adv accuracy: 0.0000 
2026-02-09 02:52:25,739 - ADV_Generation_eps_1.0_steps_100 - INFO - Batch:[2094] Adversarial images for this batch already exist
2026-02-09 02:52:25,878 - ADV_Generation_eps_1.0_steps_100 - INFO - Batch 2095/3783: Clean accuracy 0.7227 | Adv accuracy: 0.0000 
2026-02-09 02:52:25,879 - ADV_Generation_eps_1.0_steps_100 - INFO - Batch:[2095] Adversarial images for this batch already exist
2026-02-09 02:52:26,017 - ADV_Generation_eps_1.0_steps_100 - INFO - Batch 2096/3783: Clean accuracy 0.7223 | Adv accuracy: 0.0000 
2026-02-09 02:52:26,018 - ADV_Generation_eps_1.0_steps_100 - INFO - Batch:[2096] Adversarial images for this batch already exist
2026-02-09 02:52:26,156 - ADV_Generation_eps_1.0_steps_100 - INFO - Batch 2097/3783: Clean accuracy 0.7220 | Adv accuracy: 0.0000 
2026-02-09 02:52:26,157 - ADV_Generation_eps_1.0_steps_100 - INFO - Batch:[2097] Adversarial images for this batch already exist
2026-02-09 02:52:26,295 - ADV_Generation_eps_1.0_steps_100 - INFO - Batch 2098/3783: Clean accuracy 0.7216 | Adv accuracy: 0.0000 
2026-02-09 02:52:26,296 - ADV_Generation_eps_1.0_steps_100 - INFO - Batch:[2098] Adversarial images for this batch already exist
2026-02-09 02:52:26,434 - ADV_Generation_eps_1.0_steps_100 - INFO - Batch 2099/3783: Clean accuracy 0.7213 | Adv accuracy: 0.0000 
2026-02-09 02:52:26,435 - ADV_Generation_eps_1.0_steps_100 - INFO - Batch:[2099] Adversarial images for this batch already exist
2026-02-09 02:52:26,575 - ADV_Generation_eps_1.0_steps_100 - INFO - Batch 2100/3783: Clean accuracy 0.7210 | Adv accuracy: 0.0000 
2026-02-09 02:52:26,576 - ADV_Generation_eps_1.0_steps_100 - INFO - Batch:[2100] Adversarial images for this batch already exist
2026-02-09 02:52:26,713 - ADV_Generation_eps_1.0_steps_100 - INFO - Batch 2101/3783: Clean accuracy 0.7211 | Adv accuracy: 0.0000 
2026-02-09 02:52:26,714 - ADV_Generation_eps_1.0_steps_100 - INFO - Batch:[2101] Adversarial images for this batch already exist
2026-02-09 02:52:26,853 - ADV_Generation_eps_1.0_steps_100 - INFO - Batch 2102/3783: Clean accuracy 0.7212 | Adv accuracy: 0.0000 
2026-02-09 02:52:26,854 - ADV_Generation_eps_1.0_steps_100 - INFO - Batch:[2102] Adversarial images for this batch already exist
2026-02-09 02:52:26,989 - ADV_Generation_eps_1.0_steps_100 - INFO - Batch 2103/3783: Clean accuracy 0.7214 | Adv accuracy: 0.0000 
2026-02-09 02:52:26,990 - ADV_Generation_eps_1.0_steps_100 - INFO - Batch:[2103] Adversarial images for this batch already exist
2026-02-09 02:52:27,128 - ADV_Generation_eps_1.0_steps_100 - INFO - Batch 2104/3783: Clean accuracy 0.7210 | Adv accuracy: 0.0000 
2026-02-09 02:52:27,130 - ADV_Generation_eps_1.0_steps_100 - INFO - Batch:[2104] Adversarial images for this batch already exist
2026-02-09 02:52:27,273 - ADV_Generation_eps_1.0_steps_100 - INFO - Batch 2105/3783: Clean accuracy 0.7211 | Adv accuracy: 0.0000 
2026-02-09 02:52:27,274 - ADV_Generation_eps_1.0_steps_100 - INFO - Batch:[2105] Adversarial images for this batch already exist
2026-02-09 02:52:27,412 - ADV_Generation_eps_1.0_steps_100 - INFO - Batch 2106/3783: Clean accuracy 0.7208 | Adv accuracy: 0.0000 
2026-02-09 02:52:27,413 - ADV_Generation_eps_1.0_steps_100 - INFO - Batch:[2106] Adversarial images for this batch already exist
2026-02-09 02:52:27,552 - ADV_Generation_eps_1.0_steps_100 - INFO - Batch 2107/3783: Clean accuracy 0.7209 | Adv accuracy: 0.0000 
2026-02-09 02:52:27,553 - ADV_Generation_eps_1.0_steps_100 - INFO - Batch:[2107] Adversarial images for this batch already exist
2026-02-09 02:52:27,686 - ADV_Generation_eps_1.0_steps_100 - INFO - Batch 2108/3783: Clean accuracy 0.7211 | Adv accuracy: 0.0000 
2026-02-09 02:52:27,687 - ADV_Generation_eps_1.0_steps_100 - INFO - Batch:[2108] Adversarial images for this batch already exist
2026-02-09 02:52:27,850 - ADV_Generation_eps_1.0_steps_100 - INFO - Batch 2109/3783: Clean accuracy 0.7207 | Adv accuracy: 0.0000 
2026-02-09 02:52:27,851 - ADV_Generation_eps_1.0_steps_100 - INFO - Batch:[2109] Adversarial images for this batch already exist
2026-02-09 02:52:27,989 - ADV_Generation_eps_1.0_steps_100 - INFO - Batch 2110/3783: Clean accuracy 0.7204 | Adv accuracy: 0.0000 
2026-02-09 02:52:27,990 - ADV_Generation_eps_1.0_steps_100 - INFO - Batch:[2110] Adversarial images for this batch already exist
2026-02-09 02:52:28,131 - ADV_Generation_eps_1.0_steps_100 - INFO - Batch 2111/3783: Clean accuracy 0.7200 | Adv accuracy: 0.0000 
2026-02-09 02:52:28,132 - ADV_Generation_eps_1.0_steps_100 - INFO - Batch:[2111] Adversarial images for this batch already exist
2026-02-09 02:52:28,269 - ADV_Generation_eps_1.0_steps_100 - INFO - Batch 2112/3783: Clean accuracy 0.7202 | Adv accuracy: 0.0000 
2026-02-09 02:52:28,270 - ADV_Generation_eps_1.0_steps_100 - INFO - Batch:[2112] Adversarial images for this batch already exist
2026-02-09 02:52:28,407 - ADV_Generation_eps_1.0_steps_100 - INFO - Batch 2113/3783: Clean accuracy 0.7203 | Adv accuracy: 0.0000 
2026-02-09 02:52:28,407 - ADV_Generation_eps_1.0_steps_100 - INFO - Batch:[2113] Adversarial images for this batch already exist
2026-02-09 02:52:28,542 - ADV_Generation_eps_1.0_steps_100 - INFO - Batch 2114/3783: Clean accuracy 0.7204 | Adv accuracy: 0.0000 
2026-02-09 02:52:28,543 - ADV_Generation_eps_1.0_steps_100 - INFO - Batch:[2114] Adversarial images for this batch already exist
2026-02-09 02:52:28,683 - ADV_Generation_eps_1.0_steps_100 - INFO - Batch 2115/3783: Clean accuracy 0.7201 | Adv accuracy: 0.0000 
2026-02-09 02:52:28,684 - ADV_Generation_eps_1.0_steps_100 - INFO - Batch:[2115] Adversarial images for this batch already exist
2026-02-09 02:52:28,820 - ADV_Generation_eps_1.0_steps_100 - INFO - Batch 2116/3783: Clean accuracy 0.7198 | Adv accuracy: 0.0000 
2026-02-09 02:52:28,821 - ADV_Generation_eps_1.0_steps_100 - INFO - Batch:[2116] Adversarial images for this batch already exist
2026-02-09 02:52:28,959 - ADV_Generation_eps_1.0_steps_100 - INFO - Batch 2117/3783: Clean accuracy 0.7199 | Adv accuracy: 0.0000 
2026-02-09 02:52:28,960 - ADV_Generation_eps_1.0_steps_100 - INFO - Batch:[2117] Adversarial images for this batch already exist
2026-02-09 02:52:29,135 - ADV_Generation_eps_1.0_steps_100 - INFO - Batch 2118/3783: Clean accuracy 0.7195 | Adv accuracy: 0.0000 
2026-02-09 02:52:29,137 - ADV_Generation_eps_1.0_steps_100 - INFO - Batch:[2118] Adversarial images for this batch already exist
2026-02-09 02:52:29,278 - ADV_Generation_eps_1.0_steps_100 - INFO - Batch 2119/3783: Clean accuracy 0.7192 | Adv accuracy: 0.0000 
2026-02-09 02:52:29,279 - ADV_Generation_eps_1.0_steps_100 - INFO - Batch:[2119] Adversarial images for this batch already exist
2026-02-09 02:52:29,430 - ADV_Generation_eps_1.0_steps_100 - INFO - Batch 2120/3783: Clean accuracy 0.7189 | Adv accuracy: 0.0000 
2026-02-09 02:52:29,431 - ADV_Generation_eps_1.0_steps_100 - INFO - Batch:[2120] Adversarial images for this batch already exist
2026-02-09 02:52:29,568 - ADV_Generation_eps_1.0_steps_100 - INFO - Batch 2121/3783: Clean accuracy 0.7185 | Adv accuracy: 0.0000 
2026-02-09 02:52:29,569 - ADV_Generation_eps_1.0_steps_100 - INFO - Batch:[2121] Adversarial images for this batch already exist
2026-02-09 02:52:29,712 - ADV_Generation_eps_1.0_steps_100 - INFO - Batch 2122/3783: Clean accuracy 0.7182 | Adv accuracy: 0.0000 
2026-02-09 02:52:29,713 - ADV_Generation_eps_1.0_steps_100 - INFO - Batch:[2122] Adversarial images for this batch already exist
2026-02-09 02:52:29,852 - ADV_Generation_eps_1.0_steps_100 - INFO - Batch 2123/3783: Clean accuracy 0.7179 | Adv accuracy: 0.0000 
2026-02-09 02:52:29,853 - ADV_Generation_eps_1.0_steps_100 - INFO - Batch:[2123] Adversarial images for this batch already exist
2026-02-09 02:52:29,992 - ADV_Generation_eps_1.0_steps_100 - INFO - Batch 2124/3783: Clean accuracy 0.7175 | Adv accuracy: 0.0000 
2026-02-09 02:52:29,993 - ADV_Generation_eps_1.0_steps_100 - INFO - Batch:[2124] Adversarial images for this batch already exist
2026-02-09 02:52:30,130 - ADV_Generation_eps_1.0_steps_100 - INFO - Batch 2125/3783: Clean accuracy 0.7172 | Adv accuracy: 0.0000 
2026-02-09 02:52:30,131 - ADV_Generation_eps_1.0_steps_100 - INFO - Batch:[2125] Adversarial images for this batch already exist
2026-02-09 02:52:30,272 - ADV_Generation_eps_1.0_steps_100 - INFO - Batch 2126/3783: Clean accuracy 0.7168 | Adv accuracy: 0.0000 
2026-02-09 02:52:30,273 - ADV_Generation_eps_1.0_steps_100 - INFO - Batch:[2126] Adversarial images for this batch already exist
2026-02-09 02:52:30,413 - ADV_Generation_eps_1.0_steps_100 - INFO - Batch 2127/3783: Clean accuracy 0.7165 | Adv accuracy: 0.0000 
2026-02-09 02:52:30,414 - ADV_Generation_eps_1.0_steps_100 - INFO - Batch:[2127] Adversarial images for this batch already exist
2026-02-09 02:52:30,555 - ADV_Generation_eps_1.0_steps_100 - INFO - Batch 2128/3783: Clean accuracy 0.7162 | Adv accuracy: 0.0000 
2026-02-09 02:52:30,556 - ADV_Generation_eps_1.0_steps_100 - INFO - Batch:[2128] Adversarial images for this batch already exist
2026-02-09 02:52:30,694 - ADV_Generation_eps_1.0_steps_100 - INFO - Batch 2129/3783: Clean accuracy 0.7158 | Adv accuracy: 0.0000 
2026-02-09 02:52:30,695 - ADV_Generation_eps_1.0_steps_100 - INFO - Batch:[2129] Adversarial images for this batch already exist
2026-02-09 02:52:30,832 - ADV_Generation_eps_1.0_steps_100 - INFO - Batch 2130/3783: Clean accuracy 0.7155 | Adv accuracy: 0.0000 
2026-02-09 02:52:30,833 - ADV_Generation_eps_1.0_steps_100 - INFO - Batch:[2130] Adversarial images for this batch already exist
2026-02-09 02:52:30,973 - ADV_Generation_eps_1.0_steps_100 - INFO - Batch 2131/3783: Clean accuracy 0.7152 | Adv accuracy: 0.0000 
2026-02-09 02:52:30,973 - ADV_Generation_eps_1.0_steps_100 - INFO - Batch:[2131] Adversarial images for this batch already exist
2026-02-09 02:52:31,111 - ADV_Generation_eps_1.0_steps_100 - INFO - Batch 2132/3783: Clean accuracy 0.7148 | Adv accuracy: 0.0000 
2026-02-09 02:52:31,112 - ADV_Generation_eps_1.0_steps_100 - INFO - Batch:[2132] Adversarial images for this batch already exist
2026-02-09 02:52:31,296 - ADV_Generation_eps_1.0_steps_100 - INFO - Batch 2133/3783: Clean accuracy 0.7145 | Adv accuracy: 0.0000 
2026-02-09 02:52:31,297 - ADV_Generation_eps_1.0_steps_100 - INFO - Batch:[2133] Adversarial images for this batch already exist
2026-02-09 02:52:31,435 - ADV_Generation_eps_1.0_steps_100 - INFO - Batch 2134/3783: Clean accuracy 0.7142 | Adv accuracy: 0.0000 
2026-02-09 02:52:31,436 - ADV_Generation_eps_1.0_steps_100 - INFO - Batch:[2134] Adversarial images for this batch already exist
2026-02-09 02:52:31,573 - ADV_Generation_eps_1.0_steps_100 - INFO - Batch 2135/3783: Clean accuracy 0.7138 | Adv accuracy: 0.0000 
2026-02-09 02:52:31,574 - ADV_Generation_eps_1.0_steps_100 - INFO - Batch:[2135] Adversarial images for this batch already exist
2026-02-09 02:52:31,730 - ADV_Generation_eps_1.0_steps_100 - INFO - Batch 2136/3783: Clean accuracy 0.7135 | Adv accuracy: 0.0000 
2026-02-09 02:52:31,731 - ADV_Generation_eps_1.0_steps_100 - INFO - Batch:[2136] Adversarial images for this batch already exist
2026-02-09 02:52:31,870 - ADV_Generation_eps_1.0_steps_100 - INFO - Batch 2137/3783: Clean accuracy 0.7131 | Adv accuracy: 0.0000 
2026-02-09 02:52:31,871 - ADV_Generation_eps_1.0_steps_100 - INFO - Batch:[2137] Adversarial images for this batch already exist
2026-02-09 02:52:32,011 - ADV_Generation_eps_1.0_steps_100 - INFO - Batch 2138/3783: Clean accuracy 0.7128 | Adv accuracy: 0.0000 
2026-02-09 02:52:32,012 - ADV_Generation_eps_1.0_steps_100 - INFO - Batch:[2138] Adversarial images for this batch already exist
2026-02-09 02:52:32,159 - ADV_Generation_eps_1.0_steps_100 - INFO - Batch 2139/3783: Clean accuracy 0.7125 | Adv accuracy: 0.0000 
2026-02-09 02:52:32,160 - ADV_Generation_eps_1.0_steps_100 - INFO - Batch:[2139] Adversarial images for this batch already exist
2026-02-09 02:52:32,301 - ADV_Generation_eps_1.0_steps_100 - INFO - Batch 2140/3783: Clean accuracy 0.7121 | Adv accuracy: 0.0000 
2026-02-09 02:52:32,302 - ADV_Generation_eps_1.0_steps_100 - INFO - Batch:[2140] Adversarial images for this batch already exist
2026-02-09 02:52:32,438 - ADV_Generation_eps_1.0_steps_100 - INFO - Batch 2141/3783: Clean accuracy 0.7118 | Adv accuracy: 0.0000 
2026-02-09 02:52:32,439 - ADV_Generation_eps_1.0_steps_100 - INFO - Batch:[2141] Adversarial images for this batch already exist
2026-02-09 02:52:32,633 - ADV_Generation_eps_1.0_steps_100 - INFO - Batch 2142/3783: Clean accuracy 0.7115 | Adv accuracy: 0.0000 
2026-02-09 02:52:32,634 - ADV_Generation_eps_1.0_steps_100 - INFO - Batch:[2142] Adversarial images for this batch already exist
2026-02-09 02:52:32,778 - ADV_Generation_eps_1.0_steps_100 - INFO - Batch 2143/3783: Clean accuracy 0.7112 | Adv accuracy: 0.0000 
2026-02-09 02:52:32,779 - ADV_Generation_eps_1.0_steps_100 - INFO - Batch:[2143] Adversarial images for this batch already exist
2026-02-09 02:52:32,917 - ADV_Generation_eps_1.0_steps_100 - INFO - Batch 2144/3783: Clean accuracy 0.7108 | Adv accuracy: 0.0000 
2026-02-09 02:52:32,918 - ADV_Generation_eps_1.0_steps_100 - INFO - Batch:[2144] Adversarial images for this batch already exist
2026-02-09 02:52:33,071 - ADV_Generation_eps_1.0_steps_100 - INFO - Batch 2145/3783: Clean accuracy 0.7105 | Adv accuracy: 0.0000 
2026-02-09 02:52:33,072 - ADV_Generation_eps_1.0_steps_100 - INFO - Batch:[2145] Adversarial images for this batch already exist
2026-02-09 02:52:33,213 - ADV_Generation_eps_1.0_steps_100 - INFO - Batch 2146/3783: Clean accuracy 0.7102 | Adv accuracy: 0.0000 
2026-02-09 02:52:33,214 - ADV_Generation_eps_1.0_steps_100 - INFO - Batch:[2146] Adversarial images for this batch already exist
2026-02-09 02:52:33,346 - ADV_Generation_eps_1.0_steps_100 - INFO - Batch 2147/3783: Clean accuracy 0.7098 | Adv accuracy: 0.0000 
2026-02-09 02:52:33,347 - ADV_Generation_eps_1.0_steps_100 - INFO - Batch:[2147] Adversarial images for this batch already exist
2026-02-09 02:52:33,490 - ADV_Generation_eps_1.0_steps_100 - INFO - Batch 2148/3783: Clean accuracy 0.7095 | Adv accuracy: 0.0000 
2026-02-09 02:52:33,490 - ADV_Generation_eps_1.0_steps_100 - INFO - Batch:[2148] Adversarial images for this batch already exist
2026-02-09 02:52:33,649 - ADV_Generation_eps_1.0_steps_100 - INFO - Batch 2149/3783: Clean accuracy 0.7092 | Adv accuracy: 0.0000 
2026-02-09 02:52:33,650 - ADV_Generation_eps_1.0_steps_100 - INFO - Batch:[2149] Adversarial images for this batch already exist
2026-02-09 02:52:33,788 - ADV_Generation_eps_1.0_steps_100 - INFO - Batch 2150/3783: Clean accuracy 0.7088 | Adv accuracy: 0.0000 
2026-02-09 02:52:33,789 - ADV_Generation_eps_1.0_steps_100 - INFO - Batch:[2150] Adversarial images for this batch already exist
2026-02-09 02:52:33,933 - ADV_Generation_eps_1.0_steps_100 - INFO - Batch 2151/3783: Clean accuracy 0.7085 | Adv accuracy: 0.0000 
2026-02-09 02:52:33,934 - ADV_Generation_eps_1.0_steps_100 - INFO - Batch:[2151] Adversarial images for this batch already exist
2026-02-09 02:52:34,072 - ADV_Generation_eps_1.0_steps_100 - INFO - Batch 2152/3783: Clean accuracy 0.7082 | Adv accuracy: 0.0000 
2026-02-09 02:52:34,073 - ADV_Generation_eps_1.0_steps_100 - INFO - Batch:[2152] Adversarial images for this batch already exist
2026-02-09 02:52:34,211 - ADV_Generation_eps_1.0_steps_100 - INFO - Batch 2153/3783: Clean accuracy 0.7078 | Adv accuracy: 0.0000 
2026-02-09 02:52:34,212 - ADV_Generation_eps_1.0_steps_100 - INFO - Batch:[2153] Adversarial images for this batch already exist
2026-02-09 02:52:34,356 - ADV_Generation_eps_1.0_steps_100 - INFO - Batch 2154/3783: Clean accuracy 0.7075 | Adv accuracy: 0.0000 
2026-02-09 02:52:34,357 - ADV_Generation_eps_1.0_steps_100 - INFO - Batch:[2154] Adversarial images for this batch already exist
2026-02-09 02:52:34,502 - ADV_Generation_eps_1.0_steps_100 - INFO - Batch 2155/3783: Clean accuracy 0.7072 | Adv accuracy: 0.0000 
2026-02-09 02:52:34,502 - ADV_Generation_eps_1.0_steps_100 - INFO - Batch:[2155] Adversarial images for this batch already exist
2026-02-09 02:52:34,641 - ADV_Generation_eps_1.0_steps_100 - INFO - Batch 2156/3783: Clean accuracy 0.7073 | Adv accuracy: 0.0000 
2026-02-09 02:52:34,642 - ADV_Generation_eps_1.0_steps_100 - INFO - Batch:[2156] Adversarial images for this batch already exist
2026-02-09 02:52:34,784 - ADV_Generation_eps_1.0_steps_100 - INFO - Batch 2157/3783: Clean accuracy 0.7075 | Adv accuracy: 0.0000 
2026-02-09 02:52:34,785 - ADV_Generation_eps_1.0_steps_100 - INFO - Batch:[2157] Adversarial images for this batch already exist
2026-02-09 02:52:34,921 - ADV_Generation_eps_1.0_steps_100 - INFO - Batch 2158/3783: Clean accuracy 0.7076 | Adv accuracy: 0.0000 
2026-02-09 02:52:34,922 - ADV_Generation_eps_1.0_steps_100 - INFO - Batch:[2158] Adversarial images for this batch already exist
2026-02-09 02:52:35,059 - ADV_Generation_eps_1.0_steps_100 - INFO - Batch 2159/3783: Clean accuracy 0.7077 | Adv accuracy: 0.0000 
2026-02-09 02:52:35,060 - ADV_Generation_eps_1.0_steps_100 - INFO - Batch:[2159] Adversarial images for this batch already exist
2026-02-09 02:52:35,196 - ADV_Generation_eps_1.0_steps_100 - INFO - Batch 2160/3783: Clean accuracy 0.7079 | Adv accuracy: 0.0000 
2026-02-09 02:52:35,197 - ADV_Generation_eps_1.0_steps_100 - INFO - Batch:[2160] Adversarial images for this batch already exist
2026-02-09 02:52:35,343 - ADV_Generation_eps_1.0_steps_100 - INFO - Batch 2161/3783: Clean accuracy 0.7080 | Adv accuracy: 0.0000 
2026-02-09 02:52:35,344 - ADV_Generation_eps_1.0_steps_100 - INFO - Batch:[2161] Adversarial images for this batch already exist
2026-02-09 02:52:35,481 - ADV_Generation_eps_1.0_steps_100 - INFO - Batch 2162/3783: Clean accuracy 0.7081 | Adv accuracy: 0.0000 
2026-02-09 02:52:35,482 - ADV_Generation_eps_1.0_steps_100 - INFO - Batch:[2162] Adversarial images for this batch already exist
2026-02-09 02:52:35,732 - ADV_Generation_eps_1.0_steps_100 - INFO - Batch 2163/3783: Clean accuracy 0.7078 | Adv accuracy: 0.0000 
2026-02-09 02:52:35,733 - ADV_Generation_eps_1.0_steps_100 - INFO - Batch:[2163] Adversarial images for this batch already exist
2026-02-09 02:52:35,870 - ADV_Generation_eps_1.0_steps_100 - INFO - Batch 2164/3783: Clean accuracy 0.7079 | Adv accuracy: 0.0000 
2026-02-09 02:52:35,871 - ADV_Generation_eps_1.0_steps_100 - INFO - Batch:[2164] Adversarial images for this batch already exist
2026-02-09 02:52:36,010 - ADV_Generation_eps_1.0_steps_100 - INFO - Batch 2165/3783: Clean accuracy 0.7081 | Adv accuracy: 0.0000 
2026-02-09 02:52:36,012 - ADV_Generation_eps_1.0_steps_100 - INFO - Batch:[2165] Adversarial images for this batch already exist
2026-02-09 02:52:36,151 - ADV_Generation_eps_1.0_steps_100 - INFO - Batch 2166/3783: Clean accuracy 0.7082 | Adv accuracy: 0.0000 
2026-02-09 02:52:36,152 - ADV_Generation_eps_1.0_steps_100 - INFO - Batch:[2166] Adversarial images for this batch already exist
2026-02-09 02:52:36,291 - ADV_Generation_eps_1.0_steps_100 - INFO - Batch 2167/3783: Clean accuracy 0.7079 | Adv accuracy: 0.0000 
2026-02-09 02:52:36,292 - ADV_Generation_eps_1.0_steps_100 - INFO - Batch:[2167] Adversarial images for this batch already exist
2026-02-09 02:52:36,480 - ADV_Generation_eps_1.0_steps_100 - INFO - Batch 2168/3783: Clean accuracy 0.7080 | Adv accuracy: 0.0000 
2026-02-09 02:52:36,481 - ADV_Generation_eps_1.0_steps_100 - INFO - Batch:[2168] Adversarial images for this batch already exist
2026-02-09 02:52:36,617 - ADV_Generation_eps_1.0_steps_100 - INFO - Batch 2169/3783: Clean accuracy 0.7082 | Adv accuracy: 0.0000 
2026-02-09 02:52:36,618 - ADV_Generation_eps_1.0_steps_100 - INFO - Batch:[2169] Adversarial images for this batch already exist
2026-02-09 02:52:36,763 - ADV_Generation_eps_1.0_steps_100 - INFO - Batch 2170/3783: Clean accuracy 0.7083 | Adv accuracy: 0.0000 
2026-02-09 02:52:36,764 - ADV_Generation_eps_1.0_steps_100 - INFO - Batch:[2170] Adversarial images for this batch already exist
2026-02-09 02:52:36,949 - ADV_Generation_eps_1.0_steps_100 - INFO - Batch 2171/3783: Clean accuracy 0.7084 | Adv accuracy: 0.0000 
2026-02-09 02:52:36,949 - ADV_Generation_eps_1.0_steps_100 - INFO - Batch:[2171] Adversarial images for this batch already exist
2026-02-09 02:52:37,087 - ADV_Generation_eps_1.0_steps_100 - INFO - Batch 2172/3783: Clean accuracy 0.7081 | Adv accuracy: 0.0000 
2026-02-09 02:52:37,089 - ADV_Generation_eps_1.0_steps_100 - INFO - Batch:[2172] Adversarial images for this batch already exist
2026-02-09 02:52:37,225 - ADV_Generation_eps_1.0_steps_100 - INFO - Batch 2173/3783: Clean accuracy 0.7082 | Adv accuracy: 0.0000 
2026-02-09 02:52:37,226 - ADV_Generation_eps_1.0_steps_100 - INFO - Batch:[2173] Adversarial images for this batch already exist
2026-02-09 02:52:37,364 - ADV_Generation_eps_1.0_steps_100 - INFO - Batch 2174/3783: Clean accuracy 0.7084 | Adv accuracy: 0.0000 
2026-02-09 02:52:37,365 - ADV_Generation_eps_1.0_steps_100 - INFO - Batch:[2174] Adversarial images for this batch already exist
2026-02-09 02:52:37,504 - ADV_Generation_eps_1.0_steps_100 - INFO - Batch 2175/3783: Clean accuracy 0.7080 | Adv accuracy: 0.0000 
2026-02-09 02:52:37,505 - ADV_Generation_eps_1.0_steps_100 - INFO - Batch:[2175] Adversarial images for this batch already exist
2026-02-09 02:52:37,641 - ADV_Generation_eps_1.0_steps_100 - INFO - Batch 2176/3783: Clean accuracy 0.7082 | Adv accuracy: 0.0000 
2026-02-09 02:52:37,642 - ADV_Generation_eps_1.0_steps_100 - INFO - Batch:[2176] Adversarial images for this batch already exist
2026-02-09 02:52:37,781 - ADV_Generation_eps_1.0_steps_100 - INFO - Batch 2177/3783: Clean accuracy 0.7083 | Adv accuracy: 0.0000 
2026-02-09 02:52:37,782 - ADV_Generation_eps_1.0_steps_100 - INFO - Batch:[2177] Adversarial images for this batch already exist
2026-02-09 02:52:37,920 - ADV_Generation_eps_1.0_steps_100 - INFO - Batch 2178/3783: Clean accuracy 0.7084 | Adv accuracy: 0.0000 
2026-02-09 02:52:37,921 - ADV_Generation_eps_1.0_steps_100 - INFO - Batch:[2178] Adversarial images for this batch already exist
2026-02-09 02:52:38,060 - ADV_Generation_eps_1.0_steps_100 - INFO - Batch 2179/3783: Clean accuracy 0.7086 | Adv accuracy: 0.0000 
2026-02-09 02:52:38,061 - ADV_Generation_eps_1.0_steps_100 - INFO - Batch:[2179] Adversarial images for this batch already exist
2026-02-09 02:52:38,206 - ADV_Generation_eps_1.0_steps_100 - INFO - Batch 2180/3783: Clean accuracy 0.7083 | Adv accuracy: 0.0000 
2026-02-09 02:52:38,206 - ADV_Generation_eps_1.0_steps_100 - INFO - Batch:[2180] Adversarial images for this batch already exist
2026-02-09 02:52:38,349 - ADV_Generation_eps_1.0_steps_100 - INFO - Batch 2181/3783: Clean accuracy 0.7084 | Adv accuracy: 0.0000 
2026-02-09 02:52:38,350 - ADV_Generation_eps_1.0_steps_100 - INFO - Batch:[2181] Adversarial images for this batch already exist
2026-02-09 02:52:38,500 - ADV_Generation_eps_1.0_steps_100 - INFO - Batch 2182/3783: Clean accuracy 0.7081 | Adv accuracy: 0.0000 
2026-02-09 02:52:38,501 - ADV_Generation_eps_1.0_steps_100 - INFO - Batch:[2182] Adversarial images for this batch already exist
2026-02-09 02:52:38,639 - ADV_Generation_eps_1.0_steps_100 - INFO - Batch 2183/3783: Clean accuracy 0.7082 | Adv accuracy: 0.0000 
2026-02-09 02:52:38,640 - ADV_Generation_eps_1.0_steps_100 - INFO - Batch:[2183] Adversarial images for this batch already exist
2026-02-09 02:52:38,780 - ADV_Generation_eps_1.0_steps_100 - INFO - Batch 2184/3783: Clean accuracy 0.7083 | Adv accuracy: 0.0000 
2026-02-09 02:52:38,781 - ADV_Generation_eps_1.0_steps_100 - INFO - Batch:[2184] Adversarial images for this batch already exist
2026-02-09 02:52:38,917 - ADV_Generation_eps_1.0_steps_100 - INFO - Batch 2185/3783: Clean accuracy 0.7085 | Adv accuracy: 0.0000 
2026-02-09 02:52:38,918 - ADV_Generation_eps_1.0_steps_100 - INFO - Batch:[2185] Adversarial images for this batch already exist
2026-02-09 02:52:39,055 - ADV_Generation_eps_1.0_steps_100 - INFO - Batch 2186/3783: Clean accuracy 0.7081 | Adv accuracy: 0.0000 
2026-02-09 02:52:39,056 - ADV_Generation_eps_1.0_steps_100 - INFO - Batch:[2186] Adversarial images for this batch already exist
2026-02-09 02:52:39,189 - ADV_Generation_eps_1.0_steps_100 - INFO - Batch 2187/3783: Clean accuracy 0.7078 | Adv accuracy: 0.0000 
2026-02-09 02:52:39,190 - ADV_Generation_eps_1.0_steps_100 - INFO - Batch:[2187] Adversarial images for this batch already exist
2026-02-09 02:52:39,329 - ADV_Generation_eps_1.0_steps_100 - INFO - Batch 2188/3783: Clean accuracy 0.7080 | Adv accuracy: 0.0000 
2026-02-09 02:52:39,330 - ADV_Generation_eps_1.0_steps_100 - INFO - Batch:[2188] Adversarial images for this batch already exist
2026-02-09 02:52:39,477 - ADV_Generation_eps_1.0_steps_100 - INFO - Batch 2189/3783: Clean accuracy 0.7081 | Adv accuracy: 0.0000 
2026-02-09 02:52:39,478 - ADV_Generation_eps_1.0_steps_100 - INFO - Batch:[2189] Adversarial images for this batch already exist
2026-02-09 02:52:39,640 - ADV_Generation_eps_1.0_steps_100 - INFO - Batch 2190/3783: Clean accuracy 0.7082 | Adv accuracy: 0.0000 
2026-02-09 02:52:39,641 - ADV_Generation_eps_1.0_steps_100 - INFO - Batch:[2190] Adversarial images for this batch already exist
2026-02-09 02:52:39,776 - ADV_Generation_eps_1.0_steps_100 - INFO - Batch 2191/3783: Clean accuracy 0.7084 | Adv accuracy: 0.0000 
2026-02-09 02:52:39,777 - ADV_Generation_eps_1.0_steps_100 - INFO - Batch:[2191] Adversarial images for this batch already exist
2026-02-09 02:52:39,913 - ADV_Generation_eps_1.0_steps_100 - INFO - Batch 2192/3783: Clean accuracy 0.7085 | Adv accuracy: 0.0000 
2026-02-09 02:52:39,914 - ADV_Generation_eps_1.0_steps_100 - INFO - Batch:[2192] Adversarial images for this batch already exist
2026-02-09 02:52:40,050 - ADV_Generation_eps_1.0_steps_100 - INFO - Batch 2193/3783: Clean accuracy 0.7086 | Adv accuracy: 0.0000 
2026-02-09 02:52:40,051 - ADV_Generation_eps_1.0_steps_100 - INFO - Batch:[2193] Adversarial images for this batch already exist
2026-02-09 02:52:40,203 - ADV_Generation_eps_1.0_steps_100 - INFO - Batch 2194/3783: Clean accuracy 0.7088 | Adv accuracy: 0.0000 
2026-02-09 02:52:40,205 - ADV_Generation_eps_1.0_steps_100 - INFO - Batch:[2194] Adversarial images for this batch already exist
2026-02-09 02:52:40,344 - ADV_Generation_eps_1.0_steps_100 - INFO - Batch 2195/3783: Clean accuracy 0.7089 | Adv accuracy: 0.0000 
2026-02-09 02:52:40,345 - ADV_Generation_eps_1.0_steps_100 - INFO - Batch:[2195] Adversarial images for this batch already exist
2026-02-09 02:52:40,494 - ADV_Generation_eps_1.0_steps_100 - INFO - Batch 2196/3783: Clean accuracy 0.7090 | Adv accuracy: 0.0000 
2026-02-09 02:52:40,495 - ADV_Generation_eps_1.0_steps_100 - INFO - Batch:[2196] Adversarial images for this batch already exist
2026-02-09 02:52:40,631 - ADV_Generation_eps_1.0_steps_100 - INFO - Batch 2197/3783: Clean accuracy 0.7091 | Adv accuracy: 0.0000 
2026-02-09 02:52:40,631 - ADV_Generation_eps_1.0_steps_100 - INFO - Batch:[2197] Adversarial images for this batch already exist
2026-02-09 02:52:40,766 - ADV_Generation_eps_1.0_steps_100 - INFO - Batch 2198/3783: Clean accuracy 0.7093 | Adv accuracy: 0.0000 
2026-02-09 02:52:40,767 - ADV_Generation_eps_1.0_steps_100 - INFO - Batch:[2198] Adversarial images for this batch already exist
2026-02-09 02:52:40,904 - ADV_Generation_eps_1.0_steps_100 - INFO - Batch 2199/3783: Clean accuracy 0.7094 | Adv accuracy: 0.0000 
2026-02-09 02:52:40,905 - ADV_Generation_eps_1.0_steps_100 - INFO - Batch:[2199] Adversarial images for this batch already exist
2026-02-09 02:52:41,056 - ADV_Generation_eps_1.0_steps_100 - INFO - Batch 2200/3783: Clean accuracy 0.7095 | Adv accuracy: 0.0000 
2026-02-09 02:52:41,057 - ADV_Generation_eps_1.0_steps_100 - INFO - Batch:[2200] Adversarial images for this batch already exist
2026-02-09 02:52:41,195 - ADV_Generation_eps_1.0_steps_100 - INFO - Batch 2201/3783: Clean accuracy 0.7097 | Adv accuracy: 0.0000 
2026-02-09 02:52:41,196 - ADV_Generation_eps_1.0_steps_100 - INFO - Batch:[2201] Adversarial images for this batch already exist
2026-02-09 02:52:41,336 - ADV_Generation_eps_1.0_steps_100 - INFO - Batch 2202/3783: Clean accuracy 0.7098 | Adv accuracy: 0.0000 
2026-02-09 02:52:41,336 - ADV_Generation_eps_1.0_steps_100 - INFO - Batch:[2202] Adversarial images for this batch already exist
2026-02-09 02:52:41,475 - ADV_Generation_eps_1.0_steps_100 - INFO - Batch 2203/3783: Clean accuracy 0.7099 | Adv accuracy: 0.0000 
2026-02-09 02:52:41,476 - ADV_Generation_eps_1.0_steps_100 - INFO - Batch:[2203] Adversarial images for this batch already exist
2026-02-09 02:52:41,612 - ADV_Generation_eps_1.0_steps_100 - INFO - Batch 2204/3783: Clean accuracy 0.7101 | Adv accuracy: 0.0000 
2026-02-09 02:52:41,613 - ADV_Generation_eps_1.0_steps_100 - INFO - Batch:[2204] Adversarial images for this batch already exist
2026-02-09 02:52:41,750 - ADV_Generation_eps_1.0_steps_100 - INFO - Batch 2205/3783: Clean accuracy 0.7102 | Adv accuracy: 0.0000 
2026-02-09 02:52:41,751 - ADV_Generation_eps_1.0_steps_100 - INFO - Batch:[2205] Adversarial images for this batch already exist
2026-02-09 02:52:41,887 - ADV_Generation_eps_1.0_steps_100 - INFO - Batch 2206/3783: Clean accuracy 0.7103 | Adv accuracy: 0.0000 
2026-02-09 02:52:41,888 - ADV_Generation_eps_1.0_steps_100 - INFO - Batch:[2206] Adversarial images for this batch already exist
2026-02-09 02:52:42,024 - ADV_Generation_eps_1.0_steps_100 - INFO - Batch 2207/3783: Clean accuracy 0.7105 | Adv accuracy: 0.0000 
2026-02-09 02:52:42,025 - ADV_Generation_eps_1.0_steps_100 - INFO - Batch:[2207] Adversarial images for this batch already exist
2026-02-09 02:52:42,159 - ADV_Generation_eps_1.0_steps_100 - INFO - Batch 2208/3783: Clean accuracy 0.7106 | Adv accuracy: 0.0000 
2026-02-09 02:52:42,160 - ADV_Generation_eps_1.0_steps_100 - INFO - Batch:[2208] Adversarial images for this batch already exist
2026-02-09 02:52:42,298 - ADV_Generation_eps_1.0_steps_100 - INFO - Batch 2209/3783: Clean accuracy 0.7107 | Adv accuracy: 0.0000 
2026-02-09 02:52:42,299 - ADV_Generation_eps_1.0_steps_100 - INFO - Batch:[2209] Adversarial images for this batch already exist
2026-02-09 02:52:42,438 - ADV_Generation_eps_1.0_steps_100 - INFO - Batch 2210/3783: Clean accuracy 0.7109 | Adv accuracy: 0.0000 
2026-02-09 02:52:42,438 - ADV_Generation_eps_1.0_steps_100 - INFO - Batch:[2210] Adversarial images for this batch already exist
2026-02-09 02:52:42,577 - ADV_Generation_eps_1.0_steps_100 - INFO - Batch 2211/3783: Clean accuracy 0.7110 | Adv accuracy: 0.0000 
2026-02-09 02:52:42,578 - ADV_Generation_eps_1.0_steps_100 - INFO - Batch:[2211] Adversarial images for this batch already exist
2026-02-09 02:52:42,718 - ADV_Generation_eps_1.0_steps_100 - INFO - Batch 2212/3783: Clean accuracy 0.7111 | Adv accuracy: 0.0000 
2026-02-09 02:52:42,719 - ADV_Generation_eps_1.0_steps_100 - INFO - Batch:[2212] Adversarial images for this batch already exist
2026-02-09 02:52:42,854 - ADV_Generation_eps_1.0_steps_100 - INFO - Batch 2213/3783: Clean accuracy 0.7113 | Adv accuracy: 0.0000 
2026-02-09 02:52:42,855 - ADV_Generation_eps_1.0_steps_100 - INFO - Batch:[2213] Adversarial images for this batch already exist
2026-02-09 02:52:42,993 - ADV_Generation_eps_1.0_steps_100 - INFO - Batch 2214/3783: Clean accuracy 0.7114 | Adv accuracy: 0.0000 
2026-02-09 02:52:42,994 - ADV_Generation_eps_1.0_steps_100 - INFO - Batch:[2214] Adversarial images for this batch already exist
2026-02-09 02:52:43,130 - ADV_Generation_eps_1.0_steps_100 - INFO - Batch 2215/3783: Clean accuracy 0.7115 | Adv accuracy: 0.0000 
2026-02-09 02:52:43,131 - ADV_Generation_eps_1.0_steps_100 - INFO - Batch:[2215] Adversarial images for this batch already exist
2026-02-09 02:52:43,269 - ADV_Generation_eps_1.0_steps_100 - INFO - Batch 2216/3783: Clean accuracy 0.7116 | Adv accuracy: 0.0000 
2026-02-09 02:52:43,270 - ADV_Generation_eps_1.0_steps_100 - INFO - Batch:[2216] Adversarial images for this batch already exist
2026-02-09 02:52:43,425 - ADV_Generation_eps_1.0_steps_100 - INFO - Batch 2217/3783: Clean accuracy 0.7118 | Adv accuracy: 0.0000 
2026-02-09 02:52:43,426 - ADV_Generation_eps_1.0_steps_100 - INFO - Batch:[2217] Adversarial images for this batch already exist
2026-02-09 02:52:43,568 - ADV_Generation_eps_1.0_steps_100 - INFO - Batch 2218/3783: Clean accuracy 0.7119 | Adv accuracy: 0.0000 
2026-02-09 02:52:43,569 - ADV_Generation_eps_1.0_steps_100 - INFO - Batch:[2218] Adversarial images for this batch already exist
2026-02-09 02:52:43,707 - ADV_Generation_eps_1.0_steps_100 - INFO - Batch 2219/3783: Clean accuracy 0.7120 | Adv accuracy: 0.0000 
2026-02-09 02:52:43,708 - ADV_Generation_eps_1.0_steps_100 - INFO - Batch:[2219] Adversarial images for this batch already exist
2026-02-09 02:52:43,848 - ADV_Generation_eps_1.0_steps_100 - INFO - Batch 2220/3783: Clean accuracy 0.7122 | Adv accuracy: 0.0000 
2026-02-09 02:52:43,849 - ADV_Generation_eps_1.0_steps_100 - INFO - Batch:[2220] Adversarial images for this batch already exist
2026-02-09 02:52:43,984 - ADV_Generation_eps_1.0_steps_100 - INFO - Batch 2221/3783: Clean accuracy 0.7123 | Adv accuracy: 0.0000 
2026-02-09 02:52:43,985 - ADV_Generation_eps_1.0_steps_100 - INFO - Batch:[2221] Adversarial images for this batch already exist
2026-02-09 02:52:44,156 - ADV_Generation_eps_1.0_steps_100 - INFO - Batch 2222/3783: Clean accuracy 0.7124 | Adv accuracy: 0.0000 
2026-02-09 02:52:44,157 - ADV_Generation_eps_1.0_steps_100 - INFO - Batch:[2222] Adversarial images for this batch already exist
2026-02-09 02:52:44,301 - ADV_Generation_eps_1.0_steps_100 - INFO - Batch 2223/3783: Clean accuracy 0.7126 | Adv accuracy: 0.0000 
2026-02-09 02:52:44,302 - ADV_Generation_eps_1.0_steps_100 - INFO - Batch:[2223] Adversarial images for this batch already exist
2026-02-09 02:52:44,438 - ADV_Generation_eps_1.0_steps_100 - INFO - Batch 2224/3783: Clean accuracy 0.7127 | Adv accuracy: 0.0000 
2026-02-09 02:52:44,439 - ADV_Generation_eps_1.0_steps_100 - INFO - Batch:[2224] Adversarial images for this batch already exist
2026-02-09 02:52:44,597 - ADV_Generation_eps_1.0_steps_100 - INFO - Batch 2225/3783: Clean accuracy 0.7128 | Adv accuracy: 0.0000 
2026-02-09 02:52:44,598 - ADV_Generation_eps_1.0_steps_100 - INFO - Batch:[2225] Adversarial images for this batch already exist
2026-02-09 02:52:44,735 - ADV_Generation_eps_1.0_steps_100 - INFO - Batch 2226/3783: Clean accuracy 0.7129 | Adv accuracy: 0.0000 
2026-02-09 02:52:44,735 - ADV_Generation_eps_1.0_steps_100 - INFO - Batch:[2226] Adversarial images for this batch already exist
2026-02-09 02:52:44,887 - ADV_Generation_eps_1.0_steps_100 - INFO - Batch 2227/3783: Clean accuracy 0.7131 | Adv accuracy: 0.0000 
2026-02-09 02:52:44,888 - ADV_Generation_eps_1.0_steps_100 - INFO - Batch:[2227] Adversarial images for this batch already exist
2026-02-09 02:52:45,027 - ADV_Generation_eps_1.0_steps_100 - INFO - Batch 2228/3783: Clean accuracy 0.7132 | Adv accuracy: 0.0000 
2026-02-09 02:52:45,028 - ADV_Generation_eps_1.0_steps_100 - INFO - Batch:[2228] Adversarial images for this batch already exist
2026-02-09 02:52:45,167 - ADV_Generation_eps_1.0_steps_100 - INFO - Batch 2229/3783: Clean accuracy 0.7133 | Adv accuracy: 0.0000 
2026-02-09 02:52:45,168 - ADV_Generation_eps_1.0_steps_100 - INFO - Batch:[2229] Adversarial images for this batch already exist
2026-02-09 02:52:45,308 - ADV_Generation_eps_1.0_steps_100 - INFO - Batch 2230/3783: Clean accuracy 0.7135 | Adv accuracy: 0.0000 
2026-02-09 02:52:45,309 - ADV_Generation_eps_1.0_steps_100 - INFO - Batch:[2230] Adversarial images for this batch already exist
2026-02-09 02:52:45,460 - ADV_Generation_eps_1.0_steps_100 - INFO - Batch 2231/3783: Clean accuracy 0.7136 | Adv accuracy: 0.0000 
2026-02-09 02:52:45,461 - ADV_Generation_eps_1.0_steps_100 - INFO - Batch:[2231] Adversarial images for this batch already exist
2026-02-09 02:52:45,602 - ADV_Generation_eps_1.0_steps_100 - INFO - Batch 2232/3783: Clean accuracy 0.7137 | Adv accuracy: 0.0000 
2026-02-09 02:52:45,603 - ADV_Generation_eps_1.0_steps_100 - INFO - Batch:[2232] Adversarial images for this batch already exist
2026-02-09 02:52:45,739 - ADV_Generation_eps_1.0_steps_100 - INFO - Batch 2233/3783: Clean accuracy 0.7134 | Adv accuracy: 0.0000 
2026-02-09 02:52:45,740 - ADV_Generation_eps_1.0_steps_100 - INFO - Batch:[2233] Adversarial images for this batch already exist
2026-02-09 02:52:45,880 - ADV_Generation_eps_1.0_steps_100 - INFO - Batch 2234/3783: Clean accuracy 0.7131 | Adv accuracy: 0.0000 
2026-02-09 02:52:45,881 - ADV_Generation_eps_1.0_steps_100 - INFO - Batch:[2234] Adversarial images for this batch already exist
2026-02-09 02:52:46,070 - ADV_Generation_eps_1.0_steps_100 - INFO - Batch 2235/3783: Clean accuracy 0.7128 | Adv accuracy: 0.0000 
2026-02-09 02:52:46,071 - ADV_Generation_eps_1.0_steps_100 - INFO - Batch:[2235] Adversarial images for this batch already exist
2026-02-09 02:52:46,212 - ADV_Generation_eps_1.0_steps_100 - INFO - Batch 2236/3783: Clean accuracy 0.7124 | Adv accuracy: 0.0000 
2026-02-09 02:52:46,213 - ADV_Generation_eps_1.0_steps_100 - INFO - Batch:[2236] Adversarial images for this batch already exist
2026-02-09 02:52:46,351 - ADV_Generation_eps_1.0_steps_100 - INFO - Batch 2237/3783: Clean accuracy 0.7121 | Adv accuracy: 0.0000 
2026-02-09 02:52:46,352 - ADV_Generation_eps_1.0_steps_100 - INFO - Batch:[2237] Adversarial images for this batch already exist
2026-02-09 02:52:46,495 - ADV_Generation_eps_1.0_steps_100 - INFO - Batch 2238/3783: Clean accuracy 0.7118 | Adv accuracy: 0.0000 
2026-02-09 02:52:46,496 - ADV_Generation_eps_1.0_steps_100 - INFO - Batch:[2238] Adversarial images for this batch already exist
2026-02-09 02:52:46,634 - ADV_Generation_eps_1.0_steps_100 - INFO - Batch 2239/3783: Clean accuracy 0.7115 | Adv accuracy: 0.0000 
2026-02-09 02:52:46,635 - ADV_Generation_eps_1.0_steps_100 - INFO - Batch:[2239] Adversarial images for this batch already exist
2026-02-09 02:52:46,774 - ADV_Generation_eps_1.0_steps_100 - INFO - Batch 2240/3783: Clean accuracy 0.7112 | Adv accuracy: 0.0000 
2026-02-09 02:52:46,775 - ADV_Generation_eps_1.0_steps_100 - INFO - Batch:[2240] Adversarial images for this batch already exist
2026-02-09 02:52:46,910 - ADV_Generation_eps_1.0_steps_100 - INFO - Batch 2241/3783: Clean accuracy 0.7108 | Adv accuracy: 0.0000 
2026-02-09 02:52:46,911 - ADV_Generation_eps_1.0_steps_100 - INFO - Batch:[2241] Adversarial images for this batch already exist
2026-02-09 02:52:47,052 - ADV_Generation_eps_1.0_steps_100 - INFO - Batch 2242/3783: Clean accuracy 0.7105 | Adv accuracy: 0.0000 
2026-02-09 02:52:47,052 - ADV_Generation_eps_1.0_steps_100 - INFO - Batch:[2242] Adversarial images for this batch already exist
2026-02-09 02:52:47,189 - ADV_Generation_eps_1.0_steps_100 - INFO - Batch 2243/3783: Clean accuracy 0.7102 | Adv accuracy: 0.0000 
2026-02-09 02:52:47,191 - ADV_Generation_eps_1.0_steps_100 - INFO - Batch:[2243] Adversarial images for this batch already exist
2026-02-09 02:52:47,363 - ADV_Generation_eps_1.0_steps_100 - INFO - Batch 2244/3783: Clean accuracy 0.7099 | Adv accuracy: 0.0000 
2026-02-09 02:52:47,364 - ADV_Generation_eps_1.0_steps_100 - INFO - Batch:[2244] Adversarial images for this batch already exist
2026-02-09 02:52:47,501 - ADV_Generation_eps_1.0_steps_100 - INFO - Batch 2245/3783: Clean accuracy 0.7096 | Adv accuracy: 0.0000 
2026-02-09 02:52:47,514 - ADV_Generation_eps_1.0_steps_100 - INFO - Batch:[2245] Adversarial images for this batch already exist
2026-02-09 02:52:47,708 - ADV_Generation_eps_1.0_steps_100 - INFO - Batch 2246/3783: Clean accuracy 0.7093 | Adv accuracy: 0.0000 
2026-02-09 02:52:47,709 - ADV_Generation_eps_1.0_steps_100 - INFO - Batch:[2246] Adversarial images for this batch already exist
2026-02-09 02:52:47,845 - ADV_Generation_eps_1.0_steps_100 - INFO - Batch 2247/3783: Clean accuracy 0.7089 | Adv accuracy: 0.0000 
2026-02-09 02:52:47,846 - ADV_Generation_eps_1.0_steps_100 - INFO - Batch:[2247] Adversarial images for this batch already exist
2026-02-09 02:52:47,993 - ADV_Generation_eps_1.0_steps_100 - INFO - Batch 2248/3783: Clean accuracy 0.7086 | Adv accuracy: 0.0000 
2026-02-09 02:52:47,994 - ADV_Generation_eps_1.0_steps_100 - INFO - Batch:[2248] Adversarial images for this batch already exist
2026-02-09 02:52:48,130 - ADV_Generation_eps_1.0_steps_100 - INFO - Batch 2249/3783: Clean accuracy 0.7083 | Adv accuracy: 0.0000 
2026-02-09 02:52:48,131 - ADV_Generation_eps_1.0_steps_100 - INFO - Batch:[2249] Adversarial images for this batch already exist
2026-02-09 02:52:48,340 - ADV_Generation_eps_1.0_steps_100 - INFO - Batch 2250/3783: Clean accuracy 0.7080 | Adv accuracy: 0.0000 
2026-02-09 02:52:48,341 - ADV_Generation_eps_1.0_steps_100 - INFO - Batch:[2250] Adversarial images for this batch already exist
2026-02-09 02:52:48,476 - ADV_Generation_eps_1.0_steps_100 - INFO - Batch 2251/3783: Clean accuracy 0.7077 | Adv accuracy: 0.0000 
2026-02-09 02:52:48,477 - ADV_Generation_eps_1.0_steps_100 - INFO - Batch:[2251] Adversarial images for this batch already exist
2026-02-09 02:52:48,630 - ADV_Generation_eps_1.0_steps_100 - INFO - Batch 2252/3783: Clean accuracy 0.7074 | Adv accuracy: 0.0000 
2026-02-09 02:52:48,631 - ADV_Generation_eps_1.0_steps_100 - INFO - Batch:[2252] Adversarial images for this batch already exist
2026-02-09 02:52:48,768 - ADV_Generation_eps_1.0_steps_100 - INFO - Batch 2253/3783: Clean accuracy 0.7071 | Adv accuracy: 0.0000 
2026-02-09 02:52:48,769 - ADV_Generation_eps_1.0_steps_100 - INFO - Batch:[2253] Adversarial images for this batch already exist
2026-02-09 02:52:48,907 - ADV_Generation_eps_1.0_steps_100 - INFO - Batch 2254/3783: Clean accuracy 0.7067 | Adv accuracy: 0.0000 
2026-02-09 02:52:48,908 - ADV_Generation_eps_1.0_steps_100 - INFO - Batch:[2254] Adversarial images for this batch already exist
2026-02-09 02:52:49,044 - ADV_Generation_eps_1.0_steps_100 - INFO - Batch 2255/3783: Clean accuracy 0.7064 | Adv accuracy: 0.0000 
2026-02-09 02:52:49,045 - ADV_Generation_eps_1.0_steps_100 - INFO - Batch:[2255] Adversarial images for this batch already exist
2026-02-09 02:52:49,183 - ADV_Generation_eps_1.0_steps_100 - INFO - Batch 2256/3783: Clean accuracy 0.7061 | Adv accuracy: 0.0000 
2026-02-09 02:52:49,184 - ADV_Generation_eps_1.0_steps_100 - INFO - Batch:[2256] Adversarial images for this batch already exist
2026-02-09 02:52:49,321 - ADV_Generation_eps_1.0_steps_100 - INFO - Batch 2257/3783: Clean accuracy 0.7058 | Adv accuracy: 0.0000 
2026-02-09 02:52:49,322 - ADV_Generation_eps_1.0_steps_100 - INFO - Batch:[2257] Adversarial images for this batch already exist
2026-02-09 02:52:49,459 - ADV_Generation_eps_1.0_steps_100 - INFO - Batch 2258/3783: Clean accuracy 0.7055 | Adv accuracy: 0.0000 
2026-02-09 02:52:49,460 - ADV_Generation_eps_1.0_steps_100 - INFO - Batch:[2258] Adversarial images for this batch already exist
2026-02-09 02:52:49,595 - ADV_Generation_eps_1.0_steps_100 - INFO - Batch 2259/3783: Clean accuracy 0.7052 | Adv accuracy: 0.0000 
2026-02-09 02:52:49,596 - ADV_Generation_eps_1.0_steps_100 - INFO - Batch:[2259] Adversarial images for this batch already exist
2026-02-09 02:52:49,752 - ADV_Generation_eps_1.0_steps_100 - INFO - Batch 2260/3783: Clean accuracy 0.7049 | Adv accuracy: 0.0000 
2026-02-09 02:52:49,753 - ADV_Generation_eps_1.0_steps_100 - INFO - Batch:[2260] Adversarial images for this batch already exist
2026-02-09 02:52:49,891 - ADV_Generation_eps_1.0_steps_100 - INFO - Batch 2261/3783: Clean accuracy 0.7046 | Adv accuracy: 0.0000 
2026-02-09 02:52:49,892 - ADV_Generation_eps_1.0_steps_100 - INFO - Batch:[2261] Adversarial images for this batch already exist
2026-02-09 02:52:50,044 - ADV_Generation_eps_1.0_steps_100 - INFO - Batch 2262/3783: Clean accuracy 0.7042 | Adv accuracy: 0.0000 
2026-02-09 02:52:50,045 - ADV_Generation_eps_1.0_steps_100 - INFO - Batch:[2262] Adversarial images for this batch already exist
2026-02-09 02:52:50,183 - ADV_Generation_eps_1.0_steps_100 - INFO - Batch 2263/3783: Clean accuracy 0.7039 | Adv accuracy: 0.0000 
2026-02-09 02:52:50,184 - ADV_Generation_eps_1.0_steps_100 - INFO - Batch:[2263] Adversarial images for this batch already exist
2026-02-09 02:52:50,318 - ADV_Generation_eps_1.0_steps_100 - INFO - Batch 2264/3783: Clean accuracy 0.7036 | Adv accuracy: 0.0000 
2026-02-09 02:52:50,319 - ADV_Generation_eps_1.0_steps_100 - INFO - Batch:[2264] Adversarial images for this batch already exist
2026-02-09 02:52:50,456 - ADV_Generation_eps_1.0_steps_100 - INFO - Batch 2265/3783: Clean accuracy 0.7033 | Adv accuracy: 0.0000 
2026-02-09 02:52:50,457 - ADV_Generation_eps_1.0_steps_100 - INFO - Batch:[2265] Adversarial images for this batch already exist
2026-02-09 02:52:50,594 - ADV_Generation_eps_1.0_steps_100 - INFO - Batch 2266/3783: Clean accuracy 0.7030 | Adv accuracy: 0.0000 
2026-02-09 02:52:50,595 - ADV_Generation_eps_1.0_steps_100 - INFO - Batch:[2266] Adversarial images for this batch already exist
2026-02-09 02:52:50,732 - ADV_Generation_eps_1.0_steps_100 - INFO - Batch 2267/3783: Clean accuracy 0.7027 | Adv accuracy: 0.0000 
2026-02-09 02:52:50,734 - ADV_Generation_eps_1.0_steps_100 - INFO - Batch:[2267] Adversarial images for this batch already exist
2026-02-09 02:52:50,867 - ADV_Generation_eps_1.0_steps_100 - INFO - Batch 2268/3783: Clean accuracy 0.7024 | Adv accuracy: 0.0000 
2026-02-09 02:52:50,868 - ADV_Generation_eps_1.0_steps_100 - INFO - Batch:[2268] Adversarial images for this batch already exist
2026-02-09 02:52:51,036 - ADV_Generation_eps_1.0_steps_100 - INFO - Batch 2269/3783: Clean accuracy 0.7021 | Adv accuracy: 0.0000 
2026-02-09 02:52:51,037 - ADV_Generation_eps_1.0_steps_100 - INFO - Batch:[2269] Adversarial images for this batch already exist
2026-02-09 02:52:51,176 - ADV_Generation_eps_1.0_steps_100 - INFO - Batch 2270/3783: Clean accuracy 0.7018 | Adv accuracy: 0.0000 
2026-02-09 02:52:51,177 - ADV_Generation_eps_1.0_steps_100 - INFO - Batch:[2270] Adversarial images for this batch already exist
2026-02-09 02:52:51,312 - ADV_Generation_eps_1.0_steps_100 - INFO - Batch 2271/3783: Clean accuracy 0.7015 | Adv accuracy: 0.0000 
2026-02-09 02:52:51,313 - ADV_Generation_eps_1.0_steps_100 - INFO - Batch:[2271] Adversarial images for this batch already exist
2026-02-09 02:52:51,452 - ADV_Generation_eps_1.0_steps_100 - INFO - Batch 2272/3783: Clean accuracy 0.7011 | Adv accuracy: 0.0000 
2026-02-09 02:52:51,453 - ADV_Generation_eps_1.0_steps_100 - INFO - Batch:[2272] Adversarial images for this batch already exist
2026-02-09 02:52:51,592 - ADV_Generation_eps_1.0_steps_100 - INFO - Batch 2273/3783: Clean accuracy 0.7008 | Adv accuracy: 0.0000 
2026-02-09 02:52:51,593 - ADV_Generation_eps_1.0_steps_100 - INFO - Batch:[2273] Adversarial images for this batch already exist
2026-02-09 02:52:51,727 - ADV_Generation_eps_1.0_steps_100 - INFO - Batch 2274/3783: Clean accuracy 0.7010 | Adv accuracy: 0.0000 
2026-02-09 02:52:51,728 - ADV_Generation_eps_1.0_steps_100 - INFO - Batch:[2274] Adversarial images for this batch already exist
2026-02-09 02:52:51,867 - ADV_Generation_eps_1.0_steps_100 - INFO - Batch 2275/3783: Clean accuracy 0.7011 | Adv accuracy: 0.0000 
2026-02-09 02:52:51,868 - ADV_Generation_eps_1.0_steps_100 - INFO - Batch:[2275] Adversarial images for this batch already exist
2026-02-09 02:52:52,013 - ADV_Generation_eps_1.0_steps_100 - INFO - Batch 2276/3783: Clean accuracy 0.7012 | Adv accuracy: 0.0000 
2026-02-09 02:52:52,014 - ADV_Generation_eps_1.0_steps_100 - INFO - Batch:[2276] Adversarial images for this batch already exist
2026-02-09 02:52:52,150 - ADV_Generation_eps_1.0_steps_100 - INFO - Batch 2277/3783: Clean accuracy 0.7014 | Adv accuracy: 0.0000 
2026-02-09 02:52:52,151 - ADV_Generation_eps_1.0_steps_100 - INFO - Batch:[2277] Adversarial images for this batch already exist
2026-02-09 02:52:52,287 - ADV_Generation_eps_1.0_steps_100 - INFO - Batch 2278/3783: Clean accuracy 0.7015 | Adv accuracy: 0.0000 
2026-02-09 02:52:52,288 - ADV_Generation_eps_1.0_steps_100 - INFO - Batch:[2278] Adversarial images for this batch already exist
2026-02-09 02:52:52,436 - ADV_Generation_eps_1.0_steps_100 - INFO - Batch 2279/3783: Clean accuracy 0.7016 | Adv accuracy: 0.0000 
2026-02-09 02:52:52,437 - ADV_Generation_eps_1.0_steps_100 - INFO - Batch:[2279] Adversarial images for this batch already exist
2026-02-09 02:52:52,606 - ADV_Generation_eps_1.0_steps_100 - INFO - Batch 2280/3783: Clean accuracy 0.7018 | Adv accuracy: 0.0000 
2026-02-09 02:52:52,607 - ADV_Generation_eps_1.0_steps_100 - INFO - Batch:[2280] Adversarial images for this batch already exist
2026-02-09 02:52:52,746 - ADV_Generation_eps_1.0_steps_100 - INFO - Batch 2281/3783: Clean accuracy 0.7019 | Adv accuracy: 0.0000 
2026-02-09 02:52:52,747 - ADV_Generation_eps_1.0_steps_100 - INFO - Batch:[2281] Adversarial images for this batch already exist
2026-02-09 02:52:52,900 - ADV_Generation_eps_1.0_steps_100 - INFO - Batch 2282/3783: Clean accuracy 0.7020 | Adv accuracy: 0.0000 
2026-02-09 02:52:52,901 - ADV_Generation_eps_1.0_steps_100 - INFO - Batch:[2282] Adversarial images for this batch already exist
2026-02-09 02:52:53,040 - ADV_Generation_eps_1.0_steps_100 - INFO - Batch 2283/3783: Clean accuracy 0.7021 | Adv accuracy: 0.0000 
2026-02-09 02:52:53,041 - ADV_Generation_eps_1.0_steps_100 - INFO - Batch:[2283] Adversarial images for this batch already exist
2026-02-09 02:52:53,179 - ADV_Generation_eps_1.0_steps_100 - INFO - Batch 2284/3783: Clean accuracy 0.7023 | Adv accuracy: 0.0000 
2026-02-09 02:52:53,180 - ADV_Generation_eps_1.0_steps_100 - INFO - Batch:[2284] Adversarial images for this batch already exist
2026-02-09 02:52:53,337 - ADV_Generation_eps_1.0_steps_100 - INFO - Batch 2285/3783: Clean accuracy 0.7024 | Adv accuracy: 0.0000 
2026-02-09 02:52:53,338 - ADV_Generation_eps_1.0_steps_100 - INFO - Batch:[2285] Adversarial images for this batch already exist
2026-02-09 02:52:53,479 - ADV_Generation_eps_1.0_steps_100 - INFO - Batch 2286/3783: Clean accuracy 0.7025 | Adv accuracy: 0.0000 
2026-02-09 02:52:53,480 - ADV_Generation_eps_1.0_steps_100 - INFO - Batch:[2286] Adversarial images for this batch already exist
2026-02-09 02:52:53,620 - ADV_Generation_eps_1.0_steps_100 - INFO - Batch 2287/3783: Clean accuracy 0.7027 | Adv accuracy: 0.0000 
2026-02-09 02:52:53,621 - ADV_Generation_eps_1.0_steps_100 - INFO - Batch:[2287] Adversarial images for this batch already exist
2026-02-09 02:52:53,760 - ADV_Generation_eps_1.0_steps_100 - INFO - Batch 2288/3783: Clean accuracy 0.7028 | Adv accuracy: 0.0000 
2026-02-09 02:52:53,761 - ADV_Generation_eps_1.0_steps_100 - INFO - Batch:[2288] Adversarial images for this batch already exist
2026-02-09 02:52:53,900 - ADV_Generation_eps_1.0_steps_100 - INFO - Batch 2289/3783: Clean accuracy 0.7029 | Adv accuracy: 0.0000 
2026-02-09 02:52:53,901 - ADV_Generation_eps_1.0_steps_100 - INFO - Batch:[2289] Adversarial images for this batch already exist
2026-02-09 02:52:54,054 - ADV_Generation_eps_1.0_steps_100 - INFO - Batch 2290/3783: Clean accuracy 0.7031 | Adv accuracy: 0.0000 
2026-02-09 02:52:54,055 - ADV_Generation_eps_1.0_steps_100 - INFO - Batch:[2290] Adversarial images for this batch already exist
2026-02-09 02:52:54,192 - ADV_Generation_eps_1.0_steps_100 - INFO - Batch 2291/3783: Clean accuracy 0.7032 | Adv accuracy: 0.0000 
2026-02-09 02:52:54,193 - ADV_Generation_eps_1.0_steps_100 - INFO - Batch:[2291] Adversarial images for this batch already exist
2026-02-09 02:52:54,334 - ADV_Generation_eps_1.0_steps_100 - INFO - Batch 2292/3783: Clean accuracy 0.7033 | Adv accuracy: 0.0000 
2026-02-09 02:52:54,335 - ADV_Generation_eps_1.0_steps_100 - INFO - Batch:[2292] Adversarial images for this batch already exist
2026-02-09 02:52:54,469 - ADV_Generation_eps_1.0_steps_100 - INFO - Batch 2293/3783: Clean accuracy 0.7034 | Adv accuracy: 0.0000 
2026-02-09 02:52:54,470 - ADV_Generation_eps_1.0_steps_100 - INFO - Batch:[2293] Adversarial images for this batch already exist
2026-02-09 02:52:54,607 - ADV_Generation_eps_1.0_steps_100 - INFO - Batch 2294/3783: Clean accuracy 0.7036 | Adv accuracy: 0.0000 
2026-02-09 02:52:54,608 - ADV_Generation_eps_1.0_steps_100 - INFO - Batch:[2294] Adversarial images for this batch already exist
2026-02-09 02:52:54,747 - ADV_Generation_eps_1.0_steps_100 - INFO - Batch 2295/3783: Clean accuracy 0.7037 | Adv accuracy: 0.0000 
2026-02-09 02:52:54,748 - ADV_Generation_eps_1.0_steps_100 - INFO - Batch:[2295] Adversarial images for this batch already exist
2026-02-09 02:52:54,882 - ADV_Generation_eps_1.0_steps_100 - INFO - Batch 2296/3783: Clean accuracy 0.7038 | Adv accuracy: 0.0000 
2026-02-09 02:52:54,883 - ADV_Generation_eps_1.0_steps_100 - INFO - Batch:[2296] Adversarial images for this batch already exist
2026-02-09 02:52:55,061 - ADV_Generation_eps_1.0_steps_100 - INFO - Batch 2297/3783: Clean accuracy 0.7040 | Adv accuracy: 0.0000 
2026-02-09 02:52:55,062 - ADV_Generation_eps_1.0_steps_100 - INFO - Batch:[2297] Adversarial images for this batch already exist
2026-02-09 02:52:55,197 - ADV_Generation_eps_1.0_steps_100 - INFO - Batch 2298/3783: Clean accuracy 0.7041 | Adv accuracy: 0.0000 
2026-02-09 02:52:55,198 - ADV_Generation_eps_1.0_steps_100 - INFO - Batch:[2298] Adversarial images for this batch already exist
2026-02-09 02:52:55,332 - ADV_Generation_eps_1.0_steps_100 - INFO - Batch 2299/3783: Clean accuracy 0.7042 | Adv accuracy: 0.0000 
2026-02-09 02:52:55,333 - ADV_Generation_eps_1.0_steps_100 - INFO - Batch:[2299] Adversarial images for this batch already exist
2026-02-09 02:52:55,472 - ADV_Generation_eps_1.0_steps_100 - INFO - Batch 2300/3783: Clean accuracy 0.7043 | Adv accuracy: 0.0000 
2026-02-09 02:52:55,473 - ADV_Generation_eps_1.0_steps_100 - INFO - Batch:[2300] Adversarial images for this batch already exist
2026-02-09 02:52:55,608 - ADV_Generation_eps_1.0_steps_100 - INFO - Batch 2301/3783: Clean accuracy 0.7045 | Adv accuracy: 0.0000 
2026-02-09 02:52:55,610 - ADV_Generation_eps_1.0_steps_100 - INFO - Batch:[2301] Adversarial images for this batch already exist
2026-02-09 02:52:55,763 - ADV_Generation_eps_1.0_steps_100 - INFO - Batch 2302/3783: Clean accuracy 0.7046 | Adv accuracy: 0.0000 
2026-02-09 02:52:55,764 - ADV_Generation_eps_1.0_steps_100 - INFO - Batch:[2302] Adversarial images for this batch already exist
2026-02-09 02:52:55,952 - ADV_Generation_eps_1.0_steps_100 - INFO - Batch 2303/3783: Clean accuracy 0.7047 | Adv accuracy: 0.0000 
2026-02-09 02:52:55,954 - ADV_Generation_eps_1.0_steps_100 - INFO - Batch:[2303] Adversarial images for this batch already exist
2026-02-09 02:52:56,101 - ADV_Generation_eps_1.0_steps_100 - INFO - Batch 2304/3783: Clean accuracy 0.7049 | Adv accuracy: 0.0000 
2026-02-09 02:52:56,102 - ADV_Generation_eps_1.0_steps_100 - INFO - Batch:[2304] Adversarial images for this batch already exist
2026-02-09 02:52:56,241 - ADV_Generation_eps_1.0_steps_100 - INFO - Batch 2305/3783: Clean accuracy 0.7050 | Adv accuracy: 0.0000 
2026-02-09 02:52:56,242 - ADV_Generation_eps_1.0_steps_100 - INFO - Batch:[2305] Adversarial images for this batch already exist
2026-02-09 02:52:56,390 - ADV_Generation_eps_1.0_steps_100 - INFO - Batch 2306/3783: Clean accuracy 0.7051 | Adv accuracy: 0.0000 
2026-02-09 02:52:56,391 - ADV_Generation_eps_1.0_steps_100 - INFO - Batch:[2306] Adversarial images for this batch already exist
2026-02-09 02:52:56,545 - ADV_Generation_eps_1.0_steps_100 - INFO - Batch 2307/3783: Clean accuracy 0.7052 | Adv accuracy: 0.0000 
2026-02-09 02:52:56,546 - ADV_Generation_eps_1.0_steps_100 - INFO - Batch:[2307] Adversarial images for this batch already exist
2026-02-09 02:52:56,682 - ADV_Generation_eps_1.0_steps_100 - INFO - Batch 2308/3783: Clean accuracy 0.7054 | Adv accuracy: 0.0000 
2026-02-09 02:52:56,683 - ADV_Generation_eps_1.0_steps_100 - INFO - Batch:[2308] Adversarial images for this batch already exist
2026-02-09 02:52:56,829 - ADV_Generation_eps_1.0_steps_100 - INFO - Batch 2309/3783: Clean accuracy 0.7055 | Adv accuracy: 0.0000 
2026-02-09 02:52:56,830 - ADV_Generation_eps_1.0_steps_100 - INFO - Batch:[2309] Adversarial images for this batch already exist
2026-02-09 02:52:56,972 - ADV_Generation_eps_1.0_steps_100 - INFO - Batch 2310/3783: Clean accuracy 0.7056 | Adv accuracy: 0.0000 
2026-02-09 02:52:56,973 - ADV_Generation_eps_1.0_steps_100 - INFO - Batch:[2310] Adversarial images for this batch already exist
2026-02-09 02:52:57,110 - ADV_Generation_eps_1.0_steps_100 - INFO - Batch 2311/3783: Clean accuracy 0.7058 | Adv accuracy: 0.0000 
2026-02-09 02:52:57,111 - ADV_Generation_eps_1.0_steps_100 - INFO - Batch:[2311] Adversarial images for this batch already exist
2026-02-09 02:52:57,251 - ADV_Generation_eps_1.0_steps_100 - INFO - Batch 2312/3783: Clean accuracy 0.7059 | Adv accuracy: 0.0000 
2026-02-09 02:52:57,252 - ADV_Generation_eps_1.0_steps_100 - INFO - Batch:[2312] Adversarial images for this batch already exist
2026-02-09 02:52:57,393 - ADV_Generation_eps_1.0_steps_100 - INFO - Batch 2313/3783: Clean accuracy 0.7060 | Adv accuracy: 0.0000 
2026-02-09 02:52:57,394 - ADV_Generation_eps_1.0_steps_100 - INFO - Batch:[2313] Adversarial images for this batch already exist
2026-02-09 02:52:57,533 - ADV_Generation_eps_1.0_steps_100 - INFO - Batch 2314/3783: Clean accuracy 0.7061 | Adv accuracy: 0.0000 
2026-02-09 02:52:57,534 - ADV_Generation_eps_1.0_steps_100 - INFO - Batch:[2314] Adversarial images for this batch already exist
2026-02-09 02:52:57,674 - ADV_Generation_eps_1.0_steps_100 - INFO - Batch 2315/3783: Clean accuracy 0.7063 | Adv accuracy: 0.0000 
2026-02-09 02:52:57,675 - ADV_Generation_eps_1.0_steps_100 - INFO - Batch:[2315] Adversarial images for this batch already exist
2026-02-09 02:52:57,811 - ADV_Generation_eps_1.0_steps_100 - INFO - Batch 2316/3783: Clean accuracy 0.7064 | Adv accuracy: 0.0000 
2026-02-09 02:52:57,813 - ADV_Generation_eps_1.0_steps_100 - INFO - Batch:[2316] Adversarial images for this batch already exist
2026-02-09 02:52:57,951 - ADV_Generation_eps_1.0_steps_100 - INFO - Batch 2317/3783: Clean accuracy 0.7065 | Adv accuracy: 0.0000 
2026-02-09 02:52:57,952 - ADV_Generation_eps_1.0_steps_100 - INFO - Batch:[2317] Adversarial images for this batch already exist
2026-02-09 02:52:58,095 - ADV_Generation_eps_1.0_steps_100 - INFO - Batch 2318/3783: Clean accuracy 0.7066 | Adv accuracy: 0.0000 
2026-02-09 02:52:58,095 - ADV_Generation_eps_1.0_steps_100 - INFO - Batch:[2318] Adversarial images for this batch already exist
2026-02-09 02:52:58,235 - ADV_Generation_eps_1.0_steps_100 - INFO - Batch 2319/3783: Clean accuracy 0.7068 | Adv accuracy: 0.0000 
2026-02-09 02:52:58,236 - ADV_Generation_eps_1.0_steps_100 - INFO - Batch:[2319] Adversarial images for this batch already exist
2026-02-09 02:52:58,377 - ADV_Generation_eps_1.0_steps_100 - INFO - Batch 2320/3783: Clean accuracy 0.7069 | Adv accuracy: 0.0000 
2026-02-09 02:52:58,378 - ADV_Generation_eps_1.0_steps_100 - INFO - Batch:[2320] Adversarial images for this batch already exist
2026-02-09 02:52:58,517 - ADV_Generation_eps_1.0_steps_100 - INFO - Batch 2321/3783: Clean accuracy 0.7070 | Adv accuracy: 0.0000 
2026-02-09 02:52:58,518 - ADV_Generation_eps_1.0_steps_100 - INFO - Batch:[2321] Adversarial images for this batch already exist
2026-02-09 02:52:58,654 - ADV_Generation_eps_1.0_steps_100 - INFO - Batch 2322/3783: Clean accuracy 0.7071 | Adv accuracy: 0.0000 
2026-02-09 02:52:58,655 - ADV_Generation_eps_1.0_steps_100 - INFO - Batch:[2322] Adversarial images for this batch already exist
2026-02-09 02:52:58,795 - ADV_Generation_eps_1.0_steps_100 - INFO - Batch 2323/3783: Clean accuracy 0.7073 | Adv accuracy: 0.0000 
2026-02-09 02:52:58,796 - ADV_Generation_eps_1.0_steps_100 - INFO - Batch:[2323] Adversarial images for this batch already exist
2026-02-09 02:52:58,952 - ADV_Generation_eps_1.0_steps_100 - INFO - Batch 2324/3783: Clean accuracy 0.7074 | Adv accuracy: 0.0000 
2026-02-09 02:52:58,953 - ADV_Generation_eps_1.0_steps_100 - INFO - Batch:[2324] Adversarial images for this batch already exist
2026-02-09 02:52:59,091 - ADV_Generation_eps_1.0_steps_100 - INFO - Batch 2325/3783: Clean accuracy 0.7075 | Adv accuracy: 0.0000 
2026-02-09 02:52:59,092 - ADV_Generation_eps_1.0_steps_100 - INFO - Batch:[2325] Adversarial images for this batch already exist
2026-02-09 02:52:59,231 - ADV_Generation_eps_1.0_steps_100 - INFO - Batch 2326/3783: Clean accuracy 0.7077 | Adv accuracy: 0.0000 
2026-02-09 02:52:59,233 - ADV_Generation_eps_1.0_steps_100 - INFO - Batch:[2326] Adversarial images for this batch already exist
2026-02-09 02:52:59,392 - ADV_Generation_eps_1.0_steps_100 - INFO - Batch 2327/3783: Clean accuracy 0.7078 | Adv accuracy: 0.0000 
2026-02-09 02:52:59,393 - ADV_Generation_eps_1.0_steps_100 - INFO - Batch:[2327] Adversarial images for this batch already exist
2026-02-09 02:52:59,531 - ADV_Generation_eps_1.0_steps_100 - INFO - Batch 2328/3783: Clean accuracy 0.7079 | Adv accuracy: 0.0000 
2026-02-09 02:52:59,532 - ADV_Generation_eps_1.0_steps_100 - INFO - Batch:[2328] Adversarial images for this batch already exist
2026-02-09 02:52:59,674 - ADV_Generation_eps_1.0_steps_100 - INFO - Batch 2329/3783: Clean accuracy 0.7080 | Adv accuracy: 0.0000 
2026-02-09 02:52:59,675 - ADV_Generation_eps_1.0_steps_100 - INFO - Batch:[2329] Adversarial images for this batch already exist
2026-02-09 02:52:59,816 - ADV_Generation_eps_1.0_steps_100 - INFO - Batch 2330/3783: Clean accuracy 0.7082 | Adv accuracy: 0.0000 
2026-02-09 02:52:59,816 - ADV_Generation_eps_1.0_steps_100 - INFO - Batch:[2330] Adversarial images for this batch already exist
2026-02-09 02:52:59,953 - ADV_Generation_eps_1.0_steps_100 - INFO - Batch 2331/3783: Clean accuracy 0.7083 | Adv accuracy: 0.0000 
2026-02-09 02:52:59,954 - ADV_Generation_eps_1.0_steps_100 - INFO - Batch:[2331] Adversarial images for this batch already exist
2026-02-09 02:53:00,086 - ADV_Generation_eps_1.0_steps_100 - INFO - Batch 2332/3783: Clean accuracy 0.7084 | Adv accuracy: 0.0000 
2026-02-09 02:53:00,087 - ADV_Generation_eps_1.0_steps_100 - INFO - Batch:[2332] Adversarial images for this batch already exist
2026-02-09 02:53:00,223 - ADV_Generation_eps_1.0_steps_100 - INFO - Batch 2333/3783: Clean accuracy 0.7085 | Adv accuracy: 0.0000 
2026-02-09 02:53:00,224 - ADV_Generation_eps_1.0_steps_100 - INFO - Batch:[2333] Adversarial images for this batch already exist
2026-02-09 02:53:00,362 - ADV_Generation_eps_1.0_steps_100 - INFO - Batch 2334/3783: Clean accuracy 0.7087 | Adv accuracy: 0.0000 
2026-02-09 02:53:00,363 - ADV_Generation_eps_1.0_steps_100 - INFO - Batch:[2334] Adversarial images for this batch already exist
2026-02-09 02:53:00,503 - ADV_Generation_eps_1.0_steps_100 - INFO - Batch 2335/3783: Clean accuracy 0.7088 | Adv accuracy: 0.0000 
2026-02-09 02:53:00,504 - ADV_Generation_eps_1.0_steps_100 - INFO - Batch:[2335] Adversarial images for this batch already exist
2026-02-09 02:53:00,655 - ADV_Generation_eps_1.0_steps_100 - INFO - Batch 2336/3783: Clean accuracy 0.7089 | Adv accuracy: 0.0000 
2026-02-09 02:53:00,656 - ADV_Generation_eps_1.0_steps_100 - INFO - Batch:[2336] Adversarial images for this batch already exist
2026-02-09 02:53:00,794 - ADV_Generation_eps_1.0_steps_100 - INFO - Batch 2337/3783: Clean accuracy 0.7090 | Adv accuracy: 0.0000 
2026-02-09 02:53:00,795 - ADV_Generation_eps_1.0_steps_100 - INFO - Batch:[2337] Adversarial images for this batch already exist
2026-02-09 02:53:00,933 - ADV_Generation_eps_1.0_steps_100 - INFO - Batch 2338/3783: Clean accuracy 0.7092 | Adv accuracy: 0.0000 
2026-02-09 02:53:00,934 - ADV_Generation_eps_1.0_steps_100 - INFO - Batch:[2338] Adversarial images for this batch already exist
2026-02-09 02:53:01,066 - ADV_Generation_eps_1.0_steps_100 - INFO - Batch 2339/3783: Clean accuracy 0.7093 | Adv accuracy: 0.0000 
2026-02-09 02:53:01,067 - ADV_Generation_eps_1.0_steps_100 - INFO - Batch:[2339] Adversarial images for this batch already exist
2026-02-09 02:53:01,203 - ADV_Generation_eps_1.0_steps_100 - INFO - Batch 2340/3783: Clean accuracy 0.7094 | Adv accuracy: 0.0000 
2026-02-09 02:53:01,204 - ADV_Generation_eps_1.0_steps_100 - INFO - Batch:[2340] Adversarial images for this batch already exist
2026-02-09 02:53:01,343 - ADV_Generation_eps_1.0_steps_100 - INFO - Batch 2341/3783: Clean accuracy 0.7095 | Adv accuracy: 0.0000 
2026-02-09 02:53:01,344 - ADV_Generation_eps_1.0_steps_100 - INFO - Batch:[2341] Adversarial images for this batch already exist
2026-02-09 02:53:01,479 - ADV_Generation_eps_1.0_steps_100 - INFO - Batch 2342/3783: Clean accuracy 0.7096 | Adv accuracy: 0.0000 
2026-02-09 02:53:01,481 - ADV_Generation_eps_1.0_steps_100 - INFO - Batch:[2342] Adversarial images for this batch already exist
2026-02-09 02:53:01,618 - ADV_Generation_eps_1.0_steps_100 - INFO - Batch 2343/3783: Clean accuracy 0.7098 | Adv accuracy: 0.0000 
2026-02-09 02:53:01,619 - ADV_Generation_eps_1.0_steps_100 - INFO - Batch:[2343] Adversarial images for this batch already exist
2026-02-09 02:53:01,756 - ADV_Generation_eps_1.0_steps_100 - INFO - Batch 2344/3783: Clean accuracy 0.7099 | Adv accuracy: 0.0000 
2026-02-09 02:53:01,757 - ADV_Generation_eps_1.0_steps_100 - INFO - Batch:[2344] Adversarial images for this batch already exist
2026-02-09 02:53:01,899 - ADV_Generation_eps_1.0_steps_100 - INFO - Batch 2345/3783: Clean accuracy 0.7100 | Adv accuracy: 0.0000 
2026-02-09 02:53:01,901 - ADV_Generation_eps_1.0_steps_100 - INFO - Batch:[2345] Adversarial images for this batch already exist
2026-02-09 02:53:02,038 - ADV_Generation_eps_1.0_steps_100 - INFO - Batch 2346/3783: Clean accuracy 0.7101 | Adv accuracy: 0.0000 
2026-02-09 02:53:02,039 - ADV_Generation_eps_1.0_steps_100 - INFO - Batch:[2346] Adversarial images for this batch already exist
2026-02-09 02:53:02,176 - ADV_Generation_eps_1.0_steps_100 - INFO - Batch 2347/3783: Clean accuracy 0.7103 | Adv accuracy: 0.0000 
2026-02-09 02:53:02,177 - ADV_Generation_eps_1.0_steps_100 - INFO - Batch:[2347] Adversarial images for this batch already exist
2026-02-09 02:53:02,346 - ADV_Generation_eps_1.0_steps_100 - INFO - Batch 2348/3783: Clean accuracy 0.7104 | Adv accuracy: 0.0000 
2026-02-09 02:53:02,347 - ADV_Generation_eps_1.0_steps_100 - INFO - Batch:[2348] Adversarial images for this batch already exist
2026-02-09 02:53:02,487 - ADV_Generation_eps_1.0_steps_100 - INFO - Batch 2349/3783: Clean accuracy 0.7105 | Adv accuracy: 0.0000 
2026-02-09 02:53:02,488 - ADV_Generation_eps_1.0_steps_100 - INFO - Batch:[2349] Adversarial images for this batch already exist
2026-02-09 02:53:02,627 - ADV_Generation_eps_1.0_steps_100 - INFO - Batch 2350/3783: Clean accuracy 0.7106 | Adv accuracy: 0.0000 
2026-02-09 02:53:02,628 - ADV_Generation_eps_1.0_steps_100 - INFO - Batch:[2350] Adversarial images for this batch already exist
2026-02-09 02:53:02,767 - ADV_Generation_eps_1.0_steps_100 - INFO - Batch 2351/3783: Clean accuracy 0.7108 | Adv accuracy: 0.0000 
2026-02-09 02:53:02,768 - ADV_Generation_eps_1.0_steps_100 - INFO - Batch:[2351] Adversarial images for this batch already exist
2026-02-09 02:53:02,905 - ADV_Generation_eps_1.0_steps_100 - INFO - Batch 2352/3783: Clean accuracy 0.7109 | Adv accuracy: 0.0000 
2026-02-09 02:53:02,906 - ADV_Generation_eps_1.0_steps_100 - INFO - Batch:[2352] Adversarial images for this batch already exist
2026-02-09 02:53:03,044 - ADV_Generation_eps_1.0_steps_100 - INFO - Batch 2353/3783: Clean accuracy 0.7110 | Adv accuracy: 0.0000 
2026-02-09 02:53:03,045 - ADV_Generation_eps_1.0_steps_100 - INFO - Batch:[2353] Adversarial images for this batch already exist
2026-02-09 02:53:03,186 - ADV_Generation_eps_1.0_steps_100 - INFO - Batch 2354/3783: Clean accuracy 0.7111 | Adv accuracy: 0.0000 
2026-02-09 02:53:03,187 - ADV_Generation_eps_1.0_steps_100 - INFO - Batch:[2354] Adversarial images for this batch already exist
2026-02-09 02:53:03,324 - ADV_Generation_eps_1.0_steps_100 - INFO - Batch 2355/3783: Clean accuracy 0.7113 | Adv accuracy: 0.0000 
2026-02-09 02:53:03,325 - ADV_Generation_eps_1.0_steps_100 - INFO - Batch:[2355] Adversarial images for this batch already exist
2026-02-09 02:53:03,461 - ADV_Generation_eps_1.0_steps_100 - INFO - Batch 2356/3783: Clean accuracy 0.7114 | Adv accuracy: 0.0000 
2026-02-09 02:53:03,462 - ADV_Generation_eps_1.0_steps_100 - INFO - Batch:[2356] Adversarial images for this batch already exist
2026-02-09 02:53:03,598 - ADV_Generation_eps_1.0_steps_100 - INFO - Batch 2357/3783: Clean accuracy 0.7115 | Adv accuracy: 0.0000 
2026-02-09 02:53:03,599 - ADV_Generation_eps_1.0_steps_100 - INFO - Batch:[2357] Adversarial images for this batch already exist
2026-02-09 02:53:03,739 - ADV_Generation_eps_1.0_steps_100 - INFO - Batch 2358/3783: Clean accuracy 0.7116 | Adv accuracy: 0.0000 
2026-02-09 02:53:03,740 - ADV_Generation_eps_1.0_steps_100 - INFO - Batch:[2358] Adversarial images for this batch already exist
2026-02-09 02:53:03,881 - ADV_Generation_eps_1.0_steps_100 - INFO - Batch 2359/3783: Clean accuracy 0.7117 | Adv accuracy: 0.0000 
2026-02-09 02:53:03,882 - ADV_Generation_eps_1.0_steps_100 - INFO - Batch:[2359] Adversarial images for this batch already exist
2026-02-09 02:53:04,026 - ADV_Generation_eps_1.0_steps_100 - INFO - Batch 2360/3783: Clean accuracy 0.7119 | Adv accuracy: 0.0000 
2026-02-09 02:53:04,027 - ADV_Generation_eps_1.0_steps_100 - INFO - Batch:[2360] Adversarial images for this batch already exist
2026-02-09 02:53:04,168 - ADV_Generation_eps_1.0_steps_100 - INFO - Batch 2361/3783: Clean accuracy 0.7120 | Adv accuracy: 0.0000 
2026-02-09 02:53:04,169 - ADV_Generation_eps_1.0_steps_100 - INFO - Batch:[2361] Adversarial images for this batch already exist
2026-02-09 02:53:04,313 - ADV_Generation_eps_1.0_steps_100 - INFO - Batch 2362/3783: Clean accuracy 0.7121 | Adv accuracy: 0.0000 
2026-02-09 02:53:04,314 - ADV_Generation_eps_1.0_steps_100 - INFO - Batch:[2362] Adversarial images for this batch already exist
2026-02-09 02:53:04,467 - ADV_Generation_eps_1.0_steps_100 - INFO - Batch 2363/3783: Clean accuracy 0.7122 | Adv accuracy: 0.0000 
2026-02-09 02:53:04,468 - ADV_Generation_eps_1.0_steps_100 - INFO - Batch:[2363] Adversarial images for this batch already exist
2026-02-09 02:53:04,609 - ADV_Generation_eps_1.0_steps_100 - INFO - Batch 2364/3783: Clean accuracy 0.7124 | Adv accuracy: 0.0000 
2026-02-09 02:53:04,610 - ADV_Generation_eps_1.0_steps_100 - INFO - Batch:[2364] Adversarial images for this batch already exist
2026-02-09 02:53:04,748 - ADV_Generation_eps_1.0_steps_100 - INFO - Batch 2365/3783: Clean accuracy 0.7121 | Adv accuracy: 0.0000 
2026-02-09 02:53:04,749 - ADV_Generation_eps_1.0_steps_100 - INFO - Batch:[2365] Adversarial images for this batch already exist
2026-02-09 02:53:04,886 - ADV_Generation_eps_1.0_steps_100 - INFO - Batch 2366/3783: Clean accuracy 0.7122 | Adv accuracy: 0.0000 
2026-02-09 02:53:04,887 - ADV_Generation_eps_1.0_steps_100 - INFO - Batch:[2366] Adversarial images for this batch already exist
2026-02-09 02:53:05,023 - ADV_Generation_eps_1.0_steps_100 - INFO - Batch 2367/3783: Clean accuracy 0.7123 | Adv accuracy: 0.0000 
2026-02-09 02:53:05,024 - ADV_Generation_eps_1.0_steps_100 - INFO - Batch:[2367] Adversarial images for this batch already exist
2026-02-09 02:53:05,164 - ADV_Generation_eps_1.0_steps_100 - INFO - Batch 2368/3783: Clean accuracy 0.7124 | Adv accuracy: 0.0000 
2026-02-09 02:53:05,165 - ADV_Generation_eps_1.0_steps_100 - INFO - Batch:[2368] Adversarial images for this batch already exist
2026-02-09 02:53:05,303 - ADV_Generation_eps_1.0_steps_100 - INFO - Batch 2369/3783: Clean accuracy 0.7125 | Adv accuracy: 0.0000 
2026-02-09 02:53:05,304 - ADV_Generation_eps_1.0_steps_100 - INFO - Batch:[2369] Adversarial images for this batch already exist
2026-02-09 02:53:05,441 - ADV_Generation_eps_1.0_steps_100 - INFO - Batch 2370/3783: Clean accuracy 0.7127 | Adv accuracy: 0.0000 
2026-02-09 02:53:05,442 - ADV_Generation_eps_1.0_steps_100 - INFO - Batch:[2370] Adversarial images for this batch already exist
2026-02-09 02:53:05,581 - ADV_Generation_eps_1.0_steps_100 - INFO - Batch 2371/3783: Clean accuracy 0.7128 | Adv accuracy: 0.0000 
2026-02-09 02:53:05,583 - ADV_Generation_eps_1.0_steps_100 - INFO - Batch:[2371] Adversarial images for this batch already exist
2026-02-09 02:53:05,725 - ADV_Generation_eps_1.0_steps_100 - INFO - Batch 2372/3783: Clean accuracy 0.7129 | Adv accuracy: 0.0000 
2026-02-09 02:53:05,726 - ADV_Generation_eps_1.0_steps_100 - INFO - Batch:[2372] Adversarial images for this batch already exist
2026-02-09 02:53:05,891 - ADV_Generation_eps_1.0_steps_100 - INFO - Batch 2373/3783: Clean accuracy 0.7130 | Adv accuracy: 0.0000 
2026-02-09 02:53:05,892 - ADV_Generation_eps_1.0_steps_100 - INFO - Batch:[2373] Adversarial images for this batch already exist
2026-02-09 02:53:06,026 - ADV_Generation_eps_1.0_steps_100 - INFO - Batch 2374/3783: Clean accuracy 0.7131 | Adv accuracy: 0.0000 
2026-02-09 02:53:06,027 - ADV_Generation_eps_1.0_steps_100 - INFO - Batch:[2374] Adversarial images for this batch already exist
2026-02-09 02:53:06,179 - ADV_Generation_eps_1.0_steps_100 - INFO - Batch 2375/3783: Clean accuracy 0.7133 | Adv accuracy: 0.0000 
2026-02-09 02:53:06,180 - ADV_Generation_eps_1.0_steps_100 - INFO - Batch:[2375] Adversarial images for this batch already exist
2026-02-09 02:53:06,320 - ADV_Generation_eps_1.0_steps_100 - INFO - Batch 2376/3783: Clean accuracy 0.7134 | Adv accuracy: 0.0000 
2026-02-09 02:53:06,321 - ADV_Generation_eps_1.0_steps_100 - INFO - Batch:[2376] Adversarial images for this batch already exist
2026-02-09 02:53:06,517 - ADV_Generation_eps_1.0_steps_100 - INFO - Batch 2377/3783: Clean accuracy 0.7135 | Adv accuracy: 0.0000 
2026-02-09 02:53:06,518 - ADV_Generation_eps_1.0_steps_100 - INFO - Batch:[2377] Adversarial images for this batch already exist
2026-02-09 02:53:06,657 - ADV_Generation_eps_1.0_steps_100 - INFO - Batch 2378/3783: Clean accuracy 0.7136 | Adv accuracy: 0.0000 
2026-02-09 02:53:06,658 - ADV_Generation_eps_1.0_steps_100 - INFO - Batch:[2378] Adversarial images for this batch already exist
2026-02-09 02:53:06,793 - ADV_Generation_eps_1.0_steps_100 - INFO - Batch 2379/3783: Clean accuracy 0.7137 | Adv accuracy: 0.0000 
2026-02-09 02:53:06,794 - ADV_Generation_eps_1.0_steps_100 - INFO - Batch:[2379] Adversarial images for this batch already exist
2026-02-09 02:53:06,946 - ADV_Generation_eps_1.0_steps_100 - INFO - Batch 2380/3783: Clean accuracy 0.7139 | Adv accuracy: 0.0000 
2026-02-09 02:53:06,947 - ADV_Generation_eps_1.0_steps_100 - INFO - Batch:[2380] Adversarial images for this batch already exist
2026-02-09 02:53:07,082 - ADV_Generation_eps_1.0_steps_100 - INFO - Batch 2381/3783: Clean accuracy 0.7140 | Adv accuracy: 0.0000 
2026-02-09 02:53:07,082 - ADV_Generation_eps_1.0_steps_100 - INFO - Batch:[2381] Adversarial images for this batch already exist
2026-02-09 02:53:07,219 - ADV_Generation_eps_1.0_steps_100 - INFO - Batch 2382/3783: Clean accuracy 0.7141 | Adv accuracy: 0.0000 
2026-02-09 02:53:07,220 - ADV_Generation_eps_1.0_steps_100 - INFO - Batch:[2382] Adversarial images for this batch already exist
2026-02-09 02:53:07,353 - ADV_Generation_eps_1.0_steps_100 - INFO - Batch 2383/3783: Clean accuracy 0.7142 | Adv accuracy: 0.0000 
2026-02-09 02:53:07,354 - ADV_Generation_eps_1.0_steps_100 - INFO - Batch:[2383] Adversarial images for this batch already exist
2026-02-09 02:53:07,513 - ADV_Generation_eps_1.0_steps_100 - INFO - Batch 2384/3783: Clean accuracy 0.7143 | Adv accuracy: 0.0000 
2026-02-09 02:53:07,514 - ADV_Generation_eps_1.0_steps_100 - INFO - Batch:[2384] Adversarial images for this batch already exist
2026-02-09 02:53:07,659 - ADV_Generation_eps_1.0_steps_100 - INFO - Batch 2385/3783: Clean accuracy 0.7145 | Adv accuracy: 0.0000 
2026-02-09 02:53:07,660 - ADV_Generation_eps_1.0_steps_100 - INFO - Batch:[2385] Adversarial images for this batch already exist
2026-02-09 02:53:07,829 - ADV_Generation_eps_1.0_steps_100 - INFO - Batch 2386/3783: Clean accuracy 0.7146 | Adv accuracy: 0.0000 
2026-02-09 02:53:07,830 - ADV_Generation_eps_1.0_steps_100 - INFO - Batch:[2386] Adversarial images for this batch already exist
2026-02-09 02:53:07,968 - ADV_Generation_eps_1.0_steps_100 - INFO - Batch 2387/3783: Clean accuracy 0.7147 | Adv accuracy: 0.0000 
2026-02-09 02:53:07,969 - ADV_Generation_eps_1.0_steps_100 - INFO - Batch:[2387] Adversarial images for this batch already exist
2026-02-09 02:53:08,112 - ADV_Generation_eps_1.0_steps_100 - INFO - Batch 2388/3783: Clean accuracy 0.7148 | Adv accuracy: 0.0000 
2026-02-09 02:53:08,113 - ADV_Generation_eps_1.0_steps_100 - INFO - Batch:[2388] Adversarial images for this batch already exist
2026-02-09 02:53:08,257 - ADV_Generation_eps_1.0_steps_100 - INFO - Batch 2389/3783: Clean accuracy 0.7149 | Adv accuracy: 0.0000 
2026-02-09 02:53:08,258 - ADV_Generation_eps_1.0_steps_100 - INFO - Batch:[2389] Adversarial images for this batch already exist
2026-02-09 02:53:08,400 - ADV_Generation_eps_1.0_steps_100 - INFO - Batch 2390/3783: Clean accuracy 0.7151 | Adv accuracy: 0.0000 
2026-02-09 02:53:08,400 - ADV_Generation_eps_1.0_steps_100 - INFO - Batch:[2390] Adversarial images for this batch already exist
2026-02-09 02:53:08,539 - ADV_Generation_eps_1.0_steps_100 - INFO - Batch 2391/3783: Clean accuracy 0.7152 | Adv accuracy: 0.0000 
2026-02-09 02:53:08,540 - ADV_Generation_eps_1.0_steps_100 - INFO - Batch:[2391] Adversarial images for this batch already exist
2026-02-09 02:53:08,678 - ADV_Generation_eps_1.0_steps_100 - INFO - Batch 2392/3783: Clean accuracy 0.7153 | Adv accuracy: 0.0000 
2026-02-09 02:53:08,679 - ADV_Generation_eps_1.0_steps_100 - INFO - Batch:[2392] Adversarial images for this batch already exist
2026-02-09 02:53:08,876 - ADV_Generation_eps_1.0_steps_100 - INFO - Batch 2393/3783: Clean accuracy 0.7154 | Adv accuracy: 0.0000 
2026-02-09 02:53:08,877 - ADV_Generation_eps_1.0_steps_100 - INFO - Batch:[2393] Adversarial images for this batch already exist
2026-02-09 02:53:09,016 - ADV_Generation_eps_1.0_steps_100 - INFO - Batch 2394/3783: Clean accuracy 0.7155 | Adv accuracy: 0.0000 
2026-02-09 02:53:09,019 - ADV_Generation_eps_1.0_steps_100 - INFO - Batch:[2394] Adversarial images for this batch already exist
2026-02-09 02:53:09,167 - ADV_Generation_eps_1.0_steps_100 - INFO - Batch 2395/3783: Clean accuracy 0.7157 | Adv accuracy: 0.0000 
2026-02-09 02:53:09,168 - ADV_Generation_eps_1.0_steps_100 - INFO - Batch:[2395] Adversarial images for this batch already exist
2026-02-09 02:53:09,311 - ADV_Generation_eps_1.0_steps_100 - INFO - Batch 2396/3783: Clean accuracy 0.7158 | Adv accuracy: 0.0000 
2026-02-09 02:53:09,312 - ADV_Generation_eps_1.0_steps_100 - INFO - Batch:[2396] Adversarial images for this batch already exist
2026-02-09 02:53:09,460 - ADV_Generation_eps_1.0_steps_100 - INFO - Batch 2397/3783: Clean accuracy 0.7159 | Adv accuracy: 0.0000 
2026-02-09 02:53:09,461 - ADV_Generation_eps_1.0_steps_100 - INFO - Batch:[2397] Adversarial images for this batch already exist
2026-02-09 02:53:09,600 - ADV_Generation_eps_1.0_steps_100 - INFO - Batch 2398/3783: Clean accuracy 0.7160 | Adv accuracy: 0.0000 
2026-02-09 02:53:09,601 - ADV_Generation_eps_1.0_steps_100 - INFO - Batch:[2398] Adversarial images for this batch already exist
2026-02-09 02:53:09,736 - ADV_Generation_eps_1.0_steps_100 - INFO - Batch 2399/3783: Clean accuracy 0.7161 | Adv accuracy: 0.0000 
2026-02-09 02:53:09,737 - ADV_Generation_eps_1.0_steps_100 - INFO - Batch:[2399] Adversarial images for this batch already exist
2026-02-09 02:53:09,875 - ADV_Generation_eps_1.0_steps_100 - INFO - Batch 2400/3783: Clean accuracy 0.7163 | Adv accuracy: 0.0000 
2026-02-09 02:53:09,876 - ADV_Generation_eps_1.0_steps_100 - INFO - Batch:[2400] Adversarial images for this batch already exist
2026-02-09 02:53:10,015 - ADV_Generation_eps_1.0_steps_100 - INFO - Batch 2401/3783: Clean accuracy 0.7164 | Adv accuracy: 0.0000 
2026-02-09 02:53:10,016 - ADV_Generation_eps_1.0_steps_100 - INFO - Batch:[2401] Adversarial images for this batch already exist
2026-02-09 02:53:10,161 - ADV_Generation_eps_1.0_steps_100 - INFO - Batch 2402/3783: Clean accuracy 0.7165 | Adv accuracy: 0.0000 
2026-02-09 02:53:10,162 - ADV_Generation_eps_1.0_steps_100 - INFO - Batch:[2402] Adversarial images for this batch already exist
2026-02-09 02:53:10,296 - ADV_Generation_eps_1.0_steps_100 - INFO - Batch 2403/3783: Clean accuracy 0.7166 | Adv accuracy: 0.0000 
2026-02-09 02:53:10,297 - ADV_Generation_eps_1.0_steps_100 - INFO - Batch:[2403] Adversarial images for this batch already exist
2026-02-09 02:53:10,441 - ADV_Generation_eps_1.0_steps_100 - INFO - Batch 2404/3783: Clean accuracy 0.7167 | Adv accuracy: 0.0000 
2026-02-09 02:53:10,442 - ADV_Generation_eps_1.0_steps_100 - INFO - Batch:[2404] Adversarial images for this batch already exist
2026-02-09 02:53:10,578 - ADV_Generation_eps_1.0_steps_100 - INFO - Batch 2405/3783: Clean accuracy 0.7168 | Adv accuracy: 0.0000 
2026-02-09 02:53:10,579 - ADV_Generation_eps_1.0_steps_100 - INFO - Batch:[2405] Adversarial images for this batch already exist
2026-02-09 02:53:10,714 - ADV_Generation_eps_1.0_steps_100 - INFO - Batch 2406/3783: Clean accuracy 0.7170 | Adv accuracy: 0.0000 
2026-02-09 02:53:10,715 - ADV_Generation_eps_1.0_steps_100 - INFO - Batch:[2406] Adversarial images for this batch already exist
2026-02-09 02:53:10,854 - ADV_Generation_eps_1.0_steps_100 - INFO - Batch 2407/3783: Clean accuracy 0.7171 | Adv accuracy: 0.0000 
2026-02-09 02:53:10,855 - ADV_Generation_eps_1.0_steps_100 - INFO - Batch:[2407] Adversarial images for this batch already exist
2026-02-09 02:53:11,002 - ADV_Generation_eps_1.0_steps_100 - INFO - Batch 2408/3783: Clean accuracy 0.7172 | Adv accuracy: 0.0000 
2026-02-09 02:53:11,003 - ADV_Generation_eps_1.0_steps_100 - INFO - Batch:[2408] Adversarial images for this batch already exist
2026-02-09 02:53:11,141 - ADV_Generation_eps_1.0_steps_100 - INFO - Batch 2409/3783: Clean accuracy 0.7173 | Adv accuracy: 0.0000 
2026-02-09 02:53:11,142 - ADV_Generation_eps_1.0_steps_100 - INFO - Batch:[2409] Adversarial images for this batch already exist
2026-02-09 02:53:11,284 - ADV_Generation_eps_1.0_steps_100 - INFO - Batch 2410/3783: Clean accuracy 0.7174 | Adv accuracy: 0.0000 
2026-02-09 02:53:11,285 - ADV_Generation_eps_1.0_steps_100 - INFO - Batch:[2410] Adversarial images for this batch already exist
2026-02-09 02:53:11,424 - ADV_Generation_eps_1.0_steps_100 - INFO - Batch 2411/3783: Clean accuracy 0.7175 | Adv accuracy: 0.0000 
2026-02-09 02:53:11,425 - ADV_Generation_eps_1.0_steps_100 - INFO - Batch:[2411] Adversarial images for this batch already exist
2026-02-09 02:53:11,569 - ADV_Generation_eps_1.0_steps_100 - INFO - Batch 2412/3783: Clean accuracy 0.7177 | Adv accuracy: 0.0000 
2026-02-09 02:53:11,570 - ADV_Generation_eps_1.0_steps_100 - INFO - Batch:[2412] Adversarial images for this batch already exist
2026-02-09 02:53:11,712 - ADV_Generation_eps_1.0_steps_100 - INFO - Batch 2413/3783: Clean accuracy 0.7178 | Adv accuracy: 0.0000 
2026-02-09 02:53:11,713 - ADV_Generation_eps_1.0_steps_100 - INFO - Batch:[2413] Adversarial images for this batch already exist
2026-02-09 02:53:11,855 - ADV_Generation_eps_1.0_steps_100 - INFO - Batch 2414/3783: Clean accuracy 0.7179 | Adv accuracy: 0.0000 
2026-02-09 02:53:11,856 - ADV_Generation_eps_1.0_steps_100 - INFO - Batch:[2414] Adversarial images for this batch already exist
2026-02-09 02:53:11,992 - ADV_Generation_eps_1.0_steps_100 - INFO - Batch 2415/3783: Clean accuracy 0.7180 | Adv accuracy: 0.0000 
2026-02-09 02:53:11,992 - ADV_Generation_eps_1.0_steps_100 - INFO - Batch:[2415] Adversarial images for this batch already exist
2026-02-09 02:53:12,133 - ADV_Generation_eps_1.0_steps_100 - INFO - Batch 2416/3783: Clean accuracy 0.7181 | Adv accuracy: 0.0000 
2026-02-09 02:53:12,135 - ADV_Generation_eps_1.0_steps_100 - INFO - Batch:[2416] Adversarial images for this batch already exist
2026-02-09 02:53:12,278 - ADV_Generation_eps_1.0_steps_100 - INFO - Batch 2417/3783: Clean accuracy 0.7182 | Adv accuracy: 0.0000 
2026-02-09 02:53:12,279 - ADV_Generation_eps_1.0_steps_100 - INFO - Batch:[2417] Adversarial images for this batch already exist
2026-02-09 02:53:12,412 - ADV_Generation_eps_1.0_steps_100 - INFO - Batch 2418/3783: Clean accuracy 0.7184 | Adv accuracy: 0.0000 
2026-02-09 02:53:12,413 - ADV_Generation_eps_1.0_steps_100 - INFO - Batch:[2418] Adversarial images for this batch already exist
2026-02-09 02:53:12,550 - ADV_Generation_eps_1.0_steps_100 - INFO - Batch 2419/3783: Clean accuracy 0.7185 | Adv accuracy: 0.0000 
2026-02-09 02:53:12,551 - ADV_Generation_eps_1.0_steps_100 - INFO - Batch:[2419] Adversarial images for this batch already exist
2026-02-09 02:53:12,688 - ADV_Generation_eps_1.0_steps_100 - INFO - Batch 2420/3783: Clean accuracy 0.7186 | Adv accuracy: 0.0000 
2026-02-09 02:53:12,689 - ADV_Generation_eps_1.0_steps_100 - INFO - Batch:[2420] Adversarial images for this batch already exist
2026-02-09 02:53:12,900 - ADV_Generation_eps_1.0_steps_100 - INFO - Batch 2421/3783: Clean accuracy 0.7187 | Adv accuracy: 0.0000 
2026-02-09 02:53:12,900 - ADV_Generation_eps_1.0_steps_100 - INFO - Batch:[2421] Adversarial images for this batch already exist
2026-02-09 02:53:13,037 - ADV_Generation_eps_1.0_steps_100 - INFO - Batch 2422/3783: Clean accuracy 0.7184 | Adv accuracy: 0.0000 
2026-02-09 02:53:13,037 - ADV_Generation_eps_1.0_steps_100 - INFO - Batch:[2422] Adversarial images for this batch already exist
2026-02-09 02:53:13,182 - ADV_Generation_eps_1.0_steps_100 - INFO - Batch 2423/3783: Clean accuracy 0.7185 | Adv accuracy: 0.0000 
2026-02-09 02:53:13,183 - ADV_Generation_eps_1.0_steps_100 - INFO - Batch:[2423] Adversarial images for this batch already exist
2026-02-09 02:53:13,322 - ADV_Generation_eps_1.0_steps_100 - INFO - Batch 2424/3783: Clean accuracy 0.7186 | Adv accuracy: 0.0000 
2026-02-09 02:53:13,323 - ADV_Generation_eps_1.0_steps_100 - INFO - Batch:[2424] Adversarial images for this batch already exist
2026-02-09 02:53:13,461 - ADV_Generation_eps_1.0_steps_100 - INFO - Batch 2425/3783: Clean accuracy 0.7188 | Adv accuracy: 0.0000 
2026-02-09 02:53:13,462 - ADV_Generation_eps_1.0_steps_100 - INFO - Batch:[2425] Adversarial images for this batch already exist
2026-02-09 02:53:13,599 - ADV_Generation_eps_1.0_steps_100 - INFO - Batch 2426/3783: Clean accuracy 0.7189 | Adv accuracy: 0.0000 
2026-02-09 02:53:13,600 - ADV_Generation_eps_1.0_steps_100 - INFO - Batch:[2426] Adversarial images for this batch already exist
2026-02-09 02:53:13,735 - ADV_Generation_eps_1.0_steps_100 - INFO - Batch 2427/3783: Clean accuracy 0.7190 | Adv accuracy: 0.0000 
2026-02-09 02:53:13,736 - ADV_Generation_eps_1.0_steps_100 - INFO - Batch:[2427] Adversarial images for this batch already exist
2026-02-09 02:53:13,874 - ADV_Generation_eps_1.0_steps_100 - INFO - Batch 2428/3783: Clean accuracy 0.7191 | Adv accuracy: 0.0000 
2026-02-09 02:53:13,875 - ADV_Generation_eps_1.0_steps_100 - INFO - Batch:[2428] Adversarial images for this batch already exist
2026-02-09 02:53:14,019 - ADV_Generation_eps_1.0_steps_100 - INFO - Batch 2429/3783: Clean accuracy 0.7192 | Adv accuracy: 0.0000 
2026-02-09 02:53:14,020 - ADV_Generation_eps_1.0_steps_100 - INFO - Batch:[2429] Adversarial images for this batch already exist
2026-02-09 02:53:14,161 - ADV_Generation_eps_1.0_steps_100 - INFO - Batch 2430/3783: Clean accuracy 0.7193 | Adv accuracy: 0.0000 
2026-02-09 02:53:14,162 - ADV_Generation_eps_1.0_steps_100 - INFO - Batch:[2430] Adversarial images for this batch already exist
2026-02-09 02:53:14,329 - ADV_Generation_eps_1.0_steps_100 - INFO - Batch 2431/3783: Clean accuracy 0.7195 | Adv accuracy: 0.0000 
2026-02-09 02:53:14,330 - ADV_Generation_eps_1.0_steps_100 - INFO - Batch:[2431] Adversarial images for this batch already exist
2026-02-09 02:53:14,469 - ADV_Generation_eps_1.0_steps_100 - INFO - Batch 2432/3783: Clean accuracy 0.7196 | Adv accuracy: 0.0000 
2026-02-09 02:53:14,470 - ADV_Generation_eps_1.0_steps_100 - INFO - Batch:[2432] Adversarial images for this batch already exist
2026-02-09 02:53:14,611 - ADV_Generation_eps_1.0_steps_100 - INFO - Batch 2433/3783: Clean accuracy 0.7197 | Adv accuracy: 0.0000 
2026-02-09 02:53:14,612 - ADV_Generation_eps_1.0_steps_100 - INFO - Batch:[2433] Adversarial images for this batch already exist
2026-02-09 02:53:14,755 - ADV_Generation_eps_1.0_steps_100 - INFO - Batch 2434/3783: Clean accuracy 0.7198 | Adv accuracy: 0.0000 
2026-02-09 02:53:14,756 - ADV_Generation_eps_1.0_steps_100 - INFO - Batch:[2434] Adversarial images for this batch already exist
2026-02-09 02:53:14,891 - ADV_Generation_eps_1.0_steps_100 - INFO - Batch 2435/3783: Clean accuracy 0.7199 | Adv accuracy: 0.0000 
2026-02-09 02:53:14,892 - ADV_Generation_eps_1.0_steps_100 - INFO - Batch:[2435] Adversarial images for this batch already exist
2026-02-09 02:53:15,034 - ADV_Generation_eps_1.0_steps_100 - INFO - Batch 2436/3783: Clean accuracy 0.7200 | Adv accuracy: 0.0000 
2026-02-09 02:53:15,035 - ADV_Generation_eps_1.0_steps_100 - INFO - Batch:[2436] Adversarial images for this batch already exist
2026-02-09 02:53:15,173 - ADV_Generation_eps_1.0_steps_100 - INFO - Batch 2437/3783: Clean accuracy 0.7201 | Adv accuracy: 0.0000 
2026-02-09 02:53:15,174 - ADV_Generation_eps_1.0_steps_100 - INFO - Batch:[2437] Adversarial images for this batch already exist
2026-02-09 02:53:15,372 - ADV_Generation_eps_1.0_steps_100 - INFO - Batch 2438/3783: Clean accuracy 0.7203 | Adv accuracy: 0.0000 
2026-02-09 02:53:15,373 - ADV_Generation_eps_1.0_steps_100 - INFO - Batch:[2438] Adversarial images for this batch already exist
2026-02-09 02:53:15,510 - ADV_Generation_eps_1.0_steps_100 - INFO - Batch 2439/3783: Clean accuracy 0.7204 | Adv accuracy: 0.0000 
2026-02-09 02:53:15,511 - ADV_Generation_eps_1.0_steps_100 - INFO - Batch:[2439] Adversarial images for this batch already exist
2026-02-09 02:53:15,646 - ADV_Generation_eps_1.0_steps_100 - INFO - Batch 2440/3783: Clean accuracy 0.7201 | Adv accuracy: 0.0000 
2026-02-09 02:53:15,647 - ADV_Generation_eps_1.0_steps_100 - INFO - Batch:[2440] Adversarial images for this batch already exist
2026-02-09 02:53:15,805 - ADV_Generation_eps_1.0_steps_100 - INFO - Batch 2441/3783: Clean accuracy 0.7198 | Adv accuracy: 0.0000 
2026-02-09 02:53:15,806 - ADV_Generation_eps_1.0_steps_100 - INFO - Batch:[2441] Adversarial images for this batch already exist
2026-02-09 02:53:15,944 - ADV_Generation_eps_1.0_steps_100 - INFO - Batch 2442/3783: Clean accuracy 0.7199 | Adv accuracy: 0.0000 
2026-02-09 02:53:15,945 - ADV_Generation_eps_1.0_steps_100 - INFO - Batch:[2442] Adversarial images for this batch already exist
2026-02-09 02:53:16,084 - ADV_Generation_eps_1.0_steps_100 - INFO - Batch 2443/3783: Clean accuracy 0.7200 | Adv accuracy: 0.0000 
2026-02-09 02:53:16,085 - ADV_Generation_eps_1.0_steps_100 - INFO - Batch:[2443] Adversarial images for this batch already exist
2026-02-09 02:53:16,226 - ADV_Generation_eps_1.0_steps_100 - INFO - Batch 2444/3783: Clean accuracy 0.7201 | Adv accuracy: 0.0000 
2026-02-09 02:53:16,228 - ADV_Generation_eps_1.0_steps_100 - INFO - Batch:[2444] Adversarial images for this batch already exist
2026-02-09 02:53:16,366 - ADV_Generation_eps_1.0_steps_100 - INFO - Batch 2445/3783: Clean accuracy 0.7202 | Adv accuracy: 0.0000 
2026-02-09 02:53:16,367 - ADV_Generation_eps_1.0_steps_100 - INFO - Batch:[2445] Adversarial images for this batch already exist
2026-02-09 02:53:16,506 - ADV_Generation_eps_1.0_steps_100 - INFO - Batch 2446/3783: Clean accuracy 0.7204 | Adv accuracy: 0.0000 
2026-02-09 02:53:16,507 - ADV_Generation_eps_1.0_steps_100 - INFO - Batch:[2446] Adversarial images for this batch already exist
2026-02-09 02:53:16,645 - ADV_Generation_eps_1.0_steps_100 - INFO - Batch 2447/3783: Clean accuracy 0.7205 | Adv accuracy: 0.0000 
2026-02-09 02:53:16,646 - ADV_Generation_eps_1.0_steps_100 - INFO - Batch:[2447] Adversarial images for this batch already exist
2026-02-09 02:53:16,786 - ADV_Generation_eps_1.0_steps_100 - INFO - Batch 2448/3783: Clean accuracy 0.7206 | Adv accuracy: 0.0000 
2026-02-09 02:53:16,787 - ADV_Generation_eps_1.0_steps_100 - INFO - Batch:[2448] Adversarial images for this batch already exist
2026-02-09 02:53:16,924 - ADV_Generation_eps_1.0_steps_100 - INFO - Batch 2449/3783: Clean accuracy 0.7207 | Adv accuracy: 0.0000 
2026-02-09 02:53:16,925 - ADV_Generation_eps_1.0_steps_100 - INFO - Batch:[2449] Adversarial images for this batch already exist
2026-02-09 02:53:17,061 - ADV_Generation_eps_1.0_steps_100 - INFO - Batch 2450/3783: Clean accuracy 0.7208 | Adv accuracy: 0.0000 
2026-02-09 02:53:17,062 - ADV_Generation_eps_1.0_steps_100 - INFO - Batch:[2450] Adversarial images for this batch already exist
2026-02-09 02:53:17,205 - ADV_Generation_eps_1.0_steps_100 - INFO - Batch 2451/3783: Clean accuracy 0.7209 | Adv accuracy: 0.0000 
2026-02-09 02:53:17,206 - ADV_Generation_eps_1.0_steps_100 - INFO - Batch:[2451] Adversarial images for this batch already exist
2026-02-09 02:53:17,351 - ADV_Generation_eps_1.0_steps_100 - INFO - Batch 2452/3783: Clean accuracy 0.7210 | Adv accuracy: 0.0000 
2026-02-09 02:53:17,352 - ADV_Generation_eps_1.0_steps_100 - INFO - Batch:[2452] Adversarial images for this batch already exist
2026-02-09 02:53:17,491 - ADV_Generation_eps_1.0_steps_100 - INFO - Batch 2453/3783: Clean accuracy 0.7212 | Adv accuracy: 0.0000 
2026-02-09 02:53:17,492 - ADV_Generation_eps_1.0_steps_100 - INFO - Batch:[2453] Adversarial images for this batch already exist
2026-02-09 02:53:17,645 - ADV_Generation_eps_1.0_steps_100 - INFO - Batch 2454/3783: Clean accuracy 0.7213 | Adv accuracy: 0.0000 
2026-02-09 02:53:17,646 - ADV_Generation_eps_1.0_steps_100 - INFO - Batch:[2454] Adversarial images for this batch already exist
2026-02-09 02:53:17,788 - ADV_Generation_eps_1.0_steps_100 - INFO - Batch 2455/3783: Clean accuracy 0.7214 | Adv accuracy: 0.0000 
2026-02-09 02:53:17,789 - ADV_Generation_eps_1.0_steps_100 - INFO - Batch:[2455] Adversarial images for this batch already exist
2026-02-09 02:53:17,924 - ADV_Generation_eps_1.0_steps_100 - INFO - Batch 2456/3783: Clean accuracy 0.7215 | Adv accuracy: 0.0000 
2026-02-09 02:53:17,925 - ADV_Generation_eps_1.0_steps_100 - INFO - Batch:[2456] Adversarial images for this batch already exist
2026-02-09 02:53:18,061 - ADV_Generation_eps_1.0_steps_100 - INFO - Batch 2457/3783: Clean accuracy 0.7216 | Adv accuracy: 0.0000 
2026-02-09 02:53:18,062 - ADV_Generation_eps_1.0_steps_100 - INFO - Batch:[2457] Adversarial images for this batch already exist
2026-02-09 02:53:18,196 - ADV_Generation_eps_1.0_steps_100 - INFO - Batch 2458/3783: Clean accuracy 0.7217 | Adv accuracy: 0.0000 
2026-02-09 02:53:18,197 - ADV_Generation_eps_1.0_steps_100 - INFO - Batch:[2458] Adversarial images for this batch already exist
2026-02-09 02:53:18,359 - ADV_Generation_eps_1.0_steps_100 - INFO - Batch 2459/3783: Clean accuracy 0.7218 | Adv accuracy: 0.0000 
2026-02-09 02:53:18,360 - ADV_Generation_eps_1.0_steps_100 - INFO - Batch:[2459] Adversarial images for this batch already exist
2026-02-09 02:53:18,500 - ADV_Generation_eps_1.0_steps_100 - INFO - Batch 2460/3783: Clean accuracy 0.7220 | Adv accuracy: 0.0000 
2026-02-09 02:53:18,501 - ADV_Generation_eps_1.0_steps_100 - INFO - Batch:[2460] Adversarial images for this batch already exist
2026-02-09 02:53:18,635 - ADV_Generation_eps_1.0_steps_100 - INFO - Batch 2461/3783: Clean accuracy 0.7221 | Adv accuracy: 0.0000 
2026-02-09 02:53:18,636 - ADV_Generation_eps_1.0_steps_100 - INFO - Batch:[2461] Adversarial images for this batch already exist
2026-02-09 02:53:18,770 - ADV_Generation_eps_1.0_steps_100 - INFO - Batch 2462/3783: Clean accuracy 0.7222 | Adv accuracy: 0.0000 
2026-02-09 02:53:18,771 - ADV_Generation_eps_1.0_steps_100 - INFO - Batch:[2462] Adversarial images for this batch already exist
2026-02-09 02:53:18,912 - ADV_Generation_eps_1.0_steps_100 - INFO - Batch 2463/3783: Clean accuracy 0.7223 | Adv accuracy: 0.0000 
2026-02-09 02:53:18,913 - ADV_Generation_eps_1.0_steps_100 - INFO - Batch:[2463] Adversarial images for this batch already exist
2026-02-09 02:53:19,057 - ADV_Generation_eps_1.0_steps_100 - INFO - Batch 2464/3783: Clean accuracy 0.7224 | Adv accuracy: 0.0000 
2026-02-09 02:53:19,057 - ADV_Generation_eps_1.0_steps_100 - INFO - Batch:[2464] Adversarial images for this batch already exist
2026-02-09 02:53:19,197 - ADV_Generation_eps_1.0_steps_100 - INFO - Batch 2465/3783: Clean accuracy 0.7225 | Adv accuracy: 0.0000 
2026-02-09 02:53:19,198 - ADV_Generation_eps_1.0_steps_100 - INFO - Batch:[2465] Adversarial images for this batch already exist
2026-02-09 02:53:19,381 - ADV_Generation_eps_1.0_steps_100 - INFO - Batch 2466/3783: Clean accuracy 0.7226 | Adv accuracy: 0.0000 
2026-02-09 02:53:19,382 - ADV_Generation_eps_1.0_steps_100 - INFO - Batch:[2466] Adversarial images for this batch already exist
2026-02-09 02:53:19,529 - ADV_Generation_eps_1.0_steps_100 - INFO - Batch 2467/3783: Clean accuracy 0.7227 | Adv accuracy: 0.0000 
2026-02-09 02:53:19,530 - ADV_Generation_eps_1.0_steps_100 - INFO - Batch:[2467] Adversarial images for this batch already exist
2026-02-09 02:53:19,669 - ADV_Generation_eps_1.0_steps_100 - INFO - Batch 2468/3783: Clean accuracy 0.7229 | Adv accuracy: 0.0000 
2026-02-09 02:53:19,670 - ADV_Generation_eps_1.0_steps_100 - INFO - Batch:[2468] Adversarial images for this batch already exist
2026-02-09 02:53:19,813 - ADV_Generation_eps_1.0_steps_100 - INFO - Batch 2469/3783: Clean accuracy 0.7230 | Adv accuracy: 0.0000 
2026-02-09 02:53:19,814 - ADV_Generation_eps_1.0_steps_100 - INFO - Batch:[2469] Adversarial images for this batch already exist
2026-02-09 02:53:19,952 - ADV_Generation_eps_1.0_steps_100 - INFO - Batch 2470/3783: Clean accuracy 0.7231 | Adv accuracy: 0.0000 
2026-02-09 02:53:19,953 - ADV_Generation_eps_1.0_steps_100 - INFO - Batch:[2470] Adversarial images for this batch already exist
2026-02-09 02:53:20,095 - ADV_Generation_eps_1.0_steps_100 - INFO - Batch 2471/3783: Clean accuracy 0.7232 | Adv accuracy: 0.0000 
2026-02-09 02:53:20,095 - ADV_Generation_eps_1.0_steps_100 - INFO - Batch:[2471] Adversarial images for this batch already exist
2026-02-09 02:53:20,231 - ADV_Generation_eps_1.0_steps_100 - INFO - Batch 2472/3783: Clean accuracy 0.7233 | Adv accuracy: 0.0000 
2026-02-09 02:53:20,232 - ADV_Generation_eps_1.0_steps_100 - INFO - Batch:[2472] Adversarial images for this batch already exist
2026-02-09 02:53:20,367 - ADV_Generation_eps_1.0_steps_100 - INFO - Batch 2473/3783: Clean accuracy 0.7234 | Adv accuracy: 0.0000 
2026-02-09 02:53:20,368 - ADV_Generation_eps_1.0_steps_100 - INFO - Batch:[2473] Adversarial images for this batch already exist
2026-02-09 02:53:20,510 - ADV_Generation_eps_1.0_steps_100 - INFO - Batch 2474/3783: Clean accuracy 0.7235 | Adv accuracy: 0.0000 
2026-02-09 02:53:20,511 - ADV_Generation_eps_1.0_steps_100 - INFO - Batch:[2474] Adversarial images for this batch already exist
2026-02-09 02:53:20,657 - ADV_Generation_eps_1.0_steps_100 - INFO - Batch 2475/3783: Clean accuracy 0.7236 | Adv accuracy: 0.0000 
2026-02-09 02:53:20,658 - ADV_Generation_eps_1.0_steps_100 - INFO - Batch:[2475] Adversarial images for this batch already exist
2026-02-09 02:53:20,800 - ADV_Generation_eps_1.0_steps_100 - INFO - Batch 2476/3783: Clean accuracy 0.7237 | Adv accuracy: 0.0000 
2026-02-09 02:53:20,801 - ADV_Generation_eps_1.0_steps_100 - INFO - Batch:[2476] Adversarial images for this batch already exist
2026-02-09 02:53:20,937 - ADV_Generation_eps_1.0_steps_100 - INFO - Batch 2477/3783: Clean accuracy 0.7239 | Adv accuracy: 0.0000 
2026-02-09 02:53:20,938 - ADV_Generation_eps_1.0_steps_100 - INFO - Batch:[2477] Adversarial images for this batch already exist
2026-02-09 02:53:21,076 - ADV_Generation_eps_1.0_steps_100 - INFO - Batch 2478/3783: Clean accuracy 0.7240 | Adv accuracy: 0.0000 
2026-02-09 02:53:21,077 - ADV_Generation_eps_1.0_steps_100 - INFO - Batch:[2478] Adversarial images for this batch already exist
2026-02-09 02:53:21,211 - ADV_Generation_eps_1.0_steps_100 - INFO - Batch 2479/3783: Clean accuracy 0.7241 | Adv accuracy: 0.0000 
2026-02-09 02:53:21,211 - ADV_Generation_eps_1.0_steps_100 - INFO - Batch:[2479] Adversarial images for this batch already exist
2026-02-09 02:53:21,359 - ADV_Generation_eps_1.0_steps_100 - INFO - Batch 2480/3783: Clean accuracy 0.7242 | Adv accuracy: 0.0000 
2026-02-09 02:53:21,361 - ADV_Generation_eps_1.0_steps_100 - INFO - Batch:[2480] Adversarial images for this batch already exist
2026-02-09 02:53:21,501 - ADV_Generation_eps_1.0_steps_100 - INFO - Batch 2481/3783: Clean accuracy 0.7243 | Adv accuracy: 0.0000 
2026-02-09 02:53:21,501 - ADV_Generation_eps_1.0_steps_100 - INFO - Batch:[2481] Adversarial images for this batch already exist
2026-02-09 02:53:21,653 - ADV_Generation_eps_1.0_steps_100 - INFO - Batch 2482/3783: Clean accuracy 0.7244 | Adv accuracy: 0.0000 
2026-02-09 02:53:21,654 - ADV_Generation_eps_1.0_steps_100 - INFO - Batch:[2482] Adversarial images for this batch already exist
2026-02-09 02:53:21,790 - ADV_Generation_eps_1.0_steps_100 - INFO - Batch 2483/3783: Clean accuracy 0.7245 | Adv accuracy: 0.0000 
2026-02-09 02:53:21,791 - ADV_Generation_eps_1.0_steps_100 - INFO - Batch:[2483] Adversarial images for this batch already exist
2026-02-09 02:53:21,939 - ADV_Generation_eps_1.0_steps_100 - INFO - Batch 2484/3783: Clean accuracy 0.7246 | Adv accuracy: 0.0000 
2026-02-09 02:53:21,940 - ADV_Generation_eps_1.0_steps_100 - INFO - Batch:[2484] Adversarial images for this batch already exist
2026-02-09 02:53:22,080 - ADV_Generation_eps_1.0_steps_100 - INFO - Batch 2485/3783: Clean accuracy 0.7247 | Adv accuracy: 0.0000 
2026-02-09 02:53:22,081 - ADV_Generation_eps_1.0_steps_100 - INFO - Batch:[2485] Adversarial images for this batch already exist
2026-02-09 02:53:22,219 - ADV_Generation_eps_1.0_steps_100 - INFO - Batch 2486/3783: Clean accuracy 0.7249 | Adv accuracy: 0.0000 
2026-02-09 02:53:22,220 - ADV_Generation_eps_1.0_steps_100 - INFO - Batch:[2486] Adversarial images for this batch already exist
2026-02-09 02:53:22,357 - ADV_Generation_eps_1.0_steps_100 - INFO - Batch 2487/3783: Clean accuracy 0.7250 | Adv accuracy: 0.0000 
2026-02-09 02:53:22,358 - ADV_Generation_eps_1.0_steps_100 - INFO - Batch:[2487] Adversarial images for this batch already exist
2026-02-09 02:53:22,500 - ADV_Generation_eps_1.0_steps_100 - INFO - Batch 2488/3783: Clean accuracy 0.7251 | Adv accuracy: 0.0000 
2026-02-09 02:53:22,501 - ADV_Generation_eps_1.0_steps_100 - INFO - Batch:[2488] Adversarial images for this batch already exist
2026-02-09 02:53:22,636 - ADV_Generation_eps_1.0_steps_100 - INFO - Batch 2489/3783: Clean accuracy 0.7252 | Adv accuracy: 0.0000 
2026-02-09 02:53:22,637 - ADV_Generation_eps_1.0_steps_100 - INFO - Batch:[2489] Adversarial images for this batch already exist
2026-02-09 02:53:22,776 - ADV_Generation_eps_1.0_steps_100 - INFO - Batch 2490/3783: Clean accuracy 0.7253 | Adv accuracy: 0.0000 
2026-02-09 02:53:22,777 - ADV_Generation_eps_1.0_steps_100 - INFO - Batch:[2490] Adversarial images for this batch already exist
2026-02-09 02:53:22,911 - ADV_Generation_eps_1.0_steps_100 - INFO - Batch 2491/3783: Clean accuracy 0.7254 | Adv accuracy: 0.0000 
2026-02-09 02:53:22,911 - ADV_Generation_eps_1.0_steps_100 - INFO - Batch:[2491] Adversarial images for this batch already exist
2026-02-09 02:53:23,048 - ADV_Generation_eps_1.0_steps_100 - INFO - Batch 2492/3783: Clean accuracy 0.7255 | Adv accuracy: 0.0000 
2026-02-09 02:53:23,049 - ADV_Generation_eps_1.0_steps_100 - INFO - Batch:[2492] Adversarial images for this batch already exist
2026-02-09 02:53:23,192 - ADV_Generation_eps_1.0_steps_100 - INFO - Batch 2493/3783: Clean accuracy 0.7256 | Adv accuracy: 0.0000 
2026-02-09 02:53:23,193 - ADV_Generation_eps_1.0_steps_100 - INFO - Batch:[2493] Adversarial images for this batch already exist
2026-02-09 02:53:23,328 - ADV_Generation_eps_1.0_steps_100 - INFO - Batch 2494/3783: Clean accuracy 0.7257 | Adv accuracy: 0.0000 
2026-02-09 02:53:23,329 - ADV_Generation_eps_1.0_steps_100 - INFO - Batch:[2494] Adversarial images for this batch already exist
2026-02-09 02:53:23,471 - ADV_Generation_eps_1.0_steps_100 - INFO - Batch 2495/3783: Clean accuracy 0.7259 | Adv accuracy: 0.0000 
2026-02-09 02:53:23,472 - ADV_Generation_eps_1.0_steps_100 - INFO - Batch:[2495] Adversarial images for this batch already exist
2026-02-09 02:53:23,610 - ADV_Generation_eps_1.0_steps_100 - INFO - Batch 2496/3783: Clean accuracy 0.7260 | Adv accuracy: 0.0000 
2026-02-09 02:53:23,611 - ADV_Generation_eps_1.0_steps_100 - INFO - Batch:[2496] Adversarial images for this batch already exist
2026-02-09 02:53:23,792 - ADV_Generation_eps_1.0_steps_100 - INFO - Batch 2497/3783: Clean accuracy 0.7261 | Adv accuracy: 0.0000 
2026-02-09 02:53:23,792 - ADV_Generation_eps_1.0_steps_100 - INFO - Batch:[2497] Adversarial images for this batch already exist
2026-02-09 02:53:23,934 - ADV_Generation_eps_1.0_steps_100 - INFO - Batch 2498/3783: Clean accuracy 0.7262 | Adv accuracy: 0.0000 
2026-02-09 02:53:23,935 - ADV_Generation_eps_1.0_steps_100 - INFO - Batch:[2498] Adversarial images for this batch already exist
2026-02-09 02:53:24,067 - ADV_Generation_eps_1.0_steps_100 - INFO - Batch 2499/3783: Clean accuracy 0.7263 | Adv accuracy: 0.0000 
2026-02-09 02:53:24,068 - ADV_Generation_eps_1.0_steps_100 - INFO - Batch:[2499] Adversarial images for this batch already exist
2026-02-09 02:53:24,211 - ADV_Generation_eps_1.0_steps_100 - INFO - Batch 2500/3783: Clean accuracy 0.7264 | Adv accuracy: 0.0000 
2026-02-09 02:53:24,212 - ADV_Generation_eps_1.0_steps_100 - INFO - Batch:[2500] Adversarial images for this batch already exist
2026-02-09 02:53:24,350 - ADV_Generation_eps_1.0_steps_100 - INFO - Batch 2501/3783: Clean accuracy 0.7265 | Adv accuracy: 0.0000 
2026-02-09 02:53:24,351 - ADV_Generation_eps_1.0_steps_100 - INFO - Batch:[2501] Adversarial images for this batch already exist
2026-02-09 02:53:24,504 - ADV_Generation_eps_1.0_steps_100 - INFO - Batch 2502/3783: Clean accuracy 0.7266 | Adv accuracy: 0.0000 
2026-02-09 02:53:24,505 - ADV_Generation_eps_1.0_steps_100 - INFO - Batch:[2502] Adversarial images for this batch already exist
2026-02-09 02:53:24,661 - ADV_Generation_eps_1.0_steps_100 - INFO - Batch 2503/3783: Clean accuracy 0.7267 | Adv accuracy: 0.0000 
2026-02-09 02:53:24,662 - ADV_Generation_eps_1.0_steps_100 - INFO - Batch:[2503] Adversarial images for this batch already exist
2026-02-09 02:53:24,804 - ADV_Generation_eps_1.0_steps_100 - INFO - Batch 2504/3783: Clean accuracy 0.7268 | Adv accuracy: 0.0000 
2026-02-09 02:53:24,805 - ADV_Generation_eps_1.0_steps_100 - INFO - Batch:[2504] Adversarial images for this batch already exist
2026-02-09 02:53:24,944 - ADV_Generation_eps_1.0_steps_100 - INFO - Batch 2505/3783: Clean accuracy 0.7269 | Adv accuracy: 0.0000 
2026-02-09 02:53:24,945 - ADV_Generation_eps_1.0_steps_100 - INFO - Batch:[2505] Adversarial images for this batch already exist
2026-02-09 02:53:25,078 - ADV_Generation_eps_1.0_steps_100 - INFO - Batch 2506/3783: Clean accuracy 0.7271 | Adv accuracy: 0.0000 
2026-02-09 02:53:25,079 - ADV_Generation_eps_1.0_steps_100 - INFO - Batch:[2506] Adversarial images for this batch already exist
2026-02-09 02:53:25,230 - ADV_Generation_eps_1.0_steps_100 - INFO - Batch 2507/3783: Clean accuracy 0.7272 | Adv accuracy: 0.0000 
2026-02-09 02:53:25,231 - ADV_Generation_eps_1.0_steps_100 - INFO - Batch:[2507] Adversarial images for this batch already exist
2026-02-09 02:53:25,370 - ADV_Generation_eps_1.0_steps_100 - INFO - Batch 2508/3783: Clean accuracy 0.7273 | Adv accuracy: 0.0000 
2026-02-09 02:53:25,371 - ADV_Generation_eps_1.0_steps_100 - INFO - Batch:[2508] Adversarial images for this batch already exist
2026-02-09 02:53:25,509 - ADV_Generation_eps_1.0_steps_100 - INFO - Batch 2509/3783: Clean accuracy 0.7274 | Adv accuracy: 0.0000 
2026-02-09 02:53:25,510 - ADV_Generation_eps_1.0_steps_100 - INFO - Batch:[2509] Adversarial images for this batch already exist
2026-02-09 02:53:25,664 - ADV_Generation_eps_1.0_steps_100 - INFO - Batch 2510/3783: Clean accuracy 0.7275 | Adv accuracy: 0.0000 
2026-02-09 02:53:25,665 - ADV_Generation_eps_1.0_steps_100 - INFO - Batch:[2510] Adversarial images for this batch already exist
2026-02-09 02:53:25,802 - ADV_Generation_eps_1.0_steps_100 - INFO - Batch 2511/3783: Clean accuracy 0.7276 | Adv accuracy: 0.0000 
2026-02-09 02:53:25,803 - ADV_Generation_eps_1.0_steps_100 - INFO - Batch:[2511] Adversarial images for this batch already exist
2026-02-09 02:53:25,937 - ADV_Generation_eps_1.0_steps_100 - INFO - Batch 2512/3783: Clean accuracy 0.7277 | Adv accuracy: 0.0000 
2026-02-09 02:53:25,938 - ADV_Generation_eps_1.0_steps_100 - INFO - Batch:[2512] Adversarial images for this batch already exist
2026-02-09 02:53:26,077 - ADV_Generation_eps_1.0_steps_100 - INFO - Batch 2513/3783: Clean accuracy 0.7278 | Adv accuracy: 0.0000 
2026-02-09 02:53:26,078 - ADV_Generation_eps_1.0_steps_100 - INFO - Batch:[2513] Adversarial images for this batch already exist
2026-02-09 02:53:26,216 - ADV_Generation_eps_1.0_steps_100 - INFO - Batch 2514/3783: Clean accuracy 0.7279 | Adv accuracy: 0.0000 
2026-02-09 02:53:26,217 - ADV_Generation_eps_1.0_steps_100 - INFO - Batch:[2514] Adversarial images for this batch already exist
2026-02-09 02:53:26,358 - ADV_Generation_eps_1.0_steps_100 - INFO - Batch 2515/3783: Clean accuracy 0.7280 | Adv accuracy: 0.0000 
2026-02-09 02:53:26,359 - ADV_Generation_eps_1.0_steps_100 - INFO - Batch:[2515] Adversarial images for this batch already exist
2026-02-09 02:53:26,495 - ADV_Generation_eps_1.0_steps_100 - INFO - Batch 2516/3783: Clean accuracy 0.7281 | Adv accuracy: 0.0000 
2026-02-09 02:53:26,496 - ADV_Generation_eps_1.0_steps_100 - INFO - Batch:[2516] Adversarial images for this batch already exist
2026-02-09 02:53:26,633 - ADV_Generation_eps_1.0_steps_100 - INFO - Batch 2517/3783: Clean accuracy 0.7282 | Adv accuracy: 0.0000 
2026-02-09 02:53:26,633 - ADV_Generation_eps_1.0_steps_100 - INFO - Batch:[2517] Adversarial images for this batch already exist
2026-02-09 02:53:26,775 - ADV_Generation_eps_1.0_steps_100 - INFO - Batch 2518/3783: Clean accuracy 0.7284 | Adv accuracy: 0.0000 
2026-02-09 02:53:26,776 - ADV_Generation_eps_1.0_steps_100 - INFO - Batch:[2518] Adversarial images for this batch already exist
2026-02-09 02:53:26,915 - ADV_Generation_eps_1.0_steps_100 - INFO - Batch 2519/3783: Clean accuracy 0.7285 | Adv accuracy: 0.0000 
2026-02-09 02:53:26,916 - ADV_Generation_eps_1.0_steps_100 - INFO - Batch:[2519] Adversarial images for this batch already exist
2026-02-09 02:53:27,054 - ADV_Generation_eps_1.0_steps_100 - INFO - Batch 2520/3783: Clean accuracy 0.7286 | Adv accuracy: 0.0000 
2026-02-09 02:53:27,055 - ADV_Generation_eps_1.0_steps_100 - INFO - Batch:[2520] Adversarial images for this batch already exist
2026-02-09 02:53:27,193 - ADV_Generation_eps_1.0_steps_100 - INFO - Batch 2521/3783: Clean accuracy 0.7287 | Adv accuracy: 0.0000 
2026-02-09 02:53:27,194 - ADV_Generation_eps_1.0_steps_100 - INFO - Batch:[2521] Adversarial images for this batch already exist
2026-02-09 02:53:27,332 - ADV_Generation_eps_1.0_steps_100 - INFO - Batch 2522/3783: Clean accuracy 0.7288 | Adv accuracy: 0.0000 
2026-02-09 02:53:27,333 - ADV_Generation_eps_1.0_steps_100 - INFO - Batch:[2522] Adversarial images for this batch already exist
2026-02-09 02:53:27,471 - ADV_Generation_eps_1.0_steps_100 - INFO - Batch 2523/3783: Clean accuracy 0.7289 | Adv accuracy: 0.0000 
2026-02-09 02:53:27,471 - ADV_Generation_eps_1.0_steps_100 - INFO - Batch:[2523] Adversarial images for this batch already exist
2026-02-09 02:53:27,610 - ADV_Generation_eps_1.0_steps_100 - INFO - Batch 2524/3783: Clean accuracy 0.7290 | Adv accuracy: 0.0000 
2026-02-09 02:53:27,610 - ADV_Generation_eps_1.0_steps_100 - INFO - Batch:[2524] Adversarial images for this batch already exist
2026-02-09 02:53:27,746 - ADV_Generation_eps_1.0_steps_100 - INFO - Batch 2525/3783: Clean accuracy 0.7291 | Adv accuracy: 0.0000 
2026-02-09 02:53:27,747 - ADV_Generation_eps_1.0_steps_100 - INFO - Batch:[2525] Adversarial images for this batch already exist
2026-02-09 02:53:27,884 - ADV_Generation_eps_1.0_steps_100 - INFO - Batch 2526/3783: Clean accuracy 0.7292 | Adv accuracy: 0.0000 
2026-02-09 02:53:27,885 - ADV_Generation_eps_1.0_steps_100 - INFO - Batch:[2526] Adversarial images for this batch already exist
2026-02-09 02:53:28,037 - ADV_Generation_eps_1.0_steps_100 - INFO - Batch 2527/3783: Clean accuracy 0.7293 | Adv accuracy: 0.0000 
2026-02-09 02:53:28,038 - ADV_Generation_eps_1.0_steps_100 - INFO - Batch:[2527] Adversarial images for this batch already exist
2026-02-09 02:53:28,174 - ADV_Generation_eps_1.0_steps_100 - INFO - Batch 2528/3783: Clean accuracy 0.7294 | Adv accuracy: 0.0000 
2026-02-09 02:53:28,175 - ADV_Generation_eps_1.0_steps_100 - INFO - Batch:[2528] Adversarial images for this batch already exist
2026-02-09 02:53:28,313 - ADV_Generation_eps_1.0_steps_100 - INFO - Batch 2529/3783: Clean accuracy 0.7295 | Adv accuracy: 0.0000 
2026-02-09 02:53:28,313 - ADV_Generation_eps_1.0_steps_100 - INFO - Batch:[2529] Adversarial images for this batch already exist
2026-02-09 02:53:28,451 - ADV_Generation_eps_1.0_steps_100 - INFO - Batch 2530/3783: Clean accuracy 0.7296 | Adv accuracy: 0.0000 
2026-02-09 02:53:28,452 - ADV_Generation_eps_1.0_steps_100 - INFO - Batch:[2530] Adversarial images for this batch already exist
2026-02-09 02:53:28,589 - ADV_Generation_eps_1.0_steps_100 - INFO - Batch 2531/3783: Clean accuracy 0.7298 | Adv accuracy: 0.0000 
2026-02-09 02:53:28,590 - ADV_Generation_eps_1.0_steps_100 - INFO - Batch:[2531] Adversarial images for this batch already exist
2026-02-09 02:53:28,730 - ADV_Generation_eps_1.0_steps_100 - INFO - Batch 2532/3783: Clean accuracy 0.7299 | Adv accuracy: 0.0000 
2026-02-09 02:53:28,731 - ADV_Generation_eps_1.0_steps_100 - INFO - Batch:[2532] Adversarial images for this batch already exist
2026-02-09 02:53:28,892 - ADV_Generation_eps_1.0_steps_100 - INFO - Batch 2533/3783: Clean accuracy 0.7300 | Adv accuracy: 0.0000 
2026-02-09 02:53:28,893 - ADV_Generation_eps_1.0_steps_100 - INFO - Batch:[2533] Adversarial images for this batch already exist
2026-02-09 02:53:29,034 - ADV_Generation_eps_1.0_steps_100 - INFO - Batch 2534/3783: Clean accuracy 0.7301 | Adv accuracy: 0.0000 
2026-02-09 02:53:29,035 - ADV_Generation_eps_1.0_steps_100 - INFO - Batch:[2534] Adversarial images for this batch already exist
2026-02-09 02:53:29,173 - ADV_Generation_eps_1.0_steps_100 - INFO - Batch 2535/3783: Clean accuracy 0.7302 | Adv accuracy: 0.0000 
2026-02-09 02:53:29,174 - ADV_Generation_eps_1.0_steps_100 - INFO - Batch:[2535] Adversarial images for this batch already exist
2026-02-09 02:53:29,311 - ADV_Generation_eps_1.0_steps_100 - INFO - Batch 2536/3783: Clean accuracy 0.7303 | Adv accuracy: 0.0000 
2026-02-09 02:53:29,312 - ADV_Generation_eps_1.0_steps_100 - INFO - Batch:[2536] Adversarial images for this batch already exist
2026-02-09 02:53:29,451 - ADV_Generation_eps_1.0_steps_100 - INFO - Batch 2537/3783: Clean accuracy 0.7304 | Adv accuracy: 0.0000 
2026-02-09 02:53:29,451 - ADV_Generation_eps_1.0_steps_100 - INFO - Batch:[2537] Adversarial images for this batch already exist
2026-02-09 02:53:29,594 - ADV_Generation_eps_1.0_steps_100 - INFO - Batch 2538/3783: Clean accuracy 0.7305 | Adv accuracy: 0.0000 
2026-02-09 02:53:29,595 - ADV_Generation_eps_1.0_steps_100 - INFO - Batch:[2538] Adversarial images for this batch already exist
2026-02-09 02:53:29,736 - ADV_Generation_eps_1.0_steps_100 - INFO - Batch 2539/3783: Clean accuracy 0.7306 | Adv accuracy: 0.0000 
2026-02-09 02:53:29,737 - ADV_Generation_eps_1.0_steps_100 - INFO - Batch:[2539] Adversarial images for this batch already exist
2026-02-09 02:53:29,878 - ADV_Generation_eps_1.0_steps_100 - INFO - Batch 2540/3783: Clean accuracy 0.7307 | Adv accuracy: 0.0000 
2026-02-09 02:53:29,879 - ADV_Generation_eps_1.0_steps_100 - INFO - Batch:[2540] Adversarial images for this batch already exist
2026-02-09 02:53:30,035 - ADV_Generation_eps_1.0_steps_100 - INFO - Batch 2541/3783: Clean accuracy 0.7308 | Adv accuracy: 0.0000 
2026-02-09 02:53:30,036 - ADV_Generation_eps_1.0_steps_100 - INFO - Batch:[2541] Adversarial images for this batch already exist
2026-02-09 02:53:30,173 - ADV_Generation_eps_1.0_steps_100 - INFO - Batch 2542/3783: Clean accuracy 0.7309 | Adv accuracy: 0.0000 
2026-02-09 02:53:30,174 - ADV_Generation_eps_1.0_steps_100 - INFO - Batch:[2542] Adversarial images for this batch already exist
2026-02-09 02:53:30,314 - ADV_Generation_eps_1.0_steps_100 - INFO - Batch 2543/3783: Clean accuracy 0.7310 | Adv accuracy: 0.0000 
2026-02-09 02:53:30,315 - ADV_Generation_eps_1.0_steps_100 - INFO - Batch:[2543] Adversarial images for this batch already exist
2026-02-09 02:53:30,456 - ADV_Generation_eps_1.0_steps_100 - INFO - Batch 2544/3783: Clean accuracy 0.7311 | Adv accuracy: 0.0000 
2026-02-09 02:53:30,457 - ADV_Generation_eps_1.0_steps_100 - INFO - Batch:[2544] Adversarial images for this batch already exist
2026-02-09 02:53:30,592 - ADV_Generation_eps_1.0_steps_100 - INFO - Batch 2545/3783: Clean accuracy 0.7308 | Adv accuracy: 0.0000 
2026-02-09 02:53:30,593 - ADV_Generation_eps_1.0_steps_100 - INFO - Batch:[2545] Adversarial images for this batch already exist
2026-02-09 02:53:30,734 - ADV_Generation_eps_1.0_steps_100 - INFO - Batch 2546/3783: Clean accuracy 0.7306 | Adv accuracy: 0.0000 
2026-02-09 02:53:30,735 - ADV_Generation_eps_1.0_steps_100 - INFO - Batch:[2546] Adversarial images for this batch already exist
2026-02-09 02:53:30,878 - ADV_Generation_eps_1.0_steps_100 - INFO - Batch 2547/3783: Clean accuracy 0.7303 | Adv accuracy: 0.0000 
2026-02-09 02:53:30,879 - ADV_Generation_eps_1.0_steps_100 - INFO - Batch:[2547] Adversarial images for this batch already exist
2026-02-09 02:53:31,109 - ADV_Generation_eps_1.0_steps_100 - INFO - Batch 2548/3783: Clean accuracy 0.7300 | Adv accuracy: 0.0000 
2026-02-09 02:53:31,110 - ADV_Generation_eps_1.0_steps_100 - INFO - Batch:[2548] Adversarial images for this batch already exist
2026-02-09 02:53:31,273 - ADV_Generation_eps_1.0_steps_100 - INFO - Batch 2549/3783: Clean accuracy 0.7297 | Adv accuracy: 0.0000 
2026-02-09 02:53:31,274 - ADV_Generation_eps_1.0_steps_100 - INFO - Batch:[2549] Adversarial images for this batch already exist
2026-02-09 02:53:31,425 - ADV_Generation_eps_1.0_steps_100 - INFO - Batch 2550/3783: Clean accuracy 0.7298 | Adv accuracy: 0.0000 
2026-02-09 02:53:31,426 - ADV_Generation_eps_1.0_steps_100 - INFO - Batch:[2550] Adversarial images for this batch already exist
2026-02-09 02:53:31,566 - ADV_Generation_eps_1.0_steps_100 - INFO - Batch 2551/3783: Clean accuracy 0.7299 | Adv accuracy: 0.0000 
2026-02-09 02:53:31,568 - ADV_Generation_eps_1.0_steps_100 - INFO - Batch:[2551] Adversarial images for this batch already exist
2026-02-09 02:53:31,711 - ADV_Generation_eps_1.0_steps_100 - INFO - Batch 2552/3783: Clean accuracy 0.7300 | Adv accuracy: 0.0000 
2026-02-09 02:53:31,712 - ADV_Generation_eps_1.0_steps_100 - INFO - Batch:[2552] Adversarial images for this batch already exist
2026-02-09 02:53:31,861 - ADV_Generation_eps_1.0_steps_100 - INFO - Batch 2553/3783: Clean accuracy 0.7301 | Adv accuracy: 0.0000 
2026-02-09 02:53:31,862 - ADV_Generation_eps_1.0_steps_100 - INFO - Batch:[2553] Adversarial images for this batch already exist
2026-02-09 02:53:32,001 - ADV_Generation_eps_1.0_steps_100 - INFO - Batch 2554/3783: Clean accuracy 0.7302 | Adv accuracy: 0.0000 
2026-02-09 02:53:32,002 - ADV_Generation_eps_1.0_steps_100 - INFO - Batch:[2554] Adversarial images for this batch already exist
2026-02-09 02:53:32,139 - ADV_Generation_eps_1.0_steps_100 - INFO - Batch 2555/3783: Clean accuracy 0.7303 | Adv accuracy: 0.0000 
2026-02-09 02:53:32,140 - ADV_Generation_eps_1.0_steps_100 - INFO - Batch:[2555] Adversarial images for this batch already exist
2026-02-09 02:53:32,280 - ADV_Generation_eps_1.0_steps_100 - INFO - Batch 2556/3783: Clean accuracy 0.7304 | Adv accuracy: 0.0000 
2026-02-09 02:53:32,281 - ADV_Generation_eps_1.0_steps_100 - INFO - Batch:[2556] Adversarial images for this batch already exist
2026-02-09 02:53:32,423 - ADV_Generation_eps_1.0_steps_100 - INFO - Batch 2557/3783: Clean accuracy 0.7305 | Adv accuracy: 0.0000 
2026-02-09 02:53:32,424 - ADV_Generation_eps_1.0_steps_100 - INFO - Batch:[2557] Adversarial images for this batch already exist
2026-02-09 02:53:32,558 - ADV_Generation_eps_1.0_steps_100 - INFO - Batch 2558/3783: Clean accuracy 0.7303 | Adv accuracy: 0.0000 
2026-02-09 02:53:32,559 - ADV_Generation_eps_1.0_steps_100 - INFO - Batch:[2558] Adversarial images for this batch already exist
2026-02-09 02:53:32,694 - ADV_Generation_eps_1.0_steps_100 - INFO - Batch 2559/3783: Clean accuracy 0.7300 | Adv accuracy: 0.0000 
2026-02-09 02:53:32,695 - ADV_Generation_eps_1.0_steps_100 - INFO - Batch:[2559] Adversarial images for this batch already exist
2026-02-09 02:53:32,831 - ADV_Generation_eps_1.0_steps_100 - INFO - Batch 2560/3783: Clean accuracy 0.7297 | Adv accuracy: 0.0000 
2026-02-09 02:53:32,832 - ADV_Generation_eps_1.0_steps_100 - INFO - Batch:[2560] Adversarial images for this batch already exist
2026-02-09 02:53:32,967 - ADV_Generation_eps_1.0_steps_100 - INFO - Batch 2561/3783: Clean accuracy 0.7298 | Adv accuracy: 0.0000 
2026-02-09 02:53:32,968 - ADV_Generation_eps_1.0_steps_100 - INFO - Batch:[2561] Adversarial images for this batch already exist
2026-02-09 02:53:33,105 - ADV_Generation_eps_1.0_steps_100 - INFO - Batch 2562/3783: Clean accuracy 0.7299 | Adv accuracy: 0.0000 
2026-02-09 02:53:33,105 - ADV_Generation_eps_1.0_steps_100 - INFO - Batch:[2562] Adversarial images for this batch already exist
2026-02-09 02:53:33,266 - ADV_Generation_eps_1.0_steps_100 - INFO - Batch 2563/3783: Clean accuracy 0.7300 | Adv accuracy: 0.0000 
2026-02-09 02:53:33,267 - ADV_Generation_eps_1.0_steps_100 - INFO - Batch:[2563] Adversarial images for this batch already exist
2026-02-09 02:53:33,409 - ADV_Generation_eps_1.0_steps_100 - INFO - Batch 2564/3783: Clean accuracy 0.7301 | Adv accuracy: 0.0000 
2026-02-09 02:53:33,410 - ADV_Generation_eps_1.0_steps_100 - INFO - Batch:[2564] Adversarial images for this batch already exist
2026-02-09 02:53:33,547 - ADV_Generation_eps_1.0_steps_100 - INFO - Batch 2565/3783: Clean accuracy 0.7302 | Adv accuracy: 0.0000 
2026-02-09 02:53:33,548 - ADV_Generation_eps_1.0_steps_100 - INFO - Batch:[2565] Adversarial images for this batch already exist
2026-02-09 02:53:33,684 - ADV_Generation_eps_1.0_steps_100 - INFO - Batch 2566/3783: Clean accuracy 0.7303 | Adv accuracy: 0.0000 
2026-02-09 02:53:33,685 - ADV_Generation_eps_1.0_steps_100 - INFO - Batch:[2566] Adversarial images for this batch already exist
2026-02-09 02:53:33,841 - ADV_Generation_eps_1.0_steps_100 - INFO - Batch 2567/3783: Clean accuracy 0.7304 | Adv accuracy: 0.0000 
2026-02-09 02:53:33,843 - ADV_Generation_eps_1.0_steps_100 - INFO - Batch:[2567] Adversarial images for this batch already exist
2026-02-09 02:53:33,981 - ADV_Generation_eps_1.0_steps_100 - INFO - Batch 2568/3783: Clean accuracy 0.7305 | Adv accuracy: 0.0000 
2026-02-09 02:53:33,982 - ADV_Generation_eps_1.0_steps_100 - INFO - Batch:[2568] Adversarial images for this batch already exist
2026-02-09 02:53:34,121 - ADV_Generation_eps_1.0_steps_100 - INFO - Batch 2569/3783: Clean accuracy 0.7306 | Adv accuracy: 0.0000 
2026-02-09 02:53:34,122 - ADV_Generation_eps_1.0_steps_100 - INFO - Batch:[2569] Adversarial images for this batch already exist
2026-02-09 02:53:34,262 - ADV_Generation_eps_1.0_steps_100 - INFO - Batch 2570/3783: Clean accuracy 0.7307 | Adv accuracy: 0.0000 
2026-02-09 02:53:34,263 - ADV_Generation_eps_1.0_steps_100 - INFO - Batch:[2570] Adversarial images for this batch already exist
2026-02-09 02:53:34,402 - ADV_Generation_eps_1.0_steps_100 - INFO - Batch 2571/3783: Clean accuracy 0.7308 | Adv accuracy: 0.0000 
2026-02-09 02:53:34,404 - ADV_Generation_eps_1.0_steps_100 - INFO - Batch:[2571] Adversarial images for this batch already exist
2026-02-09 02:53:34,552 - ADV_Generation_eps_1.0_steps_100 - INFO - Batch 2572/3783: Clean accuracy 0.7309 | Adv accuracy: 0.0000 
2026-02-09 02:53:34,552 - ADV_Generation_eps_1.0_steps_100 - INFO - Batch:[2572] Adversarial images for this batch already exist
2026-02-09 02:53:34,692 - ADV_Generation_eps_1.0_steps_100 - INFO - Batch 2573/3783: Clean accuracy 0.7311 | Adv accuracy: 0.0000 
2026-02-09 02:53:34,693 - ADV_Generation_eps_1.0_steps_100 - INFO - Batch:[2573] Adversarial images for this batch already exist
2026-02-09 02:53:34,828 - ADV_Generation_eps_1.0_steps_100 - INFO - Batch 2574/3783: Clean accuracy 0.7312 | Adv accuracy: 0.0000 
2026-02-09 02:53:34,829 - ADV_Generation_eps_1.0_steps_100 - INFO - Batch:[2574] Adversarial images for this batch already exist
2026-02-09 02:53:34,963 - ADV_Generation_eps_1.0_steps_100 - INFO - Batch 2575/3783: Clean accuracy 0.7313 | Adv accuracy: 0.0000 
2026-02-09 02:53:34,964 - ADV_Generation_eps_1.0_steps_100 - INFO - Batch:[2575] Adversarial images for this batch already exist
2026-02-09 02:53:35,104 - ADV_Generation_eps_1.0_steps_100 - INFO - Batch 2576/3783: Clean accuracy 0.7314 | Adv accuracy: 0.0000 
2026-02-09 02:53:35,105 - ADV_Generation_eps_1.0_steps_100 - INFO - Batch:[2576] Adversarial images for this batch already exist
2026-02-09 02:53:35,278 - ADV_Generation_eps_1.0_steps_100 - INFO - Batch 2577/3783: Clean accuracy 0.7315 | Adv accuracy: 0.0000 
2026-02-09 02:53:35,279 - ADV_Generation_eps_1.0_steps_100 - INFO - Batch:[2577] Adversarial images for this batch already exist
2026-02-09 02:53:35,419 - ADV_Generation_eps_1.0_steps_100 - INFO - Batch 2578/3783: Clean accuracy 0.7316 | Adv accuracy: 0.0000 
2026-02-09 02:53:35,420 - ADV_Generation_eps_1.0_steps_100 - INFO - Batch:[2578] Adversarial images for this batch already exist
2026-02-09 02:53:35,555 - ADV_Generation_eps_1.0_steps_100 - INFO - Batch 2579/3783: Clean accuracy 0.7317 | Adv accuracy: 0.0000 
2026-02-09 02:53:35,556 - ADV_Generation_eps_1.0_steps_100 - INFO - Batch:[2579] Adversarial images for this batch already exist
2026-02-09 02:53:35,692 - ADV_Generation_eps_1.0_steps_100 - INFO - Batch 2580/3783: Clean accuracy 0.7314 | Adv accuracy: 0.0000 
2026-02-09 02:53:35,693 - ADV_Generation_eps_1.0_steps_100 - INFO - Batch:[2580] Adversarial images for this batch already exist
2026-02-09 02:53:35,847 - ADV_Generation_eps_1.0_steps_100 - INFO - Batch 2581/3783: Clean accuracy 0.7315 | Adv accuracy: 0.0000 
2026-02-09 02:53:35,848 - ADV_Generation_eps_1.0_steps_100 - INFO - Batch:[2581] Adversarial images for this batch already exist
2026-02-09 02:53:36,011 - ADV_Generation_eps_1.0_steps_100 - INFO - Batch 2582/3783: Clean accuracy 0.7312 | Adv accuracy: 0.0000 
2026-02-09 02:53:36,012 - ADV_Generation_eps_1.0_steps_100 - INFO - Batch:[2582] Adversarial images for this batch already exist
2026-02-09 02:53:36,152 - ADV_Generation_eps_1.0_steps_100 - INFO - Batch 2583/3783: Clean accuracy 0.7309 | Adv accuracy: 0.0000 
2026-02-09 02:53:36,153 - ADV_Generation_eps_1.0_steps_100 - INFO - Batch:[2583] Adversarial images for this batch already exist
2026-02-09 02:53:36,379 - ADV_Generation_eps_1.0_steps_100 - INFO - Batch 2584/3783: Clean accuracy 0.7307 | Adv accuracy: 0.0000 
2026-02-09 02:53:36,380 - ADV_Generation_eps_1.0_steps_100 - INFO - Batch:[2584] Adversarial images for this batch already exist
2026-02-09 02:53:36,518 - ADV_Generation_eps_1.0_steps_100 - INFO - Batch 2585/3783: Clean accuracy 0.7304 | Adv accuracy: 0.0000 
2026-02-09 02:53:36,519 - ADV_Generation_eps_1.0_steps_100 - INFO - Batch:[2585] Adversarial images for this batch already exist
2026-02-09 02:53:36,656 - ADV_Generation_eps_1.0_steps_100 - INFO - Batch 2586/3783: Clean accuracy 0.7301 | Adv accuracy: 0.0000 
2026-02-09 02:53:36,657 - ADV_Generation_eps_1.0_steps_100 - INFO - Batch:[2586] Adversarial images for this batch already exist
2026-02-09 02:53:36,806 - ADV_Generation_eps_1.0_steps_100 - INFO - Batch 2587/3783: Clean accuracy 0.7298 | Adv accuracy: 0.0000 
2026-02-09 02:53:36,807 - ADV_Generation_eps_1.0_steps_100 - INFO - Batch:[2587] Adversarial images for this batch already exist
2026-02-09 02:53:36,943 - ADV_Generation_eps_1.0_steps_100 - INFO - Batch 2588/3783: Clean accuracy 0.7295 | Adv accuracy: 0.0000 
2026-02-09 02:53:36,944 - ADV_Generation_eps_1.0_steps_100 - INFO - Batch:[2588] Adversarial images for this batch already exist
2026-02-09 02:53:37,076 - ADV_Generation_eps_1.0_steps_100 - INFO - Batch 2589/3783: Clean accuracy 0.7292 | Adv accuracy: 0.0000 
2026-02-09 02:53:37,077 - ADV_Generation_eps_1.0_steps_100 - INFO - Batch:[2589] Adversarial images for this batch already exist
2026-02-09 02:53:37,255 - ADV_Generation_eps_1.0_steps_100 - INFO - Batch 2590/3783: Clean accuracy 0.7290 | Adv accuracy: 0.0000 
2026-02-09 02:53:37,256 - ADV_Generation_eps_1.0_steps_100 - INFO - Batch:[2590] Adversarial images for this batch already exist
2026-02-09 02:53:37,469 - ADV_Generation_eps_1.0_steps_100 - INFO - Batch 2591/3783: Clean accuracy 0.7287 | Adv accuracy: 0.0000 
2026-02-09 02:53:37,470 - ADV_Generation_eps_1.0_steps_100 - INFO - Batch:[2591] Adversarial images for this batch already exist
2026-02-09 02:53:37,606 - ADV_Generation_eps_1.0_steps_100 - INFO - Batch 2592/3783: Clean accuracy 0.7288 | Adv accuracy: 0.0000 
2026-02-09 02:53:37,607 - ADV_Generation_eps_1.0_steps_100 - INFO - Batch:[2592] Adversarial images for this batch already exist
2026-02-09 02:53:37,771 - ADV_Generation_eps_1.0_steps_100 - INFO - Batch 2593/3783: Clean accuracy 0.7289 | Adv accuracy: 0.0000 
2026-02-09 02:53:37,772 - ADV_Generation_eps_1.0_steps_100 - INFO - Batch:[2593] Adversarial images for this batch already exist
2026-02-09 02:53:37,911 - ADV_Generation_eps_1.0_steps_100 - INFO - Batch 2594/3783: Clean accuracy 0.7290 | Adv accuracy: 0.0000 
2026-02-09 02:53:37,912 - ADV_Generation_eps_1.0_steps_100 - INFO - Batch:[2594] Adversarial images for this batch already exist
2026-02-09 02:53:38,050 - ADV_Generation_eps_1.0_steps_100 - INFO - Batch 2595/3783: Clean accuracy 0.7291 | Adv accuracy: 0.0000 
2026-02-09 02:53:38,051 - ADV_Generation_eps_1.0_steps_100 - INFO - Batch:[2595] Adversarial images for this batch already exist
2026-02-09 02:53:38,188 - ADV_Generation_eps_1.0_steps_100 - INFO - Batch 2596/3783: Clean accuracy 0.7292 | Adv accuracy: 0.0000 
2026-02-09 02:53:38,189 - ADV_Generation_eps_1.0_steps_100 - INFO - Batch:[2596] Adversarial images for this batch already exist
2026-02-09 02:53:38,326 - ADV_Generation_eps_1.0_steps_100 - INFO - Batch 2597/3783: Clean accuracy 0.7293 | Adv accuracy: 0.0000 
2026-02-09 02:53:38,328 - ADV_Generation_eps_1.0_steps_100 - INFO - Batch:[2597] Adversarial images for this batch already exist
2026-02-09 02:53:38,462 - ADV_Generation_eps_1.0_steps_100 - INFO - Batch 2598/3783: Clean accuracy 0.7294 | Adv accuracy: 0.0000 
2026-02-09 02:53:38,463 - ADV_Generation_eps_1.0_steps_100 - INFO - Batch:[2598] Adversarial images for this batch already exist
2026-02-09 02:53:38,602 - ADV_Generation_eps_1.0_steps_100 - INFO - Batch 2599/3783: Clean accuracy 0.7295 | Adv accuracy: 0.0000 
2026-02-09 02:53:38,603 - ADV_Generation_eps_1.0_steps_100 - INFO - Batch:[2599] Adversarial images for this batch already exist
2026-02-09 02:53:38,748 - ADV_Generation_eps_1.0_steps_100 - INFO - Batch 2600/3783: Clean accuracy 0.7296 | Adv accuracy: 0.0000 
2026-02-09 02:53:38,749 - ADV_Generation_eps_1.0_steps_100 - INFO - Batch:[2600] Adversarial images for this batch already exist
2026-02-09 02:53:38,891 - ADV_Generation_eps_1.0_steps_100 - INFO - Batch 2601/3783: Clean accuracy 0.7297 | Adv accuracy: 0.0000 
2026-02-09 02:53:38,892 - ADV_Generation_eps_1.0_steps_100 - INFO - Batch:[2601] Adversarial images for this batch already exist
2026-02-09 02:53:39,034 - ADV_Generation_eps_1.0_steps_100 - INFO - Batch 2602/3783: Clean accuracy 0.7298 | Adv accuracy: 0.0000 
2026-02-09 02:53:39,038 - ADV_Generation_eps_1.0_steps_100 - INFO - Batch:[2602] Adversarial images for this batch already exist
2026-02-09 02:53:39,177 - ADV_Generation_eps_1.0_steps_100 - INFO - Batch 2603/3783: Clean accuracy 0.7299 | Adv accuracy: 0.0000 
2026-02-09 02:53:39,178 - ADV_Generation_eps_1.0_steps_100 - INFO - Batch:[2603] Adversarial images for this batch already exist
2026-02-09 02:53:39,320 - ADV_Generation_eps_1.0_steps_100 - INFO - Batch 2604/3783: Clean accuracy 0.7300 | Adv accuracy: 0.0000 
2026-02-09 02:53:39,321 - ADV_Generation_eps_1.0_steps_100 - INFO - Batch:[2604] Adversarial images for this batch already exist
2026-02-09 02:53:39,468 - ADV_Generation_eps_1.0_steps_100 - INFO - Batch 2605/3783: Clean accuracy 0.7301 | Adv accuracy: 0.0000 
2026-02-09 02:53:39,469 - ADV_Generation_eps_1.0_steps_100 - INFO - Batch:[2605] Adversarial images for this batch already exist
2026-02-09 02:53:39,614 - ADV_Generation_eps_1.0_steps_100 - INFO - Batch 2606/3783: Clean accuracy 0.7302 | Adv accuracy: 0.0000 
2026-02-09 02:53:39,615 - ADV_Generation_eps_1.0_steps_100 - INFO - Batch:[2606] Adversarial images for this batch already exist
2026-02-09 02:53:39,754 - ADV_Generation_eps_1.0_steps_100 - INFO - Batch 2607/3783: Clean accuracy 0.7303 | Adv accuracy: 0.0000 
2026-02-09 02:53:39,755 - ADV_Generation_eps_1.0_steps_100 - INFO - Batch:[2607] Adversarial images for this batch already exist
2026-02-09 02:53:39,893 - ADV_Generation_eps_1.0_steps_100 - INFO - Batch 2608/3783: Clean accuracy 0.7304 | Adv accuracy: 0.0000 
2026-02-09 02:53:39,894 - ADV_Generation_eps_1.0_steps_100 - INFO - Batch:[2608] Adversarial images for this batch already exist
2026-02-09 02:53:40,032 - ADV_Generation_eps_1.0_steps_100 - INFO - Batch 2609/3783: Clean accuracy 0.7305 | Adv accuracy: 0.0000 
2026-02-09 02:53:40,033 - ADV_Generation_eps_1.0_steps_100 - INFO - Batch:[2609] Adversarial images for this batch already exist
2026-02-09 02:53:40,193 - ADV_Generation_eps_1.0_steps_100 - INFO - Batch 2610/3783: Clean accuracy 0.7307 | Adv accuracy: 0.0000 
2026-02-09 02:53:40,194 - ADV_Generation_eps_1.0_steps_100 - INFO - Batch:[2610] Adversarial images for this batch already exist
2026-02-09 02:53:40,334 - ADV_Generation_eps_1.0_steps_100 - INFO - Batch 2611/3783: Clean accuracy 0.7308 | Adv accuracy: 0.0000 
2026-02-09 02:53:40,335 - ADV_Generation_eps_1.0_steps_100 - INFO - Batch:[2611] Adversarial images for this batch already exist
2026-02-09 02:53:40,480 - ADV_Generation_eps_1.0_steps_100 - INFO - Batch 2612/3783: Clean accuracy 0.7309 | Adv accuracy: 0.0000 
2026-02-09 02:53:40,481 - ADV_Generation_eps_1.0_steps_100 - INFO - Batch:[2612] Adversarial images for this batch already exist
2026-02-09 02:53:40,625 - ADV_Generation_eps_1.0_steps_100 - INFO - Batch 2613/3783: Clean accuracy 0.7306 | Adv accuracy: 0.0000 
2026-02-09 02:53:40,626 - ADV_Generation_eps_1.0_steps_100 - INFO - Batch:[2613] Adversarial images for this batch already exist
2026-02-09 02:53:40,762 - ADV_Generation_eps_1.0_steps_100 - INFO - Batch 2614/3783: Clean accuracy 0.7303 | Adv accuracy: 0.0000 
2026-02-09 02:53:40,763 - ADV_Generation_eps_1.0_steps_100 - INFO - Batch:[2614] Adversarial images for this batch already exist
2026-02-09 02:53:40,904 - ADV_Generation_eps_1.0_steps_100 - INFO - Batch 2615/3783: Clean accuracy 0.7300 | Adv accuracy: 0.0000 
2026-02-09 02:53:40,905 - ADV_Generation_eps_1.0_steps_100 - INFO - Batch:[2615] Adversarial images for this batch already exist
2026-02-09 02:53:41,042 - ADV_Generation_eps_1.0_steps_100 - INFO - Batch 2616/3783: Clean accuracy 0.7297 | Adv accuracy: 0.0000 
2026-02-09 02:53:41,042 - ADV_Generation_eps_1.0_steps_100 - INFO - Batch:[2616] Adversarial images for this batch already exist
2026-02-09 02:53:41,183 - ADV_Generation_eps_1.0_steps_100 - INFO - Batch 2617/3783: Clean accuracy 0.7295 | Adv accuracy: 0.0000 
2026-02-09 02:53:41,184 - ADV_Generation_eps_1.0_steps_100 - INFO - Batch:[2617] Adversarial images for this batch already exist
2026-02-09 02:53:41,325 - ADV_Generation_eps_1.0_steps_100 - INFO - Batch 2618/3783: Clean accuracy 0.7296 | Adv accuracy: 0.0000 
2026-02-09 02:53:41,326 - ADV_Generation_eps_1.0_steps_100 - INFO - Batch:[2618] Adversarial images for this batch already exist
2026-02-09 02:53:41,465 - ADV_Generation_eps_1.0_steps_100 - INFO - Batch 2619/3783: Clean accuracy 0.7293 | Adv accuracy: 0.0000 
2026-02-09 02:53:41,466 - ADV_Generation_eps_1.0_steps_100 - INFO - Batch:[2619] Adversarial images for this batch already exist
2026-02-09 02:53:41,606 - ADV_Generation_eps_1.0_steps_100 - INFO - Batch 2620/3783: Clean accuracy 0.7290 | Adv accuracy: 0.0000 
2026-02-09 02:53:41,607 - ADV_Generation_eps_1.0_steps_100 - INFO - Batch:[2620] Adversarial images for this batch already exist
2026-02-09 02:53:41,749 - ADV_Generation_eps_1.0_steps_100 - INFO - Batch 2621/3783: Clean accuracy 0.7287 | Adv accuracy: 0.0000 
2026-02-09 02:53:41,750 - ADV_Generation_eps_1.0_steps_100 - INFO - Batch:[2621] Adversarial images for this batch already exist
2026-02-09 02:53:41,898 - ADV_Generation_eps_1.0_steps_100 - INFO - Batch 2622/3783: Clean accuracy 0.7285 | Adv accuracy: 0.0000 
2026-02-09 02:53:41,899 - ADV_Generation_eps_1.0_steps_100 - INFO - Batch:[2622] Adversarial images for this batch already exist
2026-02-09 02:53:42,041 - ADV_Generation_eps_1.0_steps_100 - INFO - Batch 2623/3783: Clean accuracy 0.7282 | Adv accuracy: 0.0000 
2026-02-09 02:53:42,042 - ADV_Generation_eps_1.0_steps_100 - INFO - Batch:[2623] Adversarial images for this batch already exist
2026-02-09 02:53:42,193 - ADV_Generation_eps_1.0_steps_100 - INFO - Batch 2624/3783: Clean accuracy 0.7283 | Adv accuracy: 0.0000 
2026-02-09 02:53:42,194 - ADV_Generation_eps_1.0_steps_100 - INFO - Batch:[2624] Adversarial images for this batch already exist
2026-02-09 02:53:42,332 - ADV_Generation_eps_1.0_steps_100 - INFO - Batch 2625/3783: Clean accuracy 0.7280 | Adv accuracy: 0.0000 
2026-02-09 02:53:42,333 - ADV_Generation_eps_1.0_steps_100 - INFO - Batch:[2625] Adversarial images for this batch already exist
2026-02-09 02:53:42,466 - ADV_Generation_eps_1.0_steps_100 - INFO - Batch 2626/3783: Clean accuracy 0.7277 | Adv accuracy: 0.0000 
2026-02-09 02:53:42,467 - ADV_Generation_eps_1.0_steps_100 - INFO - Batch:[2626] Adversarial images for this batch already exist
2026-02-09 02:53:42,606 - ADV_Generation_eps_1.0_steps_100 - INFO - Batch 2627/3783: Clean accuracy 0.7274 | Adv accuracy: 0.0000 
2026-02-09 02:53:42,607 - ADV_Generation_eps_1.0_steps_100 - INFO - Batch:[2627] Adversarial images for this batch already exist
2026-02-09 02:53:42,744 - ADV_Generation_eps_1.0_steps_100 - INFO - Batch 2628/3783: Clean accuracy 0.7275 | Adv accuracy: 0.0000 
2026-02-09 02:53:42,745 - ADV_Generation_eps_1.0_steps_100 - INFO - Batch:[2628] Adversarial images for this batch already exist
2026-02-09 02:53:42,889 - ADV_Generation_eps_1.0_steps_100 - INFO - Batch 2629/3783: Clean accuracy 0.7277 | Adv accuracy: 0.0000 
2026-02-09 02:53:42,890 - ADV_Generation_eps_1.0_steps_100 - INFO - Batch:[2629] Adversarial images for this batch already exist
2026-02-09 02:53:43,030 - ADV_Generation_eps_1.0_steps_100 - INFO - Batch 2630/3783: Clean accuracy 0.7278 | Adv accuracy: 0.0000 
2026-02-09 02:53:43,031 - ADV_Generation_eps_1.0_steps_100 - INFO - Batch:[2630] Adversarial images for this batch already exist
2026-02-09 02:53:43,167 - ADV_Generation_eps_1.0_steps_100 - INFO - Batch 2631/3783: Clean accuracy 0.7275 | Adv accuracy: 0.0000 
2026-02-09 02:53:43,168 - ADV_Generation_eps_1.0_steps_100 - INFO - Batch:[2631] Adversarial images for this batch already exist
2026-02-09 02:53:43,312 - ADV_Generation_eps_1.0_steps_100 - INFO - Batch 2632/3783: Clean accuracy 0.7276 | Adv accuracy: 0.0000 
2026-02-09 02:53:43,313 - ADV_Generation_eps_1.0_steps_100 - INFO - Batch:[2632] Adversarial images for this batch already exist
2026-02-09 02:53:43,448 - ADV_Generation_eps_1.0_steps_100 - INFO - Batch 2633/3783: Clean accuracy 0.7277 | Adv accuracy: 0.0000 
2026-02-09 02:53:43,449 - ADV_Generation_eps_1.0_steps_100 - INFO - Batch:[2633] Adversarial images for this batch already exist
2026-02-09 02:53:43,591 - ADV_Generation_eps_1.0_steps_100 - INFO - Batch 2634/3783: Clean accuracy 0.7278 | Adv accuracy: 0.0000 
2026-02-09 02:53:43,593 - ADV_Generation_eps_1.0_steps_100 - INFO - Batch:[2634] Adversarial images for this batch already exist
2026-02-09 02:53:43,731 - ADV_Generation_eps_1.0_steps_100 - INFO - Batch 2635/3783: Clean accuracy 0.7279 | Adv accuracy: 0.0000 
2026-02-09 02:53:43,732 - ADV_Generation_eps_1.0_steps_100 - INFO - Batch:[2635] Adversarial images for this batch already exist
2026-02-09 02:53:43,877 - ADV_Generation_eps_1.0_steps_100 - INFO - Batch 2636/3783: Clean accuracy 0.7280 | Adv accuracy: 0.0000 
2026-02-09 02:53:43,878 - ADV_Generation_eps_1.0_steps_100 - INFO - Batch:[2636] Adversarial images for this batch already exist
2026-02-09 02:53:44,021 - ADV_Generation_eps_1.0_steps_100 - INFO - Batch 2637/3783: Clean accuracy 0.7281 | Adv accuracy: 0.0000 
2026-02-09 02:53:44,022 - ADV_Generation_eps_1.0_steps_100 - INFO - Batch:[2637] Adversarial images for this batch already exist
2026-02-09 02:53:44,160 - ADV_Generation_eps_1.0_steps_100 - INFO - Batch 2638/3783: Clean accuracy 0.7282 | Adv accuracy: 0.0000 
2026-02-09 02:53:44,161 - ADV_Generation_eps_1.0_steps_100 - INFO - Batch:[2638] Adversarial images for this batch already exist
2026-02-09 02:53:44,324 - ADV_Generation_eps_1.0_steps_100 - INFO - Batch 2639/3783: Clean accuracy 0.7283 | Adv accuracy: 0.0000 
2026-02-09 02:53:44,325 - ADV_Generation_eps_1.0_steps_100 - INFO - Batch:[2639] Adversarial images for this batch already exist
2026-02-09 02:53:44,461 - ADV_Generation_eps_1.0_steps_100 - INFO - Batch 2640/3783: Clean accuracy 0.7284 | Adv accuracy: 0.0000 
2026-02-09 02:53:44,462 - ADV_Generation_eps_1.0_steps_100 - INFO - Batch:[2640] Adversarial images for this batch already exist
2026-02-09 02:53:44,605 - ADV_Generation_eps_1.0_steps_100 - INFO - Batch 2641/3783: Clean accuracy 0.7281 | Adv accuracy: 0.0000 
2026-02-09 02:53:44,606 - ADV_Generation_eps_1.0_steps_100 - INFO - Batch:[2641] Adversarial images for this batch already exist
2026-02-09 02:53:44,747 - ADV_Generation_eps_1.0_steps_100 - INFO - Batch 2642/3783: Clean accuracy 0.7279 | Adv accuracy: 0.0000 
2026-02-09 02:53:44,748 - ADV_Generation_eps_1.0_steps_100 - INFO - Batch:[2642] Adversarial images for this batch already exist
2026-02-09 02:53:44,895 - ADV_Generation_eps_1.0_steps_100 - INFO - Batch 2643/3783: Clean accuracy 0.7276 | Adv accuracy: 0.0000 
2026-02-09 02:53:44,896 - ADV_Generation_eps_1.0_steps_100 - INFO - Batch:[2643] Adversarial images for this batch already exist
2026-02-09 02:53:45,033 - ADV_Generation_eps_1.0_steps_100 - INFO - Batch 2644/3783: Clean accuracy 0.7273 | Adv accuracy: 0.0000 
2026-02-09 02:53:45,034 - ADV_Generation_eps_1.0_steps_100 - INFO - Batch:[2644] Adversarial images for this batch already exist
2026-02-09 02:53:45,173 - ADV_Generation_eps_1.0_steps_100 - INFO - Batch 2645/3783: Clean accuracy 0.7270 | Adv accuracy: 0.0000 
2026-02-09 02:53:45,174 - ADV_Generation_eps_1.0_steps_100 - INFO - Batch:[2645] Adversarial images for this batch already exist
2026-02-09 02:53:45,337 - ADV_Generation_eps_1.0_steps_100 - INFO - Batch 2646/3783: Clean accuracy 0.7268 | Adv accuracy: 0.0000 
2026-02-09 02:53:45,338 - ADV_Generation_eps_1.0_steps_100 - INFO - Batch:[2646] Adversarial images for this batch already exist
2026-02-09 02:53:45,471 - ADV_Generation_eps_1.0_steps_100 - INFO - Batch 2647/3783: Clean accuracy 0.7265 | Adv accuracy: 0.0000 
2026-02-09 02:53:45,472 - ADV_Generation_eps_1.0_steps_100 - INFO - Batch:[2647] Adversarial images for this batch already exist
2026-02-09 02:53:45,626 - ADV_Generation_eps_1.0_steps_100 - INFO - Batch 2648/3783: Clean accuracy 0.7266 | Adv accuracy: 0.0000 
2026-02-09 02:53:45,627 - ADV_Generation_eps_1.0_steps_100 - INFO - Batch:[2648] Adversarial images for this batch already exist
2026-02-09 02:53:45,764 - ADV_Generation_eps_1.0_steps_100 - INFO - Batch 2649/3783: Clean accuracy 0.7267 | Adv accuracy: 0.0000 
2026-02-09 02:53:45,765 - ADV_Generation_eps_1.0_steps_100 - INFO - Batch:[2649] Adversarial images for this batch already exist
2026-02-09 02:53:45,905 - ADV_Generation_eps_1.0_steps_100 - INFO - Batch 2650/3783: Clean accuracy 0.7268 | Adv accuracy: 0.0000 
2026-02-09 02:53:45,906 - ADV_Generation_eps_1.0_steps_100 - INFO - Batch:[2650] Adversarial images for this batch already exist
2026-02-09 02:53:46,046 - ADV_Generation_eps_1.0_steps_100 - INFO - Batch 2651/3783: Clean accuracy 0.7269 | Adv accuracy: 0.0000 
2026-02-09 02:53:46,047 - ADV_Generation_eps_1.0_steps_100 - INFO - Batch:[2651] Adversarial images for this batch already exist
2026-02-09 02:53:46,196 - ADV_Generation_eps_1.0_steps_100 - INFO - Batch 2652/3783: Clean accuracy 0.7270 | Adv accuracy: 0.0000 
2026-02-09 02:53:46,199 - ADV_Generation_eps_1.0_steps_100 - INFO - Batch:[2652] Adversarial images for this batch already exist
2026-02-09 02:53:46,354 - ADV_Generation_eps_1.0_steps_100 - INFO - Batch 2653/3783: Clean accuracy 0.7267 | Adv accuracy: 0.0000 
2026-02-09 02:53:46,356 - ADV_Generation_eps_1.0_steps_100 - INFO - Batch:[2653] Adversarial images for this batch already exist
2026-02-09 02:53:46,498 - ADV_Generation_eps_1.0_steps_100 - INFO - Batch 2654/3783: Clean accuracy 0.7265 | Adv accuracy: 0.0000 
2026-02-09 02:53:46,499 - ADV_Generation_eps_1.0_steps_100 - INFO - Batch:[2654] Adversarial images for this batch already exist
2026-02-09 02:53:46,639 - ADV_Generation_eps_1.0_steps_100 - INFO - Batch 2655/3783: Clean accuracy 0.7262 | Adv accuracy: 0.0000 
2026-02-09 02:53:46,640 - ADV_Generation_eps_1.0_steps_100 - INFO - Batch:[2655] Adversarial images for this batch already exist
2026-02-09 02:53:46,779 - ADV_Generation_eps_1.0_steps_100 - INFO - Batch 2656/3783: Clean accuracy 0.7259 | Adv accuracy: 0.0000 
2026-02-09 02:53:46,781 - ADV_Generation_eps_1.0_steps_100 - INFO - Batch:[2656] Adversarial images for this batch already exist
2026-02-09 02:53:46,938 - ADV_Generation_eps_1.0_steps_100 - INFO - Batch 2657/3783: Clean accuracy 0.7256 | Adv accuracy: 0.0000 
2026-02-09 02:53:46,938 - ADV_Generation_eps_1.0_steps_100 - INFO - Batch:[2657] Adversarial images for this batch already exist
2026-02-09 02:53:47,078 - ADV_Generation_eps_1.0_steps_100 - INFO - Batch 2658/3783: Clean accuracy 0.7254 | Adv accuracy: 0.0000 
2026-02-09 02:53:47,079 - ADV_Generation_eps_1.0_steps_100 - INFO - Batch:[2658] Adversarial images for this batch already exist
2026-02-09 02:53:47,214 - ADV_Generation_eps_1.0_steps_100 - INFO - Batch 2659/3783: Clean accuracy 0.7251 | Adv accuracy: 0.0000 
2026-02-09 02:53:47,215 - ADV_Generation_eps_1.0_steps_100 - INFO - Batch:[2659] Adversarial images for this batch already exist
2026-02-09 02:53:47,368 - ADV_Generation_eps_1.0_steps_100 - INFO - Batch 2660/3783: Clean accuracy 0.7248 | Adv accuracy: 0.0000 
2026-02-09 02:53:47,369 - ADV_Generation_eps_1.0_steps_100 - INFO - Batch:[2660] Adversarial images for this batch already exist
2026-02-09 02:53:47,552 - ADV_Generation_eps_1.0_steps_100 - INFO - Batch 2661/3783: Clean accuracy 0.7249 | Adv accuracy: 0.0000 
2026-02-09 02:53:47,553 - ADV_Generation_eps_1.0_steps_100 - INFO - Batch:[2661] Adversarial images for this batch already exist
2026-02-09 02:53:47,699 - ADV_Generation_eps_1.0_steps_100 - INFO - Batch 2662/3783: Clean accuracy 0.7246 | Adv accuracy: 0.0000 
2026-02-09 02:53:47,700 - ADV_Generation_eps_1.0_steps_100 - INFO - Batch:[2662] Adversarial images for this batch already exist
2026-02-09 02:53:47,834 - ADV_Generation_eps_1.0_steps_100 - INFO - Batch 2663/3783: Clean accuracy 0.7244 | Adv accuracy: 0.0000 
2026-02-09 02:53:47,835 - ADV_Generation_eps_1.0_steps_100 - INFO - Batch:[2663] Adversarial images for this batch already exist
2026-02-09 02:53:48,041 - ADV_Generation_eps_1.0_steps_100 - INFO - Batch 2664/3783: Clean accuracy 0.7241 | Adv accuracy: 0.0000 
2026-02-09 02:53:48,042 - ADV_Generation_eps_1.0_steps_100 - INFO - Batch:[2664] Adversarial images for this batch already exist
2026-02-09 02:53:48,185 - ADV_Generation_eps_1.0_steps_100 - INFO - Batch 2665/3783: Clean accuracy 0.7238 | Adv accuracy: 0.0000 
2026-02-09 02:53:48,186 - ADV_Generation_eps_1.0_steps_100 - INFO - Batch:[2665] Adversarial images for this batch already exist
2026-02-09 02:53:48,344 - ADV_Generation_eps_1.0_steps_100 - INFO - Batch 2666/3783: Clean accuracy 0.7239 | Adv accuracy: 0.0000 
2026-02-09 02:53:48,345 - ADV_Generation_eps_1.0_steps_100 - INFO - Batch:[2666] Adversarial images for this batch already exist
2026-02-09 02:53:48,486 - ADV_Generation_eps_1.0_steps_100 - INFO - Batch 2667/3783: Clean accuracy 0.7237 | Adv accuracy: 0.0000 
2026-02-09 02:53:48,487 - ADV_Generation_eps_1.0_steps_100 - INFO - Batch:[2667] Adversarial images for this batch already exist
2026-02-09 02:53:48,629 - ADV_Generation_eps_1.0_steps_100 - INFO - Batch 2668/3783: Clean accuracy 0.7234 | Adv accuracy: 0.0000 
2026-02-09 02:53:48,630 - ADV_Generation_eps_1.0_steps_100 - INFO - Batch:[2668] Adversarial images for this batch already exist
2026-02-09 02:53:48,769 - ADV_Generation_eps_1.0_steps_100 - INFO - Batch 2669/3783: Clean accuracy 0.7235 | Adv accuracy: 0.0000 
2026-02-09 02:53:48,769 - ADV_Generation_eps_1.0_steps_100 - INFO - Batch:[2669] Adversarial images for this batch already exist
2026-02-09 02:53:48,908 - ADV_Generation_eps_1.0_steps_100 - INFO - Batch 2670/3783: Clean accuracy 0.7232 | Adv accuracy: 0.0000 
2026-02-09 02:53:48,909 - ADV_Generation_eps_1.0_steps_100 - INFO - Batch:[2670] Adversarial images for this batch already exist
2026-02-09 02:53:49,048 - ADV_Generation_eps_1.0_steps_100 - INFO - Batch 2671/3783: Clean accuracy 0.7230 | Adv accuracy: 0.0000 
2026-02-09 02:53:49,049 - ADV_Generation_eps_1.0_steps_100 - INFO - Batch:[2671] Adversarial images for this batch already exist
2026-02-09 02:53:49,186 - ADV_Generation_eps_1.0_steps_100 - INFO - Batch 2672/3783: Clean accuracy 0.7227 | Adv accuracy: 0.0000 
2026-02-09 02:53:49,187 - ADV_Generation_eps_1.0_steps_100 - INFO - Batch:[2672] Adversarial images for this batch already exist
2026-02-09 02:53:49,324 - ADV_Generation_eps_1.0_steps_100 - INFO - Batch 2673/3783: Clean accuracy 0.7228 | Adv accuracy: 0.0000 
2026-02-09 02:53:49,325 - ADV_Generation_eps_1.0_steps_100 - INFO - Batch:[2673] Adversarial images for this batch already exist
2026-02-09 02:53:49,461 - ADV_Generation_eps_1.0_steps_100 - INFO - Batch 2674/3783: Clean accuracy 0.7229 | Adv accuracy: 0.0000 
2026-02-09 02:53:49,462 - ADV_Generation_eps_1.0_steps_100 - INFO - Batch:[2674] Adversarial images for this batch already exist
2026-02-09 02:53:49,605 - ADV_Generation_eps_1.0_steps_100 - INFO - Batch 2675/3783: Clean accuracy 0.7230 | Adv accuracy: 0.0000 
2026-02-09 02:53:49,606 - ADV_Generation_eps_1.0_steps_100 - INFO - Batch:[2675] Adversarial images for this batch already exist
2026-02-09 02:53:49,747 - ADV_Generation_eps_1.0_steps_100 - INFO - Batch 2676/3783: Clean accuracy 0.7227 | Adv accuracy: 0.0000 
2026-02-09 02:53:49,748 - ADV_Generation_eps_1.0_steps_100 - INFO - Batch:[2676] Adversarial images for this batch already exist
2026-02-09 02:53:49,904 - ADV_Generation_eps_1.0_steps_100 - INFO - Batch 2677/3783: Clean accuracy 0.7228 | Adv accuracy: 0.0000 
2026-02-09 02:53:49,905 - ADV_Generation_eps_1.0_steps_100 - INFO - Batch:[2677] Adversarial images for this batch already exist
2026-02-09 02:53:50,044 - ADV_Generation_eps_1.0_steps_100 - INFO - Batch 2678/3783: Clean accuracy 0.7229 | Adv accuracy: 0.0000 
2026-02-09 02:53:50,045 - ADV_Generation_eps_1.0_steps_100 - INFO - Batch:[2678] Adversarial images for this batch already exist
2026-02-09 02:53:50,180 - ADV_Generation_eps_1.0_steps_100 - INFO - Batch 2679/3783: Clean accuracy 0.7230 | Adv accuracy: 0.0000 
2026-02-09 02:53:50,181 - ADV_Generation_eps_1.0_steps_100 - INFO - Batch:[2679] Adversarial images for this batch already exist
2026-02-09 02:53:50,331 - ADV_Generation_eps_1.0_steps_100 - INFO - Batch 2680/3783: Clean accuracy 0.7231 | Adv accuracy: 0.0000 
2026-02-09 02:53:50,332 - ADV_Generation_eps_1.0_steps_100 - INFO - Batch:[2680] Adversarial images for this batch already exist
2026-02-09 02:53:50,505 - ADV_Generation_eps_1.0_steps_100 - INFO - Batch 2681/3783: Clean accuracy 0.7232 | Adv accuracy: 0.0000 
2026-02-09 02:53:50,506 - ADV_Generation_eps_1.0_steps_100 - INFO - Batch:[2681] Adversarial images for this batch already exist
2026-02-09 02:53:50,645 - ADV_Generation_eps_1.0_steps_100 - INFO - Batch 2682/3783: Clean accuracy 0.7233 | Adv accuracy: 0.0000 
2026-02-09 02:53:50,646 - ADV_Generation_eps_1.0_steps_100 - INFO - Batch:[2682] Adversarial images for this batch already exist
2026-02-09 02:53:50,810 - ADV_Generation_eps_1.0_steps_100 - INFO - Batch 2683/3783: Clean accuracy 0.7234 | Adv accuracy: 0.0000 
2026-02-09 02:53:50,811 - ADV_Generation_eps_1.0_steps_100 - INFO - Batch:[2683] Adversarial images for this batch already exist
2026-02-09 02:53:50,955 - ADV_Generation_eps_1.0_steps_100 - INFO - Batch 2684/3783: Clean accuracy 0.7235 | Adv accuracy: 0.0000 
2026-02-09 02:53:50,956 - ADV_Generation_eps_1.0_steps_100 - INFO - Batch:[2684] Adversarial images for this batch already exist
2026-02-09 02:53:51,096 - ADV_Generation_eps_1.0_steps_100 - INFO - Batch 2685/3783: Clean accuracy 0.7233 | Adv accuracy: 0.0000 
2026-02-09 02:53:51,097 - ADV_Generation_eps_1.0_steps_100 - INFO - Batch:[2685] Adversarial images for this batch already exist
2026-02-09 02:53:51,259 - ADV_Generation_eps_1.0_steps_100 - INFO - Batch 2686/3783: Clean accuracy 0.7234 | Adv accuracy: 0.0000 
2026-02-09 02:53:51,260 - ADV_Generation_eps_1.0_steps_100 - INFO - Batch:[2686] Adversarial images for this batch already exist
2026-02-09 02:53:51,397 - ADV_Generation_eps_1.0_steps_100 - INFO - Batch 2687/3783: Clean accuracy 0.7231 | Adv accuracy: 0.0000 
2026-02-09 02:53:51,398 - ADV_Generation_eps_1.0_steps_100 - INFO - Batch:[2687] Adversarial images for this batch already exist
2026-02-09 02:53:51,541 - ADV_Generation_eps_1.0_steps_100 - INFO - Batch 2688/3783: Clean accuracy 0.7228 | Adv accuracy: 0.0000 
2026-02-09 02:53:51,542 - ADV_Generation_eps_1.0_steps_100 - INFO - Batch:[2688] Adversarial images for this batch already exist
2026-02-09 02:53:51,704 - ADV_Generation_eps_1.0_steps_100 - INFO - Batch 2689/3783: Clean accuracy 0.7226 | Adv accuracy: 0.0000 
2026-02-09 02:53:51,706 - ADV_Generation_eps_1.0_steps_100 - INFO - Batch:[2689] Adversarial images for this batch already exist
2026-02-09 02:53:51,842 - ADV_Generation_eps_1.0_steps_100 - INFO - Batch 2690/3783: Clean accuracy 0.7223 | Adv accuracy: 0.0000 
2026-02-09 02:53:51,843 - ADV_Generation_eps_1.0_steps_100 - INFO - Batch:[2690] Adversarial images for this batch already exist
2026-02-09 02:53:51,980 - ADV_Generation_eps_1.0_steps_100 - INFO - Batch 2691/3783: Clean accuracy 0.7220 | Adv accuracy: 0.0000 
2026-02-09 02:53:51,981 - ADV_Generation_eps_1.0_steps_100 - INFO - Batch:[2691] Adversarial images for this batch already exist
2026-02-09 02:53:52,121 - ADV_Generation_eps_1.0_steps_100 - INFO - Batch 2692/3783: Clean accuracy 0.7218 | Adv accuracy: 0.0000 
2026-02-09 02:53:52,122 - ADV_Generation_eps_1.0_steps_100 - INFO - Batch:[2692] Adversarial images for this batch already exist
2026-02-09 02:53:52,263 - ADV_Generation_eps_1.0_steps_100 - INFO - Batch 2693/3783: Clean accuracy 0.7215 | Adv accuracy: 0.0000 
2026-02-09 02:53:52,264 - ADV_Generation_eps_1.0_steps_100 - INFO - Batch:[2693] Adversarial images for this batch already exist
2026-02-09 02:53:52,404 - ADV_Generation_eps_1.0_steps_100 - INFO - Batch 2694/3783: Clean accuracy 0.7212 | Adv accuracy: 0.0000 
2026-02-09 02:53:52,406 - ADV_Generation_eps_1.0_steps_100 - INFO - Batch:[2694] Adversarial images for this batch already exist
2026-02-09 02:53:52,548 - ADV_Generation_eps_1.0_steps_100 - INFO - Batch 2695/3783: Clean accuracy 0.7210 | Adv accuracy: 0.0000 
2026-02-09 02:53:52,548 - ADV_Generation_eps_1.0_steps_100 - INFO - Batch:[2695] Adversarial images for this batch already exist
2026-02-09 02:53:52,690 - ADV_Generation_eps_1.0_steps_100 - INFO - Batch 2696/3783: Clean accuracy 0.7207 | Adv accuracy: 0.0000 
2026-02-09 02:53:52,691 - ADV_Generation_eps_1.0_steps_100 - INFO - Batch:[2696] Adversarial images for this batch already exist
2026-02-09 02:53:52,832 - ADV_Generation_eps_1.0_steps_100 - INFO - Batch 2697/3783: Clean accuracy 0.7204 | Adv accuracy: 0.0000 
2026-02-09 02:53:52,833 - ADV_Generation_eps_1.0_steps_100 - INFO - Batch:[2697] Adversarial images for this batch already exist
2026-02-09 02:53:52,996 - ADV_Generation_eps_1.0_steps_100 - INFO - Batch 2698/3783: Clean accuracy 0.7202 | Adv accuracy: 0.0000 
2026-02-09 02:53:52,997 - ADV_Generation_eps_1.0_steps_100 - INFO - Batch:[2698] Adversarial images for this batch already exist
2026-02-09 02:53:53,130 - ADV_Generation_eps_1.0_steps_100 - INFO - Batch 2699/3783: Clean accuracy 0.7199 | Adv accuracy: 0.0000 
2026-02-09 02:53:53,131 - ADV_Generation_eps_1.0_steps_100 - INFO - Batch:[2699] Adversarial images for this batch already exist
2026-02-09 02:53:53,268 - ADV_Generation_eps_1.0_steps_100 - INFO - Batch 2700/3783: Clean accuracy 0.7196 | Adv accuracy: 0.0000 
2026-02-09 02:53:53,269 - ADV_Generation_eps_1.0_steps_100 - INFO - Batch:[2700] Adversarial images for this batch already exist
2026-02-09 02:53:53,419 - ADV_Generation_eps_1.0_steps_100 - INFO - Batch 2701/3783: Clean accuracy 0.7194 | Adv accuracy: 0.0000 
2026-02-09 02:53:53,420 - ADV_Generation_eps_1.0_steps_100 - INFO - Batch:[2701] Adversarial images for this batch already exist
2026-02-09 02:53:53,557 - ADV_Generation_eps_1.0_steps_100 - INFO - Batch 2702/3783: Clean accuracy 0.7191 | Adv accuracy: 0.0000 
2026-02-09 02:53:53,558 - ADV_Generation_eps_1.0_steps_100 - INFO - Batch:[2702] Adversarial images for this batch already exist
2026-02-09 02:53:53,692 - ADV_Generation_eps_1.0_steps_100 - INFO - Batch 2703/3783: Clean accuracy 0.7188 | Adv accuracy: 0.0000 
2026-02-09 02:53:53,693 - ADV_Generation_eps_1.0_steps_100 - INFO - Batch:[2703] Adversarial images for this batch already exist
2026-02-09 02:53:53,848 - ADV_Generation_eps_1.0_steps_100 - INFO - Batch 2704/3783: Clean accuracy 0.7186 | Adv accuracy: 0.0000 
2026-02-09 02:53:53,849 - ADV_Generation_eps_1.0_steps_100 - INFO - Batch:[2704] Adversarial images for this batch already exist
2026-02-09 02:53:54,011 - ADV_Generation_eps_1.0_steps_100 - INFO - Batch 2705/3783: Clean accuracy 0.7183 | Adv accuracy: 0.0000 
2026-02-09 02:53:54,012 - ADV_Generation_eps_1.0_steps_100 - INFO - Batch:[2705] Adversarial images for this batch already exist
2026-02-09 02:53:54,156 - ADV_Generation_eps_1.0_steps_100 - INFO - Batch 2706/3783: Clean accuracy 0.7180 | Adv accuracy: 0.0000 
2026-02-09 02:53:54,157 - ADV_Generation_eps_1.0_steps_100 - INFO - Batch:[2706] Adversarial images for this batch already exist
2026-02-09 02:53:54,301 - ADV_Generation_eps_1.0_steps_100 - INFO - Batch 2707/3783: Clean accuracy 0.7178 | Adv accuracy: 0.0000 
2026-02-09 02:53:54,302 - ADV_Generation_eps_1.0_steps_100 - INFO - Batch:[2707] Adversarial images for this batch already exist
2026-02-09 02:53:54,439 - ADV_Generation_eps_1.0_steps_100 - INFO - Batch 2708/3783: Clean accuracy 0.7175 | Adv accuracy: 0.0000 
2026-02-09 02:53:54,440 - ADV_Generation_eps_1.0_steps_100 - INFO - Batch:[2708] Adversarial images for this batch already exist
2026-02-09 02:53:54,576 - ADV_Generation_eps_1.0_steps_100 - INFO - Batch 2709/3783: Clean accuracy 0.7172 | Adv accuracy: 0.0000 
2026-02-09 02:53:54,577 - ADV_Generation_eps_1.0_steps_100 - INFO - Batch:[2709] Adversarial images for this batch already exist
2026-02-09 02:53:54,722 - ADV_Generation_eps_1.0_steps_100 - INFO - Batch 2710/3783: Clean accuracy 0.7170 | Adv accuracy: 0.0000 
2026-02-09 02:53:54,724 - ADV_Generation_eps_1.0_steps_100 - INFO - Batch:[2710] Adversarial images for this batch already exist
2026-02-09 02:53:54,861 - ADV_Generation_eps_1.0_steps_100 - INFO - Batch 2711/3783: Clean accuracy 0.7167 | Adv accuracy: 0.0000 
2026-02-09 02:53:54,862 - ADV_Generation_eps_1.0_steps_100 - INFO - Batch:[2711] Adversarial images for this batch already exist
2026-02-09 02:53:55,012 - ADV_Generation_eps_1.0_steps_100 - INFO - Batch 2712/3783: Clean accuracy 0.7164 | Adv accuracy: 0.0000 
2026-02-09 02:53:55,013 - ADV_Generation_eps_1.0_steps_100 - INFO - Batch:[2712] Adversarial images for this batch already exist
2026-02-09 02:53:55,149 - ADV_Generation_eps_1.0_steps_100 - INFO - Batch 2713/3783: Clean accuracy 0.7162 | Adv accuracy: 0.0000 
2026-02-09 02:53:55,150 - ADV_Generation_eps_1.0_steps_100 - INFO - Batch:[2713] Adversarial images for this batch already exist
2026-02-09 02:53:55,350 - ADV_Generation_eps_1.0_steps_100 - INFO - Batch 2714/3783: Clean accuracy 0.7159 | Adv accuracy: 0.0000 
2026-02-09 02:53:55,351 - ADV_Generation_eps_1.0_steps_100 - INFO - Batch:[2714] Adversarial images for this batch already exist
2026-02-09 02:53:55,499 - ADV_Generation_eps_1.0_steps_100 - INFO - Batch 2715/3783: Clean accuracy 0.7157 | Adv accuracy: 0.0000 
2026-02-09 02:53:55,500 - ADV_Generation_eps_1.0_steps_100 - INFO - Batch:[2715] Adversarial images for this batch already exist
2026-02-09 02:53:55,644 - ADV_Generation_eps_1.0_steps_100 - INFO - Batch 2716/3783: Clean accuracy 0.7154 | Adv accuracy: 0.0000 
2026-02-09 02:53:55,645 - ADV_Generation_eps_1.0_steps_100 - INFO - Batch:[2716] Adversarial images for this batch already exist
2026-02-09 02:53:55,784 - ADV_Generation_eps_1.0_steps_100 - INFO - Batch 2717/3783: Clean accuracy 0.7155 | Adv accuracy: 0.0000 
2026-02-09 02:53:55,785 - ADV_Generation_eps_1.0_steps_100 - INFO - Batch:[2717] Adversarial images for this batch already exist
2026-02-09 02:53:55,929 - ADV_Generation_eps_1.0_steps_100 - INFO - Batch 2718/3783: Clean accuracy 0.7156 | Adv accuracy: 0.0000 
2026-02-09 02:53:55,930 - ADV_Generation_eps_1.0_steps_100 - INFO - Batch:[2718] Adversarial images for this batch already exist
2026-02-09 02:53:56,064 - ADV_Generation_eps_1.0_steps_100 - INFO - Batch 2719/3783: Clean accuracy 0.7157 | Adv accuracy: 0.0000 
2026-02-09 02:53:56,066 - ADV_Generation_eps_1.0_steps_100 - INFO - Batch:[2719] Adversarial images for this batch already exist
2026-02-09 02:53:56,207 - ADV_Generation_eps_1.0_steps_100 - INFO - Batch 2720/3783: Clean accuracy 0.7158 | Adv accuracy: 0.0000 
2026-02-09 02:53:56,208 - ADV_Generation_eps_1.0_steps_100 - INFO - Batch:[2720] Adversarial images for this batch already exist
2026-02-09 02:53:56,346 - ADV_Generation_eps_1.0_steps_100 - INFO - Batch 2721/3783: Clean accuracy 0.7159 | Adv accuracy: 0.0000 
2026-02-09 02:53:56,347 - ADV_Generation_eps_1.0_steps_100 - INFO - Batch:[2721] Adversarial images for this batch already exist
2026-02-09 02:53:56,486 - ADV_Generation_eps_1.0_steps_100 - INFO - Batch 2722/3783: Clean accuracy 0.7157 | Adv accuracy: 0.0000 
2026-02-09 02:53:56,488 - ADV_Generation_eps_1.0_steps_100 - INFO - Batch:[2722] Adversarial images for this batch already exist
2026-02-09 02:53:56,663 - ADV_Generation_eps_1.0_steps_100 - INFO - Batch 2723/3783: Clean accuracy 0.7158 | Adv accuracy: 0.0000 
2026-02-09 02:53:56,664 - ADV_Generation_eps_1.0_steps_100 - INFO - Batch:[2723] Adversarial images for this batch already exist
2026-02-09 02:53:56,802 - ADV_Generation_eps_1.0_steps_100 - INFO - Batch 2724/3783: Clean accuracy 0.7159 | Adv accuracy: 0.0000 
2026-02-09 02:53:56,803 - ADV_Generation_eps_1.0_steps_100 - INFO - Batch:[2724] Adversarial images for this batch already exist
2026-02-09 02:53:56,985 - ADV_Generation_eps_1.0_steps_100 - INFO - Batch 2725/3783: Clean accuracy 0.7160 | Adv accuracy: 0.0000 
2026-02-09 02:53:56,986 - ADV_Generation_eps_1.0_steps_100 - INFO - Batch:[2725] Adversarial images for this batch already exist
2026-02-09 02:53:57,123 - ADV_Generation_eps_1.0_steps_100 - INFO - Batch 2726/3783: Clean accuracy 0.7161 | Adv accuracy: 0.0000 
2026-02-09 02:53:57,123 - ADV_Generation_eps_1.0_steps_100 - INFO - Batch:[2726] Adversarial images for this batch already exist
2026-02-09 02:53:57,260 - ADV_Generation_eps_1.0_steps_100 - INFO - Batch 2727/3783: Clean accuracy 0.7162 | Adv accuracy: 0.0000 
2026-02-09 02:53:57,261 - ADV_Generation_eps_1.0_steps_100 - INFO - Batch:[2727] Adversarial images for this batch already exist
2026-02-09 02:53:57,402 - ADV_Generation_eps_1.0_steps_100 - INFO - Batch 2728/3783: Clean accuracy 0.7159 | Adv accuracy: 0.0000 
2026-02-09 02:53:57,403 - ADV_Generation_eps_1.0_steps_100 - INFO - Batch:[2728] Adversarial images for this batch already exist
2026-02-09 02:53:57,540 - ADV_Generation_eps_1.0_steps_100 - INFO - Batch 2729/3783: Clean accuracy 0.7160 | Adv accuracy: 0.0000 
2026-02-09 02:53:57,541 - ADV_Generation_eps_1.0_steps_100 - INFO - Batch:[2729] Adversarial images for this batch already exist
2026-02-09 02:53:57,677 - ADV_Generation_eps_1.0_steps_100 - INFO - Batch 2730/3783: Clean accuracy 0.7161 | Adv accuracy: 0.0000 
2026-02-09 02:53:57,677 - ADV_Generation_eps_1.0_steps_100 - INFO - Batch:[2730] Adversarial images for this batch already exist
2026-02-09 02:53:57,814 - ADV_Generation_eps_1.0_steps_100 - INFO - Batch 2731/3783: Clean accuracy 0.7162 | Adv accuracy: 0.0000 
2026-02-09 02:53:57,815 - ADV_Generation_eps_1.0_steps_100 - INFO - Batch:[2731] Adversarial images for this batch already exist
2026-02-09 02:53:57,950 - ADV_Generation_eps_1.0_steps_100 - INFO - Batch 2732/3783: Clean accuracy 0.7163 | Adv accuracy: 0.0000 
2026-02-09 02:53:57,951 - ADV_Generation_eps_1.0_steps_100 - INFO - Batch:[2732] Adversarial images for this batch already exist
2026-02-09 02:53:58,084 - ADV_Generation_eps_1.0_steps_100 - INFO - Batch 2733/3783: Clean accuracy 0.7164 | Adv accuracy: 0.0000 
2026-02-09 02:53:58,085 - ADV_Generation_eps_1.0_steps_100 - INFO - Batch:[2733] Adversarial images for this batch already exist
2026-02-09 02:53:58,228 - ADV_Generation_eps_1.0_steps_100 - INFO - Batch 2734/3783: Clean accuracy 0.7165 | Adv accuracy: 0.0000 
2026-02-09 02:53:58,229 - ADV_Generation_eps_1.0_steps_100 - INFO - Batch:[2734] Adversarial images for this batch already exist
2026-02-09 02:53:58,369 - ADV_Generation_eps_1.0_steps_100 - INFO - Batch 2735/3783: Clean accuracy 0.7166 | Adv accuracy: 0.0000 
2026-02-09 02:53:58,370 - ADV_Generation_eps_1.0_steps_100 - INFO - Batch:[2735] Adversarial images for this batch already exist
2026-02-09 02:53:58,513 - ADV_Generation_eps_1.0_steps_100 - INFO - Batch 2736/3783: Clean accuracy 0.7167 | Adv accuracy: 0.0000 
2026-02-09 02:53:58,514 - ADV_Generation_eps_1.0_steps_100 - INFO - Batch:[2736] Adversarial images for this batch already exist
2026-02-09 02:53:58,734 - ADV_Generation_eps_1.0_steps_100 - INFO - Batch 2737/3783: Clean accuracy 0.7168 | Adv accuracy: 0.0000 
2026-02-09 02:53:58,735 - ADV_Generation_eps_1.0_steps_100 - INFO - Batch:[2737] Adversarial images for this batch already exist
2026-02-09 02:53:58,874 - ADV_Generation_eps_1.0_steps_100 - INFO - Batch 2738/3783: Clean accuracy 0.7169 | Adv accuracy: 0.0000 
2026-02-09 02:53:58,875 - ADV_Generation_eps_1.0_steps_100 - INFO - Batch:[2738] Adversarial images for this batch already exist
2026-02-09 02:53:59,011 - ADV_Generation_eps_1.0_steps_100 - INFO - Batch 2739/3783: Clean accuracy 0.7171 | Adv accuracy: 0.0000 
2026-02-09 02:53:59,012 - ADV_Generation_eps_1.0_steps_100 - INFO - Batch:[2739] Adversarial images for this batch already exist
2026-02-09 02:53:59,176 - ADV_Generation_eps_1.0_steps_100 - INFO - Batch 2740/3783: Clean accuracy 0.7172 | Adv accuracy: 0.0000 
2026-02-09 02:53:59,177 - ADV_Generation_eps_1.0_steps_100 - INFO - Batch:[2740] Adversarial images for this batch already exist
2026-02-09 02:53:59,312 - ADV_Generation_eps_1.0_steps_100 - INFO - Batch 2741/3783: Clean accuracy 0.7173 | Adv accuracy: 0.0000 
2026-02-09 02:53:59,313 - ADV_Generation_eps_1.0_steps_100 - INFO - Batch:[2741] Adversarial images for this batch already exist
2026-02-09 02:53:59,459 - ADV_Generation_eps_1.0_steps_100 - INFO - Batch 2742/3783: Clean accuracy 0.7174 | Adv accuracy: 0.0000 
2026-02-09 02:53:59,460 - ADV_Generation_eps_1.0_steps_100 - INFO - Batch:[2742] Adversarial images for this batch already exist
2026-02-09 02:53:59,597 - ADV_Generation_eps_1.0_steps_100 - INFO - Batch 2743/3783: Clean accuracy 0.7175 | Adv accuracy: 0.0000 
2026-02-09 02:53:59,598 - ADV_Generation_eps_1.0_steps_100 - INFO - Batch:[2743] Adversarial images for this batch already exist
2026-02-09 02:53:59,817 - ADV_Generation_eps_1.0_steps_100 - INFO - Batch 2744/3783: Clean accuracy 0.7176 | Adv accuracy: 0.0000 
2026-02-09 02:53:59,818 - ADV_Generation_eps_1.0_steps_100 - INFO - Batch:[2744] Adversarial images for this batch already exist
2026-02-09 02:53:59,973 - ADV_Generation_eps_1.0_steps_100 - INFO - Batch 2745/3783: Clean accuracy 0.7177 | Adv accuracy: 0.0000 
2026-02-09 02:53:59,973 - ADV_Generation_eps_1.0_steps_100 - INFO - Batch:[2745] Adversarial images for this batch already exist
2026-02-09 02:54:00,111 - ADV_Generation_eps_1.0_steps_100 - INFO - Batch 2746/3783: Clean accuracy 0.7174 | Adv accuracy: 0.0000 
2026-02-09 02:54:00,112 - ADV_Generation_eps_1.0_steps_100 - INFO - Batch:[2746] Adversarial images for this batch already exist
2026-02-09 02:54:00,259 - ADV_Generation_eps_1.0_steps_100 - INFO - Batch 2747/3783: Clean accuracy 0.7171 | Adv accuracy: 0.0000 
2026-02-09 02:54:00,260 - ADV_Generation_eps_1.0_steps_100 - INFO - Batch:[2747] Adversarial images for this batch already exist
2026-02-09 02:54:00,405 - ADV_Generation_eps_1.0_steps_100 - INFO - Batch 2748/3783: Clean accuracy 0.7169 | Adv accuracy: 0.0000 
2026-02-09 02:54:00,406 - ADV_Generation_eps_1.0_steps_100 - INFO - Batch:[2748] Adversarial images for this batch already exist
2026-02-09 02:54:00,574 - ADV_Generation_eps_1.0_steps_100 - INFO - Batch 2749/3783: Clean accuracy 0.7170 | Adv accuracy: 0.0000 
2026-02-09 02:54:00,578 - ADV_Generation_eps_1.0_steps_100 - INFO - Batch:[2749] Adversarial images for this batch already exist
2026-02-09 02:54:00,718 - ADV_Generation_eps_1.0_steps_100 - INFO - Batch 2750/3783: Clean accuracy 0.7167 | Adv accuracy: 0.0000 
2026-02-09 02:54:00,719 - ADV_Generation_eps_1.0_steps_100 - INFO - Batch:[2750] Adversarial images for this batch already exist
2026-02-09 02:54:00,857 - ADV_Generation_eps_1.0_steps_100 - INFO - Batch 2751/3783: Clean accuracy 0.7168 | Adv accuracy: 0.0000 
2026-02-09 02:54:00,857 - ADV_Generation_eps_1.0_steps_100 - INFO - Batch:[2751] Adversarial images for this batch already exist
2026-02-09 02:54:00,999 - ADV_Generation_eps_1.0_steps_100 - INFO - Batch 2752/3783: Clean accuracy 0.7169 | Adv accuracy: 0.0000 
2026-02-09 02:54:01,000 - ADV_Generation_eps_1.0_steps_100 - INFO - Batch:[2752] Adversarial images for this batch already exist
2026-02-09 02:54:01,144 - ADV_Generation_eps_1.0_steps_100 - INFO - Batch 2753/3783: Clean accuracy 0.7170 | Adv accuracy: 0.0000 
2026-02-09 02:54:01,145 - ADV_Generation_eps_1.0_steps_100 - INFO - Batch:[2753] Adversarial images for this batch already exist
2026-02-09 02:54:01,287 - ADV_Generation_eps_1.0_steps_100 - INFO - Batch 2754/3783: Clean accuracy 0.7171 | Adv accuracy: 0.0000 
2026-02-09 02:54:01,288 - ADV_Generation_eps_1.0_steps_100 - INFO - Batch:[2754] Adversarial images for this batch already exist
2026-02-09 02:54:01,434 - ADV_Generation_eps_1.0_steps_100 - INFO - Batch 2755/3783: Clean accuracy 0.7172 | Adv accuracy: 0.0000 
2026-02-09 02:54:01,435 - ADV_Generation_eps_1.0_steps_100 - INFO - Batch:[2755] Adversarial images for this batch already exist
2026-02-09 02:54:01,572 - ADV_Generation_eps_1.0_steps_100 - INFO - Batch 2756/3783: Clean accuracy 0.7173 | Adv accuracy: 0.0000 
2026-02-09 02:54:01,573 - ADV_Generation_eps_1.0_steps_100 - INFO - Batch:[2756] Adversarial images for this batch already exist
2026-02-09 02:54:01,712 - ADV_Generation_eps_1.0_steps_100 - INFO - Batch 2757/3783: Clean accuracy 0.7174 | Adv accuracy: 0.0000 
2026-02-09 02:54:01,712 - ADV_Generation_eps_1.0_steps_100 - INFO - Batch:[2757] Adversarial images for this batch already exist
2026-02-09 02:54:01,851 - ADV_Generation_eps_1.0_steps_100 - INFO - Batch 2758/3783: Clean accuracy 0.7175 | Adv accuracy: 0.0000 
2026-02-09 02:54:01,852 - ADV_Generation_eps_1.0_steps_100 - INFO - Batch:[2758] Adversarial images for this batch already exist
2026-02-09 02:54:01,987 - ADV_Generation_eps_1.0_steps_100 - INFO - Batch 2759/3783: Clean accuracy 0.7177 | Adv accuracy: 0.0000 
2026-02-09 02:54:01,989 - ADV_Generation_eps_1.0_steps_100 - INFO - Batch:[2759] Adversarial images for this batch already exist
2026-02-09 02:54:02,125 - ADV_Generation_eps_1.0_steps_100 - INFO - Batch 2760/3783: Clean accuracy 0.7178 | Adv accuracy: 0.0000 
2026-02-09 02:54:02,126 - ADV_Generation_eps_1.0_steps_100 - INFO - Batch:[2760] Adversarial images for this batch already exist
2026-02-09 02:54:02,263 - ADV_Generation_eps_1.0_steps_100 - INFO - Batch 2761/3783: Clean accuracy 0.7179 | Adv accuracy: 0.0000 
2026-02-09 02:54:02,264 - ADV_Generation_eps_1.0_steps_100 - INFO - Batch:[2761] Adversarial images for this batch already exist
2026-02-09 02:54:02,402 - ADV_Generation_eps_1.0_steps_100 - INFO - Batch 2762/3783: Clean accuracy 0.7180 | Adv accuracy: 0.0000 
2026-02-09 02:54:02,402 - ADV_Generation_eps_1.0_steps_100 - INFO - Batch:[2762] Adversarial images for this batch already exist
2026-02-09 02:54:02,544 - ADV_Generation_eps_1.0_steps_100 - INFO - Batch 2763/3783: Clean accuracy 0.7181 | Adv accuracy: 0.0000 
2026-02-09 02:54:02,545 - ADV_Generation_eps_1.0_steps_100 - INFO - Batch:[2763] Adversarial images for this batch already exist
2026-02-09 02:54:02,685 - ADV_Generation_eps_1.0_steps_100 - INFO - Batch 2764/3783: Clean accuracy 0.7182 | Adv accuracy: 0.0000 
2026-02-09 02:54:02,686 - ADV_Generation_eps_1.0_steps_100 - INFO - Batch:[2764] Adversarial images for this batch already exist
2026-02-09 02:54:02,832 - ADV_Generation_eps_1.0_steps_100 - INFO - Batch 2765/3783: Clean accuracy 0.7183 | Adv accuracy: 0.0000 
2026-02-09 02:54:02,833 - ADV_Generation_eps_1.0_steps_100 - INFO - Batch:[2765] Adversarial images for this batch already exist
2026-02-09 02:54:02,969 - ADV_Generation_eps_1.0_steps_100 - INFO - Batch 2766/3783: Clean accuracy 0.7184 | Adv accuracy: 0.0000 
2026-02-09 02:54:02,970 - ADV_Generation_eps_1.0_steps_100 - INFO - Batch:[2766] Adversarial images for this batch already exist
2026-02-09 02:54:03,156 - ADV_Generation_eps_1.0_steps_100 - INFO - Batch 2767/3783: Clean accuracy 0.7185 | Adv accuracy: 0.0000 
2026-02-09 02:54:03,157 - ADV_Generation_eps_1.0_steps_100 - INFO - Batch:[2767] Adversarial images for this batch already exist
2026-02-09 02:54:03,316 - ADV_Generation_eps_1.0_steps_100 - INFO - Batch 2768/3783: Clean accuracy 0.7186 | Adv accuracy: 0.0000 
2026-02-09 02:54:03,317 - ADV_Generation_eps_1.0_steps_100 - INFO - Batch:[2768] Adversarial images for this batch already exist
2026-02-09 02:54:03,482 - ADV_Generation_eps_1.0_steps_100 - INFO - Batch 2769/3783: Clean accuracy 0.7187 | Adv accuracy: 0.0000 
2026-02-09 02:54:03,483 - ADV_Generation_eps_1.0_steps_100 - INFO - Batch:[2769] Adversarial images for this batch already exist
2026-02-09 02:54:03,623 - ADV_Generation_eps_1.0_steps_100 - INFO - Batch 2770/3783: Clean accuracy 0.7188 | Adv accuracy: 0.0000 
2026-02-09 02:54:03,624 - ADV_Generation_eps_1.0_steps_100 - INFO - Batch:[2770] Adversarial images for this batch already exist
2026-02-09 02:54:03,759 - ADV_Generation_eps_1.0_steps_100 - INFO - Batch 2771/3783: Clean accuracy 0.7189 | Adv accuracy: 0.0000 
2026-02-09 02:54:03,760 - ADV_Generation_eps_1.0_steps_100 - INFO - Batch:[2771] Adversarial images for this batch already exist
2026-02-09 02:54:03,900 - ADV_Generation_eps_1.0_steps_100 - INFO - Batch 2772/3783: Clean accuracy 0.7190 | Adv accuracy: 0.0000 
2026-02-09 02:54:03,901 - ADV_Generation_eps_1.0_steps_100 - INFO - Batch:[2772] Adversarial images for this batch already exist
2026-02-09 02:54:04,065 - ADV_Generation_eps_1.0_steps_100 - INFO - Batch 2773/3783: Clean accuracy 0.7191 | Adv accuracy: 0.0000 
2026-02-09 02:54:04,067 - ADV_Generation_eps_1.0_steps_100 - INFO - Batch:[2773] Adversarial images for this batch already exist
2026-02-09 02:54:04,205 - ADV_Generation_eps_1.0_steps_100 - INFO - Batch 2774/3783: Clean accuracy 0.7192 | Adv accuracy: 0.0000 
2026-02-09 02:54:04,206 - ADV_Generation_eps_1.0_steps_100 - INFO - Batch:[2774] Adversarial images for this batch already exist
2026-02-09 02:54:04,369 - ADV_Generation_eps_1.0_steps_100 - INFO - Batch 2775/3783: Clean accuracy 0.7193 | Adv accuracy: 0.0000 
2026-02-09 02:54:04,370 - ADV_Generation_eps_1.0_steps_100 - INFO - Batch:[2775] Adversarial images for this batch already exist
2026-02-09 02:54:04,524 - ADV_Generation_eps_1.0_steps_100 - INFO - Batch 2776/3783: Clean accuracy 0.7194 | Adv accuracy: 0.0000 
2026-02-09 02:54:04,525 - ADV_Generation_eps_1.0_steps_100 - INFO - Batch:[2776] Adversarial images for this batch already exist
2026-02-09 02:54:04,667 - ADV_Generation_eps_1.0_steps_100 - INFO - Batch 2777/3783: Clean accuracy 0.7195 | Adv accuracy: 0.0000 
2026-02-09 02:54:04,668 - ADV_Generation_eps_1.0_steps_100 - INFO - Batch:[2777] Adversarial images for this batch already exist
2026-02-09 02:54:04,808 - ADV_Generation_eps_1.0_steps_100 - INFO - Batch 2778/3783: Clean accuracy 0.7196 | Adv accuracy: 0.0000 
2026-02-09 02:54:04,810 - ADV_Generation_eps_1.0_steps_100 - INFO - Batch:[2778] Adversarial images for this batch already exist
2026-02-09 02:54:04,957 - ADV_Generation_eps_1.0_steps_100 - INFO - Batch 2779/3783: Clean accuracy 0.7197 | Adv accuracy: 0.0000 
2026-02-09 02:54:04,958 - ADV_Generation_eps_1.0_steps_100 - INFO - Batch:[2779] Adversarial images for this batch already exist
2026-02-09 02:54:05,098 - ADV_Generation_eps_1.0_steps_100 - INFO - Batch 2780/3783: Clean accuracy 0.7198 | Adv accuracy: 0.0000 
2026-02-09 02:54:05,099 - ADV_Generation_eps_1.0_steps_100 - INFO - Batch:[2780] Adversarial images for this batch already exist
2026-02-09 02:54:05,238 - ADV_Generation_eps_1.0_steps_100 - INFO - Batch 2781/3783: Clean accuracy 0.7199 | Adv accuracy: 0.0000 
2026-02-09 02:54:05,238 - ADV_Generation_eps_1.0_steps_100 - INFO - Batch:[2781] Adversarial images for this batch already exist
2026-02-09 02:54:05,379 - ADV_Generation_eps_1.0_steps_100 - INFO - Batch 2782/3783: Clean accuracy 0.7200 | Adv accuracy: 0.0000 
2026-02-09 02:54:05,380 - ADV_Generation_eps_1.0_steps_100 - INFO - Batch:[2782] Adversarial images for this batch already exist
2026-02-09 02:54:05,517 - ADV_Generation_eps_1.0_steps_100 - INFO - Batch 2783/3783: Clean accuracy 0.7201 | Adv accuracy: 0.0000 
2026-02-09 02:54:05,518 - ADV_Generation_eps_1.0_steps_100 - INFO - Batch:[2783] Adversarial images for this batch already exist
2026-02-09 02:54:05,655 - ADV_Generation_eps_1.0_steps_100 - INFO - Batch 2784/3783: Clean accuracy 0.7202 | Adv accuracy: 0.0000 
2026-02-09 02:54:05,656 - ADV_Generation_eps_1.0_steps_100 - INFO - Batch:[2784] Adversarial images for this batch already exist
2026-02-09 02:54:05,789 - ADV_Generation_eps_1.0_steps_100 - INFO - Batch 2785/3783: Clean accuracy 0.7203 | Adv accuracy: 0.0000 
2026-02-09 02:54:05,790 - ADV_Generation_eps_1.0_steps_100 - INFO - Batch:[2785] Adversarial images for this batch already exist
2026-02-09 02:54:05,932 - ADV_Generation_eps_1.0_steps_100 - INFO - Batch 2786/3783: Clean accuracy 0.7200 | Adv accuracy: 0.0000 
2026-02-09 02:54:05,934 - ADV_Generation_eps_1.0_steps_100 - INFO - Batch:[2786] Adversarial images for this batch already exist
2026-02-09 02:54:06,071 - ADV_Generation_eps_1.0_steps_100 - INFO - Batch 2787/3783: Clean accuracy 0.7201 | Adv accuracy: 0.0000 
2026-02-09 02:54:06,072 - ADV_Generation_eps_1.0_steps_100 - INFO - Batch:[2787] Adversarial images for this batch already exist
2026-02-09 02:54:06,211 - ADV_Generation_eps_1.0_steps_100 - INFO - Batch 2788/3783: Clean accuracy 0.7202 | Adv accuracy: 0.0000 
2026-02-09 02:54:06,212 - ADV_Generation_eps_1.0_steps_100 - INFO - Batch:[2788] Adversarial images for this batch already exist
2026-02-09 02:54:06,367 - ADV_Generation_eps_1.0_steps_100 - INFO - Batch 2789/3783: Clean accuracy 0.7200 | Adv accuracy: 0.0000 
2026-02-09 02:54:06,368 - ADV_Generation_eps_1.0_steps_100 - INFO - Batch:[2789] Adversarial images for this batch already exist
2026-02-09 02:54:06,509 - ADV_Generation_eps_1.0_steps_100 - INFO - Batch 2790/3783: Clean accuracy 0.7197 | Adv accuracy: 0.0000 
2026-02-09 02:54:06,510 - ADV_Generation_eps_1.0_steps_100 - INFO - Batch:[2790] Adversarial images for this batch already exist
2026-02-09 02:54:06,651 - ADV_Generation_eps_1.0_steps_100 - INFO - Batch 2791/3783: Clean accuracy 0.7198 | Adv accuracy: 0.0000 
2026-02-09 02:54:06,652 - ADV_Generation_eps_1.0_steps_100 - INFO - Batch:[2791] Adversarial images for this batch already exist
2026-02-09 02:54:06,794 - ADV_Generation_eps_1.0_steps_100 - INFO - Batch 2792/3783: Clean accuracy 0.7199 | Adv accuracy: 0.0000 
2026-02-09 02:54:06,795 - ADV_Generation_eps_1.0_steps_100 - INFO - Batch:[2792] Adversarial images for this batch already exist
2026-02-09 02:54:06,926 - ADV_Generation_eps_1.0_steps_100 - INFO - Batch 2793/3783: Clean accuracy 0.7197 | Adv accuracy: 0.0000 
2026-02-09 02:54:06,927 - ADV_Generation_eps_1.0_steps_100 - INFO - Batch:[2793] Adversarial images for this batch already exist
2026-02-09 02:54:07,073 - ADV_Generation_eps_1.0_steps_100 - INFO - Batch 2794/3783: Clean accuracy 0.7198 | Adv accuracy: 0.0000 
2026-02-09 02:54:07,074 - ADV_Generation_eps_1.0_steps_100 - INFO - Batch:[2794] Adversarial images for this batch already exist
2026-02-09 02:54:07,213 - ADV_Generation_eps_1.0_steps_100 - INFO - Batch 2795/3783: Clean accuracy 0.7199 | Adv accuracy: 0.0000 
2026-02-09 02:54:07,214 - ADV_Generation_eps_1.0_steps_100 - INFO - Batch:[2795] Adversarial images for this batch already exist
2026-02-09 02:54:07,355 - ADV_Generation_eps_1.0_steps_100 - INFO - Batch 2796/3783: Clean accuracy 0.7200 | Adv accuracy: 0.0000 
2026-02-09 02:54:07,356 - ADV_Generation_eps_1.0_steps_100 - INFO - Batch:[2796] Adversarial images for this batch already exist
2026-02-09 02:54:07,497 - ADV_Generation_eps_1.0_steps_100 - INFO - Batch 2797/3783: Clean accuracy 0.7197 | Adv accuracy: 0.0000 
2026-02-09 02:54:07,498 - ADV_Generation_eps_1.0_steps_100 - INFO - Batch:[2797] Adversarial images for this batch already exist
2026-02-09 02:54:07,643 - ADV_Generation_eps_1.0_steps_100 - INFO - Batch 2798/3783: Clean accuracy 0.7194 | Adv accuracy: 0.0000 
2026-02-09 02:54:07,644 - ADV_Generation_eps_1.0_steps_100 - INFO - Batch:[2798] Adversarial images for this batch already exist
2026-02-09 02:54:07,786 - ADV_Generation_eps_1.0_steps_100 - INFO - Batch 2799/3783: Clean accuracy 0.7195 | Adv accuracy: 0.0000 
2026-02-09 02:54:07,787 - ADV_Generation_eps_1.0_steps_100 - INFO - Batch:[2799] Adversarial images for this batch already exist
2026-02-09 02:54:07,924 - ADV_Generation_eps_1.0_steps_100 - INFO - Batch 2800/3783: Clean accuracy 0.7193 | Adv accuracy: 0.0000 
2026-02-09 02:54:07,926 - ADV_Generation_eps_1.0_steps_100 - INFO - Batch:[2800] Adversarial images for this batch already exist
2026-02-09 02:54:08,059 - ADV_Generation_eps_1.0_steps_100 - INFO - Batch 2801/3783: Clean accuracy 0.7190 | Adv accuracy: 0.0000 
2026-02-09 02:54:08,060 - ADV_Generation_eps_1.0_steps_100 - INFO - Batch:[2801] Adversarial images for this batch already exist
2026-02-09 02:54:08,204 - ADV_Generation_eps_1.0_steps_100 - INFO - Batch 2802/3783: Clean accuracy 0.7188 | Adv accuracy: 0.0000 
2026-02-09 02:54:08,205 - ADV_Generation_eps_1.0_steps_100 - INFO - Batch:[2802] Adversarial images for this batch already exist
2026-02-09 02:54:08,338 - ADV_Generation_eps_1.0_steps_100 - INFO - Batch 2803/3783: Clean accuracy 0.7185 | Adv accuracy: 0.0000 
2026-02-09 02:54:08,339 - ADV_Generation_eps_1.0_steps_100 - INFO - Batch:[2803] Adversarial images for this batch already exist
2026-02-09 02:54:08,479 - ADV_Generation_eps_1.0_steps_100 - INFO - Batch 2804/3783: Clean accuracy 0.7186 | Adv accuracy: 0.0000 
2026-02-09 02:54:08,480 - ADV_Generation_eps_1.0_steps_100 - INFO - Batch:[2804] Adversarial images for this batch already exist
2026-02-09 02:54:08,626 - ADV_Generation_eps_1.0_steps_100 - INFO - Batch 2805/3783: Clean accuracy 0.7184 | Adv accuracy: 0.0000 
2026-02-09 02:54:08,627 - ADV_Generation_eps_1.0_steps_100 - INFO - Batch:[2805] Adversarial images for this batch already exist
2026-02-09 02:54:08,767 - ADV_Generation_eps_1.0_steps_100 - INFO - Batch 2806/3783: Clean accuracy 0.7181 | Adv accuracy: 0.0000 
2026-02-09 02:54:08,768 - ADV_Generation_eps_1.0_steps_100 - INFO - Batch:[2806] Adversarial images for this batch already exist
2026-02-09 02:54:08,906 - ADV_Generation_eps_1.0_steps_100 - INFO - Batch 2807/3783: Clean accuracy 0.7178 | Adv accuracy: 0.0000 
2026-02-09 02:54:08,907 - ADV_Generation_eps_1.0_steps_100 - INFO - Batch:[2807] Adversarial images for this batch already exist
2026-02-09 02:54:09,043 - ADV_Generation_eps_1.0_steps_100 - INFO - Batch 2808/3783: Clean accuracy 0.7176 | Adv accuracy: 0.0000 
2026-02-09 02:54:09,044 - ADV_Generation_eps_1.0_steps_100 - INFO - Batch:[2808] Adversarial images for this batch already exist
2026-02-09 02:54:09,189 - ADV_Generation_eps_1.0_steps_100 - INFO - Batch 2809/3783: Clean accuracy 0.7173 | Adv accuracy: 0.0000 
2026-02-09 02:54:09,190 - ADV_Generation_eps_1.0_steps_100 - INFO - Batch:[2809] Adversarial images for this batch already exist
2026-02-09 02:54:09,333 - ADV_Generation_eps_1.0_steps_100 - INFO - Batch 2810/3783: Clean accuracy 0.7171 | Adv accuracy: 0.0000 
2026-02-09 02:54:09,334 - ADV_Generation_eps_1.0_steps_100 - INFO - Batch:[2810] Adversarial images for this batch already exist
2026-02-09 02:54:09,475 - ADV_Generation_eps_1.0_steps_100 - INFO - Batch 2811/3783: Clean accuracy 0.7172 | Adv accuracy: 0.0000 
2026-02-09 02:54:09,476 - ADV_Generation_eps_1.0_steps_100 - INFO - Batch:[2811] Adversarial images for this batch already exist
2026-02-09 02:54:09,616 - ADV_Generation_eps_1.0_steps_100 - INFO - Batch 2812/3783: Clean accuracy 0.7173 | Adv accuracy: 0.0000 
2026-02-09 02:54:09,617 - ADV_Generation_eps_1.0_steps_100 - INFO - Batch:[2812] Adversarial images for this batch already exist
2026-02-09 02:54:09,758 - ADV_Generation_eps_1.0_steps_100 - INFO - Batch 2813/3783: Clean accuracy 0.7174 | Adv accuracy: 0.0000 
2026-02-09 02:54:09,759 - ADV_Generation_eps_1.0_steps_100 - INFO - Batch:[2813] Adversarial images for this batch already exist
2026-02-09 02:54:09,899 - ADV_Generation_eps_1.0_steps_100 - INFO - Batch 2814/3783: Clean accuracy 0.7171 | Adv accuracy: 0.0000 
2026-02-09 02:54:09,900 - ADV_Generation_eps_1.0_steps_100 - INFO - Batch:[2814] Adversarial images for this batch already exist
2026-02-09 02:54:10,039 - ADV_Generation_eps_1.0_steps_100 - INFO - Batch 2815/3783: Clean accuracy 0.7169 | Adv accuracy: 0.0000 
2026-02-09 02:54:10,040 - ADV_Generation_eps_1.0_steps_100 - INFO - Batch:[2815] Adversarial images for this batch already exist
2026-02-09 02:54:10,181 - ADV_Generation_eps_1.0_steps_100 - INFO - Batch 2816/3783: Clean accuracy 0.7166 | Adv accuracy: 0.0000 
2026-02-09 02:54:10,182 - ADV_Generation_eps_1.0_steps_100 - INFO - Batch:[2816] Adversarial images for this batch already exist
2026-02-09 02:54:10,438 - ADV_Generation_eps_1.0_steps_100 - INFO - Batch 2817/3783: Clean accuracy 0.7164 | Adv accuracy: 0.0000 
2026-02-09 02:54:10,439 - ADV_Generation_eps_1.0_steps_100 - INFO - Batch:[2817] Adversarial images for this batch already exist
2026-02-09 02:54:10,580 - ADV_Generation_eps_1.0_steps_100 - INFO - Batch 2818/3783: Clean accuracy 0.7161 | Adv accuracy: 0.0000 
2026-02-09 02:54:10,581 - ADV_Generation_eps_1.0_steps_100 - INFO - Batch:[2818] Adversarial images for this batch already exist
2026-02-09 02:54:10,732 - ADV_Generation_eps_1.0_steps_100 - INFO - Batch 2819/3783: Clean accuracy 0.7159 | Adv accuracy: 0.0000 
2026-02-09 02:54:10,733 - ADV_Generation_eps_1.0_steps_100 - INFO - Batch:[2819] Adversarial images for this batch already exist
2026-02-09 02:54:10,873 - ADV_Generation_eps_1.0_steps_100 - INFO - Batch 2820/3783: Clean accuracy 0.7160 | Adv accuracy: 0.0000 
2026-02-09 02:54:10,874 - ADV_Generation_eps_1.0_steps_100 - INFO - Batch:[2820] Adversarial images for this batch already exist
2026-02-09 02:54:11,015 - ADV_Generation_eps_1.0_steps_100 - INFO - Batch 2821/3783: Clean accuracy 0.7161 | Adv accuracy: 0.0000 
2026-02-09 02:54:11,016 - ADV_Generation_eps_1.0_steps_100 - INFO - Batch:[2821] Adversarial images for this batch already exist
2026-02-09 02:54:11,157 - ADV_Generation_eps_1.0_steps_100 - INFO - Batch 2822/3783: Clean accuracy 0.7162 | Adv accuracy: 0.0000 
2026-02-09 02:54:11,158 - ADV_Generation_eps_1.0_steps_100 - INFO - Batch:[2822] Adversarial images for this batch already exist
2026-02-09 02:54:11,297 - ADV_Generation_eps_1.0_steps_100 - INFO - Batch 2823/3783: Clean accuracy 0.7163 | Adv accuracy: 0.0000 
2026-02-09 02:54:11,298 - ADV_Generation_eps_1.0_steps_100 - INFO - Batch:[2823] Adversarial images for this batch already exist
2026-02-09 02:54:11,458 - ADV_Generation_eps_1.0_steps_100 - INFO - Batch 2824/3783: Clean accuracy 0.7164 | Adv accuracy: 0.0000 
2026-02-09 02:54:11,459 - ADV_Generation_eps_1.0_steps_100 - INFO - Batch:[2824] Adversarial images for this batch already exist
2026-02-09 02:54:11,594 - ADV_Generation_eps_1.0_steps_100 - INFO - Batch 2825/3783: Clean accuracy 0.7165 | Adv accuracy: 0.0000 
2026-02-09 02:54:11,595 - ADV_Generation_eps_1.0_steps_100 - INFO - Batch:[2825] Adversarial images for this batch already exist
2026-02-09 02:54:11,733 - ADV_Generation_eps_1.0_steps_100 - INFO - Batch 2826/3783: Clean accuracy 0.7166 | Adv accuracy: 0.0000 
2026-02-09 02:54:11,734 - ADV_Generation_eps_1.0_steps_100 - INFO - Batch:[2826] Adversarial images for this batch already exist
2026-02-09 02:54:11,880 - ADV_Generation_eps_1.0_steps_100 - INFO - Batch 2827/3783: Clean accuracy 0.7167 | Adv accuracy: 0.0000 
2026-02-09 02:54:11,881 - ADV_Generation_eps_1.0_steps_100 - INFO - Batch:[2827] Adversarial images for this batch already exist
2026-02-09 02:54:12,021 - ADV_Generation_eps_1.0_steps_100 - INFO - Batch 2828/3783: Clean accuracy 0.7168 | Adv accuracy: 0.0000 
2026-02-09 02:54:12,022 - ADV_Generation_eps_1.0_steps_100 - INFO - Batch:[2828] Adversarial images for this batch already exist
2026-02-09 02:54:12,162 - ADV_Generation_eps_1.0_steps_100 - INFO - Batch 2829/3783: Clean accuracy 0.7169 | Adv accuracy: 0.0000 
2026-02-09 02:54:12,163 - ADV_Generation_eps_1.0_steps_100 - INFO - Batch:[2829] Adversarial images for this batch already exist
2026-02-09 02:54:12,311 - ADV_Generation_eps_1.0_steps_100 - INFO - Batch 2830/3783: Clean accuracy 0.7170 | Adv accuracy: 0.0000 
2026-02-09 02:54:12,312 - ADV_Generation_eps_1.0_steps_100 - INFO - Batch:[2830] Adversarial images for this batch already exist
2026-02-09 02:54:12,547 - ADV_Generation_eps_1.0_steps_100 - INFO - Batch 2831/3783: Clean accuracy 0.7171 | Adv accuracy: 0.0000 
2026-02-09 02:54:12,548 - ADV_Generation_eps_1.0_steps_100 - INFO - Batch:[2831] Adversarial images for this batch already exist
2026-02-09 02:54:12,691 - ADV_Generation_eps_1.0_steps_100 - INFO - Batch 2832/3783: Clean accuracy 0.7172 | Adv accuracy: 0.0000 
2026-02-09 02:54:12,692 - ADV_Generation_eps_1.0_steps_100 - INFO - Batch:[2832] Adversarial images for this batch already exist
2026-02-09 02:54:12,824 - ADV_Generation_eps_1.0_steps_100 - INFO - Batch 2833/3783: Clean accuracy 0.7173 | Adv accuracy: 0.0000 
2026-02-09 02:54:12,825 - ADV_Generation_eps_1.0_steps_100 - INFO - Batch:[2833] Adversarial images for this batch already exist
2026-02-09 02:54:12,958 - ADV_Generation_eps_1.0_steps_100 - INFO - Batch 2834/3783: Clean accuracy 0.7174 | Adv accuracy: 0.0000 
2026-02-09 02:54:12,959 - ADV_Generation_eps_1.0_steps_100 - INFO - Batch:[2834] Adversarial images for this batch already exist
2026-02-09 02:54:13,103 - ADV_Generation_eps_1.0_steps_100 - INFO - Batch 2835/3783: Clean accuracy 0.7175 | Adv accuracy: 0.0000 
2026-02-09 02:54:13,104 - ADV_Generation_eps_1.0_steps_100 - INFO - Batch:[2835] Adversarial images for this batch already exist
2026-02-09 02:54:13,267 - ADV_Generation_eps_1.0_steps_100 - INFO - Batch 2836/3783: Clean accuracy 0.7176 | Adv accuracy: 0.0000 
2026-02-09 02:54:13,268 - ADV_Generation_eps_1.0_steps_100 - INFO - Batch:[2836] Adversarial images for this batch already exist
2026-02-09 02:54:13,405 - ADV_Generation_eps_1.0_steps_100 - INFO - Batch 2837/3783: Clean accuracy 0.7177 | Adv accuracy: 0.0000 
2026-02-09 02:54:13,406 - ADV_Generation_eps_1.0_steps_100 - INFO - Batch:[2837] Adversarial images for this batch already exist
2026-02-09 02:54:13,547 - ADV_Generation_eps_1.0_steps_100 - INFO - Batch 2838/3783: Clean accuracy 0.7178 | Adv accuracy: 0.0000 
2026-02-09 02:54:13,548 - ADV_Generation_eps_1.0_steps_100 - INFO - Batch:[2838] Adversarial images for this batch already exist
2026-02-09 02:54:13,687 - ADV_Generation_eps_1.0_steps_100 - INFO - Batch 2839/3783: Clean accuracy 0.7179 | Adv accuracy: 0.0000 
2026-02-09 02:54:13,688 - ADV_Generation_eps_1.0_steps_100 - INFO - Batch:[2839] Adversarial images for this batch already exist
2026-02-09 02:54:13,849 - ADV_Generation_eps_1.0_steps_100 - INFO - Batch 2840/3783: Clean accuracy 0.7180 | Adv accuracy: 0.0000 
2026-02-09 02:54:13,850 - ADV_Generation_eps_1.0_steps_100 - INFO - Batch:[2840] Adversarial images for this batch already exist
2026-02-09 02:54:13,985 - ADV_Generation_eps_1.0_steps_100 - INFO - Batch 2841/3783: Clean accuracy 0.7181 | Adv accuracy: 0.0000 
2026-02-09 02:54:13,986 - ADV_Generation_eps_1.0_steps_100 - INFO - Batch:[2841] Adversarial images for this batch already exist
2026-02-09 02:54:14,162 - ADV_Generation_eps_1.0_steps_100 - INFO - Batch 2842/3783: Clean accuracy 0.7182 | Adv accuracy: 0.0000 
2026-02-09 02:54:14,163 - ADV_Generation_eps_1.0_steps_100 - INFO - Batch:[2842] Adversarial images for this batch already exist
2026-02-09 02:54:14,308 - ADV_Generation_eps_1.0_steps_100 - INFO - Batch 2843/3783: Clean accuracy 0.7183 | Adv accuracy: 0.0000 
2026-02-09 02:54:14,309 - ADV_Generation_eps_1.0_steps_100 - INFO - Batch:[2843] Adversarial images for this batch already exist
2026-02-09 02:54:14,448 - ADV_Generation_eps_1.0_steps_100 - INFO - Batch 2844/3783: Clean accuracy 0.7184 | Adv accuracy: 0.0000 
2026-02-09 02:54:14,449 - ADV_Generation_eps_1.0_steps_100 - INFO - Batch:[2844] Adversarial images for this batch already exist
2026-02-09 02:54:14,605 - ADV_Generation_eps_1.0_steps_100 - INFO - Batch 2845/3783: Clean accuracy 0.7185 | Adv accuracy: 0.0000 
2026-02-09 02:54:14,606 - ADV_Generation_eps_1.0_steps_100 - INFO - Batch:[2845] Adversarial images for this batch already exist
2026-02-09 02:54:14,745 - ADV_Generation_eps_1.0_steps_100 - INFO - Batch 2846/3783: Clean accuracy 0.7186 | Adv accuracy: 0.0000 
2026-02-09 02:54:14,746 - ADV_Generation_eps_1.0_steps_100 - INFO - Batch:[2846] Adversarial images for this batch already exist
2026-02-09 02:54:14,888 - ADV_Generation_eps_1.0_steps_100 - INFO - Batch 2847/3783: Clean accuracy 0.7187 | Adv accuracy: 0.0000 
2026-02-09 02:54:14,889 - ADV_Generation_eps_1.0_steps_100 - INFO - Batch:[2847] Adversarial images for this batch already exist
2026-02-09 02:54:15,021 - ADV_Generation_eps_1.0_steps_100 - INFO - Batch 2848/3783: Clean accuracy 0.7188 | Adv accuracy: 0.0000 
2026-02-09 02:54:15,022 - ADV_Generation_eps_1.0_steps_100 - INFO - Batch:[2848] Adversarial images for this batch already exist
2026-02-09 02:54:15,179 - ADV_Generation_eps_1.0_steps_100 - INFO - Batch 2849/3783: Clean accuracy 0.7188 | Adv accuracy: 0.0000 
2026-02-09 02:54:15,180 - ADV_Generation_eps_1.0_steps_100 - INFO - Batch:[2849] Adversarial images for this batch already exist
2026-02-09 02:54:15,317 - ADV_Generation_eps_1.0_steps_100 - INFO - Batch 2850/3783: Clean accuracy 0.7189 | Adv accuracy: 0.0000 
2026-02-09 02:54:15,318 - ADV_Generation_eps_1.0_steps_100 - INFO - Batch:[2850] Adversarial images for this batch already exist
2026-02-09 02:54:15,458 - ADV_Generation_eps_1.0_steps_100 - INFO - Batch 2851/3783: Clean accuracy 0.7190 | Adv accuracy: 0.0000 
2026-02-09 02:54:15,459 - ADV_Generation_eps_1.0_steps_100 - INFO - Batch:[2851] Adversarial images for this batch already exist
2026-02-09 02:54:15,598 - ADV_Generation_eps_1.0_steps_100 - INFO - Batch 2852/3783: Clean accuracy 0.7191 | Adv accuracy: 0.0000 
2026-02-09 02:54:15,599 - ADV_Generation_eps_1.0_steps_100 - INFO - Batch:[2852] Adversarial images for this batch already exist
2026-02-09 02:54:15,745 - ADV_Generation_eps_1.0_steps_100 - INFO - Batch 2853/3783: Clean accuracy 0.7192 | Adv accuracy: 0.0000 
2026-02-09 02:54:15,746 - ADV_Generation_eps_1.0_steps_100 - INFO - Batch:[2853] Adversarial images for this batch already exist
2026-02-09 02:54:15,898 - ADV_Generation_eps_1.0_steps_100 - INFO - Batch 2854/3783: Clean accuracy 0.7193 | Adv accuracy: 0.0000 
2026-02-09 02:54:15,899 - ADV_Generation_eps_1.0_steps_100 - INFO - Batch:[2854] Adversarial images for this batch already exist
2026-02-09 02:54:16,037 - ADV_Generation_eps_1.0_steps_100 - INFO - Batch 2855/3783: Clean accuracy 0.7194 | Adv accuracy: 0.0000 
2026-02-09 02:54:16,038 - ADV_Generation_eps_1.0_steps_100 - INFO - Batch:[2855] Adversarial images for this batch already exist
2026-02-09 02:54:16,175 - ADV_Generation_eps_1.0_steps_100 - INFO - Batch 2856/3783: Clean accuracy 0.7195 | Adv accuracy: 0.0000 
2026-02-09 02:54:16,176 - ADV_Generation_eps_1.0_steps_100 - INFO - Batch:[2856] Adversarial images for this batch already exist
2026-02-09 02:54:16,314 - ADV_Generation_eps_1.0_steps_100 - INFO - Batch 2857/3783: Clean accuracy 0.7196 | Adv accuracy: 0.0000 
2026-02-09 02:54:16,315 - ADV_Generation_eps_1.0_steps_100 - INFO - Batch:[2857] Adversarial images for this batch already exist
2026-02-09 02:54:16,452 - ADV_Generation_eps_1.0_steps_100 - INFO - Batch 2858/3783: Clean accuracy 0.7197 | Adv accuracy: 0.0000 
2026-02-09 02:54:16,452 - ADV_Generation_eps_1.0_steps_100 - INFO - Batch:[2858] Adversarial images for this batch already exist
2026-02-09 02:54:16,587 - ADV_Generation_eps_1.0_steps_100 - INFO - Batch 2859/3783: Clean accuracy 0.7198 | Adv accuracy: 0.0000 
2026-02-09 02:54:16,588 - ADV_Generation_eps_1.0_steps_100 - INFO - Batch:[2859] Adversarial images for this batch already exist
2026-02-09 02:54:16,721 - ADV_Generation_eps_1.0_steps_100 - INFO - Batch 2860/3783: Clean accuracy 0.7199 | Adv accuracy: 0.0000 
2026-02-09 02:54:16,722 - ADV_Generation_eps_1.0_steps_100 - INFO - Batch:[2860] Adversarial images for this batch already exist
2026-02-09 02:54:16,864 - ADV_Generation_eps_1.0_steps_100 - INFO - Batch 2861/3783: Clean accuracy 0.7200 | Adv accuracy: 0.0000 
2026-02-09 02:54:16,864 - ADV_Generation_eps_1.0_steps_100 - INFO - Batch:[2861] Adversarial images for this batch already exist
2026-02-09 02:54:17,004 - ADV_Generation_eps_1.0_steps_100 - INFO - Batch 2862/3783: Clean accuracy 0.7201 | Adv accuracy: 0.0000 
2026-02-09 02:54:17,005 - ADV_Generation_eps_1.0_steps_100 - INFO - Batch:[2862] Adversarial images for this batch already exist
2026-02-09 02:54:17,198 - ADV_Generation_eps_1.0_steps_100 - INFO - Batch 2863/3783: Clean accuracy 0.7202 | Adv accuracy: 0.0000 
2026-02-09 02:54:17,199 - ADV_Generation_eps_1.0_steps_100 - INFO - Batch:[2863] Adversarial images for this batch already exist
2026-02-09 02:54:17,340 - ADV_Generation_eps_1.0_steps_100 - INFO - Batch 2864/3783: Clean accuracy 0.7203 | Adv accuracy: 0.0000 
2026-02-09 02:54:17,341 - ADV_Generation_eps_1.0_steps_100 - INFO - Batch:[2864] Adversarial images for this batch already exist
2026-02-09 02:54:17,482 - ADV_Generation_eps_1.0_steps_100 - INFO - Batch 2865/3783: Clean accuracy 0.7204 | Adv accuracy: 0.0000 
2026-02-09 02:54:17,483 - ADV_Generation_eps_1.0_steps_100 - INFO - Batch:[2865] Adversarial images for this batch already exist
2026-02-09 02:54:17,620 - ADV_Generation_eps_1.0_steps_100 - INFO - Batch 2866/3783: Clean accuracy 0.7205 | Adv accuracy: 0.0000 
2026-02-09 02:54:17,621 - ADV_Generation_eps_1.0_steps_100 - INFO - Batch:[2866] Adversarial images for this batch already exist
2026-02-09 02:54:17,762 - ADV_Generation_eps_1.0_steps_100 - INFO - Batch 2867/3783: Clean accuracy 0.7206 | Adv accuracy: 0.0000 
2026-02-09 02:54:17,763 - ADV_Generation_eps_1.0_steps_100 - INFO - Batch:[2867] Adversarial images for this batch already exist
2026-02-09 02:54:17,928 - ADV_Generation_eps_1.0_steps_100 - INFO - Batch 2868/3783: Clean accuracy 0.7207 | Adv accuracy: 0.0000 
2026-02-09 02:54:17,930 - ADV_Generation_eps_1.0_steps_100 - INFO - Batch:[2868] Adversarial images for this batch already exist
2026-02-09 02:54:18,065 - ADV_Generation_eps_1.0_steps_100 - INFO - Batch 2869/3783: Clean accuracy 0.7208 | Adv accuracy: 0.0000 
2026-02-09 02:54:18,066 - ADV_Generation_eps_1.0_steps_100 - INFO - Batch:[2869] Adversarial images for this batch already exist
2026-02-09 02:54:18,203 - ADV_Generation_eps_1.0_steps_100 - INFO - Batch 2870/3783: Clean accuracy 0.7209 | Adv accuracy: 0.0000 
2026-02-09 02:54:18,204 - ADV_Generation_eps_1.0_steps_100 - INFO - Batch:[2870] Adversarial images for this batch already exist
2026-02-09 02:54:18,345 - ADV_Generation_eps_1.0_steps_100 - INFO - Batch 2871/3783: Clean accuracy 0.7210 | Adv accuracy: 0.0000 
2026-02-09 02:54:18,346 - ADV_Generation_eps_1.0_steps_100 - INFO - Batch:[2871] Adversarial images for this batch already exist
2026-02-09 02:54:18,485 - ADV_Generation_eps_1.0_steps_100 - INFO - Batch 2872/3783: Clean accuracy 0.7211 | Adv accuracy: 0.0000 
2026-02-09 02:54:18,486 - ADV_Generation_eps_1.0_steps_100 - INFO - Batch:[2872] Adversarial images for this batch already exist
2026-02-09 02:54:18,633 - ADV_Generation_eps_1.0_steps_100 - INFO - Batch 2873/3783: Clean accuracy 0.7212 | Adv accuracy: 0.0000 
2026-02-09 02:54:18,634 - ADV_Generation_eps_1.0_steps_100 - INFO - Batch:[2873] Adversarial images for this batch already exist
2026-02-09 02:54:18,776 - ADV_Generation_eps_1.0_steps_100 - INFO - Batch 2874/3783: Clean accuracy 0.7213 | Adv accuracy: 0.0000 
2026-02-09 02:54:18,777 - ADV_Generation_eps_1.0_steps_100 - INFO - Batch:[2874] Adversarial images for this batch already exist
2026-02-09 02:54:18,914 - ADV_Generation_eps_1.0_steps_100 - INFO - Batch 2875/3783: Clean accuracy 0.7214 | Adv accuracy: 0.0000 
2026-02-09 02:54:18,915 - ADV_Generation_eps_1.0_steps_100 - INFO - Batch:[2875] Adversarial images for this batch already exist
2026-02-09 02:54:19,069 - ADV_Generation_eps_1.0_steps_100 - INFO - Batch 2876/3783: Clean accuracy 0.7215 | Adv accuracy: 0.0000 
2026-02-09 02:54:19,070 - ADV_Generation_eps_1.0_steps_100 - INFO - Batch:[2876] Adversarial images for this batch already exist
2026-02-09 02:54:19,206 - ADV_Generation_eps_1.0_steps_100 - INFO - Batch 2877/3783: Clean accuracy 0.7216 | Adv accuracy: 0.0000 
2026-02-09 02:54:19,207 - ADV_Generation_eps_1.0_steps_100 - INFO - Batch:[2877] Adversarial images for this batch already exist
2026-02-09 02:54:19,349 - ADV_Generation_eps_1.0_steps_100 - INFO - Batch 2878/3783: Clean accuracy 0.7217 | Adv accuracy: 0.0000 
2026-02-09 02:54:19,349 - ADV_Generation_eps_1.0_steps_100 - INFO - Batch:[2878] Adversarial images for this batch already exist
2026-02-09 02:54:19,483 - ADV_Generation_eps_1.0_steps_100 - INFO - Batch 2879/3783: Clean accuracy 0.7218 | Adv accuracy: 0.0000 
2026-02-09 02:54:19,483 - ADV_Generation_eps_1.0_steps_100 - INFO - Batch:[2879] Adversarial images for this batch already exist
2026-02-09 02:54:19,626 - ADV_Generation_eps_1.0_steps_100 - INFO - Batch 2880/3783: Clean accuracy 0.7219 | Adv accuracy: 0.0000 
2026-02-09 02:54:19,627 - ADV_Generation_eps_1.0_steps_100 - INFO - Batch:[2880] Adversarial images for this batch already exist
2026-02-09 02:54:19,778 - ADV_Generation_eps_1.0_steps_100 - INFO - Batch 2881/3783: Clean accuracy 0.7220 | Adv accuracy: 0.0000 
2026-02-09 02:54:19,779 - ADV_Generation_eps_1.0_steps_100 - INFO - Batch:[2881] Adversarial images for this batch already exist
2026-02-09 02:54:19,915 - ADV_Generation_eps_1.0_steps_100 - INFO - Batch 2882/3783: Clean accuracy 0.7221 | Adv accuracy: 0.0000 
2026-02-09 02:54:19,916 - ADV_Generation_eps_1.0_steps_100 - INFO - Batch:[2882] Adversarial images for this batch already exist
2026-02-09 02:54:20,057 - ADV_Generation_eps_1.0_steps_100 - INFO - Batch 2883/3783: Clean accuracy 0.7222 | Adv accuracy: 0.0000 
2026-02-09 02:54:20,058 - ADV_Generation_eps_1.0_steps_100 - INFO - Batch:[2883] Adversarial images for this batch already exist
2026-02-09 02:54:20,196 - ADV_Generation_eps_1.0_steps_100 - INFO - Batch 2884/3783: Clean accuracy 0.7223 | Adv accuracy: 0.0000 
2026-02-09 02:54:20,197 - ADV_Generation_eps_1.0_steps_100 - INFO - Batch:[2884] Adversarial images for this batch already exist
2026-02-09 02:54:20,336 - ADV_Generation_eps_1.0_steps_100 - INFO - Batch 2885/3783: Clean accuracy 0.7224 | Adv accuracy: 0.0000 
2026-02-09 02:54:20,336 - ADV_Generation_eps_1.0_steps_100 - INFO - Batch:[2885] Adversarial images for this batch already exist
2026-02-09 02:54:20,493 - ADV_Generation_eps_1.0_steps_100 - INFO - Batch 2886/3783: Clean accuracy 0.7225 | Adv accuracy: 0.0000 
2026-02-09 02:54:20,494 - ADV_Generation_eps_1.0_steps_100 - INFO - Batch:[2886] Adversarial images for this batch already exist
2026-02-09 02:54:20,648 - ADV_Generation_eps_1.0_steps_100 - INFO - Batch 2887/3783: Clean accuracy 0.7225 | Adv accuracy: 0.0000 
2026-02-09 02:54:20,649 - ADV_Generation_eps_1.0_steps_100 - INFO - Batch:[2887] Adversarial images for this batch already exist
2026-02-09 02:54:20,786 - ADV_Generation_eps_1.0_steps_100 - INFO - Batch 2888/3783: Clean accuracy 0.7226 | Adv accuracy: 0.0000 
2026-02-09 02:54:20,787 - ADV_Generation_eps_1.0_steps_100 - INFO - Batch:[2888] Adversarial images for this batch already exist
2026-02-09 02:54:20,926 - ADV_Generation_eps_1.0_steps_100 - INFO - Batch 2889/3783: Clean accuracy 0.7227 | Adv accuracy: 0.0000 
2026-02-09 02:54:20,927 - ADV_Generation_eps_1.0_steps_100 - INFO - Batch:[2889] Adversarial images for this batch already exist
2026-02-09 02:54:21,067 - ADV_Generation_eps_1.0_steps_100 - INFO - Batch 2890/3783: Clean accuracy 0.7228 | Adv accuracy: 0.0000 
2026-02-09 02:54:21,068 - ADV_Generation_eps_1.0_steps_100 - INFO - Batch:[2890] Adversarial images for this batch already exist
2026-02-09 02:54:21,203 - ADV_Generation_eps_1.0_steps_100 - INFO - Batch 2891/3783: Clean accuracy 0.7229 | Adv accuracy: 0.0000 
2026-02-09 02:54:21,205 - ADV_Generation_eps_1.0_steps_100 - INFO - Batch:[2891] Adversarial images for this batch already exist
2026-02-09 02:54:21,341 - ADV_Generation_eps_1.0_steps_100 - INFO - Batch 2892/3783: Clean accuracy 0.7230 | Adv accuracy: 0.0000 
2026-02-09 02:54:21,342 - ADV_Generation_eps_1.0_steps_100 - INFO - Batch:[2892] Adversarial images for this batch already exist
2026-02-09 02:54:21,493 - ADV_Generation_eps_1.0_steps_100 - INFO - Batch 2893/3783: Clean accuracy 0.7231 | Adv accuracy: 0.0000 
2026-02-09 02:54:21,494 - ADV_Generation_eps_1.0_steps_100 - INFO - Batch:[2893] Adversarial images for this batch already exist
2026-02-09 02:54:21,634 - ADV_Generation_eps_1.0_steps_100 - INFO - Batch 2894/3783: Clean accuracy 0.7232 | Adv accuracy: 0.0000 
2026-02-09 02:54:21,635 - ADV_Generation_eps_1.0_steps_100 - INFO - Batch:[2894] Adversarial images for this batch already exist
2026-02-09 02:54:21,775 - ADV_Generation_eps_1.0_steps_100 - INFO - Batch 2895/3783: Clean accuracy 0.7233 | Adv accuracy: 0.0000 
2026-02-09 02:54:21,776 - ADV_Generation_eps_1.0_steps_100 - INFO - Batch:[2895] Adversarial images for this batch already exist
2026-02-09 02:54:21,914 - ADV_Generation_eps_1.0_steps_100 - INFO - Batch 2896/3783: Clean accuracy 0.7234 | Adv accuracy: 0.0000 
2026-02-09 02:54:21,915 - ADV_Generation_eps_1.0_steps_100 - INFO - Batch:[2896] Adversarial images for this batch already exist
2026-02-09 02:54:22,055 - ADV_Generation_eps_1.0_steps_100 - INFO - Batch 2897/3783: Clean accuracy 0.7235 | Adv accuracy: 0.0000 
2026-02-09 02:54:22,056 - ADV_Generation_eps_1.0_steps_100 - INFO - Batch:[2897] Adversarial images for this batch already exist
2026-02-09 02:54:22,195 - ADV_Generation_eps_1.0_steps_100 - INFO - Batch 2898/3783: Clean accuracy 0.7236 | Adv accuracy: 0.0000 
2026-02-09 02:54:22,196 - ADV_Generation_eps_1.0_steps_100 - INFO - Batch:[2898] Adversarial images for this batch already exist
2026-02-09 02:54:22,356 - ADV_Generation_eps_1.0_steps_100 - INFO - Batch 2899/3783: Clean accuracy 0.7237 | Adv accuracy: 0.0000 
2026-02-09 02:54:22,357 - ADV_Generation_eps_1.0_steps_100 - INFO - Batch:[2899] Adversarial images for this batch already exist
2026-02-09 02:54:22,498 - ADV_Generation_eps_1.0_steps_100 - INFO - Batch 2900/3783: Clean accuracy 0.7238 | Adv accuracy: 0.0000 
2026-02-09 02:54:22,499 - ADV_Generation_eps_1.0_steps_100 - INFO - Batch:[2900] Adversarial images for this batch already exist
2026-02-09 02:54:22,659 - ADV_Generation_eps_1.0_steps_100 - INFO - Batch 2901/3783: Clean accuracy 0.7239 | Adv accuracy: 0.0000 
2026-02-09 02:54:22,660 - ADV_Generation_eps_1.0_steps_100 - INFO - Batch:[2901] Adversarial images for this batch already exist
2026-02-09 02:54:22,796 - ADV_Generation_eps_1.0_steps_100 - INFO - Batch 2902/3783: Clean accuracy 0.7240 | Adv accuracy: 0.0000 
2026-02-09 02:54:22,796 - ADV_Generation_eps_1.0_steps_100 - INFO - Batch:[2902] Adversarial images for this batch already exist
2026-02-09 02:54:22,936 - ADV_Generation_eps_1.0_steps_100 - INFO - Batch 2903/3783: Clean accuracy 0.7241 | Adv accuracy: 0.0000 
2026-02-09 02:54:22,937 - ADV_Generation_eps_1.0_steps_100 - INFO - Batch:[2903] Adversarial images for this batch already exist
2026-02-09 02:54:23,074 - ADV_Generation_eps_1.0_steps_100 - INFO - Batch 2904/3783: Clean accuracy 0.7242 | Adv accuracy: 0.0000 
2026-02-09 02:54:23,075 - ADV_Generation_eps_1.0_steps_100 - INFO - Batch:[2904] Adversarial images for this batch already exist
2026-02-09 02:54:23,230 - ADV_Generation_eps_1.0_steps_100 - INFO - Batch 2905/3783: Clean accuracy 0.7243 | Adv accuracy: 0.0000 
2026-02-09 02:54:23,231 - ADV_Generation_eps_1.0_steps_100 - INFO - Batch:[2905] Adversarial images for this batch already exist
2026-02-09 02:54:23,368 - ADV_Generation_eps_1.0_steps_100 - INFO - Batch 2906/3783: Clean accuracy 0.7244 | Adv accuracy: 0.0000 
2026-02-09 02:54:23,369 - ADV_Generation_eps_1.0_steps_100 - INFO - Batch:[2906] Adversarial images for this batch already exist
2026-02-09 02:54:23,508 - ADV_Generation_eps_1.0_steps_100 - INFO - Batch 2907/3783: Clean accuracy 0.7245 | Adv accuracy: 0.0000 
2026-02-09 02:54:23,509 - ADV_Generation_eps_1.0_steps_100 - INFO - Batch:[2907] Adversarial images for this batch already exist
2026-02-09 02:54:23,648 - ADV_Generation_eps_1.0_steps_100 - INFO - Batch 2908/3783: Clean accuracy 0.7246 | Adv accuracy: 0.0000 
2026-02-09 02:54:23,649 - ADV_Generation_eps_1.0_steps_100 - INFO - Batch:[2908] Adversarial images for this batch already exist
2026-02-09 02:54:23,796 - ADV_Generation_eps_1.0_steps_100 - INFO - Batch 2909/3783: Clean accuracy 0.7246 | Adv accuracy: 0.0000 
2026-02-09 02:54:23,797 - ADV_Generation_eps_1.0_steps_100 - INFO - Batch:[2909] Adversarial images for this batch already exist
2026-02-09 02:54:23,934 - ADV_Generation_eps_1.0_steps_100 - INFO - Batch 2910/3783: Clean accuracy 0.7247 | Adv accuracy: 0.0000 
2026-02-09 02:54:23,935 - ADV_Generation_eps_1.0_steps_100 - INFO - Batch:[2910] Adversarial images for this batch already exist
2026-02-09 02:54:24,075 - ADV_Generation_eps_1.0_steps_100 - INFO - Batch 2911/3783: Clean accuracy 0.7248 | Adv accuracy: 0.0000 
2026-02-09 02:54:24,076 - ADV_Generation_eps_1.0_steps_100 - INFO - Batch:[2911] Adversarial images for this batch already exist
2026-02-09 02:54:24,230 - ADV_Generation_eps_1.0_steps_100 - INFO - Batch 2912/3783: Clean accuracy 0.7249 | Adv accuracy: 0.0000 
2026-02-09 02:54:24,231 - ADV_Generation_eps_1.0_steps_100 - INFO - Batch:[2912] Adversarial images for this batch already exist
2026-02-09 02:54:24,374 - ADV_Generation_eps_1.0_steps_100 - INFO - Batch 2913/3783: Clean accuracy 0.7250 | Adv accuracy: 0.0000 
2026-02-09 02:54:24,375 - ADV_Generation_eps_1.0_steps_100 - INFO - Batch:[2913] Adversarial images for this batch already exist
2026-02-09 02:54:24,525 - ADV_Generation_eps_1.0_steps_100 - INFO - Batch 2914/3783: Clean accuracy 0.7251 | Adv accuracy: 0.0000 
2026-02-09 02:54:24,526 - ADV_Generation_eps_1.0_steps_100 - INFO - Batch:[2914] Adversarial images for this batch already exist
2026-02-09 02:54:24,667 - ADV_Generation_eps_1.0_steps_100 - INFO - Batch 2915/3783: Clean accuracy 0.7252 | Adv accuracy: 0.0000 
2026-02-09 02:54:24,668 - ADV_Generation_eps_1.0_steps_100 - INFO - Batch:[2915] Adversarial images for this batch already exist
2026-02-09 02:54:24,804 - ADV_Generation_eps_1.0_steps_100 - INFO - Batch 2916/3783: Clean accuracy 0.7253 | Adv accuracy: 0.0000 
2026-02-09 02:54:24,805 - ADV_Generation_eps_1.0_steps_100 - INFO - Batch:[2916] Adversarial images for this batch already exist
2026-02-09 02:54:24,946 - ADV_Generation_eps_1.0_steps_100 - INFO - Batch 2917/3783: Clean accuracy 0.7254 | Adv accuracy: 0.0000 
2026-02-09 02:54:24,947 - ADV_Generation_eps_1.0_steps_100 - INFO - Batch:[2917] Adversarial images for this batch already exist
2026-02-09 02:54:25,090 - ADV_Generation_eps_1.0_steps_100 - INFO - Batch 2918/3783: Clean accuracy 0.7255 | Adv accuracy: 0.0000 
2026-02-09 02:54:25,091 - ADV_Generation_eps_1.0_steps_100 - INFO - Batch:[2918] Adversarial images for this batch already exist
2026-02-09 02:54:25,231 - ADV_Generation_eps_1.0_steps_100 - INFO - Batch 2919/3783: Clean accuracy 0.7256 | Adv accuracy: 0.0000 
2026-02-09 02:54:25,232 - ADV_Generation_eps_1.0_steps_100 - INFO - Batch:[2919] Adversarial images for this batch already exist
2026-02-09 02:54:25,372 - ADV_Generation_eps_1.0_steps_100 - INFO - Batch 2920/3783: Clean accuracy 0.7257 | Adv accuracy: 0.0000 
2026-02-09 02:54:25,373 - ADV_Generation_eps_1.0_steps_100 - INFO - Batch:[2920] Adversarial images for this batch already exist
2026-02-09 02:54:25,509 - ADV_Generation_eps_1.0_steps_100 - INFO - Batch 2921/3783: Clean accuracy 0.7258 | Adv accuracy: 0.0000 
2026-02-09 02:54:25,510 - ADV_Generation_eps_1.0_steps_100 - INFO - Batch:[2921] Adversarial images for this batch already exist
2026-02-09 02:54:25,659 - ADV_Generation_eps_1.0_steps_100 - INFO - Batch 2922/3783: Clean accuracy 0.7259 | Adv accuracy: 0.0000 
2026-02-09 02:54:25,660 - ADV_Generation_eps_1.0_steps_100 - INFO - Batch:[2922] Adversarial images for this batch already exist
2026-02-09 02:54:25,796 - ADV_Generation_eps_1.0_steps_100 - INFO - Batch 2923/3783: Clean accuracy 0.7260 | Adv accuracy: 0.0000 
2026-02-09 02:54:25,797 - ADV_Generation_eps_1.0_steps_100 - INFO - Batch:[2923] Adversarial images for this batch already exist
2026-02-09 02:54:25,939 - ADV_Generation_eps_1.0_steps_100 - INFO - Batch 2924/3783: Clean accuracy 0.7261 | Adv accuracy: 0.0000 
2026-02-09 02:54:25,940 - ADV_Generation_eps_1.0_steps_100 - INFO - Batch:[2924] Adversarial images for this batch already exist
2026-02-09 02:54:26,085 - ADV_Generation_eps_1.0_steps_100 - INFO - Batch 2925/3783: Clean accuracy 0.7262 | Adv accuracy: 0.0000 
2026-02-09 02:54:26,086 - ADV_Generation_eps_1.0_steps_100 - INFO - Batch:[2925] Adversarial images for this batch already exist
2026-02-09 02:54:26,237 - ADV_Generation_eps_1.0_steps_100 - INFO - Batch 2926/3783: Clean accuracy 0.7262 | Adv accuracy: 0.0000 
2026-02-09 02:54:26,238 - ADV_Generation_eps_1.0_steps_100 - INFO - Batch:[2926] Adversarial images for this batch already exist
2026-02-09 02:54:26,375 - ADV_Generation_eps_1.0_steps_100 - INFO - Batch 2927/3783: Clean accuracy 0.7263 | Adv accuracy: 0.0000 
2026-02-09 02:54:26,376 - ADV_Generation_eps_1.0_steps_100 - INFO - Batch:[2927] Adversarial images for this batch already exist
2026-02-09 02:54:26,529 - ADV_Generation_eps_1.0_steps_100 - INFO - Batch 2928/3783: Clean accuracy 0.7264 | Adv accuracy: 0.0000 
2026-02-09 02:54:26,530 - ADV_Generation_eps_1.0_steps_100 - INFO - Batch:[2928] Adversarial images for this batch already exist
2026-02-09 02:54:26,685 - ADV_Generation_eps_1.0_steps_100 - INFO - Batch 2929/3783: Clean accuracy 0.7265 | Adv accuracy: 0.0000 
2026-02-09 02:54:26,686 - ADV_Generation_eps_1.0_steps_100 - INFO - Batch:[2929] Adversarial images for this batch already exist
2026-02-09 02:54:26,837 - ADV_Generation_eps_1.0_steps_100 - INFO - Batch 2930/3783: Clean accuracy 0.7266 | Adv accuracy: 0.0000 
2026-02-09 02:54:26,838 - ADV_Generation_eps_1.0_steps_100 - INFO - Batch:[2930] Adversarial images for this batch already exist
2026-02-09 02:54:26,978 - ADV_Generation_eps_1.0_steps_100 - INFO - Batch 2931/3783: Clean accuracy 0.7267 | Adv accuracy: 0.0000 
2026-02-09 02:54:26,979 - ADV_Generation_eps_1.0_steps_100 - INFO - Batch:[2931] Adversarial images for this batch already exist
2026-02-09 02:54:27,124 - ADV_Generation_eps_1.0_steps_100 - INFO - Batch 2932/3783: Clean accuracy 0.7268 | Adv accuracy: 0.0000 
2026-02-09 02:54:27,126 - ADV_Generation_eps_1.0_steps_100 - INFO - Batch:[2932] Adversarial images for this batch already exist
2026-02-09 02:54:27,262 - ADV_Generation_eps_1.0_steps_100 - INFO - Batch 2933/3783: Clean accuracy 0.7269 | Adv accuracy: 0.0000 
2026-02-09 02:54:27,263 - ADV_Generation_eps_1.0_steps_100 - INFO - Batch:[2933] Adversarial images for this batch already exist
2026-02-09 02:54:27,404 - ADV_Generation_eps_1.0_steps_100 - INFO - Batch 2934/3783: Clean accuracy 0.7270 | Adv accuracy: 0.0000 
2026-02-09 02:54:27,405 - ADV_Generation_eps_1.0_steps_100 - INFO - Batch:[2934] Adversarial images for this batch already exist
2026-02-09 02:54:27,543 - ADV_Generation_eps_1.0_steps_100 - INFO - Batch 2935/3783: Clean accuracy 0.7271 | Adv accuracy: 0.0000 
2026-02-09 02:54:27,544 - ADV_Generation_eps_1.0_steps_100 - INFO - Batch:[2935] Adversarial images for this batch already exist
2026-02-09 02:54:27,684 - ADV_Generation_eps_1.0_steps_100 - INFO - Batch 2936/3783: Clean accuracy 0.7272 | Adv accuracy: 0.0000 
2026-02-09 02:54:27,685 - ADV_Generation_eps_1.0_steps_100 - INFO - Batch:[2936] Adversarial images for this batch already exist
2026-02-09 02:54:27,830 - ADV_Generation_eps_1.0_steps_100 - INFO - Batch 2937/3783: Clean accuracy 0.7273 | Adv accuracy: 0.0000 
2026-02-09 02:54:27,831 - ADV_Generation_eps_1.0_steps_100 - INFO - Batch:[2937] Adversarial images for this batch already exist
2026-02-09 02:54:27,972 - ADV_Generation_eps_1.0_steps_100 - INFO - Batch 2938/3783: Clean accuracy 0.7274 | Adv accuracy: 0.0000 
2026-02-09 02:54:27,973 - ADV_Generation_eps_1.0_steps_100 - INFO - Batch:[2938] Adversarial images for this batch already exist
2026-02-09 02:54:28,113 - ADV_Generation_eps_1.0_steps_100 - INFO - Batch 2939/3783: Clean accuracy 0.7275 | Adv accuracy: 0.0000 
2026-02-09 02:54:28,114 - ADV_Generation_eps_1.0_steps_100 - INFO - Batch:[2939] Adversarial images for this batch already exist
2026-02-09 02:54:28,249 - ADV_Generation_eps_1.0_steps_100 - INFO - Batch 2940/3783: Clean accuracy 0.7276 | Adv accuracy: 0.0000 
2026-02-09 02:54:28,250 - ADV_Generation_eps_1.0_steps_100 - INFO - Batch:[2940] Adversarial images for this batch already exist
2026-02-09 02:54:28,390 - ADV_Generation_eps_1.0_steps_100 - INFO - Batch 2941/3783: Clean accuracy 0.7276 | Adv accuracy: 0.0000 
2026-02-09 02:54:28,391 - ADV_Generation_eps_1.0_steps_100 - INFO - Batch:[2941] Adversarial images for this batch already exist
2026-02-09 02:54:28,533 - ADV_Generation_eps_1.0_steps_100 - INFO - Batch 2942/3783: Clean accuracy 0.7274 | Adv accuracy: 0.0000 
2026-02-09 02:54:28,534 - ADV_Generation_eps_1.0_steps_100 - INFO - Batch:[2942] Adversarial images for this batch already exist
2026-02-09 02:54:28,673 - ADV_Generation_eps_1.0_steps_100 - INFO - Batch 2943/3783: Clean accuracy 0.7271 | Adv accuracy: 0.0000 
2026-02-09 02:54:28,674 - ADV_Generation_eps_1.0_steps_100 - INFO - Batch:[2943] Adversarial images for this batch already exist
2026-02-09 02:54:28,820 - ADV_Generation_eps_1.0_steps_100 - INFO - Batch 2944/3783: Clean accuracy 0.7269 | Adv accuracy: 0.0000 
2026-02-09 02:54:28,821 - ADV_Generation_eps_1.0_steps_100 - INFO - Batch:[2944] Adversarial images for this batch already exist
2026-02-09 02:54:28,958 - ADV_Generation_eps_1.0_steps_100 - INFO - Batch 2945/3783: Clean accuracy 0.7267 | Adv accuracy: 0.0000 
2026-02-09 02:54:28,959 - ADV_Generation_eps_1.0_steps_100 - INFO - Batch:[2945] Adversarial images for this batch already exist
2026-02-09 02:54:29,103 - ADV_Generation_eps_1.0_steps_100 - INFO - Batch 2946/3783: Clean accuracy 0.7264 | Adv accuracy: 0.0000 
2026-02-09 02:54:29,104 - ADV_Generation_eps_1.0_steps_100 - INFO - Batch:[2946] Adversarial images for this batch already exist
2026-02-09 02:54:29,281 - ADV_Generation_eps_1.0_steps_100 - INFO - Batch 2947/3783: Clean accuracy 0.7262 | Adv accuracy: 0.0000 
2026-02-09 02:54:29,282 - ADV_Generation_eps_1.0_steps_100 - INFO - Batch:[2947] Adversarial images for this batch already exist
2026-02-09 02:54:29,439 - ADV_Generation_eps_1.0_steps_100 - INFO - Batch 2948/3783: Clean accuracy 0.7259 | Adv accuracy: 0.0000 
2026-02-09 02:54:29,441 - ADV_Generation_eps_1.0_steps_100 - INFO - Batch:[2948] Adversarial images for this batch already exist
2026-02-09 02:54:29,584 - ADV_Generation_eps_1.0_steps_100 - INFO - Batch 2949/3783: Clean accuracy 0.7257 | Adv accuracy: 0.0000 
2026-02-09 02:54:29,585 - ADV_Generation_eps_1.0_steps_100 - INFO - Batch:[2949] Adversarial images for this batch already exist
2026-02-09 02:54:29,723 - ADV_Generation_eps_1.0_steps_100 - INFO - Batch 2950/3783: Clean accuracy 0.7254 | Adv accuracy: 0.0000 
2026-02-09 02:54:29,724 - ADV_Generation_eps_1.0_steps_100 - INFO - Batch:[2950] Adversarial images for this batch already exist
2026-02-09 02:54:29,859 - ADV_Generation_eps_1.0_steps_100 - INFO - Batch 2951/3783: Clean accuracy 0.7252 | Adv accuracy: 0.0000 
2026-02-09 02:54:29,860 - ADV_Generation_eps_1.0_steps_100 - INFO - Batch:[2951] Adversarial images for this batch already exist
2026-02-09 02:54:30,000 - ADV_Generation_eps_1.0_steps_100 - INFO - Batch 2952/3783: Clean accuracy 0.7249 | Adv accuracy: 0.0000 
2026-02-09 02:54:30,001 - ADV_Generation_eps_1.0_steps_100 - INFO - Batch:[2952] Adversarial images for this batch already exist
2026-02-09 02:54:30,138 - ADV_Generation_eps_1.0_steps_100 - INFO - Batch 2953/3783: Clean accuracy 0.7247 | Adv accuracy: 0.0000 
2026-02-09 02:54:30,140 - ADV_Generation_eps_1.0_steps_100 - INFO - Batch:[2953] Adversarial images for this batch already exist
2026-02-09 02:54:30,278 - ADV_Generation_eps_1.0_steps_100 - INFO - Batch 2954/3783: Clean accuracy 0.7244 | Adv accuracy: 0.0000 
2026-02-09 02:54:30,279 - ADV_Generation_eps_1.0_steps_100 - INFO - Batch:[2954] Adversarial images for this batch already exist
2026-02-09 02:54:30,422 - ADV_Generation_eps_1.0_steps_100 - INFO - Batch 2955/3783: Clean accuracy 0.7242 | Adv accuracy: 0.0000 
2026-02-09 02:54:30,423 - ADV_Generation_eps_1.0_steps_100 - INFO - Batch:[2955] Adversarial images for this batch already exist
2026-02-09 02:54:30,562 - ADV_Generation_eps_1.0_steps_100 - INFO - Batch 2956/3783: Clean accuracy 0.7240 | Adv accuracy: 0.0000 
2026-02-09 02:54:30,563 - ADV_Generation_eps_1.0_steps_100 - INFO - Batch:[2956] Adversarial images for this batch already exist
2026-02-09 02:54:30,730 - ADV_Generation_eps_1.0_steps_100 - INFO - Batch 2957/3783: Clean accuracy 0.7237 | Adv accuracy: 0.0000 
2026-02-09 02:54:30,731 - ADV_Generation_eps_1.0_steps_100 - INFO - Batch:[2957] Adversarial images for this batch already exist
2026-02-09 02:54:30,869 - ADV_Generation_eps_1.0_steps_100 - INFO - Batch 2958/3783: Clean accuracy 0.7235 | Adv accuracy: 0.0000 
2026-02-09 02:54:30,870 - ADV_Generation_eps_1.0_steps_100 - INFO - Batch:[2958] Adversarial images for this batch already exist
2026-02-09 02:54:31,014 - ADV_Generation_eps_1.0_steps_100 - INFO - Batch 2959/3783: Clean accuracy 0.7232 | Adv accuracy: 0.0000 
2026-02-09 02:54:31,015 - ADV_Generation_eps_1.0_steps_100 - INFO - Batch:[2959] Adversarial images for this batch already exist
2026-02-09 02:54:31,152 - ADV_Generation_eps_1.0_steps_100 - INFO - Batch 2960/3783: Clean accuracy 0.7230 | Adv accuracy: 0.0000 
2026-02-09 02:54:31,153 - ADV_Generation_eps_1.0_steps_100 - INFO - Batch:[2960] Adversarial images for this batch already exist
2026-02-09 02:54:31,299 - ADV_Generation_eps_1.0_steps_100 - INFO - Batch 2961/3783: Clean accuracy 0.7227 | Adv accuracy: 0.0000 
2026-02-09 02:54:31,300 - ADV_Generation_eps_1.0_steps_100 - INFO - Batch:[2961] Adversarial images for this batch already exist
2026-02-09 02:54:31,460 - ADV_Generation_eps_1.0_steps_100 - INFO - Batch 2962/3783: Clean accuracy 0.7228 | Adv accuracy: 0.0000 
2026-02-09 02:54:31,461 - ADV_Generation_eps_1.0_steps_100 - INFO - Batch:[2962] Adversarial images for this batch already exist
2026-02-09 02:54:31,598 - ADV_Generation_eps_1.0_steps_100 - INFO - Batch 2963/3783: Clean accuracy 0.7229 | Adv accuracy: 0.0000 
2026-02-09 02:54:31,599 - ADV_Generation_eps_1.0_steps_100 - INFO - Batch:[2963] Adversarial images for this batch already exist
2026-02-09 02:54:31,739 - ADV_Generation_eps_1.0_steps_100 - INFO - Batch 2964/3783: Clean accuracy 0.7227 | Adv accuracy: 0.0000 
2026-02-09 02:54:31,740 - ADV_Generation_eps_1.0_steps_100 - INFO - Batch:[2964] Adversarial images for this batch already exist
2026-02-09 02:54:31,876 - ADV_Generation_eps_1.0_steps_100 - INFO - Batch 2965/3783: Clean accuracy 0.7228 | Adv accuracy: 0.0000 
2026-02-09 02:54:31,877 - ADV_Generation_eps_1.0_steps_100 - INFO - Batch:[2965] Adversarial images for this batch already exist
2026-02-09 02:54:32,015 - ADV_Generation_eps_1.0_steps_100 - INFO - Batch 2966/3783: Clean accuracy 0.7229 | Adv accuracy: 0.0000 
2026-02-09 02:54:32,016 - ADV_Generation_eps_1.0_steps_100 - INFO - Batch:[2966] Adversarial images for this batch already exist
2026-02-09 02:54:32,158 - ADV_Generation_eps_1.0_steps_100 - INFO - Batch 2967/3783: Clean accuracy 0.7226 | Adv accuracy: 0.0000 
2026-02-09 02:54:32,160 - ADV_Generation_eps_1.0_steps_100 - INFO - Batch:[2967] Adversarial images for this batch already exist
2026-02-09 02:54:32,300 - ADV_Generation_eps_1.0_steps_100 - INFO - Batch 2968/3783: Clean accuracy 0.7224 | Adv accuracy: 0.0000 
2026-02-09 02:54:32,301 - ADV_Generation_eps_1.0_steps_100 - INFO - Batch:[2968] Adversarial images for this batch already exist
2026-02-09 02:54:32,466 - ADV_Generation_eps_1.0_steps_100 - INFO - Batch 2969/3783: Clean accuracy 0.7221 | Adv accuracy: 0.0000 
2026-02-09 02:54:32,467 - ADV_Generation_eps_1.0_steps_100 - INFO - Batch:[2969] Adversarial images for this batch already exist
2026-02-09 02:54:32,603 - ADV_Generation_eps_1.0_steps_100 - INFO - Batch 2970/3783: Clean accuracy 0.7219 | Adv accuracy: 0.0000 
2026-02-09 02:54:32,604 - ADV_Generation_eps_1.0_steps_100 - INFO - Batch:[2970] Adversarial images for this batch already exist
2026-02-09 02:54:32,738 - ADV_Generation_eps_1.0_steps_100 - INFO - Batch 2971/3783: Clean accuracy 0.7216 | Adv accuracy: 0.0000 
2026-02-09 02:54:32,739 - ADV_Generation_eps_1.0_steps_100 - INFO - Batch:[2971] Adversarial images for this batch already exist
2026-02-09 02:54:32,878 - ADV_Generation_eps_1.0_steps_100 - INFO - Batch 2972/3783: Clean accuracy 0.7214 | Adv accuracy: 0.0000 
2026-02-09 02:54:32,879 - ADV_Generation_eps_1.0_steps_100 - INFO - Batch:[2972] Adversarial images for this batch already exist
2026-02-09 02:54:33,021 - ADV_Generation_eps_1.0_steps_100 - INFO - Batch 2973/3783: Clean accuracy 0.7215 | Adv accuracy: 0.0000 
2026-02-09 02:54:33,022 - ADV_Generation_eps_1.0_steps_100 - INFO - Batch:[2973] Adversarial images for this batch already exist
2026-02-09 02:54:33,166 - ADV_Generation_eps_1.0_steps_100 - INFO - Batch 2974/3783: Clean accuracy 0.7213 | Adv accuracy: 0.0000 
2026-02-09 02:54:33,167 - ADV_Generation_eps_1.0_steps_100 - INFO - Batch:[2974] Adversarial images for this batch already exist
2026-02-09 02:54:33,300 - ADV_Generation_eps_1.0_steps_100 - INFO - Batch 2975/3783: Clean accuracy 0.7210 | Adv accuracy: 0.0000 
2026-02-09 02:54:33,301 - ADV_Generation_eps_1.0_steps_100 - INFO - Batch:[2975] Adversarial images for this batch already exist
2026-02-09 02:54:33,446 - ADV_Generation_eps_1.0_steps_100 - INFO - Batch 2976/3783: Clean accuracy 0.7208 | Adv accuracy: 0.0000 
2026-02-09 02:54:33,447 - ADV_Generation_eps_1.0_steps_100 - INFO - Batch:[2976] Adversarial images for this batch already exist
2026-02-09 02:54:33,589 - ADV_Generation_eps_1.0_steps_100 - INFO - Batch 2977/3783: Clean accuracy 0.7205 | Adv accuracy: 0.0000 
2026-02-09 02:54:33,590 - ADV_Generation_eps_1.0_steps_100 - INFO - Batch:[2977] Adversarial images for this batch already exist
2026-02-09 02:54:33,728 - ADV_Generation_eps_1.0_steps_100 - INFO - Batch 2978/3783: Clean accuracy 0.7206 | Adv accuracy: 0.0000 
2026-02-09 02:54:33,728 - ADV_Generation_eps_1.0_steps_100 - INFO - Batch:[2978] Adversarial images for this batch already exist
2026-02-09 02:54:33,867 - ADV_Generation_eps_1.0_steps_100 - INFO - Batch 2979/3783: Clean accuracy 0.7204 | Adv accuracy: 0.0000 
2026-02-09 02:54:33,868 - ADV_Generation_eps_1.0_steps_100 - INFO - Batch:[2979] Adversarial images for this batch already exist
2026-02-09 02:54:34,018 - ADV_Generation_eps_1.0_steps_100 - INFO - Batch 2980/3783: Clean accuracy 0.7205 | Adv accuracy: 0.0000 
2026-02-09 02:54:34,019 - ADV_Generation_eps_1.0_steps_100 - INFO - Batch:[2980] Adversarial images for this batch already exist
2026-02-09 02:54:34,156 - ADV_Generation_eps_1.0_steps_100 - INFO - Batch 2981/3783: Clean accuracy 0.7206 | Adv accuracy: 0.0000 
2026-02-09 02:54:34,157 - ADV_Generation_eps_1.0_steps_100 - INFO - Batch:[2981] Adversarial images for this batch already exist
2026-02-09 02:54:34,299 - ADV_Generation_eps_1.0_steps_100 - INFO - Batch 2982/3783: Clean accuracy 0.7207 | Adv accuracy: 0.0000 
2026-02-09 02:54:34,299 - ADV_Generation_eps_1.0_steps_100 - INFO - Batch:[2982] Adversarial images for this batch already exist
2026-02-09 02:54:34,438 - ADV_Generation_eps_1.0_steps_100 - INFO - Batch 2983/3783: Clean accuracy 0.7208 | Adv accuracy: 0.0000 
2026-02-09 02:54:34,439 - ADV_Generation_eps_1.0_steps_100 - INFO - Batch:[2983] Adversarial images for this batch already exist
2026-02-09 02:54:34,578 - ADV_Generation_eps_1.0_steps_100 - INFO - Batch 2984/3783: Clean accuracy 0.7208 | Adv accuracy: 0.0000 
2026-02-09 02:54:34,579 - ADV_Generation_eps_1.0_steps_100 - INFO - Batch:[2984] Adversarial images for this batch already exist
2026-02-09 02:54:34,721 - ADV_Generation_eps_1.0_steps_100 - INFO - Batch 2985/3783: Clean accuracy 0.7209 | Adv accuracy: 0.0000 
2026-02-09 02:54:34,722 - ADV_Generation_eps_1.0_steps_100 - INFO - Batch:[2985] Adversarial images for this batch already exist
2026-02-09 02:54:34,860 - ADV_Generation_eps_1.0_steps_100 - INFO - Batch 2986/3783: Clean accuracy 0.7207 | Adv accuracy: 0.0000 
2026-02-09 02:54:34,861 - ADV_Generation_eps_1.0_steps_100 - INFO - Batch:[2986] Adversarial images for this batch already exist
2026-02-09 02:54:34,999 - ADV_Generation_eps_1.0_steps_100 - INFO - Batch 2987/3783: Clean accuracy 0.7205 | Adv accuracy: 0.0000 
2026-02-09 02:54:34,999 - ADV_Generation_eps_1.0_steps_100 - INFO - Batch:[2987] Adversarial images for this batch already exist
2026-02-09 02:54:35,145 - ADV_Generation_eps_1.0_steps_100 - INFO - Batch 2988/3783: Clean accuracy 0.7205 | Adv accuracy: 0.0000 
2026-02-09 02:54:35,146 - ADV_Generation_eps_1.0_steps_100 - INFO - Batch:[2988] Adversarial images for this batch already exist
2026-02-09 02:54:35,282 - ADV_Generation_eps_1.0_steps_100 - INFO - Batch 2989/3783: Clean accuracy 0.7206 | Adv accuracy: 0.0000 
2026-02-09 02:54:35,283 - ADV_Generation_eps_1.0_steps_100 - INFO - Batch:[2989] Adversarial images for this batch already exist
2026-02-09 02:54:35,423 - ADV_Generation_eps_1.0_steps_100 - INFO - Batch 2990/3783: Clean accuracy 0.7204 | Adv accuracy: 0.0000 
2026-02-09 02:54:35,423 - ADV_Generation_eps_1.0_steps_100 - INFO - Batch:[2990] Adversarial images for this batch already exist
2026-02-09 02:54:35,569 - ADV_Generation_eps_1.0_steps_100 - INFO - Batch 2991/3783: Clean accuracy 0.7205 | Adv accuracy: 0.0000 
2026-02-09 02:54:35,570 - ADV_Generation_eps_1.0_steps_100 - INFO - Batch:[2991] Adversarial images for this batch already exist
2026-02-09 02:54:35,711 - ADV_Generation_eps_1.0_steps_100 - INFO - Batch 2992/3783: Clean accuracy 0.7206 | Adv accuracy: 0.0000 
2026-02-09 02:54:35,712 - ADV_Generation_eps_1.0_steps_100 - INFO - Batch:[2992] Adversarial images for this batch already exist
2026-02-09 02:54:35,854 - ADV_Generation_eps_1.0_steps_100 - INFO - Batch 2993/3783: Clean accuracy 0.7207 | Adv accuracy: 0.0000 
2026-02-09 02:54:35,855 - ADV_Generation_eps_1.0_steps_100 - INFO - Batch:[2993] Adversarial images for this batch already exist
2026-02-09 02:54:36,013 - ADV_Generation_eps_1.0_steps_100 - INFO - Batch 2994/3783: Clean accuracy 0.7208 | Adv accuracy: 0.0000 
2026-02-09 02:54:36,014 - ADV_Generation_eps_1.0_steps_100 - INFO - Batch:[2994] Adversarial images for this batch already exist
2026-02-09 02:54:36,151 - ADV_Generation_eps_1.0_steps_100 - INFO - Batch 2995/3783: Clean accuracy 0.7209 | Adv accuracy: 0.0000 
2026-02-09 02:54:36,152 - ADV_Generation_eps_1.0_steps_100 - INFO - Batch:[2995] Adversarial images for this batch already exist
2026-02-09 02:54:36,286 - ADV_Generation_eps_1.0_steps_100 - INFO - Batch 2996/3783: Clean accuracy 0.7210 | Adv accuracy: 0.0000 
2026-02-09 02:54:36,287 - ADV_Generation_eps_1.0_steps_100 - INFO - Batch:[2996] Adversarial images for this batch already exist
2026-02-09 02:54:36,421 - ADV_Generation_eps_1.0_steps_100 - INFO - Batch 2997/3783: Clean accuracy 0.7211 | Adv accuracy: 0.0000 
2026-02-09 02:54:36,422 - ADV_Generation_eps_1.0_steps_100 - INFO - Batch:[2997] Adversarial images for this batch already exist
2026-02-09 02:54:36,558 - ADV_Generation_eps_1.0_steps_100 - INFO - Batch 2998/3783: Clean accuracy 0.7211 | Adv accuracy: 0.0000 
2026-02-09 02:54:36,559 - ADV_Generation_eps_1.0_steps_100 - INFO - Batch:[2998] Adversarial images for this batch already exist
2026-02-09 02:54:36,708 - ADV_Generation_eps_1.0_steps_100 - INFO - Batch 2999/3783: Clean accuracy 0.7212 | Adv accuracy: 0.0000 
2026-02-09 02:54:36,709 - ADV_Generation_eps_1.0_steps_100 - INFO - Batch:[2999] Adversarial images for this batch already exist
2026-02-09 02:54:36,851 - ADV_Generation_eps_1.0_steps_100 - INFO - Batch 3000/3783: Clean accuracy 0.7213 | Adv accuracy: 0.0000 
2026-02-09 02:54:36,852 - ADV_Generation_eps_1.0_steps_100 - INFO - Batch:[3000] Adversarial images for this batch already exist
2026-02-09 02:54:36,987 - ADV_Generation_eps_1.0_steps_100 - INFO - Batch 3001/3783: Clean accuracy 0.7214 | Adv accuracy: 0.0000 
2026-02-09 02:54:36,987 - ADV_Generation_eps_1.0_steps_100 - INFO - Batch:[3001] Adversarial images for this batch already exist
2026-02-09 02:54:37,124 - ADV_Generation_eps_1.0_steps_100 - INFO - Batch 3002/3783: Clean accuracy 0.7215 | Adv accuracy: 0.0000 
2026-02-09 02:54:37,124 - ADV_Generation_eps_1.0_steps_100 - INFO - Batch:[3002] Adversarial images for this batch already exist
2026-02-09 02:54:37,263 - ADV_Generation_eps_1.0_steps_100 - INFO - Batch 3003/3783: Clean accuracy 0.7216 | Adv accuracy: 0.0000 
2026-02-09 02:54:37,264 - ADV_Generation_eps_1.0_steps_100 - INFO - Batch:[3003] Adversarial images for this batch already exist
2026-02-09 02:54:37,402 - ADV_Generation_eps_1.0_steps_100 - INFO - Batch 3004/3783: Clean accuracy 0.7217 | Adv accuracy: 0.0000 
2026-02-09 02:54:37,403 - ADV_Generation_eps_1.0_steps_100 - INFO - Batch:[3004] Adversarial images for this batch already exist
2026-02-09 02:54:37,543 - ADV_Generation_eps_1.0_steps_100 - INFO - Batch 3005/3783: Clean accuracy 0.7218 | Adv accuracy: 0.0000 
2026-02-09 02:54:37,544 - ADV_Generation_eps_1.0_steps_100 - INFO - Batch:[3005] Adversarial images for this batch already exist
2026-02-09 02:54:37,690 - ADV_Generation_eps_1.0_steps_100 - INFO - Batch 3006/3783: Clean accuracy 0.7219 | Adv accuracy: 0.0000 
2026-02-09 02:54:37,691 - ADV_Generation_eps_1.0_steps_100 - INFO - Batch:[3006] Adversarial images for this batch already exist
2026-02-09 02:54:37,829 - ADV_Generation_eps_1.0_steps_100 - INFO - Batch 3007/3783: Clean accuracy 0.7220 | Adv accuracy: 0.0000 
2026-02-09 02:54:37,830 - ADV_Generation_eps_1.0_steps_100 - INFO - Batch:[3007] Adversarial images for this batch already exist
2026-02-09 02:54:37,977 - ADV_Generation_eps_1.0_steps_100 - INFO - Batch 3008/3783: Clean accuracy 0.7221 | Adv accuracy: 0.0000 
2026-02-09 02:54:37,977 - ADV_Generation_eps_1.0_steps_100 - INFO - Batch:[3008] Adversarial images for this batch already exist
2026-02-09 02:54:38,112 - ADV_Generation_eps_1.0_steps_100 - INFO - Batch 3009/3783: Clean accuracy 0.7222 | Adv accuracy: 0.0000 
2026-02-09 02:54:38,113 - ADV_Generation_eps_1.0_steps_100 - INFO - Batch:[3009] Adversarial images for this batch already exist
2026-02-09 02:54:38,255 - ADV_Generation_eps_1.0_steps_100 - INFO - Batch 3010/3783: Clean accuracy 0.7223 | Adv accuracy: 0.0000 
2026-02-09 02:54:38,256 - ADV_Generation_eps_1.0_steps_100 - INFO - Batch:[3010] Adversarial images for this batch already exist
2026-02-09 02:54:38,393 - ADV_Generation_eps_1.0_steps_100 - INFO - Batch 3011/3783: Clean accuracy 0.7224 | Adv accuracy: 0.0000 
2026-02-09 02:54:38,394 - ADV_Generation_eps_1.0_steps_100 - INFO - Batch:[3011] Adversarial images for this batch already exist
2026-02-09 02:54:38,561 - ADV_Generation_eps_1.0_steps_100 - INFO - Batch 3012/3783: Clean accuracy 0.7224 | Adv accuracy: 0.0000 
2026-02-09 02:54:38,562 - ADV_Generation_eps_1.0_steps_100 - INFO - Batch:[3012] Adversarial images for this batch already exist
2026-02-09 02:54:38,698 - ADV_Generation_eps_1.0_steps_100 - INFO - Batch 3013/3783: Clean accuracy 0.7225 | Adv accuracy: 0.0000 
2026-02-09 02:54:38,699 - ADV_Generation_eps_1.0_steps_100 - INFO - Batch:[3013] Adversarial images for this batch already exist
2026-02-09 02:54:38,839 - ADV_Generation_eps_1.0_steps_100 - INFO - Batch 3014/3783: Clean accuracy 0.7226 | Adv accuracy: 0.0000 
2026-02-09 02:54:38,840 - ADV_Generation_eps_1.0_steps_100 - INFO - Batch:[3014] Adversarial images for this batch already exist
2026-02-09 02:54:38,978 - ADV_Generation_eps_1.0_steps_100 - INFO - Batch 3015/3783: Clean accuracy 0.7227 | Adv accuracy: 0.0000 
2026-02-09 02:54:38,979 - ADV_Generation_eps_1.0_steps_100 - INFO - Batch:[3015] Adversarial images for this batch already exist
2026-02-09 02:54:39,123 - ADV_Generation_eps_1.0_steps_100 - INFO - Batch 3016/3783: Clean accuracy 0.7228 | Adv accuracy: 0.0000 
2026-02-09 02:54:39,124 - ADV_Generation_eps_1.0_steps_100 - INFO - Batch:[3016] Adversarial images for this batch already exist
2026-02-09 02:54:39,257 - ADV_Generation_eps_1.0_steps_100 - INFO - Batch 3017/3783: Clean accuracy 0.7229 | Adv accuracy: 0.0000 
2026-02-09 02:54:39,258 - ADV_Generation_eps_1.0_steps_100 - INFO - Batch:[3017] Adversarial images for this batch already exist
2026-02-09 02:54:39,396 - ADV_Generation_eps_1.0_steps_100 - INFO - Batch 3018/3783: Clean accuracy 0.7230 | Adv accuracy: 0.0000 
2026-02-09 02:54:39,397 - ADV_Generation_eps_1.0_steps_100 - INFO - Batch:[3018] Adversarial images for this batch already exist
2026-02-09 02:54:39,536 - ADV_Generation_eps_1.0_steps_100 - INFO - Batch 3019/3783: Clean accuracy 0.7231 | Adv accuracy: 0.0000 
2026-02-09 02:54:39,537 - ADV_Generation_eps_1.0_steps_100 - INFO - Batch:[3019] Adversarial images for this batch already exist
2026-02-09 02:54:39,672 - ADV_Generation_eps_1.0_steps_100 - INFO - Batch 3020/3783: Clean accuracy 0.7232 | Adv accuracy: 0.0000 
2026-02-09 02:54:39,673 - ADV_Generation_eps_1.0_steps_100 - INFO - Batch:[3020] Adversarial images for this batch already exist
2026-02-09 02:54:39,805 - ADV_Generation_eps_1.0_steps_100 - INFO - Batch 3021/3783: Clean accuracy 0.7233 | Adv accuracy: 0.0000 
2026-02-09 02:54:39,806 - ADV_Generation_eps_1.0_steps_100 - INFO - Batch:[3021] Adversarial images for this batch already exist
2026-02-09 02:54:39,941 - ADV_Generation_eps_1.0_steps_100 - INFO - Batch 3022/3783: Clean accuracy 0.7234 | Adv accuracy: 0.0000 
2026-02-09 02:54:39,941 - ADV_Generation_eps_1.0_steps_100 - INFO - Batch:[3022] Adversarial images for this batch already exist
2026-02-09 02:54:40,075 - ADV_Generation_eps_1.0_steps_100 - INFO - Batch 3023/3783: Clean accuracy 0.7235 | Adv accuracy: 0.0000 
2026-02-09 02:54:40,076 - ADV_Generation_eps_1.0_steps_100 - INFO - Batch:[3023] Adversarial images for this batch already exist
2026-02-09 02:54:40,220 - ADV_Generation_eps_1.0_steps_100 - INFO - Batch 3024/3783: Clean accuracy 0.7235 | Adv accuracy: 0.0000 
2026-02-09 02:54:40,220 - ADV_Generation_eps_1.0_steps_100 - INFO - Batch:[3024] Adversarial images for this batch already exist
2026-02-09 02:54:40,362 - ADV_Generation_eps_1.0_steps_100 - INFO - Batch 3025/3783: Clean accuracy 0.7236 | Adv accuracy: 0.0000 
2026-02-09 02:54:40,363 - ADV_Generation_eps_1.0_steps_100 - INFO - Batch:[3025] Adversarial images for this batch already exist
2026-02-09 02:54:40,501 - ADV_Generation_eps_1.0_steps_100 - INFO - Batch 3026/3783: Clean accuracy 0.7237 | Adv accuracy: 0.0000 
2026-02-09 02:54:40,502 - ADV_Generation_eps_1.0_steps_100 - INFO - Batch:[3026] Adversarial images for this batch already exist
2026-02-09 02:54:40,638 - ADV_Generation_eps_1.0_steps_100 - INFO - Batch 3027/3783: Clean accuracy 0.7238 | Adv accuracy: 0.0000 
2026-02-09 02:54:40,639 - ADV_Generation_eps_1.0_steps_100 - INFO - Batch:[3027] Adversarial images for this batch already exist
2026-02-09 02:54:40,774 - ADV_Generation_eps_1.0_steps_100 - INFO - Batch 3028/3783: Clean accuracy 0.7239 | Adv accuracy: 0.0000 
2026-02-09 02:54:40,775 - ADV_Generation_eps_1.0_steps_100 - INFO - Batch:[3028] Adversarial images for this batch already exist
2026-02-09 02:54:40,912 - ADV_Generation_eps_1.0_steps_100 - INFO - Batch 3029/3783: Clean accuracy 0.7240 | Adv accuracy: 0.0000 
2026-02-09 02:54:40,913 - ADV_Generation_eps_1.0_steps_100 - INFO - Batch:[3029] Adversarial images for this batch already exist
2026-02-09 02:54:41,046 - ADV_Generation_eps_1.0_steps_100 - INFO - Batch 3030/3783: Clean accuracy 0.7241 | Adv accuracy: 0.0000 
2026-02-09 02:54:41,047 - ADV_Generation_eps_1.0_steps_100 - INFO - Batch:[3030] Adversarial images for this batch already exist
2026-02-09 02:54:41,192 - ADV_Generation_eps_1.0_steps_100 - INFO - Batch 3031/3783: Clean accuracy 0.7242 | Adv accuracy: 0.0000 
2026-02-09 02:54:41,193 - ADV_Generation_eps_1.0_steps_100 - INFO - Batch:[3031] Adversarial images for this batch already exist
2026-02-09 02:54:41,337 - ADV_Generation_eps_1.0_steps_100 - INFO - Batch 3032/3783: Clean accuracy 0.7243 | Adv accuracy: 0.0000 
2026-02-09 02:54:41,338 - ADV_Generation_eps_1.0_steps_100 - INFO - Batch:[3032] Adversarial images for this batch already exist
2026-02-09 02:54:41,476 - ADV_Generation_eps_1.0_steps_100 - INFO - Batch 3033/3783: Clean accuracy 0.7244 | Adv accuracy: 0.0000 
2026-02-09 02:54:41,477 - ADV_Generation_eps_1.0_steps_100 - INFO - Batch:[3033] Adversarial images for this batch already exist
2026-02-09 02:54:41,616 - ADV_Generation_eps_1.0_steps_100 - INFO - Batch 3034/3783: Clean accuracy 0.7245 | Adv accuracy: 0.0000 
2026-02-09 02:54:41,617 - ADV_Generation_eps_1.0_steps_100 - INFO - Batch:[3034] Adversarial images for this batch already exist
2026-02-09 02:54:41,756 - ADV_Generation_eps_1.0_steps_100 - INFO - Batch 3035/3783: Clean accuracy 0.7245 | Adv accuracy: 0.0000 
2026-02-09 02:54:41,757 - ADV_Generation_eps_1.0_steps_100 - INFO - Batch:[3035] Adversarial images for this batch already exist
2026-02-09 02:54:41,908 - ADV_Generation_eps_1.0_steps_100 - INFO - Batch 3036/3783: Clean accuracy 0.7246 | Adv accuracy: 0.0000 
2026-02-09 02:54:41,909 - ADV_Generation_eps_1.0_steps_100 - INFO - Batch:[3036] Adversarial images for this batch already exist
2026-02-09 02:54:42,045 - ADV_Generation_eps_1.0_steps_100 - INFO - Batch 3037/3783: Clean accuracy 0.7247 | Adv accuracy: 0.0000 
2026-02-09 02:54:42,046 - ADV_Generation_eps_1.0_steps_100 - INFO - Batch:[3037] Adversarial images for this batch already exist
2026-02-09 02:54:42,211 - ADV_Generation_eps_1.0_steps_100 - INFO - Batch 3038/3783: Clean accuracy 0.7245 | Adv accuracy: 0.0000 
2026-02-09 02:54:42,213 - ADV_Generation_eps_1.0_steps_100 - INFO - Batch:[3038] Adversarial images for this batch already exist
2026-02-09 02:54:42,352 - ADV_Generation_eps_1.0_steps_100 - INFO - Batch 3039/3783: Clean accuracy 0.7246 | Adv accuracy: 0.0000 
2026-02-09 02:54:42,353 - ADV_Generation_eps_1.0_steps_100 - INFO - Batch:[3039] Adversarial images for this batch already exist
2026-02-09 02:54:42,490 - ADV_Generation_eps_1.0_steps_100 - INFO - Batch 3040/3783: Clean accuracy 0.7247 | Adv accuracy: 0.0000 
2026-02-09 02:54:42,491 - ADV_Generation_eps_1.0_steps_100 - INFO - Batch:[3040] Adversarial images for this batch already exist
2026-02-09 02:54:42,677 - ADV_Generation_eps_1.0_steps_100 - INFO - Batch 3041/3783: Clean accuracy 0.7248 | Adv accuracy: 0.0000 
2026-02-09 02:54:42,678 - ADV_Generation_eps_1.0_steps_100 - INFO - Batch:[3041] Adversarial images for this batch already exist
2026-02-09 02:54:42,821 - ADV_Generation_eps_1.0_steps_100 - INFO - Batch 3042/3783: Clean accuracy 0.7249 | Adv accuracy: 0.0000 
2026-02-09 02:54:42,822 - ADV_Generation_eps_1.0_steps_100 - INFO - Batch:[3042] Adversarial images for this batch already exist
2026-02-09 02:54:42,958 - ADV_Generation_eps_1.0_steps_100 - INFO - Batch 3043/3783: Clean accuracy 0.7249 | Adv accuracy: 0.0000 
2026-02-09 02:54:42,959 - ADV_Generation_eps_1.0_steps_100 - INFO - Batch:[3043] Adversarial images for this batch already exist
2026-02-09 02:54:43,098 - ADV_Generation_eps_1.0_steps_100 - INFO - Batch 3044/3783: Clean accuracy 0.7250 | Adv accuracy: 0.0000 
2026-02-09 02:54:43,099 - ADV_Generation_eps_1.0_steps_100 - INFO - Batch:[3044] Adversarial images for this batch already exist
2026-02-09 02:54:43,249 - ADV_Generation_eps_1.0_steps_100 - INFO - Batch 3045/3783: Clean accuracy 0.7251 | Adv accuracy: 0.0000 
2026-02-09 02:54:43,249 - ADV_Generation_eps_1.0_steps_100 - INFO - Batch:[3045] Adversarial images for this batch already exist
2026-02-09 02:54:43,384 - ADV_Generation_eps_1.0_steps_100 - INFO - Batch 3046/3783: Clean accuracy 0.7252 | Adv accuracy: 0.0000 
2026-02-09 02:54:43,386 - ADV_Generation_eps_1.0_steps_100 - INFO - Batch:[3046] Adversarial images for this batch already exist
2026-02-09 02:54:43,531 - ADV_Generation_eps_1.0_steps_100 - INFO - Batch 3047/3783: Clean accuracy 0.7253 | Adv accuracy: 0.0000 
2026-02-09 02:54:43,532 - ADV_Generation_eps_1.0_steps_100 - INFO - Batch:[3047] Adversarial images for this batch already exist
2026-02-09 02:54:43,670 - ADV_Generation_eps_1.0_steps_100 - INFO - Batch 3048/3783: Clean accuracy 0.7254 | Adv accuracy: 0.0000 
2026-02-09 02:54:43,671 - ADV_Generation_eps_1.0_steps_100 - INFO - Batch:[3048] Adversarial images for this batch already exist
2026-02-09 02:54:43,812 - ADV_Generation_eps_1.0_steps_100 - INFO - Batch 3049/3783: Clean accuracy 0.7255 | Adv accuracy: 0.0000 
2026-02-09 02:54:43,813 - ADV_Generation_eps_1.0_steps_100 - INFO - Batch:[3049] Adversarial images for this batch already exist
2026-02-09 02:54:43,964 - ADV_Generation_eps_1.0_steps_100 - INFO - Batch 3050/3783: Clean accuracy 0.7256 | Adv accuracy: 0.0000 
2026-02-09 02:54:43,965 - ADV_Generation_eps_1.0_steps_100 - INFO - Batch:[3050] Adversarial images for this batch already exist
2026-02-09 02:54:44,102 - ADV_Generation_eps_1.0_steps_100 - INFO - Batch 3051/3783: Clean accuracy 0.7257 | Adv accuracy: 0.0000 
2026-02-09 02:54:44,103 - ADV_Generation_eps_1.0_steps_100 - INFO - Batch:[3051] Adversarial images for this batch already exist
2026-02-09 02:54:44,237 - ADV_Generation_eps_1.0_steps_100 - INFO - Batch 3052/3783: Clean accuracy 0.7254 | Adv accuracy: 0.0000 
2026-02-09 02:54:44,238 - ADV_Generation_eps_1.0_steps_100 - INFO - Batch:[3052] Adversarial images for this batch already exist
2026-02-09 02:54:44,374 - ADV_Generation_eps_1.0_steps_100 - INFO - Batch 3053/3783: Clean accuracy 0.7255 | Adv accuracy: 0.0000 
2026-02-09 02:54:44,375 - ADV_Generation_eps_1.0_steps_100 - INFO - Batch:[3053] Adversarial images for this batch already exist
2026-02-09 02:54:44,513 - ADV_Generation_eps_1.0_steps_100 - INFO - Batch 3054/3783: Clean accuracy 0.7256 | Adv accuracy: 0.0000 
2026-02-09 02:54:44,514 - ADV_Generation_eps_1.0_steps_100 - INFO - Batch:[3054] Adversarial images for this batch already exist
2026-02-09 02:54:44,654 - ADV_Generation_eps_1.0_steps_100 - INFO - Batch 3055/3783: Clean accuracy 0.7257 | Adv accuracy: 0.0000 
2026-02-09 02:54:44,654 - ADV_Generation_eps_1.0_steps_100 - INFO - Batch:[3055] Adversarial images for this batch already exist
2026-02-09 02:54:44,798 - ADV_Generation_eps_1.0_steps_100 - INFO - Batch 3056/3783: Clean accuracy 0.7258 | Adv accuracy: 0.0000 
2026-02-09 02:54:44,799 - ADV_Generation_eps_1.0_steps_100 - INFO - Batch:[3056] Adversarial images for this batch already exist
2026-02-09 02:54:44,948 - ADV_Generation_eps_1.0_steps_100 - INFO - Batch 3057/3783: Clean accuracy 0.7259 | Adv accuracy: 0.0000 
2026-02-09 02:54:44,949 - ADV_Generation_eps_1.0_steps_100 - INFO - Batch:[3057] Adversarial images for this batch already exist
2026-02-09 02:54:45,082 - ADV_Generation_eps_1.0_steps_100 - INFO - Batch 3058/3783: Clean accuracy 0.7260 | Adv accuracy: 0.0000 
2026-02-09 02:54:45,083 - ADV_Generation_eps_1.0_steps_100 - INFO - Batch:[3058] Adversarial images for this batch already exist
2026-02-09 02:54:45,219 - ADV_Generation_eps_1.0_steps_100 - INFO - Batch 3059/3783: Clean accuracy 0.7261 | Adv accuracy: 0.0000 
2026-02-09 02:54:45,220 - ADV_Generation_eps_1.0_steps_100 - INFO - Batch:[3059] Adversarial images for this batch already exist
2026-02-09 02:54:45,362 - ADV_Generation_eps_1.0_steps_100 - INFO - Batch 3060/3783: Clean accuracy 0.7258 | Adv accuracy: 0.0000 
2026-02-09 02:54:45,363 - ADV_Generation_eps_1.0_steps_100 - INFO - Batch:[3060] Adversarial images for this batch already exist
2026-02-09 02:54:45,500 - ADV_Generation_eps_1.0_steps_100 - INFO - Batch 3061/3783: Clean accuracy 0.7256 | Adv accuracy: 0.0000 
2026-02-09 02:54:45,500 - ADV_Generation_eps_1.0_steps_100 - INFO - Batch:[3061] Adversarial images for this batch already exist
2026-02-09 02:54:45,639 - ADV_Generation_eps_1.0_steps_100 - INFO - Batch 3062/3783: Clean accuracy 0.7253 | Adv accuracy: 0.0000 
2026-02-09 02:54:45,640 - ADV_Generation_eps_1.0_steps_100 - INFO - Batch:[3062] Adversarial images for this batch already exist
2026-02-09 02:54:45,779 - ADV_Generation_eps_1.0_steps_100 - INFO - Batch 3063/3783: Clean accuracy 0.7251 | Adv accuracy: 0.0000 
2026-02-09 02:54:45,779 - ADV_Generation_eps_1.0_steps_100 - INFO - Batch:[3063] Adversarial images for this batch already exist
2026-02-09 02:54:45,933 - ADV_Generation_eps_1.0_steps_100 - INFO - Batch 3064/3783: Clean accuracy 0.7249 | Adv accuracy: 0.0000 
2026-02-09 02:54:45,934 - ADV_Generation_eps_1.0_steps_100 - INFO - Batch:[3064] Adversarial images for this batch already exist
2026-02-09 02:54:46,078 - ADV_Generation_eps_1.0_steps_100 - INFO - Batch 3065/3783: Clean accuracy 0.7246 | Adv accuracy: 0.0000 
2026-02-09 02:54:46,079 - ADV_Generation_eps_1.0_steps_100 - INFO - Batch:[3065] Adversarial images for this batch already exist
2026-02-09 02:54:46,227 - ADV_Generation_eps_1.0_steps_100 - INFO - Batch 3066/3783: Clean accuracy 0.7244 | Adv accuracy: 0.0000 
2026-02-09 02:54:46,228 - ADV_Generation_eps_1.0_steps_100 - INFO - Batch:[3066] Adversarial images for this batch already exist
2026-02-09 02:54:46,367 - ADV_Generation_eps_1.0_steps_100 - INFO - Batch 3067/3783: Clean accuracy 0.7242 | Adv accuracy: 0.0000 
2026-02-09 02:54:46,368 - ADV_Generation_eps_1.0_steps_100 - INFO - Batch:[3067] Adversarial images for this batch already exist
2026-02-09 02:54:46,509 - ADV_Generation_eps_1.0_steps_100 - INFO - Batch 3068/3783: Clean accuracy 0.7239 | Adv accuracy: 0.0000 
2026-02-09 02:54:46,510 - ADV_Generation_eps_1.0_steps_100 - INFO - Batch:[3068] Adversarial images for this batch already exist
2026-02-09 02:54:46,649 - ADV_Generation_eps_1.0_steps_100 - INFO - Batch 3069/3783: Clean accuracy 0.7237 | Adv accuracy: 0.0000 
2026-02-09 02:54:46,650 - ADV_Generation_eps_1.0_steps_100 - INFO - Batch:[3069] Adversarial images for this batch already exist
2026-02-09 02:54:46,823 - ADV_Generation_eps_1.0_steps_100 - INFO - Batch 3070/3783: Clean accuracy 0.7235 | Adv accuracy: 0.0000 
2026-02-09 02:54:46,824 - ADV_Generation_eps_1.0_steps_100 - INFO - Batch:[3070] Adversarial images for this batch already exist
2026-02-09 02:54:46,960 - ADV_Generation_eps_1.0_steps_100 - INFO - Batch 3071/3783: Clean accuracy 0.7232 | Adv accuracy: 0.0000 
2026-02-09 02:54:46,961 - ADV_Generation_eps_1.0_steps_100 - INFO - Batch:[3071] Adversarial images for this batch already exist
2026-02-09 02:54:47,101 - ADV_Generation_eps_1.0_steps_100 - INFO - Batch 3072/3783: Clean accuracy 0.7230 | Adv accuracy: 0.0000 
2026-02-09 02:54:47,102 - ADV_Generation_eps_1.0_steps_100 - INFO - Batch:[3072] Adversarial images for this batch already exist
2026-02-09 02:54:47,245 - ADV_Generation_eps_1.0_steps_100 - INFO - Batch 3073/3783: Clean accuracy 0.7227 | Adv accuracy: 0.0000 
2026-02-09 02:54:47,246 - ADV_Generation_eps_1.0_steps_100 - INFO - Batch:[3073] Adversarial images for this batch already exist
2026-02-09 02:54:47,384 - ADV_Generation_eps_1.0_steps_100 - INFO - Batch 3074/3783: Clean accuracy 0.7225 | Adv accuracy: 0.0000 
2026-02-09 02:54:47,385 - ADV_Generation_eps_1.0_steps_100 - INFO - Batch:[3074] Adversarial images for this batch already exist
2026-02-09 02:54:47,522 - ADV_Generation_eps_1.0_steps_100 - INFO - Batch 3075/3783: Clean accuracy 0.7223 | Adv accuracy: 0.0000 
2026-02-09 02:54:47,523 - ADV_Generation_eps_1.0_steps_100 - INFO - Batch:[3075] Adversarial images for this batch already exist
2026-02-09 02:54:47,666 - ADV_Generation_eps_1.0_steps_100 - INFO - Batch 3076/3783: Clean accuracy 0.7220 | Adv accuracy: 0.0000 
2026-02-09 02:54:47,668 - ADV_Generation_eps_1.0_steps_100 - INFO - Batch:[3076] Adversarial images for this batch already exist
2026-02-09 02:54:47,807 - ADV_Generation_eps_1.0_steps_100 - INFO - Batch 3077/3783: Clean accuracy 0.7218 | Adv accuracy: 0.0000 
2026-02-09 02:54:47,808 - ADV_Generation_eps_1.0_steps_100 - INFO - Batch:[3077] Adversarial images for this batch already exist
2026-02-09 02:54:47,949 - ADV_Generation_eps_1.0_steps_100 - INFO - Batch 3078/3783: Clean accuracy 0.7216 | Adv accuracy: 0.0000 
2026-02-09 02:54:47,950 - ADV_Generation_eps_1.0_steps_100 - INFO - Batch:[3078] Adversarial images for this batch already exist
2026-02-09 02:54:48,089 - ADV_Generation_eps_1.0_steps_100 - INFO - Batch 3079/3783: Clean accuracy 0.7213 | Adv accuracy: 0.0000 
2026-02-09 02:54:48,090 - ADV_Generation_eps_1.0_steps_100 - INFO - Batch:[3079] Adversarial images for this batch already exist
2026-02-09 02:54:48,226 - ADV_Generation_eps_1.0_steps_100 - INFO - Batch 3080/3783: Clean accuracy 0.7211 | Adv accuracy: 0.0000 
2026-02-09 02:54:48,227 - ADV_Generation_eps_1.0_steps_100 - INFO - Batch:[3080] Adversarial images for this batch already exist
2026-02-09 02:54:48,366 - ADV_Generation_eps_1.0_steps_100 - INFO - Batch 3081/3783: Clean accuracy 0.7209 | Adv accuracy: 0.0000 
2026-02-09 02:54:48,367 - ADV_Generation_eps_1.0_steps_100 - INFO - Batch:[3081] Adversarial images for this batch already exist
2026-02-09 02:54:48,501 - ADV_Generation_eps_1.0_steps_100 - INFO - Batch 3082/3783: Clean accuracy 0.7206 | Adv accuracy: 0.0000 
2026-02-09 02:54:48,502 - ADV_Generation_eps_1.0_steps_100 - INFO - Batch:[3082] Adversarial images for this batch already exist
2026-02-09 02:54:48,663 - ADV_Generation_eps_1.0_steps_100 - INFO - Batch 3083/3783: Clean accuracy 0.7204 | Adv accuracy: 0.0000 
2026-02-09 02:54:48,664 - ADV_Generation_eps_1.0_steps_100 - INFO - Batch:[3083] Adversarial images for this batch already exist
2026-02-09 02:54:48,803 - ADV_Generation_eps_1.0_steps_100 - INFO - Batch 3084/3783: Clean accuracy 0.7202 | Adv accuracy: 0.0000 
2026-02-09 02:54:48,804 - ADV_Generation_eps_1.0_steps_100 - INFO - Batch:[3084] Adversarial images for this batch already exist
2026-02-09 02:54:48,941 - ADV_Generation_eps_1.0_steps_100 - INFO - Batch 3085/3783: Clean accuracy 0.7203 | Adv accuracy: 0.0000 
2026-02-09 02:54:48,942 - ADV_Generation_eps_1.0_steps_100 - INFO - Batch:[3085] Adversarial images for this batch already exist
2026-02-09 02:54:49,091 - ADV_Generation_eps_1.0_steps_100 - INFO - Batch 3086/3783: Clean accuracy 0.7200 | Adv accuracy: 0.0000 
2026-02-09 02:54:49,092 - ADV_Generation_eps_1.0_steps_100 - INFO - Batch:[3086] Adversarial images for this batch already exist
2026-02-09 02:54:49,240 - ADV_Generation_eps_1.0_steps_100 - INFO - Batch 3087/3783: Clean accuracy 0.7198 | Adv accuracy: 0.0000 
2026-02-09 02:54:49,241 - ADV_Generation_eps_1.0_steps_100 - INFO - Batch:[3087] Adversarial images for this batch already exist
2026-02-09 02:54:49,386 - ADV_Generation_eps_1.0_steps_100 - INFO - Batch 3088/3783: Clean accuracy 0.7199 | Adv accuracy: 0.0000 
2026-02-09 02:54:49,386 - ADV_Generation_eps_1.0_steps_100 - INFO - Batch:[3088] Adversarial images for this batch already exist
2026-02-09 02:54:49,522 - ADV_Generation_eps_1.0_steps_100 - INFO - Batch 3089/3783: Clean accuracy 0.7200 | Adv accuracy: 0.0000 
2026-02-09 02:54:49,523 - ADV_Generation_eps_1.0_steps_100 - INFO - Batch:[3089] Adversarial images for this batch already exist
2026-02-09 02:54:49,681 - ADV_Generation_eps_1.0_steps_100 - INFO - Batch 3090/3783: Clean accuracy 0.7201 | Adv accuracy: 0.0000 
2026-02-09 02:54:49,682 - ADV_Generation_eps_1.0_steps_100 - INFO - Batch:[3090] Adversarial images for this batch already exist
2026-02-09 02:54:49,826 - ADV_Generation_eps_1.0_steps_100 - INFO - Batch 3091/3783: Clean accuracy 0.7202 | Adv accuracy: 0.0000 
2026-02-09 02:54:49,827 - ADV_Generation_eps_1.0_steps_100 - INFO - Batch:[3091] Adversarial images for this batch already exist
2026-02-09 02:54:49,982 - ADV_Generation_eps_1.0_steps_100 - INFO - Batch 3092/3783: Clean accuracy 0.7202 | Adv accuracy: 0.0000 
2026-02-09 02:54:49,983 - ADV_Generation_eps_1.0_steps_100 - INFO - Batch:[3092] Adversarial images for this batch already exist
2026-02-09 02:54:50,124 - ADV_Generation_eps_1.0_steps_100 - INFO - Batch 3093/3783: Clean accuracy 0.7203 | Adv accuracy: 0.0000 
2026-02-09 02:54:50,125 - ADV_Generation_eps_1.0_steps_100 - INFO - Batch:[3093] Adversarial images for this batch already exist
2026-02-09 02:54:50,292 - ADV_Generation_eps_1.0_steps_100 - INFO - Batch 3094/3783: Clean accuracy 0.7204 | Adv accuracy: 0.0000 
2026-02-09 02:54:50,292 - ADV_Generation_eps_1.0_steps_100 - INFO - Batch:[3094] Adversarial images for this batch already exist
2026-02-09 02:54:50,428 - ADV_Generation_eps_1.0_steps_100 - INFO - Batch 3095/3783: Clean accuracy 0.7205 | Adv accuracy: 0.0000 
2026-02-09 02:54:50,429 - ADV_Generation_eps_1.0_steps_100 - INFO - Batch:[3095] Adversarial images for this batch already exist
2026-02-09 02:54:50,570 - ADV_Generation_eps_1.0_steps_100 - INFO - Batch 3096/3783: Clean accuracy 0.7206 | Adv accuracy: 0.0000 
2026-02-09 02:54:50,571 - ADV_Generation_eps_1.0_steps_100 - INFO - Batch:[3096] Adversarial images for this batch already exist
2026-02-09 02:54:50,710 - ADV_Generation_eps_1.0_steps_100 - INFO - Batch 3097/3783: Clean accuracy 0.7207 | Adv accuracy: 0.0000 
2026-02-09 02:54:50,711 - ADV_Generation_eps_1.0_steps_100 - INFO - Batch:[3097] Adversarial images for this batch already exist
2026-02-09 02:54:50,849 - ADV_Generation_eps_1.0_steps_100 - INFO - Batch 3098/3783: Clean accuracy 0.7208 | Adv accuracy: 0.0000 
2026-02-09 02:54:50,850 - ADV_Generation_eps_1.0_steps_100 - INFO - Batch:[3098] Adversarial images for this batch already exist
2026-02-09 02:54:51,015 - ADV_Generation_eps_1.0_steps_100 - INFO - Batch 3099/3783: Clean accuracy 0.7209 | Adv accuracy: 0.0000 
2026-02-09 02:54:51,015 - ADV_Generation_eps_1.0_steps_100 - INFO - Batch:[3099] Adversarial images for this batch already exist
2026-02-09 02:54:51,175 - ADV_Generation_eps_1.0_steps_100 - INFO - Batch 3100/3783: Clean accuracy 0.7210 | Adv accuracy: 0.0000 
2026-02-09 02:54:51,176 - ADV_Generation_eps_1.0_steps_100 - INFO - Batch:[3100] Adversarial images for this batch already exist
2026-02-09 02:54:51,315 - ADV_Generation_eps_1.0_steps_100 - INFO - Batch 3101/3783: Clean accuracy 0.7211 | Adv accuracy: 0.0000 
2026-02-09 02:54:51,316 - ADV_Generation_eps_1.0_steps_100 - INFO - Batch:[3101] Adversarial images for this batch already exist
2026-02-09 02:54:51,457 - ADV_Generation_eps_1.0_steps_100 - INFO - Batch 3102/3783: Clean accuracy 0.7211 | Adv accuracy: 0.0000 
2026-02-09 02:54:51,458 - ADV_Generation_eps_1.0_steps_100 - INFO - Batch:[3102] Adversarial images for this batch already exist
2026-02-09 02:54:51,598 - ADV_Generation_eps_1.0_steps_100 - INFO - Batch 3103/3783: Clean accuracy 0.7212 | Adv accuracy: 0.0000 
2026-02-09 02:54:51,599 - ADV_Generation_eps_1.0_steps_100 - INFO - Batch:[3103] Adversarial images for this batch already exist
2026-02-09 02:54:51,738 - ADV_Generation_eps_1.0_steps_100 - INFO - Batch 3104/3783: Clean accuracy 0.7213 | Adv accuracy: 0.0000 
2026-02-09 02:54:51,739 - ADV_Generation_eps_1.0_steps_100 - INFO - Batch:[3104] Adversarial images for this batch already exist
2026-02-09 02:54:51,896 - ADV_Generation_eps_1.0_steps_100 - INFO - Batch 3105/3783: Clean accuracy 0.7214 | Adv accuracy: 0.0000 
2026-02-09 02:54:51,897 - ADV_Generation_eps_1.0_steps_100 - INFO - Batch:[3105] Adversarial images for this batch already exist
2026-02-09 02:54:52,033 - ADV_Generation_eps_1.0_steps_100 - INFO - Batch 3106/3783: Clean accuracy 0.7215 | Adv accuracy: 0.0000 
2026-02-09 02:54:52,034 - ADV_Generation_eps_1.0_steps_100 - INFO - Batch:[3106] Adversarial images for this batch already exist
2026-02-09 02:54:52,173 - ADV_Generation_eps_1.0_steps_100 - INFO - Batch 3107/3783: Clean accuracy 0.7216 | Adv accuracy: 0.0000 
2026-02-09 02:54:52,174 - ADV_Generation_eps_1.0_steps_100 - INFO - Batch:[3107] Adversarial images for this batch already exist
2026-02-09 02:54:52,333 - ADV_Generation_eps_1.0_steps_100 - INFO - Batch 3108/3783: Clean accuracy 0.7217 | Adv accuracy: 0.0000 
2026-02-09 02:54:52,334 - ADV_Generation_eps_1.0_steps_100 - INFO - Batch:[3108] Adversarial images for this batch already exist
2026-02-09 02:54:52,471 - ADV_Generation_eps_1.0_steps_100 - INFO - Batch 3109/3783: Clean accuracy 0.7218 | Adv accuracy: 0.0000 
2026-02-09 02:54:52,472 - ADV_Generation_eps_1.0_steps_100 - INFO - Batch:[3109] Adversarial images for this batch already exist
2026-02-09 02:54:52,617 - ADV_Generation_eps_1.0_steps_100 - INFO - Batch 3110/3783: Clean accuracy 0.7219 | Adv accuracy: 0.0000 
2026-02-09 02:54:52,619 - ADV_Generation_eps_1.0_steps_100 - INFO - Batch:[3110] Adversarial images for this batch already exist
2026-02-09 02:54:52,761 - ADV_Generation_eps_1.0_steps_100 - INFO - Batch 3111/3783: Clean accuracy 0.7220 | Adv accuracy: 0.0000 
2026-02-09 02:54:52,762 - ADV_Generation_eps_1.0_steps_100 - INFO - Batch:[3111] Adversarial images for this batch already exist
2026-02-09 02:54:52,901 - ADV_Generation_eps_1.0_steps_100 - INFO - Batch 3112/3783: Clean accuracy 0.7220 | Adv accuracy: 0.0000 
2026-02-09 02:54:52,902 - ADV_Generation_eps_1.0_steps_100 - INFO - Batch:[3112] Adversarial images for this batch already exist
2026-02-09 02:54:53,044 - ADV_Generation_eps_1.0_steps_100 - INFO - Batch 3113/3783: Clean accuracy 0.7221 | Adv accuracy: 0.0000 
2026-02-09 02:54:53,046 - ADV_Generation_eps_1.0_steps_100 - INFO - Batch:[3113] Adversarial images for this batch already exist
2026-02-09 02:54:53,183 - ADV_Generation_eps_1.0_steps_100 - INFO - Batch 3114/3783: Clean accuracy 0.7222 | Adv accuracy: 0.0000 
2026-02-09 02:54:53,184 - ADV_Generation_eps_1.0_steps_100 - INFO - Batch:[3114] Adversarial images for this batch already exist
2026-02-09 02:54:53,323 - ADV_Generation_eps_1.0_steps_100 - INFO - Batch 3115/3783: Clean accuracy 0.7223 | Adv accuracy: 0.0000 
2026-02-09 02:54:53,324 - ADV_Generation_eps_1.0_steps_100 - INFO - Batch:[3115] Adversarial images for this batch already exist
2026-02-09 02:54:53,460 - ADV_Generation_eps_1.0_steps_100 - INFO - Batch 3116/3783: Clean accuracy 0.7224 | Adv accuracy: 0.0000 
2026-02-09 02:54:53,462 - ADV_Generation_eps_1.0_steps_100 - INFO - Batch:[3116] Adversarial images for this batch already exist
2026-02-09 02:54:53,599 - ADV_Generation_eps_1.0_steps_100 - INFO - Batch 3117/3783: Clean accuracy 0.7225 | Adv accuracy: 0.0000 
2026-02-09 02:54:53,600 - ADV_Generation_eps_1.0_steps_100 - INFO - Batch:[3117] Adversarial images for this batch already exist
2026-02-09 02:54:53,740 - ADV_Generation_eps_1.0_steps_100 - INFO - Batch 3118/3783: Clean accuracy 0.7226 | Adv accuracy: 0.0000 
2026-02-09 02:54:53,741 - ADV_Generation_eps_1.0_steps_100 - INFO - Batch:[3118] Adversarial images for this batch already exist
2026-02-09 02:54:53,882 - ADV_Generation_eps_1.0_steps_100 - INFO - Batch 3119/3783: Clean accuracy 0.7227 | Adv accuracy: 0.0000 
2026-02-09 02:54:53,883 - ADV_Generation_eps_1.0_steps_100 - INFO - Batch:[3119] Adversarial images for this batch already exist
2026-02-09 02:54:54,021 - ADV_Generation_eps_1.0_steps_100 - INFO - Batch 3120/3783: Clean accuracy 0.7228 | Adv accuracy: 0.0000 
2026-02-09 02:54:54,022 - ADV_Generation_eps_1.0_steps_100 - INFO - Batch:[3120] Adversarial images for this batch already exist
2026-02-09 02:54:54,164 - ADV_Generation_eps_1.0_steps_100 - INFO - Batch 3121/3783: Clean accuracy 0.7225 | Adv accuracy: 0.0000 
2026-02-09 02:54:54,165 - ADV_Generation_eps_1.0_steps_100 - INFO - Batch:[3121] Adversarial images for this batch already exist
2026-02-09 02:54:54,304 - ADV_Generation_eps_1.0_steps_100 - INFO - Batch 3122/3783: Clean accuracy 0.7223 | Adv accuracy: 0.0000 
2026-02-09 02:54:54,305 - ADV_Generation_eps_1.0_steps_100 - INFO - Batch:[3122] Adversarial images for this batch already exist
2026-02-09 02:54:54,439 - ADV_Generation_eps_1.0_steps_100 - INFO - Batch 3123/3783: Clean accuracy 0.7221 | Adv accuracy: 0.0000 
2026-02-09 02:54:54,440 - ADV_Generation_eps_1.0_steps_100 - INFO - Batch:[3123] Adversarial images for this batch already exist
2026-02-09 02:54:54,586 - ADV_Generation_eps_1.0_steps_100 - INFO - Batch 3124/3783: Clean accuracy 0.7222 | Adv accuracy: 0.0000 
2026-02-09 02:54:54,587 - ADV_Generation_eps_1.0_steps_100 - INFO - Batch:[3124] Adversarial images for this batch already exist
2026-02-09 02:54:54,732 - ADV_Generation_eps_1.0_steps_100 - INFO - Batch 3125/3783: Clean accuracy 0.7222 | Adv accuracy: 0.0000 
2026-02-09 02:54:54,735 - ADV_Generation_eps_1.0_steps_100 - INFO - Batch:[3125] Adversarial images for this batch already exist
2026-02-09 02:54:54,869 - ADV_Generation_eps_1.0_steps_100 - INFO - Batch 3126/3783: Clean accuracy 0.7223 | Adv accuracy: 0.0000 
2026-02-09 02:54:54,870 - ADV_Generation_eps_1.0_steps_100 - INFO - Batch:[3126] Adversarial images for this batch already exist
2026-02-09 02:54:55,036 - ADV_Generation_eps_1.0_steps_100 - INFO - Batch 3127/3783: Clean accuracy 0.7224 | Adv accuracy: 0.0000 
2026-02-09 02:54:55,037 - ADV_Generation_eps_1.0_steps_100 - INFO - Batch:[3127] Adversarial images for this batch already exist
2026-02-09 02:54:55,177 - ADV_Generation_eps_1.0_steps_100 - INFO - Batch 3128/3783: Clean accuracy 0.7225 | Adv accuracy: 0.0000 
2026-02-09 02:54:55,178 - ADV_Generation_eps_1.0_steps_100 - INFO - Batch:[3128] Adversarial images for this batch already exist
2026-02-09 02:54:55,315 - ADV_Generation_eps_1.0_steps_100 - INFO - Batch 3129/3783: Clean accuracy 0.7226 | Adv accuracy: 0.0000 
2026-02-09 02:54:55,316 - ADV_Generation_eps_1.0_steps_100 - INFO - Batch:[3129] Adversarial images for this batch already exist
2026-02-09 02:54:55,456 - ADV_Generation_eps_1.0_steps_100 - INFO - Batch 3130/3783: Clean accuracy 0.7227 | Adv accuracy: 0.0000 
2026-02-09 02:54:55,457 - ADV_Generation_eps_1.0_steps_100 - INFO - Batch:[3130] Adversarial images for this batch already exist
2026-02-09 02:54:55,600 - ADV_Generation_eps_1.0_steps_100 - INFO - Batch 3131/3783: Clean accuracy 0.7228 | Adv accuracy: 0.0000 
2026-02-09 02:54:55,601 - ADV_Generation_eps_1.0_steps_100 - INFO - Batch:[3131] Adversarial images for this batch already exist
2026-02-09 02:54:55,747 - ADV_Generation_eps_1.0_steps_100 - INFO - Batch 3132/3783: Clean accuracy 0.7229 | Adv accuracy: 0.0000 
2026-02-09 02:54:55,748 - ADV_Generation_eps_1.0_steps_100 - INFO - Batch:[3132] Adversarial images for this batch already exist
2026-02-09 02:54:55,887 - ADV_Generation_eps_1.0_steps_100 - INFO - Batch 3133/3783: Clean accuracy 0.7229 | Adv accuracy: 0.0000 
2026-02-09 02:54:55,888 - ADV_Generation_eps_1.0_steps_100 - INFO - Batch:[3133] Adversarial images for this batch already exist
2026-02-09 02:54:56,033 - ADV_Generation_eps_1.0_steps_100 - INFO - Batch 3134/3783: Clean accuracy 0.7230 | Adv accuracy: 0.0000 
2026-02-09 02:54:56,034 - ADV_Generation_eps_1.0_steps_100 - INFO - Batch:[3134] Adversarial images for this batch already exist
2026-02-09 02:54:56,172 - ADV_Generation_eps_1.0_steps_100 - INFO - Batch 3135/3783: Clean accuracy 0.7231 | Adv accuracy: 0.0000 
2026-02-09 02:54:56,173 - ADV_Generation_eps_1.0_steps_100 - INFO - Batch:[3135] Adversarial images for this batch already exist
2026-02-09 02:54:56,311 - ADV_Generation_eps_1.0_steps_100 - INFO - Batch 3136/3783: Clean accuracy 0.7232 | Adv accuracy: 0.0000 
2026-02-09 02:54:56,312 - ADV_Generation_eps_1.0_steps_100 - INFO - Batch:[3136] Adversarial images for this batch already exist
2026-02-09 02:54:56,465 - ADV_Generation_eps_1.0_steps_100 - INFO - Batch 3137/3783: Clean accuracy 0.7230 | Adv accuracy: 0.0000 
2026-02-09 02:54:56,466 - ADV_Generation_eps_1.0_steps_100 - INFO - Batch:[3137] Adversarial images for this batch already exist
2026-02-09 02:54:56,611 - ADV_Generation_eps_1.0_steps_100 - INFO - Batch 3138/3783: Clean accuracy 0.7231 | Adv accuracy: 0.0000 
2026-02-09 02:54:56,612 - ADV_Generation_eps_1.0_steps_100 - INFO - Batch:[3138] Adversarial images for this batch already exist
2026-02-09 02:54:56,752 - ADV_Generation_eps_1.0_steps_100 - INFO - Batch 3139/3783: Clean accuracy 0.7232 | Adv accuracy: 0.0000 
2026-02-09 02:54:56,753 - ADV_Generation_eps_1.0_steps_100 - INFO - Batch:[3139] Adversarial images for this batch already exist
2026-02-09 02:54:56,893 - ADV_Generation_eps_1.0_steps_100 - INFO - Batch 3140/3783: Clean accuracy 0.7232 | Adv accuracy: 0.0000 
2026-02-09 02:54:56,894 - ADV_Generation_eps_1.0_steps_100 - INFO - Batch:[3140] Adversarial images for this batch already exist
2026-02-09 02:54:57,034 - ADV_Generation_eps_1.0_steps_100 - INFO - Batch 3141/3783: Clean accuracy 0.7233 | Adv accuracy: 0.0000 
2026-02-09 02:54:57,035 - ADV_Generation_eps_1.0_steps_100 - INFO - Batch:[3141] Adversarial images for this batch already exist
2026-02-09 02:54:57,174 - ADV_Generation_eps_1.0_steps_100 - INFO - Batch 3142/3783: Clean accuracy 0.7234 | Adv accuracy: 0.0000 
2026-02-09 02:54:57,175 - ADV_Generation_eps_1.0_steps_100 - INFO - Batch:[3142] Adversarial images for this batch already exist
2026-02-09 02:54:57,325 - ADV_Generation_eps_1.0_steps_100 - INFO - Batch 3143/3783: Clean accuracy 0.7235 | Adv accuracy: 0.0000 
2026-02-09 02:54:57,326 - ADV_Generation_eps_1.0_steps_100 - INFO - Batch:[3143] Adversarial images for this batch already exist
2026-02-09 02:54:57,466 - ADV_Generation_eps_1.0_steps_100 - INFO - Batch 3144/3783: Clean accuracy 0.7236 | Adv accuracy: 0.0000 
2026-02-09 02:54:57,467 - ADV_Generation_eps_1.0_steps_100 - INFO - Batch:[3144] Adversarial images for this batch already exist
2026-02-09 02:54:57,606 - ADV_Generation_eps_1.0_steps_100 - INFO - Batch 3145/3783: Clean accuracy 0.7234 | Adv accuracy: 0.0000 
2026-02-09 02:54:57,606 - ADV_Generation_eps_1.0_steps_100 - INFO - Batch:[3145] Adversarial images for this batch already exist
2026-02-09 02:54:57,754 - ADV_Generation_eps_1.0_steps_100 - INFO - Batch 3146/3783: Clean accuracy 0.7235 | Adv accuracy: 0.0000 
2026-02-09 02:54:57,755 - ADV_Generation_eps_1.0_steps_100 - INFO - Batch:[3146] Adversarial images for this batch already exist
2026-02-09 02:54:57,891 - ADV_Generation_eps_1.0_steps_100 - INFO - Batch 3147/3783: Clean accuracy 0.7232 | Adv accuracy: 0.0000 
2026-02-09 02:54:57,892 - ADV_Generation_eps_1.0_steps_100 - INFO - Batch:[3147] Adversarial images for this batch already exist
2026-02-09 02:54:58,030 - ADV_Generation_eps_1.0_steps_100 - INFO - Batch 3148/3783: Clean accuracy 0.7230 | Adv accuracy: 0.0000 
2026-02-09 02:54:58,031 - ADV_Generation_eps_1.0_steps_100 - INFO - Batch:[3148] Adversarial images for this batch already exist
2026-02-09 02:54:58,179 - ADV_Generation_eps_1.0_steps_100 - INFO - Batch 3149/3783: Clean accuracy 0.7231 | Adv accuracy: 0.0000 
2026-02-09 02:54:58,180 - ADV_Generation_eps_1.0_steps_100 - INFO - Batch:[3149] Adversarial images for this batch already exist
2026-02-09 02:54:58,318 - ADV_Generation_eps_1.0_steps_100 - INFO - Batch 3150/3783: Clean accuracy 0.7229 | Adv accuracy: 0.0000 
2026-02-09 02:54:58,319 - ADV_Generation_eps_1.0_steps_100 - INFO - Batch:[3150] Adversarial images for this batch already exist
2026-02-09 02:54:58,457 - ADV_Generation_eps_1.0_steps_100 - INFO - Batch 3151/3783: Clean accuracy 0.7229 | Adv accuracy: 0.0000 
2026-02-09 02:54:58,458 - ADV_Generation_eps_1.0_steps_100 - INFO - Batch:[3151] Adversarial images for this batch already exist
2026-02-09 02:54:58,598 - ADV_Generation_eps_1.0_steps_100 - INFO - Batch 3152/3783: Clean accuracy 0.7230 | Adv accuracy: 0.0000 
2026-02-09 02:54:58,599 - ADV_Generation_eps_1.0_steps_100 - INFO - Batch:[3152] Adversarial images for this batch already exist
2026-02-09 02:54:58,747 - ADV_Generation_eps_1.0_steps_100 - INFO - Batch 3153/3783: Clean accuracy 0.7228 | Adv accuracy: 0.0000 
2026-02-09 02:54:58,748 - ADV_Generation_eps_1.0_steps_100 - INFO - Batch:[3153] Adversarial images for this batch already exist
2026-02-09 02:54:58,889 - ADV_Generation_eps_1.0_steps_100 - INFO - Batch 3154/3783: Clean accuracy 0.7226 | Adv accuracy: 0.0000 
2026-02-09 02:54:58,890 - ADV_Generation_eps_1.0_steps_100 - INFO - Batch:[3154] Adversarial images for this batch already exist
2026-02-09 02:54:59,031 - ADV_Generation_eps_1.0_steps_100 - INFO - Batch 3155/3783: Clean accuracy 0.7223 | Adv accuracy: 0.0000 
2026-02-09 02:54:59,031 - ADV_Generation_eps_1.0_steps_100 - INFO - Batch:[3155] Adversarial images for this batch already exist
2026-02-09 02:54:59,172 - ADV_Generation_eps_1.0_steps_100 - INFO - Batch 3156/3783: Clean accuracy 0.7224 | Adv accuracy: 0.0000 
2026-02-09 02:54:59,173 - ADV_Generation_eps_1.0_steps_100 - INFO - Batch:[3156] Adversarial images for this batch already exist
2026-02-09 02:54:59,310 - ADV_Generation_eps_1.0_steps_100 - INFO - Batch 3157/3783: Clean accuracy 0.7222 | Adv accuracy: 0.0000 
2026-02-09 02:54:59,311 - ADV_Generation_eps_1.0_steps_100 - INFO - Batch:[3157] Adversarial images for this batch already exist
2026-02-09 02:54:59,459 - ADV_Generation_eps_1.0_steps_100 - INFO - Batch 3158/3783: Clean accuracy 0.7223 | Adv accuracy: 0.0000 
2026-02-09 02:54:59,460 - ADV_Generation_eps_1.0_steps_100 - INFO - Batch:[3158] Adversarial images for this batch already exist
2026-02-09 02:54:59,600 - ADV_Generation_eps_1.0_steps_100 - INFO - Batch 3159/3783: Clean accuracy 0.7224 | Adv accuracy: 0.0000 
2026-02-09 02:54:59,601 - ADV_Generation_eps_1.0_steps_100 - INFO - Batch:[3159] Adversarial images for this batch already exist
2026-02-09 02:54:59,738 - ADV_Generation_eps_1.0_steps_100 - INFO - Batch 3160/3783: Clean accuracy 0.7225 | Adv accuracy: 0.0000 
2026-02-09 02:54:59,738 - ADV_Generation_eps_1.0_steps_100 - INFO - Batch:[3160] Adversarial images for this batch already exist
2026-02-09 02:54:59,874 - ADV_Generation_eps_1.0_steps_100 - INFO - Batch 3161/3783: Clean accuracy 0.7226 | Adv accuracy: 0.0000 
2026-02-09 02:54:59,875 - ADV_Generation_eps_1.0_steps_100 - INFO - Batch:[3161] Adversarial images for this batch already exist
2026-02-09 02:55:00,016 - ADV_Generation_eps_1.0_steps_100 - INFO - Batch 3162/3783: Clean accuracy 0.7226 | Adv accuracy: 0.0000 
2026-02-09 02:55:00,017 - ADV_Generation_eps_1.0_steps_100 - INFO - Batch:[3162] Adversarial images for this batch already exist
2026-02-09 02:55:00,162 - ADV_Generation_eps_1.0_steps_100 - INFO - Batch 3163/3783: Clean accuracy 0.7227 | Adv accuracy: 0.0000 
2026-02-09 02:55:00,163 - ADV_Generation_eps_1.0_steps_100 - INFO - Batch:[3163] Adversarial images for this batch already exist
2026-02-09 02:55:00,302 - ADV_Generation_eps_1.0_steps_100 - INFO - Batch 3164/3783: Clean accuracy 0.7228 | Adv accuracy: 0.0000 
2026-02-09 02:55:00,302 - ADV_Generation_eps_1.0_steps_100 - INFO - Batch:[3164] Adversarial images for this batch already exist
2026-02-09 02:55:00,442 - ADV_Generation_eps_1.0_steps_100 - INFO - Batch 3165/3783: Clean accuracy 0.7229 | Adv accuracy: 0.0000 
2026-02-09 02:55:00,443 - ADV_Generation_eps_1.0_steps_100 - INFO - Batch:[3165] Adversarial images for this batch already exist
2026-02-09 02:55:00,584 - ADV_Generation_eps_1.0_steps_100 - INFO - Batch 3166/3783: Clean accuracy 0.7230 | Adv accuracy: 0.0000 
2026-02-09 02:55:00,585 - ADV_Generation_eps_1.0_steps_100 - INFO - Batch:[3166] Adversarial images for this batch already exist
2026-02-09 02:55:00,725 - ADV_Generation_eps_1.0_steps_100 - INFO - Batch 3167/3783: Clean accuracy 0.7231 | Adv accuracy: 0.0000 
2026-02-09 02:55:00,726 - ADV_Generation_eps_1.0_steps_100 - INFO - Batch:[3167] Adversarial images for this batch already exist
2026-02-09 02:55:00,886 - ADV_Generation_eps_1.0_steps_100 - INFO - Batch 3168/3783: Clean accuracy 0.7232 | Adv accuracy: 0.0000 
2026-02-09 02:55:00,887 - ADV_Generation_eps_1.0_steps_100 - INFO - Batch:[3168] Adversarial images for this batch already exist
2026-02-09 02:55:01,118 - ADV_Generation_eps_1.0_steps_100 - INFO - Batch 3169/3783: Clean accuracy 0.7233 | Adv accuracy: 0.0000 
2026-02-09 02:55:01,119 - ADV_Generation_eps_1.0_steps_100 - INFO - Batch:[3169] Adversarial images for this batch already exist
2026-02-09 02:55:01,262 - ADV_Generation_eps_1.0_steps_100 - INFO - Batch 3170/3783: Clean accuracy 0.7233 | Adv accuracy: 0.0000 
2026-02-09 02:55:01,263 - ADV_Generation_eps_1.0_steps_100 - INFO - Batch:[3170] Adversarial images for this batch already exist
2026-02-09 02:55:01,409 - ADV_Generation_eps_1.0_steps_100 - INFO - Batch 3171/3783: Clean accuracy 0.7234 | Adv accuracy: 0.0000 
2026-02-09 02:55:01,410 - ADV_Generation_eps_1.0_steps_100 - INFO - Batch:[3171] Adversarial images for this batch already exist
2026-02-09 02:55:01,557 - ADV_Generation_eps_1.0_steps_100 - INFO - Batch 3172/3783: Clean accuracy 0.7235 | Adv accuracy: 0.0000 
2026-02-09 02:55:01,558 - ADV_Generation_eps_1.0_steps_100 - INFO - Batch:[3172] Adversarial images for this batch already exist
2026-02-09 02:55:01,708 - ADV_Generation_eps_1.0_steps_100 - INFO - Batch 3173/3783: Clean accuracy 0.7236 | Adv accuracy: 0.0000 
2026-02-09 02:55:01,709 - ADV_Generation_eps_1.0_steps_100 - INFO - Batch:[3173] Adversarial images for this batch already exist
2026-02-09 02:55:01,853 - ADV_Generation_eps_1.0_steps_100 - INFO - Batch 3174/3783: Clean accuracy 0.7237 | Adv accuracy: 0.0000 
2026-02-09 02:55:01,854 - ADV_Generation_eps_1.0_steps_100 - INFO - Batch:[3174] Adversarial images for this batch already exist
2026-02-09 02:55:01,990 - ADV_Generation_eps_1.0_steps_100 - INFO - Batch 3175/3783: Clean accuracy 0.7238 | Adv accuracy: 0.0000 
2026-02-09 02:55:01,991 - ADV_Generation_eps_1.0_steps_100 - INFO - Batch:[3175] Adversarial images for this batch already exist
2026-02-09 02:55:02,129 - ADV_Generation_eps_1.0_steps_100 - INFO - Batch 3176/3783: Clean accuracy 0.7239 | Adv accuracy: 0.0000 
2026-02-09 02:55:02,130 - ADV_Generation_eps_1.0_steps_100 - INFO - Batch:[3176] Adversarial images for this batch already exist
2026-02-09 02:55:02,276 - ADV_Generation_eps_1.0_steps_100 - INFO - Batch 3177/3783: Clean accuracy 0.7240 | Adv accuracy: 0.0000 
2026-02-09 02:55:02,277 - ADV_Generation_eps_1.0_steps_100 - INFO - Batch:[3177] Adversarial images for this batch already exist
2026-02-09 02:55:02,414 - ADV_Generation_eps_1.0_steps_100 - INFO - Batch 3178/3783: Clean accuracy 0.7240 | Adv accuracy: 0.0000 
2026-02-09 02:55:02,415 - ADV_Generation_eps_1.0_steps_100 - INFO - Batch:[3178] Adversarial images for this batch already exist
2026-02-09 02:55:02,548 - ADV_Generation_eps_1.0_steps_100 - INFO - Batch 3179/3783: Clean accuracy 0.7241 | Adv accuracy: 0.0000 
2026-02-09 02:55:02,549 - ADV_Generation_eps_1.0_steps_100 - INFO - Batch:[3179] Adversarial images for this batch already exist
2026-02-09 02:55:02,784 - ADV_Generation_eps_1.0_steps_100 - INFO - Batch 3180/3783: Clean accuracy 0.7242 | Adv accuracy: 0.0000 
2026-02-09 02:55:02,785 - ADV_Generation_eps_1.0_steps_100 - INFO - Batch:[3180] Adversarial images for this batch already exist
2026-02-09 02:55:02,926 - ADV_Generation_eps_1.0_steps_100 - INFO - Batch 3181/3783: Clean accuracy 0.7243 | Adv accuracy: 0.0000 
2026-02-09 02:55:02,927 - ADV_Generation_eps_1.0_steps_100 - INFO - Batch:[3181] Adversarial images for this batch already exist
2026-02-09 02:55:03,065 - ADV_Generation_eps_1.0_steps_100 - INFO - Batch 3182/3783: Clean accuracy 0.7244 | Adv accuracy: 0.0000 
2026-02-09 02:55:03,066 - ADV_Generation_eps_1.0_steps_100 - INFO - Batch:[3182] Adversarial images for this batch already exist
2026-02-09 02:55:03,211 - ADV_Generation_eps_1.0_steps_100 - INFO - Batch 3183/3783: Clean accuracy 0.7245 | Adv accuracy: 0.0000 
2026-02-09 02:55:03,212 - ADV_Generation_eps_1.0_steps_100 - INFO - Batch:[3183] Adversarial images for this batch already exist
2026-02-09 02:55:03,347 - ADV_Generation_eps_1.0_steps_100 - INFO - Batch 3184/3783: Clean accuracy 0.7246 | Adv accuracy: 0.0000 
2026-02-09 02:55:03,348 - ADV_Generation_eps_1.0_steps_100 - INFO - Batch:[3184] Adversarial images for this batch already exist
2026-02-09 02:55:03,491 - ADV_Generation_eps_1.0_steps_100 - INFO - Batch 3185/3783: Clean accuracy 0.7246 | Adv accuracy: 0.0000 
2026-02-09 02:55:03,492 - ADV_Generation_eps_1.0_steps_100 - INFO - Batch:[3185] Adversarial images for this batch already exist
2026-02-09 02:55:03,637 - ADV_Generation_eps_1.0_steps_100 - INFO - Batch 3186/3783: Clean accuracy 0.7247 | Adv accuracy: 0.0000 
2026-02-09 02:55:03,638 - ADV_Generation_eps_1.0_steps_100 - INFO - Batch:[3186] Adversarial images for this batch already exist
2026-02-09 02:55:03,775 - ADV_Generation_eps_1.0_steps_100 - INFO - Batch 3187/3783: Clean accuracy 0.7248 | Adv accuracy: 0.0000 
2026-02-09 02:55:03,776 - ADV_Generation_eps_1.0_steps_100 - INFO - Batch:[3187] Adversarial images for this batch already exist
2026-02-09 02:55:04,081 - ADV_Generation_eps_1.0_steps_100 - INFO - Batch 3188/3783: Clean accuracy 0.7249 | Adv accuracy: 0.0000 
2026-02-09 02:55:04,082 - ADV_Generation_eps_1.0_steps_100 - INFO - Batch:[3188] Adversarial images for this batch already exist
2026-02-09 02:55:04,216 - ADV_Generation_eps_1.0_steps_100 - INFO - Batch 3189/3783: Clean accuracy 0.7250 | Adv accuracy: 0.0000 
2026-02-09 02:55:04,218 - ADV_Generation_eps_1.0_steps_100 - INFO - Batch:[3189] Adversarial images for this batch already exist
2026-02-09 02:55:04,366 - ADV_Generation_eps_1.0_steps_100 - INFO - Batch 3190/3783: Clean accuracy 0.7251 | Adv accuracy: 0.0000 
2026-02-09 02:55:04,367 - ADV_Generation_eps_1.0_steps_100 - INFO - Batch:[3190] Adversarial images for this batch already exist
2026-02-09 02:55:04,504 - ADV_Generation_eps_1.0_steps_100 - INFO - Batch 3191/3783: Clean accuracy 0.7252 | Adv accuracy: 0.0000 
2026-02-09 02:55:04,505 - ADV_Generation_eps_1.0_steps_100 - INFO - Batch:[3191] Adversarial images for this batch already exist
2026-02-09 02:55:04,641 - ADV_Generation_eps_1.0_steps_100 - INFO - Batch 3192/3783: Clean accuracy 0.7253 | Adv accuracy: 0.0000 
2026-02-09 02:55:04,642 - ADV_Generation_eps_1.0_steps_100 - INFO - Batch:[3192] Adversarial images for this batch already exist
2026-02-09 02:55:04,875 - ADV_Generation_eps_1.0_steps_100 - INFO - Batch 3193/3783: Clean accuracy 0.7253 | Adv accuracy: 0.0000 
2026-02-09 02:55:04,876 - ADV_Generation_eps_1.0_steps_100 - INFO - Batch:[3193] Adversarial images for this batch already exist
2026-02-09 02:55:05,038 - ADV_Generation_eps_1.0_steps_100 - INFO - Batch 3194/3783: Clean accuracy 0.7254 | Adv accuracy: 0.0000 
2026-02-09 02:55:05,039 - ADV_Generation_eps_1.0_steps_100 - INFO - Batch:[3194] Adversarial images for this batch already exist
2026-02-09 02:55:05,208 - ADV_Generation_eps_1.0_steps_100 - INFO - Batch 3195/3783: Clean accuracy 0.7255 | Adv accuracy: 0.0000 
2026-02-09 02:55:05,209 - ADV_Generation_eps_1.0_steps_100 - INFO - Batch:[3195] Adversarial images for this batch already exist
2026-02-09 02:55:05,351 - ADV_Generation_eps_1.0_steps_100 - INFO - Batch 3196/3783: Clean accuracy 0.7256 | Adv accuracy: 0.0000 
2026-02-09 02:55:05,352 - ADV_Generation_eps_1.0_steps_100 - INFO - Batch:[3196] Adversarial images for this batch already exist
2026-02-09 02:55:05,489 - ADV_Generation_eps_1.0_steps_100 - INFO - Batch 3197/3783: Clean accuracy 0.7257 | Adv accuracy: 0.0000 
2026-02-09 02:55:05,490 - ADV_Generation_eps_1.0_steps_100 - INFO - Batch:[3197] Adversarial images for this batch already exist
2026-02-09 02:55:05,628 - ADV_Generation_eps_1.0_steps_100 - INFO - Batch 3198/3783: Clean accuracy 0.7258 | Adv accuracy: 0.0000 
2026-02-09 02:55:05,629 - ADV_Generation_eps_1.0_steps_100 - INFO - Batch:[3198] Adversarial images for this batch already exist
2026-02-09 02:55:05,768 - ADV_Generation_eps_1.0_steps_100 - INFO - Batch 3199/3783: Clean accuracy 0.7255 | Adv accuracy: 0.0000 
2026-02-09 02:55:05,769 - ADV_Generation_eps_1.0_steps_100 - INFO - Batch:[3199] Adversarial images for this batch already exist
2026-02-09 02:55:05,904 - ADV_Generation_eps_1.0_steps_100 - INFO - Batch 3200/3783: Clean accuracy 0.7253 | Adv accuracy: 0.0000 
2026-02-09 02:55:05,905 - ADV_Generation_eps_1.0_steps_100 - INFO - Batch:[3200] Adversarial images for this batch already exist
2026-02-09 02:55:06,046 - ADV_Generation_eps_1.0_steps_100 - INFO - Batch 3201/3783: Clean accuracy 0.7251 | Adv accuracy: 0.0000 
2026-02-09 02:55:06,047 - ADV_Generation_eps_1.0_steps_100 - INFO - Batch:[3201] Adversarial images for this batch already exist
2026-02-09 02:55:06,191 - ADV_Generation_eps_1.0_steps_100 - INFO - Batch 3202/3783: Clean accuracy 0.7249 | Adv accuracy: 0.0000 
2026-02-09 02:55:06,192 - ADV_Generation_eps_1.0_steps_100 - INFO - Batch:[3202] Adversarial images for this batch already exist
2026-02-09 02:55:06,331 - ADV_Generation_eps_1.0_steps_100 - INFO - Batch 3203/3783: Clean accuracy 0.7246 | Adv accuracy: 0.0000 
2026-02-09 02:55:06,332 - ADV_Generation_eps_1.0_steps_100 - INFO - Batch:[3203] Adversarial images for this batch already exist
2026-02-09 02:55:06,481 - ADV_Generation_eps_1.0_steps_100 - INFO - Batch 3204/3783: Clean accuracy 0.7244 | Adv accuracy: 0.0000 
2026-02-09 02:55:06,482 - ADV_Generation_eps_1.0_steps_100 - INFO - Batch:[3204] Adversarial images for this batch already exist
2026-02-09 02:55:06,619 - ADV_Generation_eps_1.0_steps_100 - INFO - Batch 3205/3783: Clean accuracy 0.7242 | Adv accuracy: 0.0000 
2026-02-09 02:55:06,620 - ADV_Generation_eps_1.0_steps_100 - INFO - Batch:[3205] Adversarial images for this batch already exist
2026-02-09 02:55:06,774 - ADV_Generation_eps_1.0_steps_100 - INFO - Batch 3206/3783: Clean accuracy 0.7240 | Adv accuracy: 0.0000 
2026-02-09 02:55:06,775 - ADV_Generation_eps_1.0_steps_100 - INFO - Batch:[3206] Adversarial images for this batch already exist
2026-02-09 02:55:06,920 - ADV_Generation_eps_1.0_steps_100 - INFO - Batch 3207/3783: Clean accuracy 0.7237 | Adv accuracy: 0.0000 
2026-02-09 02:55:06,921 - ADV_Generation_eps_1.0_steps_100 - INFO - Batch:[3207] Adversarial images for this batch already exist
2026-02-09 02:55:07,061 - ADV_Generation_eps_1.0_steps_100 - INFO - Batch 3208/3783: Clean accuracy 0.7235 | Adv accuracy: 0.0000 
2026-02-09 02:55:07,062 - ADV_Generation_eps_1.0_steps_100 - INFO - Batch:[3208] Adversarial images for this batch already exist
2026-02-09 02:55:07,204 - ADV_Generation_eps_1.0_steps_100 - INFO - Batch 3209/3783: Clean accuracy 0.7233 | Adv accuracy: 0.0000 
2026-02-09 02:55:07,205 - ADV_Generation_eps_1.0_steps_100 - INFO - Batch:[3209] Adversarial images for this batch already exist
2026-02-09 02:55:07,344 - ADV_Generation_eps_1.0_steps_100 - INFO - Batch 3210/3783: Clean accuracy 0.7231 | Adv accuracy: 0.0000 
2026-02-09 02:55:07,345 - ADV_Generation_eps_1.0_steps_100 - INFO - Batch:[3210] Adversarial images for this batch already exist
2026-02-09 02:55:07,531 - ADV_Generation_eps_1.0_steps_100 - INFO - Batch 3211/3783: Clean accuracy 0.7228 | Adv accuracy: 0.0000 
2026-02-09 02:55:07,532 - ADV_Generation_eps_1.0_steps_100 - INFO - Batch:[3211] Adversarial images for this batch already exist
2026-02-09 02:55:07,672 - ADV_Generation_eps_1.0_steps_100 - INFO - Batch 3212/3783: Clean accuracy 0.7226 | Adv accuracy: 0.0000 
2026-02-09 02:55:07,673 - ADV_Generation_eps_1.0_steps_100 - INFO - Batch:[3212] Adversarial images for this batch already exist
2026-02-09 02:55:07,812 - ADV_Generation_eps_1.0_steps_100 - INFO - Batch 3213/3783: Clean accuracy 0.7224 | Adv accuracy: 0.0000 
2026-02-09 02:55:07,812 - ADV_Generation_eps_1.0_steps_100 - INFO - Batch:[3213] Adversarial images for this batch already exist
2026-02-09 02:55:07,948 - ADV_Generation_eps_1.0_steps_100 - INFO - Batch 3214/3783: Clean accuracy 0.7222 | Adv accuracy: 0.0000 
2026-02-09 02:55:07,949 - ADV_Generation_eps_1.0_steps_100 - INFO - Batch:[3214] Adversarial images for this batch already exist
2026-02-09 02:55:08,087 - ADV_Generation_eps_1.0_steps_100 - INFO - Batch 3215/3783: Clean accuracy 0.7219 | Adv accuracy: 0.0000 
2026-02-09 02:55:08,088 - ADV_Generation_eps_1.0_steps_100 - INFO - Batch:[3215] Adversarial images for this batch already exist
2026-02-09 02:55:08,237 - ADV_Generation_eps_1.0_steps_100 - INFO - Batch 3216/3783: Clean accuracy 0.7217 | Adv accuracy: 0.0000 
2026-02-09 02:55:08,238 - ADV_Generation_eps_1.0_steps_100 - INFO - Batch:[3216] Adversarial images for this batch already exist
2026-02-09 02:55:08,378 - ADV_Generation_eps_1.0_steps_100 - INFO - Batch 3217/3783: Clean accuracy 0.7215 | Adv accuracy: 0.0000 
2026-02-09 02:55:08,379 - ADV_Generation_eps_1.0_steps_100 - INFO - Batch:[3217] Adversarial images for this batch already exist
2026-02-09 02:55:08,526 - ADV_Generation_eps_1.0_steps_100 - INFO - Batch 3218/3783: Clean accuracy 0.7213 | Adv accuracy: 0.0000 
2026-02-09 02:55:08,527 - ADV_Generation_eps_1.0_steps_100 - INFO - Batch:[3218] Adversarial images for this batch already exist
2026-02-09 02:55:08,665 - ADV_Generation_eps_1.0_steps_100 - INFO - Batch 3219/3783: Clean accuracy 0.7210 | Adv accuracy: 0.0000 
2026-02-09 02:55:08,666 - ADV_Generation_eps_1.0_steps_100 - INFO - Batch:[3219] Adversarial images for this batch already exist
2026-02-09 02:55:08,806 - ADV_Generation_eps_1.0_steps_100 - INFO - Batch 3220/3783: Clean accuracy 0.7208 | Adv accuracy: 0.0000 
2026-02-09 02:55:08,807 - ADV_Generation_eps_1.0_steps_100 - INFO - Batch:[3220] Adversarial images for this batch already exist
2026-02-09 02:55:08,946 - ADV_Generation_eps_1.0_steps_100 - INFO - Batch 3221/3783: Clean accuracy 0.7206 | Adv accuracy: 0.0000 
2026-02-09 02:55:08,947 - ADV_Generation_eps_1.0_steps_100 - INFO - Batch:[3221] Adversarial images for this batch already exist
2026-02-09 02:55:09,086 - ADV_Generation_eps_1.0_steps_100 - INFO - Batch 3222/3783: Clean accuracy 0.7204 | Adv accuracy: 0.0000 
2026-02-09 02:55:09,087 - ADV_Generation_eps_1.0_steps_100 - INFO - Batch:[3222] Adversarial images for this batch already exist
2026-02-09 02:55:09,225 - ADV_Generation_eps_1.0_steps_100 - INFO - Batch 3223/3783: Clean accuracy 0.7201 | Adv accuracy: 0.0000 
2026-02-09 02:55:09,226 - ADV_Generation_eps_1.0_steps_100 - INFO - Batch:[3223] Adversarial images for this batch already exist
2026-02-09 02:55:09,372 - ADV_Generation_eps_1.0_steps_100 - INFO - Batch 3224/3783: Clean accuracy 0.7199 | Adv accuracy: 0.0000 
2026-02-09 02:55:09,373 - ADV_Generation_eps_1.0_steps_100 - INFO - Batch:[3224] Adversarial images for this batch already exist
2026-02-09 02:55:09,511 - ADV_Generation_eps_1.0_steps_100 - INFO - Batch 3225/3783: Clean accuracy 0.7197 | Adv accuracy: 0.0000 
2026-02-09 02:55:09,512 - ADV_Generation_eps_1.0_steps_100 - INFO - Batch:[3225] Adversarial images for this batch already exist
2026-02-09 02:55:09,656 - ADV_Generation_eps_1.0_steps_100 - INFO - Batch 3226/3783: Clean accuracy 0.7195 | Adv accuracy: 0.0000 
2026-02-09 02:55:09,659 - ADV_Generation_eps_1.0_steps_100 - INFO - Batch:[3226] Adversarial images for this batch already exist
2026-02-09 02:55:09,802 - ADV_Generation_eps_1.0_steps_100 - INFO - Batch 3227/3783: Clean accuracy 0.7192 | Adv accuracy: 0.0000 
2026-02-09 02:55:09,803 - ADV_Generation_eps_1.0_steps_100 - INFO - Batch:[3227] Adversarial images for this batch already exist
2026-02-09 02:55:09,942 - ADV_Generation_eps_1.0_steps_100 - INFO - Batch 3228/3783: Clean accuracy 0.7190 | Adv accuracy: 0.0000 
2026-02-09 02:55:09,943 - ADV_Generation_eps_1.0_steps_100 - INFO - Batch:[3228] Adversarial images for this batch already exist
2026-02-09 02:55:10,083 - ADV_Generation_eps_1.0_steps_100 - INFO - Batch 3229/3783: Clean accuracy 0.7188 | Adv accuracy: 0.0000 
2026-02-09 02:55:10,084 - ADV_Generation_eps_1.0_steps_100 - INFO - Batch:[3229] Adversarial images for this batch already exist
2026-02-09 02:55:10,235 - ADV_Generation_eps_1.0_steps_100 - INFO - Batch 3230/3783: Clean accuracy 0.7186 | Adv accuracy: 0.0000 
2026-02-09 02:55:10,236 - ADV_Generation_eps_1.0_steps_100 - INFO - Batch:[3230] Adversarial images for this batch already exist
2026-02-09 02:55:10,404 - ADV_Generation_eps_1.0_steps_100 - INFO - Batch 3231/3783: Clean accuracy 0.7187 | Adv accuracy: 0.0000 
2026-02-09 02:55:10,404 - ADV_Generation_eps_1.0_steps_100 - INFO - Batch:[3231] Adversarial images for this batch already exist
2026-02-09 02:55:10,543 - ADV_Generation_eps_1.0_steps_100 - INFO - Batch 3232/3783: Clean accuracy 0.7188 | Adv accuracy: 0.0000 
2026-02-09 02:55:10,544 - ADV_Generation_eps_1.0_steps_100 - INFO - Batch:[3232] Adversarial images for this batch already exist
2026-02-09 02:55:10,684 - ADV_Generation_eps_1.0_steps_100 - INFO - Batch 3233/3783: Clean accuracy 0.7188 | Adv accuracy: 0.0000 
2026-02-09 02:55:10,685 - ADV_Generation_eps_1.0_steps_100 - INFO - Batch:[3233] Adversarial images for this batch already exist
2026-02-09 02:55:10,848 - ADV_Generation_eps_1.0_steps_100 - INFO - Batch 3234/3783: Clean accuracy 0.7189 | Adv accuracy: 0.0000 
2026-02-09 02:55:10,849 - ADV_Generation_eps_1.0_steps_100 - INFO - Batch:[3234] Adversarial images for this batch already exist
2026-02-09 02:55:10,993 - ADV_Generation_eps_1.0_steps_100 - INFO - Batch 3235/3783: Clean accuracy 0.7190 | Adv accuracy: 0.0000 
2026-02-09 02:55:10,994 - ADV_Generation_eps_1.0_steps_100 - INFO - Batch:[3235] Adversarial images for this batch already exist
2026-02-09 02:55:11,138 - ADV_Generation_eps_1.0_steps_100 - INFO - Batch 3236/3783: Clean accuracy 0.7191 | Adv accuracy: 0.0000 
2026-02-09 02:55:11,138 - ADV_Generation_eps_1.0_steps_100 - INFO - Batch:[3236] Adversarial images for this batch already exist
2026-02-09 02:55:11,283 - ADV_Generation_eps_1.0_steps_100 - INFO - Batch 3237/3783: Clean accuracy 0.7192 | Adv accuracy: 0.0000 
2026-02-09 02:55:11,283 - ADV_Generation_eps_1.0_steps_100 - INFO - Batch:[3237] Adversarial images for this batch already exist
2026-02-09 02:55:11,419 - ADV_Generation_eps_1.0_steps_100 - INFO - Batch 3238/3783: Clean accuracy 0.7193 | Adv accuracy: 0.0000 
2026-02-09 02:55:11,420 - ADV_Generation_eps_1.0_steps_100 - INFO - Batch:[3238] Adversarial images for this batch already exist
2026-02-09 02:55:11,560 - ADV_Generation_eps_1.0_steps_100 - INFO - Batch 3239/3783: Clean accuracy 0.7194 | Adv accuracy: 0.0000 
2026-02-09 02:55:11,561 - ADV_Generation_eps_1.0_steps_100 - INFO - Batch:[3239] Adversarial images for this batch already exist
2026-02-09 02:55:11,724 - ADV_Generation_eps_1.0_steps_100 - INFO - Batch 3240/3783: Clean accuracy 0.7194 | Adv accuracy: 0.0000 
2026-02-09 02:55:11,725 - ADV_Generation_eps_1.0_steps_100 - INFO - Batch:[3240] Adversarial images for this batch already exist
2026-02-09 02:55:11,863 - ADV_Generation_eps_1.0_steps_100 - INFO - Batch 3241/3783: Clean accuracy 0.7195 | Adv accuracy: 0.0000 
2026-02-09 02:55:11,864 - ADV_Generation_eps_1.0_steps_100 - INFO - Batch:[3241] Adversarial images for this batch already exist
2026-02-09 02:55:12,003 - ADV_Generation_eps_1.0_steps_100 - INFO - Batch 3242/3783: Clean accuracy 0.7196 | Adv accuracy: 0.0000 
2026-02-09 02:55:12,004 - ADV_Generation_eps_1.0_steps_100 - INFO - Batch:[3242] Adversarial images for this batch already exist
2026-02-09 02:55:12,141 - ADV_Generation_eps_1.0_steps_100 - INFO - Batch 3243/3783: Clean accuracy 0.7197 | Adv accuracy: 0.0000 
2026-02-09 02:55:12,142 - ADV_Generation_eps_1.0_steps_100 - INFO - Batch:[3243] Adversarial images for this batch already exist
2026-02-09 02:55:12,287 - ADV_Generation_eps_1.0_steps_100 - INFO - Batch 3244/3783: Clean accuracy 0.7198 | Adv accuracy: 0.0000 
2026-02-09 02:55:12,288 - ADV_Generation_eps_1.0_steps_100 - INFO - Batch:[3244] Adversarial images for this batch already exist
2026-02-09 02:55:12,426 - ADV_Generation_eps_1.0_steps_100 - INFO - Batch 3245/3783: Clean accuracy 0.7199 | Adv accuracy: 0.0000 
2026-02-09 02:55:12,428 - ADV_Generation_eps_1.0_steps_100 - INFO - Batch:[3245] Adversarial images for this batch already exist
2026-02-09 02:55:12,567 - ADV_Generation_eps_1.0_steps_100 - INFO - Batch 3246/3783: Clean accuracy 0.7200 | Adv accuracy: 0.0000 
2026-02-09 02:55:12,568 - ADV_Generation_eps_1.0_steps_100 - INFO - Batch:[3246] Adversarial images for this batch already exist
2026-02-09 02:55:12,740 - ADV_Generation_eps_1.0_steps_100 - INFO - Batch 3247/3783: Clean accuracy 0.7200 | Adv accuracy: 0.0000 
2026-02-09 02:55:12,741 - ADV_Generation_eps_1.0_steps_100 - INFO - Batch:[3247] Adversarial images for this batch already exist
2026-02-09 02:55:12,892 - ADV_Generation_eps_1.0_steps_100 - INFO - Batch 3248/3783: Clean accuracy 0.7201 | Adv accuracy: 0.0000 
2026-02-09 02:55:12,893 - ADV_Generation_eps_1.0_steps_100 - INFO - Batch:[3248] Adversarial images for this batch already exist
2026-02-09 02:55:13,031 - ADV_Generation_eps_1.0_steps_100 - INFO - Batch 3249/3783: Clean accuracy 0.7202 | Adv accuracy: 0.0000 
2026-02-09 02:55:13,032 - ADV_Generation_eps_1.0_steps_100 - INFO - Batch:[3249] Adversarial images for this batch already exist
2026-02-09 02:55:13,175 - ADV_Generation_eps_1.0_steps_100 - INFO - Batch 3250/3783: Clean accuracy 0.7203 | Adv accuracy: 0.0000 
2026-02-09 02:55:13,176 - ADV_Generation_eps_1.0_steps_100 - INFO - Batch:[3250] Adversarial images for this batch already exist
2026-02-09 02:55:13,325 - ADV_Generation_eps_1.0_steps_100 - INFO - Batch 3251/3783: Clean accuracy 0.7204 | Adv accuracy: 0.0000 
2026-02-09 02:55:13,326 - ADV_Generation_eps_1.0_steps_100 - INFO - Batch:[3251] Adversarial images for this batch already exist
2026-02-09 02:55:13,462 - ADV_Generation_eps_1.0_steps_100 - INFO - Batch 3252/3783: Clean accuracy 0.7205 | Adv accuracy: 0.0000 
2026-02-09 02:55:13,462 - ADV_Generation_eps_1.0_steps_100 - INFO - Batch:[3252] Adversarial images for this batch already exist
2026-02-09 02:55:13,602 - ADV_Generation_eps_1.0_steps_100 - INFO - Batch 3253/3783: Clean accuracy 0.7206 | Adv accuracy: 0.0000 
2026-02-09 02:55:13,603 - ADV_Generation_eps_1.0_steps_100 - INFO - Batch:[3253] Adversarial images for this batch already exist
2026-02-09 02:55:13,742 - ADV_Generation_eps_1.0_steps_100 - INFO - Batch 3254/3783: Clean accuracy 0.7207 | Adv accuracy: 0.0000 
2026-02-09 02:55:13,743 - ADV_Generation_eps_1.0_steps_100 - INFO - Batch:[3254] Adversarial images for this batch already exist
2026-02-09 02:55:13,881 - ADV_Generation_eps_1.0_steps_100 - INFO - Batch 3255/3783: Clean accuracy 0.7207 | Adv accuracy: 0.0000 
2026-02-09 02:55:13,882 - ADV_Generation_eps_1.0_steps_100 - INFO - Batch:[3255] Adversarial images for this batch already exist
2026-02-09 02:55:14,021 - ADV_Generation_eps_1.0_steps_100 - INFO - Batch 3256/3783: Clean accuracy 0.7208 | Adv accuracy: 0.0000 
2026-02-09 02:55:14,022 - ADV_Generation_eps_1.0_steps_100 - INFO - Batch:[3256] Adversarial images for this batch already exist
2026-02-09 02:55:14,162 - ADV_Generation_eps_1.0_steps_100 - INFO - Batch 3257/3783: Clean accuracy 0.7209 | Adv accuracy: 0.0000 
2026-02-09 02:55:14,163 - ADV_Generation_eps_1.0_steps_100 - INFO - Batch:[3257] Adversarial images for this batch already exist
2026-02-09 02:55:14,314 - ADV_Generation_eps_1.0_steps_100 - INFO - Batch 3258/3783: Clean accuracy 0.7210 | Adv accuracy: 0.0000 
2026-02-09 02:55:14,315 - ADV_Generation_eps_1.0_steps_100 - INFO - Batch:[3258] Adversarial images for this batch already exist
2026-02-09 02:55:14,462 - ADV_Generation_eps_1.0_steps_100 - INFO - Batch 3259/3783: Clean accuracy 0.7211 | Adv accuracy: 0.0000 
2026-02-09 02:55:14,463 - ADV_Generation_eps_1.0_steps_100 - INFO - Batch:[3259] Adversarial images for this batch already exist
2026-02-09 02:55:14,604 - ADV_Generation_eps_1.0_steps_100 - INFO - Batch 3260/3783: Clean accuracy 0.7212 | Adv accuracy: 0.0000 
2026-02-09 02:55:14,605 - ADV_Generation_eps_1.0_steps_100 - INFO - Batch:[3260] Adversarial images for this batch already exist
2026-02-09 02:55:14,768 - ADV_Generation_eps_1.0_steps_100 - INFO - Batch 3261/3783: Clean accuracy 0.7213 | Adv accuracy: 0.0000 
2026-02-09 02:55:14,769 - ADV_Generation_eps_1.0_steps_100 - INFO - Batch:[3261] Adversarial images for this batch already exist
2026-02-09 02:55:14,923 - ADV_Generation_eps_1.0_steps_100 - INFO - Batch 3262/3783: Clean accuracy 0.7213 | Adv accuracy: 0.0000 
2026-02-09 02:55:14,923 - ADV_Generation_eps_1.0_steps_100 - INFO - Batch:[3262] Adversarial images for this batch already exist
2026-02-09 02:55:15,065 - ADV_Generation_eps_1.0_steps_100 - INFO - Batch 3263/3783: Clean accuracy 0.7214 | Adv accuracy: 0.0000 
2026-02-09 02:55:15,065 - ADV_Generation_eps_1.0_steps_100 - INFO - Batch:[3263] Adversarial images for this batch already exist
2026-02-09 02:55:15,205 - ADV_Generation_eps_1.0_steps_100 - INFO - Batch 3264/3783: Clean accuracy 0.7215 | Adv accuracy: 0.0000 
2026-02-09 02:55:15,206 - ADV_Generation_eps_1.0_steps_100 - INFO - Batch:[3264] Adversarial images for this batch already exist
2026-02-09 02:55:15,344 - ADV_Generation_eps_1.0_steps_100 - INFO - Batch 3265/3783: Clean accuracy 0.7216 | Adv accuracy: 0.0000 
2026-02-09 02:55:15,345 - ADV_Generation_eps_1.0_steps_100 - INFO - Batch:[3265] Adversarial images for this batch already exist
2026-02-09 02:55:15,481 - ADV_Generation_eps_1.0_steps_100 - INFO - Batch 3266/3783: Clean accuracy 0.7217 | Adv accuracy: 0.0000 
2026-02-09 02:55:15,482 - ADV_Generation_eps_1.0_steps_100 - INFO - Batch:[3266] Adversarial images for this batch already exist
2026-02-09 02:55:15,621 - ADV_Generation_eps_1.0_steps_100 - INFO - Batch 3267/3783: Clean accuracy 0.7218 | Adv accuracy: 0.0000 
2026-02-09 02:55:15,622 - ADV_Generation_eps_1.0_steps_100 - INFO - Batch:[3267] Adversarial images for this batch already exist
2026-02-09 02:55:15,760 - ADV_Generation_eps_1.0_steps_100 - INFO - Batch 3268/3783: Clean accuracy 0.7218 | Adv accuracy: 0.0000 
2026-02-09 02:55:15,761 - ADV_Generation_eps_1.0_steps_100 - INFO - Batch:[3268] Adversarial images for this batch already exist
2026-02-09 02:55:15,902 - ADV_Generation_eps_1.0_steps_100 - INFO - Batch 3269/3783: Clean accuracy 0.7219 | Adv accuracy: 0.0000 
2026-02-09 02:55:15,903 - ADV_Generation_eps_1.0_steps_100 - INFO - Batch:[3269] Adversarial images for this batch already exist
2026-02-09 02:55:16,044 - ADV_Generation_eps_1.0_steps_100 - INFO - Batch 3270/3783: Clean accuracy 0.7220 | Adv accuracy: 0.0000 
2026-02-09 02:55:16,045 - ADV_Generation_eps_1.0_steps_100 - INFO - Batch:[3270] Adversarial images for this batch already exist
2026-02-09 02:55:16,197 - ADV_Generation_eps_1.0_steps_100 - INFO - Batch 3271/3783: Clean accuracy 0.7221 | Adv accuracy: 0.0000 
2026-02-09 02:55:16,198 - ADV_Generation_eps_1.0_steps_100 - INFO - Batch:[3271] Adversarial images for this batch already exist
2026-02-09 02:55:16,341 - ADV_Generation_eps_1.0_steps_100 - INFO - Batch 3272/3783: Clean accuracy 0.7222 | Adv accuracy: 0.0000 
2026-02-09 02:55:16,342 - ADV_Generation_eps_1.0_steps_100 - INFO - Batch:[3272] Adversarial images for this batch already exist
2026-02-09 02:55:16,482 - ADV_Generation_eps_1.0_steps_100 - INFO - Batch 3273/3783: Clean accuracy 0.7223 | Adv accuracy: 0.0000 
2026-02-09 02:55:16,483 - ADV_Generation_eps_1.0_steps_100 - INFO - Batch:[3273] Adversarial images for this batch already exist
2026-02-09 02:55:16,630 - ADV_Generation_eps_1.0_steps_100 - INFO - Batch 3274/3783: Clean accuracy 0.7224 | Adv accuracy: 0.0000 
2026-02-09 02:55:16,631 - ADV_Generation_eps_1.0_steps_100 - INFO - Batch:[3274] Adversarial images for this batch already exist
2026-02-09 02:55:16,769 - ADV_Generation_eps_1.0_steps_100 - INFO - Batch 3275/3783: Clean accuracy 0.7224 | Adv accuracy: 0.0000 
2026-02-09 02:55:16,771 - ADV_Generation_eps_1.0_steps_100 - INFO - Batch:[3275] Adversarial images for this batch already exist
2026-02-09 02:55:16,910 - ADV_Generation_eps_1.0_steps_100 - INFO - Batch 3276/3783: Clean accuracy 0.7225 | Adv accuracy: 0.0000 
2026-02-09 02:55:16,911 - ADV_Generation_eps_1.0_steps_100 - INFO - Batch:[3276] Adversarial images for this batch already exist
2026-02-09 02:55:17,049 - ADV_Generation_eps_1.0_steps_100 - INFO - Batch 3277/3783: Clean accuracy 0.7226 | Adv accuracy: 0.0000 
2026-02-09 02:55:17,049 - ADV_Generation_eps_1.0_steps_100 - INFO - Batch:[3277] Adversarial images for this batch already exist
2026-02-09 02:55:17,187 - ADV_Generation_eps_1.0_steps_100 - INFO - Batch 3278/3783: Clean accuracy 0.7227 | Adv accuracy: 0.0000 
2026-02-09 02:55:17,187 - ADV_Generation_eps_1.0_steps_100 - INFO - Batch:[3278] Adversarial images for this batch already exist
2026-02-09 02:55:17,333 - ADV_Generation_eps_1.0_steps_100 - INFO - Batch 3279/3783: Clean accuracy 0.7228 | Adv accuracy: 0.0000 
2026-02-09 02:55:17,334 - ADV_Generation_eps_1.0_steps_100 - INFO - Batch:[3279] Adversarial images for this batch already exist
2026-02-09 02:55:17,477 - ADV_Generation_eps_1.0_steps_100 - INFO - Batch 3280/3783: Clean accuracy 0.7229 | Adv accuracy: 0.0000 
2026-02-09 02:55:17,478 - ADV_Generation_eps_1.0_steps_100 - INFO - Batch:[3280] Adversarial images for this batch already exist
2026-02-09 02:55:17,618 - ADV_Generation_eps_1.0_steps_100 - INFO - Batch 3281/3783: Clean accuracy 0.7230 | Adv accuracy: 0.0000 
2026-02-09 02:55:17,619 - ADV_Generation_eps_1.0_steps_100 - INFO - Batch:[3281] Adversarial images for this batch already exist
2026-02-09 02:55:17,756 - ADV_Generation_eps_1.0_steps_100 - INFO - Batch 3282/3783: Clean accuracy 0.7230 | Adv accuracy: 0.0000 
2026-02-09 02:55:17,757 - ADV_Generation_eps_1.0_steps_100 - INFO - Batch:[3282] Adversarial images for this batch already exist
2026-02-09 02:55:17,898 - ADV_Generation_eps_1.0_steps_100 - INFO - Batch 3283/3783: Clean accuracy 0.7231 | Adv accuracy: 0.0000 
2026-02-09 02:55:17,899 - ADV_Generation_eps_1.0_steps_100 - INFO - Batch:[3283] Adversarial images for this batch already exist
2026-02-09 02:55:18,073 - ADV_Generation_eps_1.0_steps_100 - INFO - Batch 3284/3783: Clean accuracy 0.7232 | Adv accuracy: 0.0000 
2026-02-09 02:55:18,075 - ADV_Generation_eps_1.0_steps_100 - INFO - Batch:[3284] Adversarial images for this batch already exist
2026-02-09 02:55:18,213 - ADV_Generation_eps_1.0_steps_100 - INFO - Batch 3285/3783: Clean accuracy 0.7233 | Adv accuracy: 0.0000 
2026-02-09 02:55:18,215 - ADV_Generation_eps_1.0_steps_100 - INFO - Batch:[3285] Adversarial images for this batch already exist
2026-02-09 02:55:18,367 - ADV_Generation_eps_1.0_steps_100 - INFO - Batch 3286/3783: Clean accuracy 0.7234 | Adv accuracy: 0.0000 
2026-02-09 02:55:18,368 - ADV_Generation_eps_1.0_steps_100 - INFO - Batch:[3286] Adversarial images for this batch already exist
2026-02-09 02:55:18,509 - ADV_Generation_eps_1.0_steps_100 - INFO - Batch 3287/3783: Clean accuracy 0.7235 | Adv accuracy: 0.0000 
2026-02-09 02:55:18,510 - ADV_Generation_eps_1.0_steps_100 - INFO - Batch:[3287] Adversarial images for this batch already exist
2026-02-09 02:55:18,641 - ADV_Generation_eps_1.0_steps_100 - INFO - Batch 3288/3783: Clean accuracy 0.7235 | Adv accuracy: 0.0000 
2026-02-09 02:55:18,642 - ADV_Generation_eps_1.0_steps_100 - INFO - Batch:[3288] Adversarial images for this batch already exist
2026-02-09 02:55:18,786 - ADV_Generation_eps_1.0_steps_100 - INFO - Batch 3289/3783: Clean accuracy 0.7236 | Adv accuracy: 0.0000 
2026-02-09 02:55:18,787 - ADV_Generation_eps_1.0_steps_100 - INFO - Batch:[3289] Adversarial images for this batch already exist
2026-02-09 02:55:18,925 - ADV_Generation_eps_1.0_steps_100 - INFO - Batch 3290/3783: Clean accuracy 0.7237 | Adv accuracy: 0.0000 
2026-02-09 02:55:18,926 - ADV_Generation_eps_1.0_steps_100 - INFO - Batch:[3290] Adversarial images for this batch already exist
2026-02-09 02:55:19,085 - ADV_Generation_eps_1.0_steps_100 - INFO - Batch 3291/3783: Clean accuracy 0.7238 | Adv accuracy: 0.0000 
2026-02-09 02:55:19,086 - ADV_Generation_eps_1.0_steps_100 - INFO - Batch:[3291] Adversarial images for this batch already exist
2026-02-09 02:55:19,230 - ADV_Generation_eps_1.0_steps_100 - INFO - Batch 3292/3783: Clean accuracy 0.7239 | Adv accuracy: 0.0000 
2026-02-09 02:55:19,231 - ADV_Generation_eps_1.0_steps_100 - INFO - Batch:[3292] Adversarial images for this batch already exist
2026-02-09 02:55:19,376 - ADV_Generation_eps_1.0_steps_100 - INFO - Batch 3293/3783: Clean accuracy 0.7240 | Adv accuracy: 0.0000 
2026-02-09 02:55:19,377 - ADV_Generation_eps_1.0_steps_100 - INFO - Batch:[3293] Adversarial images for this batch already exist
2026-02-09 02:55:19,512 - ADV_Generation_eps_1.0_steps_100 - INFO - Batch 3294/3783: Clean accuracy 0.7240 | Adv accuracy: 0.0000 
2026-02-09 02:55:19,514 - ADV_Generation_eps_1.0_steps_100 - INFO - Batch:[3294] Adversarial images for this batch already exist
2026-02-09 02:55:19,649 - ADV_Generation_eps_1.0_steps_100 - INFO - Batch 3295/3783: Clean accuracy 0.7241 | Adv accuracy: 0.0000 
2026-02-09 02:55:19,650 - ADV_Generation_eps_1.0_steps_100 - INFO - Batch:[3295] Adversarial images for this batch already exist
2026-02-09 02:55:19,790 - ADV_Generation_eps_1.0_steps_100 - INFO - Batch 3296/3783: Clean accuracy 0.7239 | Adv accuracy: 0.0000 
2026-02-09 02:55:19,791 - ADV_Generation_eps_1.0_steps_100 - INFO - Batch:[3296] Adversarial images for this batch already exist
2026-02-09 02:55:19,930 - ADV_Generation_eps_1.0_steps_100 - INFO - Batch 3297/3783: Clean accuracy 0.7240 | Adv accuracy: 0.0000 
2026-02-09 02:55:19,931 - ADV_Generation_eps_1.0_steps_100 - INFO - Batch:[3297] Adversarial images for this batch already exist
2026-02-09 02:55:20,067 - ADV_Generation_eps_1.0_steps_100 - INFO - Batch 3298/3783: Clean accuracy 0.7241 | Adv accuracy: 0.0000 
2026-02-09 02:55:20,068 - ADV_Generation_eps_1.0_steps_100 - INFO - Batch:[3298] Adversarial images for this batch already exist
2026-02-09 02:55:20,206 - ADV_Generation_eps_1.0_steps_100 - INFO - Batch 3299/3783: Clean accuracy 0.7239 | Adv accuracy: 0.0000 
2026-02-09 02:55:20,207 - ADV_Generation_eps_1.0_steps_100 - INFO - Batch:[3299] Adversarial images for this batch already exist
2026-02-09 02:55:20,348 - ADV_Generation_eps_1.0_steps_100 - INFO - Batch 3300/3783: Clean accuracy 0.7239 | Adv accuracy: 0.0000 
2026-02-09 02:55:20,349 - ADV_Generation_eps_1.0_steps_100 - INFO - Batch:[3300] Adversarial images for this batch already exist
2026-02-09 02:55:20,484 - ADV_Generation_eps_1.0_steps_100 - INFO - Batch 3301/3783: Clean accuracy 0.7240 | Adv accuracy: 0.0000 
2026-02-09 02:55:20,487 - ADV_Generation_eps_1.0_steps_100 - INFO - Batch:[3301] Adversarial images for this batch already exist
2026-02-09 02:55:20,640 - ADV_Generation_eps_1.0_steps_100 - INFO - Batch 3302/3783: Clean accuracy 0.7241 | Adv accuracy: 0.0000 
2026-02-09 02:55:20,640 - ADV_Generation_eps_1.0_steps_100 - INFO - Batch:[3302] Adversarial images for this batch already exist
2026-02-09 02:55:20,780 - ADV_Generation_eps_1.0_steps_100 - INFO - Batch 3303/3783: Clean accuracy 0.7242 | Adv accuracy: 0.0000 
2026-02-09 02:55:20,781 - ADV_Generation_eps_1.0_steps_100 - INFO - Batch:[3303] Adversarial images for this batch already exist
2026-02-09 02:55:20,914 - ADV_Generation_eps_1.0_steps_100 - INFO - Batch 3304/3783: Clean accuracy 0.7243 | Adv accuracy: 0.0000 
2026-02-09 02:55:20,915 - ADV_Generation_eps_1.0_steps_100 - INFO - Batch:[3304] Adversarial images for this batch already exist
2026-02-09 02:55:21,051 - ADV_Generation_eps_1.0_steps_100 - INFO - Batch 3305/3783: Clean accuracy 0.7244 | Adv accuracy: 0.0000 
2026-02-09 02:55:21,052 - ADV_Generation_eps_1.0_steps_100 - INFO - Batch:[3305] Adversarial images for this batch already exist
2026-02-09 02:55:21,200 - ADV_Generation_eps_1.0_steps_100 - INFO - Batch 3306/3783: Clean accuracy 0.7241 | Adv accuracy: 0.0000 
2026-02-09 02:55:21,201 - ADV_Generation_eps_1.0_steps_100 - INFO - Batch:[3306] Adversarial images for this batch already exist
2026-02-09 02:55:21,344 - ADV_Generation_eps_1.0_steps_100 - INFO - Batch 3307/3783: Clean accuracy 0.7242 | Adv accuracy: 0.0000 
2026-02-09 02:55:21,345 - ADV_Generation_eps_1.0_steps_100 - INFO - Batch:[3307] Adversarial images for this batch already exist
2026-02-09 02:55:21,493 - ADV_Generation_eps_1.0_steps_100 - INFO - Batch 3308/3783: Clean accuracy 0.7240 | Adv accuracy: 0.0000 
2026-02-09 02:55:21,494 - ADV_Generation_eps_1.0_steps_100 - INFO - Batch:[3308] Adversarial images for this batch already exist
2026-02-09 02:55:21,634 - ADV_Generation_eps_1.0_steps_100 - INFO - Batch 3309/3783: Clean accuracy 0.7238 | Adv accuracy: 0.0000 
2026-02-09 02:55:21,635 - ADV_Generation_eps_1.0_steps_100 - INFO - Batch:[3309] Adversarial images for this batch already exist
2026-02-09 02:55:21,774 - ADV_Generation_eps_1.0_steps_100 - INFO - Batch 3310/3783: Clean accuracy 0.7236 | Adv accuracy: 0.0000 
2026-02-09 02:55:21,775 - ADV_Generation_eps_1.0_steps_100 - INFO - Batch:[3310] Adversarial images for this batch already exist
2026-02-09 02:55:21,927 - ADV_Generation_eps_1.0_steps_100 - INFO - Batch 3311/3783: Clean accuracy 0.7233 | Adv accuracy: 0.0000 
2026-02-09 02:55:21,928 - ADV_Generation_eps_1.0_steps_100 - INFO - Batch:[3311] Adversarial images for this batch already exist
2026-02-09 02:55:22,112 - ADV_Generation_eps_1.0_steps_100 - INFO - Batch 3312/3783: Clean accuracy 0.7234 | Adv accuracy: 0.0000 
2026-02-09 02:55:22,113 - ADV_Generation_eps_1.0_steps_100 - INFO - Batch:[3312] Adversarial images for this batch already exist
2026-02-09 02:55:22,324 - ADV_Generation_eps_1.0_steps_100 - INFO - Batch 3313/3783: Clean accuracy 0.7235 | Adv accuracy: 0.0000 
2026-02-09 02:55:22,326 - ADV_Generation_eps_1.0_steps_100 - INFO - Batch:[3313] Adversarial images for this batch already exist
2026-02-09 02:55:22,469 - ADV_Generation_eps_1.0_steps_100 - INFO - Batch 3314/3783: Clean accuracy 0.7236 | Adv accuracy: 0.0000 
2026-02-09 02:55:22,470 - ADV_Generation_eps_1.0_steps_100 - INFO - Batch:[3314] Adversarial images for this batch already exist
2026-02-09 02:55:22,639 - ADV_Generation_eps_1.0_steps_100 - INFO - Batch 3315/3783: Clean accuracy 0.7237 | Adv accuracy: 0.0000 
2026-02-09 02:55:22,640 - ADV_Generation_eps_1.0_steps_100 - INFO - Batch:[3315] Adversarial images for this batch already exist
2026-02-09 02:55:22,786 - ADV_Generation_eps_1.0_steps_100 - INFO - Batch 3316/3783: Clean accuracy 0.7238 | Adv accuracy: 0.0000 
2026-02-09 02:55:22,787 - ADV_Generation_eps_1.0_steps_100 - INFO - Batch:[3316] Adversarial images for this batch already exist
2026-02-09 02:55:22,927 - ADV_Generation_eps_1.0_steps_100 - INFO - Batch 3317/3783: Clean accuracy 0.7238 | Adv accuracy: 0.0000 
2026-02-09 02:55:22,928 - ADV_Generation_eps_1.0_steps_100 - INFO - Batch:[3317] Adversarial images for this batch already exist
2026-02-09 02:55:23,079 - ADV_Generation_eps_1.0_steps_100 - INFO - Batch 3318/3783: Clean accuracy 0.7239 | Adv accuracy: 0.0000 
2026-02-09 02:55:23,080 - ADV_Generation_eps_1.0_steps_100 - INFO - Batch:[3318] Adversarial images for this batch already exist
2026-02-09 02:55:23,224 - ADV_Generation_eps_1.0_steps_100 - INFO - Batch 3319/3783: Clean accuracy 0.7240 | Adv accuracy: 0.0000 
2026-02-09 02:55:23,225 - ADV_Generation_eps_1.0_steps_100 - INFO - Batch:[3319] Adversarial images for this batch already exist
2026-02-09 02:55:23,363 - ADV_Generation_eps_1.0_steps_100 - INFO - Batch 3320/3783: Clean accuracy 0.7241 | Adv accuracy: 0.0000 
2026-02-09 02:55:23,364 - ADV_Generation_eps_1.0_steps_100 - INFO - Batch:[3320] Adversarial images for this batch already exist
2026-02-09 02:55:23,508 - ADV_Generation_eps_1.0_steps_100 - INFO - Batch 3321/3783: Clean accuracy 0.7242 | Adv accuracy: 0.0000 
2026-02-09 02:55:23,509 - ADV_Generation_eps_1.0_steps_100 - INFO - Batch:[3321] Adversarial images for this batch already exist
2026-02-09 02:55:23,644 - ADV_Generation_eps_1.0_steps_100 - INFO - Batch 3322/3783: Clean accuracy 0.7243 | Adv accuracy: 0.0000 
2026-02-09 02:55:23,645 - ADV_Generation_eps_1.0_steps_100 - INFO - Batch:[3322] Adversarial images for this batch already exist
2026-02-09 02:55:23,790 - ADV_Generation_eps_1.0_steps_100 - INFO - Batch 3323/3783: Clean accuracy 0.7243 | Adv accuracy: 0.0000 
2026-02-09 02:55:23,791 - ADV_Generation_eps_1.0_steps_100 - INFO - Batch:[3323] Adversarial images for this batch already exist
2026-02-09 02:55:23,932 - ADV_Generation_eps_1.0_steps_100 - INFO - Batch 3324/3783: Clean accuracy 0.7244 | Adv accuracy: 0.0000 
2026-02-09 02:55:23,933 - ADV_Generation_eps_1.0_steps_100 - INFO - Batch:[3324] Adversarial images for this batch already exist
2026-02-09 02:55:24,075 - ADV_Generation_eps_1.0_steps_100 - INFO - Batch 3325/3783: Clean accuracy 0.7245 | Adv accuracy: 0.0000 
2026-02-09 02:55:24,076 - ADV_Generation_eps_1.0_steps_100 - INFO - Batch:[3325] Adversarial images for this batch already exist
2026-02-09 02:55:24,210 - ADV_Generation_eps_1.0_steps_100 - INFO - Batch 3326/3783: Clean accuracy 0.7246 | Adv accuracy: 0.0000 
2026-02-09 02:55:24,211 - ADV_Generation_eps_1.0_steps_100 - INFO - Batch:[3326] Adversarial images for this batch already exist
2026-02-09 02:55:24,352 - ADV_Generation_eps_1.0_steps_100 - INFO - Batch 3327/3783: Clean accuracy 0.7247 | Adv accuracy: 0.0000 
2026-02-09 02:55:24,353 - ADV_Generation_eps_1.0_steps_100 - INFO - Batch:[3327] Adversarial images for this batch already exist
2026-02-09 02:55:24,528 - ADV_Generation_eps_1.0_steps_100 - INFO - Batch 3328/3783: Clean accuracy 0.7248 | Adv accuracy: 0.0000 
2026-02-09 02:55:24,529 - ADV_Generation_eps_1.0_steps_100 - INFO - Batch:[3328] Adversarial images for this batch already exist
2026-02-09 02:55:24,671 - ADV_Generation_eps_1.0_steps_100 - INFO - Batch 3329/3783: Clean accuracy 0.7248 | Adv accuracy: 0.0000 
2026-02-09 02:55:24,672 - ADV_Generation_eps_1.0_steps_100 - INFO - Batch:[3329] Adversarial images for this batch already exist
2026-02-09 02:55:24,809 - ADV_Generation_eps_1.0_steps_100 - INFO - Batch 3330/3783: Clean accuracy 0.7249 | Adv accuracy: 0.0000 
2026-02-09 02:55:24,810 - ADV_Generation_eps_1.0_steps_100 - INFO - Batch:[3330] Adversarial images for this batch already exist
2026-02-09 02:55:24,953 - ADV_Generation_eps_1.0_steps_100 - INFO - Batch 3331/3783: Clean accuracy 0.7247 | Adv accuracy: 0.0000 
2026-02-09 02:55:24,954 - ADV_Generation_eps_1.0_steps_100 - INFO - Batch:[3331] Adversarial images for this batch already exist
2026-02-09 02:55:25,094 - ADV_Generation_eps_1.0_steps_100 - INFO - Batch 3332/3783: Clean accuracy 0.7248 | Adv accuracy: 0.0000 
2026-02-09 02:55:25,095 - ADV_Generation_eps_1.0_steps_100 - INFO - Batch:[3332] Adversarial images for this batch already exist
2026-02-09 02:55:25,229 - ADV_Generation_eps_1.0_steps_100 - INFO - Batch 3333/3783: Clean accuracy 0.7249 | Adv accuracy: 0.0000 
2026-02-09 02:55:25,230 - ADV_Generation_eps_1.0_steps_100 - INFO - Batch:[3333] Adversarial images for this batch already exist
2026-02-09 02:55:25,396 - ADV_Generation_eps_1.0_steps_100 - INFO - Batch 3334/3783: Clean accuracy 0.7250 | Adv accuracy: 0.0000 
2026-02-09 02:55:25,397 - ADV_Generation_eps_1.0_steps_100 - INFO - Batch:[3334] Adversarial images for this batch already exist
2026-02-09 02:55:25,534 - ADV_Generation_eps_1.0_steps_100 - INFO - Batch 3335/3783: Clean accuracy 0.7250 | Adv accuracy: 0.0000 
2026-02-09 02:55:25,535 - ADV_Generation_eps_1.0_steps_100 - INFO - Batch:[3335] Adversarial images for this batch already exist
2026-02-09 02:55:25,671 - ADV_Generation_eps_1.0_steps_100 - INFO - Batch 3336/3783: Clean accuracy 0.7251 | Adv accuracy: 0.0000 
2026-02-09 02:55:25,672 - ADV_Generation_eps_1.0_steps_100 - INFO - Batch:[3336] Adversarial images for this batch already exist
2026-02-09 02:55:25,811 - ADV_Generation_eps_1.0_steps_100 - INFO - Batch 3337/3783: Clean accuracy 0.7252 | Adv accuracy: 0.0000 
2026-02-09 02:55:25,813 - ADV_Generation_eps_1.0_steps_100 - INFO - Batch:[3337] Adversarial images for this batch already exist
2026-02-09 02:55:25,990 - ADV_Generation_eps_1.0_steps_100 - INFO - Batch 3338/3783: Clean accuracy 0.7253 | Adv accuracy: 0.0000 
2026-02-09 02:55:25,991 - ADV_Generation_eps_1.0_steps_100 - INFO - Batch:[3338] Adversarial images for this batch already exist
2026-02-09 02:55:26,172 - ADV_Generation_eps_1.0_steps_100 - INFO - Batch 3339/3783: Clean accuracy 0.7254 | Adv accuracy: 0.0000 
2026-02-09 02:55:26,173 - ADV_Generation_eps_1.0_steps_100 - INFO - Batch:[3339] Adversarial images for this batch already exist
2026-02-09 02:55:26,312 - ADV_Generation_eps_1.0_steps_100 - INFO - Batch 3340/3783: Clean accuracy 0.7254 | Adv accuracy: 0.0000 
2026-02-09 02:55:26,313 - ADV_Generation_eps_1.0_steps_100 - INFO - Batch:[3340] Adversarial images for this batch already exist
2026-02-09 02:55:26,453 - ADV_Generation_eps_1.0_steps_100 - INFO - Batch 3341/3783: Clean accuracy 0.7255 | Adv accuracy: 0.0000 
2026-02-09 02:55:26,454 - ADV_Generation_eps_1.0_steps_100 - INFO - Batch:[3341] Adversarial images for this batch already exist
2026-02-09 02:55:26,596 - ADV_Generation_eps_1.0_steps_100 - INFO - Batch 3342/3783: Clean accuracy 0.7256 | Adv accuracy: 0.0000 
2026-02-09 02:55:26,597 - ADV_Generation_eps_1.0_steps_100 - INFO - Batch:[3342] Adversarial images for this batch already exist
2026-02-09 02:55:26,749 - ADV_Generation_eps_1.0_steps_100 - INFO - Batch 3343/3783: Clean accuracy 0.7257 | Adv accuracy: 0.0000 
2026-02-09 02:55:26,750 - ADV_Generation_eps_1.0_steps_100 - INFO - Batch:[3343] Adversarial images for this batch already exist
2026-02-09 02:55:26,890 - ADV_Generation_eps_1.0_steps_100 - INFO - Batch 3344/3783: Clean accuracy 0.7258 | Adv accuracy: 0.0000 
2026-02-09 02:55:26,891 - ADV_Generation_eps_1.0_steps_100 - INFO - Batch:[3344] Adversarial images for this batch already exist
2026-02-09 02:55:27,030 - ADV_Generation_eps_1.0_steps_100 - INFO - Batch 3345/3783: Clean accuracy 0.7259 | Adv accuracy: 0.0000 
2026-02-09 02:55:27,031 - ADV_Generation_eps_1.0_steps_100 - INFO - Batch:[3345] Adversarial images for this batch already exist
2026-02-09 02:55:27,171 - ADV_Generation_eps_1.0_steps_100 - INFO - Batch 3346/3783: Clean accuracy 0.7259 | Adv accuracy: 0.0000 
2026-02-09 02:55:27,172 - ADV_Generation_eps_1.0_steps_100 - INFO - Batch:[3346] Adversarial images for this batch already exist
2026-02-09 02:55:27,309 - ADV_Generation_eps_1.0_steps_100 - INFO - Batch 3347/3783: Clean accuracy 0.7260 | Adv accuracy: 0.0000 
2026-02-09 02:55:27,310 - ADV_Generation_eps_1.0_steps_100 - INFO - Batch:[3347] Adversarial images for this batch already exist
2026-02-09 02:55:27,451 - ADV_Generation_eps_1.0_steps_100 - INFO - Batch 3348/3783: Clean accuracy 0.7261 | Adv accuracy: 0.0000 
2026-02-09 02:55:27,452 - ADV_Generation_eps_1.0_steps_100 - INFO - Batch:[3348] Adversarial images for this batch already exist
2026-02-09 02:55:27,587 - ADV_Generation_eps_1.0_steps_100 - INFO - Batch 3349/3783: Clean accuracy 0.7262 | Adv accuracy: 0.0000 
2026-02-09 02:55:27,588 - ADV_Generation_eps_1.0_steps_100 - INFO - Batch:[3349] Adversarial images for this batch already exist
2026-02-09 02:55:27,729 - ADV_Generation_eps_1.0_steps_100 - INFO - Batch 3350/3783: Clean accuracy 0.7263 | Adv accuracy: 0.0000 
2026-02-09 02:55:27,730 - ADV_Generation_eps_1.0_steps_100 - INFO - Batch:[3350] Adversarial images for this batch already exist
2026-02-09 02:55:27,868 - ADV_Generation_eps_1.0_steps_100 - INFO - Batch 3351/3783: Clean accuracy 0.7264 | Adv accuracy: 0.0000 
2026-02-09 02:55:27,869 - ADV_Generation_eps_1.0_steps_100 - INFO - Batch:[3351] Adversarial images for this batch already exist
2026-02-09 02:55:28,004 - ADV_Generation_eps_1.0_steps_100 - INFO - Batch 3352/3783: Clean accuracy 0.7264 | Adv accuracy: 0.0000 
2026-02-09 02:55:28,005 - ADV_Generation_eps_1.0_steps_100 - INFO - Batch:[3352] Adversarial images for this batch already exist
2026-02-09 02:55:28,144 - ADV_Generation_eps_1.0_steps_100 - INFO - Batch 3353/3783: Clean accuracy 0.7265 | Adv accuracy: 0.0000 
2026-02-09 02:55:28,145 - ADV_Generation_eps_1.0_steps_100 - INFO - Batch:[3353] Adversarial images for this batch already exist
2026-02-09 02:55:28,299 - ADV_Generation_eps_1.0_steps_100 - INFO - Batch 3354/3783: Clean accuracy 0.7266 | Adv accuracy: 0.0000 
2026-02-09 02:55:28,300 - ADV_Generation_eps_1.0_steps_100 - INFO - Batch:[3354] Adversarial images for this batch already exist
2026-02-09 02:55:28,442 - ADV_Generation_eps_1.0_steps_100 - INFO - Batch 3355/3783: Clean accuracy 0.7267 | Adv accuracy: 0.0000 
2026-02-09 02:55:28,443 - ADV_Generation_eps_1.0_steps_100 - INFO - Batch:[3355] Adversarial images for this batch already exist
2026-02-09 02:55:28,580 - ADV_Generation_eps_1.0_steps_100 - INFO - Batch 3356/3783: Clean accuracy 0.7268 | Adv accuracy: 0.0000 
2026-02-09 02:55:28,581 - ADV_Generation_eps_1.0_steps_100 - INFO - Batch:[3356] Adversarial images for this batch already exist
2026-02-09 02:55:28,720 - ADV_Generation_eps_1.0_steps_100 - INFO - Batch 3357/3783: Clean accuracy 0.7268 | Adv accuracy: 0.0000 
2026-02-09 02:55:28,721 - ADV_Generation_eps_1.0_steps_100 - INFO - Batch:[3357] Adversarial images for this batch already exist
2026-02-09 02:55:28,859 - ADV_Generation_eps_1.0_steps_100 - INFO - Batch 3358/3783: Clean accuracy 0.7269 | Adv accuracy: 0.0000 
2026-02-09 02:55:28,860 - ADV_Generation_eps_1.0_steps_100 - INFO - Batch:[3358] Adversarial images for this batch already exist
2026-02-09 02:55:28,997 - ADV_Generation_eps_1.0_steps_100 - INFO - Batch 3359/3783: Clean accuracy 0.7270 | Adv accuracy: 0.0000 
2026-02-09 02:55:28,998 - ADV_Generation_eps_1.0_steps_100 - INFO - Batch:[3359] Adversarial images for this batch already exist
2026-02-09 02:55:29,219 - ADV_Generation_eps_1.0_steps_100 - INFO - Batch 3360/3783: Clean accuracy 0.7271 | Adv accuracy: 0.0000 
2026-02-09 02:55:29,220 - ADV_Generation_eps_1.0_steps_100 - INFO - Batch:[3360] Adversarial images for this batch already exist
2026-02-09 02:55:29,361 - ADV_Generation_eps_1.0_steps_100 - INFO - Batch 3361/3783: Clean accuracy 0.7272 | Adv accuracy: 0.0000 
2026-02-09 02:55:29,362 - ADV_Generation_eps_1.0_steps_100 - INFO - Batch:[3361] Adversarial images for this batch already exist
2026-02-09 02:55:29,502 - ADV_Generation_eps_1.0_steps_100 - INFO - Batch 3362/3783: Clean accuracy 0.7272 | Adv accuracy: 0.0000 
2026-02-09 02:55:29,503 - ADV_Generation_eps_1.0_steps_100 - INFO - Batch:[3362] Adversarial images for this batch already exist
2026-02-09 02:55:29,647 - ADV_Generation_eps_1.0_steps_100 - INFO - Batch 3363/3783: Clean accuracy 0.7273 | Adv accuracy: 0.0000 
2026-02-09 02:55:29,648 - ADV_Generation_eps_1.0_steps_100 - INFO - Batch:[3363] Adversarial images for this batch already exist
2026-02-09 02:55:29,791 - ADV_Generation_eps_1.0_steps_100 - INFO - Batch 3364/3783: Clean accuracy 0.7274 | Adv accuracy: 0.0000 
2026-02-09 02:55:29,792 - ADV_Generation_eps_1.0_steps_100 - INFO - Batch:[3364] Adversarial images for this batch already exist
2026-02-09 02:55:29,937 - ADV_Generation_eps_1.0_steps_100 - INFO - Batch 3365/3783: Clean accuracy 0.7275 | Adv accuracy: 0.0000 
2026-02-09 02:55:29,938 - ADV_Generation_eps_1.0_steps_100 - INFO - Batch:[3365] Adversarial images for this batch already exist
2026-02-09 02:55:30,077 - ADV_Generation_eps_1.0_steps_100 - INFO - Batch 3366/3783: Clean accuracy 0.7276 | Adv accuracy: 0.0000 
2026-02-09 02:55:30,078 - ADV_Generation_eps_1.0_steps_100 - INFO - Batch:[3366] Adversarial images for this batch already exist
2026-02-09 02:55:30,231 - ADV_Generation_eps_1.0_steps_100 - INFO - Batch 3367/3783: Clean accuracy 0.7277 | Adv accuracy: 0.0000 
2026-02-09 02:55:30,232 - ADV_Generation_eps_1.0_steps_100 - INFO - Batch:[3367] Adversarial images for this batch already exist
2026-02-09 02:55:30,375 - ADV_Generation_eps_1.0_steps_100 - INFO - Batch 3368/3783: Clean accuracy 0.7277 | Adv accuracy: 0.0000 
2026-02-09 02:55:30,376 - ADV_Generation_eps_1.0_steps_100 - INFO - Batch:[3368] Adversarial images for this batch already exist
2026-02-09 02:55:30,518 - ADV_Generation_eps_1.0_steps_100 - INFO - Batch 3369/3783: Clean accuracy 0.7278 | Adv accuracy: 0.0000 
2026-02-09 02:55:30,519 - ADV_Generation_eps_1.0_steps_100 - INFO - Batch:[3369] Adversarial images for this batch already exist
2026-02-09 02:55:30,658 - ADV_Generation_eps_1.0_steps_100 - INFO - Batch 3370/3783: Clean accuracy 0.7279 | Adv accuracy: 0.0000 
2026-02-09 02:55:30,659 - ADV_Generation_eps_1.0_steps_100 - INFO - Batch:[3370] Adversarial images for this batch already exist
2026-02-09 02:55:30,801 - ADV_Generation_eps_1.0_steps_100 - INFO - Batch 3371/3783: Clean accuracy 0.7280 | Adv accuracy: 0.0000 
2026-02-09 02:55:30,802 - ADV_Generation_eps_1.0_steps_100 - INFO - Batch:[3371] Adversarial images for this batch already exist
2026-02-09 02:55:30,943 - ADV_Generation_eps_1.0_steps_100 - INFO - Batch 3372/3783: Clean accuracy 0.7281 | Adv accuracy: 0.0000 
2026-02-09 02:55:30,944 - ADV_Generation_eps_1.0_steps_100 - INFO - Batch:[3372] Adversarial images for this batch already exist
2026-02-09 02:55:31,084 - ADV_Generation_eps_1.0_steps_100 - INFO - Batch 3373/3783: Clean accuracy 0.7281 | Adv accuracy: 0.0000 
2026-02-09 02:55:31,085 - ADV_Generation_eps_1.0_steps_100 - INFO - Batch:[3373] Adversarial images for this batch already exist
2026-02-09 02:55:31,263 - ADV_Generation_eps_1.0_steps_100 - INFO - Batch 3374/3783: Clean accuracy 0.7282 | Adv accuracy: 0.0000 
2026-02-09 02:55:31,264 - ADV_Generation_eps_1.0_steps_100 - INFO - Batch:[3374] Adversarial images for this batch already exist
2026-02-09 02:55:31,418 - ADV_Generation_eps_1.0_steps_100 - INFO - Batch 3375/3783: Clean accuracy 0.7283 | Adv accuracy: 0.0000 
2026-02-09 02:55:31,419 - ADV_Generation_eps_1.0_steps_100 - INFO - Batch:[3375] Adversarial images for this batch already exist
2026-02-09 02:55:31,561 - ADV_Generation_eps_1.0_steps_100 - INFO - Batch 3376/3783: Clean accuracy 0.7284 | Adv accuracy: 0.0000 
2026-02-09 02:55:31,562 - ADV_Generation_eps_1.0_steps_100 - INFO - Batch:[3376] Adversarial images for this batch already exist
2026-02-09 02:55:31,737 - ADV_Generation_eps_1.0_steps_100 - INFO - Batch 3377/3783: Clean accuracy 0.7285 | Adv accuracy: 0.0000 
2026-02-09 02:55:31,738 - ADV_Generation_eps_1.0_steps_100 - INFO - Batch:[3377] Adversarial images for this batch already exist
2026-02-09 02:55:31,886 - ADV_Generation_eps_1.0_steps_100 - INFO - Batch 3378/3783: Clean accuracy 0.7285 | Adv accuracy: 0.0000 
2026-02-09 02:55:31,887 - ADV_Generation_eps_1.0_steps_100 - INFO - Batch:[3378] Adversarial images for this batch already exist
2026-02-09 02:55:32,026 - ADV_Generation_eps_1.0_steps_100 - INFO - Batch 3379/3783: Clean accuracy 0.7286 | Adv accuracy: 0.0000 
2026-02-09 02:55:32,027 - ADV_Generation_eps_1.0_steps_100 - INFO - Batch:[3379] Adversarial images for this batch already exist
2026-02-09 02:55:32,188 - ADV_Generation_eps_1.0_steps_100 - INFO - Batch 3380/3783: Clean accuracy 0.7287 | Adv accuracy: 0.0000 
2026-02-09 02:55:32,189 - ADV_Generation_eps_1.0_steps_100 - INFO - Batch:[3380] Adversarial images for this batch already exist
2026-02-09 02:55:32,327 - ADV_Generation_eps_1.0_steps_100 - INFO - Batch 3381/3783: Clean accuracy 0.7288 | Adv accuracy: 0.0000 
2026-02-09 02:55:32,328 - ADV_Generation_eps_1.0_steps_100 - INFO - Batch:[3381] Adversarial images for this batch already exist
2026-02-09 02:55:32,470 - ADV_Generation_eps_1.0_steps_100 - INFO - Batch 3382/3783: Clean accuracy 0.7289 | Adv accuracy: 0.0000 
2026-02-09 02:55:32,470 - ADV_Generation_eps_1.0_steps_100 - INFO - Batch:[3382] Adversarial images for this batch already exist
2026-02-09 02:55:32,629 - ADV_Generation_eps_1.0_steps_100 - INFO - Batch 3383/3783: Clean accuracy 0.7289 | Adv accuracy: 0.0000 
2026-02-09 02:55:32,630 - ADV_Generation_eps_1.0_steps_100 - INFO - Batch:[3383] Adversarial images for this batch already exist
2026-02-09 02:55:32,770 - ADV_Generation_eps_1.0_steps_100 - INFO - Batch 3384/3783: Clean accuracy 0.7290 | Adv accuracy: 0.0000 
2026-02-09 02:55:32,771 - ADV_Generation_eps_1.0_steps_100 - INFO - Batch:[3384] Adversarial images for this batch already exist
2026-02-09 02:55:32,914 - ADV_Generation_eps_1.0_steps_100 - INFO - Batch 3385/3783: Clean accuracy 0.7291 | Adv accuracy: 0.0000 
2026-02-09 02:55:32,915 - ADV_Generation_eps_1.0_steps_100 - INFO - Batch:[3385] Adversarial images for this batch already exist
2026-02-09 02:55:33,059 - ADV_Generation_eps_1.0_steps_100 - INFO - Batch 3386/3783: Clean accuracy 0.7292 | Adv accuracy: 0.0000 
2026-02-09 02:55:33,060 - ADV_Generation_eps_1.0_steps_100 - INFO - Batch:[3386] Adversarial images for this batch already exist
2026-02-09 02:55:33,208 - ADV_Generation_eps_1.0_steps_100 - INFO - Batch 3387/3783: Clean accuracy 0.7293 | Adv accuracy: 0.0000 
2026-02-09 02:55:33,209 - ADV_Generation_eps_1.0_steps_100 - INFO - Batch:[3387] Adversarial images for this batch already exist
2026-02-09 02:55:33,345 - ADV_Generation_eps_1.0_steps_100 - INFO - Batch 3388/3783: Clean accuracy 0.7293 | Adv accuracy: 0.0000 
2026-02-09 02:55:33,346 - ADV_Generation_eps_1.0_steps_100 - INFO - Batch:[3388] Adversarial images for this batch already exist
2026-02-09 02:55:33,487 - ADV_Generation_eps_1.0_steps_100 - INFO - Batch 3389/3783: Clean accuracy 0.7294 | Adv accuracy: 0.0000 
2026-02-09 02:55:33,488 - ADV_Generation_eps_1.0_steps_100 - INFO - Batch:[3389] Adversarial images for this batch already exist
2026-02-09 02:55:33,624 - ADV_Generation_eps_1.0_steps_100 - INFO - Batch 3390/3783: Clean accuracy 0.7295 | Adv accuracy: 0.0000 
2026-02-09 02:55:33,625 - ADV_Generation_eps_1.0_steps_100 - INFO - Batch:[3390] Adversarial images for this batch already exist
2026-02-09 02:55:33,768 - ADV_Generation_eps_1.0_steps_100 - INFO - Batch 3391/3783: Clean accuracy 0.7296 | Adv accuracy: 0.0000 
2026-02-09 02:55:33,769 - ADV_Generation_eps_1.0_steps_100 - INFO - Batch:[3391] Adversarial images for this batch already exist
2026-02-09 02:55:33,910 - ADV_Generation_eps_1.0_steps_100 - INFO - Batch 3392/3783: Clean accuracy 0.7297 | Adv accuracy: 0.0000 
2026-02-09 02:55:33,911 - ADV_Generation_eps_1.0_steps_100 - INFO - Batch:[3392] Adversarial images for this batch already exist
2026-02-09 02:55:34,055 - ADV_Generation_eps_1.0_steps_100 - INFO - Batch 3393/3783: Clean accuracy 0.7297 | Adv accuracy: 0.0000 
2026-02-09 02:55:34,056 - ADV_Generation_eps_1.0_steps_100 - INFO - Batch:[3393] Adversarial images for this batch already exist
2026-02-09 02:55:34,199 - ADV_Generation_eps_1.0_steps_100 - INFO - Batch 3394/3783: Clean accuracy 0.7298 | Adv accuracy: 0.0000 
2026-02-09 02:55:34,200 - ADV_Generation_eps_1.0_steps_100 - INFO - Batch:[3394] Adversarial images for this batch already exist
2026-02-09 02:55:34,338 - ADV_Generation_eps_1.0_steps_100 - INFO - Batch 3395/3783: Clean accuracy 0.7299 | Adv accuracy: 0.0000 
2026-02-09 02:55:34,339 - ADV_Generation_eps_1.0_steps_100 - INFO - Batch:[3395] Adversarial images for this batch already exist
2026-02-09 02:55:34,478 - ADV_Generation_eps_1.0_steps_100 - INFO - Batch 3396/3783: Clean accuracy 0.7300 | Adv accuracy: 0.0000 
2026-02-09 02:55:34,479 - ADV_Generation_eps_1.0_steps_100 - INFO - Batch:[3396] Adversarial images for this batch already exist
2026-02-09 02:55:34,615 - ADV_Generation_eps_1.0_steps_100 - INFO - Batch 3397/3783: Clean accuracy 0.7301 | Adv accuracy: 0.0000 
2026-02-09 02:55:34,616 - ADV_Generation_eps_1.0_steps_100 - INFO - Batch:[3397] Adversarial images for this batch already exist
2026-02-09 02:55:34,756 - ADV_Generation_eps_1.0_steps_100 - INFO - Batch 3398/3783: Clean accuracy 0.7301 | Adv accuracy: 0.0000 
2026-02-09 02:55:34,757 - ADV_Generation_eps_1.0_steps_100 - INFO - Batch:[3398] Adversarial images for this batch already exist
2026-02-09 02:55:34,892 - ADV_Generation_eps_1.0_steps_100 - INFO - Batch 3399/3783: Clean accuracy 0.7302 | Adv accuracy: 0.0000 
2026-02-09 02:55:34,893 - ADV_Generation_eps_1.0_steps_100 - INFO - Batch:[3399] Adversarial images for this batch already exist
2026-02-09 02:55:35,077 - ADV_Generation_eps_1.0_steps_100 - INFO - Batch 3400/3783: Clean accuracy 0.7300 | Adv accuracy: 0.0000 
2026-02-09 02:55:35,078 - ADV_Generation_eps_1.0_steps_100 - INFO - Batch:[3400] Adversarial images for this batch already exist
2026-02-09 02:55:35,226 - ADV_Generation_eps_1.0_steps_100 - INFO - Batch 3401/3783: Clean accuracy 0.7298 | Adv accuracy: 0.0000 
2026-02-09 02:55:35,226 - ADV_Generation_eps_1.0_steps_100 - INFO - Batch:[3401] Adversarial images for this batch already exist
2026-02-09 02:55:35,364 - ADV_Generation_eps_1.0_steps_100 - INFO - Batch 3402/3783: Clean accuracy 0.7299 | Adv accuracy: 0.0000 
2026-02-09 02:55:35,365 - ADV_Generation_eps_1.0_steps_100 - INFO - Batch:[3402] Adversarial images for this batch already exist
2026-02-09 02:55:35,501 - ADV_Generation_eps_1.0_steps_100 - INFO - Batch 3403/3783: Clean accuracy 0.7299 | Adv accuracy: 0.0000 
2026-02-09 02:55:35,502 - ADV_Generation_eps_1.0_steps_100 - INFO - Batch:[3403] Adversarial images for this batch already exist
2026-02-09 02:55:35,651 - ADV_Generation_eps_1.0_steps_100 - INFO - Batch 3404/3783: Clean accuracy 0.7300 | Adv accuracy: 0.0000 
2026-02-09 02:55:35,652 - ADV_Generation_eps_1.0_steps_100 - INFO - Batch:[3404] Adversarial images for this batch already exist
2026-02-09 02:55:35,794 - ADV_Generation_eps_1.0_steps_100 - INFO - Batch 3405/3783: Clean accuracy 0.7301 | Adv accuracy: 0.0000 
2026-02-09 02:55:35,795 - ADV_Generation_eps_1.0_steps_100 - INFO - Batch:[3405] Adversarial images for this batch already exist
2026-02-09 02:55:35,936 - ADV_Generation_eps_1.0_steps_100 - INFO - Batch 3406/3783: Clean accuracy 0.7302 | Adv accuracy: 0.0000 
2026-02-09 02:55:35,937 - ADV_Generation_eps_1.0_steps_100 - INFO - Batch:[3406] Adversarial images for this batch already exist
2026-02-09 02:55:36,073 - ADV_Generation_eps_1.0_steps_100 - INFO - Batch 3407/3783: Clean accuracy 0.7303 | Adv accuracy: 0.0000 
2026-02-09 02:55:36,075 - ADV_Generation_eps_1.0_steps_100 - INFO - Batch:[3407] Adversarial images for this batch already exist
2026-02-09 02:55:36,217 - ADV_Generation_eps_1.0_steps_100 - INFO - Batch 3408/3783: Clean accuracy 0.7303 | Adv accuracy: 0.0000 
2026-02-09 02:55:36,218 - ADV_Generation_eps_1.0_steps_100 - INFO - Batch:[3408] Adversarial images for this batch already exist
2026-02-09 02:55:36,365 - ADV_Generation_eps_1.0_steps_100 - INFO - Batch 3409/3783: Clean accuracy 0.7304 | Adv accuracy: 0.0000 
2026-02-09 02:55:36,366 - ADV_Generation_eps_1.0_steps_100 - INFO - Batch:[3409] Adversarial images for this batch already exist
2026-02-09 02:55:36,506 - ADV_Generation_eps_1.0_steps_100 - INFO - Batch 3410/3783: Clean accuracy 0.7305 | Adv accuracy: 0.0000 
2026-02-09 02:55:36,507 - ADV_Generation_eps_1.0_steps_100 - INFO - Batch:[3410] Adversarial images for this batch already exist
2026-02-09 02:55:36,647 - ADV_Generation_eps_1.0_steps_100 - INFO - Batch 3411/3783: Clean accuracy 0.7306 | Adv accuracy: 0.0000 
2026-02-09 02:55:36,648 - ADV_Generation_eps_1.0_steps_100 - INFO - Batch:[3411] Adversarial images for this batch already exist
2026-02-09 02:55:36,791 - ADV_Generation_eps_1.0_steps_100 - INFO - Batch 3412/3783: Clean accuracy 0.7307 | Adv accuracy: 0.0000 
2026-02-09 02:55:36,792 - ADV_Generation_eps_1.0_steps_100 - INFO - Batch:[3412] Adversarial images for this batch already exist
2026-02-09 02:55:36,927 - ADV_Generation_eps_1.0_steps_100 - INFO - Batch 3413/3783: Clean accuracy 0.7307 | Adv accuracy: 0.0000 
2026-02-09 02:55:36,928 - ADV_Generation_eps_1.0_steps_100 - INFO - Batch:[3413] Adversarial images for this batch already exist
2026-02-09 02:55:37,065 - ADV_Generation_eps_1.0_steps_100 - INFO - Batch 3414/3783: Clean accuracy 0.7308 | Adv accuracy: 0.0000 
2026-02-09 02:55:37,066 - ADV_Generation_eps_1.0_steps_100 - INFO - Batch:[3414] Adversarial images for this batch already exist
2026-02-09 02:55:37,203 - ADV_Generation_eps_1.0_steps_100 - INFO - Batch 3415/3783: Clean accuracy 0.7309 | Adv accuracy: 0.0000 
2026-02-09 02:55:37,204 - ADV_Generation_eps_1.0_steps_100 - INFO - Batch:[3415] Adversarial images for this batch already exist
2026-02-09 02:55:37,342 - ADV_Generation_eps_1.0_steps_100 - INFO - Batch 3416/3783: Clean accuracy 0.7310 | Adv accuracy: 0.0000 
2026-02-09 02:55:37,343 - ADV_Generation_eps_1.0_steps_100 - INFO - Batch:[3416] Adversarial images for this batch already exist
2026-02-09 02:55:37,484 - ADV_Generation_eps_1.0_steps_100 - INFO - Batch 3417/3783: Clean accuracy 0.7311 | Adv accuracy: 0.0000 
2026-02-09 02:55:37,484 - ADV_Generation_eps_1.0_steps_100 - INFO - Batch:[3417] Adversarial images for this batch already exist
2026-02-09 02:55:37,627 - ADV_Generation_eps_1.0_steps_100 - INFO - Batch 3418/3783: Clean accuracy 0.7311 | Adv accuracy: 0.0000 
2026-02-09 02:55:37,628 - ADV_Generation_eps_1.0_steps_100 - INFO - Batch:[3418] Adversarial images for this batch already exist
2026-02-09 02:55:37,769 - ADV_Generation_eps_1.0_steps_100 - INFO - Batch 3419/3783: Clean accuracy 0.7309 | Adv accuracy: 0.0000 
2026-02-09 02:55:37,770 - ADV_Generation_eps_1.0_steps_100 - INFO - Batch:[3419] Adversarial images for this batch already exist
2026-02-09 02:55:37,915 - ADV_Generation_eps_1.0_steps_100 - INFO - Batch 3420/3783: Clean accuracy 0.7310 | Adv accuracy: 0.0000 
2026-02-09 02:55:37,916 - ADV_Generation_eps_1.0_steps_100 - INFO - Batch:[3420] Adversarial images for this batch already exist
2026-02-09 02:55:38,056 - ADV_Generation_eps_1.0_steps_100 - INFO - Batch 3421/3783: Clean accuracy 0.7311 | Adv accuracy: 0.0000 
2026-02-09 02:55:38,057 - ADV_Generation_eps_1.0_steps_100 - INFO - Batch:[3421] Adversarial images for this batch already exist
2026-02-09 02:55:38,241 - ADV_Generation_eps_1.0_steps_100 - INFO - Batch 3422/3783: Clean accuracy 0.7312 | Adv accuracy: 0.0000 
2026-02-09 02:55:38,242 - ADV_Generation_eps_1.0_steps_100 - INFO - Batch:[3422] Adversarial images for this batch already exist
2026-02-09 02:55:38,378 - ADV_Generation_eps_1.0_steps_100 - INFO - Batch 3423/3783: Clean accuracy 0.7312 | Adv accuracy: 0.0000 
2026-02-09 02:55:38,378 - ADV_Generation_eps_1.0_steps_100 - INFO - Batch:[3423] Adversarial images for this batch already exist
2026-02-09 02:55:38,519 - ADV_Generation_eps_1.0_steps_100 - INFO - Batch 3424/3783: Clean accuracy 0.7313 | Adv accuracy: 0.0000 
2026-02-09 02:55:38,520 - ADV_Generation_eps_1.0_steps_100 - INFO - Batch:[3424] Adversarial images for this batch already exist
2026-02-09 02:55:38,656 - ADV_Generation_eps_1.0_steps_100 - INFO - Batch 3425/3783: Clean accuracy 0.7314 | Adv accuracy: 0.0000 
2026-02-09 02:55:38,658 - ADV_Generation_eps_1.0_steps_100 - INFO - Batch:[3425] Adversarial images for this batch already exist
2026-02-09 02:55:38,797 - ADV_Generation_eps_1.0_steps_100 - INFO - Batch 3426/3783: Clean accuracy 0.7315 | Adv accuracy: 0.0000 
2026-02-09 02:55:38,798 - ADV_Generation_eps_1.0_steps_100 - INFO - Batch:[3426] Adversarial images for this batch already exist
2026-02-09 02:55:38,935 - ADV_Generation_eps_1.0_steps_100 - INFO - Batch 3427/3783: Clean accuracy 0.7315 | Adv accuracy: 0.0000 
2026-02-09 02:55:38,936 - ADV_Generation_eps_1.0_steps_100 - INFO - Batch:[3427] Adversarial images for this batch already exist
2026-02-09 02:55:39,092 - ADV_Generation_eps_1.0_steps_100 - INFO - Batch 3428/3783: Clean accuracy 0.7316 | Adv accuracy: 0.0000 
2026-02-09 02:55:39,093 - ADV_Generation_eps_1.0_steps_100 - INFO - Batch:[3428] Adversarial images for this batch already exist
2026-02-09 02:55:39,252 - ADV_Generation_eps_1.0_steps_100 - INFO - Batch 3429/3783: Clean accuracy 0.7317 | Adv accuracy: 0.0000 
2026-02-09 02:55:39,253 - ADV_Generation_eps_1.0_steps_100 - INFO - Batch:[3429] Adversarial images for this batch already exist
2026-02-09 02:55:39,392 - ADV_Generation_eps_1.0_steps_100 - INFO - Batch 3430/3783: Clean accuracy 0.7318 | Adv accuracy: 0.0000 
2026-02-09 02:55:39,393 - ADV_Generation_eps_1.0_steps_100 - INFO - Batch:[3430] Adversarial images for this batch already exist
2026-02-09 02:55:39,541 - ADV_Generation_eps_1.0_steps_100 - INFO - Batch 3431/3783: Clean accuracy 0.7319 | Adv accuracy: 0.0000 
2026-02-09 02:55:39,541 - ADV_Generation_eps_1.0_steps_100 - INFO - Batch:[3431] Adversarial images for this batch already exist
2026-02-09 02:55:39,678 - ADV_Generation_eps_1.0_steps_100 - INFO - Batch 3432/3783: Clean accuracy 0.7319 | Adv accuracy: 0.0000 
2026-02-09 02:55:39,679 - ADV_Generation_eps_1.0_steps_100 - INFO - Batch:[3432] Adversarial images for this batch already exist
2026-02-09 02:55:39,816 - ADV_Generation_eps_1.0_steps_100 - INFO - Batch 3433/3783: Clean accuracy 0.7320 | Adv accuracy: 0.0000 
2026-02-09 02:55:39,817 - ADV_Generation_eps_1.0_steps_100 - INFO - Batch:[3433] Adversarial images for this batch already exist
2026-02-09 02:55:39,953 - ADV_Generation_eps_1.0_steps_100 - INFO - Batch 3434/3783: Clean accuracy 0.7321 | Adv accuracy: 0.0000 
2026-02-09 02:55:39,954 - ADV_Generation_eps_1.0_steps_100 - INFO - Batch:[3434] Adversarial images for this batch already exist
2026-02-09 02:55:40,091 - ADV_Generation_eps_1.0_steps_100 - INFO - Batch 3435/3783: Clean accuracy 0.7322 | Adv accuracy: 0.0000 
2026-02-09 02:55:40,092 - ADV_Generation_eps_1.0_steps_100 - INFO - Batch:[3435] Adversarial images for this batch already exist
2026-02-09 02:55:40,232 - ADV_Generation_eps_1.0_steps_100 - INFO - Batch 3436/3783: Clean accuracy 0.7322 | Adv accuracy: 0.0000 
2026-02-09 02:55:40,233 - ADV_Generation_eps_1.0_steps_100 - INFO - Batch:[3436] Adversarial images for this batch already exist
2026-02-09 02:55:40,374 - ADV_Generation_eps_1.0_steps_100 - INFO - Batch 3437/3783: Clean accuracy 0.7323 | Adv accuracy: 0.0000 
2026-02-09 02:55:40,375 - ADV_Generation_eps_1.0_steps_100 - INFO - Batch:[3437] Adversarial images for this batch already exist
2026-02-09 02:55:40,553 - ADV_Generation_eps_1.0_steps_100 - INFO - Batch 3438/3783: Clean accuracy 0.7324 | Adv accuracy: 0.0000 
2026-02-09 02:55:40,555 - ADV_Generation_eps_1.0_steps_100 - INFO - Batch:[3438] Adversarial images for this batch already exist
2026-02-09 02:55:40,695 - ADV_Generation_eps_1.0_steps_100 - INFO - Batch 3439/3783: Clean accuracy 0.7325 | Adv accuracy: 0.0000 
2026-02-09 02:55:40,696 - ADV_Generation_eps_1.0_steps_100 - INFO - Batch:[3439] Adversarial images for this batch already exist
2026-02-09 02:55:40,837 - ADV_Generation_eps_1.0_steps_100 - INFO - Batch 3440/3783: Clean accuracy 0.7326 | Adv accuracy: 0.0000 
2026-02-09 02:55:40,838 - ADV_Generation_eps_1.0_steps_100 - INFO - Batch:[3440] Adversarial images for this batch already exist
2026-02-09 02:55:40,979 - ADV_Generation_eps_1.0_steps_100 - INFO - Batch 3441/3783: Clean accuracy 0.7326 | Adv accuracy: 0.0000 
2026-02-09 02:55:40,980 - ADV_Generation_eps_1.0_steps_100 - INFO - Batch:[3441] Adversarial images for this batch already exist
2026-02-09 02:55:41,120 - ADV_Generation_eps_1.0_steps_100 - INFO - Batch 3442/3783: Clean accuracy 0.7327 | Adv accuracy: 0.0000 
2026-02-09 02:55:41,121 - ADV_Generation_eps_1.0_steps_100 - INFO - Batch:[3442] Adversarial images for this batch already exist
2026-02-09 02:55:41,265 - ADV_Generation_eps_1.0_steps_100 - INFO - Batch 3443/3783: Clean accuracy 0.7328 | Adv accuracy: 0.0000 
2026-02-09 02:55:41,266 - ADV_Generation_eps_1.0_steps_100 - INFO - Batch:[3443] Adversarial images for this batch already exist
2026-02-09 02:55:41,404 - ADV_Generation_eps_1.0_steps_100 - INFO - Batch 3444/3783: Clean accuracy 0.7329 | Adv accuracy: 0.0000 
2026-02-09 02:55:41,405 - ADV_Generation_eps_1.0_steps_100 - INFO - Batch:[3444] Adversarial images for this batch already exist
2026-02-09 02:55:41,551 - ADV_Generation_eps_1.0_steps_100 - INFO - Batch 3445/3783: Clean accuracy 0.7329 | Adv accuracy: 0.0000 
2026-02-09 02:55:41,552 - ADV_Generation_eps_1.0_steps_100 - INFO - Batch:[3445] Adversarial images for this batch already exist
2026-02-09 02:55:41,697 - ADV_Generation_eps_1.0_steps_100 - INFO - Batch 3446/3783: Clean accuracy 0.7330 | Adv accuracy: 0.0000 
2026-02-09 02:55:41,698 - ADV_Generation_eps_1.0_steps_100 - INFO - Batch:[3446] Adversarial images for this batch already exist
2026-02-09 02:55:41,835 - ADV_Generation_eps_1.0_steps_100 - INFO - Batch 3447/3783: Clean accuracy 0.7331 | Adv accuracy: 0.0000 
2026-02-09 02:55:41,836 - ADV_Generation_eps_1.0_steps_100 - INFO - Batch:[3447] Adversarial images for this batch already exist
2026-02-09 02:55:41,976 - ADV_Generation_eps_1.0_steps_100 - INFO - Batch 3448/3783: Clean accuracy 0.7332 | Adv accuracy: 0.0000 
2026-02-09 02:55:41,977 - ADV_Generation_eps_1.0_steps_100 - INFO - Batch:[3448] Adversarial images for this batch already exist
2026-02-09 02:55:42,114 - ADV_Generation_eps_1.0_steps_100 - INFO - Batch 3449/3783: Clean accuracy 0.7330 | Adv accuracy: 0.0000 
2026-02-09 02:55:42,115 - ADV_Generation_eps_1.0_steps_100 - INFO - Batch:[3449] Adversarial images for this batch already exist
2026-02-09 02:55:42,270 - ADV_Generation_eps_1.0_steps_100 - INFO - Batch 3450/3783: Clean accuracy 0.7330 | Adv accuracy: 0.0000 
2026-02-09 02:55:42,271 - ADV_Generation_eps_1.0_steps_100 - INFO - Batch:[3450] Adversarial images for this batch already exist
2026-02-09 02:55:42,407 - ADV_Generation_eps_1.0_steps_100 - INFO - Batch 3451/3783: Clean accuracy 0.7328 | Adv accuracy: 0.0000 
2026-02-09 02:55:42,408 - ADV_Generation_eps_1.0_steps_100 - INFO - Batch:[3451] Adversarial images for this batch already exist
2026-02-09 02:55:42,543 - ADV_Generation_eps_1.0_steps_100 - INFO - Batch 3452/3783: Clean accuracy 0.7329 | Adv accuracy: 0.0000 
2026-02-09 02:55:42,544 - ADV_Generation_eps_1.0_steps_100 - INFO - Batch:[3452] Adversarial images for this batch already exist
2026-02-09 02:55:42,690 - ADV_Generation_eps_1.0_steps_100 - INFO - Batch 3453/3783: Clean accuracy 0.7330 | Adv accuracy: 0.0000 
2026-02-09 02:55:42,691 - ADV_Generation_eps_1.0_steps_100 - INFO - Batch:[3453] Adversarial images for this batch already exist
2026-02-09 02:55:42,827 - ADV_Generation_eps_1.0_steps_100 - INFO - Batch 3454/3783: Clean accuracy 0.7331 | Adv accuracy: 0.0000 
2026-02-09 02:55:42,828 - ADV_Generation_eps_1.0_steps_100 - INFO - Batch:[3454] Adversarial images for this batch already exist
2026-02-09 02:55:42,968 - ADV_Generation_eps_1.0_steps_100 - INFO - Batch 3455/3783: Clean accuracy 0.7329 | Adv accuracy: 0.0000 
2026-02-09 02:55:42,969 - ADV_Generation_eps_1.0_steps_100 - INFO - Batch:[3455] Adversarial images for this batch already exist
2026-02-09 02:55:43,113 - ADV_Generation_eps_1.0_steps_100 - INFO - Batch 3456/3783: Clean accuracy 0.7326 | Adv accuracy: 0.0000 
2026-02-09 02:55:43,114 - ADV_Generation_eps_1.0_steps_100 - INFO - Batch:[3456] Adversarial images for this batch already exist
2026-02-09 02:55:43,257 - ADV_Generation_eps_1.0_steps_100 - INFO - Batch 3457/3783: Clean accuracy 0.7324 | Adv accuracy: 0.0000 
2026-02-09 02:55:43,258 - ADV_Generation_eps_1.0_steps_100 - INFO - Batch:[3457] Adversarial images for this batch already exist
2026-02-09 02:55:43,398 - ADV_Generation_eps_1.0_steps_100 - INFO - Batch 3458/3783: Clean accuracy 0.7322 | Adv accuracy: 0.0000 
2026-02-09 02:55:43,399 - ADV_Generation_eps_1.0_steps_100 - INFO - Batch:[3458] Adversarial images for this batch already exist
2026-02-09 02:55:43,540 - ADV_Generation_eps_1.0_steps_100 - INFO - Batch 3459/3783: Clean accuracy 0.7323 | Adv accuracy: 0.0000 
2026-02-09 02:55:43,541 - ADV_Generation_eps_1.0_steps_100 - INFO - Batch:[3459] Adversarial images for this batch already exist
2026-02-09 02:55:43,673 - ADV_Generation_eps_1.0_steps_100 - INFO - Batch 3460/3783: Clean accuracy 0.7321 | Adv accuracy: 0.0000 
2026-02-09 02:55:43,674 - ADV_Generation_eps_1.0_steps_100 - INFO - Batch:[3460] Adversarial images for this batch already exist
2026-02-09 02:55:43,819 - ADV_Generation_eps_1.0_steps_100 - INFO - Batch 3461/3783: Clean accuracy 0.7319 | Adv accuracy: 0.0000 
2026-02-09 02:55:43,820 - ADV_Generation_eps_1.0_steps_100 - INFO - Batch:[3461] Adversarial images for this batch already exist
2026-02-09 02:55:43,956 - ADV_Generation_eps_1.0_steps_100 - INFO - Batch 3462/3783: Clean accuracy 0.7317 | Adv accuracy: 0.0000 
2026-02-09 02:55:43,957 - ADV_Generation_eps_1.0_steps_100 - INFO - Batch:[3462] Adversarial images for this batch already exist
2026-02-09 02:55:44,109 - ADV_Generation_eps_1.0_steps_100 - INFO - Batch 3463/3783: Clean accuracy 0.7314 | Adv accuracy: 0.0000 
2026-02-09 02:55:44,110 - ADV_Generation_eps_1.0_steps_100 - INFO - Batch:[3463] Adversarial images for this batch already exist
2026-02-09 02:55:44,251 - ADV_Generation_eps_1.0_steps_100 - INFO - Batch 3464/3783: Clean accuracy 0.7312 | Adv accuracy: 0.0000 
2026-02-09 02:55:44,252 - ADV_Generation_eps_1.0_steps_100 - INFO - Batch:[3464] Adversarial images for this batch already exist
2026-02-09 02:55:44,393 - ADV_Generation_eps_1.0_steps_100 - INFO - Batch 3465/3783: Clean accuracy 0.7310 | Adv accuracy: 0.0000 
2026-02-09 02:55:44,394 - ADV_Generation_eps_1.0_steps_100 - INFO - Batch:[3465] Adversarial images for this batch already exist
2026-02-09 02:55:44,534 - ADV_Generation_eps_1.0_steps_100 - INFO - Batch 3466/3783: Clean accuracy 0.7308 | Adv accuracy: 0.0000 
2026-02-09 02:55:44,535 - ADV_Generation_eps_1.0_steps_100 - INFO - Batch:[3466] Adversarial images for this batch already exist
2026-02-09 02:55:44,681 - ADV_Generation_eps_1.0_steps_100 - INFO - Batch 3467/3783: Clean accuracy 0.7306 | Adv accuracy: 0.0000 
2026-02-09 02:55:44,682 - ADV_Generation_eps_1.0_steps_100 - INFO - Batch:[3467] Adversarial images for this batch already exist
2026-02-09 02:55:44,820 - ADV_Generation_eps_1.0_steps_100 - INFO - Batch 3468/3783: Clean accuracy 0.7307 | Adv accuracy: 0.0000 
2026-02-09 02:55:44,821 - ADV_Generation_eps_1.0_steps_100 - INFO - Batch:[3468] Adversarial images for this batch already exist
2026-02-09 02:55:44,959 - ADV_Generation_eps_1.0_steps_100 - INFO - Batch 3469/3783: Clean accuracy 0.7308 | Adv accuracy: 0.0000 
2026-02-09 02:55:44,960 - ADV_Generation_eps_1.0_steps_100 - INFO - Batch:[3469] Adversarial images for this batch already exist
2026-02-09 02:55:45,120 - ADV_Generation_eps_1.0_steps_100 - INFO - Batch 3470/3783: Clean accuracy 0.7308 | Adv accuracy: 0.0000 
2026-02-09 02:55:45,121 - ADV_Generation_eps_1.0_steps_100 - INFO - Batch:[3470] Adversarial images for this batch already exist
2026-02-09 02:55:45,263 - ADV_Generation_eps_1.0_steps_100 - INFO - Batch 3471/3783: Clean accuracy 0.7309 | Adv accuracy: 0.0000 
2026-02-09 02:55:45,267 - ADV_Generation_eps_1.0_steps_100 - INFO - Batch:[3471] Adversarial images for this batch already exist
2026-02-09 02:55:45,414 - ADV_Generation_eps_1.0_steps_100 - INFO - Batch 3472/3783: Clean accuracy 0.7307 | Adv accuracy: 0.0000 
2026-02-09 02:55:45,415 - ADV_Generation_eps_1.0_steps_100 - INFO - Batch:[3472] Adversarial images for this batch already exist
2026-02-09 02:55:45,563 - ADV_Generation_eps_1.0_steps_100 - INFO - Batch 3473/3783: Clean accuracy 0.7305 | Adv accuracy: 0.0000 
2026-02-09 02:55:45,564 - ADV_Generation_eps_1.0_steps_100 - INFO - Batch:[3473] Adversarial images for this batch already exist
2026-02-09 02:55:45,706 - ADV_Generation_eps_1.0_steps_100 - INFO - Batch 3474/3783: Clean accuracy 0.7303 | Adv accuracy: 0.0000 
2026-02-09 02:55:45,707 - ADV_Generation_eps_1.0_steps_100 - INFO - Batch:[3474] Adversarial images for this batch already exist
2026-02-09 02:55:45,844 - ADV_Generation_eps_1.0_steps_100 - INFO - Batch 3475/3783: Clean accuracy 0.7301 | Adv accuracy: 0.0000 
2026-02-09 02:55:45,845 - ADV_Generation_eps_1.0_steps_100 - INFO - Batch:[3475] Adversarial images for this batch already exist
2026-02-09 02:55:45,984 - ADV_Generation_eps_1.0_steps_100 - INFO - Batch 3476/3783: Clean accuracy 0.7301 | Adv accuracy: 0.0000 
2026-02-09 02:55:45,985 - ADV_Generation_eps_1.0_steps_100 - INFO - Batch:[3476] Adversarial images for this batch already exist
2026-02-09 02:55:46,176 - ADV_Generation_eps_1.0_steps_100 - INFO - Batch 3477/3783: Clean accuracy 0.7302 | Adv accuracy: 0.0000 
2026-02-09 02:55:46,177 - ADV_Generation_eps_1.0_steps_100 - INFO - Batch:[3477] Adversarial images for this batch already exist
2026-02-09 02:55:46,313 - ADV_Generation_eps_1.0_steps_100 - INFO - Batch 3478/3783: Clean accuracy 0.7300 | Adv accuracy: 0.0000 
2026-02-09 02:55:46,314 - ADV_Generation_eps_1.0_steps_100 - INFO - Batch:[3478] Adversarial images for this batch already exist
2026-02-09 02:55:46,463 - ADV_Generation_eps_1.0_steps_100 - INFO - Batch 3479/3783: Clean accuracy 0.7298 | Adv accuracy: 0.0000 
2026-02-09 02:55:46,464 - ADV_Generation_eps_1.0_steps_100 - INFO - Batch:[3479] Adversarial images for this batch already exist
2026-02-09 02:55:46,605 - ADV_Generation_eps_1.0_steps_100 - INFO - Batch 3480/3783: Clean accuracy 0.7296 | Adv accuracy: 0.0000 
2026-02-09 02:55:46,606 - ADV_Generation_eps_1.0_steps_100 - INFO - Batch:[3480] Adversarial images for this batch already exist
2026-02-09 02:55:46,739 - ADV_Generation_eps_1.0_steps_100 - INFO - Batch 3481/3783: Clean accuracy 0.7294 | Adv accuracy: 0.0000 
2026-02-09 02:55:46,740 - ADV_Generation_eps_1.0_steps_100 - INFO - Batch:[3481] Adversarial images for this batch already exist
2026-02-09 02:55:46,887 - ADV_Generation_eps_1.0_steps_100 - INFO - Batch 3482/3783: Clean accuracy 0.7292 | Adv accuracy: 0.0000 
2026-02-09 02:55:46,888 - ADV_Generation_eps_1.0_steps_100 - INFO - Batch:[3482] Adversarial images for this batch already exist
2026-02-09 02:55:47,027 - ADV_Generation_eps_1.0_steps_100 - INFO - Batch 3483/3783: Clean accuracy 0.7290 | Adv accuracy: 0.0000 
2026-02-09 02:55:47,028 - ADV_Generation_eps_1.0_steps_100 - INFO - Batch:[3483] Adversarial images for this batch already exist
2026-02-09 02:55:47,163 - ADV_Generation_eps_1.0_steps_100 - INFO - Batch 3484/3783: Clean accuracy 0.7288 | Adv accuracy: 0.0000 
2026-02-09 02:55:47,164 - ADV_Generation_eps_1.0_steps_100 - INFO - Batch:[3484] Adversarial images for this batch already exist
2026-02-09 02:55:47,297 - ADV_Generation_eps_1.0_steps_100 - INFO - Batch 3485/3783: Clean accuracy 0.7286 | Adv accuracy: 0.0000 
2026-02-09 02:55:47,298 - ADV_Generation_eps_1.0_steps_100 - INFO - Batch:[3485] Adversarial images for this batch already exist
2026-02-09 02:55:47,443 - ADV_Generation_eps_1.0_steps_100 - INFO - Batch 3486/3783: Clean accuracy 0.7283 | Adv accuracy: 0.0000 
2026-02-09 02:55:47,444 - ADV_Generation_eps_1.0_steps_100 - INFO - Batch:[3486] Adversarial images for this batch already exist
2026-02-09 02:55:47,579 - ADV_Generation_eps_1.0_steps_100 - INFO - Batch 3487/3783: Clean accuracy 0.7281 | Adv accuracy: 0.0000 
2026-02-09 02:55:47,580 - ADV_Generation_eps_1.0_steps_100 - INFO - Batch:[3487] Adversarial images for this batch already exist
2026-02-09 02:55:47,758 - ADV_Generation_eps_1.0_steps_100 - INFO - Batch 3488/3783: Clean accuracy 0.7279 | Adv accuracy: 0.0000 
2026-02-09 02:55:47,759 - ADV_Generation_eps_1.0_steps_100 - INFO - Batch:[3488] Adversarial images for this batch already exist
2026-02-09 02:55:47,944 - ADV_Generation_eps_1.0_steps_100 - INFO - Batch 3489/3783: Clean accuracy 0.7277 | Adv accuracy: 0.0000 
2026-02-09 02:55:47,945 - ADV_Generation_eps_1.0_steps_100 - INFO - Batch:[3489] Adversarial images for this batch already exist
2026-02-09 02:55:48,101 - ADV_Generation_eps_1.0_steps_100 - INFO - Batch 3490/3783: Clean accuracy 0.7275 | Adv accuracy: 0.0000 
2026-02-09 02:55:48,102 - ADV_Generation_eps_1.0_steps_100 - INFO - Batch:[3490] Adversarial images for this batch already exist
2026-02-09 02:55:48,262 - ADV_Generation_eps_1.0_steps_100 - INFO - Batch 3491/3783: Clean accuracy 0.7273 | Adv accuracy: 0.0000 
2026-02-09 02:55:48,263 - ADV_Generation_eps_1.0_steps_100 - INFO - Batch:[3491] Adversarial images for this batch already exist
2026-02-09 02:55:48,416 - ADV_Generation_eps_1.0_steps_100 - INFO - Batch 3492/3783: Clean accuracy 0.7271 | Adv accuracy: 0.0000 
2026-02-09 02:55:48,417 - ADV_Generation_eps_1.0_steps_100 - INFO - Batch:[3492] Adversarial images for this batch already exist
2026-02-09 02:55:48,549 - ADV_Generation_eps_1.0_steps_100 - INFO - Batch 3493/3783: Clean accuracy 0.7272 | Adv accuracy: 0.0000 
2026-02-09 02:55:48,550 - ADV_Generation_eps_1.0_steps_100 - INFO - Batch:[3493] Adversarial images for this batch already exist
2026-02-09 02:55:48,685 - ADV_Generation_eps_1.0_steps_100 - INFO - Batch 3494/3783: Clean accuracy 0.7272 | Adv accuracy: 0.0000 
2026-02-09 02:55:48,686 - ADV_Generation_eps_1.0_steps_100 - INFO - Batch:[3494] Adversarial images for this batch already exist
2026-02-09 02:55:48,827 - ADV_Generation_eps_1.0_steps_100 - INFO - Batch 3495/3783: Clean accuracy 0.7273 | Adv accuracy: 0.0000 
2026-02-09 02:55:48,828 - ADV_Generation_eps_1.0_steps_100 - INFO - Batch:[3495] Adversarial images for this batch already exist
2026-02-09 02:55:48,985 - ADV_Generation_eps_1.0_steps_100 - INFO - Batch 3496/3783: Clean accuracy 0.7274 | Adv accuracy: 0.0000 
2026-02-09 02:55:48,986 - ADV_Generation_eps_1.0_steps_100 - INFO - Batch:[3496] Adversarial images for this batch already exist
2026-02-09 02:55:49,126 - ADV_Generation_eps_1.0_steps_100 - INFO - Batch 3497/3783: Clean accuracy 0.7275 | Adv accuracy: 0.0000 
2026-02-09 02:55:49,127 - ADV_Generation_eps_1.0_steps_100 - INFO - Batch:[3497] Adversarial images for this batch already exist
2026-02-09 02:55:49,288 - ADV_Generation_eps_1.0_steps_100 - INFO - Batch 3498/3783: Clean accuracy 0.7276 | Adv accuracy: 0.0000 
2026-02-09 02:55:49,288 - ADV_Generation_eps_1.0_steps_100 - INFO - Batch:[3498] Adversarial images for this batch already exist
2026-02-09 02:55:49,432 - ADV_Generation_eps_1.0_steps_100 - INFO - Batch 3499/3783: Clean accuracy 0.7276 | Adv accuracy: 0.0000 
2026-02-09 02:55:49,433 - ADV_Generation_eps_1.0_steps_100 - INFO - Batch:[3499] Adversarial images for this batch already exist
2026-02-09 02:55:49,570 - ADV_Generation_eps_1.0_steps_100 - INFO - Batch 3500/3783: Clean accuracy 0.7277 | Adv accuracy: 0.0000 
2026-02-09 02:55:49,571 - ADV_Generation_eps_1.0_steps_100 - INFO - Batch:[3500] Adversarial images for this batch already exist
2026-02-09 02:55:49,710 - ADV_Generation_eps_1.0_steps_100 - INFO - Batch 3501/3783: Clean accuracy 0.7278 | Adv accuracy: 0.0000 
2026-02-09 02:55:49,711 - ADV_Generation_eps_1.0_steps_100 - INFO - Batch:[3501] Adversarial images for this batch already exist
2026-02-09 02:55:49,853 - ADV_Generation_eps_1.0_steps_100 - INFO - Batch 3502/3783: Clean accuracy 0.7279 | Adv accuracy: 0.0000 
2026-02-09 02:55:49,854 - ADV_Generation_eps_1.0_steps_100 - INFO - Batch:[3502] Adversarial images for this batch already exist
2026-02-09 02:55:49,994 - ADV_Generation_eps_1.0_steps_100 - INFO - Batch 3503/3783: Clean accuracy 0.7279 | Adv accuracy: 0.0000 
2026-02-09 02:55:49,995 - ADV_Generation_eps_1.0_steps_100 - INFO - Batch:[3503] Adversarial images for this batch already exist
2026-02-09 02:55:50,131 - ADV_Generation_eps_1.0_steps_100 - INFO - Batch 3504/3783: Clean accuracy 0.7280 | Adv accuracy: 0.0000 
2026-02-09 02:55:50,132 - ADV_Generation_eps_1.0_steps_100 - INFO - Batch:[3504] Adversarial images for this batch already exist
2026-02-09 02:55:50,272 - ADV_Generation_eps_1.0_steps_100 - INFO - Batch 3505/3783: Clean accuracy 0.7281 | Adv accuracy: 0.0000 
2026-02-09 02:55:50,273 - ADV_Generation_eps_1.0_steps_100 - INFO - Batch:[3505] Adversarial images for this batch already exist
2026-02-09 02:55:50,496 - ADV_Generation_eps_1.0_steps_100 - INFO - Batch 3506/3783: Clean accuracy 0.7282 | Adv accuracy: 0.0000 
2026-02-09 02:55:50,497 - ADV_Generation_eps_1.0_steps_100 - INFO - Batch:[3506] Adversarial images for this batch already exist
2026-02-09 02:55:50,635 - ADV_Generation_eps_1.0_steps_100 - INFO - Batch 3507/3783: Clean accuracy 0.7283 | Adv accuracy: 0.0000 
2026-02-09 02:55:50,635 - ADV_Generation_eps_1.0_steps_100 - INFO - Batch:[3507] Adversarial images for this batch already exist
2026-02-09 02:55:50,773 - ADV_Generation_eps_1.0_steps_100 - INFO - Batch 3508/3783: Clean accuracy 0.7283 | Adv accuracy: 0.0000 
2026-02-09 02:55:50,774 - ADV_Generation_eps_1.0_steps_100 - INFO - Batch:[3508] Adversarial images for this batch already exist
2026-02-09 02:55:50,904 - ADV_Generation_eps_1.0_steps_100 - INFO - Batch 3509/3783: Clean accuracy 0.7284 | Adv accuracy: 0.0000 
2026-02-09 02:55:50,905 - ADV_Generation_eps_1.0_steps_100 - INFO - Batch:[3509] Adversarial images for this batch already exist
2026-02-09 02:55:51,047 - ADV_Generation_eps_1.0_steps_100 - INFO - Batch 3510/3783: Clean accuracy 0.7285 | Adv accuracy: 0.0000 
2026-02-09 02:55:51,048 - ADV_Generation_eps_1.0_steps_100 - INFO - Batch:[3510] Adversarial images for this batch already exist
2026-02-09 02:55:51,195 - ADV_Generation_eps_1.0_steps_100 - INFO - Batch 3511/3783: Clean accuracy 0.7286 | Adv accuracy: 0.0000 
2026-02-09 02:55:51,196 - ADV_Generation_eps_1.0_steps_100 - INFO - Batch:[3511] Adversarial images for this batch already exist
2026-02-09 02:55:51,333 - ADV_Generation_eps_1.0_steps_100 - INFO - Batch 3512/3783: Clean accuracy 0.7286 | Adv accuracy: 0.0000 
2026-02-09 02:55:51,334 - ADV_Generation_eps_1.0_steps_100 - INFO - Batch:[3512] Adversarial images for this batch already exist
2026-02-09 02:55:51,473 - ADV_Generation_eps_1.0_steps_100 - INFO - Batch 3513/3783: Clean accuracy 0.7287 | Adv accuracy: 0.0000 
2026-02-09 02:55:51,474 - ADV_Generation_eps_1.0_steps_100 - INFO - Batch:[3513] Adversarial images for this batch already exist
2026-02-09 02:55:51,618 - ADV_Generation_eps_1.0_steps_100 - INFO - Batch 3514/3783: Clean accuracy 0.7288 | Adv accuracy: 0.0000 
2026-02-09 02:55:51,620 - ADV_Generation_eps_1.0_steps_100 - INFO - Batch:[3514] Adversarial images for this batch already exist
2026-02-09 02:55:51,785 - ADV_Generation_eps_1.0_steps_100 - INFO - Batch 3515/3783: Clean accuracy 0.7289 | Adv accuracy: 0.0000 
2026-02-09 02:55:51,786 - ADV_Generation_eps_1.0_steps_100 - INFO - Batch:[3515] Adversarial images for this batch already exist
2026-02-09 02:55:51,926 - ADV_Generation_eps_1.0_steps_100 - INFO - Batch 3516/3783: Clean accuracy 0.7290 | Adv accuracy: 0.0000 
2026-02-09 02:55:51,927 - ADV_Generation_eps_1.0_steps_100 - INFO - Batch:[3516] Adversarial images for this batch already exist
2026-02-09 02:55:52,078 - ADV_Generation_eps_1.0_steps_100 - INFO - Batch 3517/3783: Clean accuracy 0.7290 | Adv accuracy: 0.0000 
2026-02-09 02:55:52,080 - ADV_Generation_eps_1.0_steps_100 - INFO - Batch:[3517] Adversarial images for this batch already exist
2026-02-09 02:55:52,243 - ADV_Generation_eps_1.0_steps_100 - INFO - Batch 3518/3783: Clean accuracy 0.7291 | Adv accuracy: 0.0000 
2026-02-09 02:55:52,244 - ADV_Generation_eps_1.0_steps_100 - INFO - Batch:[3518] Adversarial images for this batch already exist
2026-02-09 02:55:52,405 - ADV_Generation_eps_1.0_steps_100 - INFO - Batch 3519/3783: Clean accuracy 0.7292 | Adv accuracy: 0.0000 
2026-02-09 02:55:52,406 - ADV_Generation_eps_1.0_steps_100 - INFO - Batch:[3519] Adversarial images for this batch already exist
2026-02-09 02:55:52,549 - ADV_Generation_eps_1.0_steps_100 - INFO - Batch 3520/3783: Clean accuracy 0.7293 | Adv accuracy: 0.0000 
2026-02-09 02:55:52,550 - ADV_Generation_eps_1.0_steps_100 - INFO - Batch:[3520] Adversarial images for this batch already exist
2026-02-09 02:55:52,688 - ADV_Generation_eps_1.0_steps_100 - INFO - Batch 3521/3783: Clean accuracy 0.7293 | Adv accuracy: 0.0000 
2026-02-09 02:55:52,689 - ADV_Generation_eps_1.0_steps_100 - INFO - Batch:[3521] Adversarial images for this batch already exist
2026-02-09 02:55:52,835 - ADV_Generation_eps_1.0_steps_100 - INFO - Batch 3522/3783: Clean accuracy 0.7294 | Adv accuracy: 0.0000 
2026-02-09 02:55:52,836 - ADV_Generation_eps_1.0_steps_100 - INFO - Batch:[3522] Adversarial images for this batch already exist
2026-02-09 02:55:52,978 - ADV_Generation_eps_1.0_steps_100 - INFO - Batch 3523/3783: Clean accuracy 0.7295 | Adv accuracy: 0.0000 
2026-02-09 02:55:52,979 - ADV_Generation_eps_1.0_steps_100 - INFO - Batch:[3523] Adversarial images for this batch already exist
2026-02-09 02:55:53,125 - ADV_Generation_eps_1.0_steps_100 - INFO - Batch 3524/3783: Clean accuracy 0.7296 | Adv accuracy: 0.0000 
2026-02-09 02:55:53,126 - ADV_Generation_eps_1.0_steps_100 - INFO - Batch:[3524] Adversarial images for this batch already exist
2026-02-09 02:55:53,265 - ADV_Generation_eps_1.0_steps_100 - INFO - Batch 3525/3783: Clean accuracy 0.7296 | Adv accuracy: 0.0000 
2026-02-09 02:55:53,266 - ADV_Generation_eps_1.0_steps_100 - INFO - Batch:[3525] Adversarial images for this batch already exist
2026-02-09 02:55:53,402 - ADV_Generation_eps_1.0_steps_100 - INFO - Batch 3526/3783: Clean accuracy 0.7297 | Adv accuracy: 0.0000 
2026-02-09 02:55:53,403 - ADV_Generation_eps_1.0_steps_100 - INFO - Batch:[3526] Adversarial images for this batch already exist
2026-02-09 02:55:53,554 - ADV_Generation_eps_1.0_steps_100 - INFO - Batch 3527/3783: Clean accuracy 0.7298 | Adv accuracy: 0.0000 
2026-02-09 02:55:53,556 - ADV_Generation_eps_1.0_steps_100 - INFO - Batch:[3527] Adversarial images for this batch already exist
2026-02-09 02:55:53,694 - ADV_Generation_eps_1.0_steps_100 - INFO - Batch 3528/3783: Clean accuracy 0.7299 | Adv accuracy: 0.0000 
2026-02-09 02:55:53,695 - ADV_Generation_eps_1.0_steps_100 - INFO - Batch:[3528] Adversarial images for this batch already exist
2026-02-09 02:55:53,831 - ADV_Generation_eps_1.0_steps_100 - INFO - Batch 3529/3783: Clean accuracy 0.7300 | Adv accuracy: 0.0000 
2026-02-09 02:55:53,831 - ADV_Generation_eps_1.0_steps_100 - INFO - Batch:[3529] Adversarial images for this batch already exist
2026-02-09 02:55:53,971 - ADV_Generation_eps_1.0_steps_100 - INFO - Batch 3530/3783: Clean accuracy 0.7300 | Adv accuracy: 0.0000 
2026-02-09 02:55:53,974 - ADV_Generation_eps_1.0_steps_100 - INFO - Batch:[3530] Adversarial images for this batch already exist
2026-02-09 02:55:54,115 - ADV_Generation_eps_1.0_steps_100 - INFO - Batch 3531/3783: Clean accuracy 0.7301 | Adv accuracy: 0.0000 
2026-02-09 02:55:54,116 - ADV_Generation_eps_1.0_steps_100 - INFO - Batch:[3531] Adversarial images for this batch already exist
2026-02-09 02:55:54,252 - ADV_Generation_eps_1.0_steps_100 - INFO - Batch 3532/3783: Clean accuracy 0.7302 | Adv accuracy: 0.0000 
2026-02-09 02:55:54,253 - ADV_Generation_eps_1.0_steps_100 - INFO - Batch:[3532] Adversarial images for this batch already exist
2026-02-09 02:55:54,396 - ADV_Generation_eps_1.0_steps_100 - INFO - Batch 3533/3783: Clean accuracy 0.7303 | Adv accuracy: 0.0000 
2026-02-09 02:55:54,397 - ADV_Generation_eps_1.0_steps_100 - INFO - Batch:[3533] Adversarial images for this batch already exist
2026-02-09 02:55:54,580 - ADV_Generation_eps_1.0_steps_100 - INFO - Batch 3534/3783: Clean accuracy 0.7303 | Adv accuracy: 0.0000 
2026-02-09 02:55:54,581 - ADV_Generation_eps_1.0_steps_100 - INFO - Batch:[3534] Adversarial images for this batch already exist
2026-02-09 02:55:54,719 - ADV_Generation_eps_1.0_steps_100 - INFO - Batch 3535/3783: Clean accuracy 0.7304 | Adv accuracy: 0.0000 
2026-02-09 02:55:54,720 - ADV_Generation_eps_1.0_steps_100 - INFO - Batch:[3535] Adversarial images for this batch already exist
2026-02-09 02:55:54,859 - ADV_Generation_eps_1.0_steps_100 - INFO - Batch 3536/3783: Clean accuracy 0.7305 | Adv accuracy: 0.0000 
2026-02-09 02:55:54,860 - ADV_Generation_eps_1.0_steps_100 - INFO - Batch:[3536] Adversarial images for this batch already exist
2026-02-09 02:55:55,028 - ADV_Generation_eps_1.0_steps_100 - INFO - Batch 3537/3783: Clean accuracy 0.7306 | Adv accuracy: 0.0000 
2026-02-09 02:55:55,029 - ADV_Generation_eps_1.0_steps_100 - INFO - Batch:[3537] Adversarial images for this batch already exist
2026-02-09 02:55:55,169 - ADV_Generation_eps_1.0_steps_100 - INFO - Batch 3538/3783: Clean accuracy 0.7306 | Adv accuracy: 0.0000 
2026-02-09 02:55:55,170 - ADV_Generation_eps_1.0_steps_100 - INFO - Batch:[3538] Adversarial images for this batch already exist
2026-02-09 02:55:55,308 - ADV_Generation_eps_1.0_steps_100 - INFO - Batch 3539/3783: Clean accuracy 0.7307 | Adv accuracy: 0.0000 
2026-02-09 02:55:55,309 - ADV_Generation_eps_1.0_steps_100 - INFO - Batch:[3539] Adversarial images for this batch already exist
2026-02-09 02:55:55,451 - ADV_Generation_eps_1.0_steps_100 - INFO - Batch 3540/3783: Clean accuracy 0.7308 | Adv accuracy: 0.0000 
2026-02-09 02:55:55,452 - ADV_Generation_eps_1.0_steps_100 - INFO - Batch:[3540] Adversarial images for this batch already exist
2026-02-09 02:55:55,591 - ADV_Generation_eps_1.0_steps_100 - INFO - Batch 3541/3783: Clean accuracy 0.7309 | Adv accuracy: 0.0000 
2026-02-09 02:55:55,592 - ADV_Generation_eps_1.0_steps_100 - INFO - Batch:[3541] Adversarial images for this batch already exist
2026-02-09 02:55:55,730 - ADV_Generation_eps_1.0_steps_100 - INFO - Batch 3542/3783: Clean accuracy 0.7309 | Adv accuracy: 0.0000 
2026-02-09 02:55:55,731 - ADV_Generation_eps_1.0_steps_100 - INFO - Batch:[3542] Adversarial images for this batch already exist
2026-02-09 02:55:55,877 - ADV_Generation_eps_1.0_steps_100 - INFO - Batch 3543/3783: Clean accuracy 0.7310 | Adv accuracy: 0.0000 
2026-02-09 02:55:55,878 - ADV_Generation_eps_1.0_steps_100 - INFO - Batch:[3543] Adversarial images for this batch already exist
2026-02-09 02:55:56,021 - ADV_Generation_eps_1.0_steps_100 - INFO - Batch 3544/3783: Clean accuracy 0.7311 | Adv accuracy: 0.0000 
2026-02-09 02:55:56,021 - ADV_Generation_eps_1.0_steps_100 - INFO - Batch:[3544] Adversarial images for this batch already exist
2026-02-09 02:55:56,157 - ADV_Generation_eps_1.0_steps_100 - INFO - Batch 3545/3783: Clean accuracy 0.7312 | Adv accuracy: 0.0000 
2026-02-09 02:55:56,158 - ADV_Generation_eps_1.0_steps_100 - INFO - Batch:[3545] Adversarial images for this batch already exist
2026-02-09 02:55:56,304 - ADV_Generation_eps_1.0_steps_100 - INFO - Batch 3546/3783: Clean accuracy 0.7312 | Adv accuracy: 0.0000 
2026-02-09 02:55:56,305 - ADV_Generation_eps_1.0_steps_100 - INFO - Batch:[3546] Adversarial images for this batch already exist
2026-02-09 02:55:56,454 - ADV_Generation_eps_1.0_steps_100 - INFO - Batch 3547/3783: Clean accuracy 0.7313 | Adv accuracy: 0.0000 
2026-02-09 02:55:56,456 - ADV_Generation_eps_1.0_steps_100 - INFO - Batch:[3547] Adversarial images for this batch already exist
2026-02-09 02:55:56,609 - ADV_Generation_eps_1.0_steps_100 - INFO - Batch 3548/3783: Clean accuracy 0.7314 | Adv accuracy: 0.0000 
2026-02-09 02:55:56,610 - ADV_Generation_eps_1.0_steps_100 - INFO - Batch:[3548] Adversarial images for this batch already exist
2026-02-09 02:55:56,743 - ADV_Generation_eps_1.0_steps_100 - INFO - Batch 3549/3783: Clean accuracy 0.7315 | Adv accuracy: 0.0000 
2026-02-09 02:55:56,744 - ADV_Generation_eps_1.0_steps_100 - INFO - Batch:[3549] Adversarial images for this batch already exist
2026-02-09 02:55:56,884 - ADV_Generation_eps_1.0_steps_100 - INFO - Batch 3550/3783: Clean accuracy 0.7315 | Adv accuracy: 0.0000 
2026-02-09 02:55:56,885 - ADV_Generation_eps_1.0_steps_100 - INFO - Batch:[3550] Adversarial images for this batch already exist
2026-02-09 02:55:57,023 - ADV_Generation_eps_1.0_steps_100 - INFO - Batch 3551/3783: Clean accuracy 0.7316 | Adv accuracy: 0.0000 
2026-02-09 02:55:57,024 - ADV_Generation_eps_1.0_steps_100 - INFO - Batch:[3551] Adversarial images for this batch already exist
2026-02-09 02:55:57,211 - ADV_Generation_eps_1.0_steps_100 - INFO - Batch 3552/3783: Clean accuracy 0.7317 | Adv accuracy: 0.0000 
2026-02-09 02:55:57,212 - ADV_Generation_eps_1.0_steps_100 - INFO - Batch:[3552] Adversarial images for this batch already exist
2026-02-09 02:55:57,356 - ADV_Generation_eps_1.0_steps_100 - INFO - Batch 3553/3783: Clean accuracy 0.7318 | Adv accuracy: 0.0000 
2026-02-09 02:55:57,358 - ADV_Generation_eps_1.0_steps_100 - INFO - Batch:[3553] Adversarial images for this batch already exist
2026-02-09 02:55:57,571 - ADV_Generation_eps_1.0_steps_100 - INFO - Batch 3554/3783: Clean accuracy 0.7319 | Adv accuracy: 0.0000 
2026-02-09 02:55:57,572 - ADV_Generation_eps_1.0_steps_100 - INFO - Batch:[3554] Adversarial images for this batch already exist
2026-02-09 02:55:57,729 - ADV_Generation_eps_1.0_steps_100 - INFO - Batch 3555/3783: Clean accuracy 0.7319 | Adv accuracy: 0.0000 
2026-02-09 02:55:57,730 - ADV_Generation_eps_1.0_steps_100 - INFO - Batch:[3555] Adversarial images for this batch already exist
2026-02-09 02:55:57,887 - ADV_Generation_eps_1.0_steps_100 - INFO - Batch 3556/3783: Clean accuracy 0.7320 | Adv accuracy: 0.0000 
2026-02-09 02:55:57,887 - ADV_Generation_eps_1.0_steps_100 - INFO - Batch:[3556] Adversarial images for this batch already exist
2026-02-09 02:55:58,021 - ADV_Generation_eps_1.0_steps_100 - INFO - Batch 3557/3783: Clean accuracy 0.7321 | Adv accuracy: 0.0000 
2026-02-09 02:55:58,022 - ADV_Generation_eps_1.0_steps_100 - INFO - Batch:[3557] Adversarial images for this batch already exist
2026-02-09 02:55:58,214 - ADV_Generation_eps_1.0_steps_100 - INFO - Batch 3558/3783: Clean accuracy 0.7322 | Adv accuracy: 0.0000 
2026-02-09 02:55:58,214 - ADV_Generation_eps_1.0_steps_100 - INFO - Batch:[3558] Adversarial images for this batch already exist
2026-02-09 02:55:58,356 - ADV_Generation_eps_1.0_steps_100 - INFO - Batch 3559/3783: Clean accuracy 0.7322 | Adv accuracy: 0.0000 
2026-02-09 02:55:58,357 - ADV_Generation_eps_1.0_steps_100 - INFO - Batch:[3559] Adversarial images for this batch already exist
2026-02-09 02:55:58,517 - ADV_Generation_eps_1.0_steps_100 - INFO - Batch 3560/3783: Clean accuracy 0.7323 | Adv accuracy: 0.0000 
2026-02-09 02:55:58,519 - ADV_Generation_eps_1.0_steps_100 - INFO - Batch:[3560] Adversarial images for this batch already exist
2026-02-09 02:55:58,664 - ADV_Generation_eps_1.0_steps_100 - INFO - Batch 3561/3783: Clean accuracy 0.7324 | Adv accuracy: 0.0000 
2026-02-09 02:55:58,665 - ADV_Generation_eps_1.0_steps_100 - INFO - Batch:[3561] Adversarial images for this batch already exist
2026-02-09 02:55:58,813 - ADV_Generation_eps_1.0_steps_100 - INFO - Batch 3562/3783: Clean accuracy 0.7325 | Adv accuracy: 0.0000 
2026-02-09 02:55:58,814 - ADV_Generation_eps_1.0_steps_100 - INFO - Batch:[3562] Adversarial images for this batch already exist
2026-02-09 02:55:58,952 - ADV_Generation_eps_1.0_steps_100 - INFO - Batch 3563/3783: Clean accuracy 0.7325 | Adv accuracy: 0.0000 
2026-02-09 02:55:58,953 - ADV_Generation_eps_1.0_steps_100 - INFO - Batch:[3563] Adversarial images for this batch already exist
2026-02-09 02:55:59,101 - ADV_Generation_eps_1.0_steps_100 - INFO - Batch 3564/3783: Clean accuracy 0.7326 | Adv accuracy: 0.0000 
2026-02-09 02:55:59,102 - ADV_Generation_eps_1.0_steps_100 - INFO - Batch:[3564] Adversarial images for this batch already exist
2026-02-09 02:55:59,241 - ADV_Generation_eps_1.0_steps_100 - INFO - Batch 3565/3783: Clean accuracy 0.7327 | Adv accuracy: 0.0000 
2026-02-09 02:55:59,242 - ADV_Generation_eps_1.0_steps_100 - INFO - Batch:[3565] Adversarial images for this batch already exist
2026-02-09 02:55:59,383 - ADV_Generation_eps_1.0_steps_100 - INFO - Batch 3566/3783: Clean accuracy 0.7328 | Adv accuracy: 0.0000 
2026-02-09 02:55:59,384 - ADV_Generation_eps_1.0_steps_100 - INFO - Batch:[3566] Adversarial images for this batch already exist
2026-02-09 02:55:59,529 - ADV_Generation_eps_1.0_steps_100 - INFO - Batch 3567/3783: Clean accuracy 0.7328 | Adv accuracy: 0.0000 
2026-02-09 02:55:59,530 - ADV_Generation_eps_1.0_steps_100 - INFO - Batch:[3567] Adversarial images for this batch already exist
2026-02-09 02:55:59,745 - ADV_Generation_eps_1.0_steps_100 - INFO - Batch 3568/3783: Clean accuracy 0.7329 | Adv accuracy: 0.0000 
2026-02-09 02:55:59,746 - ADV_Generation_eps_1.0_steps_100 - INFO - Batch:[3568] Adversarial images for this batch already exist
2026-02-09 02:55:59,892 - ADV_Generation_eps_1.0_steps_100 - INFO - Batch 3569/3783: Clean accuracy 0.7330 | Adv accuracy: 0.0000 
2026-02-09 02:55:59,893 - ADV_Generation_eps_1.0_steps_100 - INFO - Batch:[3569] Adversarial images for this batch already exist
2026-02-09 02:56:00,032 - ADV_Generation_eps_1.0_steps_100 - INFO - Batch 3570/3783: Clean accuracy 0.7328 | Adv accuracy: 0.0000 
2026-02-09 02:56:00,032 - ADV_Generation_eps_1.0_steps_100 - INFO - Batch:[3570] Adversarial images for this batch already exist
2026-02-09 02:56:00,171 - ADV_Generation_eps_1.0_steps_100 - INFO - Batch 3571/3783: Clean accuracy 0.7328 | Adv accuracy: 0.0000 
2026-02-09 02:56:00,172 - ADV_Generation_eps_1.0_steps_100 - INFO - Batch:[3571] Adversarial images for this batch already exist
2026-02-09 02:56:00,309 - ADV_Generation_eps_1.0_steps_100 - INFO - Batch 3572/3783: Clean accuracy 0.7329 | Adv accuracy: 0.0000 
2026-02-09 02:56:00,309 - ADV_Generation_eps_1.0_steps_100 - INFO - Batch:[3572] Adversarial images for this batch already exist
2026-02-09 02:56:00,476 - ADV_Generation_eps_1.0_steps_100 - INFO - Batch 3573/3783: Clean accuracy 0.7327 | Adv accuracy: 0.0000 
2026-02-09 02:56:00,477 - ADV_Generation_eps_1.0_steps_100 - INFO - Batch:[3573] Adversarial images for this batch already exist
2026-02-09 02:56:00,615 - ADV_Generation_eps_1.0_steps_100 - INFO - Batch 3574/3783: Clean accuracy 0.7328 | Adv accuracy: 0.0000 
2026-02-09 02:56:00,616 - ADV_Generation_eps_1.0_steps_100 - INFO - Batch:[3574] Adversarial images for this batch already exist
2026-02-09 02:56:00,755 - ADV_Generation_eps_1.0_steps_100 - INFO - Batch 3575/3783: Clean accuracy 0.7329 | Adv accuracy: 0.0000 
2026-02-09 02:56:00,756 - ADV_Generation_eps_1.0_steps_100 - INFO - Batch:[3575] Adversarial images for this batch already exist
2026-02-09 02:56:00,892 - ADV_Generation_eps_1.0_steps_100 - INFO - Batch 3576/3783: Clean accuracy 0.7329 | Adv accuracy: 0.0000 
2026-02-09 02:56:00,893 - ADV_Generation_eps_1.0_steps_100 - INFO - Batch:[3576] Adversarial images for this batch already exist
2026-02-09 02:56:01,031 - ADV_Generation_eps_1.0_steps_100 - INFO - Batch 3577/3783: Clean accuracy 0.7330 | Adv accuracy: 0.0000 
2026-02-09 02:56:01,032 - ADV_Generation_eps_1.0_steps_100 - INFO - Batch:[3577] Adversarial images for this batch already exist
2026-02-09 02:56:01,183 - ADV_Generation_eps_1.0_steps_100 - INFO - Batch 3578/3783: Clean accuracy 0.7331 | Adv accuracy: 0.0000 
2026-02-09 02:56:01,184 - ADV_Generation_eps_1.0_steps_100 - INFO - Batch:[3578] Adversarial images for this batch already exist
2026-02-09 02:56:01,331 - ADV_Generation_eps_1.0_steps_100 - INFO - Batch 3579/3783: Clean accuracy 0.7332 | Adv accuracy: 0.0000 
2026-02-09 02:56:01,332 - ADV_Generation_eps_1.0_steps_100 - INFO - Batch:[3579] Adversarial images for this batch already exist
2026-02-09 02:56:01,468 - ADV_Generation_eps_1.0_steps_100 - INFO - Batch 3580/3783: Clean accuracy 0.7332 | Adv accuracy: 0.0000 
2026-02-09 02:56:01,469 - ADV_Generation_eps_1.0_steps_100 - INFO - Batch:[3580] Adversarial images for this batch already exist
2026-02-09 02:56:01,604 - ADV_Generation_eps_1.0_steps_100 - INFO - Batch 3581/3783: Clean accuracy 0.7333 | Adv accuracy: 0.0000 
2026-02-09 02:56:01,605 - ADV_Generation_eps_1.0_steps_100 - INFO - Batch:[3581] Adversarial images for this batch already exist
2026-02-09 02:56:01,742 - ADV_Generation_eps_1.0_steps_100 - INFO - Batch 3582/3783: Clean accuracy 0.7334 | Adv accuracy: 0.0000 
2026-02-09 02:56:01,743 - ADV_Generation_eps_1.0_steps_100 - INFO - Batch:[3582] Adversarial images for this batch already exist
2026-02-09 02:56:01,881 - ADV_Generation_eps_1.0_steps_100 - INFO - Batch 3583/3783: Clean accuracy 0.7335 | Adv accuracy: 0.0000 
2026-02-09 02:56:01,881 - ADV_Generation_eps_1.0_steps_100 - INFO - Batch:[3583] Adversarial images for this batch already exist
2026-02-09 02:56:02,020 - ADV_Generation_eps_1.0_steps_100 - INFO - Batch 3584/3783: Clean accuracy 0.7335 | Adv accuracy: 0.0000 
2026-02-09 02:56:02,021 - ADV_Generation_eps_1.0_steps_100 - INFO - Batch:[3584] Adversarial images for this batch already exist
2026-02-09 02:56:02,160 - ADV_Generation_eps_1.0_steps_100 - INFO - Batch 3585/3783: Clean accuracy 0.7336 | Adv accuracy: 0.0000 
2026-02-09 02:56:02,161 - ADV_Generation_eps_1.0_steps_100 - INFO - Batch:[3585] Adversarial images for this batch already exist
2026-02-09 02:56:02,296 - ADV_Generation_eps_1.0_steps_100 - INFO - Batch 3586/3783: Clean accuracy 0.7337 | Adv accuracy: 0.0000 
2026-02-09 02:56:02,297 - ADV_Generation_eps_1.0_steps_100 - INFO - Batch:[3586] Adversarial images for this batch already exist
2026-02-09 02:56:02,453 - ADV_Generation_eps_1.0_steps_100 - INFO - Batch 3587/3783: Clean accuracy 0.7338 | Adv accuracy: 0.0000 
2026-02-09 02:56:02,454 - ADV_Generation_eps_1.0_steps_100 - INFO - Batch:[3587] Adversarial images for this batch already exist
2026-02-09 02:56:02,638 - ADV_Generation_eps_1.0_steps_100 - INFO - Batch 3588/3783: Clean accuracy 0.7338 | Adv accuracy: 0.0000 
2026-02-09 02:56:02,639 - ADV_Generation_eps_1.0_steps_100 - INFO - Batch:[3588] Adversarial images for this batch already exist
2026-02-09 02:56:02,781 - ADV_Generation_eps_1.0_steps_100 - INFO - Batch 3589/3783: Clean accuracy 0.7339 | Adv accuracy: 0.0000 
2026-02-09 02:56:02,782 - ADV_Generation_eps_1.0_steps_100 - INFO - Batch:[3589] Adversarial images for this batch already exist
2026-02-09 02:56:02,925 - ADV_Generation_eps_1.0_steps_100 - INFO - Batch 3590/3783: Clean accuracy 0.7340 | Adv accuracy: 0.0000 
2026-02-09 02:56:02,926 - ADV_Generation_eps_1.0_steps_100 - INFO - Batch:[3590] Adversarial images for this batch already exist
2026-02-09 02:56:03,063 - ADV_Generation_eps_1.0_steps_100 - INFO - Batch 3591/3783: Clean accuracy 0.7341 | Adv accuracy: 0.0000 
2026-02-09 02:56:03,064 - ADV_Generation_eps_1.0_steps_100 - INFO - Batch:[3591] Adversarial images for this batch already exist
2026-02-09 02:56:03,199 - ADV_Generation_eps_1.0_steps_100 - INFO - Batch 3592/3783: Clean accuracy 0.7341 | Adv accuracy: 0.0000 
2026-02-09 02:56:03,200 - ADV_Generation_eps_1.0_steps_100 - INFO - Batch:[3592] Adversarial images for this batch already exist
2026-02-09 02:56:03,335 - ADV_Generation_eps_1.0_steps_100 - INFO - Batch 3593/3783: Clean accuracy 0.7342 | Adv accuracy: 0.0000 
2026-02-09 02:56:03,336 - ADV_Generation_eps_1.0_steps_100 - INFO - Batch:[3593] Adversarial images for this batch already exist
2026-02-09 02:56:03,479 - ADV_Generation_eps_1.0_steps_100 - INFO - Batch 3594/3783: Clean accuracy 0.7343 | Adv accuracy: 0.0000 
2026-02-09 02:56:03,480 - ADV_Generation_eps_1.0_steps_100 - INFO - Batch:[3594] Adversarial images for this batch already exist
2026-02-09 02:56:03,626 - ADV_Generation_eps_1.0_steps_100 - INFO - Batch 3595/3783: Clean accuracy 0.7344 | Adv accuracy: 0.0000 
2026-02-09 02:56:03,627 - ADV_Generation_eps_1.0_steps_100 - INFO - Batch:[3595] Adversarial images for this batch already exist
2026-02-09 02:56:03,766 - ADV_Generation_eps_1.0_steps_100 - INFO - Batch 3596/3783: Clean accuracy 0.7341 | Adv accuracy: 0.0000 
2026-02-09 02:56:03,768 - ADV_Generation_eps_1.0_steps_100 - INFO - Batch:[3596] Adversarial images for this batch already exist
2026-02-09 02:56:03,935 - ADV_Generation_eps_1.0_steps_100 - INFO - Batch 3597/3783: Clean accuracy 0.7342 | Adv accuracy: 0.0000 
2026-02-09 02:56:03,936 - ADV_Generation_eps_1.0_steps_100 - INFO - Batch:[3597] Adversarial images for this batch already exist
2026-02-09 02:56:04,075 - ADV_Generation_eps_1.0_steps_100 - INFO - Batch 3598/3783: Clean accuracy 0.7343 | Adv accuracy: 0.0000 
2026-02-09 02:56:04,076 - ADV_Generation_eps_1.0_steps_100 - INFO - Batch:[3598] Adversarial images for this batch already exist
2026-02-09 02:56:04,214 - ADV_Generation_eps_1.0_steps_100 - INFO - Batch 3599/3783: Clean accuracy 0.7341 | Adv accuracy: 0.0000 
2026-02-09 02:56:04,214 - ADV_Generation_eps_1.0_steps_100 - INFO - Batch:[3599] Adversarial images for this batch already exist
2026-02-09 02:56:04,359 - ADV_Generation_eps_1.0_steps_100 - INFO - Batch 3600/3783: Clean accuracy 0.7342 | Adv accuracy: 0.0000 
2026-02-09 02:56:04,360 - ADV_Generation_eps_1.0_steps_100 - INFO - Batch:[3600] Adversarial images for this batch already exist
2026-02-09 02:56:04,505 - ADV_Generation_eps_1.0_steps_100 - INFO - Batch 3601/3783: Clean accuracy 0.7342 | Adv accuracy: 0.0000 
2026-02-09 02:56:04,507 - ADV_Generation_eps_1.0_steps_100 - INFO - Batch:[3601] Adversarial images for this batch already exist
2026-02-09 02:56:04,679 - ADV_Generation_eps_1.0_steps_100 - INFO - Batch 3602/3783: Clean accuracy 0.7343 | Adv accuracy: 0.0000 
2026-02-09 02:56:04,680 - ADV_Generation_eps_1.0_steps_100 - INFO - Batch:[3602] Adversarial images for this batch already exist
2026-02-09 02:56:04,818 - ADV_Generation_eps_1.0_steps_100 - INFO - Batch 3603/3783: Clean accuracy 0.7344 | Adv accuracy: 0.0000 
2026-02-09 02:56:04,819 - ADV_Generation_eps_1.0_steps_100 - INFO - Batch:[3603] Adversarial images for this batch already exist
2026-02-09 02:56:04,959 - ADV_Generation_eps_1.0_steps_100 - INFO - Batch 3604/3783: Clean accuracy 0.7342 | Adv accuracy: 0.0000 
2026-02-09 02:56:04,960 - ADV_Generation_eps_1.0_steps_100 - INFO - Batch:[3604] Adversarial images for this batch already exist
2026-02-09 02:56:05,097 - ADV_Generation_eps_1.0_steps_100 - INFO - Batch 3605/3783: Clean accuracy 0.7343 | Adv accuracy: 0.0000 
2026-02-09 02:56:05,098 - ADV_Generation_eps_1.0_steps_100 - INFO - Batch:[3605] Adversarial images for this batch already exist
2026-02-09 02:56:05,234 - ADV_Generation_eps_1.0_steps_100 - INFO - Batch 3606/3783: Clean accuracy 0.7343 | Adv accuracy: 0.0000 
2026-02-09 02:56:05,235 - ADV_Generation_eps_1.0_steps_100 - INFO - Batch:[3606] Adversarial images for this batch already exist
2026-02-09 02:56:05,370 - ADV_Generation_eps_1.0_steps_100 - INFO - Batch 3607/3783: Clean accuracy 0.7344 | Adv accuracy: 0.0000 
2026-02-09 02:56:05,371 - ADV_Generation_eps_1.0_steps_100 - INFO - Batch:[3607] Adversarial images for this batch already exist
2026-02-09 02:56:05,504 - ADV_Generation_eps_1.0_steps_100 - INFO - Batch 3608/3783: Clean accuracy 0.7342 | Adv accuracy: 0.0000 
2026-02-09 02:56:05,505 - ADV_Generation_eps_1.0_steps_100 - INFO - Batch:[3608] Adversarial images for this batch already exist
2026-02-09 02:56:05,641 - ADV_Generation_eps_1.0_steps_100 - INFO - Batch 3609/3783: Clean accuracy 0.7343 | Adv accuracy: 0.0000 
2026-02-09 02:56:05,642 - ADV_Generation_eps_1.0_steps_100 - INFO - Batch:[3609] Adversarial images for this batch already exist
2026-02-09 02:56:05,815 - ADV_Generation_eps_1.0_steps_100 - INFO - Batch 3610/3783: Clean accuracy 0.7343 | Adv accuracy: 0.0000 
2026-02-09 02:56:05,816 - ADV_Generation_eps_1.0_steps_100 - INFO - Batch:[3610] Adversarial images for this batch already exist
2026-02-09 02:56:05,973 - ADV_Generation_eps_1.0_steps_100 - INFO - Batch 3611/3783: Clean accuracy 0.7344 | Adv accuracy: 0.0000 
2026-02-09 02:56:05,974 - ADV_Generation_eps_1.0_steps_100 - INFO - Batch:[3611] Adversarial images for this batch already exist
2026-02-09 02:56:06,107 - ADV_Generation_eps_1.0_steps_100 - INFO - Batch 3612/3783: Clean accuracy 0.7345 | Adv accuracy: 0.0000 
2026-02-09 02:56:06,108 - ADV_Generation_eps_1.0_steps_100 - INFO - Batch:[3612] Adversarial images for this batch already exist
2026-02-09 02:56:06,256 - ADV_Generation_eps_1.0_steps_100 - INFO - Batch 3613/3783: Clean accuracy 0.7346 | Adv accuracy: 0.0000 
2026-02-09 02:56:06,257 - ADV_Generation_eps_1.0_steps_100 - INFO - Batch:[3613] Adversarial images for this batch already exist
2026-02-09 02:56:06,403 - ADV_Generation_eps_1.0_steps_100 - INFO - Batch 3614/3783: Clean accuracy 0.7346 | Adv accuracy: 0.0000 
2026-02-09 02:56:06,404 - ADV_Generation_eps_1.0_steps_100 - INFO - Batch:[3614] Adversarial images for this batch already exist
2026-02-09 02:56:06,545 - ADV_Generation_eps_1.0_steps_100 - INFO - Batch 3615/3783: Clean accuracy 0.7347 | Adv accuracy: 0.0000 
2026-02-09 02:56:06,546 - ADV_Generation_eps_1.0_steps_100 - INFO - Batch:[3615] Adversarial images for this batch already exist
2026-02-09 02:56:06,683 - ADV_Generation_eps_1.0_steps_100 - INFO - Batch 3616/3783: Clean accuracy 0.7348 | Adv accuracy: 0.0000 
2026-02-09 02:56:06,684 - ADV_Generation_eps_1.0_steps_100 - INFO - Batch:[3616] Adversarial images for this batch already exist
2026-02-09 02:56:06,828 - ADV_Generation_eps_1.0_steps_100 - INFO - Batch 3617/3783: Clean accuracy 0.7349 | Adv accuracy: 0.0000 
2026-02-09 02:56:06,829 - ADV_Generation_eps_1.0_steps_100 - INFO - Batch:[3617] Adversarial images for this batch already exist
2026-02-09 02:56:06,970 - ADV_Generation_eps_1.0_steps_100 - INFO - Batch 3618/3783: Clean accuracy 0.7347 | Adv accuracy: 0.0000 
2026-02-09 02:56:06,971 - ADV_Generation_eps_1.0_steps_100 - INFO - Batch:[3618] Adversarial images for this batch already exist
2026-02-09 02:56:07,172 - ADV_Generation_eps_1.0_steps_100 - INFO - Batch 3619/3783: Clean accuracy 0.7347 | Adv accuracy: 0.0000 
2026-02-09 02:56:07,173 - ADV_Generation_eps_1.0_steps_100 - INFO - Batch:[3619] Adversarial images for this batch already exist
2026-02-09 02:56:07,312 - ADV_Generation_eps_1.0_steps_100 - INFO - Batch 3620/3783: Clean accuracy 0.7345 | Adv accuracy: 0.0000 
2026-02-09 02:56:07,313 - ADV_Generation_eps_1.0_steps_100 - INFO - Batch:[3620] Adversarial images for this batch already exist
2026-02-09 02:56:07,456 - ADV_Generation_eps_1.0_steps_100 - INFO - Batch 3621/3783: Clean accuracy 0.7343 | Adv accuracy: 0.0000 
2026-02-09 02:56:07,457 - ADV_Generation_eps_1.0_steps_100 - INFO - Batch:[3621] Adversarial images for this batch already exist
2026-02-09 02:56:07,601 - ADV_Generation_eps_1.0_steps_100 - INFO - Batch 3622/3783: Clean accuracy 0.7344 | Adv accuracy: 0.0000 
2026-02-09 02:56:07,602 - ADV_Generation_eps_1.0_steps_100 - INFO - Batch:[3622] Adversarial images for this batch already exist
2026-02-09 02:56:07,747 - ADV_Generation_eps_1.0_steps_100 - INFO - Batch 3623/3783: Clean accuracy 0.7345 | Adv accuracy: 0.0000 
2026-02-09 02:56:07,748 - ADV_Generation_eps_1.0_steps_100 - INFO - Batch:[3623] Adversarial images for this batch already exist
2026-02-09 02:56:07,901 - ADV_Generation_eps_1.0_steps_100 - INFO - Batch 3624/3783: Clean accuracy 0.7343 | Adv accuracy: 0.0000 
2026-02-09 02:56:07,902 - ADV_Generation_eps_1.0_steps_100 - INFO - Batch:[3624] Adversarial images for this batch already exist
2026-02-09 02:56:08,040 - ADV_Generation_eps_1.0_steps_100 - INFO - Batch 3625/3783: Clean accuracy 0.7341 | Adv accuracy: 0.0000 
2026-02-09 02:56:08,041 - ADV_Generation_eps_1.0_steps_100 - INFO - Batch:[3625] Adversarial images for this batch already exist
2026-02-09 02:56:08,181 - ADV_Generation_eps_1.0_steps_100 - INFO - Batch 3626/3783: Clean accuracy 0.7341 | Adv accuracy: 0.0000 
2026-02-09 02:56:08,182 - ADV_Generation_eps_1.0_steps_100 - INFO - Batch:[3626] Adversarial images for this batch already exist
2026-02-09 02:56:08,320 - ADV_Generation_eps_1.0_steps_100 - INFO - Batch 3627/3783: Clean accuracy 0.7339 | Adv accuracy: 0.0000 
2026-02-09 02:56:08,321 - ADV_Generation_eps_1.0_steps_100 - INFO - Batch:[3627] Adversarial images for this batch already exist
2026-02-09 02:56:08,467 - ADV_Generation_eps_1.0_steps_100 - INFO - Batch 3628/3783: Clean accuracy 0.7340 | Adv accuracy: 0.0000 
2026-02-09 02:56:08,467 - ADV_Generation_eps_1.0_steps_100 - INFO - Batch:[3628] Adversarial images for this batch already exist
2026-02-09 02:56:08,606 - ADV_Generation_eps_1.0_steps_100 - INFO - Batch 3629/3783: Clean accuracy 0.7341 | Adv accuracy: 0.0000 
2026-02-09 02:56:08,608 - ADV_Generation_eps_1.0_steps_100 - INFO - Batch:[3629] Adversarial images for this batch already exist
2026-02-09 02:56:08,743 - ADV_Generation_eps_1.0_steps_100 - INFO - Batch 3630/3783: Clean accuracy 0.7342 | Adv accuracy: 0.0000 
2026-02-09 02:56:08,744 - ADV_Generation_eps_1.0_steps_100 - INFO - Batch:[3630] Adversarial images for this batch already exist
2026-02-09 02:56:08,884 - ADV_Generation_eps_1.0_steps_100 - INFO - Batch 3631/3783: Clean accuracy 0.7340 | Adv accuracy: 0.0000 
2026-02-09 02:56:08,885 - ADV_Generation_eps_1.0_steps_100 - INFO - Batch:[3631] Adversarial images for this batch already exist
2026-02-09 02:56:09,027 - ADV_Generation_eps_1.0_steps_100 - INFO - Batch 3632/3783: Clean accuracy 0.7340 | Adv accuracy: 0.0000 
2026-02-09 02:56:09,028 - ADV_Generation_eps_1.0_steps_100 - INFO - Batch:[3632] Adversarial images for this batch already exist
2026-02-09 02:56:09,164 - ADV_Generation_eps_1.0_steps_100 - INFO - Batch 3633/3783: Clean accuracy 0.7341 | Adv accuracy: 0.0000 
2026-02-09 02:56:09,165 - ADV_Generation_eps_1.0_steps_100 - INFO - Batch:[3633] Adversarial images for this batch already exist
2026-02-09 02:56:09,303 - ADV_Generation_eps_1.0_steps_100 - INFO - Batch 3634/3783: Clean accuracy 0.7342 | Adv accuracy: 0.0000 
2026-02-09 02:56:09,304 - ADV_Generation_eps_1.0_steps_100 - INFO - Batch:[3634] Adversarial images for this batch already exist
2026-02-09 02:56:09,441 - ADV_Generation_eps_1.0_steps_100 - INFO - Batch 3635/3783: Clean accuracy 0.7343 | Adv accuracy: 0.0000 
2026-02-09 02:56:09,442 - ADV_Generation_eps_1.0_steps_100 - INFO - Batch:[3635] Adversarial images for this batch already exist
2026-02-09 02:56:09,612 - ADV_Generation_eps_1.0_steps_100 - INFO - Batch 3636/3783: Clean accuracy 0.7343 | Adv accuracy: 0.0000 
2026-02-09 02:56:09,614 - ADV_Generation_eps_1.0_steps_100 - INFO - Batch:[3636] Adversarial images for this batch already exist
2026-02-09 02:56:09,750 - ADV_Generation_eps_1.0_steps_100 - INFO - Batch 3637/3783: Clean accuracy 0.7344 | Adv accuracy: 0.0000 
2026-02-09 02:56:09,752 - ADV_Generation_eps_1.0_steps_100 - INFO - Batch:[3637] Adversarial images for this batch already exist
2026-02-09 02:56:09,887 - ADV_Generation_eps_1.0_steps_100 - INFO - Batch 3638/3783: Clean accuracy 0.7345 | Adv accuracy: 0.0000 
2026-02-09 02:56:09,888 - ADV_Generation_eps_1.0_steps_100 - INFO - Batch:[3638] Adversarial images for this batch already exist
2026-02-09 02:56:10,036 - ADV_Generation_eps_1.0_steps_100 - INFO - Batch 3639/3783: Clean accuracy 0.7345 | Adv accuracy: 0.0000 
2026-02-09 02:56:10,037 - ADV_Generation_eps_1.0_steps_100 - INFO - Batch:[3639] Adversarial images for this batch already exist
2026-02-09 02:56:10,176 - ADV_Generation_eps_1.0_steps_100 - INFO - Batch 3640/3783: Clean accuracy 0.7346 | Adv accuracy: 0.0000 
2026-02-09 02:56:10,177 - ADV_Generation_eps_1.0_steps_100 - INFO - Batch:[3640] Adversarial images for this batch already exist
2026-02-09 02:56:10,314 - ADV_Generation_eps_1.0_steps_100 - INFO - Batch 3641/3783: Clean accuracy 0.7347 | Adv accuracy: 0.0000 
2026-02-09 02:56:10,315 - ADV_Generation_eps_1.0_steps_100 - INFO - Batch:[3641] Adversarial images for this batch already exist
2026-02-09 02:56:10,457 - ADV_Generation_eps_1.0_steps_100 - INFO - Batch 3642/3783: Clean accuracy 0.7348 | Adv accuracy: 0.0000 
2026-02-09 02:56:10,457 - ADV_Generation_eps_1.0_steps_100 - INFO - Batch:[3642] Adversarial images for this batch already exist
2026-02-09 02:56:10,589 - ADV_Generation_eps_1.0_steps_100 - INFO - Batch 3643/3783: Clean accuracy 0.7348 | Adv accuracy: 0.0000 
2026-02-09 02:56:10,590 - ADV_Generation_eps_1.0_steps_100 - INFO - Batch:[3643] Adversarial images for this batch already exist
2026-02-09 02:56:10,731 - ADV_Generation_eps_1.0_steps_100 - INFO - Batch 3644/3783: Clean accuracy 0.7349 | Adv accuracy: 0.0000 
2026-02-09 02:56:10,732 - ADV_Generation_eps_1.0_steps_100 - INFO - Batch:[3644] Adversarial images for this batch already exist
2026-02-09 02:56:10,868 - ADV_Generation_eps_1.0_steps_100 - INFO - Batch 3645/3783: Clean accuracy 0.7350 | Adv accuracy: 0.0000 
2026-02-09 02:56:10,869 - ADV_Generation_eps_1.0_steps_100 - INFO - Batch:[3645] Adversarial images for this batch already exist
2026-02-09 02:56:11,006 - ADV_Generation_eps_1.0_steps_100 - INFO - Batch 3646/3783: Clean accuracy 0.7351 | Adv accuracy: 0.0000 
2026-02-09 02:56:11,007 - ADV_Generation_eps_1.0_steps_100 - INFO - Batch:[3646] Adversarial images for this batch already exist
2026-02-09 02:56:11,223 - ADV_Generation_eps_1.0_steps_100 - INFO - Batch 3647/3783: Clean accuracy 0.7351 | Adv accuracy: 0.0000 
2026-02-09 02:56:11,224 - ADV_Generation_eps_1.0_steps_100 - INFO - Batch:[3647] Adversarial images for this batch already exist
2026-02-09 02:56:11,366 - ADV_Generation_eps_1.0_steps_100 - INFO - Batch 3648/3783: Clean accuracy 0.7352 | Adv accuracy: 0.0000 
2026-02-09 02:56:11,368 - ADV_Generation_eps_1.0_steps_100 - INFO - Batch:[3648] Adversarial images for this batch already exist
2026-02-09 02:56:11,509 - ADV_Generation_eps_1.0_steps_100 - INFO - Batch 3649/3783: Clean accuracy 0.7353 | Adv accuracy: 0.0000 
2026-02-09 02:56:11,510 - ADV_Generation_eps_1.0_steps_100 - INFO - Batch:[3649] Adversarial images for this batch already exist
2026-02-09 02:56:11,650 - ADV_Generation_eps_1.0_steps_100 - INFO - Batch 3650/3783: Clean accuracy 0.7353 | Adv accuracy: 0.0000 
2026-02-09 02:56:11,652 - ADV_Generation_eps_1.0_steps_100 - INFO - Batch:[3650] Adversarial images for this batch already exist
2026-02-09 02:56:11,795 - ADV_Generation_eps_1.0_steps_100 - INFO - Batch 3651/3783: Clean accuracy 0.7354 | Adv accuracy: 0.0000 
2026-02-09 02:56:11,796 - ADV_Generation_eps_1.0_steps_100 - INFO - Batch:[3651] Adversarial images for this batch already exist
2026-02-09 02:56:11,938 - ADV_Generation_eps_1.0_steps_100 - INFO - Batch 3652/3783: Clean accuracy 0.7355 | Adv accuracy: 0.0000 
2026-02-09 02:56:11,939 - ADV_Generation_eps_1.0_steps_100 - INFO - Batch:[3652] Adversarial images for this batch already exist
2026-02-09 02:56:12,076 - ADV_Generation_eps_1.0_steps_100 - INFO - Batch 3653/3783: Clean accuracy 0.7356 | Adv accuracy: 0.0000 
2026-02-09 02:56:12,077 - ADV_Generation_eps_1.0_steps_100 - INFO - Batch:[3653] Adversarial images for this batch already exist
2026-02-09 02:56:12,218 - ADV_Generation_eps_1.0_steps_100 - INFO - Batch 3654/3783: Clean accuracy 0.7356 | Adv accuracy: 0.0000 
2026-02-09 02:56:12,219 - ADV_Generation_eps_1.0_steps_100 - INFO - Batch:[3654] Adversarial images for this batch already exist
2026-02-09 02:56:12,357 - ADV_Generation_eps_1.0_steps_100 - INFO - Batch 3655/3783: Clean accuracy 0.7357 | Adv accuracy: 0.0000 
2026-02-09 02:56:12,358 - ADV_Generation_eps_1.0_steps_100 - INFO - Batch:[3655] Adversarial images for this batch already exist
2026-02-09 02:56:12,498 - ADV_Generation_eps_1.0_steps_100 - INFO - Batch 3656/3783: Clean accuracy 0.7358 | Adv accuracy: 0.0000 
2026-02-09 02:56:12,499 - ADV_Generation_eps_1.0_steps_100 - INFO - Batch:[3656] Adversarial images for this batch already exist
2026-02-09 02:56:12,639 - ADV_Generation_eps_1.0_steps_100 - INFO - Batch 3657/3783: Clean accuracy 0.7358 | Adv accuracy: 0.0000 
2026-02-09 02:56:12,640 - ADV_Generation_eps_1.0_steps_100 - INFO - Batch:[3657] Adversarial images for this batch already exist
2026-02-09 02:56:12,780 - ADV_Generation_eps_1.0_steps_100 - INFO - Batch 3658/3783: Clean accuracy 0.7359 | Adv accuracy: 0.0000 
2026-02-09 02:56:12,781 - ADV_Generation_eps_1.0_steps_100 - INFO - Batch:[3658] Adversarial images for this batch already exist
2026-02-09 02:56:12,918 - ADV_Generation_eps_1.0_steps_100 - INFO - Batch 3659/3783: Clean accuracy 0.7360 | Adv accuracy: 0.0000 
2026-02-09 02:56:12,919 - ADV_Generation_eps_1.0_steps_100 - INFO - Batch:[3659] Adversarial images for this batch already exist
2026-02-09 02:56:13,067 - ADV_Generation_eps_1.0_steps_100 - INFO - Batch 3660/3783: Clean accuracy 0.7358 | Adv accuracy: 0.0000 
2026-02-09 02:56:13,068 - ADV_Generation_eps_1.0_steps_100 - INFO - Batch:[3660] Adversarial images for this batch already exist
2026-02-09 02:56:13,201 - ADV_Generation_eps_1.0_steps_100 - INFO - Batch 3661/3783: Clean accuracy 0.7359 | Adv accuracy: 0.0000 
2026-02-09 02:56:13,202 - ADV_Generation_eps_1.0_steps_100 - INFO - Batch:[3661] Adversarial images for this batch already exist
2026-02-09 02:56:13,347 - ADV_Generation_eps_1.0_steps_100 - INFO - Batch 3662/3783: Clean accuracy 0.7359 | Adv accuracy: 0.0000 
2026-02-09 02:56:13,348 - ADV_Generation_eps_1.0_steps_100 - INFO - Batch:[3662] Adversarial images for this batch already exist
2026-02-09 02:56:13,487 - ADV_Generation_eps_1.0_steps_100 - INFO - Batch 3663/3783: Clean accuracy 0.7360 | Adv accuracy: 0.0000 
2026-02-09 02:56:13,488 - ADV_Generation_eps_1.0_steps_100 - INFO - Batch:[3663] Adversarial images for this batch already exist
2026-02-09 02:56:13,626 - ADV_Generation_eps_1.0_steps_100 - INFO - Batch 3664/3783: Clean accuracy 0.7361 | Adv accuracy: 0.0000 
2026-02-09 02:56:13,627 - ADV_Generation_eps_1.0_steps_100 - INFO - Batch:[3664] Adversarial images for this batch already exist
2026-02-09 02:56:13,773 - ADV_Generation_eps_1.0_steps_100 - INFO - Batch 3665/3783: Clean accuracy 0.7362 | Adv accuracy: 0.0000 
2026-02-09 02:56:13,774 - ADV_Generation_eps_1.0_steps_100 - INFO - Batch:[3665] Adversarial images for this batch already exist
2026-02-09 02:56:13,915 - ADV_Generation_eps_1.0_steps_100 - INFO - Batch 3666/3783: Clean accuracy 0.7362 | Adv accuracy: 0.0000 
2026-02-09 02:56:13,916 - ADV_Generation_eps_1.0_steps_100 - INFO - Batch:[3666] Adversarial images for this batch already exist
2026-02-09 02:56:14,053 - ADV_Generation_eps_1.0_steps_100 - INFO - Batch 3667/3783: Clean accuracy 0.7363 | Adv accuracy: 0.0000 
2026-02-09 02:56:14,054 - ADV_Generation_eps_1.0_steps_100 - INFO - Batch:[3667] Adversarial images for this batch already exist
2026-02-09 02:56:14,199 - ADV_Generation_eps_1.0_steps_100 - INFO - Batch 3668/3783: Clean accuracy 0.7364 | Adv accuracy: 0.0000 
2026-02-09 02:56:14,200 - ADV_Generation_eps_1.0_steps_100 - INFO - Batch:[3668] Adversarial images for this batch already exist
2026-02-09 02:56:14,338 - ADV_Generation_eps_1.0_steps_100 - INFO - Batch 3669/3783: Clean accuracy 0.7364 | Adv accuracy: 0.0000 
2026-02-09 02:56:14,339 - ADV_Generation_eps_1.0_steps_100 - INFO - Batch:[3669] Adversarial images for this batch already exist
2026-02-09 02:56:14,478 - ADV_Generation_eps_1.0_steps_100 - INFO - Batch 3670/3783: Clean accuracy 0.7365 | Adv accuracy: 0.0000 
2026-02-09 02:56:14,480 - ADV_Generation_eps_1.0_steps_100 - INFO - Batch:[3670] Adversarial images for this batch already exist
2026-02-09 02:56:14,625 - ADV_Generation_eps_1.0_steps_100 - INFO - Batch 3671/3783: Clean accuracy 0.7366 | Adv accuracy: 0.0000 
2026-02-09 02:56:14,626 - ADV_Generation_eps_1.0_steps_100 - INFO - Batch:[3671] Adversarial images for this batch already exist
2026-02-09 02:56:14,763 - ADV_Generation_eps_1.0_steps_100 - INFO - Batch 3672/3783: Clean accuracy 0.7367 | Adv accuracy: 0.0000 
2026-02-09 02:56:14,764 - ADV_Generation_eps_1.0_steps_100 - INFO - Batch:[3672] Adversarial images for this batch already exist
2026-02-09 02:56:14,913 - ADV_Generation_eps_1.0_steps_100 - INFO - Batch 3673/3783: Clean accuracy 0.7367 | Adv accuracy: 0.0000 
2026-02-09 02:56:14,914 - ADV_Generation_eps_1.0_steps_100 - INFO - Batch:[3673] Adversarial images for this batch already exist
2026-02-09 02:56:15,049 - ADV_Generation_eps_1.0_steps_100 - INFO - Batch 3674/3783: Clean accuracy 0.7368 | Adv accuracy: 0.0000 
2026-02-09 02:56:15,050 - ADV_Generation_eps_1.0_steps_100 - INFO - Batch:[3674] Adversarial images for this batch already exist
2026-02-09 02:56:15,199 - ADV_Generation_eps_1.0_steps_100 - INFO - Batch 3675/3783: Clean accuracy 0.7369 | Adv accuracy: 0.0000 
2026-02-09 02:56:15,201 - ADV_Generation_eps_1.0_steps_100 - INFO - Batch:[3675] Adversarial images for this batch already exist
2026-02-09 02:56:15,340 - ADV_Generation_eps_1.0_steps_100 - INFO - Batch 3676/3783: Clean accuracy 0.7369 | Adv accuracy: 0.0000 
2026-02-09 02:56:15,341 - ADV_Generation_eps_1.0_steps_100 - INFO - Batch:[3676] Adversarial images for this batch already exist
2026-02-09 02:56:15,477 - ADV_Generation_eps_1.0_steps_100 - INFO - Batch 3677/3783: Clean accuracy 0.7370 | Adv accuracy: 0.0000 
2026-02-09 02:56:15,478 - ADV_Generation_eps_1.0_steps_100 - INFO - Batch:[3677] Adversarial images for this batch already exist
2026-02-09 02:56:15,615 - ADV_Generation_eps_1.0_steps_100 - INFO - Batch 3678/3783: Clean accuracy 0.7371 | Adv accuracy: 0.0000 
2026-02-09 02:56:15,616 - ADV_Generation_eps_1.0_steps_100 - INFO - Batch:[3678] Adversarial images for this batch already exist
2026-02-09 02:56:15,765 - ADV_Generation_eps_1.0_steps_100 - INFO - Batch 3679/3783: Clean accuracy 0.7372 | Adv accuracy: 0.0000 
2026-02-09 02:56:15,766 - ADV_Generation_eps_1.0_steps_100 - INFO - Batch:[3679] Adversarial images for this batch already exist
2026-02-09 02:56:15,906 - ADV_Generation_eps_1.0_steps_100 - INFO - Batch 3680/3783: Clean accuracy 0.7372 | Adv accuracy: 0.0000 
2026-02-09 02:56:15,907 - ADV_Generation_eps_1.0_steps_100 - INFO - Batch:[3680] Adversarial images for this batch already exist
2026-02-09 02:56:16,043 - ADV_Generation_eps_1.0_steps_100 - INFO - Batch 3681/3783: Clean accuracy 0.7373 | Adv accuracy: 0.0000 
2026-02-09 02:56:16,044 - ADV_Generation_eps_1.0_steps_100 - INFO - Batch:[3681] Adversarial images for this batch already exist
2026-02-09 02:56:16,185 - ADV_Generation_eps_1.0_steps_100 - INFO - Batch 3682/3783: Clean accuracy 0.7374 | Adv accuracy: 0.0000 
2026-02-09 02:56:16,186 - ADV_Generation_eps_1.0_steps_100 - INFO - Batch:[3682] Adversarial images for this batch already exist
2026-02-09 02:56:16,322 - ADV_Generation_eps_1.0_steps_100 - INFO - Batch 3683/3783: Clean accuracy 0.7374 | Adv accuracy: 0.0000 
2026-02-09 02:56:16,323 - ADV_Generation_eps_1.0_steps_100 - INFO - Batch:[3683] Adversarial images for this batch already exist
2026-02-09 02:56:16,457 - ADV_Generation_eps_1.0_steps_100 - INFO - Batch 3684/3783: Clean accuracy 0.7375 | Adv accuracy: 0.0000 
2026-02-09 02:56:16,459 - ADV_Generation_eps_1.0_steps_100 - INFO - Batch:[3684] Adversarial images for this batch already exist
2026-02-09 02:56:16,596 - ADV_Generation_eps_1.0_steps_100 - INFO - Batch 3685/3783: Clean accuracy 0.7376 | Adv accuracy: 0.0000 
2026-02-09 02:56:16,597 - ADV_Generation_eps_1.0_steps_100 - INFO - Batch:[3685] Adversarial images for this batch already exist
2026-02-09 02:56:16,736 - ADV_Generation_eps_1.0_steps_100 - INFO - Batch 3686/3783: Clean accuracy 0.7377 | Adv accuracy: 0.0000 
2026-02-09 02:56:16,737 - ADV_Generation_eps_1.0_steps_100 - INFO - Batch:[3686] Adversarial images for this batch already exist
2026-02-09 02:56:16,881 - ADV_Generation_eps_1.0_steps_100 - INFO - Batch 3687/3783: Clean accuracy 0.7377 | Adv accuracy: 0.0000 
2026-02-09 02:56:16,882 - ADV_Generation_eps_1.0_steps_100 - INFO - Batch:[3687] Adversarial images for this batch already exist
2026-02-09 02:56:17,025 - ADV_Generation_eps_1.0_steps_100 - INFO - Batch 3688/3783: Clean accuracy 0.7378 | Adv accuracy: 0.0000 
2026-02-09 02:56:17,026 - ADV_Generation_eps_1.0_steps_100 - INFO - Batch:[3688] Adversarial images for this batch already exist
2026-02-09 02:56:17,171 - ADV_Generation_eps_1.0_steps_100 - INFO - Batch 3689/3783: Clean accuracy 0.7379 | Adv accuracy: 0.0000 
2026-02-09 02:56:17,172 - ADV_Generation_eps_1.0_steps_100 - INFO - Batch:[3689] Adversarial images for this batch already exist
2026-02-09 02:56:17,346 - ADV_Generation_eps_1.0_steps_100 - INFO - Batch 3690/3783: Clean accuracy 0.7379 | Adv accuracy: 0.0000 
2026-02-09 02:56:17,347 - ADV_Generation_eps_1.0_steps_100 - INFO - Batch:[3690] Adversarial images for this batch already exist
2026-02-09 02:56:17,493 - ADV_Generation_eps_1.0_steps_100 - INFO - Batch 3691/3783: Clean accuracy 0.7380 | Adv accuracy: 0.0000 
2026-02-09 02:56:17,494 - ADV_Generation_eps_1.0_steps_100 - INFO - Batch:[3691] Adversarial images for this batch already exist
2026-02-09 02:56:17,632 - ADV_Generation_eps_1.0_steps_100 - INFO - Batch 3692/3783: Clean accuracy 0.7381 | Adv accuracy: 0.0000 
2026-02-09 02:56:17,633 - ADV_Generation_eps_1.0_steps_100 - INFO - Batch:[3692] Adversarial images for this batch already exist
2026-02-09 02:56:17,774 - ADV_Generation_eps_1.0_steps_100 - INFO - Batch 3693/3783: Clean accuracy 0.7382 | Adv accuracy: 0.0000 
2026-02-09 02:56:17,774 - ADV_Generation_eps_1.0_steps_100 - INFO - Batch:[3693] Adversarial images for this batch already exist
2026-02-09 02:56:17,916 - ADV_Generation_eps_1.0_steps_100 - INFO - Batch 3694/3783: Clean accuracy 0.7382 | Adv accuracy: 0.0000 
2026-02-09 02:56:17,917 - ADV_Generation_eps_1.0_steps_100 - INFO - Batch:[3694] Adversarial images for this batch already exist
2026-02-09 02:56:18,055 - ADV_Generation_eps_1.0_steps_100 - INFO - Batch 3695/3783: Clean accuracy 0.7383 | Adv accuracy: 0.0000 
2026-02-09 02:56:18,056 - ADV_Generation_eps_1.0_steps_100 - INFO - Batch:[3695] Adversarial images for this batch already exist
2026-02-09 02:56:18,233 - ADV_Generation_eps_1.0_steps_100 - INFO - Batch 3696/3783: Clean accuracy 0.7384 | Adv accuracy: 0.0000 
2026-02-09 02:56:18,234 - ADV_Generation_eps_1.0_steps_100 - INFO - Batch:[3696] Adversarial images for this batch already exist
2026-02-09 02:56:18,377 - ADV_Generation_eps_1.0_steps_100 - INFO - Batch 3697/3783: Clean accuracy 0.7384 | Adv accuracy: 0.0000 
2026-02-09 02:56:18,378 - ADV_Generation_eps_1.0_steps_100 - INFO - Batch:[3697] Adversarial images for this batch already exist
2026-02-09 02:56:18,521 - ADV_Generation_eps_1.0_steps_100 - INFO - Batch 3698/3783: Clean accuracy 0.7385 | Adv accuracy: 0.0000 
2026-02-09 02:56:18,522 - ADV_Generation_eps_1.0_steps_100 - INFO - Batch:[3698] Adversarial images for this batch already exist
2026-02-09 02:56:18,666 - ADV_Generation_eps_1.0_steps_100 - INFO - Batch 3699/3783: Clean accuracy 0.7386 | Adv accuracy: 0.0000 
2026-02-09 02:56:18,667 - ADV_Generation_eps_1.0_steps_100 - INFO - Batch:[3699] Adversarial images for this batch already exist
2026-02-09 02:56:18,805 - ADV_Generation_eps_1.0_steps_100 - INFO - Batch 3700/3783: Clean accuracy 0.7386 | Adv accuracy: 0.0000 
2026-02-09 02:56:18,806 - ADV_Generation_eps_1.0_steps_100 - INFO - Batch:[3700] Adversarial images for this batch already exist
2026-02-09 02:56:18,946 - ADV_Generation_eps_1.0_steps_100 - INFO - Batch 3701/3783: Clean accuracy 0.7387 | Adv accuracy: 0.0000 
2026-02-09 02:56:18,947 - ADV_Generation_eps_1.0_steps_100 - INFO - Batch:[3701] Adversarial images for this batch already exist
2026-02-09 02:56:19,092 - ADV_Generation_eps_1.0_steps_100 - INFO - Batch 3702/3783: Clean accuracy 0.7388 | Adv accuracy: 0.0000 
2026-02-09 02:56:19,093 - ADV_Generation_eps_1.0_steps_100 - INFO - Batch:[3702] Adversarial images for this batch already exist
2026-02-09 02:56:19,235 - ADV_Generation_eps_1.0_steps_100 - INFO - Batch 3703/3783: Clean accuracy 0.7389 | Adv accuracy: 0.0000 
2026-02-09 02:56:19,236 - ADV_Generation_eps_1.0_steps_100 - INFO - Batch:[3703] Adversarial images for this batch already exist
2026-02-09 02:56:19,392 - ADV_Generation_eps_1.0_steps_100 - INFO - Batch 3704/3783: Clean accuracy 0.7389 | Adv accuracy: 0.0000 
2026-02-09 02:56:19,393 - ADV_Generation_eps_1.0_steps_100 - INFO - Batch:[3704] Adversarial images for this batch already exist
2026-02-09 02:56:19,532 - ADV_Generation_eps_1.0_steps_100 - INFO - Batch 3705/3783: Clean accuracy 0.7390 | Adv accuracy: 0.0000 
2026-02-09 02:56:19,532 - ADV_Generation_eps_1.0_steps_100 - INFO - Batch:[3705] Adversarial images for this batch already exist
2026-02-09 02:56:19,670 - ADV_Generation_eps_1.0_steps_100 - INFO - Batch 3706/3783: Clean accuracy 0.7391 | Adv accuracy: 0.0000 
2026-02-09 02:56:19,670 - ADV_Generation_eps_1.0_steps_100 - INFO - Batch:[3706] Adversarial images for this batch already exist
2026-02-09 02:56:19,870 - ADV_Generation_eps_1.0_steps_100 - INFO - Batch 3707/3783: Clean accuracy 0.7391 | Adv accuracy: 0.0000 
2026-02-09 02:56:19,871 - ADV_Generation_eps_1.0_steps_100 - INFO - Batch:[3707] Adversarial images for this batch already exist
2026-02-09 02:56:20,014 - ADV_Generation_eps_1.0_steps_100 - INFO - Batch 3708/3783: Clean accuracy 0.7392 | Adv accuracy: 0.0000 
2026-02-09 02:56:20,015 - ADV_Generation_eps_1.0_steps_100 - INFO - Batch:[3708] Adversarial images for this batch already exist
2026-02-09 02:56:20,156 - ADV_Generation_eps_1.0_steps_100 - INFO - Batch 3709/3783: Clean accuracy 0.7393 | Adv accuracy: 0.0000 
2026-02-09 02:56:20,157 - ADV_Generation_eps_1.0_steps_100 - INFO - Batch:[3709] Adversarial images for this batch already exist
2026-02-09 02:56:20,304 - ADV_Generation_eps_1.0_steps_100 - INFO - Batch 3710/3783: Clean accuracy 0.7394 | Adv accuracy: 0.0000 
2026-02-09 02:56:20,305 - ADV_Generation_eps_1.0_steps_100 - INFO - Batch:[3710] Adversarial images for this batch already exist
2026-02-09 02:56:20,445 - ADV_Generation_eps_1.0_steps_100 - INFO - Batch 3711/3783: Clean accuracy 0.7394 | Adv accuracy: 0.0000 
2026-02-09 02:56:20,446 - ADV_Generation_eps_1.0_steps_100 - INFO - Batch:[3711] Adversarial images for this batch already exist
2026-02-09 02:56:20,589 - ADV_Generation_eps_1.0_steps_100 - INFO - Batch 3712/3783: Clean accuracy 0.7395 | Adv accuracy: 0.0000 
2026-02-09 02:56:20,590 - ADV_Generation_eps_1.0_steps_100 - INFO - Batch:[3712] Adversarial images for this batch already exist
2026-02-09 02:56:20,738 - ADV_Generation_eps_1.0_steps_100 - INFO - Batch 3713/3783: Clean accuracy 0.7396 | Adv accuracy: 0.0000 
2026-02-09 02:56:20,739 - ADV_Generation_eps_1.0_steps_100 - INFO - Batch:[3713] Adversarial images for this batch already exist
2026-02-09 02:56:20,874 - ADV_Generation_eps_1.0_steps_100 - INFO - Batch 3714/3783: Clean accuracy 0.7396 | Adv accuracy: 0.0000 
2026-02-09 02:56:20,874 - ADV_Generation_eps_1.0_steps_100 - INFO - Batch:[3714] Adversarial images for this batch already exist
2026-02-09 02:56:21,026 - ADV_Generation_eps_1.0_steps_100 - INFO - Batch 3715/3783: Clean accuracy 0.7397 | Adv accuracy: 0.0000 
2026-02-09 02:56:21,027 - ADV_Generation_eps_1.0_steps_100 - INFO - Batch:[3715] Adversarial images for this batch already exist
2026-02-09 02:56:21,171 - ADV_Generation_eps_1.0_steps_100 - INFO - Batch 3716/3783: Clean accuracy 0.7398 | Adv accuracy: 0.0000 
2026-02-09 02:56:21,172 - ADV_Generation_eps_1.0_steps_100 - INFO - Batch:[3716] Adversarial images for this batch already exist
2026-02-09 02:56:21,308 - ADV_Generation_eps_1.0_steps_100 - INFO - Batch 3717/3783: Clean accuracy 0.7398 | Adv accuracy: 0.0000 
2026-02-09 02:56:21,309 - ADV_Generation_eps_1.0_steps_100 - INFO - Batch:[3717] Adversarial images for this batch already exist
2026-02-09 02:56:21,446 - ADV_Generation_eps_1.0_steps_100 - INFO - Batch 3718/3783: Clean accuracy 0.7399 | Adv accuracy: 0.0000 
2026-02-09 02:56:21,447 - ADV_Generation_eps_1.0_steps_100 - INFO - Batch:[3718] Adversarial images for this batch already exist
2026-02-09 02:56:21,583 - ADV_Generation_eps_1.0_steps_100 - INFO - Batch 3719/3783: Clean accuracy 0.7400 | Adv accuracy: 0.0000 
2026-02-09 02:56:21,584 - ADV_Generation_eps_1.0_steps_100 - INFO - Batch:[3719] Adversarial images for this batch already exist
2026-02-09 02:56:21,724 - ADV_Generation_eps_1.0_steps_100 - INFO - Batch 3720/3783: Clean accuracy 0.7401 | Adv accuracy: 0.0000 
2026-02-09 02:56:21,725 - ADV_Generation_eps_1.0_steps_100 - INFO - Batch:[3720] Adversarial images for this batch already exist
2026-02-09 02:56:21,869 - ADV_Generation_eps_1.0_steps_100 - INFO - Batch 3721/3783: Clean accuracy 0.7401 | Adv accuracy: 0.0000 
2026-02-09 02:56:21,870 - ADV_Generation_eps_1.0_steps_100 - INFO - Batch:[3721] Adversarial images for this batch already exist
2026-02-09 02:56:22,020 - ADV_Generation_eps_1.0_steps_100 - INFO - Batch 3722/3783: Clean accuracy 0.7402 | Adv accuracy: 0.0000 
2026-02-09 02:56:22,021 - ADV_Generation_eps_1.0_steps_100 - INFO - Batch:[3722] Adversarial images for this batch already exist
2026-02-09 02:56:22,157 - ADV_Generation_eps_1.0_steps_100 - INFO - Batch 3723/3783: Clean accuracy 0.7403 | Adv accuracy: 0.0000 
2026-02-09 02:56:22,158 - ADV_Generation_eps_1.0_steps_100 - INFO - Batch:[3723] Adversarial images for this batch already exist
2026-02-09 02:56:22,293 - ADV_Generation_eps_1.0_steps_100 - INFO - Batch 3724/3783: Clean accuracy 0.7401 | Adv accuracy: 0.0000 
2026-02-09 02:56:22,294 - ADV_Generation_eps_1.0_steps_100 - INFO - Batch:[3724] Adversarial images for this batch already exist
2026-02-09 02:56:22,456 - ADV_Generation_eps_1.0_steps_100 - INFO - Batch 3725/3783: Clean accuracy 0.7399 | Adv accuracy: 0.0000 
2026-02-09 02:56:22,457 - ADV_Generation_eps_1.0_steps_100 - INFO - Batch:[3725] Adversarial images for this batch already exist
2026-02-09 02:56:22,599 - ADV_Generation_eps_1.0_steps_100 - INFO - Batch 3726/3783: Clean accuracy 0.7397 | Adv accuracy: 0.0000 
2026-02-09 02:56:22,599 - ADV_Generation_eps_1.0_steps_100 - INFO - Batch:[3726] Adversarial images for this batch already exist
2026-02-09 02:56:22,738 - ADV_Generation_eps_1.0_steps_100 - INFO - Batch 3727/3783: Clean accuracy 0.7395 | Adv accuracy: 0.0000 
2026-02-09 02:56:22,739 - ADV_Generation_eps_1.0_steps_100 - INFO - Batch:[3727] Adversarial images for this batch already exist
2026-02-09 02:56:22,882 - ADV_Generation_eps_1.0_steps_100 - INFO - Batch 3728/3783: Clean accuracy 0.7395 | Adv accuracy: 0.0000 
2026-02-09 02:56:22,883 - ADV_Generation_eps_1.0_steps_100 - INFO - Batch:[3728] Adversarial images for this batch already exist
2026-02-09 02:56:23,018 - ADV_Generation_eps_1.0_steps_100 - INFO - Batch 3729/3783: Clean accuracy 0.7393 | Adv accuracy: 0.0000 
2026-02-09 02:56:23,019 - ADV_Generation_eps_1.0_steps_100 - INFO - Batch:[3729] Adversarial images for this batch already exist
2026-02-09 02:56:23,161 - ADV_Generation_eps_1.0_steps_100 - INFO - Batch 3730/3783: Clean accuracy 0.7391 | Adv accuracy: 0.0000 
2026-02-09 02:56:23,162 - ADV_Generation_eps_1.0_steps_100 - INFO - Batch:[3730] Adversarial images for this batch already exist
2026-02-09 02:56:23,300 - ADV_Generation_eps_1.0_steps_100 - INFO - Batch 3731/3783: Clean accuracy 0.7392 | Adv accuracy: 0.0000 
2026-02-09 02:56:23,301 - ADV_Generation_eps_1.0_steps_100 - INFO - Batch:[3731] Adversarial images for this batch already exist
2026-02-09 02:56:23,440 - ADV_Generation_eps_1.0_steps_100 - INFO - Batch 3732/3783: Clean accuracy 0.7390 | Adv accuracy: 0.0000 
2026-02-09 02:56:23,440 - ADV_Generation_eps_1.0_steps_100 - INFO - Batch:[3732] Adversarial images for this batch already exist
2026-02-09 02:56:23,575 - ADV_Generation_eps_1.0_steps_100 - INFO - Batch 3733/3783: Clean accuracy 0.7388 | Adv accuracy: 0.0000 
2026-02-09 02:56:23,576 - ADV_Generation_eps_1.0_steps_100 - INFO - Batch:[3733] Adversarial images for this batch already exist
2026-02-09 02:56:23,711 - ADV_Generation_eps_1.0_steps_100 - INFO - Batch 3734/3783: Clean accuracy 0.7389 | Adv accuracy: 0.0000 
2026-02-09 02:56:23,712 - ADV_Generation_eps_1.0_steps_100 - INFO - Batch:[3734] Adversarial images for this batch already exist
2026-02-09 02:56:23,853 - ADV_Generation_eps_1.0_steps_100 - INFO - Batch 3735/3783: Clean accuracy 0.7387 | Adv accuracy: 0.0000 
2026-02-09 02:56:23,854 - ADV_Generation_eps_1.0_steps_100 - INFO - Batch:[3735] Adversarial images for this batch already exist
2026-02-09 02:56:23,996 - ADV_Generation_eps_1.0_steps_100 - INFO - Batch 3736/3783: Clean accuracy 0.7388 | Adv accuracy: 0.0000 
2026-02-09 02:56:23,998 - ADV_Generation_eps_1.0_steps_100 - INFO - Batch:[3736] Adversarial images for this batch already exist
2026-02-09 02:56:24,140 - ADV_Generation_eps_1.0_steps_100 - INFO - Batch 3737/3783: Clean accuracy 0.7388 | Adv accuracy: 0.0000 
2026-02-09 02:56:24,141 - ADV_Generation_eps_1.0_steps_100 - INFO - Batch:[3737] Adversarial images for this batch already exist
2026-02-09 02:56:24,279 - ADV_Generation_eps_1.0_steps_100 - INFO - Batch 3738/3783: Clean accuracy 0.7389 | Adv accuracy: 0.0000 
2026-02-09 02:56:24,280 - ADV_Generation_eps_1.0_steps_100 - INFO - Batch:[3738] Adversarial images for this batch already exist
2026-02-09 02:56:24,418 - ADV_Generation_eps_1.0_steps_100 - INFO - Batch 3739/3783: Clean accuracy 0.7390 | Adv accuracy: 0.0000 
2026-02-09 02:56:24,419 - ADV_Generation_eps_1.0_steps_100 - INFO - Batch:[3739] Adversarial images for this batch already exist
2026-02-09 02:56:24,554 - ADV_Generation_eps_1.0_steps_100 - INFO - Batch 3740/3783: Clean accuracy 0.7390 | Adv accuracy: 0.0000 
2026-02-09 02:56:24,555 - ADV_Generation_eps_1.0_steps_100 - INFO - Batch:[3740] Adversarial images for this batch already exist
2026-02-09 02:56:24,696 - ADV_Generation_eps_1.0_steps_100 - INFO - Batch 3741/3783: Clean accuracy 0.7391 | Adv accuracy: 0.0000 
2026-02-09 02:56:24,697 - ADV_Generation_eps_1.0_steps_100 - INFO - Batch:[3741] Adversarial images for this batch already exist
2026-02-09 02:56:24,843 - ADV_Generation_eps_1.0_steps_100 - INFO - Batch 3742/3783: Clean accuracy 0.7392 | Adv accuracy: 0.0000 
2026-02-09 02:56:24,844 - ADV_Generation_eps_1.0_steps_100 - INFO - Batch:[3742] Adversarial images for this batch already exist
2026-02-09 02:56:24,981 - ADV_Generation_eps_1.0_steps_100 - INFO - Batch 3743/3783: Clean accuracy 0.7392 | Adv accuracy: 0.0000 
2026-02-09 02:56:24,982 - ADV_Generation_eps_1.0_steps_100 - INFO - Batch:[3743] Adversarial images for this batch already exist
2026-02-09 02:56:25,146 - ADV_Generation_eps_1.0_steps_100 - INFO - Batch 3744/3783: Clean accuracy 0.7393 | Adv accuracy: 0.0000 
2026-02-09 02:56:25,147 - ADV_Generation_eps_1.0_steps_100 - INFO - Batch:[3744] Adversarial images for this batch already exist
2026-02-09 02:56:25,286 - ADV_Generation_eps_1.0_steps_100 - INFO - Batch 3745/3783: Clean accuracy 0.7394 | Adv accuracy: 0.0000 
2026-02-09 02:56:25,287 - ADV_Generation_eps_1.0_steps_100 - INFO - Batch:[3745] Adversarial images for this batch already exist
2026-02-09 02:56:25,424 - ADV_Generation_eps_1.0_steps_100 - INFO - Batch 3746/3783: Clean accuracy 0.7395 | Adv accuracy: 0.0000 
2026-02-09 02:56:25,425 - ADV_Generation_eps_1.0_steps_100 - INFO - Batch:[3746] Adversarial images for this batch already exist
2026-02-09 02:56:25,565 - ADV_Generation_eps_1.0_steps_100 - INFO - Batch 3747/3783: Clean accuracy 0.7395 | Adv accuracy: 0.0000 
2026-02-09 02:56:25,566 - ADV_Generation_eps_1.0_steps_100 - INFO - Batch:[3747] Adversarial images for this batch already exist
2026-02-09 02:56:25,704 - ADV_Generation_eps_1.0_steps_100 - INFO - Batch 3748/3783: Clean accuracy 0.7396 | Adv accuracy: 0.0000 
2026-02-09 02:56:25,705 - ADV_Generation_eps_1.0_steps_100 - INFO - Batch:[3748] Adversarial images for this batch already exist
2026-02-09 02:56:25,839 - ADV_Generation_eps_1.0_steps_100 - INFO - Batch 3749/3783: Clean accuracy 0.7394 | Adv accuracy: 0.0000 
2026-02-09 02:56:25,839 - ADV_Generation_eps_1.0_steps_100 - INFO - Batch:[3749] Adversarial images for this batch already exist
2026-02-09 02:56:25,985 - ADV_Generation_eps_1.0_steps_100 - INFO - Batch 3750/3783: Clean accuracy 0.7395 | Adv accuracy: 0.0000 
2026-02-09 02:56:25,986 - ADV_Generation_eps_1.0_steps_100 - INFO - Batch:[3750] Adversarial images for this batch already exist
2026-02-09 02:56:26,122 - ADV_Generation_eps_1.0_steps_100 - INFO - Batch 3751/3783: Clean accuracy 0.7395 | Adv accuracy: 0.0000 
2026-02-09 02:56:26,123 - ADV_Generation_eps_1.0_steps_100 - INFO - Batch:[3751] Adversarial images for this batch already exist
2026-02-09 02:56:26,266 - ADV_Generation_eps_1.0_steps_100 - INFO - Batch 3752/3783: Clean accuracy 0.7396 | Adv accuracy: 0.0000 
2026-02-09 02:56:26,267 - ADV_Generation_eps_1.0_steps_100 - INFO - Batch:[3752] Adversarial images for this batch already exist
2026-02-09 02:56:26,408 - ADV_Generation_eps_1.0_steps_100 - INFO - Batch 3753/3783: Clean accuracy 0.7397 | Adv accuracy: 0.0000 
2026-02-09 02:56:26,410 - ADV_Generation_eps_1.0_steps_100 - INFO - Batch:[3753] Adversarial images for this batch already exist
2026-02-09 02:56:26,550 - ADV_Generation_eps_1.0_steps_100 - INFO - Batch 3754/3783: Clean accuracy 0.7397 | Adv accuracy: 0.0000 
2026-02-09 02:56:26,551 - ADV_Generation_eps_1.0_steps_100 - INFO - Batch:[3754] Adversarial images for this batch already exist
2026-02-09 02:56:26,697 - ADV_Generation_eps_1.0_steps_100 - INFO - Batch 3755/3783: Clean accuracy 0.7398 | Adv accuracy: 0.0000 
2026-02-09 02:56:26,698 - ADV_Generation_eps_1.0_steps_100 - INFO - Batch:[3755] Adversarial images for this batch already exist
2026-02-09 02:56:26,838 - ADV_Generation_eps_1.0_steps_100 - INFO - Batch 3756/3783: Clean accuracy 0.7399 | Adv accuracy: 0.0000 
2026-02-09 02:56:26,839 - ADV_Generation_eps_1.0_steps_100 - INFO - Batch:[3756] Adversarial images for this batch already exist
2026-02-09 02:56:26,979 - ADV_Generation_eps_1.0_steps_100 - INFO - Batch 3757/3783: Clean accuracy 0.7400 | Adv accuracy: 0.0000 
2026-02-09 02:56:26,980 - ADV_Generation_eps_1.0_steps_100 - INFO - Batch:[3757] Adversarial images for this batch already exist
2026-02-09 02:56:27,119 - ADV_Generation_eps_1.0_steps_100 - INFO - Batch 3758/3783: Clean accuracy 0.7398 | Adv accuracy: 0.0000 
2026-02-09 02:56:27,120 - ADV_Generation_eps_1.0_steps_100 - INFO - Batch:[3758] Adversarial images for this batch already exist
2026-02-09 02:56:27,259 - ADV_Generation_eps_1.0_steps_100 - INFO - Batch 3759/3783: Clean accuracy 0.7396 | Adv accuracy: 0.0000 
2026-02-09 02:56:27,260 - ADV_Generation_eps_1.0_steps_100 - INFO - Batch:[3759] Adversarial images for this batch already exist
2026-02-09 02:56:27,398 - ADV_Generation_eps_1.0_steps_100 - INFO - Batch 3760/3783: Clean accuracy 0.7394 | Adv accuracy: 0.0000 
2026-02-09 02:56:27,399 - ADV_Generation_eps_1.0_steps_100 - INFO - Batch:[3760] Adversarial images for this batch already exist
2026-02-09 02:56:27,534 - ADV_Generation_eps_1.0_steps_100 - INFO - Batch 3761/3783: Clean accuracy 0.7394 | Adv accuracy: 0.0000 
2026-02-09 02:56:27,536 - ADV_Generation_eps_1.0_steps_100 - INFO - Batch:[3761] Adversarial images for this batch already exist
2026-02-09 02:56:27,678 - ADV_Generation_eps_1.0_steps_100 - INFO - Batch 3762/3783: Clean accuracy 0.7395 | Adv accuracy: 0.0000 
2026-02-09 02:56:27,679 - ADV_Generation_eps_1.0_steps_100 - INFO - Batch:[3762] Adversarial images for this batch already exist
2026-02-09 02:56:27,828 - ADV_Generation_eps_1.0_steps_100 - INFO - Batch 3763/3783: Clean accuracy 0.7393 | Adv accuracy: 0.0000 
2026-02-09 02:56:27,829 - ADV_Generation_eps_1.0_steps_100 - INFO - Batch:[3763] Adversarial images for this batch already exist
2026-02-09 02:56:27,967 - ADV_Generation_eps_1.0_steps_100 - INFO - Batch 3764/3783: Clean accuracy 0.7394 | Adv accuracy: 0.0000 
2026-02-09 02:56:27,968 - ADV_Generation_eps_1.0_steps_100 - INFO - Batch:[3764] Adversarial images for this batch already exist
2026-02-09 02:56:28,129 - ADV_Generation_eps_1.0_steps_100 - INFO - Batch 3765/3783: Clean accuracy 0.7394 | Adv accuracy: 0.0000 
2026-02-09 02:56:28,130 - ADV_Generation_eps_1.0_steps_100 - INFO - Batch:[3765] Adversarial images for this batch already exist
2026-02-09 02:56:28,302 - ADV_Generation_eps_1.0_steps_100 - INFO - Batch 3766/3783: Clean accuracy 0.7392 | Adv accuracy: 0.0000 
2026-02-09 02:56:28,303 - ADV_Generation_eps_1.0_steps_100 - INFO - Batch:[3766] Adversarial images for this batch already exist
2026-02-09 02:56:28,436 - ADV_Generation_eps_1.0_steps_100 - INFO - Batch 3767/3783: Clean accuracy 0.7390 | Adv accuracy: 0.0000 
2026-02-09 02:56:28,437 - ADV_Generation_eps_1.0_steps_100 - INFO - Batch:[3767] Adversarial images for this batch already exist
2026-02-09 02:56:28,576 - ADV_Generation_eps_1.0_steps_100 - INFO - Batch 3768/3783: Clean accuracy 0.7391 | Adv accuracy: 0.0000 
2026-02-09 02:56:28,577 - ADV_Generation_eps_1.0_steps_100 - INFO - Batch:[3768] Adversarial images for this batch already exist
2026-02-09 02:56:28,714 - ADV_Generation_eps_1.0_steps_100 - INFO - Batch 3769/3783: Clean accuracy 0.7392 | Adv accuracy: 0.0000 
2026-02-09 02:56:28,715 - ADV_Generation_eps_1.0_steps_100 - INFO - Batch:[3769] Adversarial images for this batch already exist
2026-02-09 02:56:28,866 - ADV_Generation_eps_1.0_steps_100 - INFO - Batch 3770/3783: Clean accuracy 0.7390 | Adv accuracy: 0.0000 
2026-02-09 02:56:28,867 - ADV_Generation_eps_1.0_steps_100 - INFO - Batch:[3770] Adversarial images for this batch already exist
2026-02-09 02:56:29,012 - ADV_Generation_eps_1.0_steps_100 - INFO - Batch 3771/3783: Clean accuracy 0.7391 | Adv accuracy: 0.0000 
2026-02-09 02:56:29,013 - ADV_Generation_eps_1.0_steps_100 - INFO - Batch:[3771] Adversarial images for this batch already exist
2026-02-09 02:56:29,257 - ADV_Generation_eps_1.0_steps_100 - INFO - Batch 3772/3783: Clean accuracy 0.7389 | Adv accuracy: 0.0000 
2026-02-09 02:56:29,258 - ADV_Generation_eps_1.0_steps_100 - INFO - Batch:[3772] Adversarial images for this batch already exist
2026-02-09 02:56:29,397 - ADV_Generation_eps_1.0_steps_100 - INFO - Batch 3773/3783: Clean accuracy 0.7387 | Adv accuracy: 0.0000 
2026-02-09 02:56:29,398 - ADV_Generation_eps_1.0_steps_100 - INFO - Batch:[3773] Adversarial images for this batch already exist
2026-02-09 02:56:29,538 - ADV_Generation_eps_1.0_steps_100 - INFO - Batch 3774/3783: Clean accuracy 0.7385 | Adv accuracy: 0.0000 
2026-02-09 02:56:29,539 - ADV_Generation_eps_1.0_steps_100 - INFO - Batch:[3774] Adversarial images for this batch already exist
2026-02-09 02:56:29,679 - ADV_Generation_eps_1.0_steps_100 - INFO - Batch 3775/3783: Clean accuracy 0.7383 | Adv accuracy: 0.0000 
2026-02-09 02:56:29,681 - ADV_Generation_eps_1.0_steps_100 - INFO - Batch:[3775] Adversarial images for this batch already exist
2026-02-09 02:56:29,822 - ADV_Generation_eps_1.0_steps_100 - INFO - Batch 3776/3783: Clean accuracy 0.7381 | Adv accuracy: 0.0000 
2026-02-09 02:56:29,823 - ADV_Generation_eps_1.0_steps_100 - INFO - Batch:[3776] Adversarial images for this batch already exist
2026-02-09 02:56:29,962 - ADV_Generation_eps_1.0_steps_100 - INFO - Batch 3777/3783: Clean accuracy 0.7379 | Adv accuracy: 0.0000 
2026-02-09 02:56:29,963 - ADV_Generation_eps_1.0_steps_100 - INFO - Batch:[3777] Adversarial images for this batch already exist
2026-02-09 02:56:30,102 - ADV_Generation_eps_1.0_steps_100 - INFO - Batch 3778/3783: Clean accuracy 0.7377 | Adv accuracy: 0.0000 
2026-02-09 02:56:30,103 - ADV_Generation_eps_1.0_steps_100 - INFO - Batch:[3778] Adversarial images for this batch already exist
2026-02-09 02:56:30,237 - ADV_Generation_eps_1.0_steps_100 - INFO - Batch 3779/3783: Clean accuracy 0.7375 | Adv accuracy: 0.0000 
2026-02-09 02:56:30,238 - ADV_Generation_eps_1.0_steps_100 - INFO - Batch:[3779] Adversarial images for this batch already exist
2026-02-09 02:56:30,405 - ADV_Generation_eps_1.0_steps_100 - INFO - Batch 3780/3783: Clean accuracy 0.7373 | Adv accuracy: 0.0000 
2026-02-09 02:56:30,406 - ADV_Generation_eps_1.0_steps_100 - INFO - Batch:[3780] Adversarial images for this batch already exist
2026-02-09 02:56:30,540 - ADV_Generation_eps_1.0_steps_100 - INFO - Batch 3781/3783: Clean accuracy 0.7371 | Adv accuracy: 0.0000 
2026-02-09 02:56:30,541 - ADV_Generation_eps_1.0_steps_100 - INFO - Batch:[3781] Adversarial images for this batch already exist
2026-02-09 02:56:30,686 - ADV_Generation_eps_1.0_steps_100 - INFO - Batch 3782/3783: Clean accuracy 0.7369 | Adv accuracy: 0.0000 
2026-02-09 02:56:30,687 - ADV_Generation_eps_1.0_steps_100 - INFO - Batch:[3782] Adversarial images for this batch already exist
2026-02-09 02:56:30,823 - ADV_Generation_eps_1.0_steps_100 - INFO - Batch 3783/3783: Clean accuracy 0.7370 | Adv accuracy: 0.0000 
2026-02-09 02:56:30,889 - ADV_Generation_eps_1.0_steps_100 - INFO - Verification - Clean Accuracy: 0.7370 vs 0.7370
2026-02-09 02:56:30,890 - ADV_Generation_eps_1.0_steps_100 - INFO - Verification - Adversarial Accuracy: 0.0000 vs 0.0000
2026-02-09 02:56:30,890 - ADV_Generation_eps_1.0_steps_100 - INFO - Original accuracy: 0.7370
2026-02-09 02:56:30,890 - ADV_Generation_eps_1.0_steps_100 - INFO - Adversarial accuracy: 0.0000
2026-02-09 02:56:30,896 - ADV_Generation_eps_1.0_steps_100 - INFO - Adversarial image generation completed. Results
