2025-08-22 15:18:36,147 - ADV_Generation_eps_4.0_steps_100_image_only_attack_prm_Purification_type_noisy_anchor_anchors_10_alpha_1.2_sigma_0.18_threshold_0.0 - INFO - ==========================================
data:/leonardo_work/EUHPC_R04_192/fmohamma/Adversarial_Robust_Clip/atpt_data/downstream_datasets
test_sets:A
dataset_mode:test
arch:delta_clip_l14_224
resolution:224
transferability:False
source_model:fare4
workers:4
no_pin_memory:False
batch_size:64
adv_bs:16
print_freq:20
gpu:0
no_cudnn_benchmark:False
n_ctx:4
ctx_init:a_photo_of_a
seed:0
output_dir:/leonardo_work/EUHPC_R04_192/fmohamma/Adversarial_Robust_Clip/atpt_data/delta_clip_l14_224/A
log_output_dir:/leonardo_work/EUHPC_R04_192/fmohamma/Adversarial_Robust_Clip/ATPT/Final_Results_anchor/delta_clip_l14_224/A
image_only_attack:True
image_only_attack_type:prm
image_predicted_label_attack:False
eps:4.0
alpha:1.0
alpha_eps_ratio:4.0
steps:100
counter_attack:False
counter_attack_type:pgd
counter_attack_steps:2
counter_attack_eps:4.0
counter_attack_alpha:1.0
counter_attack_tau_thres:0.2
counter_attack_beta:2.0
counter_attack_weighted_perturbations:True
pgd_clip_pure_i_text_embeddings:null
pgd_counter_and_clipure_i_lamda:1.0
image_feature_purify:True
image_feature_purify_type:noisy_anchor
image_feature_purify_noisy_anchors:10
image_feature_purify_anchors_alpha:1.2
image_feature_purify_noisy_sigma:0.18
image_feature_purify_diff_threshold:0.0
image_feature_clipure_steps:10
image_feature_clipure_step_size:10.0
save_plots:False
lr:0.005
selection_p:0.1
tta_steps:1
top_k:20
softmax_temp:0.01
load_tecoa:

2025-08-22 15:18:36,148 - ADV_Generation_eps_4.0_steps_100_image_only_attack_prm_Purification_type_noisy_anchor_anchors_10_alpha_1.2_sigma_0.18_threshold_0.0 - INFO - Use GPU: 0 for training
2025-08-22 15:19:37,391 - ADV_Generation_eps_4.0_steps_100_image_only_attack_prm_Purification_type_noisy_anchor_anchors_10_alpha_1.2_sigma_0.18_threshold_0.0 - INFO - => Model created: visual backbone delta_clip_l14_224
2025-08-22 15:19:37,555 - ADV_Generation_eps_4.0_steps_100_image_only_attack_prm_Purification_type_noisy_anchor_anchors_10_alpha_1.2_sigma_0.18_threshold_0.0 - INFO - Number of test samples: 995
2025-08-22 15:19:37,556 - ADV_Generation_eps_4.0_steps_100_image_only_attack_prm_Purification_type_noisy_anchor_anchors_10_alpha_1.2_sigma_0.18_threshold_0.0 - INFO - Evaluating dataset: A
2025-08-22 15:19:37,557 - ADV_Generation_eps_4.0_steps_100_image_only_attack_prm_Purification_type_noisy_anchor_anchors_10_alpha_1.2_sigma_0.18_threshold_0.0 - INFO - Starting evaluation with batch size: 64, selection percentage: 0.1
2025-08-22 15:19:37,557 - ADV_Generation_eps_4.0_steps_100_image_only_attack_prm_Purification_type_noisy_anchor_anchors_10_alpha_1.2_sigma_0.18_threshold_0.0 - INFO - Using PGD attack with epsilon: 0.015686, alpha: 0.003922, steps: 100 image only attack True image only attack type  prm image predicted label attack False
2025-08-22 15:19:37,557 - ADV_Generation_eps_4.0_steps_100_image_only_attack_prm_Purification_type_noisy_anchor_anchors_10_alpha_1.2_sigma_0.18_threshold_0.0 - INFO - Adversarial examples will be loaded from /leonardo_work/EUHPC_R04_192/fmohamma/Adversarial_Robust_Clip/atpt_data/delta_clip_l14_224/A/adv_images_eps_4.0_alpha_1.0_steps_100_image_only_attack_prm and evaluated on delta_clip_l14_224
2025-08-22 15:19:37,560 - ADV_Generation_eps_4.0_steps_100_image_only_attack_prm_Purification_type_noisy_anchor_anchors_10_alpha_1.2_sigma_0.18_threshold_0.0 - INFO - Using directory for adversarial images: /leonardo_work/EUHPC_R04_192/fmohamma/Adversarial_Robust_Clip/atpt_data/delta_clip_l14_224/A/adv_images_eps_4.0_alpha_1.0_steps_100_image_only_attack_prm
2025-08-22 15:20:28,032 - ADV_Generation_eps_4.0_steps_100_image_only_attack_prm_Purification_type_noisy_anchor_anchors_10_alpha_1.2_sigma_0.18_threshold_0.0 - INFO - Generated adversarial images for the entire batch.
2025-08-22 15:20:28,037 - ADV_Generation_eps_4.0_steps_100_image_only_attack_prm_Purification_type_noisy_anchor_anchors_10_alpha_1.2_sigma_0.18_threshold_0.0 - INFO - Batch:[0] Image: [0] Saved adversarial tensor to /leonardo_work/EUHPC_R04_192/fmohamma/Adversarial_Robust_Clip/atpt_data/delta_clip_l14_224/A/adv_images_eps_4.0_alpha_1.0_steps_100_image_only_attack_prm/n01498041_0.000116_digital clock _ digital clock_0.865662.pt
2025-08-22 15:20:28,040 - ADV_Generation_eps_4.0_steps_100_image_only_attack_prm_Purification_type_noisy_anchor_anchors_10_alpha_1.2_sigma_0.18_threshold_0.0 - INFO - Batch:[0] Image: [1] Saved adversarial tensor to /leonardo_work/EUHPC_R04_192/fmohamma/Adversarial_Robust_Clip/atpt_data/delta_clip_l14_224/A/adv_images_eps_4.0_alpha_1.0_steps_100_image_only_attack_prm/n01498041_0.000348_chameleon _ box turtle_0.55540705.pt
2025-08-22 15:20:28,046 - ADV_Generation_eps_4.0_steps_100_image_only_attack_prm_Purification_type_noisy_anchor_anchors_10_alpha_1.2_sigma_0.18_threshold_0.0 - INFO - Batch:[0] Image: [2] Saved adversarial tensor to /leonardo_work/EUHPC_R04_192/fmohamma/Adversarial_Robust_Clip/atpt_data/delta_clip_l14_224/A/adv_images_eps_4.0_alpha_1.0_steps_100_image_only_attack_prm/n01498041_0.000376_oystercatcher _ oystercatcher_0.7287027.pt
2025-08-22 15:20:28,049 - ADV_Generation_eps_4.0_steps_100_image_only_attack_prm_Purification_type_noisy_anchor_anchors_10_alpha_1.2_sigma_0.18_threshold_0.0 - INFO - Batch:[0] Image: [3] Saved adversarial tensor to /leonardo_work/EUHPC_R04_192/fmohamma/Adversarial_Robust_Clip/atpt_data/delta_clip_l14_224/A/adv_images_eps_4.0_alpha_1.0_steps_100_image_only_attack_prm/n01498041_0.000539_American alligator _ American alligator_0.85773236.pt
2025-08-22 15:20:28,053 - ADV_Generation_eps_4.0_steps_100_image_only_attack_prm_Purification_type_noisy_anchor_anchors_10_alpha_1.2_sigma_0.18_threshold_0.0 - INFO - Batch:[0] Image: [4] Saved adversarial tensor to /leonardo_work/EUHPC_R04_192/fmohamma/Adversarial_Robust_Clip/atpt_data/delta_clip_l14_224/A/adv_images_eps_4.0_alpha_1.0_steps_100_image_only_attack_prm/n01498041_0.000682_jellyfish _ jellyfish_0.99729806.pt
2025-08-22 15:20:28,067 - ADV_Generation_eps_4.0_steps_100_image_only_attack_prm_Purification_type_noisy_anchor_anchors_10_alpha_1.2_sigma_0.18_threshold_0.0 - INFO - Batch:[0] Image: [5] Saved adversarial tensor to /leonardo_work/EUHPC_R04_192/fmohamma/Adversarial_Robust_Clip/atpt_data/delta_clip_l14_224/A/adv_images_eps_4.0_alpha_1.0_steps_100_image_only_attack_prm/n01531178_0.000013_wheelbarrow _ wheelbarrow_0.95062554.pt
2025-08-22 15:20:28,072 - ADV_Generation_eps_4.0_steps_100_image_only_attack_prm_Purification_type_noisy_anchor_anchors_10_alpha_1.2_sigma_0.18_threshold_0.0 - INFO - Batch:[0] Image: [6] Saved adversarial tensor to /leonardo_work/EUHPC_R04_192/fmohamma/Adversarial_Robust_Clip/atpt_data/delta_clip_l14_224/A/adv_images_eps_4.0_alpha_1.0_steps_100_image_only_attack_prm/n01531178_0.000016_garbage truck _ doormat_0.8061608.pt
2025-08-22 15:20:28,076 - ADV_Generation_eps_4.0_steps_100_image_only_attack_prm_Purification_type_noisy_anchor_anchors_10_alpha_1.2_sigma_0.18_threshold_0.0 - INFO - Batch:[0] Image: [7] Saved adversarial tensor to /leonardo_work/EUHPC_R04_192/fmohamma/Adversarial_Robust_Clip/atpt_data/delta_clip_l14_224/A/adv_images_eps_4.0_alpha_1.0_steps_100_image_only_attack_prm/n01531178_0.000019_fountain _ fountain_0.75396997.pt
2025-08-22 15:20:28,081 - ADV_Generation_eps_4.0_steps_100_image_only_attack_prm_Purification_type_noisy_anchor_anchors_10_alpha_1.2_sigma_0.18_threshold_0.0 - INFO - Batch:[0] Image: [8] Saved adversarial tensor to /leonardo_work/EUHPC_R04_192/fmohamma/Adversarial_Robust_Clip/atpt_data/delta_clip_l14_224/A/adv_images_eps_4.0_alpha_1.0_steps_100_image_only_attack_prm/n01531178_0.000033_sundial _ sundial_0.99005336.pt
2025-08-22 15:20:28,083 - ADV_Generation_eps_4.0_steps_100_image_only_attack_prm_Purification_type_noisy_anchor_anchors_10_alpha_1.2_sigma_0.18_threshold_0.0 - INFO - Batch:[0] Image: [9] Saved adversarial tensor to /leonardo_work/EUHPC_R04_192/fmohamma/Adversarial_Robust_Clip/atpt_data/delta_clip_l14_224/A/adv_images_eps_4.0_alpha_1.0_steps_100_image_only_attack_prm/n01531178_0.000036_lighthouse _ lighthouse_0.9377955.pt
2025-08-22 15:20:28,086 - ADV_Generation_eps_4.0_steps_100_image_only_attack_prm_Purification_type_noisy_anchor_anchors_10_alpha_1.2_sigma_0.18_threshold_0.0 - INFO - Batch:[0] Image: [10] Saved adversarial tensor to /leonardo_work/EUHPC_R04_192/fmohamma/Adversarial_Robust_Clip/atpt_data/delta_clip_l14_224/A/adv_images_eps_4.0_alpha_1.0_steps_100_image_only_attack_prm/n01534433_0.000026_golf cart _ golf cart_0.8319353.pt
2025-08-22 15:20:28,091 - ADV_Generation_eps_4.0_steps_100_image_only_attack_prm_Purification_type_noisy_anchor_anchors_10_alpha_1.2_sigma_0.18_threshold_0.0 - INFO - Batch:[0] Image: [11] Saved adversarial tensor to /leonardo_work/EUHPC_R04_192/fmohamma/Adversarial_Robust_Clip/atpt_data/delta_clip_l14_224/A/adv_images_eps_4.0_alpha_1.0_steps_100_image_only_attack_prm/n01534433_0.000030_doormat _ doormat_0.8502354.pt
2025-08-22 15:20:28,095 - ADV_Generation_eps_4.0_steps_100_image_only_attack_prm_Purification_type_noisy_anchor_anchors_10_alpha_1.2_sigma_0.18_threshold_0.0 - INFO - Batch:[0] Image: [12] Saved adversarial tensor to /leonardo_work/EUHPC_R04_192/fmohamma/Adversarial_Robust_Clip/atpt_data/delta_clip_l14_224/A/adv_images_eps_4.0_alpha_1.0_steps_100_image_only_attack_prm/n01534433_0.000034_toaster _ toaster_0.9964882.pt
2025-08-22 15:20:28,101 - ADV_Generation_eps_4.0_steps_100_image_only_attack_prm_Purification_type_noisy_anchor_anchors_10_alpha_1.2_sigma_0.18_threshold_0.0 - INFO - Batch:[0] Image: [13] Saved adversarial tensor to /leonardo_work/EUHPC_R04_192/fmohamma/Adversarial_Robust_Clip/atpt_data/delta_clip_l14_224/A/adv_images_eps_4.0_alpha_1.0_steps_100_image_only_attack_prm/n01534433_0.000039_basketball _ flagpole_0.5105829.pt
2025-08-22 15:20:28,105 - ADV_Generation_eps_4.0_steps_100_image_only_attack_prm_Purification_type_noisy_anchor_anchors_10_alpha_1.2_sigma_0.18_threshold_0.0 - INFO - Batch:[0] Image: [14] Saved adversarial tensor to /leonardo_work/EUHPC_R04_192/fmohamma/Adversarial_Robust_Clip/atpt_data/delta_clip_l14_224/A/adv_images_eps_4.0_alpha_1.0_steps_100_image_only_attack_prm/n01534433_0.000049_suspension bridge _ suspension bridge_0.9602953.pt
2025-08-22 15:20:28,108 - ADV_Generation_eps_4.0_steps_100_image_only_attack_prm_Purification_type_noisy_anchor_anchors_10_alpha_1.2_sigma_0.18_threshold_0.0 - INFO - Batch:[0] Image: [15] Saved adversarial tensor to /leonardo_work/EUHPC_R04_192/fmohamma/Adversarial_Robust_Clip/atpt_data/delta_clip_l14_224/A/adv_images_eps_4.0_alpha_1.0_steps_100_image_only_attack_prm/n01558993_0.000007_manhole cover _ manhole cover_0.9101931.pt
2025-08-22 15:20:29,957 - ADV_Generation_eps_4.0_steps_100_image_only_attack_prm_Purification_type_noisy_anchor_anchors_10_alpha_1.2_sigma_0.18_threshold_0.0 - INFO - ======================== Adversarial Image Evaluation ==========================
2025-08-22 15:20:29,957 - ADV_Generation_eps_4.0_steps_100_image_only_attack_prm_Purification_type_noisy_anchor_anchors_10_alpha_1.2_sigma_0.18_threshold_0.0 - INFO - target: tensor([0, 0, 0, 0, 0, 1, 1, 1, 1, 1, 2, 2, 2, 2, 2, 3], device='cuda:0')
2025-08-22 15:20:29,958 - ADV_Generation_eps_4.0_steps_100_image_only_attack_prm_Purification_type_noisy_anchor_anchors_10_alpha_1.2_sigma_0.18_threshold_0.0 - INFO - adv_pred: tensor([ 23, 158, 193,  13,   7, 152, 105,  85, 163, 176, 121, 144,   3, 110,
        164, 125], device='cuda:0')
2025-08-22 15:20:29,958 - ADV_Generation_eps_4.0_steps_100_image_only_attack_prm_Purification_type_noisy_anchor_anchors_10_alpha_1.2_sigma_0.18_threshold_0.0 - INFO - adv_correct_orig: 0 = 0 + 0
2025-08-22 15:20:29,958 - ADV_Generation_eps_4.0_steps_100_image_only_attack_prm_Purification_type_noisy_anchor_anchors_10_alpha_1.2_sigma_0.18_threshold_0.0 - INFO - adv_pred_purify: tensor([104,  64,  14,  14, 196, 110, 198, 113, 112,  87, 136, 144, 161, 110,
        164, 105], device='cuda:0')
2025-08-22 15:20:29,958 - ADV_Generation_eps_4.0_steps_100_image_only_attack_prm_Purification_type_noisy_anchor_anchors_10_alpha_1.2_sigma_0.18_threshold_0.0 - INFO - adv_correct_purify: 0 = 0 + 0
2025-08-22 15:20:31,715 - ADV_Generation_eps_4.0_steps_100_image_only_attack_prm_Purification_type_noisy_anchor_anchors_10_alpha_1.2_sigma_0.18_threshold_0.0 - INFO - ======================== Clean Image Evaluation ==========================
2025-08-22 15:20:31,716 - ADV_Generation_eps_4.0_steps_100_image_only_attack_prm_Purification_type_noisy_anchor_anchors_10_alpha_1.2_sigma_0.18_threshold_0.0 - INFO - target: tensor([0, 0, 0, 0, 0, 1, 1, 1, 1, 1, 2, 2, 2, 2, 2, 3], device='cuda:0')
2025-08-22 15:20:31,716 - ADV_Generation_eps_4.0_steps_100_image_only_attack_prm_Purification_type_noisy_anchor_anchors_10_alpha_1.2_sigma_0.18_threshold_0.0 - INFO - clean_pred: tensor([ 23,  15,  34,  13,   7,  93, 171,   2, 163,  87, 121, 144, 168, 110,
        164, 125], device='cuda:0')
2025-08-22 15:20:31,716 - ADV_Generation_eps_4.0_steps_100_image_only_attack_prm_Purification_type_noisy_anchor_anchors_10_alpha_1.2_sigma_0.18_threshold_0.0 - INFO - clean_correct_orig: 0
2025-08-22 15:20:31,717 - ADV_Generation_eps_4.0_steps_100_image_only_attack_prm_Purification_type_noisy_anchor_anchors_10_alpha_1.2_sigma_0.18_threshold_0.0 - INFO - clean_pred_purify: tensor([104,  53,  14,  14, 196, 110, 198, 112, 112,  87, 136, 144, 161, 110,
        164, 105], device='cuda:0')
2025-08-22 15:20:31,717 - ADV_Generation_eps_4.0_steps_100_image_only_attack_prm_Purification_type_noisy_anchor_anchors_10_alpha_1.2_sigma_0.18_threshold_0.0 - INFO - clean_correct_purify: 0
2025-08-22 15:20:31,717 - ADV_Generation_eps_4.0_steps_100_image_only_attack_prm_Purification_type_noisy_anchor_anchors_10_alpha_1.2_sigma_0.18_threshold_0.0 - INFO - adv_correct_purify_clean_correct: 0
2025-08-22 15:20:31,717 - ADV_Generation_eps_4.0_steps_100_image_only_attack_prm_Purification_type_noisy_anchor_anchors_10_alpha_1.2_sigma_0.18_threshold_0.0 - INFO - adv_correct_purify_clean_incorrect: 0
2025-08-22 15:20:31,717 - ADV_Generation_eps_4.0_steps_100_image_only_attack_prm_Purification_type_noisy_anchor_anchors_10_alpha_1.2_sigma_0.18_threshold_0.0 - INFO - clean_correct_purify_clean_correct: 0
2025-08-22 15:20:31,717 - ADV_Generation_eps_4.0_steps_100_image_only_attack_prm_Purification_type_noisy_anchor_anchors_10_alpha_1.2_sigma_0.18_threshold_0.0 - INFO - clean_correct_purify_clean_incorrect: 0
2025-08-22 15:20:31,718 - ADV_Generation_eps_4.0_steps_100_image_only_attack_prm_Purification_type_noisy_anchor_anchors_10_alpha_1.2_sigma_0.18_threshold_0.0 - INFO - Batch 1/63: Clean orig accuracy 0.0000 | Clean purify accuracy 0.0000 | Adv orig accuracy: 0.0000 | Adv purify accuracy: 0.0000 | Adv purify acc on clean correct: 0.0000 | Adv purify acc on clean incorrect: 0.0000 | Clean purify acc on clean correct: 0.0000 | Clean purify acc on clean incorrect: 0.0000
2025-08-22 15:21:20,156 - ADV_Generation_eps_4.0_steps_100_image_only_attack_prm_Purification_type_noisy_anchor_anchors_10_alpha_1.2_sigma_0.18_threshold_0.0 - INFO - Generated adversarial images for the entire batch.
2025-08-22 15:21:20,163 - ADV_Generation_eps_4.0_steps_100_image_only_attack_prm_Purification_type_noisy_anchor_anchors_10_alpha_1.2_sigma_0.18_threshold_0.0 - INFO - Batch:[1] Image: [0] Saved adversarial tensor to /leonardo_work/EUHPC_R04_192/fmohamma/Adversarial_Robust_Clip/atpt_data/delta_clip_l14_224/A/adv_images_eps_4.0_alpha_1.0_steps_100_image_only_attack_prm/n01558993_0.000056_billiard table _ billiard table_0.98278195.pt
2025-08-22 15:21:20,167 - ADV_Generation_eps_4.0_steps_100_image_only_attack_prm_Purification_type_noisy_anchor_anchors_10_alpha_1.2_sigma_0.18_threshold_0.0 - INFO - Batch:[1] Image: [1] Saved adversarial tensor to /leonardo_work/EUHPC_R04_192/fmohamma/Adversarial_Robust_Clip/atpt_data/delta_clip_l14_224/A/adv_images_eps_4.0_alpha_1.0_steps_100_image_only_attack_prm/n01558993_0.000062_reel _ flagpole_0.8450651.pt
2025-08-22 15:21:20,172 - ADV_Generation_eps_4.0_steps_100_image_only_attack_prm_Purification_type_noisy_anchor_anchors_10_alpha_1.2_sigma_0.18_threshold_0.0 - INFO - Batch:[1] Image: [2] Saved adversarial tensor to /leonardo_work/EUHPC_R04_192/fmohamma/Adversarial_Robust_Clip/atpt_data/delta_clip_l14_224/A/adv_images_eps_4.0_alpha_1.0_steps_100_image_only_attack_prm/n01558993_0.000069_ambulance _ bison_0.36011547.pt
2025-08-22 15:21:20,176 - ADV_Generation_eps_4.0_steps_100_image_only_attack_prm_Purification_type_noisy_anchor_anchors_10_alpha_1.2_sigma_0.18_threshold_0.0 - INFO - Batch:[1] Image: [3] Saved adversarial tensor to /leonardo_work/EUHPC_R04_192/fmohamma/Adversarial_Robust_Clip/atpt_data/delta_clip_l14_224/A/adv_images_eps_4.0_alpha_1.0_steps_100_image_only_attack_prm/n01558993_0.000078_rocking chair _ rocking chair_0.8643756.pt
2025-08-22 15:21:20,181 - ADV_Generation_eps_4.0_steps_100_image_only_attack_prm_Purification_type_noisy_anchor_anchors_10_alpha_1.2_sigma_0.18_threshold_0.0 - INFO - Batch:[1] Image: [4] Saved adversarial tensor to /leonardo_work/EUHPC_R04_192/fmohamma/Adversarial_Robust_Clip/atpt_data/delta_clip_l14_224/A/adv_images_eps_4.0_alpha_1.0_steps_100_image_only_attack_prm/n01580077_0.000161_volcano _ volcano_0.6418999.pt
2025-08-22 15:21:20,184 - ADV_Generation_eps_4.0_steps_100_image_only_attack_prm_Purification_type_noisy_anchor_anchors_10_alpha_1.2_sigma_0.18_threshold_0.0 - INFO - Batch:[1] Image: [5] Saved adversarial tensor to /leonardo_work/EUHPC_R04_192/fmohamma/Adversarial_Robust_Clip/atpt_data/delta_clip_l14_224/A/adv_images_eps_4.0_alpha_1.0_steps_100_image_only_attack_prm/n01580077_0.000177_American robin _ American robin_0.9999511.pt
2025-08-22 15:21:20,188 - ADV_Generation_eps_4.0_steps_100_image_only_attack_prm_Purification_type_noisy_anchor_anchors_10_alpha_1.2_sigma_0.18_threshold_0.0 - INFO - Batch:[1] Image: [6] Saved adversarial tensor to /leonardo_work/EUHPC_R04_192/fmohamma/Adversarial_Robust_Clip/atpt_data/delta_clip_l14_224/A/adv_images_eps_4.0_alpha_1.0_steps_100_image_only_attack_prm/n01580077_0.000258_bow _ bow_0.79463935.pt
2025-08-22 15:21:20,190 - ADV_Generation_eps_4.0_steps_100_image_only_attack_prm_Purification_type_noisy_anchor_anchors_10_alpha_1.2_sigma_0.18_threshold_0.0 - INFO - Batch:[1] Image: [7] Saved adversarial tensor to /leonardo_work/EUHPC_R04_192/fmohamma/Adversarial_Robust_Clip/atpt_data/delta_clip_l14_224/A/adv_images_eps_4.0_alpha_1.0_steps_100_image_only_attack_prm/n01580077_0.000285_shovel _ shovel_0.6385658.pt
2025-08-22 15:21:20,194 - ADV_Generation_eps_4.0_steps_100_image_only_attack_prm_Purification_type_noisy_anchor_anchors_10_alpha_1.2_sigma_0.18_threshold_0.0 - INFO - Batch:[1] Image: [8] Saved adversarial tensor to /leonardo_work/EUHPC_R04_192/fmohamma/Adversarial_Robust_Clip/atpt_data/delta_clip_l14_224/A/adv_images_eps_4.0_alpha_1.0_steps_100_image_only_attack_prm/n01580077_0.000483_marmot _ marmot_0.8091637.pt
2025-08-22 15:21:20,198 - ADV_Generation_eps_4.0_steps_100_image_only_attack_prm_Purification_type_noisy_anchor_anchors_10_alpha_1.2_sigma_0.18_threshold_0.0 - INFO - Batch:[1] Image: [9] Saved adversarial tensor to /leonardo_work/EUHPC_R04_192/fmohamma/Adversarial_Robust_Clip/atpt_data/delta_clip_l14_224/A/adv_images_eps_4.0_alpha_1.0_steps_100_image_only_attack_prm/n01614925_0.000004_snowmobile _ snowmobile_0.9998286.pt
2025-08-22 15:21:20,202 - ADV_Generation_eps_4.0_steps_100_image_only_attack_prm_Purification_type_noisy_anchor_anchors_10_alpha_1.2_sigma_0.18_threshold_0.0 - INFO - Batch:[1] Image: [10] Saved adversarial tensor to /leonardo_work/EUHPC_R04_192/fmohamma/Adversarial_Robust_Clip/atpt_data/delta_clip_l14_224/A/adv_images_eps_4.0_alpha_1.0_steps_100_image_only_attack_prm/n01614925_0.000007_cliff _ cliff_0.99714214.pt
2025-08-22 15:21:20,206 - ADV_Generation_eps_4.0_steps_100_image_only_attack_prm_Purification_type_noisy_anchor_anchors_10_alpha_1.2_sigma_0.18_threshold_0.0 - INFO - Batch:[1] Image: [11] Saved adversarial tensor to /leonardo_work/EUHPC_R04_192/fmohamma/Adversarial_Robust_Clip/atpt_data/delta_clip_l14_224/A/adv_images_eps_4.0_alpha_1.0_steps_100_image_only_attack_prm/n01614925_0.000013_armadillo _ armadillo_0.91367507.pt
2025-08-22 15:21:20,210 - ADV_Generation_eps_4.0_steps_100_image_only_attack_prm_Purification_type_noisy_anchor_anchors_10_alpha_1.2_sigma_0.18_threshold_0.0 - INFO - Batch:[1] Image: [12] Saved adversarial tensor to /leonardo_work/EUHPC_R04_192/fmohamma/Adversarial_Robust_Clip/atpt_data/delta_clip_l14_224/A/adv_images_eps_4.0_alpha_1.0_steps_100_image_only_attack_prm/n01614925_0.000017_flagpole _ flagpole_0.99783224.pt
2025-08-22 15:21:20,215 - ADV_Generation_eps_4.0_steps_100_image_only_attack_prm_Purification_type_noisy_anchor_anchors_10_alpha_1.2_sigma_0.18_threshold_0.0 - INFO - Batch:[1] Image: [13] Saved adversarial tensor to /leonardo_work/EUHPC_R04_192/fmohamma/Adversarial_Robust_Clip/atpt_data/delta_clip_l14_224/A/adv_images_eps_4.0_alpha_1.0_steps_100_image_only_attack_prm/n01614925_0.000057_bison _ bison_0.7242407.pt
2025-08-22 15:21:20,218 - ADV_Generation_eps_4.0_steps_100_image_only_attack_prm_Purification_type_noisy_anchor_anchors_10_alpha_1.2_sigma_0.18_threshold_0.0 - INFO - Batch:[1] Image: [14] Saved adversarial tensor to /leonardo_work/EUHPC_R04_192/fmohamma/Adversarial_Robust_Clip/atpt_data/delta_clip_l14_224/A/adv_images_eps_4.0_alpha_1.0_steps_100_image_only_attack_prm/n01616318_0.000090_volcano _ volcano_0.9827927.pt
2025-08-22 15:21:20,222 - ADV_Generation_eps_4.0_steps_100_image_only_attack_prm_Purification_type_noisy_anchor_anchors_10_alpha_1.2_sigma_0.18_threshold_0.0 - INFO - Batch:[1] Image: [15] Saved adversarial tensor to /leonardo_work/EUHPC_R04_192/fmohamma/Adversarial_Robust_Clip/atpt_data/delta_clip_l14_224/A/adv_images_eps_4.0_alpha_1.0_steps_100_image_only_attack_prm/n01616318_0.000114_umbrella _ umbrella_0.82435507.pt
2025-08-22 15:21:21,972 - ADV_Generation_eps_4.0_steps_100_image_only_attack_prm_Purification_type_noisy_anchor_anchors_10_alpha_1.2_sigma_0.18_threshold_0.0 - INFO - ======================== Adversarial Image Evaluation ==========================
2025-08-22 15:21:21,973 - ADV_Generation_eps_4.0_steps_100_image_only_attack_prm_Purification_type_noisy_anchor_anchors_10_alpha_1.2_sigma_0.18_threshold_0.0 - INFO - target: tensor([3, 3, 3, 3, 4, 4, 4, 4, 4, 5, 5, 5, 5, 5, 6, 6], device='cuda:0')
2025-08-22 15:21:21,973 - ADV_Generation_eps_4.0_steps_100_image_only_attack_prm_Purification_type_noisy_anchor_anchors_10_alpha_1.2_sigma_0.18_threshold_0.0 - INFO - adv_pred: tensor([138,   3,  47,  66, 178,   4,   2,   3,   2,   5, 193,  66, 110,  84,
         34, 110], device='cuda:0')
2025-08-22 15:21:21,973 - ADV_Generation_eps_4.0_steps_100_image_only_attack_prm_Purification_type_noisy_anchor_anchors_10_alpha_1.2_sigma_0.18_threshold_0.0 - INFO - adv_correct_orig: 3 = 0 + 3
2025-08-22 15:21:21,974 - ADV_Generation_eps_4.0_steps_100_image_only_attack_prm_Purification_type_noisy_anchor_anchors_10_alpha_1.2_sigma_0.18_threshold_0.0 - INFO - adv_pred_purify: tensor([138,  48,  37,  85, 113,   3,   2, 161,   5,   5,  12,  44, 110, 198,
         34, 110], device='cuda:0')
2025-08-22 15:21:21,974 - ADV_Generation_eps_4.0_steps_100_image_only_attack_prm_Purification_type_noisy_anchor_anchors_10_alpha_1.2_sigma_0.18_threshold_0.0 - INFO - adv_correct_purify: 1 = 0 + 1
2025-08-22 15:21:23,721 - ADV_Generation_eps_4.0_steps_100_image_only_attack_prm_Purification_type_noisy_anchor_anchors_10_alpha_1.2_sigma_0.18_threshold_0.0 - INFO - ======================== Clean Image Evaluation ==========================
2025-08-22 15:21:23,722 - ADV_Generation_eps_4.0_steps_100_image_only_attack_prm_Purification_type_noisy_anchor_anchors_10_alpha_1.2_sigma_0.18_threshold_0.0 - INFO - target: tensor([3, 3, 3, 3, 4, 4, 4, 4, 4, 5, 5, 5, 5, 5, 6, 6], device='cuda:0')
2025-08-22 15:21:23,722 - ADV_Generation_eps_4.0_steps_100_image_only_attack_prm_Purification_type_noisy_anchor_anchors_10_alpha_1.2_sigma_0.18_threshold_0.0 - INFO - clean_pred: tensor([138,   3,  47,  66,  85,   4,   2,   3,   2,   5,   5,  66, 110,  84,
        194,   6], device='cuda:0')
2025-08-22 15:21:23,722 - ADV_Generation_eps_4.0_steps_100_image_only_attack_prm_Purification_type_noisy_anchor_anchors_10_alpha_1.2_sigma_0.18_threshold_0.0 - INFO - clean_correct_orig: 5
2025-08-22 15:21:23,723 - ADV_Generation_eps_4.0_steps_100_image_only_attack_prm_Purification_type_noisy_anchor_anchors_10_alpha_1.2_sigma_0.18_threshold_0.0 - INFO - clean_pred_purify: tensor([138,  48,  37,  85, 113,   3,   2, 161,  64,   5,  12,  66, 110, 198,
         34, 110], device='cuda:0')
2025-08-22 15:21:23,723 - ADV_Generation_eps_4.0_steps_100_image_only_attack_prm_Purification_type_noisy_anchor_anchors_10_alpha_1.2_sigma_0.18_threshold_0.0 - INFO - clean_correct_purify: 1
2025-08-22 15:21:23,723 - ADV_Generation_eps_4.0_steps_100_image_only_attack_prm_Purification_type_noisy_anchor_anchors_10_alpha_1.2_sigma_0.18_threshold_0.0 - INFO - adv_correct_purify_clean_correct: 1
2025-08-22 15:21:23,723 - ADV_Generation_eps_4.0_steps_100_image_only_attack_prm_Purification_type_noisy_anchor_anchors_10_alpha_1.2_sigma_0.18_threshold_0.0 - INFO - adv_correct_purify_clean_incorrect: 0
2025-08-22 15:21:23,723 - ADV_Generation_eps_4.0_steps_100_image_only_attack_prm_Purification_type_noisy_anchor_anchors_10_alpha_1.2_sigma_0.18_threshold_0.0 - INFO - clean_correct_purify_clean_correct: 1
2025-08-22 15:21:23,723 - ADV_Generation_eps_4.0_steps_100_image_only_attack_prm_Purification_type_noisy_anchor_anchors_10_alpha_1.2_sigma_0.18_threshold_0.0 - INFO - clean_correct_purify_clean_incorrect: 0
2025-08-22 15:21:23,724 - ADV_Generation_eps_4.0_steps_100_image_only_attack_prm_Purification_type_noisy_anchor_anchors_10_alpha_1.2_sigma_0.18_threshold_0.0 - INFO - Batch 2/63: Clean orig accuracy 0.1562 | Clean purify accuracy 0.0312 | Adv orig accuracy: 0.0938 | Adv purify accuracy: 0.0312 | Adv purify acc on clean correct: 0.2000 | Adv purify acc on clean incorrect: 0.0000 | Clean purify acc on clean correct: 0.2000 | Clean purify acc on clean incorrect: 0.0000
2025-08-22 15:22:12,115 - ADV_Generation_eps_4.0_steps_100_image_only_attack_prm_Purification_type_noisy_anchor_anchors_10_alpha_1.2_sigma_0.18_threshold_0.0 - INFO - Generated adversarial images for the entire batch.
2025-08-22 15:22:12,119 - ADV_Generation_eps_4.0_steps_100_image_only_attack_prm_Purification_type_noisy_anchor_anchors_10_alpha_1.2_sigma_0.18_threshold_0.0 - INFO - Batch:[2] Image: [0] Saved adversarial tensor to /leonardo_work/EUHPC_R04_192/fmohamma/Adversarial_Robust_Clip/atpt_data/delta_clip_l14_224/A/adv_images_eps_4.0_alpha_1.0_steps_100_image_only_attack_prm/n01616318_0.000118_white-headed capuchin _ white-headed capuchin_0.999678.pt
2025-08-22 15:22:12,122 - ADV_Generation_eps_4.0_steps_100_image_only_attack_prm_Purification_type_noisy_anchor_anchors_10_alpha_1.2_sigma_0.18_threshold_0.0 - INFO - Batch:[2] Image: [1] Saved adversarial tensor to /leonardo_work/EUHPC_R04_192/fmohamma/Adversarial_Robust_Clip/atpt_data/delta_clip_l14_224/A/adv_images_eps_4.0_alpha_1.0_steps_100_image_only_attack_prm/n01616318_0.000122_airliner _ airliner_0.99468356.pt
2025-08-22 15:22:12,125 - ADV_Generation_eps_4.0_steps_100_image_only_attack_prm_Purification_type_noisy_anchor_anchors_10_alpha_1.2_sigma_0.18_threshold_0.0 - INFO - Batch:[2] Image: [2] Saved adversarial tensor to /leonardo_work/EUHPC_R04_192/fmohamma/Adversarial_Robust_Clip/atpt_data/delta_clip_l14_224/A/adv_images_eps_4.0_alpha_1.0_steps_100_image_only_attack_prm/n01616318_0.000151_sea lion _ sea lion_0.70867217.pt
2025-08-22 15:22:12,129 - ADV_Generation_eps_4.0_steps_100_image_only_attack_prm_Purification_type_noisy_anchor_anchors_10_alpha_1.2_sigma_0.18_threshold_0.0 - INFO - Batch:[2] Image: [3] Saved adversarial tensor to /leonardo_work/EUHPC_R04_192/fmohamma/Adversarial_Robust_Clip/atpt_data/delta_clip_l14_224/A/adv_images_eps_4.0_alpha_1.0_steps_100_image_only_attack_prm/n01631663_0.000006_washing machine _ washing machine_0.9915598.pt
2025-08-22 15:22:12,133 - ADV_Generation_eps_4.0_steps_100_image_only_attack_prm_Purification_type_noisy_anchor_anchors_10_alpha_1.2_sigma_0.18_threshold_0.0 - INFO - Batch:[2] Image: [4] Saved adversarial tensor to /leonardo_work/EUHPC_R04_192/fmohamma/Adversarial_Robust_Clip/atpt_data/delta_clip_l14_224/A/adv_images_eps_4.0_alpha_1.0_steps_100_image_only_attack_prm/n01631663_0.000172_weevil _ weevil_0.62413996.pt
2025-08-22 15:22:12,136 - ADV_Generation_eps_4.0_steps_100_image_only_attack_prm_Purification_type_noisy_anchor_anchors_10_alpha_1.2_sigma_0.18_threshold_0.0 - INFO - Batch:[2] Image: [5] Saved adversarial tensor to /leonardo_work/EUHPC_R04_192/fmohamma/Adversarial_Robust_Clip/atpt_data/delta_clip_l14_224/A/adv_images_eps_4.0_alpha_1.0_steps_100_image_only_attack_prm/n01631663_0.000202_green iguana _ agama_0.5907413.pt
2025-08-22 15:22:12,139 - ADV_Generation_eps_4.0_steps_100_image_only_attack_prm_Purification_type_noisy_anchor_anchors_10_alpha_1.2_sigma_0.18_threshold_0.0 - INFO - Batch:[2] Image: [6] Saved adversarial tensor to /leonardo_work/EUHPC_R04_192/fmohamma/Adversarial_Robust_Clip/atpt_data/delta_clip_l14_224/A/adv_images_eps_4.0_alpha_1.0_steps_100_image_only_attack_prm/n01631663_0.000230_pufferfish _ bee_0.59980255.pt
2025-08-22 15:22:12,144 - ADV_Generation_eps_4.0_steps_100_image_only_attack_prm_Purification_type_noisy_anchor_anchors_10_alpha_1.2_sigma_0.18_threshold_0.0 - INFO - Batch:[2] Image: [7] Saved adversarial tensor to /leonardo_work/EUHPC_R04_192/fmohamma/Adversarial_Robust_Clip/atpt_data/delta_clip_l14_224/A/adv_images_eps_4.0_alpha_1.0_steps_100_image_only_attack_prm/n01631663_0.000356_American alligator _ American alligator_0.99064213.pt
2025-08-22 15:22:12,147 - ADV_Generation_eps_4.0_steps_100_image_only_attack_prm_Purification_type_noisy_anchor_anchors_10_alpha_1.2_sigma_0.18_threshold_0.0 - INFO - Batch:[2] Image: [8] Saved adversarial tensor to /leonardo_work/EUHPC_R04_192/fmohamma/Adversarial_Robust_Clip/atpt_data/delta_clip_l14_224/A/adv_images_eps_4.0_alpha_1.0_steps_100_image_only_attack_prm/n01641577_0.000007_scorpion _ scorpion_0.9986915.pt
2025-08-22 15:22:12,151 - ADV_Generation_eps_4.0_steps_100_image_only_attack_prm_Purification_type_noisy_anchor_anchors_10_alpha_1.2_sigma_0.18_threshold_0.0 - INFO - Batch:[2] Image: [9] Saved adversarial tensor to /leonardo_work/EUHPC_R04_192/fmohamma/Adversarial_Robust_Clip/atpt_data/delta_clip_l14_224/A/adv_images_eps_4.0_alpha_1.0_steps_100_image_only_attack_prm/n01641577_0.000018_scorpion _ scorpion_0.9967765.pt
2025-08-22 15:22:12,154 - ADV_Generation_eps_4.0_steps_100_image_only_attack_prm_Purification_type_noisy_anchor_anchors_10_alpha_1.2_sigma_0.18_threshold_0.0 - INFO - Batch:[2] Image: [10] Saved adversarial tensor to /leonardo_work/EUHPC_R04_192/fmohamma/Adversarial_Robust_Clip/atpt_data/delta_clip_l14_224/A/adv_images_eps_4.0_alpha_1.0_steps_100_image_only_attack_prm/n01641577_0.000024_cockroach _ cockroach_0.9952237.pt
2025-08-22 15:22:12,158 - ADV_Generation_eps_4.0_steps_100_image_only_attack_prm_Purification_type_noisy_anchor_anchors_10_alpha_1.2_sigma_0.18_threshold_0.0 - INFO - Batch:[2] Image: [11] Saved adversarial tensor to /leonardo_work/EUHPC_R04_192/fmohamma/Adversarial_Robust_Clip/atpt_data/delta_clip_l14_224/A/adv_images_eps_4.0_alpha_1.0_steps_100_image_only_attack_prm/n01641577_0.000136_wheelbarrow _ wheelbarrow_0.5090818.pt
2025-08-22 15:22:12,162 - ADV_Generation_eps_4.0_steps_100_image_only_attack_prm_Purification_type_noisy_anchor_anchors_10_alpha_1.2_sigma_0.18_threshold_0.0 - INFO - Batch:[2] Image: [12] Saved adversarial tensor to /leonardo_work/EUHPC_R04_192/fmohamma/Adversarial_Robust_Clip/atpt_data/delta_clip_l14_224/A/adv_images_eps_4.0_alpha_1.0_steps_100_image_only_attack_prm/n01641577_0.000160_green iguana _ green iguana_0.7588723.pt
2025-08-22 15:22:12,165 - ADV_Generation_eps_4.0_steps_100_image_only_attack_prm_Purification_type_noisy_anchor_anchors_10_alpha_1.2_sigma_0.18_threshold_0.0 - INFO - Batch:[2] Image: [13] Saved adversarial tensor to /leonardo_work/EUHPC_R04_192/fmohamma/Adversarial_Robust_Clip/atpt_data/delta_clip_l14_224/A/adv_images_eps_4.0_alpha_1.0_steps_100_image_only_attack_prm/n01669191_0.000276_balance beam _ balance beam_0.96379316.pt
2025-08-22 15:22:12,170 - ADV_Generation_eps_4.0_steps_100_image_only_attack_prm_Purification_type_noisy_anchor_anchors_10_alpha_1.2_sigma_0.18_threshold_0.0 - INFO - Batch:[2] Image: [14] Saved adversarial tensor to /leonardo_work/EUHPC_R04_192/fmohamma/Adversarial_Robust_Clip/atpt_data/delta_clip_l14_224/A/adv_images_eps_4.0_alpha_1.0_steps_100_image_only_attack_prm/n01669191_0.000376_submarine _ limousine_0.6723967.pt
2025-08-22 15:22:12,175 - ADV_Generation_eps_4.0_steps_100_image_only_attack_prm_Purification_type_noisy_anchor_anchors_10_alpha_1.2_sigma_0.18_threshold_0.0 - INFO - Batch:[2] Image: [15] Saved adversarial tensor to /leonardo_work/EUHPC_R04_192/fmohamma/Adversarial_Robust_Clip/atpt_data/delta_clip_l14_224/A/adv_images_eps_4.0_alpha_1.0_steps_100_image_only_attack_prm/n01669191_0.000680_drumstick _ drumstick_0.35189122.pt
2025-08-22 15:22:13,925 - ADV_Generation_eps_4.0_steps_100_image_only_attack_prm_Purification_type_noisy_anchor_anchors_10_alpha_1.2_sigma_0.18_threshold_0.0 - INFO - ======================== Adversarial Image Evaluation ==========================
2025-08-22 15:22:13,926 - ADV_Generation_eps_4.0_steps_100_image_only_attack_prm_Purification_type_noisy_anchor_anchors_10_alpha_1.2_sigma_0.18_threshold_0.0 - INFO - target: tensor([6, 6, 6, 7, 7, 7, 7, 7, 8, 8, 8, 8, 8, 9, 9, 9], device='cuda:0')
2025-08-22 15:22:13,926 - ADV_Generation_eps_4.0_steps_100_image_only_attack_prm_Purification_type_noisy_anchor_anchors_10_alpha_1.2_sigma_0.18_threshold_0.0 - INFO - adv_pred: tensor([ 20,   6,  34, 175, 158, 158,   7,   0,   7, 139,  52,  28,  15, 199,
          9,   9], device='cuda:0')
2025-08-22 15:22:13,926 - ADV_Generation_eps_4.0_steps_100_image_only_attack_prm_Purification_type_noisy_anchor_anchors_10_alpha_1.2_sigma_0.18_threshold_0.0 - INFO - adv_correct_orig: 7 = 3 + 4
2025-08-22 15:22:13,927 - ADV_Generation_eps_4.0_steps_100_image_only_attack_prm_Purification_type_noisy_anchor_anchors_10_alpha_1.2_sigma_0.18_threshold_0.0 - INFO - adv_pred_purify: tensor([  4,  78,  65,  14,  53,  12,  12, 104, 198, 190,  53,  85,  86,   4,
         78, 196], device='cuda:0')
2025-08-22 15:22:13,927 - ADV_Generation_eps_4.0_steps_100_image_only_attack_prm_Purification_type_noisy_anchor_anchors_10_alpha_1.2_sigma_0.18_threshold_0.0 - INFO - adv_correct_purify: 1 = 1 + 0
2025-08-22 15:22:15,674 - ADV_Generation_eps_4.0_steps_100_image_only_attack_prm_Purification_type_noisy_anchor_anchors_10_alpha_1.2_sigma_0.18_threshold_0.0 - INFO - ======================== Clean Image Evaluation ==========================
2025-08-22 15:22:15,675 - ADV_Generation_eps_4.0_steps_100_image_only_attack_prm_Purification_type_noisy_anchor_anchors_10_alpha_1.2_sigma_0.18_threshold_0.0 - INFO - target: tensor([6, 6, 6, 7, 7, 7, 7, 7, 8, 8, 8, 8, 8, 9, 9, 9], device='cuda:0')
2025-08-22 15:22:15,675 - ADV_Generation_eps_4.0_steps_100_image_only_attack_prm_Purification_type_noisy_anchor_anchors_10_alpha_1.2_sigma_0.18_threshold_0.0 - INFO - clean_pred: tensor([ 20,   6,  34, 175, 158, 158,   7,  28,   7,  16,  52,  28,  15, 199,
          9,   9], device='cuda:0')
2025-08-22 15:22:15,675 - ADV_Generation_eps_4.0_steps_100_image_only_attack_prm_Purification_type_noisy_anchor_anchors_10_alpha_1.2_sigma_0.18_threshold_0.0 - INFO - clean_correct_orig: 9
2025-08-22 15:22:15,675 - ADV_Generation_eps_4.0_steps_100_image_only_attack_prm_Purification_type_noisy_anchor_anchors_10_alpha_1.2_sigma_0.18_threshold_0.0 - INFO - clean_pred_purify: tensor([  4,  78,  65,  14,  53,  12,  12, 104, 198, 190,  53,  85,  86,   4,
         78, 196], device='cuda:0')
2025-08-22 15:22:15,675 - ADV_Generation_eps_4.0_steps_100_image_only_attack_prm_Purification_type_noisy_anchor_anchors_10_alpha_1.2_sigma_0.18_threshold_0.0 - INFO - clean_correct_purify: 1
2025-08-22 15:22:15,675 - ADV_Generation_eps_4.0_steps_100_image_only_attack_prm_Purification_type_noisy_anchor_anchors_10_alpha_1.2_sigma_0.18_threshold_0.0 - INFO - adv_correct_purify_clean_correct: 1
2025-08-22 15:22:15,676 - ADV_Generation_eps_4.0_steps_100_image_only_attack_prm_Purification_type_noisy_anchor_anchors_10_alpha_1.2_sigma_0.18_threshold_0.0 - INFO - adv_correct_purify_clean_incorrect: 0
2025-08-22 15:22:15,676 - ADV_Generation_eps_4.0_steps_100_image_only_attack_prm_Purification_type_noisy_anchor_anchors_10_alpha_1.2_sigma_0.18_threshold_0.0 - INFO - clean_correct_purify_clean_correct: 1
2025-08-22 15:22:15,676 - ADV_Generation_eps_4.0_steps_100_image_only_attack_prm_Purification_type_noisy_anchor_anchors_10_alpha_1.2_sigma_0.18_threshold_0.0 - INFO - clean_correct_purify_clean_incorrect: 0
2025-08-22 15:22:15,676 - ADV_Generation_eps_4.0_steps_100_image_only_attack_prm_Purification_type_noisy_anchor_anchors_10_alpha_1.2_sigma_0.18_threshold_0.0 - INFO - Batch 3/63: Clean orig accuracy 0.1875 | Clean purify accuracy 0.0208 | Adv orig accuracy: 0.1458 | Adv purify accuracy: 0.0208 | Adv purify acc on clean correct: 0.1111 | Adv purify acc on clean incorrect: 0.0000 | Clean purify acc on clean correct: 0.1111 | Clean purify acc on clean incorrect: 0.0000
2025-08-22 15:23:04,078 - ADV_Generation_eps_4.0_steps_100_image_only_attack_prm_Purification_type_noisy_anchor_anchors_10_alpha_1.2_sigma_0.18_threshold_0.0 - INFO - Generated adversarial images for the entire batch.
2025-08-22 15:23:04,093 - ADV_Generation_eps_4.0_steps_100_image_only_attack_prm_Purification_type_noisy_anchor_anchors_10_alpha_1.2_sigma_0.18_threshold_0.0 - INFO - Batch:[3] Image: [0] Saved adversarial tensor to /leonardo_work/EUHPC_R04_192/fmohamma/Adversarial_Robust_Clip/atpt_data/delta_clip_l14_224/A/adv_images_eps_4.0_alpha_1.0_steps_100_image_only_attack_prm/n01669191_0.000691_cottontail rabbit _ cottontail rabbit_0.89495623.pt
2025-08-22 15:23:04,103 - ADV_Generation_eps_4.0_steps_100_image_only_attack_prm_Purification_type_noisy_anchor_anchors_10_alpha_1.2_sigma_0.18_threshold_0.0 - INFO - Batch:[3] Image: [1] Saved adversarial tensor to /leonardo_work/EUHPC_R04_192/fmohamma/Adversarial_Robust_Clip/atpt_data/delta_clip_l14_224/A/adv_images_eps_4.0_alpha_1.0_steps_100_image_only_attack_prm/n01669191_0.000742_fox squirrel _ fox squirrel_0.27179155.pt
2025-08-22 15:23:04,109 - ADV_Generation_eps_4.0_steps_100_image_only_attack_prm_Purification_type_noisy_anchor_anchors_10_alpha_1.2_sigma_0.18_threshold_0.0 - INFO - Batch:[3] Image: [2] Saved adversarial tensor to /leonardo_work/EUHPC_R04_192/fmohamma/Adversarial_Robust_Clip/atpt_data/delta_clip_l14_224/A/adv_images_eps_4.0_alpha_1.0_steps_100_image_only_attack_prm/n01677366_0.000234_corn _ corn_0.99951804.pt
2025-08-22 15:23:04,112 - ADV_Generation_eps_4.0_steps_100_image_only_attack_prm_Purification_type_noisy_anchor_anchors_10_alpha_1.2_sigma_0.18_threshold_0.0 - INFO - Batch:[3] Image: [3] Saved adversarial tensor to /leonardo_work/EUHPC_R04_192/fmohamma/Adversarial_Robust_Clip/atpt_data/delta_clip_l14_224/A/adv_images_eps_4.0_alpha_1.0_steps_100_image_only_attack_prm/n01677366_0.000269_vulture _ vulture_0.6792026.pt
2025-08-22 15:23:04,115 - ADV_Generation_eps_4.0_steps_100_image_only_attack_prm_Purification_type_noisy_anchor_anchors_10_alpha_1.2_sigma_0.18_threshold_0.0 - INFO - Batch:[3] Image: [4] Saved adversarial tensor to /leonardo_work/EUHPC_R04_192/fmohamma/Adversarial_Robust_Clip/atpt_data/delta_clip_l14_224/A/adv_images_eps_4.0_alpha_1.0_steps_100_image_only_attack_prm/n01677366_0.000323_goose _ goose_0.57691437.pt
2025-08-22 15:23:04,118 - ADV_Generation_eps_4.0_steps_100_image_only_attack_prm_Purification_type_noisy_anchor_anchors_10_alpha_1.2_sigma_0.18_threshold_0.0 - INFO - Batch:[3] Image: [5] Saved adversarial tensor to /leonardo_work/EUHPC_R04_192/fmohamma/Adversarial_Robust_Clip/atpt_data/delta_clip_l14_224/A/adv_images_eps_4.0_alpha_1.0_steps_100_image_only_attack_prm/n01677366_0.000335_American robin _ American robin_0.79792374.pt
2025-08-22 15:23:04,121 - ADV_Generation_eps_4.0_steps_100_image_only_attack_prm_Purification_type_noisy_anchor_anchors_10_alpha_1.2_sigma_0.18_threshold_0.0 - INFO - Batch:[3] Image: [6] Saved adversarial tensor to /leonardo_work/EUHPC_R04_192/fmohamma/Adversarial_Robust_Clip/atpt_data/delta_clip_l14_224/A/adv_images_eps_4.0_alpha_1.0_steps_100_image_only_attack_prm/n01677366_0.000336_white-headed capuchin _ white-headed capuchin_0.96344435.pt
2025-08-22 15:23:04,124 - ADV_Generation_eps_4.0_steps_100_image_only_attack_prm_Purification_type_noisy_anchor_anchors_10_alpha_1.2_sigma_0.18_threshold_0.0 - INFO - Batch:[3] Image: [7] Saved adversarial tensor to /leonardo_work/EUHPC_R04_192/fmohamma/Adversarial_Robust_Clip/atpt_data/delta_clip_l14_224/A/adv_images_eps_4.0_alpha_1.0_steps_100_image_only_attack_prm/n01687978_0.000048_wheelbarrow _ dumbbell_0.9201197.pt
2025-08-22 15:23:04,127 - ADV_Generation_eps_4.0_steps_100_image_only_attack_prm_Purification_type_noisy_anchor_anchors_10_alpha_1.2_sigma_0.18_threshold_0.0 - INFO - Batch:[3] Image: [8] Saved adversarial tensor to /leonardo_work/EUHPC_R04_192/fmohamma/Adversarial_Robust_Clip/atpt_data/delta_clip_l14_224/A/adv_images_eps_4.0_alpha_1.0_steps_100_image_only_attack_prm/n01687978_0.000067_golf cart _ golf cart_0.29339108.pt
2025-08-22 15:23:04,129 - ADV_Generation_eps_4.0_steps_100_image_only_attack_prm_Purification_type_noisy_anchor_anchors_10_alpha_1.2_sigma_0.18_threshold_0.0 - INFO - Batch:[3] Image: [9] Saved adversarial tensor to /leonardo_work/EUHPC_R04_192/fmohamma/Adversarial_Robust_Clip/atpt_data/delta_clip_l14_224/A/adv_images_eps_4.0_alpha_1.0_steps_100_image_only_attack_prm/n01687978_0.000080_shovel _ wheelbarrow_0.65339464.pt
2025-08-22 15:23:04,131 - ADV_Generation_eps_4.0_steps_100_image_only_attack_prm_Purification_type_noisy_anchor_anchors_10_alpha_1.2_sigma_0.18_threshold_0.0 - INFO - Batch:[3] Image: [10] Saved adversarial tensor to /leonardo_work/EUHPC_R04_192/fmohamma/Adversarial_Robust_Clip/atpt_data/delta_clip_l14_224/A/adv_images_eps_4.0_alpha_1.0_steps_100_image_only_attack_prm/n01687978_0.000121_chain _ chain_0.7671222.pt
2025-08-22 15:23:04,133 - ADV_Generation_eps_4.0_steps_100_image_only_attack_prm_Purification_type_noisy_anchor_anchors_10_alpha_1.2_sigma_0.18_threshold_0.0 - INFO - Batch:[3] Image: [11] Saved adversarial tensor to /leonardo_work/EUHPC_R04_192/fmohamma/Adversarial_Robust_Clip/atpt_data/delta_clip_l14_224/A/adv_images_eps_4.0_alpha_1.0_steps_100_image_only_attack_prm/n01687978_0.000140_jeep _ jeep_0.7560116.pt
2025-08-22 15:23:04,135 - ADV_Generation_eps_4.0_steps_100_image_only_attack_prm_Purification_type_noisy_anchor_anchors_10_alpha_1.2_sigma_0.18_threshold_0.0 - INFO - Batch:[3] Image: [12] Saved adversarial tensor to /leonardo_work/EUHPC_R04_192/fmohamma/Adversarial_Robust_Clip/atpt_data/delta_clip_l14_224/A/adv_images_eps_4.0_alpha_1.0_steps_100_image_only_attack_prm/n01694178_0.000180_newt _ newt_0.9995639.pt
2025-08-22 15:23:04,138 - ADV_Generation_eps_4.0_steps_100_image_only_attack_prm_Purification_type_noisy_anchor_anchors_10_alpha_1.2_sigma_0.18_threshold_0.0 - INFO - Batch:[3] Image: [13] Saved adversarial tensor to /leonardo_work/EUHPC_R04_192/fmohamma/Adversarial_Robust_Clip/atpt_data/delta_clip_l14_224/A/adv_images_eps_4.0_alpha_1.0_steps_100_image_only_attack_prm/n01694178_0.000244_cliff _ cliff_0.9500484.pt
2025-08-22 15:23:04,140 - ADV_Generation_eps_4.0_steps_100_image_only_attack_prm_Purification_type_noisy_anchor_anchors_10_alpha_1.2_sigma_0.18_threshold_0.0 - INFO - Batch:[3] Image: [14] Saved adversarial tensor to /leonardo_work/EUHPC_R04_192/fmohamma/Adversarial_Robust_Clip/atpt_data/delta_clip_l14_224/A/adv_images_eps_4.0_alpha_1.0_steps_100_image_only_attack_prm/n01694178_0.000284_newt _ newt_0.9999232.pt
2025-08-22 15:23:04,142 - ADV_Generation_eps_4.0_steps_100_image_only_attack_prm_Purification_type_noisy_anchor_anchors_10_alpha_1.2_sigma_0.18_threshold_0.0 - INFO - Batch:[3] Image: [15] Saved adversarial tensor to /leonardo_work/EUHPC_R04_192/fmohamma/Adversarial_Robust_Clip/atpt_data/delta_clip_l14_224/A/adv_images_eps_4.0_alpha_1.0_steps_100_image_only_attack_prm/n01694178_0.000286_newt _ newt_0.45726153.pt
2025-08-22 15:23:05,892 - ADV_Generation_eps_4.0_steps_100_image_only_attack_prm_Purification_type_noisy_anchor_anchors_10_alpha_1.2_sigma_0.18_threshold_0.0 - INFO - ======================== Adversarial Image Evaluation ==========================
2025-08-22 15:23:05,893 - ADV_Generation_eps_4.0_steps_100_image_only_attack_prm_Purification_type_noisy_anchor_anchors_10_alpha_1.2_sigma_0.18_threshold_0.0 - INFO - target: tensor([ 9,  9, 10, 10, 10, 10, 10, 11, 11, 11, 11, 11, 12, 12, 12, 12],
       device='cuda:0')
2025-08-22 15:23:05,893 - ADV_Generation_eps_4.0_steps_100_image_only_attack_prm_Purification_type_noisy_anchor_anchors_10_alpha_1.2_sigma_0.18_threshold_0.0 - INFO - adv_pred: tensor([ 65,   9, 198,  11,  13,  10,  20,  81, 144, 163, 198, 169,   7,  71,
         12,  14], device='cuda:0')
2025-08-22 15:23:05,893 - ADV_Generation_eps_4.0_steps_100_image_only_attack_prm_Purification_type_noisy_anchor_anchors_10_alpha_1.2_sigma_0.18_threshold_0.0 - INFO - adv_correct_orig: 10 = 7 + 3
2025-08-22 15:23:05,893 - ADV_Generation_eps_4.0_steps_100_image_only_attack_prm_Purification_type_noisy_anchor_anchors_10_alpha_1.2_sigma_0.18_threshold_0.0 - INFO - adv_pred_purify: tensor([158,   5, 198,  12,  13,  11, 158, 161, 144, 161, 198, 104,   0, 132,
         57,  14], device='cuda:0')
2025-08-22 15:23:05,894 - ADV_Generation_eps_4.0_steps_100_image_only_attack_prm_Purification_type_noisy_anchor_anchors_10_alpha_1.2_sigma_0.18_threshold_0.0 - INFO - adv_correct_purify: 1 = 1 + 0
2025-08-22 15:23:07,640 - ADV_Generation_eps_4.0_steps_100_image_only_attack_prm_Purification_type_noisy_anchor_anchors_10_alpha_1.2_sigma_0.18_threshold_0.0 - INFO - ======================== Clean Image Evaluation ==========================
2025-08-22 15:23:07,640 - ADV_Generation_eps_4.0_steps_100_image_only_attack_prm_Purification_type_noisy_anchor_anchors_10_alpha_1.2_sigma_0.18_threshold_0.0 - INFO - target: tensor([ 9,  9, 10, 10, 10, 10, 10, 11, 11, 11, 11, 11, 12, 12, 12, 12],
       device='cuda:0')
2025-08-22 15:23:07,641 - ADV_Generation_eps_4.0_steps_100_image_only_attack_prm_Purification_type_noisy_anchor_anchors_10_alpha_1.2_sigma_0.18_threshold_0.0 - INFO - clean_pred: tensor([  9,   9, 198,  11,  13,  10,  25,  81, 144, 163, 198, 163,   7, 132,
         12,  14], device='cuda:0')
2025-08-22 15:23:07,641 - ADV_Generation_eps_4.0_steps_100_image_only_attack_prm_Purification_type_noisy_anchor_anchors_10_alpha_1.2_sigma_0.18_threshold_0.0 - INFO - clean_correct_orig: 13
2025-08-22 15:23:07,641 - ADV_Generation_eps_4.0_steps_100_image_only_attack_prm_Purification_type_noisy_anchor_anchors_10_alpha_1.2_sigma_0.18_threshold_0.0 - INFO - clean_pred_purify: tensor([158,  40, 198,  12,  13,  12, 158, 161, 144, 161, 198, 104,  51, 132,
         57,  14], device='cuda:0')
2025-08-22 15:23:07,641 - ADV_Generation_eps_4.0_steps_100_image_only_attack_prm_Purification_type_noisy_anchor_anchors_10_alpha_1.2_sigma_0.18_threshold_0.0 - INFO - clean_correct_purify: 1
2025-08-22 15:23:07,641 - ADV_Generation_eps_4.0_steps_100_image_only_attack_prm_Purification_type_noisy_anchor_anchors_10_alpha_1.2_sigma_0.18_threshold_0.0 - INFO - adv_correct_purify_clean_correct: 1
2025-08-22 15:23:07,641 - ADV_Generation_eps_4.0_steps_100_image_only_attack_prm_Purification_type_noisy_anchor_anchors_10_alpha_1.2_sigma_0.18_threshold_0.0 - INFO - adv_correct_purify_clean_incorrect: 0
2025-08-22 15:23:07,641 - ADV_Generation_eps_4.0_steps_100_image_only_attack_prm_Purification_type_noisy_anchor_anchors_10_alpha_1.2_sigma_0.18_threshold_0.0 - INFO - clean_correct_purify_clean_correct: 1
2025-08-22 15:23:07,641 - ADV_Generation_eps_4.0_steps_100_image_only_attack_prm_Purification_type_noisy_anchor_anchors_10_alpha_1.2_sigma_0.18_threshold_0.0 - INFO - clean_correct_purify_clean_incorrect: 0
2025-08-22 15:23:07,642 - ADV_Generation_eps_4.0_steps_100_image_only_attack_prm_Purification_type_noisy_anchor_anchors_10_alpha_1.2_sigma_0.18_threshold_0.0 - INFO - Batch 4/63: Clean orig accuracy 0.2031 | Clean purify accuracy 0.0156 | Adv orig accuracy: 0.1562 | Adv purify accuracy: 0.0156 | Adv purify acc on clean correct: 0.0769 | Adv purify acc on clean incorrect: 0.0000 | Clean purify acc on clean correct: 0.0769 | Clean purify acc on clean incorrect: 0.0000
2025-08-22 15:23:56,038 - ADV_Generation_eps_4.0_steps_100_image_only_attack_prm_Purification_type_noisy_anchor_anchors_10_alpha_1.2_sigma_0.18_threshold_0.0 - INFO - Generated adversarial images for the entire batch.
2025-08-22 15:23:56,044 - ADV_Generation_eps_4.0_steps_100_image_only_attack_prm_Purification_type_noisy_anchor_anchors_10_alpha_1.2_sigma_0.18_threshold_0.0 - INFO - Batch:[4] Image: [0] Saved adversarial tensor to /leonardo_work/EUHPC_R04_192/fmohamma/Adversarial_Robust_Clip/atpt_data/delta_clip_l14_224/A/adv_images_eps_4.0_alpha_1.0_steps_100_image_only_attack_prm/n01694178_0.000378_white-headed capuchin _ white-headed capuchin_0.9977823.pt
2025-08-22 15:23:56,048 - ADV_Generation_eps_4.0_steps_100_image_only_attack_prm_Purification_type_noisy_anchor_anchors_10_alpha_1.2_sigma_0.18_threshold_0.0 - INFO - Batch:[4] Image: [1] Saved adversarial tensor to /leonardo_work/EUHPC_R04_192/fmohamma/Adversarial_Robust_Clip/atpt_data/delta_clip_l14_224/A/adv_images_eps_4.0_alpha_1.0_steps_100_image_only_attack_prm/n01698640_0.000146_lighthouse _ lighthouse_0.8453865.pt
2025-08-22 15:23:56,157 - ADV_Generation_eps_4.0_steps_100_image_only_attack_prm_Purification_type_noisy_anchor_anchors_10_alpha_1.2_sigma_0.18_threshold_0.0 - INFO - Batch:[4] Image: [2] Saved adversarial tensor to /leonardo_work/EUHPC_R04_192/fmohamma/Adversarial_Robust_Clip/atpt_data/delta_clip_l14_224/A/adv_images_eps_4.0_alpha_1.0_steps_100_image_only_attack_prm/n01698640_0.000316_ambulance _ ambulance_0.8517552.pt
2025-08-22 15:23:56,160 - ADV_Generation_eps_4.0_steps_100_image_only_attack_prm_Purification_type_noisy_anchor_anchors_10_alpha_1.2_sigma_0.18_threshold_0.0 - INFO - Batch:[4] Image: [3] Saved adversarial tensor to /leonardo_work/EUHPC_R04_192/fmohamma/Adversarial_Robust_Clip/atpt_data/delta_clip_l14_224/A/adv_images_eps_4.0_alpha_1.0_steps_100_image_only_attack_prm/n01698640_0.000325_unicycle _ unicycle_0.23639943.pt
2025-08-22 15:23:56,163 - ADV_Generation_eps_4.0_steps_100_image_only_attack_prm_Purification_type_noisy_anchor_anchors_10_alpha_1.2_sigma_0.18_threshold_0.0 - INFO - Batch:[4] Image: [4] Saved adversarial tensor to /leonardo_work/EUHPC_R04_192/fmohamma/Adversarial_Robust_Clip/atpt_data/delta_clip_l14_224/A/adv_images_eps_4.0_alpha_1.0_steps_100_image_only_attack_prm/n01698640_0.000330_volcano _ volcano_0.8628494.pt
2025-08-22 15:23:56,167 - ADV_Generation_eps_4.0_steps_100_image_only_attack_prm_Purification_type_noisy_anchor_anchors_10_alpha_1.2_sigma_0.18_threshold_0.0 - INFO - Batch:[4] Image: [5] Saved adversarial tensor to /leonardo_work/EUHPC_R04_192/fmohamma/Adversarial_Robust_Clip/atpt_data/delta_clip_l14_224/A/adv_images_eps_4.0_alpha_1.0_steps_100_image_only_attack_prm/n01698640_0.000342_bow _ bow_0.6797174.pt
2025-08-22 15:23:56,170 - ADV_Generation_eps_4.0_steps_100_image_only_attack_prm_Purification_type_noisy_anchor_anchors_10_alpha_1.2_sigma_0.18_threshold_0.0 - INFO - Batch:[4] Image: [6] Saved adversarial tensor to /leonardo_work/EUHPC_R04_192/fmohamma/Adversarial_Robust_Clip/atpt_data/delta_clip_l14_224/A/adv_images_eps_4.0_alpha_1.0_steps_100_image_only_attack_prm/n01735189_0.000011_sleeping bag _ sleeping bag_0.8492054.pt
2025-08-22 15:23:56,172 - ADV_Generation_eps_4.0_steps_100_image_only_attack_prm_Purification_type_noisy_anchor_anchors_10_alpha_1.2_sigma_0.18_threshold_0.0 - INFO - Batch:[4] Image: [7] Saved adversarial tensor to /leonardo_work/EUHPC_R04_192/fmohamma/Adversarial_Robust_Clip/atpt_data/delta_clip_l14_224/A/adv_images_eps_4.0_alpha_1.0_steps_100_image_only_attack_prm/n01735189_0.000012_sundial _ sundial_0.9994822.pt
2025-08-22 15:23:56,211 - ADV_Generation_eps_4.0_steps_100_image_only_attack_prm_Purification_type_noisy_anchor_anchors_10_alpha_1.2_sigma_0.18_threshold_0.0 - INFO - Batch:[4] Image: [8] Saved adversarial tensor to /leonardo_work/EUHPC_R04_192/fmohamma/Adversarial_Robust_Clip/atpt_data/delta_clip_l14_224/A/adv_images_eps_4.0_alpha_1.0_steps_100_image_only_attack_prm/n01735189_0.000030_bow _ quill_0.5618652.pt
2025-08-22 15:23:56,275 - ADV_Generation_eps_4.0_steps_100_image_only_attack_prm_Purification_type_noisy_anchor_anchors_10_alpha_1.2_sigma_0.18_threshold_0.0 - INFO - Batch:[4] Image: [9] Saved adversarial tensor to /leonardo_work/EUHPC_R04_192/fmohamma/Adversarial_Robust_Clip/atpt_data/delta_clip_l14_224/A/adv_images_eps_4.0_alpha_1.0_steps_100_image_only_attack_prm/n01735189_0.000086_Persian cat _ Persian cat_0.79205406.pt
2025-08-22 15:23:56,279 - ADV_Generation_eps_4.0_steps_100_image_only_attack_prm_Purification_type_noisy_anchor_anchors_10_alpha_1.2_sigma_0.18_threshold_0.0 - INFO - Batch:[4] Image: [10] Saved adversarial tensor to /leonardo_work/EUHPC_R04_192/fmohamma/Adversarial_Robust_Clip/atpt_data/delta_clip_l14_224/A/adv_images_eps_4.0_alpha_1.0_steps_100_image_only_attack_prm/n01735189_0.000118_bow _ bow_0.9672299.pt
2025-08-22 15:23:56,282 - ADV_Generation_eps_4.0_steps_100_image_only_attack_prm_Purification_type_noisy_anchor_anchors_10_alpha_1.2_sigma_0.18_threshold_0.0 - INFO - Batch:[4] Image: [11] Saved adversarial tensor to /leonardo_work/EUHPC_R04_192/fmohamma/Adversarial_Robust_Clip/atpt_data/delta_clip_l14_224/A/adv_images_eps_4.0_alpha_1.0_steps_100_image_only_attack_prm/n01770081_0.000016_mitten _ mitten_0.9551306.pt
2025-08-22 15:23:56,285 - ADV_Generation_eps_4.0_steps_100_image_only_attack_prm_Purification_type_noisy_anchor_anchors_10_alpha_1.2_sigma_0.18_threshold_0.0 - INFO - Batch:[4] Image: [12] Saved adversarial tensor to /leonardo_work/EUHPC_R04_192/fmohamma/Adversarial_Robust_Clip/atpt_data/delta_clip_l14_224/A/adv_images_eps_4.0_alpha_1.0_steps_100_image_only_attack_prm/n01770081_0.000016_soap dispenser _ soap dispenser_0.6874527.pt
2025-08-22 15:23:56,288 - ADV_Generation_eps_4.0_steps_100_image_only_attack_prm_Purification_type_noisy_anchor_anchors_10_alpha_1.2_sigma_0.18_threshold_0.0 - INFO - Batch:[4] Image: [13] Saved adversarial tensor to /leonardo_work/EUHPC_R04_192/fmohamma/Adversarial_Robust_Clip/atpt_data/delta_clip_l14_224/A/adv_images_eps_4.0_alpha_1.0_steps_100_image_only_attack_prm/n01770081_0.000018_drumstick _ syringe_0.75101477.pt
2025-08-22 15:23:56,291 - ADV_Generation_eps_4.0_steps_100_image_only_attack_prm_Purification_type_noisy_anchor_anchors_10_alpha_1.2_sigma_0.18_threshold_0.0 - INFO - Batch:[4] Image: [14] Saved adversarial tensor to /leonardo_work/EUHPC_R04_192/fmohamma/Adversarial_Robust_Clip/atpt_data/delta_clip_l14_224/A/adv_images_eps_4.0_alpha_1.0_steps_100_image_only_attack_prm/n01770081_0.000018_umbrella _ umbrella_0.96658474.pt
2025-08-22 15:23:56,294 - ADV_Generation_eps_4.0_steps_100_image_only_attack_prm_Purification_type_noisy_anchor_anchors_10_alpha_1.2_sigma_0.18_threshold_0.0 - INFO - Batch:[4] Image: [15] Saved adversarial tensor to /leonardo_work/EUHPC_R04_192/fmohamma/Adversarial_Robust_Clip/atpt_data/delta_clip_l14_224/A/adv_images_eps_4.0_alpha_1.0_steps_100_image_only_attack_prm/n01770081_0.000023_mitten _ mitten_0.9282218.pt
2025-08-22 15:23:58,045 - ADV_Generation_eps_4.0_steps_100_image_only_attack_prm_Purification_type_noisy_anchor_anchors_10_alpha_1.2_sigma_0.18_threshold_0.0 - INFO - ======================== Adversarial Image Evaluation ==========================
2025-08-22 15:23:58,046 - ADV_Generation_eps_4.0_steps_100_image_only_attack_prm_Purification_type_noisy_anchor_anchors_10_alpha_1.2_sigma_0.18_threshold_0.0 - INFO - target: tensor([12, 13, 13, 13, 13, 13, 14, 14, 14, 14, 14, 15, 15, 15, 15, 15],
       device='cuda:0')
2025-08-22 15:23:58,046 - ADV_Generation_eps_4.0_steps_100_image_only_attack_prm_Purification_type_noisy_anchor_anchors_10_alpha_1.2_sigma_0.18_threshold_0.0 - INFO - adv_pred: tensor([ 20, 173, 113,  13,  13, 173, 135, 125, 148,  68,  15, 129,  54, 106,
        135, 109], device='cuda:0')
2025-08-22 15:23:58,046 - ADV_Generation_eps_4.0_steps_100_image_only_attack_prm_Purification_type_noisy_anchor_anchors_10_alpha_1.2_sigma_0.18_threshold_0.0 - INFO - adv_correct_orig: 12 = 10 + 2
2025-08-22 15:23:58,047 - ADV_Generation_eps_4.0_steps_100_image_only_attack_prm_Purification_type_noisy_anchor_anchors_10_alpha_1.2_sigma_0.18_threshold_0.0 - INFO - adv_pred_purify: tensor([196, 173, 113,  13,  14, 105,  95, 171,  98,  28,   4,  46, 115, 145,
        175,  14], device='cuda:0')
2025-08-22 15:23:58,047 - ADV_Generation_eps_4.0_steps_100_image_only_attack_prm_Purification_type_noisy_anchor_anchors_10_alpha_1.2_sigma_0.18_threshold_0.0 - INFO - adv_correct_purify: 2 = 1 + 1
2025-08-22 15:23:59,793 - ADV_Generation_eps_4.0_steps_100_image_only_attack_prm_Purification_type_noisy_anchor_anchors_10_alpha_1.2_sigma_0.18_threshold_0.0 - INFO - ======================== Clean Image Evaluation ==========================
2025-08-22 15:23:59,793 - ADV_Generation_eps_4.0_steps_100_image_only_attack_prm_Purification_type_noisy_anchor_anchors_10_alpha_1.2_sigma_0.18_threshold_0.0 - INFO - target: tensor([12, 13, 13, 13, 13, 13, 14, 14, 14, 14, 14, 15, 15, 15, 15, 15],
       device='cuda:0')
2025-08-22 15:23:59,794 - ADV_Generation_eps_4.0_steps_100_image_only_attack_prm_Purification_type_noisy_anchor_anchors_10_alpha_1.2_sigma_0.18_threshold_0.0 - INFO - clean_pred: tensor([ 20, 164, 113,  13,  13,  13, 135, 125,  76,  56,  15, 129,  54, 106,
        135, 109], device='cuda:0')
2025-08-22 15:23:59,794 - ADV_Generation_eps_4.0_steps_100_image_only_attack_prm_Purification_type_noisy_anchor_anchors_10_alpha_1.2_sigma_0.18_threshold_0.0 - INFO - clean_correct_orig: 16
2025-08-22 15:23:59,794 - ADV_Generation_eps_4.0_steps_100_image_only_attack_prm_Purification_type_noisy_anchor_anchors_10_alpha_1.2_sigma_0.18_threshold_0.0 - INFO - clean_pred_purify: tensor([196, 173, 121,  13,  14, 105,  95, 171,  98,  28,   4,  46, 115, 145,
        175,  14], device='cuda:0')
2025-08-22 15:23:59,794 - ADV_Generation_eps_4.0_steps_100_image_only_attack_prm_Purification_type_noisy_anchor_anchors_10_alpha_1.2_sigma_0.18_threshold_0.0 - INFO - clean_correct_purify: 2
2025-08-22 15:23:59,794 - ADV_Generation_eps_4.0_steps_100_image_only_attack_prm_Purification_type_noisy_anchor_anchors_10_alpha_1.2_sigma_0.18_threshold_0.0 - INFO - adv_correct_purify_clean_correct: 2
2025-08-22 15:23:59,794 - ADV_Generation_eps_4.0_steps_100_image_only_attack_prm_Purification_type_noisy_anchor_anchors_10_alpha_1.2_sigma_0.18_threshold_0.0 - INFO - adv_correct_purify_clean_incorrect: 0
2025-08-22 15:23:59,794 - ADV_Generation_eps_4.0_steps_100_image_only_attack_prm_Purification_type_noisy_anchor_anchors_10_alpha_1.2_sigma_0.18_threshold_0.0 - INFO - clean_correct_purify_clean_correct: 2
2025-08-22 15:23:59,794 - ADV_Generation_eps_4.0_steps_100_image_only_attack_prm_Purification_type_noisy_anchor_anchors_10_alpha_1.2_sigma_0.18_threshold_0.0 - INFO - clean_correct_purify_clean_incorrect: 0
2025-08-22 15:23:59,795 - ADV_Generation_eps_4.0_steps_100_image_only_attack_prm_Purification_type_noisy_anchor_anchors_10_alpha_1.2_sigma_0.18_threshold_0.0 - INFO - Batch 5/63: Clean orig accuracy 0.2000 | Clean purify accuracy 0.0250 | Adv orig accuracy: 0.1500 | Adv purify accuracy: 0.0250 | Adv purify acc on clean correct: 0.1250 | Adv purify acc on clean incorrect: 0.0000 | Clean purify acc on clean correct: 0.1250 | Clean purify acc on clean incorrect: 0.0000
2025-08-22 15:24:48,233 - ADV_Generation_eps_4.0_steps_100_image_only_attack_prm_Purification_type_noisy_anchor_anchors_10_alpha_1.2_sigma_0.18_threshold_0.0 - INFO - Generated adversarial images for the entire batch.
2025-08-22 15:24:48,239 - ADV_Generation_eps_4.0_steps_100_image_only_attack_prm_Purification_type_noisy_anchor_anchors_10_alpha_1.2_sigma_0.18_threshold_0.0 - INFO - Batch:[5] Image: [0] Saved adversarial tensor to /leonardo_work/EUHPC_R04_192/fmohamma/Adversarial_Robust_Clip/atpt_data/delta_clip_l14_224/A/adv_images_eps_4.0_alpha_1.0_steps_100_image_only_attack_prm/n01770393_0.000011_goblet _ goblet_0.9834335.pt
2025-08-22 15:24:48,245 - ADV_Generation_eps_4.0_steps_100_image_only_attack_prm_Purification_type_noisy_anchor_anchors_10_alpha_1.2_sigma_0.18_threshold_0.0 - INFO - Batch:[5] Image: [1] Saved adversarial tensor to /leonardo_work/EUHPC_R04_192/fmohamma/Adversarial_Robust_Clip/atpt_data/delta_clip_l14_224/A/adv_images_eps_4.0_alpha_1.0_steps_100_image_only_attack_prm/n01770393_0.000022_manhole cover _ manhole cover_0.68376017.pt
2025-08-22 15:24:48,248 - ADV_Generation_eps_4.0_steps_100_image_only_attack_prm_Purification_type_noisy_anchor_anchors_10_alpha_1.2_sigma_0.18_threshold_0.0 - INFO - Batch:[5] Image: [2] Saved adversarial tensor to /leonardo_work/EUHPC_R04_192/fmohamma/Adversarial_Robust_Clip/atpt_data/delta_clip_l14_224/A/adv_images_eps_4.0_alpha_1.0_steps_100_image_only_attack_prm/n01770393_0.000166_beaker _ beaker_0.86199325.pt
2025-08-22 15:24:48,372 - ADV_Generation_eps_4.0_steps_100_image_only_attack_prm_Purification_type_noisy_anchor_anchors_10_alpha_1.2_sigma_0.18_threshold_0.0 - INFO - Batch:[5] Image: [3] Saved adversarial tensor to /leonardo_work/EUHPC_R04_192/fmohamma/Adversarial_Robust_Clip/atpt_data/delta_clip_l14_224/A/adv_images_eps_4.0_alpha_1.0_steps_100_image_only_attack_prm/n01770393_0.000281_piggy bank _ piggy bank_0.40771893.pt
2025-08-22 15:24:48,375 - ADV_Generation_eps_4.0_steps_100_image_only_attack_prm_Purification_type_noisy_anchor_anchors_10_alpha_1.2_sigma_0.18_threshold_0.0 - INFO - Batch:[5] Image: [4] Saved adversarial tensor to /leonardo_work/EUHPC_R04_192/fmohamma/Adversarial_Robust_Clip/atpt_data/delta_clip_l14_224/A/adv_images_eps_4.0_alpha_1.0_steps_100_image_only_attack_prm/n01770393_0.000327_bow _ bow_0.9682565.pt
2025-08-22 15:24:48,377 - ADV_Generation_eps_4.0_steps_100_image_only_attack_prm_Purification_type_noisy_anchor_anchors_10_alpha_1.2_sigma_0.18_threshold_0.0 - INFO - Batch:[5] Image: [5] Saved adversarial tensor to /leonardo_work/EUHPC_R04_192/fmohamma/Adversarial_Robust_Clip/atpt_data/delta_clip_l14_224/A/adv_images_eps_4.0_alpha_1.0_steps_100_image_only_attack_prm/n01774750_0.000029_limousine _ jeep_0.8378654.pt
2025-08-22 15:24:48,381 - ADV_Generation_eps_4.0_steps_100_image_only_attack_prm_Purification_type_noisy_anchor_anchors_10_alpha_1.2_sigma_0.18_threshold_0.0 - INFO - Batch:[5] Image: [6] Saved adversarial tensor to /leonardo_work/EUHPC_R04_192/fmohamma/Adversarial_Robust_Clip/atpt_data/delta_clip_l14_224/A/adv_images_eps_4.0_alpha_1.0_steps_100_image_only_attack_prm/n01774750_0.000413_wheelbarrow _ wheelbarrow_0.8248676.pt
2025-08-22 15:24:48,383 - ADV_Generation_eps_4.0_steps_100_image_only_attack_prm_Purification_type_noisy_anchor_anchors_10_alpha_1.2_sigma_0.18_threshold_0.0 - INFO - Batch:[5] Image: [7] Saved adversarial tensor to /leonardo_work/EUHPC_R04_192/fmohamma/Adversarial_Robust_Clip/atpt_data/delta_clip_l14_224/A/adv_images_eps_4.0_alpha_1.0_steps_100_image_only_attack_prm/n01774750_0.000564_rugby ball _ jellyfish_0.37768367.pt
2025-08-22 15:24:48,387 - ADV_Generation_eps_4.0_steps_100_image_only_attack_prm_Purification_type_noisy_anchor_anchors_10_alpha_1.2_sigma_0.18_threshold_0.0 - INFO - Batch:[5] Image: [8] Saved adversarial tensor to /leonardo_work/EUHPC_R04_192/fmohamma/Adversarial_Robust_Clip/atpt_data/delta_clip_l14_224/A/adv_images_eps_4.0_alpha_1.0_steps_100_image_only_attack_prm/n01774750_0.001363_armadillo _ armadillo_0.8651411.pt
2025-08-22 15:24:48,391 - ADV_Generation_eps_4.0_steps_100_image_only_attack_prm_Purification_type_noisy_anchor_anchors_10_alpha_1.2_sigma_0.18_threshold_0.0 - INFO - Batch:[5] Image: [9] Saved adversarial tensor to /leonardo_work/EUHPC_R04_192/fmohamma/Adversarial_Robust_Clip/atpt_data/delta_clip_l14_224/A/adv_images_eps_4.0_alpha_1.0_steps_100_image_only_attack_prm/n01774750_0.001421_bison _ bison_0.7146037.pt
2025-08-22 15:24:48,393 - ADV_Generation_eps_4.0_steps_100_image_only_attack_prm_Purification_type_noisy_anchor_anchors_10_alpha_1.2_sigma_0.18_threshold_0.0 - INFO - Batch:[5] Image: [10] Saved adversarial tensor to /leonardo_work/EUHPC_R04_192/fmohamma/Adversarial_Robust_Clip/atpt_data/delta_clip_l14_224/A/adv_images_eps_4.0_alpha_1.0_steps_100_image_only_attack_prm/n01784675_0.000006_rotary dial telephone _ rotary dial telephone_0.89286095.pt
2025-08-22 15:24:48,396 - ADV_Generation_eps_4.0_steps_100_image_only_attack_prm_Purification_type_noisy_anchor_anchors_10_alpha_1.2_sigma_0.18_threshold_0.0 - INFO - Batch:[5] Image: [11] Saved adversarial tensor to /leonardo_work/EUHPC_R04_192/fmohamma/Adversarial_Robust_Clip/atpt_data/delta_clip_l14_224/A/adv_images_eps_4.0_alpha_1.0_steps_100_image_only_attack_prm/n01784675_0.000095_salt shaker _ salt shaker_0.8780039.pt
2025-08-22 15:24:48,398 - ADV_Generation_eps_4.0_steps_100_image_only_attack_prm_Purification_type_noisy_anchor_anchors_10_alpha_1.2_sigma_0.18_threshold_0.0 - INFO - Batch:[5] Image: [12] Saved adversarial tensor to /leonardo_work/EUHPC_R04_192/fmohamma/Adversarial_Robust_Clip/atpt_data/delta_clip_l14_224/A/adv_images_eps_4.0_alpha_1.0_steps_100_image_only_attack_prm/n01784675_0.000121_breastplate _ salt shaker_0.9074633.pt
2025-08-22 15:24:48,400 - ADV_Generation_eps_4.0_steps_100_image_only_attack_prm_Purification_type_noisy_anchor_anchors_10_alpha_1.2_sigma_0.18_threshold_0.0 - INFO - Batch:[5] Image: [13] Saved adversarial tensor to /leonardo_work/EUHPC_R04_192/fmohamma/Adversarial_Robust_Clip/atpt_data/delta_clip_l14_224/A/adv_images_eps_4.0_alpha_1.0_steps_100_image_only_attack_prm/n01784675_0.000134_washing machine _ washing machine_0.97714376.pt
2025-08-22 15:24:48,403 - ADV_Generation_eps_4.0_steps_100_image_only_attack_prm_Purification_type_noisy_anchor_anchors_10_alpha_1.2_sigma_0.18_threshold_0.0 - INFO - Batch:[5] Image: [14] Saved adversarial tensor to /leonardo_work/EUHPC_R04_192/fmohamma/Adversarial_Robust_Clip/atpt_data/delta_clip_l14_224/A/adv_images_eps_4.0_alpha_1.0_steps_100_image_only_attack_prm/n01784675_0.000194_chest _ chest_0.99381906.pt
2025-08-22 15:24:48,407 - ADV_Generation_eps_4.0_steps_100_image_only_attack_prm_Purification_type_noisy_anchor_anchors_10_alpha_1.2_sigma_0.18_threshold_0.0 - INFO - Batch:[5] Image: [15] Saved adversarial tensor to /leonardo_work/EUHPC_R04_192/fmohamma/Adversarial_Robust_Clip/atpt_data/delta_clip_l14_224/A/adv_images_eps_4.0_alpha_1.0_steps_100_image_only_attack_prm/n01819313_0.000032_canoe _ canoe_0.6866571.pt
2025-08-22 15:24:50,777 - ADV_Generation_eps_4.0_steps_100_image_only_attack_prm_Purification_type_noisy_anchor_anchors_10_alpha_1.2_sigma_0.18_threshold_0.0 - INFO - ======================== Adversarial Image Evaluation ==========================
2025-08-22 15:24:50,777 - ADV_Generation_eps_4.0_steps_100_image_only_attack_prm_Purification_type_noisy_anchor_anchors_10_alpha_1.2_sigma_0.18_threshold_0.0 - INFO - target: tensor([16, 16, 16, 16, 16, 17, 17, 17, 17, 17, 18, 18, 18, 18, 18, 19],
       device='cuda:0')
2025-08-22 15:24:50,778 - ADV_Generation_eps_4.0_steps_100_image_only_attack_prm_Purification_type_noisy_anchor_anchors_10_alpha_1.2_sigma_0.18_threshold_0.0 - INFO - adv_pred: tensor([190,  55,  88, 145,  90, 121, 152,  29,  17, 158, 125,  88, 144, 156,
        105,  35], device='cuda:0')
2025-08-22 15:24:50,778 - ADV_Generation_eps_4.0_steps_100_image_only_attack_prm_Purification_type_noisy_anchor_anchors_10_alpha_1.2_sigma_0.18_threshold_0.0 - INFO - adv_correct_orig: 13 = 12 + 1
2025-08-22 15:24:50,778 - ADV_Generation_eps_4.0_steps_100_image_only_attack_prm_Purification_type_noisy_anchor_anchors_10_alpha_1.2_sigma_0.18_threshold_0.0 - INFO - adv_pred_purify: tensor([190,  54, 163,  82, 116, 121,  76, 174, 129,   0, 125, 199, 144,  89,
        196,  98], device='cuda:0')
2025-08-22 15:24:50,778 - ADV_Generation_eps_4.0_steps_100_image_only_attack_prm_Purification_type_noisy_anchor_anchors_10_alpha_1.2_sigma_0.18_threshold_0.0 - INFO - adv_correct_purify: 2 = 2 + 0
2025-08-22 15:24:52,524 - ADV_Generation_eps_4.0_steps_100_image_only_attack_prm_Purification_type_noisy_anchor_anchors_10_alpha_1.2_sigma_0.18_threshold_0.0 - INFO - ======================== Clean Image Evaluation ==========================
2025-08-22 15:24:52,525 - ADV_Generation_eps_4.0_steps_100_image_only_attack_prm_Purification_type_noisy_anchor_anchors_10_alpha_1.2_sigma_0.18_threshold_0.0 - INFO - target: tensor([16, 16, 16, 16, 16, 17, 17, 17, 17, 17, 18, 18, 18, 18, 18, 19],
       device='cuda:0')
2025-08-22 15:24:52,525 - ADV_Generation_eps_4.0_steps_100_image_only_attack_prm_Purification_type_noisy_anchor_anchors_10_alpha_1.2_sigma_0.18_threshold_0.0 - INFO - clean_pred: tensor([190,  55,  88, 145,  90, 121, 152,  88,  17,  70, 125, 146, 114,  53,
        105, 113], device='cuda:0')
2025-08-22 15:24:52,525 - ADV_Generation_eps_4.0_steps_100_image_only_attack_prm_Purification_type_noisy_anchor_anchors_10_alpha_1.2_sigma_0.18_threshold_0.0 - INFO - clean_correct_orig: 17
2025-08-22 15:24:52,526 - ADV_Generation_eps_4.0_steps_100_image_only_attack_prm_Purification_type_noisy_anchor_anchors_10_alpha_1.2_sigma_0.18_threshold_0.0 - INFO - clean_pred_purify: tensor([190,  54, 163,  82, 195, 121,  76, 174, 129,   0, 125, 199, 144, 175,
        161,  98], device='cuda:0')
2025-08-22 15:24:52,526 - ADV_Generation_eps_4.0_steps_100_image_only_attack_prm_Purification_type_noisy_anchor_anchors_10_alpha_1.2_sigma_0.18_threshold_0.0 - INFO - clean_correct_purify: 2
2025-08-22 15:24:52,526 - ADV_Generation_eps_4.0_steps_100_image_only_attack_prm_Purification_type_noisy_anchor_anchors_10_alpha_1.2_sigma_0.18_threshold_0.0 - INFO - adv_correct_purify_clean_correct: 2
2025-08-22 15:24:52,526 - ADV_Generation_eps_4.0_steps_100_image_only_attack_prm_Purification_type_noisy_anchor_anchors_10_alpha_1.2_sigma_0.18_threshold_0.0 - INFO - adv_correct_purify_clean_incorrect: 0
2025-08-22 15:24:52,526 - ADV_Generation_eps_4.0_steps_100_image_only_attack_prm_Purification_type_noisy_anchor_anchors_10_alpha_1.2_sigma_0.18_threshold_0.0 - INFO - clean_correct_purify_clean_correct: 2
2025-08-22 15:24:52,526 - ADV_Generation_eps_4.0_steps_100_image_only_attack_prm_Purification_type_noisy_anchor_anchors_10_alpha_1.2_sigma_0.18_threshold_0.0 - INFO - clean_correct_purify_clean_incorrect: 0
2025-08-22 15:24:52,527 - ADV_Generation_eps_4.0_steps_100_image_only_attack_prm_Purification_type_noisy_anchor_anchors_10_alpha_1.2_sigma_0.18_threshold_0.0 - INFO - Batch 6/63: Clean orig accuracy 0.1771 | Clean purify accuracy 0.0208 | Adv orig accuracy: 0.1354 | Adv purify accuracy: 0.0208 | Adv purify acc on clean correct: 0.1176 | Adv purify acc on clean incorrect: 0.0000 | Clean purify acc on clean correct: 0.1176 | Clean purify acc on clean incorrect: 0.0000
2025-08-22 15:25:40,943 - ADV_Generation_eps_4.0_steps_100_image_only_attack_prm_Purification_type_noisy_anchor_anchors_10_alpha_1.2_sigma_0.18_threshold_0.0 - INFO - Generated adversarial images for the entire batch.
2025-08-22 15:25:40,946 - ADV_Generation_eps_4.0_steps_100_image_only_attack_prm_Purification_type_noisy_anchor_anchors_10_alpha_1.2_sigma_0.18_threshold_0.0 - INFO - Batch:[6] Image: [0] Saved adversarial tensor to /leonardo_work/EUHPC_R04_192/fmohamma/Adversarial_Robust_Clip/atpt_data/delta_clip_l14_224/A/adv_images_eps_4.0_alpha_1.0_steps_100_image_only_attack_prm/n01819313_0.000202_limousine _ snowplow_0.46314377.pt
2025-08-22 15:25:40,950 - ADV_Generation_eps_4.0_steps_100_image_only_attack_prm_Purification_type_noisy_anchor_anchors_10_alpha_1.2_sigma_0.18_threshold_0.0 - INFO - Batch:[6] Image: [1] Saved adversarial tensor to /leonardo_work/EUHPC_R04_192/fmohamma/Adversarial_Robust_Clip/atpt_data/delta_clip_l14_224/A/adv_images_eps_4.0_alpha_1.0_steps_100_image_only_attack_prm/n01819313_0.000304_flagpole _ flagpole_0.7454756.pt
2025-08-22 15:25:40,953 - ADV_Generation_eps_4.0_steps_100_image_only_attack_prm_Purification_type_noisy_anchor_anchors_10_alpha_1.2_sigma_0.18_threshold_0.0 - INFO - Batch:[6] Image: [2] Saved adversarial tensor to /leonardo_work/EUHPC_R04_192/fmohamma/Adversarial_Robust_Clip/atpt_data/delta_clip_l14_224/A/adv_images_eps_4.0_alpha_1.0_steps_100_image_only_attack_prm/n01819313_0.000346_flagpole _ flagpole_0.991319.pt
2025-08-22 15:25:40,955 - ADV_Generation_eps_4.0_steps_100_image_only_attack_prm_Purification_type_noisy_anchor_anchors_10_alpha_1.2_sigma_0.18_threshold_0.0 - INFO - Batch:[6] Image: [3] Saved adversarial tensor to /leonardo_work/EUHPC_R04_192/fmohamma/Adversarial_Robust_Clip/atpt_data/delta_clip_l14_224/A/adv_images_eps_4.0_alpha_1.0_steps_100_image_only_attack_prm/n01819313_0.000359_barn _ barn_0.50658125.pt
2025-08-22 15:25:40,957 - ADV_Generation_eps_4.0_steps_100_image_only_attack_prm_Purification_type_noisy_anchor_anchors_10_alpha_1.2_sigma_0.18_threshold_0.0 - INFO - Batch:[6] Image: [4] Saved adversarial tensor to /leonardo_work/EUHPC_R04_192/fmohamma/Adversarial_Robust_Clip/atpt_data/delta_clip_l14_224/A/adv_images_eps_4.0_alpha_1.0_steps_100_image_only_attack_prm/n01820546_0.000008_flagpole _ flagpole_0.9885371.pt
2025-08-22 15:25:40,960 - ADV_Generation_eps_4.0_steps_100_image_only_attack_prm_Purification_type_noisy_anchor_anchors_10_alpha_1.2_sigma_0.18_threshold_0.0 - INFO - Batch:[6] Image: [5] Saved adversarial tensor to /leonardo_work/EUHPC_R04_192/fmohamma/Adversarial_Robust_Clip/atpt_data/delta_clip_l14_224/A/adv_images_eps_4.0_alpha_1.0_steps_100_image_only_attack_prm/n01820546_0.000014_pelican _ pelican_0.857277.pt
2025-08-22 15:25:40,963 - ADV_Generation_eps_4.0_steps_100_image_only_attack_prm_Purification_type_noisy_anchor_anchors_10_alpha_1.2_sigma_0.18_threshold_0.0 - INFO - Batch:[6] Image: [6] Saved adversarial tensor to /leonardo_work/EUHPC_R04_192/fmohamma/Adversarial_Robust_Clip/atpt_data/delta_clip_l14_224/A/adv_images_eps_4.0_alpha_1.0_steps_100_image_only_attack_prm/n01820546_0.000016_flagpole _ flagpole_0.994472.pt
2025-08-22 15:25:40,965 - ADV_Generation_eps_4.0_steps_100_image_only_attack_prm_Purification_type_noisy_anchor_anchors_10_alpha_1.2_sigma_0.18_threshold_0.0 - INFO - Batch:[6] Image: [7] Saved adversarial tensor to /leonardo_work/EUHPC_R04_192/fmohamma/Adversarial_Robust_Clip/atpt_data/delta_clip_l14_224/A/adv_images_eps_4.0_alpha_1.0_steps_100_image_only_attack_prm/n01820546_0.000037_flagpole _ flagpole_0.7662335.pt
2025-08-22 15:25:40,967 - ADV_Generation_eps_4.0_steps_100_image_only_attack_prm_Purification_type_noisy_anchor_anchors_10_alpha_1.2_sigma_0.18_threshold_0.0 - INFO - Batch:[6] Image: [8] Saved adversarial tensor to /leonardo_work/EUHPC_R04_192/fmohamma/Adversarial_Robust_Clip/atpt_data/delta_clip_l14_224/A/adv_images_eps_4.0_alpha_1.0_steps_100_image_only_attack_prm/n01820546_0.000077_pelican _ pelican_0.7214187.pt
2025-08-22 15:25:40,969 - ADV_Generation_eps_4.0_steps_100_image_only_attack_prm_Purification_type_noisy_anchor_anchors_10_alpha_1.2_sigma_0.18_threshold_0.0 - INFO - Batch:[6] Image: [9] Saved adversarial tensor to /leonardo_work/EUHPC_R04_192/fmohamma/Adversarial_Robust_Clip/atpt_data/delta_clip_l14_224/A/adv_images_eps_4.0_alpha_1.0_steps_100_image_only_attack_prm/n01833805_0.000056_fox squirrel _ marmot_0.7680684.pt
2025-08-22 15:25:40,972 - ADV_Generation_eps_4.0_steps_100_image_only_attack_prm_Purification_type_noisy_anchor_anchors_10_alpha_1.2_sigma_0.18_threshold_0.0 - INFO - Batch:[6] Image: [10] Saved adversarial tensor to /leonardo_work/EUHPC_R04_192/fmohamma/Adversarial_Robust_Clip/atpt_data/delta_clip_l14_224/A/adv_images_eps_4.0_alpha_1.0_steps_100_image_only_attack_prm/n01833805_0.000073_wheelbarrow _ wheelbarrow_0.7914403.pt
2025-08-22 15:25:40,975 - ADV_Generation_eps_4.0_steps_100_image_only_attack_prm_Purification_type_noisy_anchor_anchors_10_alpha_1.2_sigma_0.18_threshold_0.0 - INFO - Batch:[6] Image: [11] Saved adversarial tensor to /leonardo_work/EUHPC_R04_192/fmohamma/Adversarial_Robust_Clip/atpt_data/delta_clip_l14_224/A/adv_images_eps_4.0_alpha_1.0_steps_100_image_only_attack_prm/n01833805_0.000084_organ _ organ_0.82792205.pt
2025-08-22 15:25:40,977 - ADV_Generation_eps_4.0_steps_100_image_only_attack_prm_Purification_type_noisy_anchor_anchors_10_alpha_1.2_sigma_0.18_threshold_0.0 - INFO - Batch:[6] Image: [12] Saved adversarial tensor to /leonardo_work/EUHPC_R04_192/fmohamma/Adversarial_Robust_Clip/atpt_data/delta_clip_l14_224/A/adv_images_eps_4.0_alpha_1.0_steps_100_image_only_attack_prm/n01833805_0.000091_acorn _ acorn_0.9304406.pt
2025-08-22 15:25:40,979 - ADV_Generation_eps_4.0_steps_100_image_only_attack_prm_Purification_type_noisy_anchor_anchors_10_alpha_1.2_sigma_0.18_threshold_0.0 - INFO - Batch:[6] Image: [13] Saved adversarial tensor to /leonardo_work/EUHPC_R04_192/fmohamma/Adversarial_Robust_Clip/atpt_data/delta_clip_l14_224/A/adv_images_eps_4.0_alpha_1.0_steps_100_image_only_attack_prm/n01833805_0.000142_acorn _ acorn_0.9798972.pt
2025-08-22 15:25:40,983 - ADV_Generation_eps_4.0_steps_100_image_only_attack_prm_Purification_type_noisy_anchor_anchors_10_alpha_1.2_sigma_0.18_threshold_0.0 - INFO - Batch:[6] Image: [14] Saved adversarial tensor to /leonardo_work/EUHPC_R04_192/fmohamma/Adversarial_Robust_Clip/atpt_data/delta_clip_l14_224/A/adv_images_eps_4.0_alpha_1.0_steps_100_image_only_attack_prm/n01843383_0.000030_forklift _ forklift_0.98144597.pt
2025-08-22 15:25:40,986 - ADV_Generation_eps_4.0_steps_100_image_only_attack_prm_Purification_type_noisy_anchor_anchors_10_alpha_1.2_sigma_0.18_threshold_0.0 - INFO - Batch:[6] Image: [15] Saved adversarial tensor to /leonardo_work/EUHPC_R04_192/fmohamma/Adversarial_Robust_Clip/atpt_data/delta_clip_l14_224/A/adv_images_eps_4.0_alpha_1.0_steps_100_image_only_attack_prm/n01843383_0.000112_stick insect _ stick insect_0.8070398.pt
2025-08-22 15:25:42,736 - ADV_Generation_eps_4.0_steps_100_image_only_attack_prm_Purification_type_noisy_anchor_anchors_10_alpha_1.2_sigma_0.18_threshold_0.0 - INFO - ======================== Adversarial Image Evaluation ==========================
2025-08-22 15:25:42,737 - ADV_Generation_eps_4.0_steps_100_image_only_attack_prm_Purification_type_noisy_anchor_anchors_10_alpha_1.2_sigma_0.18_threshold_0.0 - INFO - target: tensor([19, 19, 19, 19, 20, 20, 20, 20, 20, 21, 21, 21, 21, 21, 22, 22],
       device='cuda:0')
2025-08-22 15:25:42,737 - ADV_Generation_eps_4.0_steps_100_image_only_attack_prm_Purification_type_noisy_anchor_anchors_10_alpha_1.2_sigma_0.18_threshold_0.0 - INFO - adv_pred: tensor([136,  93, 110,  84, 110,  24,  21, 173,  21,  90,  90,  84,  50, 189,
        182,  33], device='cuda:0')
2025-08-22 15:25:42,737 - ADV_Generation_eps_4.0_steps_100_image_only_attack_prm_Purification_type_noisy_anchor_anchors_10_alpha_1.2_sigma_0.18_threshold_0.0 - INFO - adv_correct_orig: 13 = 13 + 0
2025-08-22 15:25:42,738 - ADV_Generation_eps_4.0_steps_100_image_only_attack_prm_Purification_type_noisy_anchor_anchors_10_alpha_1.2_sigma_0.18_threshold_0.0 - INFO - adv_pred_purify: tensor([121,  96, 110,  84,  50,  21, 158, 110,  21, 104,  14,  84, 180, 199,
        162,   3], device='cuda:0')
2025-08-22 15:25:42,738 - ADV_Generation_eps_4.0_steps_100_image_only_attack_prm_Purification_type_noisy_anchor_anchors_10_alpha_1.2_sigma_0.18_threshold_0.0 - INFO - adv_correct_purify: 2 = 2 + 0
2025-08-22 15:25:44,484 - ADV_Generation_eps_4.0_steps_100_image_only_attack_prm_Purification_type_noisy_anchor_anchors_10_alpha_1.2_sigma_0.18_threshold_0.0 - INFO - ======================== Clean Image Evaluation ==========================
2025-08-22 15:25:44,484 - ADV_Generation_eps_4.0_steps_100_image_only_attack_prm_Purification_type_noisy_anchor_anchors_10_alpha_1.2_sigma_0.18_threshold_0.0 - INFO - target: tensor([19, 19, 19, 19, 20, 20, 20, 20, 20, 21, 21, 21, 21, 21, 22, 22],
       device='cuda:0')
2025-08-22 15:25:44,485 - ADV_Generation_eps_4.0_steps_100_image_only_attack_prm_Purification_type_noisy_anchor_anchors_10_alpha_1.2_sigma_0.18_threshold_0.0 - INFO - clean_pred: tensor([136,  93, 110,  84, 110,  24,  21, 173,  24,  66,   6,  84,  50, 189,
        182,   3], device='cuda:0')
2025-08-22 15:25:44,485 - ADV_Generation_eps_4.0_steps_100_image_only_attack_prm_Purification_type_noisy_anchor_anchors_10_alpha_1.2_sigma_0.18_threshold_0.0 - INFO - clean_correct_orig: 17
2025-08-22 15:25:44,485 - ADV_Generation_eps_4.0_steps_100_image_only_attack_prm_Purification_type_noisy_anchor_anchors_10_alpha_1.2_sigma_0.18_threshold_0.0 - INFO - clean_pred_purify: tensor([121,  96, 110,  84,  50,  21, 158, 110,  21, 104,  14,  84,  57, 199,
        162,   3], device='cuda:0')
2025-08-22 15:25:44,485 - ADV_Generation_eps_4.0_steps_100_image_only_attack_prm_Purification_type_noisy_anchor_anchors_10_alpha_1.2_sigma_0.18_threshold_0.0 - INFO - clean_correct_purify: 2
2025-08-22 15:25:44,485 - ADV_Generation_eps_4.0_steps_100_image_only_attack_prm_Purification_type_noisy_anchor_anchors_10_alpha_1.2_sigma_0.18_threshold_0.0 - INFO - adv_correct_purify_clean_correct: 2
2025-08-22 15:25:44,485 - ADV_Generation_eps_4.0_steps_100_image_only_attack_prm_Purification_type_noisy_anchor_anchors_10_alpha_1.2_sigma_0.18_threshold_0.0 - INFO - adv_correct_purify_clean_incorrect: 0
2025-08-22 15:25:44,485 - ADV_Generation_eps_4.0_steps_100_image_only_attack_prm_Purification_type_noisy_anchor_anchors_10_alpha_1.2_sigma_0.18_threshold_0.0 - INFO - clean_correct_purify_clean_correct: 2
2025-08-22 15:25:44,485 - ADV_Generation_eps_4.0_steps_100_image_only_attack_prm_Purification_type_noisy_anchor_anchors_10_alpha_1.2_sigma_0.18_threshold_0.0 - INFO - clean_correct_purify_clean_incorrect: 0
2025-08-22 15:25:44,486 - ADV_Generation_eps_4.0_steps_100_image_only_attack_prm_Purification_type_noisy_anchor_anchors_10_alpha_1.2_sigma_0.18_threshold_0.0 - INFO - Batch 7/63: Clean orig accuracy 0.1518 | Clean purify accuracy 0.0179 | Adv orig accuracy: 0.1161 | Adv purify accuracy: 0.0179 | Adv purify acc on clean correct: 0.1176 | Adv purify acc on clean incorrect: 0.0000 | Clean purify acc on clean correct: 0.1176 | Clean purify acc on clean incorrect: 0.0000
2025-08-22 15:26:32,863 - ADV_Generation_eps_4.0_steps_100_image_only_attack_prm_Purification_type_noisy_anchor_anchors_10_alpha_1.2_sigma_0.18_threshold_0.0 - INFO - Generated adversarial images for the entire batch.
2025-08-22 15:26:32,865 - ADV_Generation_eps_4.0_steps_100_image_only_attack_prm_Purification_type_noisy_anchor_anchors_10_alpha_1.2_sigma_0.18_threshold_0.0 - INFO - Batch:[7] Image: [0] Saved adversarial tensor to /leonardo_work/EUHPC_R04_192/fmohamma/Adversarial_Robust_Clip/atpt_data/delta_clip_l14_224/A/adv_images_eps_4.0_alpha_1.0_steps_100_image_only_attack_prm/n01843383_0.000136_ant _ ant_0.99731714.pt
2025-08-22 15:26:32,867 - ADV_Generation_eps_4.0_steps_100_image_only_attack_prm_Purification_type_noisy_anchor_anchors_10_alpha_1.2_sigma_0.18_threshold_0.0 - INFO - Batch:[7] Image: [1] Saved adversarial tensor to /leonardo_work/EUHPC_R04_192/fmohamma/Adversarial_Robust_Clip/atpt_data/delta_clip_l14_224/A/adv_images_eps_4.0_alpha_1.0_steps_100_image_only_attack_prm/n01843383_0.000491_lorikeet _ lorikeet_0.3655582.pt
2025-08-22 15:26:32,868 - ADV_Generation_eps_4.0_steps_100_image_only_attack_prm_Purification_type_noisy_anchor_anchors_10_alpha_1.2_sigma_0.18_threshold_0.0 - INFO - Batch:[7] Image: [2] Saved adversarial tensor to /leonardo_work/EUHPC_R04_192/fmohamma/Adversarial_Robust_Clip/atpt_data/delta_clip_l14_224/A/adv_images_eps_4.0_alpha_1.0_steps_100_image_only_attack_prm/n01843383_0.000726_American robin _ American robin_0.47465348.pt
2025-08-22 15:26:32,871 - ADV_Generation_eps_4.0_steps_100_image_only_attack_prm_Purification_type_noisy_anchor_anchors_10_alpha_1.2_sigma_0.18_threshold_0.0 - INFO - Batch:[7] Image: [3] Saved adversarial tensor to /leonardo_work/EUHPC_R04_192/fmohamma/Adversarial_Robust_Clip/atpt_data/delta_clip_l14_224/A/adv_images_eps_4.0_alpha_1.0_steps_100_image_only_attack_prm/n01847000_0.000004_baboon _ baboon_0.9621552.pt
2025-08-22 15:26:32,874 - ADV_Generation_eps_4.0_steps_100_image_only_attack_prm_Purification_type_noisy_anchor_anchors_10_alpha_1.2_sigma_0.18_threshold_0.0 - INFO - Batch:[7] Image: [4] Saved adversarial tensor to /leonardo_work/EUHPC_R04_192/fmohamma/Adversarial_Robust_Clip/atpt_data/delta_clip_l14_224/A/adv_images_eps_4.0_alpha_1.0_steps_100_image_only_attack_prm/n01847000_0.000008_fox squirrel _ schooner_0.59215826.pt
2025-08-22 15:26:32,876 - ADV_Generation_eps_4.0_steps_100_image_only_attack_prm_Purification_type_noisy_anchor_anchors_10_alpha_1.2_sigma_0.18_threshold_0.0 - INFO - Batch:[7] Image: [5] Saved adversarial tensor to /leonardo_work/EUHPC_R04_192/fmohamma/Adversarial_Robust_Clip/atpt_data/delta_clip_l14_224/A/adv_images_eps_4.0_alpha_1.0_steps_100_image_only_attack_prm/n01847000_0.000014_bow _ bow_0.83042914.pt
2025-08-22 15:26:32,879 - ADV_Generation_eps_4.0_steps_100_image_only_attack_prm_Purification_type_noisy_anchor_anchors_10_alpha_1.2_sigma_0.18_threshold_0.0 - INFO - Batch:[7] Image: [6] Saved adversarial tensor to /leonardo_work/EUHPC_R04_192/fmohamma/Adversarial_Robust_Clip/atpt_data/delta_clip_l14_224/A/adv_images_eps_4.0_alpha_1.0_steps_100_image_only_attack_prm/n01847000_0.000020_red fox _ red fox_0.9659681.pt
2025-08-22 15:26:32,882 - ADV_Generation_eps_4.0_steps_100_image_only_attack_prm_Purification_type_noisy_anchor_anchors_10_alpha_1.2_sigma_0.18_threshold_0.0 - INFO - Batch:[7] Image: [7] Saved adversarial tensor to /leonardo_work/EUHPC_R04_192/fmohamma/Adversarial_Robust_Clip/atpt_data/delta_clip_l14_224/A/adv_images_eps_4.0_alpha_1.0_steps_100_image_only_attack_prm/n01847000_0.000033_nail _ nail_0.8363495.pt
2025-08-22 15:26:32,884 - ADV_Generation_eps_4.0_steps_100_image_only_attack_prm_Purification_type_noisy_anchor_anchors_10_alpha_1.2_sigma_0.18_threshold_0.0 - INFO - Batch:[7] Image: [8] Saved adversarial tensor to /leonardo_work/EUHPC_R04_192/fmohamma/Adversarial_Robust_Clip/atpt_data/delta_clip_l14_224/A/adv_images_eps_4.0_alpha_1.0_steps_100_image_only_attack_prm/n01855672_0.000028_limousine _ flagpole_0.59628165.pt
2025-08-22 15:26:32,887 - ADV_Generation_eps_4.0_steps_100_image_only_attack_prm_Purification_type_noisy_anchor_anchors_10_alpha_1.2_sigma_0.18_threshold_0.0 - INFO - Batch:[7] Image: [9] Saved adversarial tensor to /leonardo_work/EUHPC_R04_192/fmohamma/Adversarial_Robust_Clip/atpt_data/delta_clip_l14_224/A/adv_images_eps_4.0_alpha_1.0_steps_100_image_only_attack_prm/n01855672_0.000063_limousine _ limousine_0.9911773.pt
2025-08-22 15:26:32,890 - ADV_Generation_eps_4.0_steps_100_image_only_attack_prm_Purification_type_noisy_anchor_anchors_10_alpha_1.2_sigma_0.18_threshold_0.0 - INFO - Batch:[7] Image: [10] Saved adversarial tensor to /leonardo_work/EUHPC_R04_192/fmohamma/Adversarial_Robust_Clip/atpt_data/delta_clip_l14_224/A/adv_images_eps_4.0_alpha_1.0_steps_100_image_only_attack_prm/n01855672_0.000068_parking meter _ parking meter_0.8407425.pt
2025-08-22 15:26:32,893 - ADV_Generation_eps_4.0_steps_100_image_only_attack_prm_Purification_type_noisy_anchor_anchors_10_alpha_1.2_sigma_0.18_threshold_0.0 - INFO - Batch:[7] Image: [11] Saved adversarial tensor to /leonardo_work/EUHPC_R04_192/fmohamma/Adversarial_Robust_Clip/atpt_data/delta_clip_l14_224/A/adv_images_eps_4.0_alpha_1.0_steps_100_image_only_attack_prm/n01855672_0.000113_ant _ bubble_0.8347764.pt
2025-08-22 15:26:32,895 - ADV_Generation_eps_4.0_steps_100_image_only_attack_prm_Purification_type_noisy_anchor_anchors_10_alpha_1.2_sigma_0.18_threshold_0.0 - INFO - Batch:[7] Image: [12] Saved adversarial tensor to /leonardo_work/EUHPC_R04_192/fmohamma/Adversarial_Robust_Clip/atpt_data/delta_clip_l14_224/A/adv_images_eps_4.0_alpha_1.0_steps_100_image_only_attack_prm/n01855672_0.000135_baboon _ baboon_0.6544463.pt
2025-08-22 15:26:32,902 - ADV_Generation_eps_4.0_steps_100_image_only_attack_prm_Purification_type_noisy_anchor_anchors_10_alpha_1.2_sigma_0.18_threshold_0.0 - INFO - Batch:[7] Image: [13] Saved adversarial tensor to /leonardo_work/EUHPC_R04_192/fmohamma/Adversarial_Robust_Clip/atpt_data/delta_clip_l14_224/A/adv_images_eps_4.0_alpha_1.0_steps_100_image_only_attack_prm/n01882714_0.000040_jellyfish _ jellyfish_0.95128983.pt
2025-08-22 15:26:32,906 - ADV_Generation_eps_4.0_steps_100_image_only_attack_prm_Purification_type_noisy_anchor_anchors_10_alpha_1.2_sigma_0.18_threshold_0.0 - INFO - Batch:[7] Image: [14] Saved adversarial tensor to /leonardo_work/EUHPC_R04_192/fmohamma/Adversarial_Robust_Clip/atpt_data/delta_clip_l14_224/A/adv_images_eps_4.0_alpha_1.0_steps_100_image_only_attack_prm/n01882714_0.000236_jellyfish _ jellyfish_0.878465.pt
2025-08-22 15:26:32,910 - ADV_Generation_eps_4.0_steps_100_image_only_attack_prm_Purification_type_noisy_anchor_anchors_10_alpha_1.2_sigma_0.18_threshold_0.0 - INFO - Batch:[7] Image: [15] Saved adversarial tensor to /leonardo_work/EUHPC_R04_192/fmohamma/Adversarial_Robust_Clip/atpt_data/delta_clip_l14_224/A/adv_images_eps_4.0_alpha_1.0_steps_100_image_only_attack_prm/n01882714_0.000294_cottontail rabbit _ cottontail rabbit_0.79008245.pt
2025-08-22 15:26:35,004 - ADV_Generation_eps_4.0_steps_100_image_only_attack_prm_Purification_type_noisy_anchor_anchors_10_alpha_1.2_sigma_0.18_threshold_0.0 - INFO - ======================== Adversarial Image Evaluation ==========================
2025-08-22 15:26:35,004 - ADV_Generation_eps_4.0_steps_100_image_only_attack_prm_Purification_type_noisy_anchor_anchors_10_alpha_1.2_sigma_0.18_threshold_0.0 - INFO - target: tensor([22, 22, 22, 23, 23, 23, 23, 23, 24, 24, 24, 24, 24, 25, 25, 25],
       device='cuda:0')
2025-08-22 15:26:35,005 - ADV_Generation_eps_4.0_steps_100_image_only_attack_prm_Purification_type_noisy_anchor_anchors_10_alpha_1.2_sigma_0.18_threshold_0.0 - INFO - adv_pred: tensor([  2,  20,   9,  68,   3,  23,  67,  35, 110,  24, 145,   6, 193,  25,
        158,  66], device='cuda:0')
2025-08-22 15:26:35,005 - ADV_Generation_eps_4.0_steps_100_image_only_attack_prm_Purification_type_noisy_anchor_anchors_10_alpha_1.2_sigma_0.18_threshold_0.0 - INFO - adv_correct_orig: 16 = 13 + 3
2025-08-22 15:26:35,005 - ADV_Generation_eps_4.0_steps_100_image_only_attack_prm_Purification_type_noisy_anchor_anchors_10_alpha_1.2_sigma_0.18_threshold_0.0 - INFO - adv_pred_purify: tensor([196, 190, 132,  50,   3,   0,  14,  21,  81, 173, 192, 192, 196,  20,
          0,  44], device='cuda:0')
2025-08-22 15:26:35,005 - ADV_Generation_eps_4.0_steps_100_image_only_attack_prm_Purification_type_noisy_anchor_anchors_10_alpha_1.2_sigma_0.18_threshold_0.0 - INFO - adv_correct_purify: 2 = 2 + 0
2025-08-22 15:26:36,752 - ADV_Generation_eps_4.0_steps_100_image_only_attack_prm_Purification_type_noisy_anchor_anchors_10_alpha_1.2_sigma_0.18_threshold_0.0 - INFO - ======================== Clean Image Evaluation ==========================
2025-08-22 15:26:36,752 - ADV_Generation_eps_4.0_steps_100_image_only_attack_prm_Purification_type_noisy_anchor_anchors_10_alpha_1.2_sigma_0.18_threshold_0.0 - INFO - target: tensor([22, 22, 22, 23, 23, 23, 23, 23, 24, 24, 24, 24, 24, 25, 25, 25],
       device='cuda:0')
2025-08-22 15:26:36,752 - ADV_Generation_eps_4.0_steps_100_image_only_attack_prm_Purification_type_noisy_anchor_anchors_10_alpha_1.2_sigma_0.18_threshold_0.0 - INFO - clean_pred: tensor([  2,  20,   9,  68,   3,  23,  67,  35, 110,  24, 125,  68, 193,  25,
        158,  66], device='cuda:0')
2025-08-22 15:26:36,753 - ADV_Generation_eps_4.0_steps_100_image_only_attack_prm_Purification_type_noisy_anchor_anchors_10_alpha_1.2_sigma_0.18_threshold_0.0 - INFO - clean_correct_orig: 20
2025-08-22 15:26:36,753 - ADV_Generation_eps_4.0_steps_100_image_only_attack_prm_Purification_type_noisy_anchor_anchors_10_alpha_1.2_sigma_0.18_threshold_0.0 - INFO - clean_pred_purify: tensor([196, 190,  52,  68,   3,  12,  14,  21,  81, 173, 192, 192, 196,  20,
          0,  44], device='cuda:0')
2025-08-22 15:26:36,753 - ADV_Generation_eps_4.0_steps_100_image_only_attack_prm_Purification_type_noisy_anchor_anchors_10_alpha_1.2_sigma_0.18_threshold_0.0 - INFO - clean_correct_purify: 2
2025-08-22 15:26:36,753 - ADV_Generation_eps_4.0_steps_100_image_only_attack_prm_Purification_type_noisy_anchor_anchors_10_alpha_1.2_sigma_0.18_threshold_0.0 - INFO - adv_correct_purify_clean_correct: 2
2025-08-22 15:26:36,753 - ADV_Generation_eps_4.0_steps_100_image_only_attack_prm_Purification_type_noisy_anchor_anchors_10_alpha_1.2_sigma_0.18_threshold_0.0 - INFO - adv_correct_purify_clean_incorrect: 0
2025-08-22 15:26:36,753 - ADV_Generation_eps_4.0_steps_100_image_only_attack_prm_Purification_type_noisy_anchor_anchors_10_alpha_1.2_sigma_0.18_threshold_0.0 - INFO - clean_correct_purify_clean_correct: 2
2025-08-22 15:26:36,753 - ADV_Generation_eps_4.0_steps_100_image_only_attack_prm_Purification_type_noisy_anchor_anchors_10_alpha_1.2_sigma_0.18_threshold_0.0 - INFO - clean_correct_purify_clean_incorrect: 0
2025-08-22 15:26:36,754 - ADV_Generation_eps_4.0_steps_100_image_only_attack_prm_Purification_type_noisy_anchor_anchors_10_alpha_1.2_sigma_0.18_threshold_0.0 - INFO - Batch 8/63: Clean orig accuracy 0.1562 | Clean purify accuracy 0.0156 | Adv orig accuracy: 0.1250 | Adv purify accuracy: 0.0156 | Adv purify acc on clean correct: 0.1000 | Adv purify acc on clean incorrect: 0.0000 | Clean purify acc on clean correct: 0.1000 | Clean purify acc on clean incorrect: 0.0000
2025-08-22 15:27:25,121 - ADV_Generation_eps_4.0_steps_100_image_only_attack_prm_Purification_type_noisy_anchor_anchors_10_alpha_1.2_sigma_0.18_threshold_0.0 - INFO - Generated adversarial images for the entire batch.
2025-08-22 15:27:25,124 - ADV_Generation_eps_4.0_steps_100_image_only_attack_prm_Purification_type_noisy_anchor_anchors_10_alpha_1.2_sigma_0.18_threshold_0.0 - INFO - Batch:[8] Image: [0] Saved adversarial tensor to /leonardo_work/EUHPC_R04_192/fmohamma/Adversarial_Robust_Clip/atpt_data/delta_clip_l14_224/A/adv_images_eps_4.0_alpha_1.0_steps_100_image_only_attack_prm/n01882714_0.000305_armadillo _ armadillo_0.8252193.pt
2025-08-22 15:27:25,127 - ADV_Generation_eps_4.0_steps_100_image_only_attack_prm_Purification_type_noisy_anchor_anchors_10_alpha_1.2_sigma_0.18_threshold_0.0 - INFO - Batch:[8] Image: [1] Saved adversarial tensor to /leonardo_work/EUHPC_R04_192/fmohamma/Adversarial_Robust_Clip/atpt_data/delta_clip_l14_224/A/adv_images_eps_4.0_alpha_1.0_steps_100_image_only_attack_prm/n01882714_0.001687_American robin _ American robin_0.59137046.pt
2025-08-22 15:27:25,128 - ADV_Generation_eps_4.0_steps_100_image_only_attack_prm_Purification_type_noisy_anchor_anchors_10_alpha_1.2_sigma_0.18_threshold_0.0 - INFO - Batch:[8] Image: [2] Saved adversarial tensor to /leonardo_work/EUHPC_R04_192/fmohamma/Adversarial_Robust_Clip/atpt_data/delta_clip_l14_224/A/adv_images_eps_4.0_alpha_1.0_steps_100_image_only_attack_prm/n01910747_0.000085_digital clock _ digital clock_0.88629544.pt
2025-08-22 15:27:25,131 - ADV_Generation_eps_4.0_steps_100_image_only_attack_prm_Purification_type_noisy_anchor_anchors_10_alpha_1.2_sigma_0.18_threshold_0.0 - INFO - Batch:[8] Image: [3] Saved adversarial tensor to /leonardo_work/EUHPC_R04_192/fmohamma/Adversarial_Robust_Clip/atpt_data/delta_clip_l14_224/A/adv_images_eps_4.0_alpha_1.0_steps_100_image_only_attack_prm/n01910747_0.000135_stingray _ stingray_0.9995857.pt
2025-08-22 15:27:25,133 - ADV_Generation_eps_4.0_steps_100_image_only_attack_prm_Purification_type_noisy_anchor_anchors_10_alpha_1.2_sigma_0.18_threshold_0.0 - INFO - Batch:[8] Image: [4] Saved adversarial tensor to /leonardo_work/EUHPC_R04_192/fmohamma/Adversarial_Robust_Clip/atpt_data/delta_clip_l14_224/A/adv_images_eps_4.0_alpha_1.0_steps_100_image_only_attack_prm/n01910747_0.000149_shovel _ shovel_0.99430144.pt
2025-08-22 15:27:25,137 - ADV_Generation_eps_4.0_steps_100_image_only_attack_prm_Purification_type_noisy_anchor_anchors_10_alpha_1.2_sigma_0.18_threshold_0.0 - INFO - Batch:[8] Image: [5] Saved adversarial tensor to /leonardo_work/EUHPC_R04_192/fmohamma/Adversarial_Robust_Clip/atpt_data/delta_clip_l14_224/A/adv_images_eps_4.0_alpha_1.0_steps_100_image_only_attack_prm/n01910747_0.000151_American bullfrog _ American bullfrog_0.6908184.pt
2025-08-22 15:27:25,139 - ADV_Generation_eps_4.0_steps_100_image_only_attack_prm_Purification_type_noisy_anchor_anchors_10_alpha_1.2_sigma_0.18_threshold_0.0 - INFO - Batch:[8] Image: [6] Saved adversarial tensor to /leonardo_work/EUHPC_R04_192/fmohamma/Adversarial_Robust_Clip/atpt_data/delta_clip_l14_224/A/adv_images_eps_4.0_alpha_1.0_steps_100_image_only_attack_prm/n01910747_0.000270_hermit crab _ hermit crab_0.8772464.pt
2025-08-22 15:27:25,142 - ADV_Generation_eps_4.0_steps_100_image_only_attack_prm_Purification_type_noisy_anchor_anchors_10_alpha_1.2_sigma_0.18_threshold_0.0 - INFO - Batch:[8] Image: [7] Saved adversarial tensor to /leonardo_work/EUHPC_R04_192/fmohamma/Adversarial_Robust_Clip/atpt_data/delta_clip_l14_224/A/adv_images_eps_4.0_alpha_1.0_steps_100_image_only_attack_prm/n01914609_0.000168_ant _ leafhopper_0.63608336.pt
2025-08-22 15:27:25,143 - ADV_Generation_eps_4.0_steps_100_image_only_attack_prm_Purification_type_noisy_anchor_anchors_10_alpha_1.2_sigma_0.18_threshold_0.0 - INFO - Batch:[8] Image: [8] Saved adversarial tensor to /leonardo_work/EUHPC_R04_192/fmohamma/Adversarial_Robust_Clip/atpt_data/delta_clip_l14_224/A/adv_images_eps_4.0_alpha_1.0_steps_100_image_only_attack_prm/n01914609_0.000192_jellyfish _ jellyfish_0.93023914.pt
2025-08-22 15:27:25,145 - ADV_Generation_eps_4.0_steps_100_image_only_attack_prm_Purification_type_noisy_anchor_anchors_10_alpha_1.2_sigma_0.18_threshold_0.0 - INFO - Batch:[8] Image: [9] Saved adversarial tensor to /leonardo_work/EUHPC_R04_192/fmohamma/Adversarial_Robust_Clip/atpt_data/delta_clip_l14_224/A/adv_images_eps_4.0_alpha_1.0_steps_100_image_only_attack_prm/n01914609_0.000420_jellyfish _ jellyfish_0.9982235.pt
2025-08-22 15:27:25,146 - ADV_Generation_eps_4.0_steps_100_image_only_attack_prm_Purification_type_noisy_anchor_anchors_10_alpha_1.2_sigma_0.18_threshold_0.0 - INFO - Batch:[8] Image: [10] Saved adversarial tensor to /leonardo_work/EUHPC_R04_192/fmohamma/Adversarial_Robust_Clip/atpt_data/delta_clip_l14_224/A/adv_images_eps_4.0_alpha_1.0_steps_100_image_only_attack_prm/n01914609_0.000446_sea lion _ sea lion_0.58381593.pt
2025-08-22 15:27:25,148 - ADV_Generation_eps_4.0_steps_100_image_only_attack_prm_Purification_type_noisy_anchor_anchors_10_alpha_1.2_sigma_0.18_threshold_0.0 - INFO - Batch:[8] Image: [11] Saved adversarial tensor to /leonardo_work/EUHPC_R04_192/fmohamma/Adversarial_Robust_Clip/atpt_data/delta_clip_l14_224/A/adv_images_eps_4.0_alpha_1.0_steps_100_image_only_attack_prm/n01914609_0.000499_tarantula _ tarantula_0.96388274.pt
2025-08-22 15:27:25,149 - ADV_Generation_eps_4.0_steps_100_image_only_attack_prm_Purification_type_noisy_anchor_anchors_10_alpha_1.2_sigma_0.18_threshold_0.0 - INFO - Batch:[8] Image: [12] Saved adversarial tensor to /leonardo_work/EUHPC_R04_192/fmohamma/Adversarial_Robust_Clip/atpt_data/delta_clip_l14_224/A/adv_images_eps_4.0_alpha_1.0_steps_100_image_only_attack_prm/n01924916_0.000063_nail _ nail_0.986284.pt
2025-08-22 15:27:25,151 - ADV_Generation_eps_4.0_steps_100_image_only_attack_prm_Purification_type_noisy_anchor_anchors_10_alpha_1.2_sigma_0.18_threshold_0.0 - INFO - Batch:[8] Image: [13] Saved adversarial tensor to /leonardo_work/EUHPC_R04_192/fmohamma/Adversarial_Robust_Clip/atpt_data/delta_clip_l14_224/A/adv_images_eps_4.0_alpha_1.0_steps_100_image_only_attack_prm/n01924916_0.000071_racket _ racket_0.44895494.pt
2025-08-22 15:27:25,153 - ADV_Generation_eps_4.0_steps_100_image_only_attack_prm_Purification_type_noisy_anchor_anchors_10_alpha_1.2_sigma_0.18_threshold_0.0 - INFO - Batch:[8] Image: [14] Saved adversarial tensor to /leonardo_work/EUHPC_R04_192/fmohamma/Adversarial_Robust_Clip/atpt_data/delta_clip_l14_224/A/adv_images_eps_4.0_alpha_1.0_steps_100_image_only_attack_prm/n01924916_0.000072_syringe _ syringe_0.74341434.pt
2025-08-22 15:27:25,155 - ADV_Generation_eps_4.0_steps_100_image_only_attack_prm_Purification_type_noisy_anchor_anchors_10_alpha_1.2_sigma_0.18_threshold_0.0 - INFO - Batch:[8] Image: [15] Saved adversarial tensor to /leonardo_work/EUHPC_R04_192/fmohamma/Adversarial_Robust_Clip/atpt_data/delta_clip_l14_224/A/adv_images_eps_4.0_alpha_1.0_steps_100_image_only_attack_prm/n01924916_0.000080_goblet _ goblet_0.6318647.pt
2025-08-22 15:27:26,905 - ADV_Generation_eps_4.0_steps_100_image_only_attack_prm_Purification_type_noisy_anchor_anchors_10_alpha_1.2_sigma_0.18_threshold_0.0 - INFO - ======================== Adversarial Image Evaluation ==========================
2025-08-22 15:27:26,905 - ADV_Generation_eps_4.0_steps_100_image_only_attack_prm_Purification_type_noisy_anchor_anchors_10_alpha_1.2_sigma_0.18_threshold_0.0 - INFO - target: tensor([25, 25, 26, 26, 26, 26, 26, 27, 27, 27, 27, 27, 28, 28, 28, 28],
       device='cuda:0')
2025-08-22 15:27:26,905 - ADV_Generation_eps_4.0_steps_100_image_only_attack_prm_Purification_type_noisy_anchor_anchors_10_alpha_1.2_sigma_0.18_threshold_0.0 - INFO - adv_pred: tensor([ 66,  10, 104,   0,  95,  14,  31,  26,  26,  26, 193,  56, 193, 153,
         53,  64], device='cuda:0')
2025-08-22 15:27:26,906 - ADV_Generation_eps_4.0_steps_100_image_only_attack_prm_Purification_type_noisy_anchor_anchors_10_alpha_1.2_sigma_0.18_threshold_0.0 - INFO - adv_correct_orig: 16 = 16 + 0
2025-08-22 15:27:26,906 - ADV_Generation_eps_4.0_steps_100_image_only_attack_prm_Purification_type_noisy_anchor_anchors_10_alpha_1.2_sigma_0.18_threshold_0.0 - INFO - adv_pred_purify: tensor([ 66, 196, 104,   0,  95,  14,  64, 110,  20, 183, 138,  53, 193, 153,
         14,  98], device='cuda:0')
2025-08-22 15:27:26,906 - ADV_Generation_eps_4.0_steps_100_image_only_attack_prm_Purification_type_noisy_anchor_anchors_10_alpha_1.2_sigma_0.18_threshold_0.0 - INFO - adv_correct_purify: 2 = 2 + 0
2025-08-22 15:27:28,652 - ADV_Generation_eps_4.0_steps_100_image_only_attack_prm_Purification_type_noisy_anchor_anchors_10_alpha_1.2_sigma_0.18_threshold_0.0 - INFO - ======================== Clean Image Evaluation ==========================
2025-08-22 15:27:28,653 - ADV_Generation_eps_4.0_steps_100_image_only_attack_prm_Purification_type_noisy_anchor_anchors_10_alpha_1.2_sigma_0.18_threshold_0.0 - INFO - target: tensor([25, 25, 26, 26, 26, 26, 26, 27, 27, 27, 27, 27, 28, 28, 28, 28],
       device='cuda:0')
2025-08-22 15:27:28,653 - ADV_Generation_eps_4.0_steps_100_image_only_attack_prm_Purification_type_noisy_anchor_anchors_10_alpha_1.2_sigma_0.18_threshold_0.0 - INFO - clean_pred: tensor([ 66,  66, 104,   0,   0,   8,  31,  26,  26,  26, 138,  56,  53, 153,
         53,  88], device='cuda:0')
2025-08-22 15:27:28,653 - ADV_Generation_eps_4.0_steps_100_image_only_attack_prm_Purification_type_noisy_anchor_anchors_10_alpha_1.2_sigma_0.18_threshold_0.0 - INFO - clean_correct_orig: 20
2025-08-22 15:27:28,653 - ADV_Generation_eps_4.0_steps_100_image_only_attack_prm_Purification_type_noisy_anchor_anchors_10_alpha_1.2_sigma_0.18_threshold_0.0 - INFO - clean_pred_purify: tensor([ 66, 196, 104,   0,  95, 179,  53, 110, 199, 186, 138,  53, 193, 153,
         14,  98], device='cuda:0')
2025-08-22 15:27:28,654 - ADV_Generation_eps_4.0_steps_100_image_only_attack_prm_Purification_type_noisy_anchor_anchors_10_alpha_1.2_sigma_0.18_threshold_0.0 - INFO - clean_correct_purify: 2
2025-08-22 15:27:28,654 - ADV_Generation_eps_4.0_steps_100_image_only_attack_prm_Purification_type_noisy_anchor_anchors_10_alpha_1.2_sigma_0.18_threshold_0.0 - INFO - adv_correct_purify_clean_correct: 2
2025-08-22 15:27:28,654 - ADV_Generation_eps_4.0_steps_100_image_only_attack_prm_Purification_type_noisy_anchor_anchors_10_alpha_1.2_sigma_0.18_threshold_0.0 - INFO - adv_correct_purify_clean_incorrect: 0
2025-08-22 15:27:28,654 - ADV_Generation_eps_4.0_steps_100_image_only_attack_prm_Purification_type_noisy_anchor_anchors_10_alpha_1.2_sigma_0.18_threshold_0.0 - INFO - clean_correct_purify_clean_correct: 2
2025-08-22 15:27:28,654 - ADV_Generation_eps_4.0_steps_100_image_only_attack_prm_Purification_type_noisy_anchor_anchors_10_alpha_1.2_sigma_0.18_threshold_0.0 - INFO - clean_correct_purify_clean_incorrect: 0
2025-08-22 15:27:28,654 - ADV_Generation_eps_4.0_steps_100_image_only_attack_prm_Purification_type_noisy_anchor_anchors_10_alpha_1.2_sigma_0.18_threshold_0.0 - INFO - Batch 9/63: Clean orig accuracy 0.1389 | Clean purify accuracy 0.0139 | Adv orig accuracy: 0.1111 | Adv purify accuracy: 0.0139 | Adv purify acc on clean correct: 0.1000 | Adv purify acc on clean incorrect: 0.0000 | Clean purify acc on clean correct: 0.1000 | Clean purify acc on clean incorrect: 0.0000
2025-08-22 15:28:17,009 - ADV_Generation_eps_4.0_steps_100_image_only_attack_prm_Purification_type_noisy_anchor_anchors_10_alpha_1.2_sigma_0.18_threshold_0.0 - INFO - Generated adversarial images for the entire batch.
2025-08-22 15:28:17,013 - ADV_Generation_eps_4.0_steps_100_image_only_attack_prm_Purification_type_noisy_anchor_anchors_10_alpha_1.2_sigma_0.18_threshold_0.0 - INFO - Batch:[9] Image: [0] Saved adversarial tensor to /leonardo_work/EUHPC_R04_192/fmohamma/Adversarial_Robust_Clip/atpt_data/delta_clip_l14_224/A/adv_images_eps_4.0_alpha_1.0_steps_100_image_only_attack_prm/n01924916_0.000080_scorpion _ scorpion_0.9417844.pt
2025-08-22 15:28:17,016 - ADV_Generation_eps_4.0_steps_100_image_only_attack_prm_Purification_type_noisy_anchor_anchors_10_alpha_1.2_sigma_0.18_threshold_0.0 - INFO - Batch:[9] Image: [1] Saved adversarial tensor to /leonardo_work/EUHPC_R04_192/fmohamma/Adversarial_Robust_Clip/atpt_data/delta_clip_l14_224/A/adv_images_eps_4.0_alpha_1.0_steps_100_image_only_attack_prm/n01944390_0.000005_chain _ chain_0.97660625.pt
2025-08-22 15:28:17,019 - ADV_Generation_eps_4.0_steps_100_image_only_attack_prm_Purification_type_noisy_anchor_anchors_10_alpha_1.2_sigma_0.18_threshold_0.0 - INFO - Batch:[9] Image: [2] Saved adversarial tensor to /leonardo_work/EUHPC_R04_192/fmohamma/Adversarial_Robust_Clip/atpt_data/delta_clip_l14_224/A/adv_images_eps_4.0_alpha_1.0_steps_100_image_only_attack_prm/n01944390_0.000016_acorn _ acorn_0.9967608.pt
2025-08-22 15:28:17,021 - ADV_Generation_eps_4.0_steps_100_image_only_attack_prm_Purification_type_noisy_anchor_anchors_10_alpha_1.2_sigma_0.18_threshold_0.0 - INFO - Batch:[9] Image: [3] Saved adversarial tensor to /leonardo_work/EUHPC_R04_192/fmohamma/Adversarial_Robust_Clip/atpt_data/delta_clip_l14_224/A/adv_images_eps_4.0_alpha_1.0_steps_100_image_only_attack_prm/n01944390_0.000031_doormat _ doormat_0.48569053.pt
2025-08-22 15:28:17,025 - ADV_Generation_eps_4.0_steps_100_image_only_attack_prm_Purification_type_noisy_anchor_anchors_10_alpha_1.2_sigma_0.18_threshold_0.0 - INFO - Batch:[9] Image: [4] Saved adversarial tensor to /leonardo_work/EUHPC_R04_192/fmohamma/Adversarial_Robust_Clip/atpt_data/delta_clip_l14_224/A/adv_images_eps_4.0_alpha_1.0_steps_100_image_only_attack_prm/n01944390_0.000119_wheelbarrow _ wheelbarrow_0.8110101.pt
2025-08-22 15:28:17,052 - ADV_Generation_eps_4.0_steps_100_image_only_attack_prm_Purification_type_noisy_anchor_anchors_10_alpha_1.2_sigma_0.18_threshold_0.0 - INFO - Batch:[9] Image: [5] Saved adversarial tensor to /leonardo_work/EUHPC_R04_192/fmohamma/Adversarial_Robust_Clip/atpt_data/delta_clip_l14_224/A/adv_images_eps_4.0_alpha_1.0_steps_100_image_only_attack_prm/n01944390_0.000149_cockroach _ cockroach_0.99757415.pt
2025-08-22 15:28:17,054 - ADV_Generation_eps_4.0_steps_100_image_only_attack_prm_Purification_type_noisy_anchor_anchors_10_alpha_1.2_sigma_0.18_threshold_0.0 - INFO - Batch:[9] Image: [6] Saved adversarial tensor to /leonardo_work/EUHPC_R04_192/fmohamma/Adversarial_Robust_Clip/atpt_data/delta_clip_l14_224/A/adv_images_eps_4.0_alpha_1.0_steps_100_image_only_attack_prm/n01985128_0.000069_stingray _ stingray_0.97827405.pt
2025-08-22 15:28:17,056 - ADV_Generation_eps_4.0_steps_100_image_only_attack_prm_Purification_type_noisy_anchor_anchors_10_alpha_1.2_sigma_0.18_threshold_0.0 - INFO - Batch:[9] Image: [7] Saved adversarial tensor to /leonardo_work/EUHPC_R04_192/fmohamma/Adversarial_Robust_Clip/atpt_data/delta_clip_l14_224/A/adv_images_eps_4.0_alpha_1.0_steps_100_image_only_attack_prm/n01985128_0.000084_goblet _ goblet_0.9411166.pt
2025-08-22 15:28:17,058 - ADV_Generation_eps_4.0_steps_100_image_only_attack_prm_Purification_type_noisy_anchor_anchors_10_alpha_1.2_sigma_0.18_threshold_0.0 - INFO - Batch:[9] Image: [8] Saved adversarial tensor to /leonardo_work/EUHPC_R04_192/fmohamma/Adversarial_Robust_Clip/atpt_data/delta_clip_l14_224/A/adv_images_eps_4.0_alpha_1.0_steps_100_image_only_attack_prm/n01985128_0.000216_cliff _ cliff_0.9922117.pt
2025-08-22 15:28:17,060 - ADV_Generation_eps_4.0_steps_100_image_only_attack_prm_Purification_type_noisy_anchor_anchors_10_alpha_1.2_sigma_0.18_threshold_0.0 - INFO - Batch:[9] Image: [9] Saved adversarial tensor to /leonardo_work/EUHPC_R04_192/fmohamma/Adversarial_Robust_Clip/atpt_data/delta_clip_l14_224/A/adv_images_eps_4.0_alpha_1.0_steps_100_image_only_attack_prm/n01985128_0.000244_weevil _ weevil_0.6940449.pt
2025-08-22 15:28:17,061 - ADV_Generation_eps_4.0_steps_100_image_only_attack_prm_Purification_type_noisy_anchor_anchors_10_alpha_1.2_sigma_0.18_threshold_0.0 - INFO - Batch:[9] Image: [10] Saved adversarial tensor to /leonardo_work/EUHPC_R04_192/fmohamma/Adversarial_Robust_Clip/atpt_data/delta_clip_l14_224/A/adv_images_eps_4.0_alpha_1.0_steps_100_image_only_attack_prm/n01985128_0.000259_bee _ bee_0.9266522.pt
2025-08-22 15:28:17,064 - ADV_Generation_eps_4.0_steps_100_image_only_attack_prm_Purification_type_noisy_anchor_anchors_10_alpha_1.2_sigma_0.18_threshold_0.0 - INFO - Batch:[9] Image: [11] Saved adversarial tensor to /leonardo_work/EUHPC_R04_192/fmohamma/Adversarial_Robust_Clip/atpt_data/delta_clip_l14_224/A/adv_images_eps_4.0_alpha_1.0_steps_100_image_only_attack_prm/n01986214_0.000228_envelope _ envelope_0.8971139.pt
2025-08-22 15:28:17,066 - ADV_Generation_eps_4.0_steps_100_image_only_attack_prm_Purification_type_noisy_anchor_anchors_10_alpha_1.2_sigma_0.18_threshold_0.0 - INFO - Batch:[9] Image: [12] Saved adversarial tensor to /leonardo_work/EUHPC_R04_192/fmohamma/Adversarial_Robust_Clip/atpt_data/delta_clip_l14_224/A/adv_images_eps_4.0_alpha_1.0_steps_100_image_only_attack_prm/n01986214_0.000243_goldfinch _ goldfinch_0.5693063.pt
2025-08-22 15:28:17,068 - ADV_Generation_eps_4.0_steps_100_image_only_attack_prm_Purification_type_noisy_anchor_anchors_10_alpha_1.2_sigma_0.18_threshold_0.0 - INFO - Batch:[9] Image: [13] Saved adversarial tensor to /leonardo_work/EUHPC_R04_192/fmohamma/Adversarial_Robust_Clip/atpt_data/delta_clip_l14_224/A/adv_images_eps_4.0_alpha_1.0_steps_100_image_only_attack_prm/n01986214_0.000610_crayfish _ crayfish_0.9998024.pt
2025-08-22 15:28:17,069 - ADV_Generation_eps_4.0_steps_100_image_only_attack_prm_Purification_type_noisy_anchor_anchors_10_alpha_1.2_sigma_0.18_threshold_0.0 - INFO - Batch:[9] Image: [14] Saved adversarial tensor to /leonardo_work/EUHPC_R04_192/fmohamma/Adversarial_Robust_Clip/atpt_data/delta_clip_l14_224/A/adv_images_eps_4.0_alpha_1.0_steps_100_image_only_attack_prm/n01986214_0.000638_stick insect _ stick insect_0.69074017.pt
2025-08-22 15:28:17,072 - ADV_Generation_eps_4.0_steps_100_image_only_attack_prm_Purification_type_noisy_anchor_anchors_10_alpha_1.2_sigma_0.18_threshold_0.0 - INFO - Batch:[9] Image: [15] Saved adversarial tensor to /leonardo_work/EUHPC_R04_192/fmohamma/Adversarial_Robust_Clip/atpt_data/delta_clip_l14_224/A/adv_images_eps_4.0_alpha_1.0_steps_100_image_only_attack_prm/n01986214_0.000674_rhinoceros beetle _ scorpion_0.96596444.pt
2025-08-22 15:28:18,822 - ADV_Generation_eps_4.0_steps_100_image_only_attack_prm_Purification_type_noisy_anchor_anchors_10_alpha_1.2_sigma_0.18_threshold_0.0 - INFO - ======================== Adversarial Image Evaluation ==========================
2025-08-22 15:28:18,822 - ADV_Generation_eps_4.0_steps_100_image_only_attack_prm_Purification_type_noisy_anchor_anchors_10_alpha_1.2_sigma_0.18_threshold_0.0 - INFO - target: tensor([28, 29, 29, 29, 29, 29, 30, 30, 30, 30, 30, 31, 31, 31, 31, 31],
       device='cuda:0')
2025-08-22 15:28:18,822 - ADV_Generation_eps_4.0_steps_100_image_only_attack_prm_Purification_type_noisy_anchor_anchors_10_alpha_1.2_sigma_0.18_threshold_0.0 - INFO - adv_pred: tensor([ 73, 158,  17, 131, 102,  56,   0,  88, 193, 167,  15, 135,  73,  30,
         55,  49], device='cuda:0')
2025-08-22 15:28:18,823 - ADV_Generation_eps_4.0_steps_100_image_only_attack_prm_Purification_type_noisy_anchor_anchors_10_alpha_1.2_sigma_0.18_threshold_0.0 - INFO - adv_correct_orig: 16 = 16 + 0
2025-08-22 15:28:18,823 - ADV_Generation_eps_4.0_steps_100_image_only_attack_prm_Purification_type_noisy_anchor_anchors_10_alpha_1.2_sigma_0.18_threshold_0.0 - INFO - adv_pred_purify: tensor([ 14, 158, 113,  98, 144, 199,  89, 114, 104, 167,  14, 161, 176,  30,
         10,  46], device='cuda:0')
2025-08-22 15:28:18,823 - ADV_Generation_eps_4.0_steps_100_image_only_attack_prm_Purification_type_noisy_anchor_anchors_10_alpha_1.2_sigma_0.18_threshold_0.0 - INFO - adv_correct_purify: 2 = 2 + 0
2025-08-22 15:28:20,569 - ADV_Generation_eps_4.0_steps_100_image_only_attack_prm_Purification_type_noisy_anchor_anchors_10_alpha_1.2_sigma_0.18_threshold_0.0 - INFO - ======================== Clean Image Evaluation ==========================
2025-08-22 15:28:20,570 - ADV_Generation_eps_4.0_steps_100_image_only_attack_prm_Purification_type_noisy_anchor_anchors_10_alpha_1.2_sigma_0.18_threshold_0.0 - INFO - target: tensor([28, 29, 29, 29, 29, 29, 30, 30, 30, 30, 30, 31, 31, 31, 31, 31],
       device='cuda:0')
2025-08-22 15:28:20,570 - ADV_Generation_eps_4.0_steps_100_image_only_attack_prm_Purification_type_noisy_anchor_anchors_10_alpha_1.2_sigma_0.18_threshold_0.0 - INFO - clean_pred: tensor([ 17, 158,  19,  31, 163,  29,   0,  88, 193, 158,  15,   0,  25,  30,
         58,  49], device='cuda:0')
2025-08-22 15:28:20,570 - ADV_Generation_eps_4.0_steps_100_image_only_attack_prm_Purification_type_noisy_anchor_anchors_10_alpha_1.2_sigma_0.18_threshold_0.0 - INFO - clean_correct_orig: 21
2025-08-22 15:28:20,570 - ADV_Generation_eps_4.0_steps_100_image_only_attack_prm_Purification_type_noisy_anchor_anchors_10_alpha_1.2_sigma_0.18_threshold_0.0 - INFO - clean_pred_purify: tensor([ 73, 158,  18, 105, 144, 199,  89, 114, 104, 167,  14, 161, 176,  30,
         10,  46], device='cuda:0')
2025-08-22 15:28:20,570 - ADV_Generation_eps_4.0_steps_100_image_only_attack_prm_Purification_type_noisy_anchor_anchors_10_alpha_1.2_sigma_0.18_threshold_0.0 - INFO - clean_correct_purify: 2
2025-08-22 15:28:20,570 - ADV_Generation_eps_4.0_steps_100_image_only_attack_prm_Purification_type_noisy_anchor_anchors_10_alpha_1.2_sigma_0.18_threshold_0.0 - INFO - adv_correct_purify_clean_correct: 2
2025-08-22 15:28:20,570 - ADV_Generation_eps_4.0_steps_100_image_only_attack_prm_Purification_type_noisy_anchor_anchors_10_alpha_1.2_sigma_0.18_threshold_0.0 - INFO - adv_correct_purify_clean_incorrect: 0
2025-08-22 15:28:20,570 - ADV_Generation_eps_4.0_steps_100_image_only_attack_prm_Purification_type_noisy_anchor_anchors_10_alpha_1.2_sigma_0.18_threshold_0.0 - INFO - clean_correct_purify_clean_correct: 2
2025-08-22 15:28:20,571 - ADV_Generation_eps_4.0_steps_100_image_only_attack_prm_Purification_type_noisy_anchor_anchors_10_alpha_1.2_sigma_0.18_threshold_0.0 - INFO - clean_correct_purify_clean_incorrect: 0
2025-08-22 15:28:20,571 - ADV_Generation_eps_4.0_steps_100_image_only_attack_prm_Purification_type_noisy_anchor_anchors_10_alpha_1.2_sigma_0.18_threshold_0.0 - INFO - Batch 10/63: Clean orig accuracy 0.1313 | Clean purify accuracy 0.0125 | Adv orig accuracy: 0.1000 | Adv purify accuracy: 0.0125 | Adv purify acc on clean correct: 0.0952 | Adv purify acc on clean incorrect: 0.0000 | Clean purify acc on clean correct: 0.0952 | Clean purify acc on clean incorrect: 0.0000
2025-08-22 15:29:08,955 - ADV_Generation_eps_4.0_steps_100_image_only_attack_prm_Purification_type_noisy_anchor_anchors_10_alpha_1.2_sigma_0.18_threshold_0.0 - INFO - Generated adversarial images for the entire batch.
2025-08-22 15:29:08,958 - ADV_Generation_eps_4.0_steps_100_image_only_attack_prm_Purification_type_noisy_anchor_anchors_10_alpha_1.2_sigma_0.18_threshold_0.0 - INFO - Batch:[10] Image: [0] Saved adversarial tensor to /leonardo_work/EUHPC_R04_192/fmohamma/Adversarial_Robust_Clip/atpt_data/delta_clip_l14_224/A/adv_images_eps_4.0_alpha_1.0_steps_100_image_only_attack_prm/n02007558_0.000105_pelican _ pelican_0.9060683.pt
2025-08-22 15:29:08,960 - ADV_Generation_eps_4.0_steps_100_image_only_attack_prm_Purification_type_noisy_anchor_anchors_10_alpha_1.2_sigma_0.18_threshold_0.0 - INFO - Batch:[10] Image: [1] Saved adversarial tensor to /leonardo_work/EUHPC_R04_192/fmohamma/Adversarial_Robust_Clip/atpt_data/delta_clip_l14_224/A/adv_images_eps_4.0_alpha_1.0_steps_100_image_only_attack_prm/n02007558_0.000206_canoe _ canoe_0.9999814.pt
2025-08-22 15:29:08,963 - ADV_Generation_eps_4.0_steps_100_image_only_attack_prm_Purification_type_noisy_anchor_anchors_10_alpha_1.2_sigma_0.18_threshold_0.0 - INFO - Batch:[10] Image: [2] Saved adversarial tensor to /leonardo_work/EUHPC_R04_192/fmohamma/Adversarial_Robust_Clip/atpt_data/delta_clip_l14_224/A/adv_images_eps_4.0_alpha_1.0_steps_100_image_only_attack_prm/n02007558_0.000278_goose _ goose_0.9373428.pt
2025-08-22 15:29:08,967 - ADV_Generation_eps_4.0_steps_100_image_only_attack_prm_Purification_type_noisy_anchor_anchors_10_alpha_1.2_sigma_0.18_threshold_0.0 - INFO - Batch:[10] Image: [3] Saved adversarial tensor to /leonardo_work/EUHPC_R04_192/fmohamma/Adversarial_Robust_Clip/atpt_data/delta_clip_l14_224/A/adv_images_eps_4.0_alpha_1.0_steps_100_image_only_attack_prm/n02007558_0.000328_shipwreck _ shipwreck_0.6797781.pt
2025-08-22 15:29:08,970 - ADV_Generation_eps_4.0_steps_100_image_only_attack_prm_Purification_type_noisy_anchor_anchors_10_alpha_1.2_sigma_0.18_threshold_0.0 - INFO - Batch:[10] Image: [4] Saved adversarial tensor to /leonardo_work/EUHPC_R04_192/fmohamma/Adversarial_Robust_Clip/atpt_data/delta_clip_l14_224/A/adv_images_eps_4.0_alpha_1.0_steps_100_image_only_attack_prm/n02007558_0.000462_Chihuahua _ oystercatcher_0.551366.pt
2025-08-22 15:29:08,972 - ADV_Generation_eps_4.0_steps_100_image_only_attack_prm_Purification_type_noisy_anchor_anchors_10_alpha_1.2_sigma_0.18_threshold_0.0 - INFO - Batch:[10] Image: [5] Saved adversarial tensor to /leonardo_work/EUHPC_R04_192/fmohamma/Adversarial_Robust_Clip/atpt_data/delta_clip_l14_224/A/adv_images_eps_4.0_alpha_1.0_steps_100_image_only_attack_prm/n02009912_0.000015_barn _ barn_0.8846891.pt
2025-08-22 15:29:08,975 - ADV_Generation_eps_4.0_steps_100_image_only_attack_prm_Purification_type_noisy_anchor_anchors_10_alpha_1.2_sigma_0.18_threshold_0.0 - INFO - Batch:[10] Image: [6] Saved adversarial tensor to /leonardo_work/EUHPC_R04_192/fmohamma/Adversarial_Robust_Clip/atpt_data/delta_clip_l14_224/A/adv_images_eps_4.0_alpha_1.0_steps_100_image_only_attack_prm/n02009912_0.000039_schooner _ schooner_0.8688918.pt
2025-08-22 15:29:08,977 - ADV_Generation_eps_4.0_steps_100_image_only_attack_prm_Purification_type_noisy_anchor_anchors_10_alpha_1.2_sigma_0.18_threshold_0.0 - INFO - Batch:[10] Image: [7] Saved adversarial tensor to /leonardo_work/EUHPC_R04_192/fmohamma/Adversarial_Robust_Clip/atpt_data/delta_clip_l14_224/A/adv_images_eps_4.0_alpha_1.0_steps_100_image_only_attack_prm/n02009912_0.000052_barn _ barn_0.7265996.pt
2025-08-22 15:29:08,979 - ADV_Generation_eps_4.0_steps_100_image_only_attack_prm_Purification_type_noisy_anchor_anchors_10_alpha_1.2_sigma_0.18_threshold_0.0 - INFO - Batch:[10] Image: [8] Saved adversarial tensor to /leonardo_work/EUHPC_R04_192/fmohamma/Adversarial_Robust_Clip/atpt_data/delta_clip_l14_224/A/adv_images_eps_4.0_alpha_1.0_steps_100_image_only_attack_prm/n02009912_0.000052_doormat _ doormat_0.4499952.pt
2025-08-22 15:29:08,982 - ADV_Generation_eps_4.0_steps_100_image_only_attack_prm_Purification_type_noisy_anchor_anchors_10_alpha_1.2_sigma_0.18_threshold_0.0 - INFO - Batch:[10] Image: [9] Saved adversarial tensor to /leonardo_work/EUHPC_R04_192/fmohamma/Adversarial_Robust_Clip/atpt_data/delta_clip_l14_224/A/adv_images_eps_4.0_alpha_1.0_steps_100_image_only_attack_prm/n02009912_0.000053_wheelbarrow _ wheelbarrow_0.93323505.pt
2025-08-22 15:29:08,986 - ADV_Generation_eps_4.0_steps_100_image_only_attack_prm_Purification_type_noisy_anchor_anchors_10_alpha_1.2_sigma_0.18_threshold_0.0 - INFO - Batch:[10] Image: [10] Saved adversarial tensor to /leonardo_work/EUHPC_R04_192/fmohamma/Adversarial_Robust_Clip/atpt_data/delta_clip_l14_224/A/adv_images_eps_4.0_alpha_1.0_steps_100_image_only_attack_prm/n02037110_0.000118_flagpole _ flagpole_0.7647967.pt
2025-08-22 15:29:08,988 - ADV_Generation_eps_4.0_steps_100_image_only_attack_prm_Purification_type_noisy_anchor_anchors_10_alpha_1.2_sigma_0.18_threshold_0.0 - INFO - Batch:[10] Image: [11] Saved adversarial tensor to /leonardo_work/EUHPC_R04_192/fmohamma/Adversarial_Robust_Clip/atpt_data/delta_clip_l14_224/A/adv_images_eps_4.0_alpha_1.0_steps_100_image_only_attack_prm/n02037110_0.000684_junco _ junco_0.8787695.pt
2025-08-22 15:29:08,991 - ADV_Generation_eps_4.0_steps_100_image_only_attack_prm_Purification_type_noisy_anchor_anchors_10_alpha_1.2_sigma_0.18_threshold_0.0 - INFO - Batch:[10] Image: [12] Saved adversarial tensor to /leonardo_work/EUHPC_R04_192/fmohamma/Adversarial_Robust_Clip/atpt_data/delta_clip_l14_224/A/adv_images_eps_4.0_alpha_1.0_steps_100_image_only_attack_prm/n02037110_0.000974_flagpole _ flagpole_0.5913867.pt
2025-08-22 15:29:08,994 - ADV_Generation_eps_4.0_steps_100_image_only_attack_prm_Purification_type_noisy_anchor_anchors_10_alpha_1.2_sigma_0.18_threshold_0.0 - INFO - Batch:[10] Image: [13] Saved adversarial tensor to /leonardo_work/EUHPC_R04_192/fmohamma/Adversarial_Robust_Clip/atpt_data/delta_clip_l14_224/A/adv_images_eps_4.0_alpha_1.0_steps_100_image_only_attack_prm/n02037110_0.001009_sea lion _ sea lion_0.5213877.pt
2025-08-22 15:29:08,998 - ADV_Generation_eps_4.0_steps_100_image_only_attack_prm_Purification_type_noisy_anchor_anchors_10_alpha_1.2_sigma_0.18_threshold_0.0 - INFO - Batch:[10] Image: [14] Saved adversarial tensor to /leonardo_work/EUHPC_R04_192/fmohamma/Adversarial_Robust_Clip/atpt_data/delta_clip_l14_224/A/adv_images_eps_4.0_alpha_1.0_steps_100_image_only_attack_prm/n02037110_0.001228_canoe _ sundial_0.2753973.pt
2025-08-22 15:29:09,000 - ADV_Generation_eps_4.0_steps_100_image_only_attack_prm_Purification_type_noisy_anchor_anchors_10_alpha_1.2_sigma_0.18_threshold_0.0 - INFO - Batch:[10] Image: [15] Saved adversarial tensor to /leonardo_work/EUHPC_R04_192/fmohamma/Adversarial_Robust_Clip/atpt_data/delta_clip_l14_224/A/adv_images_eps_4.0_alpha_1.0_steps_100_image_only_attack_prm/n02051845_0.000122_sea lion _ sea lion_0.9564005.pt
2025-08-22 15:29:10,750 - ADV_Generation_eps_4.0_steps_100_image_only_attack_prm_Purification_type_noisy_anchor_anchors_10_alpha_1.2_sigma_0.18_threshold_0.0 - INFO - ======================== Adversarial Image Evaluation ==========================
2025-08-22 15:29:10,750 - ADV_Generation_eps_4.0_steps_100_image_only_attack_prm_Purification_type_noisy_anchor_anchors_10_alpha_1.2_sigma_0.18_threshold_0.0 - INFO - target: tensor([32, 32, 32, 32, 32, 33, 33, 33, 33, 33, 34, 34, 34, 34, 34, 35],
       device='cuda:0')
2025-08-22 15:29:10,751 - ADV_Generation_eps_4.0_steps_100_image_only_attack_prm_Purification_type_noisy_anchor_anchors_10_alpha_1.2_sigma_0.18_threshold_0.0 - INFO - adv_pred: tensor([ 32,  32,  33,  32,  34, 176,  33, 163,   6,  35,  87,  19,  23, 192,
        192,  36], device='cuda:0')
2025-08-22 15:29:10,751 - ADV_Generation_eps_4.0_steps_100_image_only_attack_prm_Purification_type_noisy_anchor_anchors_10_alpha_1.2_sigma_0.18_threshold_0.0 - INFO - adv_correct_orig: 20 = 16 + 4
2025-08-22 15:29:10,751 - ADV_Generation_eps_4.0_steps_100_image_only_attack_prm_Purification_type_noisy_anchor_anchors_10_alpha_1.2_sigma_0.18_threshold_0.0 - INFO - adv_pred_purify: tensor([ 31,  32, 178, 161, 154,  84, 113,  96,  84,  95, 173,   5,  23, 192,
        192, 193], device='cuda:0')
2025-08-22 15:29:10,751 - ADV_Generation_eps_4.0_steps_100_image_only_attack_prm_Purification_type_noisy_anchor_anchors_10_alpha_1.2_sigma_0.18_threshold_0.0 - INFO - adv_correct_purify: 3 = 2 + 1
2025-08-22 15:29:12,497 - ADV_Generation_eps_4.0_steps_100_image_only_attack_prm_Purification_type_noisy_anchor_anchors_10_alpha_1.2_sigma_0.18_threshold_0.0 - INFO - ======================== Clean Image Evaluation ==========================
2025-08-22 15:29:12,498 - ADV_Generation_eps_4.0_steps_100_image_only_attack_prm_Purification_type_noisy_anchor_anchors_10_alpha_1.2_sigma_0.18_threshold_0.0 - INFO - target: tensor([32, 32, 32, 32, 32, 33, 33, 33, 33, 33, 34, 34, 34, 34, 34, 35],
       device='cuda:0')
2025-08-22 15:29:12,498 - ADV_Generation_eps_4.0_steps_100_image_only_attack_prm_Purification_type_noisy_anchor_anchors_10_alpha_1.2_sigma_0.18_threshold_0.0 - INFO - clean_pred: tensor([ 32,  32,  33,  32,  68, 176,  33, 163,   6,  95,  87,  34,  23, 192,
        192,  36], device='cuda:0')
2025-08-22 15:29:12,498 - ADV_Generation_eps_4.0_steps_100_image_only_attack_prm_Purification_type_noisy_anchor_anchors_10_alpha_1.2_sigma_0.18_threshold_0.0 - INFO - clean_correct_orig: 26
2025-08-22 15:29:12,499 - ADV_Generation_eps_4.0_steps_100_image_only_attack_prm_Purification_type_noisy_anchor_anchors_10_alpha_1.2_sigma_0.18_threshold_0.0 - INFO - clean_pred_purify: tensor([ 35,  32,  23,  89, 154,  84,  95,  96,  84,  95, 173,   5,  23, 192,
        192, 193], device='cuda:0')
2025-08-22 15:29:12,499 - ADV_Generation_eps_4.0_steps_100_image_only_attack_prm_Purification_type_noisy_anchor_anchors_10_alpha_1.2_sigma_0.18_threshold_0.0 - INFO - clean_correct_purify: 3
2025-08-22 15:29:12,499 - ADV_Generation_eps_4.0_steps_100_image_only_attack_prm_Purification_type_noisy_anchor_anchors_10_alpha_1.2_sigma_0.18_threshold_0.0 - INFO - adv_correct_purify_clean_correct: 3
2025-08-22 15:29:12,499 - ADV_Generation_eps_4.0_steps_100_image_only_attack_prm_Purification_type_noisy_anchor_anchors_10_alpha_1.2_sigma_0.18_threshold_0.0 - INFO - adv_correct_purify_clean_incorrect: 0
2025-08-22 15:29:12,499 - ADV_Generation_eps_4.0_steps_100_image_only_attack_prm_Purification_type_noisy_anchor_anchors_10_alpha_1.2_sigma_0.18_threshold_0.0 - INFO - clean_correct_purify_clean_correct: 3
2025-08-22 15:29:12,499 - ADV_Generation_eps_4.0_steps_100_image_only_attack_prm_Purification_type_noisy_anchor_anchors_10_alpha_1.2_sigma_0.18_threshold_0.0 - INFO - clean_correct_purify_clean_incorrect: 0
2025-08-22 15:29:12,500 - ADV_Generation_eps_4.0_steps_100_image_only_attack_prm_Purification_type_noisy_anchor_anchors_10_alpha_1.2_sigma_0.18_threshold_0.0 - INFO - Batch 11/63: Clean orig accuracy 0.1477 | Clean purify accuracy 0.0170 | Adv orig accuracy: 0.1136 | Adv purify accuracy: 0.0170 | Adv purify acc on clean correct: 0.1154 | Adv purify acc on clean incorrect: 0.0000 | Clean purify acc on clean correct: 0.1154 | Clean purify acc on clean incorrect: 0.0000
2025-08-22 15:30:00,932 - ADV_Generation_eps_4.0_steps_100_image_only_attack_prm_Purification_type_noisy_anchor_anchors_10_alpha_1.2_sigma_0.18_threshold_0.0 - INFO - Generated adversarial images for the entire batch.
2025-08-22 15:30:00,949 - ADV_Generation_eps_4.0_steps_100_image_only_attack_prm_Purification_type_noisy_anchor_anchors_10_alpha_1.2_sigma_0.18_threshold_0.0 - INFO - Batch:[11] Image: [0] Saved adversarial tensor to /leonardo_work/EUHPC_R04_192/fmohamma/Adversarial_Robust_Clip/atpt_data/delta_clip_l14_224/A/adv_images_eps_4.0_alpha_1.0_steps_100_image_only_attack_prm/n02051845_0.000124_American black bear _ American black bear_0.37709248.pt
2025-08-22 15:30:00,959 - ADV_Generation_eps_4.0_steps_100_image_only_attack_prm_Purification_type_noisy_anchor_anchors_10_alpha_1.2_sigma_0.18_threshold_0.0 - INFO - Batch:[11] Image: [1] Saved adversarial tensor to /leonardo_work/EUHPC_R04_192/fmohamma/Adversarial_Robust_Clip/atpt_data/delta_clip_l14_224/A/adv_images_eps_4.0_alpha_1.0_steps_100_image_only_attack_prm/n02051845_0.000236_candle _ candle_0.5968582.pt
2025-08-22 15:30:00,970 - ADV_Generation_eps_4.0_steps_100_image_only_attack_prm_Purification_type_noisy_anchor_anchors_10_alpha_1.2_sigma_0.18_threshold_0.0 - INFO - Batch:[11] Image: [2] Saved adversarial tensor to /leonardo_work/EUHPC_R04_192/fmohamma/Adversarial_Robust_Clip/atpt_data/delta_clip_l14_224/A/adv_images_eps_4.0_alpha_1.0_steps_100_image_only_attack_prm/n02051845_0.000255_quill _ syringe_0.5632595.pt
2025-08-22 15:30:01,116 - ADV_Generation_eps_4.0_steps_100_image_only_attack_prm_Purification_type_noisy_anchor_anchors_10_alpha_1.2_sigma_0.18_threshold_0.0 - INFO - Batch:[11] Image: [3] Saved adversarial tensor to /leonardo_work/EUHPC_R04_192/fmohamma/Adversarial_Robust_Clip/atpt_data/delta_clip_l14_224/A/adv_images_eps_4.0_alpha_1.0_steps_100_image_only_attack_prm/n02051845_0.000782_vulture _ vulture_0.53829855.pt
2025-08-22 15:30:01,128 - ADV_Generation_eps_4.0_steps_100_image_only_attack_prm_Purification_type_noisy_anchor_anchors_10_alpha_1.2_sigma_0.18_threshold_0.0 - INFO - Batch:[11] Image: [4] Saved adversarial tensor to /leonardo_work/EUHPC_R04_192/fmohamma/Adversarial_Robust_Clip/atpt_data/delta_clip_l14_224/A/adv_images_eps_4.0_alpha_1.0_steps_100_image_only_attack_prm/n02077923_0.000695_lighthouse _ lighthouse_0.7228889.pt
2025-08-22 15:30:01,140 - ADV_Generation_eps_4.0_steps_100_image_only_attack_prm_Purification_type_noisy_anchor_anchors_10_alpha_1.2_sigma_0.18_threshold_0.0 - INFO - Batch:[11] Image: [5] Saved adversarial tensor to /leonardo_work/EUHPC_R04_192/fmohamma/Adversarial_Robust_Clip/atpt_data/delta_clip_l14_224/A/adv_images_eps_4.0_alpha_1.0_steps_100_image_only_attack_prm/n02077923_0.000762_billiard table _ grand piano_0.71725714.pt
2025-08-22 15:30:01,147 - ADV_Generation_eps_4.0_steps_100_image_only_attack_prm_Purification_type_noisy_anchor_anchors_10_alpha_1.2_sigma_0.18_threshold_0.0 - INFO - Batch:[11] Image: [6] Saved adversarial tensor to /leonardo_work/EUHPC_R04_192/fmohamma/Adversarial_Robust_Clip/atpt_data/delta_clip_l14_224/A/adv_images_eps_4.0_alpha_1.0_steps_100_image_only_attack_prm/n02077923_0.001360_forklift _ lighthouse_0.6652314.pt
2025-08-22 15:30:01,158 - ADV_Generation_eps_4.0_steps_100_image_only_attack_prm_Purification_type_noisy_anchor_anchors_10_alpha_1.2_sigma_0.18_threshold_0.0 - INFO - Batch:[11] Image: [7] Saved adversarial tensor to /leonardo_work/EUHPC_R04_192/fmohamma/Adversarial_Robust_Clip/atpt_data/delta_clip_l14_224/A/adv_images_eps_4.0_alpha_1.0_steps_100_image_only_attack_prm/n02077923_0.001653_bison _ bison_0.5909217.pt
2025-08-22 15:30:01,171 - ADV_Generation_eps_4.0_steps_100_image_only_attack_prm_Purification_type_noisy_anchor_anchors_10_alpha_1.2_sigma_0.18_threshold_0.0 - INFO - Batch:[11] Image: [8] Saved adversarial tensor to /leonardo_work/EUHPC_R04_192/fmohamma/Adversarial_Robust_Clip/atpt_data/delta_clip_l14_224/A/adv_images_eps_4.0_alpha_1.0_steps_100_image_only_attack_prm/n02077923_0.001824_pufferfish _ pufferfish_0.7965083.pt
2025-08-22 15:30:01,185 - ADV_Generation_eps_4.0_steps_100_image_only_attack_prm_Purification_type_noisy_anchor_anchors_10_alpha_1.2_sigma_0.18_threshold_0.0 - INFO - Batch:[11] Image: [9] Saved adversarial tensor to /leonardo_work/EUHPC_R04_192/fmohamma/Adversarial_Robust_Clip/atpt_data/delta_clip_l14_224/A/adv_images_eps_4.0_alpha_1.0_steps_100_image_only_attack_prm/n02085620_0.000108_torch _ torch_0.99950635.pt
2025-08-22 15:30:01,206 - ADV_Generation_eps_4.0_steps_100_image_only_attack_prm_Purification_type_noisy_anchor_anchors_10_alpha_1.2_sigma_0.18_threshold_0.0 - INFO - Batch:[11] Image: [10] Saved adversarial tensor to /leonardo_work/EUHPC_R04_192/fmohamma/Adversarial_Robust_Clip/atpt_data/delta_clip_l14_224/A/adv_images_eps_4.0_alpha_1.0_steps_100_image_only_attack_prm/n02085620_0.000389_bow _ bow_0.9214167.pt
2025-08-22 15:30:01,228 - ADV_Generation_eps_4.0_steps_100_image_only_attack_prm_Purification_type_noisy_anchor_anchors_10_alpha_1.2_sigma_0.18_threshold_0.0 - INFO - Batch:[11] Image: [11] Saved adversarial tensor to /leonardo_work/EUHPC_R04_192/fmohamma/Adversarial_Robust_Clip/atpt_data/delta_clip_l14_224/A/adv_images_eps_4.0_alpha_1.0_steps_100_image_only_attack_prm/n02085620_0.000452_sandal _ sandal_0.9932201.pt
2025-08-22 15:30:01,235 - ADV_Generation_eps_4.0_steps_100_image_only_attack_prm_Purification_type_noisy_anchor_anchors_10_alpha_1.2_sigma_0.18_threshold_0.0 - INFO - Batch:[11] Image: [12] Saved adversarial tensor to /leonardo_work/EUHPC_R04_192/fmohamma/Adversarial_Robust_Clip/atpt_data/delta_clip_l14_224/A/adv_images_eps_4.0_alpha_1.0_steps_100_image_only_attack_prm/n02085620_0.000489_porcupine _ porcupine_0.9633428.pt
2025-08-22 15:30:01,240 - ADV_Generation_eps_4.0_steps_100_image_only_attack_prm_Purification_type_noisy_anchor_anchors_10_alpha_1.2_sigma_0.18_threshold_0.0 - INFO - Batch:[11] Image: [13] Saved adversarial tensor to /leonardo_work/EUHPC_R04_192/fmohamma/Adversarial_Robust_Clip/atpt_data/delta_clip_l14_224/A/adv_images_eps_4.0_alpha_1.0_steps_100_image_only_attack_prm/n02085620_0.000605_torch _ torch_0.99935156.pt
2025-08-22 15:30:01,245 - ADV_Generation_eps_4.0_steps_100_image_only_attack_prm_Purification_type_noisy_anchor_anchors_10_alpha_1.2_sigma_0.18_threshold_0.0 - INFO - Batch:[11] Image: [14] Saved adversarial tensor to /leonardo_work/EUHPC_R04_192/fmohamma/Adversarial_Robust_Clip/atpt_data/delta_clip_l14_224/A/adv_images_eps_4.0_alpha_1.0_steps_100_image_only_attack_prm/n02099601_0.000203_submarine _ barn_0.9821721.pt
2025-08-22 15:30:01,426 - ADV_Generation_eps_4.0_steps_100_image_only_attack_prm_Purification_type_noisy_anchor_anchors_10_alpha_1.2_sigma_0.18_threshold_0.0 - INFO - Batch:[11] Image: [15] Saved adversarial tensor to /leonardo_work/EUHPC_R04_192/fmohamma/Adversarial_Robust_Clip/atpt_data/delta_clip_l14_224/A/adv_images_eps_4.0_alpha_1.0_steps_100_image_only_attack_prm/n02099601_0.000221_school bus _ school bus_0.9981856.pt
2025-08-22 15:30:04,056 - ADV_Generation_eps_4.0_steps_100_image_only_attack_prm_Purification_type_noisy_anchor_anchors_10_alpha_1.2_sigma_0.18_threshold_0.0 - INFO - ======================== Adversarial Image Evaluation ==========================
2025-08-22 15:30:04,057 - ADV_Generation_eps_4.0_steps_100_image_only_attack_prm_Purification_type_noisy_anchor_anchors_10_alpha_1.2_sigma_0.18_threshold_0.0 - INFO - target: tensor([35, 35, 35, 35, 36, 36, 36, 36, 36, 37, 37, 37, 37, 37, 38, 38],
       device='cuda:0')
2025-08-22 15:30:04,057 - ADV_Generation_eps_4.0_steps_100_image_only_attack_prm_Purification_type_noisy_anchor_anchors_10_alpha_1.2_sigma_0.18_threshold_0.0 - INFO - adv_pred: tensor([192,  35, 152,  33,  87,  36,  87,  73,  36,  37, 149, 101,  69, 169,
        173,  38], device='cuda:0')
2025-08-22 15:30:04,057 - ADV_Generation_eps_4.0_steps_100_image_only_attack_prm_Purification_type_noisy_anchor_anchors_10_alpha_1.2_sigma_0.18_threshold_0.0 - INFO - adv_correct_orig: 25 = 20 + 5
2025-08-22 15:30:04,058 - ADV_Generation_eps_4.0_steps_100_image_only_attack_prm_Purification_type_noisy_anchor_anchors_10_alpha_1.2_sigma_0.18_threshold_0.0 - INFO - adv_pred_purify: tensor([192, 155,  89,   5,  87, 138, 132,  46,   0,  39, 149,  49,   2,  46,
        195, 149], device='cuda:0')
2025-08-22 15:30:04,058 - ADV_Generation_eps_4.0_steps_100_image_only_attack_prm_Purification_type_noisy_anchor_anchors_10_alpha_1.2_sigma_0.18_threshold_0.0 - INFO - adv_correct_purify: 3 = 3 + 0
2025-08-22 15:30:05,837 - ADV_Generation_eps_4.0_steps_100_image_only_attack_prm_Purification_type_noisy_anchor_anchors_10_alpha_1.2_sigma_0.18_threshold_0.0 - INFO - ======================== Clean Image Evaluation ==========================
2025-08-22 15:30:05,837 - ADV_Generation_eps_4.0_steps_100_image_only_attack_prm_Purification_type_noisy_anchor_anchors_10_alpha_1.2_sigma_0.18_threshold_0.0 - INFO - target: tensor([35, 35, 35, 35, 36, 36, 36, 36, 36, 37, 37, 37, 37, 37, 38, 38],
       device='cuda:0')
2025-08-22 15:30:05,838 - ADV_Generation_eps_4.0_steps_100_image_only_attack_prm_Purification_type_noisy_anchor_anchors_10_alpha_1.2_sigma_0.18_threshold_0.0 - INFO - clean_pred: tensor([158,  35, 152,  33,  87,  81,  87, 193,   0,  37, 149, 147,  69,  37,
         38,  38], device='cuda:0')
2025-08-22 15:30:05,838 - ADV_Generation_eps_4.0_steps_100_image_only_attack_prm_Purification_type_noisy_anchor_anchors_10_alpha_1.2_sigma_0.18_threshold_0.0 - INFO - clean_correct_orig: 31
2025-08-22 15:30:05,838 - ADV_Generation_eps_4.0_steps_100_image_only_attack_prm_Purification_type_noisy_anchor_anchors_10_alpha_1.2_sigma_0.18_threshold_0.0 - INFO - clean_pred_purify: tensor([174, 155,  14,   5,  87, 138, 132,  46,   0,  39, 149,  49,   2, 169,
        195, 149], device='cuda:0')
2025-08-22 15:30:05,838 - ADV_Generation_eps_4.0_steps_100_image_only_attack_prm_Purification_type_noisy_anchor_anchors_10_alpha_1.2_sigma_0.18_threshold_0.0 - INFO - clean_correct_purify: 3
2025-08-22 15:30:05,838 - ADV_Generation_eps_4.0_steps_100_image_only_attack_prm_Purification_type_noisy_anchor_anchors_10_alpha_1.2_sigma_0.18_threshold_0.0 - INFO - adv_correct_purify_clean_correct: 3
2025-08-22 15:30:05,838 - ADV_Generation_eps_4.0_steps_100_image_only_attack_prm_Purification_type_noisy_anchor_anchors_10_alpha_1.2_sigma_0.18_threshold_0.0 - INFO - adv_correct_purify_clean_incorrect: 0
2025-08-22 15:30:05,838 - ADV_Generation_eps_4.0_steps_100_image_only_attack_prm_Purification_type_noisy_anchor_anchors_10_alpha_1.2_sigma_0.18_threshold_0.0 - INFO - clean_correct_purify_clean_correct: 3
2025-08-22 15:30:05,838 - ADV_Generation_eps_4.0_steps_100_image_only_attack_prm_Purification_type_noisy_anchor_anchors_10_alpha_1.2_sigma_0.18_threshold_0.0 - INFO - clean_correct_purify_clean_incorrect: 0
2025-08-22 15:30:05,839 - ADV_Generation_eps_4.0_steps_100_image_only_attack_prm_Purification_type_noisy_anchor_anchors_10_alpha_1.2_sigma_0.18_threshold_0.0 - INFO - Batch 12/63: Clean orig accuracy 0.1615 | Clean purify accuracy 0.0156 | Adv orig accuracy: 0.1302 | Adv purify accuracy: 0.0156 | Adv purify acc on clean correct: 0.0968 | Adv purify acc on clean incorrect: 0.0000 | Clean purify acc on clean correct: 0.0968 | Clean purify acc on clean incorrect: 0.0000
2025-08-22 15:30:54,379 - ADV_Generation_eps_4.0_steps_100_image_only_attack_prm_Purification_type_noisy_anchor_anchors_10_alpha_1.2_sigma_0.18_threshold_0.0 - INFO - Generated adversarial images for the entire batch.
2025-08-22 15:30:54,382 - ADV_Generation_eps_4.0_steps_100_image_only_attack_prm_Purification_type_noisy_anchor_anchors_10_alpha_1.2_sigma_0.18_threshold_0.0 - INFO - Batch:[12] Image: [0] Saved adversarial tensor to /leonardo_work/EUHPC_R04_192/fmohamma/Adversarial_Robust_Clip/atpt_data/delta_clip_l14_224/A/adv_images_eps_4.0_alpha_1.0_steps_100_image_only_attack_prm/n02099601_0.000483_sea lion _ sea lion_0.8658291.pt
2025-08-22 15:30:54,383 - ADV_Generation_eps_4.0_steps_100_image_only_attack_prm_Purification_type_noisy_anchor_anchors_10_alpha_1.2_sigma_0.18_threshold_0.0 - INFO - Batch:[12] Image: [1] Saved adversarial tensor to /leonardo_work/EUHPC_R04_192/fmohamma/Adversarial_Robust_Clip/atpt_data/delta_clip_l14_224/A/adv_images_eps_4.0_alpha_1.0_steps_100_image_only_attack_prm/n02099601_0.000538_volcano _ volcano_0.40337223.pt
2025-08-22 15:30:54,385 - ADV_Generation_eps_4.0_steps_100_image_only_attack_prm_Purification_type_noisy_anchor_anchors_10_alpha_1.2_sigma_0.18_threshold_0.0 - INFO - Batch:[12] Image: [2] Saved adversarial tensor to /leonardo_work/EUHPC_R04_192/fmohamma/Adversarial_Robust_Clip/atpt_data/delta_clip_l14_224/A/adv_images_eps_4.0_alpha_1.0_steps_100_image_only_attack_prm/n02099601_0.000539_jeep _ jeep_0.76522887.pt
2025-08-22 15:30:54,387 - ADV_Generation_eps_4.0_steps_100_image_only_attack_prm_Purification_type_noisy_anchor_anchors_10_alpha_1.2_sigma_0.18_threshold_0.0 - INFO - Batch:[12] Image: [3] Saved adversarial tensor to /leonardo_work/EUHPC_R04_192/fmohamma/Adversarial_Robust_Clip/atpt_data/delta_clip_l14_224/A/adv_images_eps_4.0_alpha_1.0_steps_100_image_only_attack_prm/n02106550_0.000024_Chihuahua _ Chihuahua_0.9999447.pt
2025-08-22 15:30:54,388 - ADV_Generation_eps_4.0_steps_100_image_only_attack_prm_Purification_type_noisy_anchor_anchors_10_alpha_1.2_sigma_0.18_threshold_0.0 - INFO - Batch:[12] Image: [4] Saved adversarial tensor to /leonardo_work/EUHPC_R04_192/fmohamma/Adversarial_Robust_Clip/atpt_data/delta_clip_l14_224/A/adv_images_eps_4.0_alpha_1.0_steps_100_image_only_attack_prm/n02106550_0.000190_bow _ bow_0.86476517.pt
2025-08-22 15:30:54,390 - ADV_Generation_eps_4.0_steps_100_image_only_attack_prm_Purification_type_noisy_anchor_anchors_10_alpha_1.2_sigma_0.18_threshold_0.0 - INFO - Batch:[12] Image: [5] Saved adversarial tensor to /leonardo_work/EUHPC_R04_192/fmohamma/Adversarial_Robust_Clip/atpt_data/delta_clip_l14_224/A/adv_images_eps_4.0_alpha_1.0_steps_100_image_only_attack_prm/n02106550_0.000342_bison _ bison_0.9881811.pt
2025-08-22 15:30:54,391 - ADV_Generation_eps_4.0_steps_100_image_only_attack_prm_Purification_type_noisy_anchor_anchors_10_alpha_1.2_sigma_0.18_threshold_0.0 - INFO - Batch:[12] Image: [6] Saved adversarial tensor to /leonardo_work/EUHPC_R04_192/fmohamma/Adversarial_Robust_Clip/atpt_data/delta_clip_l14_224/A/adv_images_eps_4.0_alpha_1.0_steps_100_image_only_attack_prm/n02106550_0.000868_unicycle _ candle_0.20245543.pt
2025-08-22 15:30:54,393 - ADV_Generation_eps_4.0_steps_100_image_only_attack_prm_Purification_type_noisy_anchor_anchors_10_alpha_1.2_sigma_0.18_threshold_0.0 - INFO - Batch:[12] Image: [7] Saved adversarial tensor to /leonardo_work/EUHPC_R04_192/fmohamma/Adversarial_Robust_Clip/atpt_data/delta_clip_l14_224/A/adv_images_eps_4.0_alpha_1.0_steps_100_image_only_attack_prm/n02106550_0.001067_unicycle _ accordion_0.7546428.pt
2025-08-22 15:30:54,394 - ADV_Generation_eps_4.0_steps_100_image_only_attack_prm_Purification_type_noisy_anchor_anchors_10_alpha_1.2_sigma_0.18_threshold_0.0 - INFO - Batch:[12] Image: [8] Saved adversarial tensor to /leonardo_work/EUHPC_R04_192/fmohamma/Adversarial_Robust_Clip/atpt_data/delta_clip_l14_224/A/adv_images_eps_4.0_alpha_1.0_steps_100_image_only_attack_prm/n02106662_0.000023_American black bear _ American black bear_0.99830174.pt
2025-08-22 15:30:54,396 - ADV_Generation_eps_4.0_steps_100_image_only_attack_prm_Purification_type_noisy_anchor_anchors_10_alpha_1.2_sigma_0.18_threshold_0.0 - INFO - Batch:[12] Image: [9] Saved adversarial tensor to /leonardo_work/EUHPC_R04_192/fmohamma/Adversarial_Robust_Clip/atpt_data/delta_clip_l14_224/A/adv_images_eps_4.0_alpha_1.0_steps_100_image_only_attack_prm/n02106662_0.000079_parking meter _ parking meter_0.6652527.pt
2025-08-22 15:30:54,397 - ADV_Generation_eps_4.0_steps_100_image_only_attack_prm_Purification_type_noisy_anchor_anchors_10_alpha_1.2_sigma_0.18_threshold_0.0 - INFO - Batch:[12] Image: [10] Saved adversarial tensor to /leonardo_work/EUHPC_R04_192/fmohamma/Adversarial_Robust_Clip/atpt_data/delta_clip_l14_224/A/adv_images_eps_4.0_alpha_1.0_steps_100_image_only_attack_prm/n02106662_0.000119_flagpole _ flagpole_0.46998748.pt
2025-08-22 15:30:54,399 - ADV_Generation_eps_4.0_steps_100_image_only_attack_prm_Purification_type_noisy_anchor_anchors_10_alpha_1.2_sigma_0.18_threshold_0.0 - INFO - Batch:[12] Image: [11] Saved adversarial tensor to /leonardo_work/EUHPC_R04_192/fmohamma/Adversarial_Robust_Clip/atpt_data/delta_clip_l14_224/A/adv_images_eps_4.0_alpha_1.0_steps_100_image_only_attack_prm/n02106662_0.000196_suspension bridge _ suspension bridge_0.4402747.pt
2025-08-22 15:30:54,402 - ADV_Generation_eps_4.0_steps_100_image_only_attack_prm_Purification_type_noisy_anchor_anchors_10_alpha_1.2_sigma_0.18_threshold_0.0 - INFO - Batch:[12] Image: [12] Saved adversarial tensor to /leonardo_work/EUHPC_R04_192/fmohamma/Adversarial_Robust_Clip/atpt_data/delta_clip_l14_224/A/adv_images_eps_4.0_alpha_1.0_steps_100_image_only_attack_prm/n02106662_0.000386_water tower _ water tower_0.5181009.pt
2025-08-22 15:30:54,405 - ADV_Generation_eps_4.0_steps_100_image_only_attack_prm_Purification_type_noisy_anchor_anchors_10_alpha_1.2_sigma_0.18_threshold_0.0 - INFO - Batch:[12] Image: [13] Saved adversarial tensor to /leonardo_work/EUHPC_R04_192/fmohamma/Adversarial_Robust_Clip/atpt_data/delta_clip_l14_224/A/adv_images_eps_4.0_alpha_1.0_steps_100_image_only_attack_prm/n02110958_0.000095_balloon _ umbrella_0.72902375.pt
2025-08-22 15:30:54,408 - ADV_Generation_eps_4.0_steps_100_image_only_attack_prm_Purification_type_noisy_anchor_anchors_10_alpha_1.2_sigma_0.18_threshold_0.0 - INFO - Batch:[12] Image: [14] Saved adversarial tensor to /leonardo_work/EUHPC_R04_192/fmohamma/Adversarial_Robust_Clip/atpt_data/delta_clip_l14_224/A/adv_images_eps_4.0_alpha_1.0_steps_100_image_only_attack_prm/n02110958_0.000283_Chihuahua _ Chihuahua_0.98853856.pt
2025-08-22 15:30:54,411 - ADV_Generation_eps_4.0_steps_100_image_only_attack_prm_Purification_type_noisy_anchor_anchors_10_alpha_1.2_sigma_0.18_threshold_0.0 - INFO - Batch:[12] Image: [15] Saved adversarial tensor to /leonardo_work/EUHPC_R04_192/fmohamma/Adversarial_Robust_Clip/atpt_data/delta_clip_l14_224/A/adv_images_eps_4.0_alpha_1.0_steps_100_image_only_attack_prm/n02110958_0.000318_spider web _ spider web_0.9830836.pt
2025-08-22 15:30:56,161 - ADV_Generation_eps_4.0_steps_100_image_only_attack_prm_Purification_type_noisy_anchor_anchors_10_alpha_1.2_sigma_0.18_threshold_0.0 - INFO - ======================== Adversarial Image Evaluation ==========================
2025-08-22 15:30:56,161 - ADV_Generation_eps_4.0_steps_100_image_only_attack_prm_Purification_type_noisy_anchor_anchors_10_alpha_1.2_sigma_0.18_threshold_0.0 - INFO - target: tensor([38, 38, 38, 39, 39, 39, 39, 39, 40, 40, 40, 40, 40, 41, 41, 41],
       device='cuda:0')
2025-08-22 15:30:56,162 - ADV_Generation_eps_4.0_steps_100_image_only_attack_prm_Purification_type_noisy_anchor_anchors_10_alpha_1.2_sigma_0.18_threshold_0.0 - INFO - adv_pred: tensor([ 38,  38,  38,  39,  39,  68, 100, 136, 193, 136, 110, 112, 110, 145,
         37, 178], device='cuda:0')
2025-08-22 15:30:56,162 - ADV_Generation_eps_4.0_steps_100_image_only_attack_prm_Purification_type_noisy_anchor_anchors_10_alpha_1.2_sigma_0.18_threshold_0.0 - INFO - adv_correct_orig: 30 = 25 + 5
2025-08-22 15:30:56,162 - ADV_Generation_eps_4.0_steps_100_image_only_attack_prm_Purification_type_noisy_anchor_anchors_10_alpha_1.2_sigma_0.18_threshold_0.0 - INFO - adv_pred_purify: tensor([  5,  68,  99,  39,  98,  68,  40, 136, 194, 136, 110,  14, 110, 192,
         38,  51], device='cuda:0')
2025-08-22 15:30:56,163 - ADV_Generation_eps_4.0_steps_100_image_only_attack_prm_Purification_type_noisy_anchor_anchors_10_alpha_1.2_sigma_0.18_threshold_0.0 - INFO - adv_correct_purify: 4 = 3 + 1
2025-08-22 15:30:57,909 - ADV_Generation_eps_4.0_steps_100_image_only_attack_prm_Purification_type_noisy_anchor_anchors_10_alpha_1.2_sigma_0.18_threshold_0.0 - INFO - ======================== Clean Image Evaluation ==========================
2025-08-22 15:30:57,909 - ADV_Generation_eps_4.0_steps_100_image_only_attack_prm_Purification_type_noisy_anchor_anchors_10_alpha_1.2_sigma_0.18_threshold_0.0 - INFO - target: tensor([38, 38, 38, 39, 39, 39, 39, 39, 40, 40, 40, 40, 40, 41, 41, 41],
       device='cuda:0')
2025-08-22 15:30:57,910 - ADV_Generation_eps_4.0_steps_100_image_only_attack_prm_Purification_type_noisy_anchor_anchors_10_alpha_1.2_sigma_0.18_threshold_0.0 - INFO - clean_pred: tensor([ 38,  38,  99,  39,  39,  68,  39, 136,  67, 136, 110, 112, 110, 163,
         37, 158], device='cuda:0')
2025-08-22 15:30:57,910 - ADV_Generation_eps_4.0_steps_100_image_only_attack_prm_Purification_type_noisy_anchor_anchors_10_alpha_1.2_sigma_0.18_threshold_0.0 - INFO - clean_correct_orig: 36
2025-08-22 15:30:57,910 - ADV_Generation_eps_4.0_steps_100_image_only_attack_prm_Purification_type_noisy_anchor_anchors_10_alpha_1.2_sigma_0.18_threshold_0.0 - INFO - clean_pred_purify: tensor([167,  68,  99,  39,  39,  68,  40, 136,  68, 136, 110,  14, 110, 145,
         38,  51], device='cuda:0')
2025-08-22 15:30:57,910 - ADV_Generation_eps_4.0_steps_100_image_only_attack_prm_Purification_type_noisy_anchor_anchors_10_alpha_1.2_sigma_0.18_threshold_0.0 - INFO - clean_correct_purify: 5
2025-08-22 15:30:57,910 - ADV_Generation_eps_4.0_steps_100_image_only_attack_prm_Purification_type_noisy_anchor_anchors_10_alpha_1.2_sigma_0.18_threshold_0.0 - INFO - adv_correct_purify_clean_correct: 4
2025-08-22 15:30:57,910 - ADV_Generation_eps_4.0_steps_100_image_only_attack_prm_Purification_type_noisy_anchor_anchors_10_alpha_1.2_sigma_0.18_threshold_0.0 - INFO - adv_correct_purify_clean_incorrect: 0
2025-08-22 15:30:57,910 - ADV_Generation_eps_4.0_steps_100_image_only_attack_prm_Purification_type_noisy_anchor_anchors_10_alpha_1.2_sigma_0.18_threshold_0.0 - INFO - clean_correct_purify_clean_correct: 5
2025-08-22 15:30:57,910 - ADV_Generation_eps_4.0_steps_100_image_only_attack_prm_Purification_type_noisy_anchor_anchors_10_alpha_1.2_sigma_0.18_threshold_0.0 - INFO - clean_correct_purify_clean_incorrect: 0
2025-08-22 15:30:57,911 - ADV_Generation_eps_4.0_steps_100_image_only_attack_prm_Purification_type_noisy_anchor_anchors_10_alpha_1.2_sigma_0.18_threshold_0.0 - INFO - Batch 13/63: Clean orig accuracy 0.1731 | Clean purify accuracy 0.0240 | Adv orig accuracy: 0.1442 | Adv purify accuracy: 0.0192 | Adv purify acc on clean correct: 0.1111 | Adv purify acc on clean incorrect: 0.0000 | Clean purify acc on clean correct: 0.1389 | Clean purify acc on clean incorrect: 0.0000
2025-08-22 15:31:46,331 - ADV_Generation_eps_4.0_steps_100_image_only_attack_prm_Purification_type_noisy_anchor_anchors_10_alpha_1.2_sigma_0.18_threshold_0.0 - INFO - Generated adversarial images for the entire batch.
2025-08-22 15:31:46,333 - ADV_Generation_eps_4.0_steps_100_image_only_attack_prm_Purification_type_noisy_anchor_anchors_10_alpha_1.2_sigma_0.18_threshold_0.0 - INFO - Batch:[13] Image: [0] Saved adversarial tensor to /leonardo_work/EUHPC_R04_192/fmohamma/Adversarial_Robust_Clip/atpt_data/delta_clip_l14_224/A/adv_images_eps_4.0_alpha_1.0_steps_100_image_only_attack_prm/n02110958_0.000425_bikini _ shipwreck_0.7094485.pt
2025-08-22 15:31:46,335 - ADV_Generation_eps_4.0_steps_100_image_only_attack_prm_Purification_type_noisy_anchor_anchors_10_alpha_1.2_sigma_0.18_threshold_0.0 - INFO - Batch:[13] Image: [1] Saved adversarial tensor to /leonardo_work/EUHPC_R04_192/fmohamma/Adversarial_Robust_Clip/atpt_data/delta_clip_l14_224/A/adv_images_eps_4.0_alpha_1.0_steps_100_image_only_attack_prm/n02110958_0.000501_quill _ quill_0.9915657.pt
2025-08-22 15:31:46,337 - ADV_Generation_eps_4.0_steps_100_image_only_attack_prm_Purification_type_noisy_anchor_anchors_10_alpha_1.2_sigma_0.18_threshold_0.0 - INFO - Batch:[13] Image: [2] Saved adversarial tensor to /leonardo_work/EUHPC_R04_192/fmohamma/Adversarial_Robust_Clip/atpt_data/delta_clip_l14_224/A/adv_images_eps_4.0_alpha_1.0_steps_100_image_only_attack_prm/n02119022_0.000097_wheelbarrow _ tank_0.6344445.pt
2025-08-22 15:31:46,338 - ADV_Generation_eps_4.0_steps_100_image_only_attack_prm_Purification_type_noisy_anchor_anchors_10_alpha_1.2_sigma_0.18_threshold_0.0 - INFO - Batch:[13] Image: [3] Saved adversarial tensor to /leonardo_work/EUHPC_R04_192/fmohamma/Adversarial_Robust_Clip/atpt_data/delta_clip_l14_224/A/adv_images_eps_4.0_alpha_1.0_steps_100_image_only_attack_prm/n02119022_0.000117_shovel _ shovel_0.7780528.pt
2025-08-22 15:31:46,340 - ADV_Generation_eps_4.0_steps_100_image_only_attack_prm_Purification_type_noisy_anchor_anchors_10_alpha_1.2_sigma_0.18_threshold_0.0 - INFO - Batch:[13] Image: [4] Saved adversarial tensor to /leonardo_work/EUHPC_R04_192/fmohamma/Adversarial_Robust_Clip/atpt_data/delta_clip_l14_224/A/adv_images_eps_4.0_alpha_1.0_steps_100_image_only_attack_prm/n02119022_0.000235_doormat _ weevil_0.41400772.pt
2025-08-22 15:31:46,341 - ADV_Generation_eps_4.0_steps_100_image_only_attack_prm_Purification_type_noisy_anchor_anchors_10_alpha_1.2_sigma_0.18_threshold_0.0 - INFO - Batch:[13] Image: [5] Saved adversarial tensor to /leonardo_work/EUHPC_R04_192/fmohamma/Adversarial_Robust_Clip/atpt_data/delta_clip_l14_224/A/adv_images_eps_4.0_alpha_1.0_steps_100_image_only_attack_prm/n02119022_0.000342_shipwreck _ shipwreck_0.9492132.pt
2025-08-22 15:31:46,343 - ADV_Generation_eps_4.0_steps_100_image_only_attack_prm_Purification_type_noisy_anchor_anchors_10_alpha_1.2_sigma_0.18_threshold_0.0 - INFO - Batch:[13] Image: [6] Saved adversarial tensor to /leonardo_work/EUHPC_R04_192/fmohamma/Adversarial_Robust_Clip/atpt_data/delta_clip_l14_224/A/adv_images_eps_4.0_alpha_1.0_steps_100_image_only_attack_prm/n02119022_0.000354_Rottweiler _ Rottweiler_0.7587839.pt
2025-08-22 15:31:46,345 - ADV_Generation_eps_4.0_steps_100_image_only_attack_prm_Purification_type_noisy_anchor_anchors_10_alpha_1.2_sigma_0.18_threshold_0.0 - INFO - Batch:[13] Image: [7] Saved adversarial tensor to /leonardo_work/EUHPC_R04_192/fmohamma/Adversarial_Robust_Clip/atpt_data/delta_clip_l14_224/A/adv_images_eps_4.0_alpha_1.0_steps_100_image_only_attack_prm/n02123394_0.000027_white-headed capuchin _ bald eagle_0.5838933.pt
2025-08-22 15:31:46,346 - ADV_Generation_eps_4.0_steps_100_image_only_attack_prm_Purification_type_noisy_anchor_anchors_10_alpha_1.2_sigma_0.18_threshold_0.0 - INFO - Batch:[13] Image: [8] Saved adversarial tensor to /leonardo_work/EUHPC_R04_192/fmohamma/Adversarial_Robust_Clip/atpt_data/delta_clip_l14_224/A/adv_images_eps_4.0_alpha_1.0_steps_100_image_only_attack_prm/n02123394_0.000041_feather boa _ accordion_0.29450762.pt
2025-08-22 15:31:46,348 - ADV_Generation_eps_4.0_steps_100_image_only_attack_prm_Purification_type_noisy_anchor_anchors_10_alpha_1.2_sigma_0.18_threshold_0.0 - INFO - Batch:[13] Image: [9] Saved adversarial tensor to /leonardo_work/EUHPC_R04_192/fmohamma/Adversarial_Robust_Clip/atpt_data/delta_clip_l14_224/A/adv_images_eps_4.0_alpha_1.0_steps_100_image_only_attack_prm/n02123394_0.000101_pug _ pug_0.9367235.pt
2025-08-22 15:31:46,350 - ADV_Generation_eps_4.0_steps_100_image_only_attack_prm_Purification_type_noisy_anchor_anchors_10_alpha_1.2_sigma_0.18_threshold_0.0 - INFO - Batch:[13] Image: [10] Saved adversarial tensor to /leonardo_work/EUHPC_R04_192/fmohamma/Adversarial_Robust_Clip/atpt_data/delta_clip_l14_224/A/adv_images_eps_4.0_alpha_1.0_steps_100_image_only_attack_prm/n02123394_0.000179_American black bear _ American black bear_0.99555063.pt
2025-08-22 15:31:46,351 - ADV_Generation_eps_4.0_steps_100_image_only_attack_prm_Purification_type_noisy_anchor_anchors_10_alpha_1.2_sigma_0.18_threshold_0.0 - INFO - Batch:[13] Image: [11] Saved adversarial tensor to /leonardo_work/EUHPC_R04_192/fmohamma/Adversarial_Robust_Clip/atpt_data/delta_clip_l14_224/A/adv_images_eps_4.0_alpha_1.0_steps_100_image_only_attack_prm/n02123394_0.000194_German Shepherd Dog _ canoe_0.9815617.pt
2025-08-22 15:31:46,353 - ADV_Generation_eps_4.0_steps_100_image_only_attack_prm_Purification_type_noisy_anchor_anchors_10_alpha_1.2_sigma_0.18_threshold_0.0 - INFO - Batch:[13] Image: [12] Saved adversarial tensor to /leonardo_work/EUHPC_R04_192/fmohamma/Adversarial_Robust_Clip/atpt_data/delta_clip_l14_224/A/adv_images_eps_4.0_alpha_1.0_steps_100_image_only_attack_prm/n02127052_0.000062_tricycle _ tricycle_0.6573468.pt
2025-08-22 15:31:46,537 - ADV_Generation_eps_4.0_steps_100_image_only_attack_prm_Purification_type_noisy_anchor_anchors_10_alpha_1.2_sigma_0.18_threshold_0.0 - INFO - Batch:[13] Image: [13] Saved adversarial tensor to /leonardo_work/EUHPC_R04_192/fmohamma/Adversarial_Robust_Clip/atpt_data/delta_clip_l14_224/A/adv_images_eps_4.0_alpha_1.0_steps_100_image_only_attack_prm/n02127052_0.000092_balance beam _ balance beam_0.6428108.pt
2025-08-22 15:31:46,716 - ADV_Generation_eps_4.0_steps_100_image_only_attack_prm_Purification_type_noisy_anchor_anchors_10_alpha_1.2_sigma_0.18_threshold_0.0 - INFO - Batch:[13] Image: [14] Saved adversarial tensor to /leonardo_work/EUHPC_R04_192/fmohamma/Adversarial_Robust_Clip/atpt_data/delta_clip_l14_224/A/adv_images_eps_4.0_alpha_1.0_steps_100_image_only_attack_prm/n02127052_0.000108_canoe _ tricycle_0.7666235.pt
2025-08-22 15:31:46,717 - ADV_Generation_eps_4.0_steps_100_image_only_attack_prm_Purification_type_noisy_anchor_anchors_10_alpha_1.2_sigma_0.18_threshold_0.0 - INFO - Batch:[13] Image: [15] Saved adversarial tensor to /leonardo_work/EUHPC_R04_192/fmohamma/Adversarial_Robust_Clip/atpt_data/delta_clip_l14_224/A/adv_images_eps_4.0_alpha_1.0_steps_100_image_only_attack_prm/n02127052_0.000114_wheelbarrow _ wheelbarrow_0.9893155.pt
2025-08-22 15:31:48,672 - ADV_Generation_eps_4.0_steps_100_image_only_attack_prm_Purification_type_noisy_anchor_anchors_10_alpha_1.2_sigma_0.18_threshold_0.0 - INFO - ======================== Adversarial Image Evaluation ==========================
2025-08-22 15:31:48,693 - ADV_Generation_eps_4.0_steps_100_image_only_attack_prm_Purification_type_noisy_anchor_anchors_10_alpha_1.2_sigma_0.18_threshold_0.0 - INFO - target: tensor([41, 41, 42, 42, 42, 42, 42, 43, 43, 43, 43, 43, 44, 44, 44, 44],
       device='cuda:0')
2025-08-22 15:31:48,693 - ADV_Generation_eps_4.0_steps_100_image_only_attack_prm_Purification_type_noisy_anchor_anchors_10_alpha_1.2_sigma_0.18_threshold_0.0 - INFO - adv_pred: tensor([178,  68,  85,  85,  66,  85,  93,   5, 167, 150,  73, 150, 155, 110,
         42,  85], device='cuda:0')
2025-08-22 15:31:48,694 - ADV_Generation_eps_4.0_steps_100_image_only_attack_prm_Purification_type_noisy_anchor_anchors_10_alpha_1.2_sigma_0.18_threshold_0.0 - INFO - adv_correct_orig: 30 = 30 + 0
2025-08-22 15:31:48,694 - ADV_Generation_eps_4.0_steps_100_image_only_attack_prm_Purification_type_noisy_anchor_anchors_10_alpha_1.2_sigma_0.18_threshold_0.0 - INFO - adv_pred_purify: tensor([178,   5,  53,  29,  53, 127, 164, 158,   4, 178,  46, 164, 178, 110,
         42, 173], device='cuda:0')
2025-08-22 15:31:48,694 - ADV_Generation_eps_4.0_steps_100_image_only_attack_prm_Purification_type_noisy_anchor_anchors_10_alpha_1.2_sigma_0.18_threshold_0.0 - INFO - adv_correct_purify: 4 = 4 + 0
2025-08-22 15:31:50,452 - ADV_Generation_eps_4.0_steps_100_image_only_attack_prm_Purification_type_noisy_anchor_anchors_10_alpha_1.2_sigma_0.18_threshold_0.0 - INFO - ======================== Clean Image Evaluation ==========================
2025-08-22 15:31:50,452 - ADV_Generation_eps_4.0_steps_100_image_only_attack_prm_Purification_type_noisy_anchor_anchors_10_alpha_1.2_sigma_0.18_threshold_0.0 - INFO - target: tensor([41, 41, 42, 42, 42, 42, 42, 43, 43, 43, 43, 43, 44, 44, 44, 44],
       device='cuda:0')
2025-08-22 15:31:50,453 - ADV_Generation_eps_4.0_steps_100_image_only_attack_prm_Purification_type_noisy_anchor_anchors_10_alpha_1.2_sigma_0.18_threshold_0.0 - INFO - clean_pred: tensor([178,  68,  85, 137,  66, 127, 152,   5, 167, 150,  73, 150, 155, 110,
         42,  85], device='cuda:0')
2025-08-22 15:31:50,453 - ADV_Generation_eps_4.0_steps_100_image_only_attack_prm_Purification_type_noisy_anchor_anchors_10_alpha_1.2_sigma_0.18_threshold_0.0 - INFO - clean_correct_orig: 36
2025-08-22 15:31:50,453 - ADV_Generation_eps_4.0_steps_100_image_only_attack_prm_Purification_type_noisy_anchor_anchors_10_alpha_1.2_sigma_0.18_threshold_0.0 - INFO - clean_pred_purify: tensor([178,   6,  84, 161,  53,  85, 164, 158,   4, 178,  46, 164, 178, 110,
         42, 173], device='cuda:0')
2025-08-22 15:31:50,453 - ADV_Generation_eps_4.0_steps_100_image_only_attack_prm_Purification_type_noisy_anchor_anchors_10_alpha_1.2_sigma_0.18_threshold_0.0 - INFO - clean_correct_purify: 5
2025-08-22 15:31:50,453 - ADV_Generation_eps_4.0_steps_100_image_only_attack_prm_Purification_type_noisy_anchor_anchors_10_alpha_1.2_sigma_0.18_threshold_0.0 - INFO - adv_correct_purify_clean_correct: 4
2025-08-22 15:31:50,453 - ADV_Generation_eps_4.0_steps_100_image_only_attack_prm_Purification_type_noisy_anchor_anchors_10_alpha_1.2_sigma_0.18_threshold_0.0 - INFO - adv_correct_purify_clean_incorrect: 0
2025-08-22 15:31:50,453 - ADV_Generation_eps_4.0_steps_100_image_only_attack_prm_Purification_type_noisy_anchor_anchors_10_alpha_1.2_sigma_0.18_threshold_0.0 - INFO - clean_correct_purify_clean_correct: 5
2025-08-22 15:31:50,453 - ADV_Generation_eps_4.0_steps_100_image_only_attack_prm_Purification_type_noisy_anchor_anchors_10_alpha_1.2_sigma_0.18_threshold_0.0 - INFO - clean_correct_purify_clean_incorrect: 0
2025-08-22 15:31:50,454 - ADV_Generation_eps_4.0_steps_100_image_only_attack_prm_Purification_type_noisy_anchor_anchors_10_alpha_1.2_sigma_0.18_threshold_0.0 - INFO - Batch 14/63: Clean orig accuracy 0.1607 | Clean purify accuracy 0.0223 | Adv orig accuracy: 0.1339 | Adv purify accuracy: 0.0179 | Adv purify acc on clean correct: 0.1111 | Adv purify acc on clean incorrect: 0.0000 | Clean purify acc on clean correct: 0.1389 | Clean purify acc on clean incorrect: 0.0000
2025-08-22 15:32:39,104 - ADV_Generation_eps_4.0_steps_100_image_only_attack_prm_Purification_type_noisy_anchor_anchors_10_alpha_1.2_sigma_0.18_threshold_0.0 - INFO - Generated adversarial images for the entire batch.
2025-08-22 15:32:39,109 - ADV_Generation_eps_4.0_steps_100_image_only_attack_prm_Purification_type_noisy_anchor_anchors_10_alpha_1.2_sigma_0.18_threshold_0.0 - INFO - Batch:[14] Image: [0] Saved adversarial tensor to /leonardo_work/EUHPC_R04_192/fmohamma/Adversarial_Robust_Clip/atpt_data/delta_clip_l14_224/A/adv_images_eps_4.0_alpha_1.0_steps_100_image_only_attack_prm/n02127052_0.000126_rocking chair _ wheelbarrow_0.94533163.pt
2025-08-22 15:32:39,112 - ADV_Generation_eps_4.0_steps_100_image_only_attack_prm_Purification_type_noisy_anchor_anchors_10_alpha_1.2_sigma_0.18_threshold_0.0 - INFO - Batch:[14] Image: [1] Saved adversarial tensor to /leonardo_work/EUHPC_R04_192/fmohamma/Adversarial_Robust_Clip/atpt_data/delta_clip_l14_224/A/adv_images_eps_4.0_alpha_1.0_steps_100_image_only_attack_prm/n02129165_0.000060_shovel _ shovel_0.2787459.pt
2025-08-22 15:32:39,116 - ADV_Generation_eps_4.0_steps_100_image_only_attack_prm_Purification_type_noisy_anchor_anchors_10_alpha_1.2_sigma_0.18_threshold_0.0 - INFO - Batch:[14] Image: [2] Saved adversarial tensor to /leonardo_work/EUHPC_R04_192/fmohamma/Adversarial_Robust_Clip/atpt_data/delta_clip_l14_224/A/adv_images_eps_4.0_alpha_1.0_steps_100_image_only_attack_prm/n02129165_0.000130_white-headed capuchin _ white-headed capuchin_0.9727163.pt
2025-08-22 15:32:39,121 - ADV_Generation_eps_4.0_steps_100_image_only_attack_prm_Purification_type_noisy_anchor_anchors_10_alpha_1.2_sigma_0.18_threshold_0.0 - INFO - Batch:[14] Image: [3] Saved adversarial tensor to /leonardo_work/EUHPC_R04_192/fmohamma/Adversarial_Robust_Clip/atpt_data/delta_clip_l14_224/A/adv_images_eps_4.0_alpha_1.0_steps_100_image_only_attack_prm/n02129165_0.000488_red fox _ red fox_0.999385.pt
2025-08-22 15:32:39,124 - ADV_Generation_eps_4.0_steps_100_image_only_attack_prm_Purification_type_noisy_anchor_anchors_10_alpha_1.2_sigma_0.18_threshold_0.0 - INFO - Batch:[14] Image: [4] Saved adversarial tensor to /leonardo_work/EUHPC_R04_192/fmohamma/Adversarial_Robust_Clip/atpt_data/delta_clip_l14_224/A/adv_images_eps_4.0_alpha_1.0_steps_100_image_only_attack_prm/n02129165_0.000525_bison _ fountain_0.674653.pt
2025-08-22 15:32:39,127 - ADV_Generation_eps_4.0_steps_100_image_only_attack_prm_Purification_type_noisy_anchor_anchors_10_alpha_1.2_sigma_0.18_threshold_0.0 - INFO - Batch:[14] Image: [5] Saved adversarial tensor to /leonardo_work/EUHPC_R04_192/fmohamma/Adversarial_Robust_Clip/atpt_data/delta_clip_l14_224/A/adv_images_eps_4.0_alpha_1.0_steps_100_image_only_attack_prm/n02129165_0.000732_marmot _ marmot_0.88161445.pt
2025-08-22 15:32:39,131 - ADV_Generation_eps_4.0_steps_100_image_only_attack_prm_Purification_type_noisy_anchor_anchors_10_alpha_1.2_sigma_0.18_threshold_0.0 - INFO - Batch:[14] Image: [6] Saved adversarial tensor to /leonardo_work/EUHPC_R04_192/fmohamma/Adversarial_Robust_Clip/atpt_data/delta_clip_l14_224/A/adv_images_eps_4.0_alpha_1.0_steps_100_image_only_attack_prm/n02133161_0.000005_red fox _ red fox_0.99454087.pt
2025-08-22 15:32:39,134 - ADV_Generation_eps_4.0_steps_100_image_only_attack_prm_Purification_type_noisy_anchor_anchors_10_alpha_1.2_sigma_0.18_threshold_0.0 - INFO - Batch:[14] Image: [7] Saved adversarial tensor to /leonardo_work/EUHPC_R04_192/fmohamma/Adversarial_Robust_Clip/atpt_data/delta_clip_l14_224/A/adv_images_eps_4.0_alpha_1.0_steps_100_image_only_attack_prm/n02133161_0.000032_fountain _ fountain_0.9543567.pt
2025-08-22 15:32:39,137 - ADV_Generation_eps_4.0_steps_100_image_only_attack_prm_Purification_type_noisy_anchor_anchors_10_alpha_1.2_sigma_0.18_threshold_0.0 - INFO - Batch:[14] Image: [8] Saved adversarial tensor to /leonardo_work/EUHPC_R04_192/fmohamma/Adversarial_Robust_Clip/atpt_data/delta_clip_l14_224/A/adv_images_eps_4.0_alpha_1.0_steps_100_image_only_attack_prm/n02133161_0.000087_baseball player _ baseball player_0.92684066.pt
2025-08-22 15:32:39,141 - ADV_Generation_eps_4.0_steps_100_image_only_attack_prm_Purification_type_noisy_anchor_anchors_10_alpha_1.2_sigma_0.18_threshold_0.0 - INFO - Batch:[14] Image: [9] Saved adversarial tensor to /leonardo_work/EUHPC_R04_192/fmohamma/Adversarial_Robust_Clip/atpt_data/delta_clip_l14_224/A/adv_images_eps_4.0_alpha_1.0_steps_100_image_only_attack_prm/n02133161_0.000276_digital clock _ digital clock_0.584193.pt
2025-08-22 15:32:39,144 - ADV_Generation_eps_4.0_steps_100_image_only_attack_prm_Purification_type_noisy_anchor_anchors_10_alpha_1.2_sigma_0.18_threshold_0.0 - INFO - Batch:[14] Image: [10] Saved adversarial tensor to /leonardo_work/EUHPC_R04_192/fmohamma/Adversarial_Robust_Clip/atpt_data/delta_clip_l14_224/A/adv_images_eps_4.0_alpha_1.0_steps_100_image_only_attack_prm/n02133161_0.000572_cottontail rabbit _ armadillo_0.8837404.pt
2025-08-22 15:32:39,147 - ADV_Generation_eps_4.0_steps_100_image_only_attack_prm_Purification_type_noisy_anchor_anchors_10_alpha_1.2_sigma_0.18_threshold_0.0 - INFO - Batch:[14] Image: [11] Saved adversarial tensor to /leonardo_work/EUHPC_R04_192/fmohamma/Adversarial_Robust_Clip/atpt_data/delta_clip_l14_224/A/adv_images_eps_4.0_alpha_1.0_steps_100_image_only_attack_prm/n02137549_0.000042_shovel _ shovel_0.9703361.pt
2025-08-22 15:32:39,152 - ADV_Generation_eps_4.0_steps_100_image_only_attack_prm_Purification_type_noisy_anchor_anchors_10_alpha_1.2_sigma_0.18_threshold_0.0 - INFO - Batch:[14] Image: [12] Saved adversarial tensor to /leonardo_work/EUHPC_R04_192/fmohamma/Adversarial_Robust_Clip/atpt_data/delta_clip_l14_224/A/adv_images_eps_4.0_alpha_1.0_steps_100_image_only_attack_prm/n02137549_0.000046_cliff _ American alligator_0.80902416.pt
2025-08-22 15:32:39,155 - ADV_Generation_eps_4.0_steps_100_image_only_attack_prm_Purification_type_noisy_anchor_anchors_10_alpha_1.2_sigma_0.18_threshold_0.0 - INFO - Batch:[14] Image: [13] Saved adversarial tensor to /leonardo_work/EUHPC_R04_192/fmohamma/Adversarial_Robust_Clip/atpt_data/delta_clip_l14_224/A/adv_images_eps_4.0_alpha_1.0_steps_100_image_only_attack_prm/n02137549_0.000220_shovel _ shipwreck_0.8533985.pt
2025-08-22 15:32:39,158 - ADV_Generation_eps_4.0_steps_100_image_only_attack_prm_Purification_type_noisy_anchor_anchors_10_alpha_1.2_sigma_0.18_threshold_0.0 - INFO - Batch:[14] Image: [14] Saved adversarial tensor to /leonardo_work/EUHPC_R04_192/fmohamma/Adversarial_Robust_Clip/atpt_data/delta_clip_l14_224/A/adv_images_eps_4.0_alpha_1.0_steps_100_image_only_attack_prm/n02137549_0.000227_sundial _ sundial_0.90819.pt
2025-08-22 15:32:39,161 - ADV_Generation_eps_4.0_steps_100_image_only_attack_prm_Purification_type_noisy_anchor_anchors_10_alpha_1.2_sigma_0.18_threshold_0.0 - INFO - Batch:[14] Image: [15] Saved adversarial tensor to /leonardo_work/EUHPC_R04_192/fmohamma/Adversarial_Robust_Clip/atpt_data/delta_clip_l14_224/A/adv_images_eps_4.0_alpha_1.0_steps_100_image_only_attack_prm/n02137549_0.000410_shovel _ tricycle_0.8405989.pt
2025-08-22 15:32:40,911 - ADV_Generation_eps_4.0_steps_100_image_only_attack_prm_Purification_type_noisy_anchor_anchors_10_alpha_1.2_sigma_0.18_threshold_0.0 - INFO - ======================== Adversarial Image Evaluation ==========================
2025-08-22 15:32:40,912 - ADV_Generation_eps_4.0_steps_100_image_only_attack_prm_Purification_type_noisy_anchor_anchors_10_alpha_1.2_sigma_0.18_threshold_0.0 - INFO - target: tensor([44, 45, 45, 45, 45, 45, 46, 46, 46, 46, 46, 47, 47, 47, 47, 47],
       device='cuda:0')
2025-08-22 15:32:40,912 - ADV_Generation_eps_4.0_steps_100_image_only_attack_prm_Purification_type_noisy_anchor_anchors_10_alpha_1.2_sigma_0.18_threshold_0.0 - INFO - adv_pred: tensor([144, 192,  73,  44,  68,  68,  46, 112, 195,  66,  66,  90, 158,  66,
         85,  85], device='cuda:0')
2025-08-22 15:32:40,912 - ADV_Generation_eps_4.0_steps_100_image_only_attack_prm_Purification_type_noisy_anchor_anchors_10_alpha_1.2_sigma_0.18_threshold_0.0 - INFO - adv_correct_orig: 31 = 30 + 1
2025-08-22 15:32:40,913 - ADV_Generation_eps_4.0_steps_100_image_only_attack_prm_Purification_type_noisy_anchor_anchors_10_alpha_1.2_sigma_0.18_threshold_0.0 - INFO - adv_pred_purify: tensor([144, 192, 199,  44,  87,  85,  46, 113, 174, 104,  44,  53, 192,  66,
         85, 113], device='cuda:0')
2025-08-22 15:32:40,913 - ADV_Generation_eps_4.0_steps_100_image_only_attack_prm_Purification_type_noisy_anchor_anchors_10_alpha_1.2_sigma_0.18_threshold_0.0 - INFO - adv_correct_purify: 5 = 4 + 1
2025-08-22 15:32:42,659 - ADV_Generation_eps_4.0_steps_100_image_only_attack_prm_Purification_type_noisy_anchor_anchors_10_alpha_1.2_sigma_0.18_threshold_0.0 - INFO - ======================== Clean Image Evaluation ==========================
2025-08-22 15:32:42,659 - ADV_Generation_eps_4.0_steps_100_image_only_attack_prm_Purification_type_noisy_anchor_anchors_10_alpha_1.2_sigma_0.18_threshold_0.0 - INFO - target: tensor([44, 45, 45, 45, 45, 45, 46, 46, 46, 46, 46, 47, 47, 47, 47, 47],
       device='cuda:0')
2025-08-22 15:32:42,659 - ADV_Generation_eps_4.0_steps_100_image_only_attack_prm_Purification_type_noisy_anchor_anchors_10_alpha_1.2_sigma_0.18_threshold_0.0 - INFO - clean_pred: tensor([144, 192,  73,  44,  68,  73,  46, 169, 195,  53,  66,  90,  95,  66,
        163,  85], device='cuda:0')
2025-08-22 15:32:42,659 - ADV_Generation_eps_4.0_steps_100_image_only_attack_prm_Purification_type_noisy_anchor_anchors_10_alpha_1.2_sigma_0.18_threshold_0.0 - INFO - clean_correct_orig: 37
2025-08-22 15:32:42,660 - ADV_Generation_eps_4.0_steps_100_image_only_attack_prm_Purification_type_noisy_anchor_anchors_10_alpha_1.2_sigma_0.18_threshold_0.0 - INFO - clean_pred_purify: tensor([144, 192, 199,  44,  87,  15, 104,   3, 195, 104,  44,  53, 192,  66,
         85, 113], device='cuda:0')
2025-08-22 15:32:42,660 - ADV_Generation_eps_4.0_steps_100_image_only_attack_prm_Purification_type_noisy_anchor_anchors_10_alpha_1.2_sigma_0.18_threshold_0.0 - INFO - clean_correct_purify: 5
2025-08-22 15:32:42,660 - ADV_Generation_eps_4.0_steps_100_image_only_attack_prm_Purification_type_noisy_anchor_anchors_10_alpha_1.2_sigma_0.18_threshold_0.0 - INFO - adv_correct_purify_clean_correct: 5
2025-08-22 15:32:42,660 - ADV_Generation_eps_4.0_steps_100_image_only_attack_prm_Purification_type_noisy_anchor_anchors_10_alpha_1.2_sigma_0.18_threshold_0.0 - INFO - adv_correct_purify_clean_incorrect: 0
2025-08-22 15:32:42,660 - ADV_Generation_eps_4.0_steps_100_image_only_attack_prm_Purification_type_noisy_anchor_anchors_10_alpha_1.2_sigma_0.18_threshold_0.0 - INFO - clean_correct_purify_clean_correct: 5
2025-08-22 15:32:42,660 - ADV_Generation_eps_4.0_steps_100_image_only_attack_prm_Purification_type_noisy_anchor_anchors_10_alpha_1.2_sigma_0.18_threshold_0.0 - INFO - clean_correct_purify_clean_incorrect: 0
2025-08-22 15:32:42,661 - ADV_Generation_eps_4.0_steps_100_image_only_attack_prm_Purification_type_noisy_anchor_anchors_10_alpha_1.2_sigma_0.18_threshold_0.0 - INFO - Batch 15/63: Clean orig accuracy 0.1542 | Clean purify accuracy 0.0208 | Adv orig accuracy: 0.1292 | Adv purify accuracy: 0.0208 | Adv purify acc on clean correct: 0.1351 | Adv purify acc on clean incorrect: 0.0000 | Clean purify acc on clean correct: 0.1351 | Clean purify acc on clean incorrect: 0.0000
2025-08-22 15:33:31,043 - ADV_Generation_eps_4.0_steps_100_image_only_attack_prm_Purification_type_noisy_anchor_anchors_10_alpha_1.2_sigma_0.18_threshold_0.0 - INFO - Generated adversarial images for the entire batch.
2025-08-22 15:33:31,046 - ADV_Generation_eps_4.0_steps_100_image_only_attack_prm_Purification_type_noisy_anchor_anchors_10_alpha_1.2_sigma_0.18_threshold_0.0 - INFO - Batch:[15] Image: [0] Saved adversarial tensor to /leonardo_work/EUHPC_R04_192/fmohamma/Adversarial_Robust_Clip/atpt_data/delta_clip_l14_224/A/adv_images_eps_4.0_alpha_1.0_steps_100_image_only_attack_prm/n02165456_0.000000_stick insect _ stick insect_0.9991732.pt
2025-08-22 15:33:31,048 - ADV_Generation_eps_4.0_steps_100_image_only_attack_prm_Purification_type_noisy_anchor_anchors_10_alpha_1.2_sigma_0.18_threshold_0.0 - INFO - Batch:[15] Image: [1] Saved adversarial tensor to /leonardo_work/EUHPC_R04_192/fmohamma/Adversarial_Robust_Clip/atpt_data/delta_clip_l14_224/A/adv_images_eps_4.0_alpha_1.0_steps_100_image_only_attack_prm/n02165456_0.000005_revolver _ revolver_0.99989617.pt
2025-08-22 15:33:31,049 - ADV_Generation_eps_4.0_steps_100_image_only_attack_prm_Purification_type_noisy_anchor_anchors_10_alpha_1.2_sigma_0.18_threshold_0.0 - INFO - Batch:[15] Image: [2] Saved adversarial tensor to /leonardo_work/EUHPC_R04_192/fmohamma/Adversarial_Robust_Clip/atpt_data/delta_clip_l14_224/A/adv_images_eps_4.0_alpha_1.0_steps_100_image_only_attack_prm/n02165456_0.000006_stick insect _ stick insect_0.99891424.pt
2025-08-22 15:33:31,051 - ADV_Generation_eps_4.0_steps_100_image_only_attack_prm_Purification_type_noisy_anchor_anchors_10_alpha_1.2_sigma_0.18_threshold_0.0 - INFO - Batch:[15] Image: [3] Saved adversarial tensor to /leonardo_work/EUHPC_R04_192/fmohamma/Adversarial_Robust_Clip/atpt_data/delta_clip_l14_224/A/adv_images_eps_4.0_alpha_1.0_steps_100_image_only_attack_prm/n02165456_0.000008_beaker _ beaker_0.96551114.pt
2025-08-22 15:33:31,052 - ADV_Generation_eps_4.0_steps_100_image_only_attack_prm_Purification_type_noisy_anchor_anchors_10_alpha_1.2_sigma_0.18_threshold_0.0 - INFO - Batch:[15] Image: [4] Saved adversarial tensor to /leonardo_work/EUHPC_R04_192/fmohamma/Adversarial_Robust_Clip/atpt_data/delta_clip_l14_224/A/adv_images_eps_4.0_alpha_1.0_steps_100_image_only_attack_prm/n02165456_0.000012_sandal _ sandal_0.97478515.pt
2025-08-22 15:33:31,054 - ADV_Generation_eps_4.0_steps_100_image_only_attack_prm_Purification_type_noisy_anchor_anchors_10_alpha_1.2_sigma_0.18_threshold_0.0 - INFO - Batch:[15] Image: [5] Saved adversarial tensor to /leonardo_work/EUHPC_R04_192/fmohamma/Adversarial_Robust_Clip/atpt_data/delta_clip_l14_224/A/adv_images_eps_4.0_alpha_1.0_steps_100_image_only_attack_prm/n02174001_0.000001_ant _ ant_0.99983287.pt
2025-08-22 15:33:31,057 - ADV_Generation_eps_4.0_steps_100_image_only_attack_prm_Purification_type_noisy_anchor_anchors_10_alpha_1.2_sigma_0.18_threshold_0.0 - INFO - Batch:[15] Image: [6] Saved adversarial tensor to /leonardo_work/EUHPC_R04_192/fmohamma/Adversarial_Robust_Clip/atpt_data/delta_clip_l14_224/A/adv_images_eps_4.0_alpha_1.0_steps_100_image_only_attack_prm/n02174001_0.000965_cockroach _ cockroach_0.98356044.pt
2025-08-22 15:33:31,058 - ADV_Generation_eps_4.0_steps_100_image_only_attack_prm_Purification_type_noisy_anchor_anchors_10_alpha_1.2_sigma_0.18_threshold_0.0 - INFO - Batch:[15] Image: [7] Saved adversarial tensor to /leonardo_work/EUHPC_R04_192/fmohamma/Adversarial_Robust_Clip/atpt_data/delta_clip_l14_224/A/adv_images_eps_4.0_alpha_1.0_steps_100_image_only_attack_prm/n02174001_0.001067_shovel _ chest_0.70329875.pt
2025-08-22 15:33:31,060 - ADV_Generation_eps_4.0_steps_100_image_only_attack_prm_Purification_type_noisy_anchor_anchors_10_alpha_1.2_sigma_0.18_threshold_0.0 - INFO - Batch:[15] Image: [8] Saved adversarial tensor to /leonardo_work/EUHPC_R04_192/fmohamma/Adversarial_Robust_Clip/atpt_data/delta_clip_l14_224/A/adv_images_eps_4.0_alpha_1.0_steps_100_image_only_attack_prm/n02174001_0.001651_manhole cover _ manhole cover_0.47949895.pt
2025-08-22 15:33:31,061 - ADV_Generation_eps_4.0_steps_100_image_only_attack_prm_Purification_type_noisy_anchor_anchors_10_alpha_1.2_sigma_0.18_threshold_0.0 - INFO - Batch:[15] Image: [9] Saved adversarial tensor to /leonardo_work/EUHPC_R04_192/fmohamma/Adversarial_Robust_Clip/atpt_data/delta_clip_l14_224/A/adv_images_eps_4.0_alpha_1.0_steps_100_image_only_attack_prm/n02174001_0.002545_banana _ banana_0.8258848.pt
2025-08-22 15:33:31,063 - ADV_Generation_eps_4.0_steps_100_image_only_attack_prm_Purification_type_noisy_anchor_anchors_10_alpha_1.2_sigma_0.18_threshold_0.0 - INFO - Batch:[15] Image: [10] Saved adversarial tensor to /leonardo_work/EUHPC_R04_192/fmohamma/Adversarial_Robust_Clip/atpt_data/delta_clip_l14_224/A/adv_images_eps_4.0_alpha_1.0_steps_100_image_only_attack_prm/n02177972_0.001164_mushroom _ mushroom_0.8742788.pt
2025-08-22 15:33:31,064 - ADV_Generation_eps_4.0_steps_100_image_only_attack_prm_Purification_type_noisy_anchor_anchors_10_alpha_1.2_sigma_0.18_threshold_0.0 - INFO - Batch:[15] Image: [11] Saved adversarial tensor to /leonardo_work/EUHPC_R04_192/fmohamma/Adversarial_Robust_Clip/atpt_data/delta_clip_l14_224/A/adv_images_eps_4.0_alpha_1.0_steps_100_image_only_attack_prm/n02177972_0.008063_lemon _ lemon_0.8665868.pt
2025-08-22 15:33:31,066 - ADV_Generation_eps_4.0_steps_100_image_only_attack_prm_Purification_type_noisy_anchor_anchors_10_alpha_1.2_sigma_0.18_threshold_0.0 - INFO - Batch:[15] Image: [12] Saved adversarial tensor to /leonardo_work/EUHPC_R04_192/fmohamma/Adversarial_Robust_Clip/atpt_data/delta_clip_l14_224/A/adv_images_eps_4.0_alpha_1.0_steps_100_image_only_attack_prm/n02177972_0.008504_scorpion _ scorpion_0.94997025.pt
2025-08-22 15:33:31,068 - ADV_Generation_eps_4.0_steps_100_image_only_attack_prm_Purification_type_noisy_anchor_anchors_10_alpha_1.2_sigma_0.18_threshold_0.0 - INFO - Batch:[15] Image: [13] Saved adversarial tensor to /leonardo_work/EUHPC_R04_192/fmohamma/Adversarial_Robust_Clip/atpt_data/delta_clip_l14_224/A/adv_images_eps_4.0_alpha_1.0_steps_100_image_only_attack_prm/n02190166_0.000001_chain _ chain_0.9832024.pt
2025-08-22 15:33:31,071 - ADV_Generation_eps_4.0_steps_100_image_only_attack_prm_Purification_type_noisy_anchor_anchors_10_alpha_1.2_sigma_0.18_threshold_0.0 - INFO - Batch:[15] Image: [14] Saved adversarial tensor to /leonardo_work/EUHPC_R04_192/fmohamma/Adversarial_Robust_Clip/atpt_data/delta_clip_l14_224/A/adv_images_eps_4.0_alpha_1.0_steps_100_image_only_attack_prm/n02190166_0.000002_crayfish _ crayfish_0.91449344.pt
2025-08-22 15:33:31,076 - ADV_Generation_eps_4.0_steps_100_image_only_attack_prm_Purification_type_noisy_anchor_anchors_10_alpha_1.2_sigma_0.18_threshold_0.0 - INFO - Batch:[15] Image: [15] Saved adversarial tensor to /leonardo_work/EUHPC_R04_192/fmohamma/Adversarial_Robust_Clip/atpt_data/delta_clip_l14_224/A/adv_images_eps_4.0_alpha_1.0_steps_100_image_only_attack_prm/n02190166_0.000002_sandal _ sandal_0.9997882.pt
2025-08-22 15:33:32,826 - ADV_Generation_eps_4.0_steps_100_image_only_attack_prm_Purification_type_noisy_anchor_anchors_10_alpha_1.2_sigma_0.18_threshold_0.0 - INFO - ======================== Adversarial Image Evaluation ==========================
2025-08-22 15:33:32,826 - ADV_Generation_eps_4.0_steps_100_image_only_attack_prm_Purification_type_noisy_anchor_anchors_10_alpha_1.2_sigma_0.18_threshold_0.0 - INFO - target: tensor([48, 48, 48, 48, 48, 49, 49, 49, 49, 49, 50, 50, 50, 51, 51, 51],
       device='cuda:0')
2025-08-22 15:33:32,827 - ADV_Generation_eps_4.0_steps_100_image_only_attack_prm_Purification_type_noisy_anchor_anchors_10_alpha_1.2_sigma_0.18_threshold_0.0 - INFO - adv_pred: tensor([ 55, 104,  55, 125, 101,  53,  56,  90,  56,  85, 120, 187,  56,  14,
         62,  48], device='cuda:0')
2025-08-22 15:33:32,827 - ADV_Generation_eps_4.0_steps_100_image_only_attack_prm_Purification_type_noisy_anchor_anchors_10_alpha_1.2_sigma_0.18_threshold_0.0 - INFO - adv_correct_orig: 31 = 31 + 0
2025-08-22 15:33:32,827 - ADV_Generation_eps_4.0_steps_100_image_only_attack_prm_Purification_type_noisy_anchor_anchors_10_alpha_1.2_sigma_0.18_threshold_0.0 - INFO - adv_pred_purify: tensor([ 57, 104, 198, 105,  98,  63,  48,  53, 158,  83,  50, 187,  53,  14,
         57, 195], device='cuda:0')
2025-08-22 15:33:32,827 - ADV_Generation_eps_4.0_steps_100_image_only_attack_prm_Purification_type_noisy_anchor_anchors_10_alpha_1.2_sigma_0.18_threshold_0.0 - INFO - adv_correct_purify: 6 = 5 + 1
2025-08-22 15:33:34,573 - ADV_Generation_eps_4.0_steps_100_image_only_attack_prm_Purification_type_noisy_anchor_anchors_10_alpha_1.2_sigma_0.18_threshold_0.0 - INFO - ======================== Clean Image Evaluation ==========================
2025-08-22 15:33:34,574 - ADV_Generation_eps_4.0_steps_100_image_only_attack_prm_Purification_type_noisy_anchor_anchors_10_alpha_1.2_sigma_0.18_threshold_0.0 - INFO - target: tensor([48, 48, 48, 48, 48, 49, 49, 49, 49, 49, 50, 50, 50, 51, 51, 51],
       device='cuda:0')
2025-08-22 15:33:34,574 - ADV_Generation_eps_4.0_steps_100_image_only_attack_prm_Purification_type_noisy_anchor_anchors_10_alpha_1.2_sigma_0.18_threshold_0.0 - INFO - clean_pred: tensor([ 55, 104,  48, 125, 101,  53,  50,  56,  50,  85, 120, 187,  56,  14,
         62,  48], device='cuda:0')
2025-08-22 15:33:34,574 - ADV_Generation_eps_4.0_steps_100_image_only_attack_prm_Purification_type_noisy_anchor_anchors_10_alpha_1.2_sigma_0.18_threshold_0.0 - INFO - clean_correct_orig: 38
2025-08-22 15:33:34,575 - ADV_Generation_eps_4.0_steps_100_image_only_attack_prm_Purification_type_noisy_anchor_anchors_10_alpha_1.2_sigma_0.18_threshold_0.0 - INFO - clean_pred_purify: tensor([ 57, 104, 198,  98, 101,  53,  48, 148, 158,  83,  50, 187,  53,  14,
         57, 195], device='cuda:0')
2025-08-22 15:33:34,575 - ADV_Generation_eps_4.0_steps_100_image_only_attack_prm_Purification_type_noisy_anchor_anchors_10_alpha_1.2_sigma_0.18_threshold_0.0 - INFO - clean_correct_purify: 6
2025-08-22 15:33:34,575 - ADV_Generation_eps_4.0_steps_100_image_only_attack_prm_Purification_type_noisy_anchor_anchors_10_alpha_1.2_sigma_0.18_threshold_0.0 - INFO - adv_correct_purify_clean_correct: 5
2025-08-22 15:33:34,575 - ADV_Generation_eps_4.0_steps_100_image_only_attack_prm_Purification_type_noisy_anchor_anchors_10_alpha_1.2_sigma_0.18_threshold_0.0 - INFO - adv_correct_purify_clean_incorrect: 1
2025-08-22 15:33:34,575 - ADV_Generation_eps_4.0_steps_100_image_only_attack_prm_Purification_type_noisy_anchor_anchors_10_alpha_1.2_sigma_0.18_threshold_0.0 - INFO - clean_correct_purify_clean_correct: 5
2025-08-22 15:33:34,575 - ADV_Generation_eps_4.0_steps_100_image_only_attack_prm_Purification_type_noisy_anchor_anchors_10_alpha_1.2_sigma_0.18_threshold_0.0 - INFO - clean_correct_purify_clean_incorrect: 1
2025-08-22 15:33:34,576 - ADV_Generation_eps_4.0_steps_100_image_only_attack_prm_Purification_type_noisy_anchor_anchors_10_alpha_1.2_sigma_0.18_threshold_0.0 - INFO - Batch 16/63: Clean orig accuracy 0.1484 | Clean purify accuracy 0.0234 | Adv orig accuracy: 0.1211 | Adv purify accuracy: 0.0234 | Adv purify acc on clean correct: 0.1316 | Adv purify acc on clean incorrect: 0.0046 | Clean purify acc on clean correct: 0.1316 | Clean purify acc on clean incorrect: 0.0046
2025-08-22 15:34:22,947 - ADV_Generation_eps_4.0_steps_100_image_only_attack_prm_Purification_type_noisy_anchor_anchors_10_alpha_1.2_sigma_0.18_threshold_0.0 - INFO - Generated adversarial images for the entire batch.
2025-08-22 15:34:22,949 - ADV_Generation_eps_4.0_steps_100_image_only_attack_prm_Purification_type_noisy_anchor_anchors_10_alpha_1.2_sigma_0.18_threshold_0.0 - INFO - Batch:[16] Image: [0] Saved adversarial tensor to /leonardo_work/EUHPC_R04_192/fmohamma/Adversarial_Robust_Clip/atpt_data/delta_clip_l14_224/A/adv_images_eps_4.0_alpha_1.0_steps_100_image_only_attack_prm/n02190166_0.000006_scorpion _ scorpion_0.9922449.pt
2025-08-22 15:34:22,951 - ADV_Generation_eps_4.0_steps_100_image_only_attack_prm_Purification_type_noisy_anchor_anchors_10_alpha_1.2_sigma_0.18_threshold_0.0 - INFO - Batch:[16] Image: [1] Saved adversarial tensor to /leonardo_work/EUHPC_R04_192/fmohamma/Adversarial_Robust_Clip/atpt_data/delta_clip_l14_224/A/adv_images_eps_4.0_alpha_1.0_steps_100_image_only_attack_prm/n02190166_0.000007_goblet _ goblet_0.9339981.pt
2025-08-22 15:34:22,953 - ADV_Generation_eps_4.0_steps_100_image_only_attack_prm_Purification_type_noisy_anchor_anchors_10_alpha_1.2_sigma_0.18_threshold_0.0 - INFO - Batch:[16] Image: [2] Saved adversarial tensor to /leonardo_work/EUHPC_R04_192/fmohamma/Adversarial_Robust_Clip/atpt_data/delta_clip_l14_224/A/adv_images_eps_4.0_alpha_1.0_steps_100_image_only_attack_prm/n02206856_0.000004_ocarina _ ocarina_0.9983333.pt
2025-08-22 15:34:22,954 - ADV_Generation_eps_4.0_steps_100_image_only_attack_prm_Purification_type_noisy_anchor_anchors_10_alpha_1.2_sigma_0.18_threshold_0.0 - INFO - Batch:[16] Image: [3] Saved adversarial tensor to /leonardo_work/EUHPC_R04_192/fmohamma/Adversarial_Robust_Clip/atpt_data/delta_clip_l14_224/A/adv_images_eps_4.0_alpha_1.0_steps_100_image_only_attack_prm/n02206856_0.000005_pomegranate _ pomegranate_0.9994856.pt
2025-08-22 15:34:22,956 - ADV_Generation_eps_4.0_steps_100_image_only_attack_prm_Purification_type_noisy_anchor_anchors_10_alpha_1.2_sigma_0.18_threshold_0.0 - INFO - Batch:[16] Image: [4] Saved adversarial tensor to /leonardo_work/EUHPC_R04_192/fmohamma/Adversarial_Robust_Clip/atpt_data/delta_clip_l14_224/A/adv_images_eps_4.0_alpha_1.0_steps_100_image_only_attack_prm/n02206856_0.000006_bald eagle _ bald eagle_0.9928185.pt
2025-08-22 15:34:22,958 - ADV_Generation_eps_4.0_steps_100_image_only_attack_prm_Purification_type_noisy_anchor_anchors_10_alpha_1.2_sigma_0.18_threshold_0.0 - INFO - Batch:[16] Image: [5] Saved adversarial tensor to /leonardo_work/EUHPC_R04_192/fmohamma/Adversarial_Robust_Clip/atpt_data/delta_clip_l14_224/A/adv_images_eps_4.0_alpha_1.0_steps_100_image_only_attack_prm/n02206856_0.000006_beaker _ beaker_0.42621076.pt
2025-08-22 15:34:22,959 - ADV_Generation_eps_4.0_steps_100_image_only_attack_prm_Purification_type_noisy_anchor_anchors_10_alpha_1.2_sigma_0.18_threshold_0.0 - INFO - Batch:[16] Image: [6] Saved adversarial tensor to /leonardo_work/EUHPC_R04_192/fmohamma/Adversarial_Robust_Clip/atpt_data/delta_clip_l14_224/A/adv_images_eps_4.0_alpha_1.0_steps_100_image_only_attack_prm/n02206856_0.000006_drumstick _ drumstick_0.9549891.pt
2025-08-22 15:34:22,961 - ADV_Generation_eps_4.0_steps_100_image_only_attack_prm_Purification_type_noisy_anchor_anchors_10_alpha_1.2_sigma_0.18_threshold_0.0 - INFO - Batch:[16] Image: [7] Saved adversarial tensor to /leonardo_work/EUHPC_R04_192/fmohamma/Adversarial_Robust_Clip/atpt_data/delta_clip_l14_224/A/adv_images_eps_4.0_alpha_1.0_steps_100_image_only_attack_prm/n02219486_0.000002_syringe _ syringe_0.9963264.pt
2025-08-22 15:34:22,962 - ADV_Generation_eps_4.0_steps_100_image_only_attack_prm_Purification_type_noisy_anchor_anchors_10_alpha_1.2_sigma_0.18_threshold_0.0 - INFO - Batch:[16] Image: [8] Saved adversarial tensor to /leonardo_work/EUHPC_R04_192/fmohamma/Adversarial_Robust_Clip/atpt_data/delta_clip_l14_224/A/adv_images_eps_4.0_alpha_1.0_steps_100_image_only_attack_prm/n02219486_0.000005_salt shaker _ salt shaker_0.9521589.pt
2025-08-22 15:34:22,964 - ADV_Generation_eps_4.0_steps_100_image_only_attack_prm_Purification_type_noisy_anchor_anchors_10_alpha_1.2_sigma_0.18_threshold_0.0 - INFO - Batch:[16] Image: [9] Saved adversarial tensor to /leonardo_work/EUHPC_R04_192/fmohamma/Adversarial_Robust_Clip/atpt_data/delta_clip_l14_224/A/adv_images_eps_4.0_alpha_1.0_steps_100_image_only_attack_prm/n02219486_0.000009_nail _ nail_0.9998646.pt
2025-08-22 15:34:22,965 - ADV_Generation_eps_4.0_steps_100_image_only_attack_prm_Purification_type_noisy_anchor_anchors_10_alpha_1.2_sigma_0.18_threshold_0.0 - INFO - Batch:[16] Image: [10] Saved adversarial tensor to /leonardo_work/EUHPC_R04_192/fmohamma/Adversarial_Robust_Clip/atpt_data/delta_clip_l14_224/A/adv_images_eps_4.0_alpha_1.0_steps_100_image_only_attack_prm/n02219486_0.000010_custard apple _ custard apple_0.6885176.pt
2025-08-22 15:34:22,967 - ADV_Generation_eps_4.0_steps_100_image_only_attack_prm_Purification_type_noisy_anchor_anchors_10_alpha_1.2_sigma_0.18_threshold_0.0 - INFO - Batch:[16] Image: [11] Saved adversarial tensor to /leonardo_work/EUHPC_R04_192/fmohamma/Adversarial_Robust_Clip/atpt_data/delta_clip_l14_224/A/adv_images_eps_4.0_alpha_1.0_steps_100_image_only_attack_prm/n02219486_0.000011_manhole cover _ manhole cover_0.99939394.pt
2025-08-22 15:34:22,968 - ADV_Generation_eps_4.0_steps_100_image_only_attack_prm_Purification_type_noisy_anchor_anchors_10_alpha_1.2_sigma_0.18_threshold_0.0 - INFO - Batch:[16] Image: [12] Saved adversarial tensor to /leonardo_work/EUHPC_R04_192/fmohamma/Adversarial_Robust_Clip/atpt_data/delta_clip_l14_224/A/adv_images_eps_4.0_alpha_1.0_steps_100_image_only_attack_prm/n02226429_0.000008_shipwreck _ shipwreck_0.9849509.pt
2025-08-22 15:34:22,970 - ADV_Generation_eps_4.0_steps_100_image_only_attack_prm_Purification_type_noisy_anchor_anchors_10_alpha_1.2_sigma_0.18_threshold_0.0 - INFO - Batch:[16] Image: [13] Saved adversarial tensor to /leonardo_work/EUHPC_R04_192/fmohamma/Adversarial_Robust_Clip/atpt_data/delta_clip_l14_224/A/adv_images_eps_4.0_alpha_1.0_steps_100_image_only_attack_prm/n02226429_0.000009_rugby ball _ rugby ball_0.594592.pt
2025-08-22 15:34:22,971 - ADV_Generation_eps_4.0_steps_100_image_only_attack_prm_Purification_type_noisy_anchor_anchors_10_alpha_1.2_sigma_0.18_threshold_0.0 - INFO - Batch:[16] Image: [14] Saved adversarial tensor to /leonardo_work/EUHPC_R04_192/fmohamma/Adversarial_Robust_Clip/atpt_data/delta_clip_l14_224/A/adv_images_eps_4.0_alpha_1.0_steps_100_image_only_attack_prm/n02226429_0.000009_sea lion _ sea lion_0.9752064.pt
2025-08-22 15:34:22,973 - ADV_Generation_eps_4.0_steps_100_image_only_attack_prm_Purification_type_noisy_anchor_anchors_10_alpha_1.2_sigma_0.18_threshold_0.0 - INFO - Batch:[16] Image: [15] Saved adversarial tensor to /leonardo_work/EUHPC_R04_192/fmohamma/Adversarial_Robust_Clip/atpt_data/delta_clip_l14_224/A/adv_images_eps_4.0_alpha_1.0_steps_100_image_only_attack_prm/n02226429_0.000014_cowboy boot _ sandal_0.90159154.pt
2025-08-22 15:34:24,722 - ADV_Generation_eps_4.0_steps_100_image_only_attack_prm_Purification_type_noisy_anchor_anchors_10_alpha_1.2_sigma_0.18_threshold_0.0 - INFO - ======================== Adversarial Image Evaluation ==========================
2025-08-22 15:34:24,723 - ADV_Generation_eps_4.0_steps_100_image_only_attack_prm_Purification_type_noisy_anchor_anchors_10_alpha_1.2_sigma_0.18_threshold_0.0 - INFO - target: tensor([51, 51, 52, 52, 52, 52, 52, 53, 53, 53, 53, 53, 54, 54, 54, 54],
       device='cuda:0')
2025-08-22 15:34:24,723 - ADV_Generation_eps_4.0_steps_100_image_only_attack_prm_Purification_type_noisy_anchor_anchors_10_alpha_1.2_sigma_0.18_threshold_0.0 - INFO - adv_pred: tensor([ 51,  88, 178, 190,  52,  26,  98, 165, 165, 131,  25, 125,  49, 139,
        138, 101], device='cuda:0')
2025-08-22 15:34:24,723 - ADV_Generation_eps_4.0_steps_100_image_only_attack_prm_Purification_type_noisy_anchor_anchors_10_alpha_1.2_sigma_0.18_threshold_0.0 - INFO - adv_correct_orig: 33 = 31 + 2
2025-08-22 15:34:24,724 - ADV_Generation_eps_4.0_steps_100_image_only_attack_prm_Purification_type_noisy_anchor_anchors_10_alpha_1.2_sigma_0.18_threshold_0.0 - INFO - adv_pred_purify: tensor([ 53,  98,  84, 190,  52,  29, 195, 131,  57,  98, 177, 125,  27, 139,
        138,  12], device='cuda:0')
2025-08-22 15:34:24,724 - ADV_Generation_eps_4.0_steps_100_image_only_attack_prm_Purification_type_noisy_anchor_anchors_10_alpha_1.2_sigma_0.18_threshold_0.0 - INFO - adv_correct_purify: 7 = 6 + 1
2025-08-22 15:34:26,470 - ADV_Generation_eps_4.0_steps_100_image_only_attack_prm_Purification_type_noisy_anchor_anchors_10_alpha_1.2_sigma_0.18_threshold_0.0 - INFO - ======================== Clean Image Evaluation ==========================
2025-08-22 15:34:26,470 - ADV_Generation_eps_4.0_steps_100_image_only_attack_prm_Purification_type_noisy_anchor_anchors_10_alpha_1.2_sigma_0.18_threshold_0.0 - INFO - target: tensor([51, 51, 52, 52, 52, 52, 52, 53, 53, 53, 53, 53, 54, 54, 54, 54],
       device='cuda:0')
2025-08-22 15:34:26,471 - ADV_Generation_eps_4.0_steps_100_image_only_attack_prm_Purification_type_noisy_anchor_anchors_10_alpha_1.2_sigma_0.18_threshold_0.0 - INFO - clean_pred: tensor([ 51,  88, 178, 190,  52,  26,  98, 165, 146, 131,  20, 125,  49, 139,
        138, 101], device='cuda:0')
2025-08-22 15:34:26,471 - ADV_Generation_eps_4.0_steps_100_image_only_attack_prm_Purification_type_noisy_anchor_anchors_10_alpha_1.2_sigma_0.18_threshold_0.0 - INFO - clean_correct_orig: 40
2025-08-22 15:34:26,471 - ADV_Generation_eps_4.0_steps_100_image_only_attack_prm_Purification_type_noisy_anchor_anchors_10_alpha_1.2_sigma_0.18_threshold_0.0 - INFO - clean_pred_purify: tensor([ 53,  89,  84, 190,  52,  29, 195, 131,  57,  98,  20, 125,  27, 139,
        138,  12], device='cuda:0')
2025-08-22 15:34:26,471 - ADV_Generation_eps_4.0_steps_100_image_only_attack_prm_Purification_type_noisy_anchor_anchors_10_alpha_1.2_sigma_0.18_threshold_0.0 - INFO - clean_correct_purify: 7
2025-08-22 15:34:26,471 - ADV_Generation_eps_4.0_steps_100_image_only_attack_prm_Purification_type_noisy_anchor_anchors_10_alpha_1.2_sigma_0.18_threshold_0.0 - INFO - adv_correct_purify_clean_correct: 6
2025-08-22 15:34:26,471 - ADV_Generation_eps_4.0_steps_100_image_only_attack_prm_Purification_type_noisy_anchor_anchors_10_alpha_1.2_sigma_0.18_threshold_0.0 - INFO - adv_correct_purify_clean_incorrect: 1
2025-08-22 15:34:26,471 - ADV_Generation_eps_4.0_steps_100_image_only_attack_prm_Purification_type_noisy_anchor_anchors_10_alpha_1.2_sigma_0.18_threshold_0.0 - INFO - clean_correct_purify_clean_correct: 6
2025-08-22 15:34:26,471 - ADV_Generation_eps_4.0_steps_100_image_only_attack_prm_Purification_type_noisy_anchor_anchors_10_alpha_1.2_sigma_0.18_threshold_0.0 - INFO - clean_correct_purify_clean_incorrect: 1
2025-08-22 15:34:26,472 - ADV_Generation_eps_4.0_steps_100_image_only_attack_prm_Purification_type_noisy_anchor_anchors_10_alpha_1.2_sigma_0.18_threshold_0.0 - INFO - Batch 17/63: Clean orig accuracy 0.1471 | Clean purify accuracy 0.0257 | Adv orig accuracy: 0.1213 | Adv purify accuracy: 0.0257 | Adv purify acc on clean correct: 0.1500 | Adv purify acc on clean incorrect: 0.0043 | Clean purify acc on clean correct: 0.1500 | Clean purify acc on clean incorrect: 0.0043
2025-08-22 15:35:14,838 - ADV_Generation_eps_4.0_steps_100_image_only_attack_prm_Purification_type_noisy_anchor_anchors_10_alpha_1.2_sigma_0.18_threshold_0.0 - INFO - Generated adversarial images for the entire batch.
2025-08-22 15:35:14,841 - ADV_Generation_eps_4.0_steps_100_image_only_attack_prm_Purification_type_noisy_anchor_anchors_10_alpha_1.2_sigma_0.18_threshold_0.0 - INFO - Batch:[17] Image: [0] Saved adversarial tensor to /leonardo_work/EUHPC_R04_192/fmohamma/Adversarial_Robust_Clip/atpt_data/delta_clip_l14_224/A/adv_images_eps_4.0_alpha_1.0_steps_100_image_only_attack_prm/n02226429_0.000021_vulture _ vulture_0.47659814.pt
2025-08-22 15:35:14,843 - ADV_Generation_eps_4.0_steps_100_image_only_attack_prm_Purification_type_noisy_anchor_anchors_10_alpha_1.2_sigma_0.18_threshold_0.0 - INFO - Batch:[17] Image: [1] Saved adversarial tensor to /leonardo_work/EUHPC_R04_192/fmohamma/Adversarial_Robust_Clip/atpt_data/delta_clip_l14_224/A/adv_images_eps_4.0_alpha_1.0_steps_100_image_only_attack_prm/n02231487_0.000080_manhole cover _ manhole cover_0.7554716.pt
2025-08-22 15:35:14,845 - ADV_Generation_eps_4.0_steps_100_image_only_attack_prm_Purification_type_noisy_anchor_anchors_10_alpha_1.2_sigma_0.18_threshold_0.0 - INFO - Batch:[17] Image: [2] Saved adversarial tensor to /leonardo_work/EUHPC_R04_192/fmohamma/Adversarial_Robust_Clip/atpt_data/delta_clip_l14_224/A/adv_images_eps_4.0_alpha_1.0_steps_100_image_only_attack_prm/n02231487_0.000105_American alligator _ American alligator_0.9736269.pt
2025-08-22 15:35:14,846 - ADV_Generation_eps_4.0_steps_100_image_only_attack_prm_Purification_type_noisy_anchor_anchors_10_alpha_1.2_sigma_0.18_threshold_0.0 - INFO - Batch:[17] Image: [3] Saved adversarial tensor to /leonardo_work/EUHPC_R04_192/fmohamma/Adversarial_Robust_Clip/atpt_data/delta_clip_l14_224/A/adv_images_eps_4.0_alpha_1.0_steps_100_image_only_attack_prm/n02231487_0.000105_banana _ banana_0.9984316.pt
2025-08-22 15:35:14,848 - ADV_Generation_eps_4.0_steps_100_image_only_attack_prm_Purification_type_noisy_anchor_anchors_10_alpha_1.2_sigma_0.18_threshold_0.0 - INFO - Batch:[17] Image: [4] Saved adversarial tensor to /leonardo_work/EUHPC_R04_192/fmohamma/Adversarial_Robust_Clip/atpt_data/delta_clip_l14_224/A/adv_images_eps_4.0_alpha_1.0_steps_100_image_only_attack_prm/n02231487_0.000154_doormat _ doormat_0.86616725.pt
2025-08-22 15:35:14,850 - ADV_Generation_eps_4.0_steps_100_image_only_attack_prm_Purification_type_noisy_anchor_anchors_10_alpha_1.2_sigma_0.18_threshold_0.0 - INFO - Batch:[17] Image: [5] Saved adversarial tensor to /leonardo_work/EUHPC_R04_192/fmohamma/Adversarial_Robust_Clip/atpt_data/delta_clip_l14_224/A/adv_images_eps_4.0_alpha_1.0_steps_100_image_only_attack_prm/n02231487_0.000256_marimba _ marimba_0.9962386.pt
2025-08-22 15:35:14,853 - ADV_Generation_eps_4.0_steps_100_image_only_attack_prm_Purification_type_noisy_anchor_anchors_10_alpha_1.2_sigma_0.18_threshold_0.0 - INFO - Batch:[17] Image: [6] Saved adversarial tensor to /leonardo_work/EUHPC_R04_192/fmohamma/Adversarial_Robust_Clip/atpt_data/delta_clip_l14_224/A/adv_images_eps_4.0_alpha_1.0_steps_100_image_only_attack_prm/n02233338_0.000063_chest _ chest_0.92535186.pt
2025-08-22 15:35:14,854 - ADV_Generation_eps_4.0_steps_100_image_only_attack_prm_Purification_type_noisy_anchor_anchors_10_alpha_1.2_sigma_0.18_threshold_0.0 - INFO - Batch:[17] Image: [7] Saved adversarial tensor to /leonardo_work/EUHPC_R04_192/fmohamma/Adversarial_Robust_Clip/atpt_data/delta_clip_l14_224/A/adv_images_eps_4.0_alpha_1.0_steps_100_image_only_attack_prm/n02233338_0.000200_beaker _ beaker_0.9837511.pt
2025-08-22 15:35:14,856 - ADV_Generation_eps_4.0_steps_100_image_only_attack_prm_Purification_type_noisy_anchor_anchors_10_alpha_1.2_sigma_0.18_threshold_0.0 - INFO - Batch:[17] Image: [8] Saved adversarial tensor to /leonardo_work/EUHPC_R04_192/fmohamma/Adversarial_Robust_Clip/atpt_data/delta_clip_l14_224/A/adv_images_eps_4.0_alpha_1.0_steps_100_image_only_attack_prm/n02233338_0.000690_washing machine _ washing machine_0.97204584.pt
2025-08-22 15:35:14,858 - ADV_Generation_eps_4.0_steps_100_image_only_attack_prm_Purification_type_noisy_anchor_anchors_10_alpha_1.2_sigma_0.18_threshold_0.0 - INFO - Batch:[17] Image: [9] Saved adversarial tensor to /leonardo_work/EUHPC_R04_192/fmohamma/Adversarial_Robust_Clip/atpt_data/delta_clip_l14_224/A/adv_images_eps_4.0_alpha_1.0_steps_100_image_only_attack_prm/n02233338_0.000953_envelope _ lighter_0.36177555.pt
2025-08-22 15:35:14,859 - ADV_Generation_eps_4.0_steps_100_image_only_attack_prm_Purification_type_noisy_anchor_anchors_10_alpha_1.2_sigma_0.18_threshold_0.0 - INFO - Batch:[17] Image: [10] Saved adversarial tensor to /leonardo_work/EUHPC_R04_192/fmohamma/Adversarial_Robust_Clip/atpt_data/delta_clip_l14_224/A/adv_images_eps_4.0_alpha_1.0_steps_100_image_only_attack_prm/n02233338_0.000960_hair dryer _ hair dryer_0.87495005.pt
2025-08-22 15:35:14,861 - ADV_Generation_eps_4.0_steps_100_image_only_attack_prm_Purification_type_noisy_anchor_anchors_10_alpha_1.2_sigma_0.18_threshold_0.0 - INFO - Batch:[17] Image: [11] Saved adversarial tensor to /leonardo_work/EUHPC_R04_192/fmohamma/Adversarial_Robust_Clip/atpt_data/delta_clip_l14_224/A/adv_images_eps_4.0_alpha_1.0_steps_100_image_only_attack_prm/n02236044_0.000036_beaker _ beaker_0.9971879.pt
2025-08-22 15:35:14,865 - ADV_Generation_eps_4.0_steps_100_image_only_attack_prm_Purification_type_noisy_anchor_anchors_10_alpha_1.2_sigma_0.18_threshold_0.0 - INFO - Batch:[17] Image: [12] Saved adversarial tensor to /leonardo_work/EUHPC_R04_192/fmohamma/Adversarial_Robust_Clip/atpt_data/delta_clip_l14_224/A/adv_images_eps_4.0_alpha_1.0_steps_100_image_only_attack_prm/n02236044_0.000036_porcupine _ porcupine_0.87898046.pt
2025-08-22 15:35:14,867 - ADV_Generation_eps_4.0_steps_100_image_only_attack_prm_Purification_type_noisy_anchor_anchors_10_alpha_1.2_sigma_0.18_threshold_0.0 - INFO - Batch:[17] Image: [13] Saved adversarial tensor to /leonardo_work/EUHPC_R04_192/fmohamma/Adversarial_Robust_Clip/atpt_data/delta_clip_l14_224/A/adv_images_eps_4.0_alpha_1.0_steps_100_image_only_attack_prm/n02236044_0.000043_lemon _ lemon_0.9598469.pt
2025-08-22 15:35:14,868 - ADV_Generation_eps_4.0_steps_100_image_only_attack_prm_Purification_type_noisy_anchor_anchors_10_alpha_1.2_sigma_0.18_threshold_0.0 - INFO - Batch:[17] Image: [14] Saved adversarial tensor to /leonardo_work/EUHPC_R04_192/fmohamma/Adversarial_Robust_Clip/atpt_data/delta_clip_l14_224/A/adv_images_eps_4.0_alpha_1.0_steps_100_image_only_attack_prm/n02236044_0.000063_rotary dial telephone _ rotary dial telephone_0.59736115.pt
2025-08-22 15:35:14,870 - ADV_Generation_eps_4.0_steps_100_image_only_attack_prm_Purification_type_noisy_anchor_anchors_10_alpha_1.2_sigma_0.18_threshold_0.0 - INFO - Batch:[17] Image: [15] Saved adversarial tensor to /leonardo_work/EUHPC_R04_192/fmohamma/Adversarial_Robust_Clip/atpt_data/delta_clip_l14_224/A/adv_images_eps_4.0_alpha_1.0_steps_100_image_only_attack_prm/n02236044_0.000157_ambulance _ ambulance_0.8758813.pt
2025-08-22 15:35:16,619 - ADV_Generation_eps_4.0_steps_100_image_only_attack_prm_Purification_type_noisy_anchor_anchors_10_alpha_1.2_sigma_0.18_threshold_0.0 - INFO - ======================== Adversarial Image Evaluation ==========================
2025-08-22 15:35:16,620 - ADV_Generation_eps_4.0_steps_100_image_only_attack_prm_Purification_type_noisy_anchor_anchors_10_alpha_1.2_sigma_0.18_threshold_0.0 - INFO - target: tensor([54, 55, 55, 55, 55, 55, 56, 56, 56, 56, 56, 57, 57, 57, 57, 57],
       device='cuda:0')
2025-08-22 15:35:16,620 - ADV_Generation_eps_4.0_steps_100_image_only_attack_prm_Purification_type_noisy_anchor_anchors_10_alpha_1.2_sigma_0.18_threshold_0.0 - INFO - adv_pred: tensor([  3,   0,  55,  55,  55,  81,  99,  88,  56, 151, 125,  21,  15, 187,
        125,  57], device='cuda:0')
2025-08-22 15:35:16,620 - ADV_Generation_eps_4.0_steps_100_image_only_attack_prm_Purification_type_noisy_anchor_anchors_10_alpha_1.2_sigma_0.18_threshold_0.0 - INFO - adv_correct_orig: 38 = 33 + 5
2025-08-22 15:35:16,621 - ADV_Generation_eps_4.0_steps_100_image_only_attack_prm_Purification_type_noisy_anchor_anchors_10_alpha_1.2_sigma_0.18_threshold_0.0 - INFO - adv_pred_purify: tensor([  3,   0,  98,  63,  50, 173, 102,  88,  53, 161, 125,  21,  89, 187,
        125,  96], device='cuda:0')
2025-08-22 15:35:16,621 - ADV_Generation_eps_4.0_steps_100_image_only_attack_prm_Purification_type_noisy_anchor_anchors_10_alpha_1.2_sigma_0.18_threshold_0.0 - INFO - adv_correct_purify: 7 = 7 + 0
2025-08-22 15:35:18,367 - ADV_Generation_eps_4.0_steps_100_image_only_attack_prm_Purification_type_noisy_anchor_anchors_10_alpha_1.2_sigma_0.18_threshold_0.0 - INFO - ======================== Clean Image Evaluation ==========================
2025-08-22 15:35:18,367 - ADV_Generation_eps_4.0_steps_100_image_only_attack_prm_Purification_type_noisy_anchor_anchors_10_alpha_1.2_sigma_0.18_threshold_0.0 - INFO - target: tensor([54, 55, 55, 55, 55, 55, 56, 56, 56, 56, 56, 57, 57, 57, 57, 57],
       device='cuda:0')
2025-08-22 15:35:18,368 - ADV_Generation_eps_4.0_steps_100_image_only_attack_prm_Purification_type_noisy_anchor_anchors_10_alpha_1.2_sigma_0.18_threshold_0.0 - INFO - clean_pred: tensor([  3,  55,  57,  55,  55,  81,  99,  88,  56, 151, 125,  21,  93, 187,
        125,  57], device='cuda:0')
2025-08-22 15:35:18,368 - ADV_Generation_eps_4.0_steps_100_image_only_attack_prm_Purification_type_noisy_anchor_anchors_10_alpha_1.2_sigma_0.18_threshold_0.0 - INFO - clean_correct_orig: 45
2025-08-22 15:35:18,368 - ADV_Generation_eps_4.0_steps_100_image_only_attack_prm_Purification_type_noisy_anchor_anchors_10_alpha_1.2_sigma_0.18_threshold_0.0 - INFO - clean_pred_purify: tensor([  3,   0,  57,  63,  54, 173, 102,  88,  53,  85, 125,  21,  89, 187,
        125,  96], device='cuda:0')
2025-08-22 15:35:18,368 - ADV_Generation_eps_4.0_steps_100_image_only_attack_prm_Purification_type_noisy_anchor_anchors_10_alpha_1.2_sigma_0.18_threshold_0.0 - INFO - clean_correct_purify: 7
2025-08-22 15:35:18,368 - ADV_Generation_eps_4.0_steps_100_image_only_attack_prm_Purification_type_noisy_anchor_anchors_10_alpha_1.2_sigma_0.18_threshold_0.0 - INFO - adv_correct_purify_clean_correct: 6
2025-08-22 15:35:18,368 - ADV_Generation_eps_4.0_steps_100_image_only_attack_prm_Purification_type_noisy_anchor_anchors_10_alpha_1.2_sigma_0.18_threshold_0.0 - INFO - adv_correct_purify_clean_incorrect: 1
2025-08-22 15:35:18,368 - ADV_Generation_eps_4.0_steps_100_image_only_attack_prm_Purification_type_noisy_anchor_anchors_10_alpha_1.2_sigma_0.18_threshold_0.0 - INFO - clean_correct_purify_clean_correct: 6
2025-08-22 15:35:18,368 - ADV_Generation_eps_4.0_steps_100_image_only_attack_prm_Purification_type_noisy_anchor_anchors_10_alpha_1.2_sigma_0.18_threshold_0.0 - INFO - clean_correct_purify_clean_incorrect: 1
2025-08-22 15:35:18,369 - ADV_Generation_eps_4.0_steps_100_image_only_attack_prm_Purification_type_noisy_anchor_anchors_10_alpha_1.2_sigma_0.18_threshold_0.0 - INFO - Batch 18/63: Clean orig accuracy 0.1562 | Clean purify accuracy 0.0243 | Adv orig accuracy: 0.1319 | Adv purify accuracy: 0.0243 | Adv purify acc on clean correct: 0.1333 | Adv purify acc on clean incorrect: 0.0041 | Clean purify acc on clean correct: 0.1333 | Clean purify acc on clean incorrect: 0.0041
2025-08-22 15:36:06,727 - ADV_Generation_eps_4.0_steps_100_image_only_attack_prm_Purification_type_noisy_anchor_anchors_10_alpha_1.2_sigma_0.18_threshold_0.0 - INFO - Generated adversarial images for the entire batch.
2025-08-22 15:36:06,730 - ADV_Generation_eps_4.0_steps_100_image_only_attack_prm_Purification_type_noisy_anchor_anchors_10_alpha_1.2_sigma_0.18_threshold_0.0 - INFO - Batch:[18] Image: [0] Saved adversarial tensor to /leonardo_work/EUHPC_R04_192/fmohamma/Adversarial_Robust_Clip/atpt_data/delta_clip_l14_224/A/adv_images_eps_4.0_alpha_1.0_steps_100_image_only_attack_prm/n02259212_0.000001_chain _ chain_0.99439347.pt
2025-08-22 15:36:06,732 - ADV_Generation_eps_4.0_steps_100_image_only_attack_prm_Purification_type_noisy_anchor_anchors_10_alpha_1.2_sigma_0.18_threshold_0.0 - INFO - Batch:[18] Image: [1] Saved adversarial tensor to /leonardo_work/EUHPC_R04_192/fmohamma/Adversarial_Robust_Clip/atpt_data/delta_clip_l14_224/A/adv_images_eps_4.0_alpha_1.0_steps_100_image_only_attack_prm/n02259212_0.000003_wine bottle _ wine bottle_0.99888617.pt
2025-08-22 15:36:06,733 - ADV_Generation_eps_4.0_steps_100_image_only_attack_prm_Purification_type_noisy_anchor_anchors_10_alpha_1.2_sigma_0.18_threshold_0.0 - INFO - Batch:[18] Image: [2] Saved adversarial tensor to /leonardo_work/EUHPC_R04_192/fmohamma/Adversarial_Robust_Clip/atpt_data/delta_clip_l14_224/A/adv_images_eps_4.0_alpha_1.0_steps_100_image_only_attack_prm/n02259212_0.000032_chain _ chain_0.6590295.pt
2025-08-22 15:36:06,735 - ADV_Generation_eps_4.0_steps_100_image_only_attack_prm_Purification_type_noisy_anchor_anchors_10_alpha_1.2_sigma_0.18_threshold_0.0 - INFO - Batch:[18] Image: [3] Saved adversarial tensor to /leonardo_work/EUHPC_R04_192/fmohamma/Adversarial_Robust_Clip/atpt_data/delta_clip_l14_224/A/adv_images_eps_4.0_alpha_1.0_steps_100_image_only_attack_prm/n02259212_0.000050_doormat _ doormat_0.94518805.pt
2025-08-22 15:36:06,736 - ADV_Generation_eps_4.0_steps_100_image_only_attack_prm_Purification_type_noisy_anchor_anchors_10_alpha_1.2_sigma_0.18_threshold_0.0 - INFO - Batch:[18] Image: [4] Saved adversarial tensor to /leonardo_work/EUHPC_R04_192/fmohamma/Adversarial_Robust_Clip/atpt_data/delta_clip_l14_224/A/adv_images_eps_4.0_alpha_1.0_steps_100_image_only_attack_prm/n02259212_0.000059_stethoscope _ stethoscope_0.94676703.pt
2025-08-22 15:36:06,738 - ADV_Generation_eps_4.0_steps_100_image_only_attack_prm_Purification_type_noisy_anchor_anchors_10_alpha_1.2_sigma_0.18_threshold_0.0 - INFO - Batch:[18] Image: [5] Saved adversarial tensor to /leonardo_work/EUHPC_R04_192/fmohamma/Adversarial_Robust_Clip/atpt_data/delta_clip_l14_224/A/adv_images_eps_4.0_alpha_1.0_steps_100_image_only_attack_prm/n02268443_0.000000_manhole cover _ manhole cover_0.99989784.pt
2025-08-22 15:36:06,739 - ADV_Generation_eps_4.0_steps_100_image_only_attack_prm_Purification_type_noisy_anchor_anchors_10_alpha_1.2_sigma_0.18_threshold_0.0 - INFO - Batch:[18] Image: [6] Saved adversarial tensor to /leonardo_work/EUHPC_R04_192/fmohamma/Adversarial_Robust_Clip/atpt_data/delta_clip_l14_224/A/adv_images_eps_4.0_alpha_1.0_steps_100_image_only_attack_prm/n02268443_0.000011_oystercatcher _ oystercatcher_0.9450619.pt
2025-08-22 15:36:06,741 - ADV_Generation_eps_4.0_steps_100_image_only_attack_prm_Purification_type_noisy_anchor_anchors_10_alpha_1.2_sigma_0.18_threshold_0.0 - INFO - Batch:[18] Image: [7] Saved adversarial tensor to /leonardo_work/EUHPC_R04_192/fmohamma/Adversarial_Robust_Clip/atpt_data/delta_clip_l14_224/A/adv_images_eps_4.0_alpha_1.0_steps_100_image_only_attack_prm/n02268443_0.000011_salt shaker _ candle_0.7796131.pt
2025-08-22 15:36:06,742 - ADV_Generation_eps_4.0_steps_100_image_only_attack_prm_Purification_type_noisy_anchor_anchors_10_alpha_1.2_sigma_0.18_threshold_0.0 - INFO - Batch:[18] Image: [8] Saved adversarial tensor to /leonardo_work/EUHPC_R04_192/fmohamma/Adversarial_Robust_Clip/atpt_data/delta_clip_l14_224/A/adv_images_eps_4.0_alpha_1.0_steps_100_image_only_attack_prm/n02268443_0.000016_flagpole _ flagpole_0.993186.pt
2025-08-22 15:36:06,744 - ADV_Generation_eps_4.0_steps_100_image_only_attack_prm_Purification_type_noisy_anchor_anchors_10_alpha_1.2_sigma_0.18_threshold_0.0 - INFO - Batch:[18] Image: [9] Saved adversarial tensor to /leonardo_work/EUHPC_R04_192/fmohamma/Adversarial_Robust_Clip/atpt_data/delta_clip_l14_224/A/adv_images_eps_4.0_alpha_1.0_steps_100_image_only_attack_prm/n02268443_0.000022_unicycle _ bison_0.4028106.pt
2025-08-22 15:36:06,745 - ADV_Generation_eps_4.0_steps_100_image_only_attack_prm_Purification_type_noisy_anchor_anchors_10_alpha_1.2_sigma_0.18_threshold_0.0 - INFO - Batch:[18] Image: [10] Saved adversarial tensor to /leonardo_work/EUHPC_R04_192/fmohamma/Adversarial_Robust_Clip/atpt_data/delta_clip_l14_224/A/adv_images_eps_4.0_alpha_1.0_steps_100_image_only_attack_prm/n02279972_0.000009_limousine _ limousine_0.9213104.pt
2025-08-22 15:36:06,747 - ADV_Generation_eps_4.0_steps_100_image_only_attack_prm_Purification_type_noisy_anchor_anchors_10_alpha_1.2_sigma_0.18_threshold_0.0 - INFO - Batch:[18] Image: [11] Saved adversarial tensor to /leonardo_work/EUHPC_R04_192/fmohamma/Adversarial_Robust_Clip/atpt_data/delta_clip_l14_224/A/adv_images_eps_4.0_alpha_1.0_steps_100_image_only_attack_prm/n02279972_0.000009_wheelbarrow _ wheelbarrow_0.75385964.pt
2025-08-22 15:36:06,748 - ADV_Generation_eps_4.0_steps_100_image_only_attack_prm_Purification_type_noisy_anchor_anchors_10_alpha_1.2_sigma_0.18_threshold_0.0 - INFO - Batch:[18] Image: [12] Saved adversarial tensor to /leonardo_work/EUHPC_R04_192/fmohamma/Adversarial_Robust_Clip/atpt_data/delta_clip_l14_224/A/adv_images_eps_4.0_alpha_1.0_steps_100_image_only_attack_prm/n02279972_0.000022_crayfish _ crayfish_0.89101666.pt
2025-08-22 15:36:06,750 - ADV_Generation_eps_4.0_steps_100_image_only_attack_prm_Purification_type_noisy_anchor_anchors_10_alpha_1.2_sigma_0.18_threshold_0.0 - INFO - Batch:[18] Image: [13] Saved adversarial tensor to /leonardo_work/EUHPC_R04_192/fmohamma/Adversarial_Robust_Clip/atpt_data/delta_clip_l14_224/A/adv_images_eps_4.0_alpha_1.0_steps_100_image_only_attack_prm/n02279972_0.000028_green iguana _ green iguana_0.8248079.pt
2025-08-22 15:36:06,751 - ADV_Generation_eps_4.0_steps_100_image_only_attack_prm_Purification_type_noisy_anchor_anchors_10_alpha_1.2_sigma_0.18_threshold_0.0 - INFO - Batch:[18] Image: [14] Saved adversarial tensor to /leonardo_work/EUHPC_R04_192/fmohamma/Adversarial_Robust_Clip/atpt_data/delta_clip_l14_224/A/adv_images_eps_4.0_alpha_1.0_steps_100_image_only_attack_prm/n02279972_0.000036_doormat _ doormat_0.8057074.pt
2025-08-22 15:36:06,756 - ADV_Generation_eps_4.0_steps_100_image_only_attack_prm_Purification_type_noisy_anchor_anchors_10_alpha_1.2_sigma_0.18_threshold_0.0 - INFO - Batch:[18] Image: [15] Saved adversarial tensor to /leonardo_work/EUHPC_R04_192/fmohamma/Adversarial_Robust_Clip/atpt_data/delta_clip_l14_224/A/adv_images_eps_4.0_alpha_1.0_steps_100_image_only_attack_prm/n02280649_0.000003_bubble _ bubble_0.93983495.pt
2025-08-22 15:36:08,505 - ADV_Generation_eps_4.0_steps_100_image_only_attack_prm_Purification_type_noisy_anchor_anchors_10_alpha_1.2_sigma_0.18_threshold_0.0 - INFO - ======================== Adversarial Image Evaluation ==========================
2025-08-22 15:36:08,506 - ADV_Generation_eps_4.0_steps_100_image_only_attack_prm_Purification_type_noisy_anchor_anchors_10_alpha_1.2_sigma_0.18_threshold_0.0 - INFO - target: tensor([58, 58, 58, 58, 58, 59, 59, 59, 59, 59, 60, 60, 60, 60, 60, 61],
       device='cuda:0')
2025-08-22 15:36:08,506 - ADV_Generation_eps_4.0_steps_100_image_only_attack_prm_Purification_type_noisy_anchor_anchors_10_alpha_1.2_sigma_0.18_threshold_0.0 - INFO - adv_pred: tensor([195,  97,  17,  50,  51,  59,  59, 146,  59, 110, 121,  31,  28, 101,
        138,  88], device='cuda:0')
2025-08-22 15:36:08,506 - ADV_Generation_eps_4.0_steps_100_image_only_attack_prm_Purification_type_noisy_anchor_anchors_10_alpha_1.2_sigma_0.18_threshold_0.0 - INFO - adv_correct_orig: 41 = 38 + 3
2025-08-22 15:36:08,506 - ADV_Generation_eps_4.0_steps_100_image_only_attack_prm_Purification_type_noisy_anchor_anchors_10_alpha_1.2_sigma_0.18_threshold_0.0 - INFO - adv_pred_purify: tensor([ 98,  39,  12,  52,  14,  59,  21, 146, 110, 110, 121,  39,  12,  98,
        132, 113], device='cuda:0')
2025-08-22 15:36:08,507 - ADV_Generation_eps_4.0_steps_100_image_only_attack_prm_Purification_type_noisy_anchor_anchors_10_alpha_1.2_sigma_0.18_threshold_0.0 - INFO - adv_correct_purify: 8 = 7 + 1
2025-08-22 15:36:10,253 - ADV_Generation_eps_4.0_steps_100_image_only_attack_prm_Purification_type_noisy_anchor_anchors_10_alpha_1.2_sigma_0.18_threshold_0.0 - INFO - ======================== Clean Image Evaluation ==========================
2025-08-22 15:36:10,253 - ADV_Generation_eps_4.0_steps_100_image_only_attack_prm_Purification_type_noisy_anchor_anchors_10_alpha_1.2_sigma_0.18_threshold_0.0 - INFO - target: tensor([58, 58, 58, 58, 58, 59, 59, 59, 59, 59, 60, 60, 60, 60, 60, 61],
       device='cuda:0')
2025-08-22 15:36:10,254 - ADV_Generation_eps_4.0_steps_100_image_only_attack_prm_Purification_type_noisy_anchor_anchors_10_alpha_1.2_sigma_0.18_threshold_0.0 - INFO - clean_pred: tensor([195, 114, 186,  58,  51,  59,  59, 146,  59, 110, 121,  31,  28,  75,
        138,  88], device='cuda:0')
2025-08-22 15:36:10,254 - ADV_Generation_eps_4.0_steps_100_image_only_attack_prm_Purification_type_noisy_anchor_anchors_10_alpha_1.2_sigma_0.18_threshold_0.0 - INFO - clean_correct_orig: 49
2025-08-22 15:36:10,254 - ADV_Generation_eps_4.0_steps_100_image_only_attack_prm_Purification_type_noisy_anchor_anchors_10_alpha_1.2_sigma_0.18_threshold_0.0 - INFO - clean_pred_purify: tensor([ 98,  39,  12,  52,  14,  59,  21, 146, 110, 110, 121,  39, 167,  14,
        132, 113], device='cuda:0')
2025-08-22 15:36:10,254 - ADV_Generation_eps_4.0_steps_100_image_only_attack_prm_Purification_type_noisy_anchor_anchors_10_alpha_1.2_sigma_0.18_threshold_0.0 - INFO - clean_correct_purify: 8
2025-08-22 15:36:10,254 - ADV_Generation_eps_4.0_steps_100_image_only_attack_prm_Purification_type_noisy_anchor_anchors_10_alpha_1.2_sigma_0.18_threshold_0.0 - INFO - adv_correct_purify_clean_correct: 7
2025-08-22 15:36:10,254 - ADV_Generation_eps_4.0_steps_100_image_only_attack_prm_Purification_type_noisy_anchor_anchors_10_alpha_1.2_sigma_0.18_threshold_0.0 - INFO - adv_correct_purify_clean_incorrect: 1
2025-08-22 15:36:10,254 - ADV_Generation_eps_4.0_steps_100_image_only_attack_prm_Purification_type_noisy_anchor_anchors_10_alpha_1.2_sigma_0.18_threshold_0.0 - INFO - clean_correct_purify_clean_correct: 7
2025-08-22 15:36:10,254 - ADV_Generation_eps_4.0_steps_100_image_only_attack_prm_Purification_type_noisy_anchor_anchors_10_alpha_1.2_sigma_0.18_threshold_0.0 - INFO - clean_correct_purify_clean_incorrect: 1
2025-08-22 15:36:10,255 - ADV_Generation_eps_4.0_steps_100_image_only_attack_prm_Purification_type_noisy_anchor_anchors_10_alpha_1.2_sigma_0.18_threshold_0.0 - INFO - Batch 19/63: Clean orig accuracy 0.1612 | Clean purify accuracy 0.0263 | Adv orig accuracy: 0.1349 | Adv purify accuracy: 0.0263 | Adv purify acc on clean correct: 0.1429 | Adv purify acc on clean incorrect: 0.0039 | Clean purify acc on clean correct: 0.1429 | Clean purify acc on clean incorrect: 0.0039
2025-08-22 15:36:58,629 - ADV_Generation_eps_4.0_steps_100_image_only_attack_prm_Purification_type_noisy_anchor_anchors_10_alpha_1.2_sigma_0.18_threshold_0.0 - INFO - Generated adversarial images for the entire batch.
2025-08-22 15:36:58,632 - ADV_Generation_eps_4.0_steps_100_image_only_attack_prm_Purification_type_noisy_anchor_anchors_10_alpha_1.2_sigma_0.18_threshold_0.0 - INFO - Batch:[19] Image: [0] Saved adversarial tensor to /leonardo_work/EUHPC_R04_192/fmohamma/Adversarial_Robust_Clip/atpt_data/delta_clip_l14_224/A/adv_images_eps_4.0_alpha_1.0_steps_100_image_only_attack_prm/n02280649_0.000004_toaster _ cowboy boot_0.54292923.pt
2025-08-22 15:36:58,633 - ADV_Generation_eps_4.0_steps_100_image_only_attack_prm_Purification_type_noisy_anchor_anchors_10_alpha_1.2_sigma_0.18_threshold_0.0 - INFO - Batch:[19] Image: [1] Saved adversarial tensor to /leonardo_work/EUHPC_R04_192/fmohamma/Adversarial_Robust_Clip/atpt_data/delta_clip_l14_224/A/adv_images_eps_4.0_alpha_1.0_steps_100_image_only_attack_prm/n02280649_0.000016_ambulance _ ambulance_0.7482696.pt
2025-08-22 15:36:58,635 - ADV_Generation_eps_4.0_steps_100_image_only_attack_prm_Purification_type_noisy_anchor_anchors_10_alpha_1.2_sigma_0.18_threshold_0.0 - INFO - Batch:[19] Image: [2] Saved adversarial tensor to /leonardo_work/EUHPC_R04_192/fmohamma/Adversarial_Robust_Clip/atpt_data/delta_clip_l14_224/A/adv_images_eps_4.0_alpha_1.0_steps_100_image_only_attack_prm/n02280649_0.000088_tricycle _ tricycle_0.5384466.pt
2025-08-22 15:36:58,638 - ADV_Generation_eps_4.0_steps_100_image_only_attack_prm_Purification_type_noisy_anchor_anchors_10_alpha_1.2_sigma_0.18_threshold_0.0 - INFO - Batch:[19] Image: [3] Saved adversarial tensor to /leonardo_work/EUHPC_R04_192/fmohamma/Adversarial_Robust_Clip/atpt_data/delta_clip_l14_224/A/adv_images_eps_4.0_alpha_1.0_steps_100_image_only_attack_prm/n02280649_0.000091_broom _ broom_0.54350084.pt
2025-08-22 15:36:58,642 - ADV_Generation_eps_4.0_steps_100_image_only_attack_prm_Purification_type_noisy_anchor_anchors_10_alpha_1.2_sigma_0.18_threshold_0.0 - INFO - Batch:[19] Image: [4] Saved adversarial tensor to /leonardo_work/EUHPC_R04_192/fmohamma/Adversarial_Robust_Clip/atpt_data/delta_clip_l14_224/A/adv_images_eps_4.0_alpha_1.0_steps_100_image_only_attack_prm/n02281787_0.000006_beaker _ beaker_0.9034244.pt
2025-08-22 15:36:58,647 - ADV_Generation_eps_4.0_steps_100_image_only_attack_prm_Purification_type_noisy_anchor_anchors_10_alpha_1.2_sigma_0.18_threshold_0.0 - INFO - Batch:[19] Image: [5] Saved adversarial tensor to /leonardo_work/EUHPC_R04_192/fmohamma/Adversarial_Robust_Clip/atpt_data/delta_clip_l14_224/A/adv_images_eps_4.0_alpha_1.0_steps_100_image_only_attack_prm/n02281787_0.000008_fountain _ fountain_0.9657567.pt
2025-08-22 15:36:58,651 - ADV_Generation_eps_4.0_steps_100_image_only_attack_prm_Purification_type_noisy_anchor_anchors_10_alpha_1.2_sigma_0.18_threshold_0.0 - INFO - Batch:[19] Image: [6] Saved adversarial tensor to /leonardo_work/EUHPC_R04_192/fmohamma/Adversarial_Robust_Clip/atpt_data/delta_clip_l14_224/A/adv_images_eps_4.0_alpha_1.0_steps_100_image_only_attack_prm/n02281787_0.000015_beaker _ beaker_0.878366.pt
2025-08-22 15:36:58,654 - ADV_Generation_eps_4.0_steps_100_image_only_attack_prm_Purification_type_noisy_anchor_anchors_10_alpha_1.2_sigma_0.18_threshold_0.0 - INFO - Batch:[19] Image: [7] Saved adversarial tensor to /leonardo_work/EUHPC_R04_192/fmohamma/Adversarial_Robust_Clip/atpt_data/delta_clip_l14_224/A/adv_images_eps_4.0_alpha_1.0_steps_100_image_only_attack_prm/n02281787_0.000028_cockroach _ cockroach_0.95249456.pt
2025-08-22 15:36:58,656 - ADV_Generation_eps_4.0_steps_100_image_only_attack_prm_Purification_type_noisy_anchor_anchors_10_alpha_1.2_sigma_0.18_threshold_0.0 - INFO - Batch:[19] Image: [8] Saved adversarial tensor to /leonardo_work/EUHPC_R04_192/fmohamma/Adversarial_Robust_Clip/atpt_data/delta_clip_l14_224/A/adv_images_eps_4.0_alpha_1.0_steps_100_image_only_attack_prm/n02281787_0.000028_hair dryer _ syringe_0.9408557.pt
2025-08-22 15:36:58,659 - ADV_Generation_eps_4.0_steps_100_image_only_attack_prm_Purification_type_noisy_anchor_anchors_10_alpha_1.2_sigma_0.18_threshold_0.0 - INFO - Batch:[19] Image: [9] Saved adversarial tensor to /leonardo_work/EUHPC_R04_192/fmohamma/Adversarial_Robust_Clip/atpt_data/delta_clip_l14_224/A/adv_images_eps_4.0_alpha_1.0_steps_100_image_only_attack_prm/n02317335_0.000527_apron _ stick insect_0.35276595.pt
2025-08-22 15:36:58,660 - ADV_Generation_eps_4.0_steps_100_image_only_attack_prm_Purification_type_noisy_anchor_anchors_10_alpha_1.2_sigma_0.18_threshold_0.0 - INFO - Batch:[19] Image: [10] Saved adversarial tensor to /leonardo_work/EUHPC_R04_192/fmohamma/Adversarial_Robust_Clip/atpt_data/delta_clip_l14_224/A/adv_images_eps_4.0_alpha_1.0_steps_100_image_only_attack_prm/n02317335_0.001136_bubble _ bubble_0.9998227.pt
2025-08-22 15:36:58,663 - ADV_Generation_eps_4.0_steps_100_image_only_attack_prm_Purification_type_noisy_anchor_anchors_10_alpha_1.2_sigma_0.18_threshold_0.0 - INFO - Batch:[19] Image: [11] Saved adversarial tensor to /leonardo_work/EUHPC_R04_192/fmohamma/Adversarial_Robust_Clip/atpt_data/delta_clip_l14_224/A/adv_images_eps_4.0_alpha_1.0_steps_100_image_only_attack_prm/n02317335_0.001405_American bullfrog _ American bullfrog_0.7144453.pt
2025-08-22 15:36:58,665 - ADV_Generation_eps_4.0_steps_100_image_only_attack_prm_Purification_type_noisy_anchor_anchors_10_alpha_1.2_sigma_0.18_threshold_0.0 - INFO - Batch:[19] Image: [12] Saved adversarial tensor to /leonardo_work/EUHPC_R04_192/fmohamma/Adversarial_Robust_Clip/atpt_data/delta_clip_l14_224/A/adv_images_eps_4.0_alpha_1.0_steps_100_image_only_attack_prm/n02317335_0.002231_newt _ crayfish_0.88417995.pt
2025-08-22 15:36:58,667 - ADV_Generation_eps_4.0_steps_100_image_only_attack_prm_Purification_type_noisy_anchor_anchors_10_alpha_1.2_sigma_0.18_threshold_0.0 - INFO - Batch:[19] Image: [13] Saved adversarial tensor to /leonardo_work/EUHPC_R04_192/fmohamma/Adversarial_Robust_Clip/atpt_data/delta_clip_l14_224/A/adv_images_eps_4.0_alpha_1.0_steps_100_image_only_attack_prm/n02317335_0.002337_sea lion _ sea lion_0.72782606.pt
2025-08-22 15:36:58,670 - ADV_Generation_eps_4.0_steps_100_image_only_attack_prm_Purification_type_noisy_anchor_anchors_10_alpha_1.2_sigma_0.18_threshold_0.0 - INFO - Batch:[19] Image: [14] Saved adversarial tensor to /leonardo_work/EUHPC_R04_192/fmohamma/Adversarial_Robust_Clip/atpt_data/delta_clip_l14_224/A/adv_images_eps_4.0_alpha_1.0_steps_100_image_only_attack_prm/n02325366_0.000197_snowmobile _ snowmobile_0.8679817.pt
2025-08-22 15:36:58,672 - ADV_Generation_eps_4.0_steps_100_image_only_attack_prm_Purification_type_noisy_anchor_anchors_10_alpha_1.2_sigma_0.18_threshold_0.0 - INFO - Batch:[19] Image: [15] Saved adversarial tensor to /leonardo_work/EUHPC_R04_192/fmohamma/Adversarial_Robust_Clip/atpt_data/delta_clip_l14_224/A/adv_images_eps_4.0_alpha_1.0_steps_100_image_only_attack_prm/n02325366_0.000224_syringe _ syringe_0.9858657.pt
2025-08-22 15:37:00,421 - ADV_Generation_eps_4.0_steps_100_image_only_attack_prm_Purification_type_noisy_anchor_anchors_10_alpha_1.2_sigma_0.18_threshold_0.0 - INFO - ======================== Adversarial Image Evaluation ==========================
2025-08-22 15:37:00,421 - ADV_Generation_eps_4.0_steps_100_image_only_attack_prm_Purification_type_noisy_anchor_anchors_10_alpha_1.2_sigma_0.18_threshold_0.0 - INFO - target: tensor([61, 61, 61, 61, 62, 62, 62, 62, 62, 63, 63, 63, 63, 63, 64, 64],
       device='cuda:0')
2025-08-22 15:37:00,422 - ADV_Generation_eps_4.0_steps_100_image_only_attack_prm_Purification_type_noisy_anchor_anchors_10_alpha_1.2_sigma_0.18_threshold_0.0 - INFO - adv_pred: tensor([118, 136,  15,  93,  88,  88, 153, 131,  88,   0,  63,  14, 155,  63,
        136, 155], device='cuda:0')
2025-08-22 15:37:00,422 - ADV_Generation_eps_4.0_steps_100_image_only_attack_prm_Purification_type_noisy_anchor_anchors_10_alpha_1.2_sigma_0.18_threshold_0.0 - INFO - adv_correct_orig: 43 = 41 + 2
2025-08-22 15:37:00,422 - ADV_Generation_eps_4.0_steps_100_image_only_attack_prm_Purification_type_noisy_anchor_anchors_10_alpha_1.2_sigma_0.18_threshold_0.0 - INFO - adv_pred_purify: tensor([101, 136,  14,  93, 136, 161,  98,  31, 175, 179, 104,  14,  53, 139,
        113, 196], device='cuda:0')
2025-08-22 15:37:00,423 - ADV_Generation_eps_4.0_steps_100_image_only_attack_prm_Purification_type_noisy_anchor_anchors_10_alpha_1.2_sigma_0.18_threshold_0.0 - INFO - adv_correct_purify: 8 = 8 + 0
2025-08-22 15:37:02,169 - ADV_Generation_eps_4.0_steps_100_image_only_attack_prm_Purification_type_noisy_anchor_anchors_10_alpha_1.2_sigma_0.18_threshold_0.0 - INFO - ======================== Clean Image Evaluation ==========================
2025-08-22 15:37:02,169 - ADV_Generation_eps_4.0_steps_100_image_only_attack_prm_Purification_type_noisy_anchor_anchors_10_alpha_1.2_sigma_0.18_threshold_0.0 - INFO - target: tensor([61, 61, 61, 61, 62, 62, 62, 62, 62, 63, 63, 63, 63, 63, 64, 64],
       device='cuda:0')
2025-08-22 15:37:02,169 - ADV_Generation_eps_4.0_steps_100_image_only_attack_prm_Purification_type_noisy_anchor_anchors_10_alpha_1.2_sigma_0.18_threshold_0.0 - INFO - clean_pred: tensor([172, 136, 158,  93,  88,  88,  92, 139,  88,  63,  63,  63,   8,  63,
        136,  93], device='cuda:0')
2025-08-22 15:37:02,169 - ADV_Generation_eps_4.0_steps_100_image_only_attack_prm_Purification_type_noisy_anchor_anchors_10_alpha_1.2_sigma_0.18_threshold_0.0 - INFO - clean_correct_orig: 53
2025-08-22 15:37:02,170 - ADV_Generation_eps_4.0_steps_100_image_only_attack_prm_Purification_type_noisy_anchor_anchors_10_alpha_1.2_sigma_0.18_threshold_0.0 - INFO - clean_pred_purify: tensor([101, 136,  14,  93, 136, 161,  98,  31, 175, 179, 104,  14,  53, 139,
        113, 196], device='cuda:0')
2025-08-22 15:37:02,170 - ADV_Generation_eps_4.0_steps_100_image_only_attack_prm_Purification_type_noisy_anchor_anchors_10_alpha_1.2_sigma_0.18_threshold_0.0 - INFO - clean_correct_purify: 8
2025-08-22 15:37:02,170 - ADV_Generation_eps_4.0_steps_100_image_only_attack_prm_Purification_type_noisy_anchor_anchors_10_alpha_1.2_sigma_0.18_threshold_0.0 - INFO - adv_correct_purify_clean_correct: 7
2025-08-22 15:37:02,170 - ADV_Generation_eps_4.0_steps_100_image_only_attack_prm_Purification_type_noisy_anchor_anchors_10_alpha_1.2_sigma_0.18_threshold_0.0 - INFO - adv_correct_purify_clean_incorrect: 1
2025-08-22 15:37:02,170 - ADV_Generation_eps_4.0_steps_100_image_only_attack_prm_Purification_type_noisy_anchor_anchors_10_alpha_1.2_sigma_0.18_threshold_0.0 - INFO - clean_correct_purify_clean_correct: 7
2025-08-22 15:37:02,170 - ADV_Generation_eps_4.0_steps_100_image_only_attack_prm_Purification_type_noisy_anchor_anchors_10_alpha_1.2_sigma_0.18_threshold_0.0 - INFO - clean_correct_purify_clean_incorrect: 1
2025-08-22 15:37:02,171 - ADV_Generation_eps_4.0_steps_100_image_only_attack_prm_Purification_type_noisy_anchor_anchors_10_alpha_1.2_sigma_0.18_threshold_0.0 - INFO - Batch 20/63: Clean orig accuracy 0.1656 | Clean purify accuracy 0.0250 | Adv orig accuracy: 0.1344 | Adv purify accuracy: 0.0250 | Adv purify acc on clean correct: 0.1321 | Adv purify acc on clean incorrect: 0.0037 | Clean purify acc on clean correct: 0.1321 | Clean purify acc on clean incorrect: 0.0037
2025-08-22 15:37:50,569 - ADV_Generation_eps_4.0_steps_100_image_only_attack_prm_Purification_type_noisy_anchor_anchors_10_alpha_1.2_sigma_0.18_threshold_0.0 - INFO - Generated adversarial images for the entire batch.
2025-08-22 15:37:50,573 - ADV_Generation_eps_4.0_steps_100_image_only_attack_prm_Purification_type_noisy_anchor_anchors_10_alpha_1.2_sigma_0.18_threshold_0.0 - INFO - Batch:[20] Image: [0] Saved adversarial tensor to /leonardo_work/EUHPC_R04_192/fmohamma/Adversarial_Robust_Clip/atpt_data/delta_clip_l14_224/A/adv_images_eps_4.0_alpha_1.0_steps_100_image_only_attack_prm/n02325366_0.000247_doormat _ doormat_0.85369694.pt
2025-08-22 15:37:50,575 - ADV_Generation_eps_4.0_steps_100_image_only_attack_prm_Purification_type_noisy_anchor_anchors_10_alpha_1.2_sigma_0.18_threshold_0.0 - INFO - Batch:[20] Image: [1] Saved adversarial tensor to /leonardo_work/EUHPC_R04_192/fmohamma/Adversarial_Robust_Clip/atpt_data/delta_clip_l14_224/A/adv_images_eps_4.0_alpha_1.0_steps_100_image_only_attack_prm/n02325366_0.000321_rocking chair _ rocking chair_0.30749938.pt
2025-08-22 15:37:50,578 - ADV_Generation_eps_4.0_steps_100_image_only_attack_prm_Purification_type_noisy_anchor_anchors_10_alpha_1.2_sigma_0.18_threshold_0.0 - INFO - Batch:[20] Image: [2] Saved adversarial tensor to /leonardo_work/EUHPC_R04_192/fmohamma/Adversarial_Robust_Clip/atpt_data/delta_clip_l14_224/A/adv_images_eps_4.0_alpha_1.0_steps_100_image_only_attack_prm/n02325366_0.000350_flatworm _ flatworm_0.87634724.pt
2025-08-22 15:37:50,581 - ADV_Generation_eps_4.0_steps_100_image_only_attack_prm_Purification_type_noisy_anchor_anchors_10_alpha_1.2_sigma_0.18_threshold_0.0 - INFO - Batch:[20] Image: [3] Saved adversarial tensor to /leonardo_work/EUHPC_R04_192/fmohamma/Adversarial_Robust_Clip/atpt_data/delta_clip_l14_224/A/adv_images_eps_4.0_alpha_1.0_steps_100_image_only_attack_prm/n02346627_0.000183_bubble _ bubble_0.8472599.pt
2025-08-22 15:37:50,586 - ADV_Generation_eps_4.0_steps_100_image_only_attack_prm_Purification_type_noisy_anchor_anchors_10_alpha_1.2_sigma_0.18_threshold_0.0 - INFO - Batch:[20] Image: [4] Saved adversarial tensor to /leonardo_work/EUHPC_R04_192/fmohamma/Adversarial_Robust_Clip/atpt_data/delta_clip_l14_224/A/adv_images_eps_4.0_alpha_1.0_steps_100_image_only_attack_prm/n02346627_0.000189_marmot _ marmot_0.9980781.pt
2025-08-22 15:37:50,589 - ADV_Generation_eps_4.0_steps_100_image_only_attack_prm_Purification_type_noisy_anchor_anchors_10_alpha_1.2_sigma_0.18_threshold_0.0 - INFO - Batch:[20] Image: [5] Saved adversarial tensor to /leonardo_work/EUHPC_R04_192/fmohamma/Adversarial_Robust_Clip/atpt_data/delta_clip_l14_224/A/adv_images_eps_4.0_alpha_1.0_steps_100_image_only_attack_prm/n02346627_0.000915_marmot _ bison_0.80343556.pt
2025-08-22 15:37:50,592 - ADV_Generation_eps_4.0_steps_100_image_only_attack_prm_Purification_type_noisy_anchor_anchors_10_alpha_1.2_sigma_0.18_threshold_0.0 - INFO - Batch:[20] Image: [6] Saved adversarial tensor to /leonardo_work/EUHPC_R04_192/fmohamma/Adversarial_Robust_Clip/atpt_data/delta_clip_l14_224/A/adv_images_eps_4.0_alpha_1.0_steps_100_image_only_attack_prm/n02346627_0.000978_armadillo _ armadillo_0.44759953.pt
2025-08-22 15:37:50,594 - ADV_Generation_eps_4.0_steps_100_image_only_attack_prm_Purification_type_noisy_anchor_anchors_10_alpha_1.2_sigma_0.18_threshold_0.0 - INFO - Batch:[20] Image: [7] Saved adversarial tensor to /leonardo_work/EUHPC_R04_192/fmohamma/Adversarial_Robust_Clip/atpt_data/delta_clip_l14_224/A/adv_images_eps_4.0_alpha_1.0_steps_100_image_only_attack_prm/n02346627_0.001200_cottontail rabbit _ flagpole_0.34005257.pt
2025-08-22 15:37:50,597 - ADV_Generation_eps_4.0_steps_100_image_only_attack_prm_Purification_type_noisy_anchor_anchors_10_alpha_1.2_sigma_0.18_threshold_0.0 - INFO - Batch:[20] Image: [8] Saved adversarial tensor to /leonardo_work/EUHPC_R04_192/fmohamma/Adversarial_Robust_Clip/atpt_data/delta_clip_l14_224/A/adv_images_eps_4.0_alpha_1.0_steps_100_image_only_attack_prm/n02356798_0.000000_wheelbarrow _ wheelbarrow_0.8485182.pt
2025-08-22 15:37:50,601 - ADV_Generation_eps_4.0_steps_100_image_only_attack_prm_Purification_type_noisy_anchor_anchors_10_alpha_1.2_sigma_0.18_threshold_0.0 - INFO - Batch:[20] Image: [9] Saved adversarial tensor to /leonardo_work/EUHPC_R04_192/fmohamma/Adversarial_Robust_Clip/atpt_data/delta_clip_l14_224/A/adv_images_eps_4.0_alpha_1.0_steps_100_image_only_attack_prm/n02356798_0.000002_manhole cover _ manhole cover_0.877588.pt
2025-08-22 15:37:50,603 - ADV_Generation_eps_4.0_steps_100_image_only_attack_prm_Purification_type_noisy_anchor_anchors_10_alpha_1.2_sigma_0.18_threshold_0.0 - INFO - Batch:[20] Image: [10] Saved adversarial tensor to /leonardo_work/EUHPC_R04_192/fmohamma/Adversarial_Robust_Clip/atpt_data/delta_clip_l14_224/A/adv_images_eps_4.0_alpha_1.0_steps_100_image_only_attack_prm/n02356798_0.000003_golf cart _ golf cart_0.9840762.pt
2025-08-22 15:37:50,606 - ADV_Generation_eps_4.0_steps_100_image_only_attack_prm_Purification_type_noisy_anchor_anchors_10_alpha_1.2_sigma_0.18_threshold_0.0 - INFO - Batch:[20] Image: [11] Saved adversarial tensor to /leonardo_work/EUHPC_R04_192/fmohamma/Adversarial_Robust_Clip/atpt_data/delta_clip_l14_224/A/adv_images_eps_4.0_alpha_1.0_steps_100_image_only_attack_prm/n02356798_0.000006_clothes iron _ rocking chair_0.44443333.pt
2025-08-22 15:37:50,608 - ADV_Generation_eps_4.0_steps_100_image_only_attack_prm_Purification_type_noisy_anchor_anchors_10_alpha_1.2_sigma_0.18_threshold_0.0 - INFO - Batch:[20] Image: [12] Saved adversarial tensor to /leonardo_work/EUHPC_R04_192/fmohamma/Adversarial_Robust_Clip/atpt_data/delta_clip_l14_224/A/adv_images_eps_4.0_alpha_1.0_steps_100_image_only_attack_prm/n02356798_0.000010_tricycle _ tricycle_0.9862157.pt
2025-08-22 15:37:50,611 - ADV_Generation_eps_4.0_steps_100_image_only_attack_prm_Purification_type_noisy_anchor_anchors_10_alpha_1.2_sigma_0.18_threshold_0.0 - INFO - Batch:[20] Image: [13] Saved adversarial tensor to /leonardo_work/EUHPC_R04_192/fmohamma/Adversarial_Robust_Clip/atpt_data/delta_clip_l14_224/A/adv_images_eps_4.0_alpha_1.0_steps_100_image_only_attack_prm/n02361337_0.000062_white-headed capuchin _ white-headed capuchin_0.8865328.pt
2025-08-22 15:37:50,614 - ADV_Generation_eps_4.0_steps_100_image_only_attack_prm_Purification_type_noisy_anchor_anchors_10_alpha_1.2_sigma_0.18_threshold_0.0 - INFO - Batch:[20] Image: [14] Saved adversarial tensor to /leonardo_work/EUHPC_R04_192/fmohamma/Adversarial_Robust_Clip/atpt_data/delta_clip_l14_224/A/adv_images_eps_4.0_alpha_1.0_steps_100_image_only_attack_prm/n02361337_0.000194_porcupine _ porcupine_0.9061218.pt
2025-08-22 15:37:50,616 - ADV_Generation_eps_4.0_steps_100_image_only_attack_prm_Purification_type_noisy_anchor_anchors_10_alpha_1.2_sigma_0.18_threshold_0.0 - INFO - Batch:[20] Image: [15] Saved adversarial tensor to /leonardo_work/EUHPC_R04_192/fmohamma/Adversarial_Robust_Clip/atpt_data/delta_clip_l14_224/A/adv_images_eps_4.0_alpha_1.0_steps_100_image_only_attack_prm/n02361337_0.000224_cottontail rabbit _ cottontail rabbit_0.9987437.pt
2025-08-22 15:37:52,366 - ADV_Generation_eps_4.0_steps_100_image_only_attack_prm_Purification_type_noisy_anchor_anchors_10_alpha_1.2_sigma_0.18_threshold_0.0 - INFO - ======================== Adversarial Image Evaluation ==========================
2025-08-22 15:37:52,366 - ADV_Generation_eps_4.0_steps_100_image_only_attack_prm_Purification_type_noisy_anchor_anchors_10_alpha_1.2_sigma_0.18_threshold_0.0 - INFO - target: tensor([64, 64, 64, 65, 65, 65, 65, 65, 66, 66, 66, 66, 66, 67, 67, 67],
       device='cuda:0')
2025-08-22 15:37:52,367 - ADV_Generation_eps_4.0_steps_100_image_only_attack_prm_Purification_type_noisy_anchor_anchors_10_alpha_1.2_sigma_0.18_threshold_0.0 - INFO - adv_pred: tensor([161,  81,   7, 192,  67, 155, 155,  66,  95,  47, 136,  43, 170,  20,
         66,   3], device='cuda:0')
2025-08-22 15:37:52,367 - ADV_Generation_eps_4.0_steps_100_image_only_attack_prm_Purification_type_noisy_anchor_anchors_10_alpha_1.2_sigma_0.18_threshold_0.0 - INFO - adv_correct_orig: 43 = 43 + 0
2025-08-22 15:37:52,367 - ADV_Generation_eps_4.0_steps_100_image_only_attack_prm_Purification_type_noisy_anchor_anchors_10_alpha_1.2_sigma_0.18_threshold_0.0 - INFO - adv_pred_purify: tensor([161,  81, 198, 192,  31, 161,  53, 104,  85,   0, 173, 136, 170,  98,
         46, 179], device='cuda:0')
2025-08-22 15:37:52,367 - ADV_Generation_eps_4.0_steps_100_image_only_attack_prm_Purification_type_noisy_anchor_anchors_10_alpha_1.2_sigma_0.18_threshold_0.0 - INFO - adv_correct_purify: 8 = 8 + 0
2025-08-22 15:37:54,113 - ADV_Generation_eps_4.0_steps_100_image_only_attack_prm_Purification_type_noisy_anchor_anchors_10_alpha_1.2_sigma_0.18_threshold_0.0 - INFO - ======================== Clean Image Evaluation ==========================
2025-08-22 15:37:54,114 - ADV_Generation_eps_4.0_steps_100_image_only_attack_prm_Purification_type_noisy_anchor_anchors_10_alpha_1.2_sigma_0.18_threshold_0.0 - INFO - target: tensor([64, 64, 64, 65, 65, 65, 65, 65, 66, 66, 66, 66, 66, 67, 67, 67],
       device='cuda:0')
2025-08-22 15:37:54,114 - ADV_Generation_eps_4.0_steps_100_image_only_attack_prm_Purification_type_noisy_anchor_anchors_10_alpha_1.2_sigma_0.18_threshold_0.0 - INFO - clean_pred: tensor([161,  81,  42, 192,  67, 155, 155,  66,  95, 163, 136, 144, 170,  20,
         66,   3], device='cuda:0')
2025-08-22 15:37:54,114 - ADV_Generation_eps_4.0_steps_100_image_only_attack_prm_Purification_type_noisy_anchor_anchors_10_alpha_1.2_sigma_0.18_threshold_0.0 - INFO - clean_correct_orig: 53
2025-08-22 15:37:54,115 - ADV_Generation_eps_4.0_steps_100_image_only_attack_prm_Purification_type_noisy_anchor_anchors_10_alpha_1.2_sigma_0.18_threshold_0.0 - INFO - clean_pred_purify: tensor([161,  81,   0, 192,  31,  95,  53, 104,  85,   0, 173, 136, 170,  98,
          5, 179], device='cuda:0')
2025-08-22 15:37:54,115 - ADV_Generation_eps_4.0_steps_100_image_only_attack_prm_Purification_type_noisy_anchor_anchors_10_alpha_1.2_sigma_0.18_threshold_0.0 - INFO - clean_correct_purify: 8
2025-08-22 15:37:54,115 - ADV_Generation_eps_4.0_steps_100_image_only_attack_prm_Purification_type_noisy_anchor_anchors_10_alpha_1.2_sigma_0.18_threshold_0.0 - INFO - adv_correct_purify_clean_correct: 7
2025-08-22 15:37:54,115 - ADV_Generation_eps_4.0_steps_100_image_only_attack_prm_Purification_type_noisy_anchor_anchors_10_alpha_1.2_sigma_0.18_threshold_0.0 - INFO - adv_correct_purify_clean_incorrect: 1
2025-08-22 15:37:54,115 - ADV_Generation_eps_4.0_steps_100_image_only_attack_prm_Purification_type_noisy_anchor_anchors_10_alpha_1.2_sigma_0.18_threshold_0.0 - INFO - clean_correct_purify_clean_correct: 7
2025-08-22 15:37:54,115 - ADV_Generation_eps_4.0_steps_100_image_only_attack_prm_Purification_type_noisy_anchor_anchors_10_alpha_1.2_sigma_0.18_threshold_0.0 - INFO - clean_correct_purify_clean_incorrect: 1
2025-08-22 15:37:54,116 - ADV_Generation_eps_4.0_steps_100_image_only_attack_prm_Purification_type_noisy_anchor_anchors_10_alpha_1.2_sigma_0.18_threshold_0.0 - INFO - Batch 21/63: Clean orig accuracy 0.1577 | Clean purify accuracy 0.0238 | Adv orig accuracy: 0.1280 | Adv purify accuracy: 0.0238 | Adv purify acc on clean correct: 0.1321 | Adv purify acc on clean incorrect: 0.0035 | Clean purify acc on clean correct: 0.1321 | Clean purify acc on clean incorrect: 0.0035
2025-08-22 15:38:42,473 - ADV_Generation_eps_4.0_steps_100_image_only_attack_prm_Purification_type_noisy_anchor_anchors_10_alpha_1.2_sigma_0.18_threshold_0.0 - INFO - Generated adversarial images for the entire batch.
2025-08-22 15:38:42,476 - ADV_Generation_eps_4.0_steps_100_image_only_attack_prm_Purification_type_noisy_anchor_anchors_10_alpha_1.2_sigma_0.18_threshold_0.0 - INFO - Batch:[21] Image: [0] Saved adversarial tensor to /leonardo_work/EUHPC_R04_192/fmohamma/Adversarial_Robust_Clip/atpt_data/delta_clip_l14_224/A/adv_images_eps_4.0_alpha_1.0_steps_100_image_only_attack_prm/n02361337_0.000284_bald eagle _ bald eagle_0.88370734.pt
2025-08-22 15:38:42,478 - ADV_Generation_eps_4.0_steps_100_image_only_attack_prm_Purification_type_noisy_anchor_anchors_10_alpha_1.2_sigma_0.18_threshold_0.0 - INFO - Batch:[21] Image: [1] Saved adversarial tensor to /leonardo_work/EUHPC_R04_192/fmohamma/Adversarial_Robust_Clip/atpt_data/delta_clip_l14_224/A/adv_images_eps_4.0_alpha_1.0_steps_100_image_only_attack_prm/n02361337_0.000336_garbage truck _ garbage truck_0.6035584.pt
2025-08-22 15:38:42,480 - ADV_Generation_eps_4.0_steps_100_image_only_attack_prm_Purification_type_noisy_anchor_anchors_10_alpha_1.2_sigma_0.18_threshold_0.0 - INFO - Batch:[21] Image: [2] Saved adversarial tensor to /leonardo_work/EUHPC_R04_192/fmohamma/Adversarial_Robust_Clip/atpt_data/delta_clip_l14_224/A/adv_images_eps_4.0_alpha_1.0_steps_100_image_only_attack_prm/n02410509_0.000008_stethoscope _ stethoscope_0.95369804.pt
2025-08-22 15:38:42,482 - ADV_Generation_eps_4.0_steps_100_image_only_attack_prm_Purification_type_noisy_anchor_anchors_10_alpha_1.2_sigma_0.18_threshold_0.0 - INFO - Batch:[21] Image: [3] Saved adversarial tensor to /leonardo_work/EUHPC_R04_192/fmohamma/Adversarial_Robust_Clip/atpt_data/delta_clip_l14_224/A/adv_images_eps_4.0_alpha_1.0_steps_100_image_only_attack_prm/n02410509_0.000434_nail _ nail_0.89037913.pt
2025-08-22 15:38:42,483 - ADV_Generation_eps_4.0_steps_100_image_only_attack_prm_Purification_type_noisy_anchor_anchors_10_alpha_1.2_sigma_0.18_threshold_0.0 - INFO - Batch:[21] Image: [4] Saved adversarial tensor to /leonardo_work/EUHPC_R04_192/fmohamma/Adversarial_Robust_Clip/atpt_data/delta_clip_l14_224/A/adv_images_eps_4.0_alpha_1.0_steps_100_image_only_attack_prm/n02410509_0.002187_armadillo _ armadillo_0.8608744.pt
2025-08-22 15:38:42,485 - ADV_Generation_eps_4.0_steps_100_image_only_attack_prm_Purification_type_noisy_anchor_anchors_10_alpha_1.2_sigma_0.18_threshold_0.0 - INFO - Batch:[21] Image: [5] Saved adversarial tensor to /leonardo_work/EUHPC_R04_192/fmohamma/Adversarial_Robust_Clip/atpt_data/delta_clip_l14_224/A/adv_images_eps_4.0_alpha_1.0_steps_100_image_only_attack_prm/n02410509_0.003182_hockey puck _ hockey puck_0.7306381.pt
2025-08-22 15:38:42,486 - ADV_Generation_eps_4.0_steps_100_image_only_attack_prm_Purification_type_noisy_anchor_anchors_10_alpha_1.2_sigma_0.18_threshold_0.0 - INFO - Batch:[21] Image: [6] Saved adversarial tensor to /leonardo_work/EUHPC_R04_192/fmohamma/Adversarial_Robust_Clip/atpt_data/delta_clip_l14_224/A/adv_images_eps_4.0_alpha_1.0_steps_100_image_only_attack_prm/n02410509_0.009415_marmot _ marmot_0.8714136.pt
2025-08-22 15:38:42,488 - ADV_Generation_eps_4.0_steps_100_image_only_attack_prm_Purification_type_noisy_anchor_anchors_10_alpha_1.2_sigma_0.18_threshold_0.0 - INFO - Batch:[21] Image: [7] Saved adversarial tensor to /leonardo_work/EUHPC_R04_192/fmohamma/Adversarial_Robust_Clip/atpt_data/delta_clip_l14_224/A/adv_images_eps_4.0_alpha_1.0_steps_100_image_only_attack_prm/n02445715_0.000067_shovel _ shovel_0.6356453.pt
2025-08-22 15:38:42,490 - ADV_Generation_eps_4.0_steps_100_image_only_attack_prm_Purification_type_noisy_anchor_anchors_10_alpha_1.2_sigma_0.18_threshold_0.0 - INFO - Batch:[21] Image: [8] Saved adversarial tensor to /leonardo_work/EUHPC_R04_192/fmohamma/Adversarial_Robust_Clip/atpt_data/delta_clip_l14_224/A/adv_images_eps_4.0_alpha_1.0_steps_100_image_only_attack_prm/n02445715_0.000179_lighthouse _ lighthouse_0.6882634.pt
2025-08-22 15:38:42,492 - ADV_Generation_eps_4.0_steps_100_image_only_attack_prm_Purification_type_noisy_anchor_anchors_10_alpha_1.2_sigma_0.18_threshold_0.0 - INFO - Batch:[21] Image: [9] Saved adversarial tensor to /leonardo_work/EUHPC_R04_192/fmohamma/Adversarial_Robust_Clip/atpt_data/delta_clip_l14_224/A/adv_images_eps_4.0_alpha_1.0_steps_100_image_only_attack_prm/n02445715_0.000281_sundial _ sundial_0.7676081.pt
2025-08-22 15:38:42,494 - ADV_Generation_eps_4.0_steps_100_image_only_attack_prm_Purification_type_noisy_anchor_anchors_10_alpha_1.2_sigma_0.18_threshold_0.0 - INFO - Batch:[21] Image: [10] Saved adversarial tensor to /leonardo_work/EUHPC_R04_192/fmohamma/Adversarial_Robust_Clip/atpt_data/delta_clip_l14_224/A/adv_images_eps_4.0_alpha_1.0_steps_100_image_only_attack_prm/n02445715_0.000328_obelisk _ obelisk_0.7530761.pt
2025-08-22 15:38:42,497 - ADV_Generation_eps_4.0_steps_100_image_only_attack_prm_Purification_type_noisy_anchor_anchors_10_alpha_1.2_sigma_0.18_threshold_0.0 - INFO - Batch:[21] Image: [11] Saved adversarial tensor to /leonardo_work/EUHPC_R04_192/fmohamma/Adversarial_Robust_Clip/atpt_data/delta_clip_l14_224/A/adv_images_eps_4.0_alpha_1.0_steps_100_image_only_attack_prm/n02445715_0.000349_lighthouse _ lighthouse_0.5882817.pt
2025-08-22 15:38:42,498 - ADV_Generation_eps_4.0_steps_100_image_only_attack_prm_Purification_type_noisy_anchor_anchors_10_alpha_1.2_sigma_0.18_threshold_0.0 - INFO - Batch:[21] Image: [12] Saved adversarial tensor to /leonardo_work/EUHPC_R04_192/fmohamma/Adversarial_Robust_Clip/atpt_data/delta_clip_l14_224/A/adv_images_eps_4.0_alpha_1.0_steps_100_image_only_attack_prm/n02454379_0.000199_jeep _ jeep_0.72922003.pt
2025-08-22 15:38:42,500 - ADV_Generation_eps_4.0_steps_100_image_only_attack_prm_Purification_type_noisy_anchor_anchors_10_alpha_1.2_sigma_0.18_threshold_0.0 - INFO - Batch:[21] Image: [13] Saved adversarial tensor to /leonardo_work/EUHPC_R04_192/fmohamma/Adversarial_Robust_Clip/atpt_data/delta_clip_l14_224/A/adv_images_eps_4.0_alpha_1.0_steps_100_image_only_attack_prm/n02454379_0.000199_viaduct _ viaduct_0.6178315.pt
2025-08-22 15:38:42,503 - ADV_Generation_eps_4.0_steps_100_image_only_attack_prm_Purification_type_noisy_anchor_anchors_10_alpha_1.2_sigma_0.18_threshold_0.0 - INFO - Batch:[21] Image: [14] Saved adversarial tensor to /leonardo_work/EUHPC_R04_192/fmohamma/Adversarial_Robust_Clip/atpt_data/delta_clip_l14_224/A/adv_images_eps_4.0_alpha_1.0_steps_100_image_only_attack_prm/n02454379_0.002084_spider web _ spider web_0.76812273.pt
2025-08-22 15:38:42,505 - ADV_Generation_eps_4.0_steps_100_image_only_attack_prm_Purification_type_noisy_anchor_anchors_10_alpha_1.2_sigma_0.18_threshold_0.0 - INFO - Batch:[21] Image: [15] Saved adversarial tensor to /leonardo_work/EUHPC_R04_192/fmohamma/Adversarial_Robust_Clip/atpt_data/delta_clip_l14_224/A/adv_images_eps_4.0_alpha_1.0_steps_100_image_only_attack_prm/n02454379_0.002133_American bullfrog _ crayfish_0.51961154.pt
2025-08-22 15:38:44,255 - ADV_Generation_eps_4.0_steps_100_image_only_attack_prm_Purification_type_noisy_anchor_anchors_10_alpha_1.2_sigma_0.18_threshold_0.0 - INFO - ======================== Adversarial Image Evaluation ==========================
2025-08-22 15:38:44,255 - ADV_Generation_eps_4.0_steps_100_image_only_attack_prm_Purification_type_noisy_anchor_anchors_10_alpha_1.2_sigma_0.18_threshold_0.0 - INFO - target: tensor([67, 67, 68, 68, 68, 68, 68, 69, 69, 69, 69, 69, 70, 70, 70, 70],
       device='cuda:0')
2025-08-22 15:38:44,255 - ADV_Generation_eps_4.0_steps_100_image_only_attack_prm_Purification_type_noisy_anchor_anchors_10_alpha_1.2_sigma_0.18_threshold_0.0 - INFO - adv_pred: tensor([ 52, 113, 192,  68,  66,  53, 134,  81, 130, 113, 110,  85, 121, 173,
        192,  10], device='cuda:0')
2025-08-22 15:38:44,256 - ADV_Generation_eps_4.0_steps_100_image_only_attack_prm_Purification_type_noisy_anchor_anchors_10_alpha_1.2_sigma_0.18_threshold_0.0 - INFO - adv_correct_orig: 44 = 43 + 1
2025-08-22 15:38:44,256 - ADV_Generation_eps_4.0_steps_100_image_only_attack_prm_Purification_type_noisy_anchor_anchors_10_alpha_1.2_sigma_0.18_threshold_0.0 - INFO - adv_pred_purify: tensor([  5, 113, 192,  53, 104, 174,  14,  81, 113,  85, 110,  81, 121, 113,
        192,  10], device='cuda:0')
2025-08-22 15:38:44,256 - ADV_Generation_eps_4.0_steps_100_image_only_attack_prm_Purification_type_noisy_anchor_anchors_10_alpha_1.2_sigma_0.18_threshold_0.0 - INFO - adv_correct_purify: 8 = 8 + 0
2025-08-22 15:38:46,002 - ADV_Generation_eps_4.0_steps_100_image_only_attack_prm_Purification_type_noisy_anchor_anchors_10_alpha_1.2_sigma_0.18_threshold_0.0 - INFO - ======================== Clean Image Evaluation ==========================
2025-08-22 15:38:46,003 - ADV_Generation_eps_4.0_steps_100_image_only_attack_prm_Purification_type_noisy_anchor_anchors_10_alpha_1.2_sigma_0.18_threshold_0.0 - INFO - target: tensor([67, 67, 68, 68, 68, 68, 68, 69, 69, 69, 69, 69, 70, 70, 70, 70],
       device='cuda:0')
2025-08-22 15:38:46,003 - ADV_Generation_eps_4.0_steps_100_image_only_attack_prm_Purification_type_noisy_anchor_anchors_10_alpha_1.2_sigma_0.18_threshold_0.0 - INFO - clean_pred: tensor([ 36, 113, 192,  68,  66,  68,  68,  81, 130, 113, 110,  85, 121, 173,
        192,  10], device='cuda:0')
2025-08-22 15:38:46,003 - ADV_Generation_eps_4.0_steps_100_image_only_attack_prm_Purification_type_noisy_anchor_anchors_10_alpha_1.2_sigma_0.18_threshold_0.0 - INFO - clean_correct_orig: 56
2025-08-22 15:38:46,003 - ADV_Generation_eps_4.0_steps_100_image_only_attack_prm_Purification_type_noisy_anchor_anchors_10_alpha_1.2_sigma_0.18_threshold_0.0 - INFO - clean_pred_purify: tensor([  5, 113, 192,  98, 104, 174, 173,  81, 113,  85, 110,  81, 121,  84,
        192,  10], device='cuda:0')
2025-08-22 15:38:46,004 - ADV_Generation_eps_4.0_steps_100_image_only_attack_prm_Purification_type_noisy_anchor_anchors_10_alpha_1.2_sigma_0.18_threshold_0.0 - INFO - clean_correct_purify: 8
2025-08-22 15:38:46,004 - ADV_Generation_eps_4.0_steps_100_image_only_attack_prm_Purification_type_noisy_anchor_anchors_10_alpha_1.2_sigma_0.18_threshold_0.0 - INFO - adv_correct_purify_clean_correct: 7
2025-08-22 15:38:46,004 - ADV_Generation_eps_4.0_steps_100_image_only_attack_prm_Purification_type_noisy_anchor_anchors_10_alpha_1.2_sigma_0.18_threshold_0.0 - INFO - adv_correct_purify_clean_incorrect: 1
2025-08-22 15:38:46,004 - ADV_Generation_eps_4.0_steps_100_image_only_attack_prm_Purification_type_noisy_anchor_anchors_10_alpha_1.2_sigma_0.18_threshold_0.0 - INFO - clean_correct_purify_clean_correct: 7
2025-08-22 15:38:46,004 - ADV_Generation_eps_4.0_steps_100_image_only_attack_prm_Purification_type_noisy_anchor_anchors_10_alpha_1.2_sigma_0.18_threshold_0.0 - INFO - clean_correct_purify_clean_incorrect: 1
2025-08-22 15:38:46,004 - ADV_Generation_eps_4.0_steps_100_image_only_attack_prm_Purification_type_noisy_anchor_anchors_10_alpha_1.2_sigma_0.18_threshold_0.0 - INFO - Batch 22/63: Clean orig accuracy 0.1591 | Clean purify accuracy 0.0227 | Adv orig accuracy: 0.1250 | Adv purify accuracy: 0.0227 | Adv purify acc on clean correct: 0.1250 | Adv purify acc on clean incorrect: 0.0034 | Clean purify acc on clean correct: 0.1250 | Clean purify acc on clean incorrect: 0.0034
2025-08-22 15:39:34,385 - ADV_Generation_eps_4.0_steps_100_image_only_attack_prm_Purification_type_noisy_anchor_anchors_10_alpha_1.2_sigma_0.18_threshold_0.0 - INFO - Generated adversarial images for the entire batch.
2025-08-22 15:39:34,389 - ADV_Generation_eps_4.0_steps_100_image_only_attack_prm_Purification_type_noisy_anchor_anchors_10_alpha_1.2_sigma_0.18_threshold_0.0 - INFO - Batch:[22] Image: [0] Saved adversarial tensor to /leonardo_work/EUHPC_R04_192/fmohamma/Adversarial_Robust_Clip/atpt_data/delta_clip_l14_224/A/adv_images_eps_4.0_alpha_1.0_steps_100_image_only_attack_prm/n02454379_0.004346_golf cart _ golf cart_0.31525204.pt
2025-08-22 15:39:34,393 - ADV_Generation_eps_4.0_steps_100_image_only_attack_prm_Purification_type_noisy_anchor_anchors_10_alpha_1.2_sigma_0.18_threshold_0.0 - INFO - Batch:[22] Image: [1] Saved adversarial tensor to /leonardo_work/EUHPC_R04_192/fmohamma/Adversarial_Robust_Clip/atpt_data/delta_clip_l14_224/A/adv_images_eps_4.0_alpha_1.0_steps_100_image_only_attack_prm/n02486410_0.001606_vulture _ unicycle_0.35025182.pt
2025-08-22 15:39:34,398 - ADV_Generation_eps_4.0_steps_100_image_only_attack_prm_Purification_type_noisy_anchor_anchors_10_alpha_1.2_sigma_0.18_threshold_0.0 - INFO - Batch:[22] Image: [2] Saved adversarial tensor to /leonardo_work/EUHPC_R04_192/fmohamma/Adversarial_Robust_Clip/atpt_data/delta_clip_l14_224/A/adv_images_eps_4.0_alpha_1.0_steps_100_image_only_attack_prm/n02486410_0.011259_bison _ bison_0.85521656.pt
2025-08-22 15:39:34,401 - ADV_Generation_eps_4.0_steps_100_image_only_attack_prm_Purification_type_noisy_anchor_anchors_10_alpha_1.2_sigma_0.18_threshold_0.0 - INFO - Batch:[22] Image: [3] Saved adversarial tensor to /leonardo_work/EUHPC_R04_192/fmohamma/Adversarial_Robust_Clip/atpt_data/delta_clip_l14_224/A/adv_images_eps_4.0_alpha_1.0_steps_100_image_only_attack_prm/n02486410_0.012651_jeep _ jeep_0.88342816.pt
2025-08-22 15:39:34,405 - ADV_Generation_eps_4.0_steps_100_image_only_attack_prm_Purification_type_noisy_anchor_anchors_10_alpha_1.2_sigma_0.18_threshold_0.0 - INFO - Batch:[22] Image: [4] Saved adversarial tensor to /leonardo_work/EUHPC_R04_192/fmohamma/Adversarial_Robust_Clip/atpt_data/delta_clip_l14_224/A/adv_images_eps_4.0_alpha_1.0_steps_100_image_only_attack_prm/n02486410_0.026104_white-headed capuchin _ white-headed capuchin_0.6858131.pt
2025-08-22 15:39:34,408 - ADV_Generation_eps_4.0_steps_100_image_only_attack_prm_Purification_type_noisy_anchor_anchors_10_alpha_1.2_sigma_0.18_threshold_0.0 - INFO - Batch:[22] Image: [5] Saved adversarial tensor to /leonardo_work/EUHPC_R04_192/fmohamma/Adversarial_Robust_Clip/atpt_data/delta_clip_l14_224/A/adv_images_eps_4.0_alpha_1.0_steps_100_image_only_attack_prm/n02486410_0.026225_American alligator _ American alligator_0.50321835.pt
2025-08-22 15:39:34,411 - ADV_Generation_eps_4.0_steps_100_image_only_attack_prm_Purification_type_noisy_anchor_anchors_10_alpha_1.2_sigma_0.18_threshold_0.0 - INFO - Batch:[22] Image: [6] Saved adversarial tensor to /leonardo_work/EUHPC_R04_192/fmohamma/Adversarial_Robust_Clip/atpt_data/delta_clip_l14_224/A/adv_images_eps_4.0_alpha_1.0_steps_100_image_only_attack_prm/n02492035_0.000446_bison _ bison_0.98551095.pt
2025-08-22 15:39:34,414 - ADV_Generation_eps_4.0_steps_100_image_only_attack_prm_Purification_type_noisy_anchor_anchors_10_alpha_1.2_sigma_0.18_threshold_0.0 - INFO - Batch:[22] Image: [7] Saved adversarial tensor to /leonardo_work/EUHPC_R04_192/fmohamma/Adversarial_Robust_Clip/atpt_data/delta_clip_l14_224/A/adv_images_eps_4.0_alpha_1.0_steps_100_image_only_attack_prm/n02492035_0.000977_baboon _ baboon_0.9952306.pt
2025-08-22 15:39:34,418 - ADV_Generation_eps_4.0_steps_100_image_only_attack_prm_Purification_type_noisy_anchor_anchors_10_alpha_1.2_sigma_0.18_threshold_0.0 - INFO - Batch:[22] Image: [8] Saved adversarial tensor to /leonardo_work/EUHPC_R04_192/fmohamma/Adversarial_Robust_Clip/atpt_data/delta_clip_l14_224/A/adv_images_eps_4.0_alpha_1.0_steps_100_image_only_attack_prm/n02492035_0.007405_marmot _ marmot_0.9537535.pt
2025-08-22 15:39:34,421 - ADV_Generation_eps_4.0_steps_100_image_only_attack_prm_Purification_type_noisy_anchor_anchors_10_alpha_1.2_sigma_0.18_threshold_0.0 - INFO - Batch:[22] Image: [9] Saved adversarial tensor to /leonardo_work/EUHPC_R04_192/fmohamma/Adversarial_Robust_Clip/atpt_data/delta_clip_l14_224/A/adv_images_eps_4.0_alpha_1.0_steps_100_image_only_attack_prm/n02492035_0.012258_porcupine _ porcupine_0.9309959.pt
2025-08-22 15:39:34,425 - ADV_Generation_eps_4.0_steps_100_image_only_attack_prm_Purification_type_noisy_anchor_anchors_10_alpha_1.2_sigma_0.18_threshold_0.0 - INFO - Batch:[22] Image: [10] Saved adversarial tensor to /leonardo_work/EUHPC_R04_192/fmohamma/Adversarial_Robust_Clip/atpt_data/delta_clip_l14_224/A/adv_images_eps_4.0_alpha_1.0_steps_100_image_only_attack_prm/n02492035_0.014353_marmot _ marmot_0.959353.pt
2025-08-22 15:39:34,428 - ADV_Generation_eps_4.0_steps_100_image_only_attack_prm_Purification_type_noisy_anchor_anchors_10_alpha_1.2_sigma_0.18_threshold_0.0 - INFO - Batch:[22] Image: [11] Saved adversarial tensor to /leonardo_work/EUHPC_R04_192/fmohamma/Adversarial_Robust_Clip/atpt_data/delta_clip_l14_224/A/adv_images_eps_4.0_alpha_1.0_steps_100_image_only_attack_prm/n02504458_0.000152_spider web _ spider web_0.80701464.pt
2025-08-22 15:39:34,431 - ADV_Generation_eps_4.0_steps_100_image_only_attack_prm_Purification_type_noisy_anchor_anchors_10_alpha_1.2_sigma_0.18_threshold_0.0 - INFO - Batch:[22] Image: [12] Saved adversarial tensor to /leonardo_work/EUHPC_R04_192/fmohamma/Adversarial_Robust_Clip/atpt_data/delta_clip_l14_224/A/adv_images_eps_4.0_alpha_1.0_steps_100_image_only_attack_prm/n02504458_0.000330_armadillo _ armadillo_0.57608616.pt
2025-08-22 15:39:34,434 - ADV_Generation_eps_4.0_steps_100_image_only_attack_prm_Purification_type_noisy_anchor_anchors_10_alpha_1.2_sigma_0.18_threshold_0.0 - INFO - Batch:[22] Image: [13] Saved adversarial tensor to /leonardo_work/EUHPC_R04_192/fmohamma/Adversarial_Robust_Clip/atpt_data/delta_clip_l14_224/A/adv_images_eps_4.0_alpha_1.0_steps_100_image_only_attack_prm/n02504458_0.000383_piggy bank _ jellyfish_0.3452409.pt
2025-08-22 15:39:34,438 - ADV_Generation_eps_4.0_steps_100_image_only_attack_prm_Purification_type_noisy_anchor_anchors_10_alpha_1.2_sigma_0.18_threshold_0.0 - INFO - Batch:[22] Image: [14] Saved adversarial tensor to /leonardo_work/EUHPC_R04_192/fmohamma/Adversarial_Robust_Clip/atpt_data/delta_clip_l14_224/A/adv_images_eps_4.0_alpha_1.0_steps_100_image_only_attack_prm/n02504458_0.000397_armadillo _ armadillo_0.58465827.pt
2025-08-22 15:39:34,441 - ADV_Generation_eps_4.0_steps_100_image_only_attack_prm_Purification_type_noisy_anchor_anchors_10_alpha_1.2_sigma_0.18_threshold_0.0 - INFO - Batch:[22] Image: [15] Saved adversarial tensor to /leonardo_work/EUHPC_R04_192/fmohamma/Adversarial_Robust_Clip/atpt_data/delta_clip_l14_224/A/adv_images_eps_4.0_alpha_1.0_steps_100_image_only_attack_prm/n02504458_0.000465_pug _ pug_0.51217717.pt
2025-08-22 15:39:36,190 - ADV_Generation_eps_4.0_steps_100_image_only_attack_prm_Purification_type_noisy_anchor_anchors_10_alpha_1.2_sigma_0.18_threshold_0.0 - INFO - ======================== Adversarial Image Evaluation ==========================
2025-08-22 15:39:36,191 - ADV_Generation_eps_4.0_steps_100_image_only_attack_prm_Purification_type_noisy_anchor_anchors_10_alpha_1.2_sigma_0.18_threshold_0.0 - INFO - target: tensor([70, 71, 71, 71, 71, 71, 72, 72, 72, 72, 72, 73, 73, 73, 73, 73],
       device='cuda:0')
2025-08-22 15:39:36,191 - ADV_Generation_eps_4.0_steps_100_image_only_attack_prm_Purification_type_noisy_anchor_anchors_10_alpha_1.2_sigma_0.18_threshold_0.0 - INFO - adv_pred: tensor([110,  71,  40,  66,  25,  28,  46,  66,  71,  71,  71,  66,  66,  66,
         90,  66], device='cuda:0')
2025-08-22 15:39:36,191 - ADV_Generation_eps_4.0_steps_100_image_only_attack_prm_Purification_type_noisy_anchor_anchors_10_alpha_1.2_sigma_0.18_threshold_0.0 - INFO - adv_correct_orig: 45 = 44 + 1
2025-08-22 15:39:36,192 - ADV_Generation_eps_4.0_steps_100_image_only_attack_prm_Purification_type_noisy_anchor_anchors_10_alpha_1.2_sigma_0.18_threshold_0.0 - INFO - adv_pred_purify: tensor([ 14, 130, 195, 154,  57,  96,  46,  46,  67, 113,  46, 158,  44, 194,
         53,  43], device='cuda:0')
2025-08-22 15:39:36,192 - ADV_Generation_eps_4.0_steps_100_image_only_attack_prm_Purification_type_noisy_anchor_anchors_10_alpha_1.2_sigma_0.18_threshold_0.0 - INFO - adv_correct_purify: 8 = 8 + 0
2025-08-22 15:39:37,938 - ADV_Generation_eps_4.0_steps_100_image_only_attack_prm_Purification_type_noisy_anchor_anchors_10_alpha_1.2_sigma_0.18_threshold_0.0 - INFO - ======================== Clean Image Evaluation ==========================
2025-08-22 15:39:37,938 - ADV_Generation_eps_4.0_steps_100_image_only_attack_prm_Purification_type_noisy_anchor_anchors_10_alpha_1.2_sigma_0.18_threshold_0.0 - INFO - target: tensor([70, 71, 71, 71, 71, 71, 72, 72, 72, 72, 72, 73, 73, 73, 73, 73],
       device='cuda:0')
2025-08-22 15:39:37,939 - ADV_Generation_eps_4.0_steps_100_image_only_attack_prm_Purification_type_noisy_anchor_anchors_10_alpha_1.2_sigma_0.18_threshold_0.0 - INFO - clean_pred: tensor([110,  71, 116,  90,  25,  15,  46,  71,  71,  47,  71,  66,  66,  73,
         90,  73], device='cuda:0')
2025-08-22 15:39:37,939 - ADV_Generation_eps_4.0_steps_100_image_only_attack_prm_Purification_type_noisy_anchor_anchors_10_alpha_1.2_sigma_0.18_threshold_0.0 - INFO - clean_correct_orig: 59
2025-08-22 15:39:37,939 - ADV_Generation_eps_4.0_steps_100_image_only_attack_prm_Purification_type_noisy_anchor_anchors_10_alpha_1.2_sigma_0.18_threshold_0.0 - INFO - clean_pred_purify: tensor([  3, 130, 195, 154,  57,  96,  66,  46,  67, 113,  67, 158,  44, 194,
          3,  46], device='cuda:0')
2025-08-22 15:39:37,939 - ADV_Generation_eps_4.0_steps_100_image_only_attack_prm_Purification_type_noisy_anchor_anchors_10_alpha_1.2_sigma_0.18_threshold_0.0 - INFO - clean_correct_purify: 8
2025-08-22 15:39:37,939 - ADV_Generation_eps_4.0_steps_100_image_only_attack_prm_Purification_type_noisy_anchor_anchors_10_alpha_1.2_sigma_0.18_threshold_0.0 - INFO - adv_correct_purify_clean_correct: 7
2025-08-22 15:39:37,939 - ADV_Generation_eps_4.0_steps_100_image_only_attack_prm_Purification_type_noisy_anchor_anchors_10_alpha_1.2_sigma_0.18_threshold_0.0 - INFO - adv_correct_purify_clean_incorrect: 1
2025-08-22 15:39:37,939 - ADV_Generation_eps_4.0_steps_100_image_only_attack_prm_Purification_type_noisy_anchor_anchors_10_alpha_1.2_sigma_0.18_threshold_0.0 - INFO - clean_correct_purify_clean_correct: 7
2025-08-22 15:39:37,939 - ADV_Generation_eps_4.0_steps_100_image_only_attack_prm_Purification_type_noisy_anchor_anchors_10_alpha_1.2_sigma_0.18_threshold_0.0 - INFO - clean_correct_purify_clean_incorrect: 1
2025-08-22 15:39:37,940 - ADV_Generation_eps_4.0_steps_100_image_only_attack_prm_Purification_type_noisy_anchor_anchors_10_alpha_1.2_sigma_0.18_threshold_0.0 - INFO - Batch 23/63: Clean orig accuracy 0.1603 | Clean purify accuracy 0.0217 | Adv orig accuracy: 0.1223 | Adv purify accuracy: 0.0217 | Adv purify acc on clean correct: 0.1186 | Adv purify acc on clean incorrect: 0.0032 | Clean purify acc on clean correct: 0.1186 | Clean purify acc on clean incorrect: 0.0032
2025-08-22 15:40:26,304 - ADV_Generation_eps_4.0_steps_100_image_only_attack_prm_Purification_type_noisy_anchor_anchors_10_alpha_1.2_sigma_0.18_threshold_0.0 - INFO - Generated adversarial images for the entire batch.
2025-08-22 15:40:26,307 - ADV_Generation_eps_4.0_steps_100_image_only_attack_prm_Purification_type_noisy_anchor_anchors_10_alpha_1.2_sigma_0.18_threshold_0.0 - INFO - Batch:[23] Image: [0] Saved adversarial tensor to /leonardo_work/EUHPC_R04_192/fmohamma/Adversarial_Robust_Clip/atpt_data/delta_clip_l14_224/A/adv_images_eps_4.0_alpha_1.0_steps_100_image_only_attack_prm/n02655020_0.000226_shipwreck _ shipwreck_0.93450975.pt
2025-08-22 15:40:26,310 - ADV_Generation_eps_4.0_steps_100_image_only_attack_prm_Purification_type_noisy_anchor_anchors_10_alpha_1.2_sigma_0.18_threshold_0.0 - INFO - Batch:[23] Image: [1] Saved adversarial tensor to /leonardo_work/EUHPC_R04_192/fmohamma/Adversarial_Robust_Clip/atpt_data/delta_clip_l14_224/A/adv_images_eps_4.0_alpha_1.0_steps_100_image_only_attack_prm/n02655020_0.000483_American alligator _ American alligator_0.70164657.pt
2025-08-22 15:40:26,311 - ADV_Generation_eps_4.0_steps_100_image_only_attack_prm_Purification_type_noisy_anchor_anchors_10_alpha_1.2_sigma_0.18_threshold_0.0 - INFO - Batch:[23] Image: [2] Saved adversarial tensor to /leonardo_work/EUHPC_R04_192/fmohamma/Adversarial_Robust_Clip/atpt_data/delta_clip_l14_224/A/adv_images_eps_4.0_alpha_1.0_steps_100_image_only_attack_prm/n02655020_0.000889_acorn _ acorn_0.9373262.pt
2025-08-22 15:40:26,313 - ADV_Generation_eps_4.0_steps_100_image_only_attack_prm_Purification_type_noisy_anchor_anchors_10_alpha_1.2_sigma_0.18_threshold_0.0 - INFO - Batch:[23] Image: [3] Saved adversarial tensor to /leonardo_work/EUHPC_R04_192/fmohamma/Adversarial_Robust_Clip/atpt_data/delta_clip_l14_224/A/adv_images_eps_4.0_alpha_1.0_steps_100_image_only_attack_prm/n02655020_0.001109_volcano _ spatula_0.91693026.pt
2025-08-22 15:40:26,316 - ADV_Generation_eps_4.0_steps_100_image_only_attack_prm_Purification_type_noisy_anchor_anchors_10_alpha_1.2_sigma_0.18_threshold_0.0 - INFO - Batch:[23] Image: [4] Saved adversarial tensor to /leonardo_work/EUHPC_R04_192/fmohamma/Adversarial_Robust_Clip/atpt_data/delta_clip_l14_224/A/adv_images_eps_4.0_alpha_1.0_steps_100_image_only_attack_prm/n02655020_0.001714_flatworm _ flatworm_0.9990048.pt
2025-08-22 15:40:26,318 - ADV_Generation_eps_4.0_steps_100_image_only_attack_prm_Purification_type_noisy_anchor_anchors_10_alpha_1.2_sigma_0.18_threshold_0.0 - INFO - Batch:[23] Image: [5] Saved adversarial tensor to /leonardo_work/EUHPC_R04_192/fmohamma/Adversarial_Robust_Clip/atpt_data/delta_clip_l14_224/A/adv_images_eps_4.0_alpha_1.0_steps_100_image_only_attack_prm/n02669723_0.000023_unicycle _ unicycle_0.34255618.pt
2025-08-22 15:40:26,320 - ADV_Generation_eps_4.0_steps_100_image_only_attack_prm_Purification_type_noisy_anchor_anchors_10_alpha_1.2_sigma_0.18_threshold_0.0 - INFO - Batch:[23] Image: [6] Saved adversarial tensor to /leonardo_work/EUHPC_R04_192/fmohamma/Adversarial_Robust_Clip/atpt_data/delta_clip_l14_224/A/adv_images_eps_4.0_alpha_1.0_steps_100_image_only_attack_prm/n02669723_0.000179_maraca _ maraca_0.9951545.pt
2025-08-22 15:40:26,322 - ADV_Generation_eps_4.0_steps_100_image_only_attack_prm_Purification_type_noisy_anchor_anchors_10_alpha_1.2_sigma_0.18_threshold_0.0 - INFO - Batch:[23] Image: [7] Saved adversarial tensor to /leonardo_work/EUHPC_R04_192/fmohamma/Adversarial_Robust_Clip/atpt_data/delta_clip_l14_224/A/adv_images_eps_4.0_alpha_1.0_steps_100_image_only_attack_prm/n02669723_0.000238_torch _ torch_0.74394804.pt
2025-08-22 15:40:26,326 - ADV_Generation_eps_4.0_steps_100_image_only_attack_prm_Purification_type_noisy_anchor_anchors_10_alpha_1.2_sigma_0.18_threshold_0.0 - INFO - Batch:[23] Image: [8] Saved adversarial tensor to /leonardo_work/EUHPC_R04_192/fmohamma/Adversarial_Robust_Clip/atpt_data/delta_clip_l14_224/A/adv_images_eps_4.0_alpha_1.0_steps_100_image_only_attack_prm/n02669723_0.000335_mosque _ mosque_0.6862861.pt
2025-08-22 15:40:26,331 - ADV_Generation_eps_4.0_steps_100_image_only_attack_prm_Purification_type_noisy_anchor_anchors_10_alpha_1.2_sigma_0.18_threshold_0.0 - INFO - Batch:[23] Image: [9] Saved adversarial tensor to /leonardo_work/EUHPC_R04_192/fmohamma/Adversarial_Robust_Clip/atpt_data/delta_clip_l14_224/A/adv_images_eps_4.0_alpha_1.0_steps_100_image_only_attack_prm/n02669723_0.000626_sewing machine _ sewing machine_0.19287045.pt
2025-08-22 15:40:26,333 - ADV_Generation_eps_4.0_steps_100_image_only_attack_prm_Purification_type_noisy_anchor_anchors_10_alpha_1.2_sigma_0.18_threshold_0.0 - INFO - Batch:[23] Image: [10] Saved adversarial tensor to /leonardo_work/EUHPC_R04_192/fmohamma/Adversarial_Robust_Clip/atpt_data/delta_clip_l14_224/A/adv_images_eps_4.0_alpha_1.0_steps_100_image_only_attack_prm/n02672831_0.000178_racket _ baseball player_0.79479235.pt
2025-08-22 15:40:26,335 - ADV_Generation_eps_4.0_steps_100_image_only_attack_prm_Purification_type_noisy_anchor_anchors_10_alpha_1.2_sigma_0.18_threshold_0.0 - INFO - Batch:[23] Image: [11] Saved adversarial tensor to /leonardo_work/EUHPC_R04_192/fmohamma/Adversarial_Robust_Clip/atpt_data/delta_clip_l14_224/A/adv_images_eps_4.0_alpha_1.0_steps_100_image_only_attack_prm/n02672831_0.000210_school bus _ school bus_0.98059547.pt
2025-08-22 15:40:26,337 - ADV_Generation_eps_4.0_steps_100_image_only_attack_prm_Purification_type_noisy_anchor_anchors_10_alpha_1.2_sigma_0.18_threshold_0.0 - INFO - Batch:[23] Image: [12] Saved adversarial tensor to /leonardo_work/EUHPC_R04_192/fmohamma/Adversarial_Robust_Clip/atpt_data/delta_clip_l14_224/A/adv_images_eps_4.0_alpha_1.0_steps_100_image_only_attack_prm/n02672831_0.000214_cello _ cello_0.99975425.pt
2025-08-22 15:40:26,340 - ADV_Generation_eps_4.0_steps_100_image_only_attack_prm_Purification_type_noisy_anchor_anchors_10_alpha_1.2_sigma_0.18_threshold_0.0 - INFO - Batch:[23] Image: [13] Saved adversarial tensor to /leonardo_work/EUHPC_R04_192/fmohamma/Adversarial_Robust_Clip/atpt_data/delta_clip_l14_224/A/adv_images_eps_4.0_alpha_1.0_steps_100_image_only_attack_prm/n02672831_0.004413_broom _ broom_0.7506752.pt
2025-08-22 15:40:26,343 - ADV_Generation_eps_4.0_steps_100_image_only_attack_prm_Purification_type_noisy_anchor_anchors_10_alpha_1.2_sigma_0.18_threshold_0.0 - INFO - Batch:[23] Image: [14] Saved adversarial tensor to /leonardo_work/EUHPC_R04_192/fmohamma/Adversarial_Robust_Clip/atpt_data/delta_clip_l14_224/A/adv_images_eps_4.0_alpha_1.0_steps_100_image_only_attack_prm/n02672831_0.016792_breastplate _ breastplate_0.8836041.pt
2025-08-22 15:40:26,346 - ADV_Generation_eps_4.0_steps_100_image_only_attack_prm_Purification_type_noisy_anchor_anchors_10_alpha_1.2_sigma_0.18_threshold_0.0 - INFO - Batch:[23] Image: [15] Saved adversarial tensor to /leonardo_work/EUHPC_R04_192/fmohamma/Adversarial_Robust_Clip/atpt_data/delta_clip_l14_224/A/adv_images_eps_4.0_alpha_1.0_steps_100_image_only_attack_prm/n02676566_0.000038_fountain _ fountain_0.99783045.pt
2025-08-22 15:40:28,096 - ADV_Generation_eps_4.0_steps_100_image_only_attack_prm_Purification_type_noisy_anchor_anchors_10_alpha_1.2_sigma_0.18_threshold_0.0 - INFO - ======================== Adversarial Image Evaluation ==========================
2025-08-22 15:40:28,096 - ADV_Generation_eps_4.0_steps_100_image_only_attack_prm_Purification_type_noisy_anchor_anchors_10_alpha_1.2_sigma_0.18_threshold_0.0 - INFO - target: tensor([74, 74, 74, 74, 74, 75, 75, 75, 75, 75, 76, 76, 76, 76, 76, 77],
       device='cuda:0')
2025-08-22 15:40:28,097 - ADV_Generation_eps_4.0_steps_100_image_only_attack_prm_Purification_type_noisy_anchor_anchors_10_alpha_1.2_sigma_0.18_threshold_0.0 - INFO - adv_pred: tensor([ 28, 135, 199, 193,  28,  75,  75,  75,  75,  46, 158,  76,  76,  80,
         92, 152], device='cuda:0')
2025-08-22 15:40:28,097 - ADV_Generation_eps_4.0_steps_100_image_only_attack_prm_Purification_type_noisy_anchor_anchors_10_alpha_1.2_sigma_0.18_threshold_0.0 - INFO - adv_correct_orig: 51 = 45 + 6
2025-08-22 15:40:28,097 - ADV_Generation_eps_4.0_steps_100_image_only_attack_prm_Purification_type_noisy_anchor_anchors_10_alpha_1.2_sigma_0.18_threshold_0.0 - INFO - adv_pred_purify: tensor([132, 193, 129, 193,  12, 173, 195,  81,  96,  98,  98, 136,  97, 195,
         89, 169], device='cuda:0')
2025-08-22 15:40:28,097 - ADV_Generation_eps_4.0_steps_100_image_only_attack_prm_Purification_type_noisy_anchor_anchors_10_alpha_1.2_sigma_0.18_threshold_0.0 - INFO - adv_correct_purify: 8 = 8 + 0
2025-08-22 15:40:29,843 - ADV_Generation_eps_4.0_steps_100_image_only_attack_prm_Purification_type_noisy_anchor_anchors_10_alpha_1.2_sigma_0.18_threshold_0.0 - INFO - ======================== Clean Image Evaluation ==========================
2025-08-22 15:40:29,844 - ADV_Generation_eps_4.0_steps_100_image_only_attack_prm_Purification_type_noisy_anchor_anchors_10_alpha_1.2_sigma_0.18_threshold_0.0 - INFO - target: tensor([74, 74, 74, 74, 74, 75, 75, 75, 75, 75, 76, 76, 76, 76, 76, 77],
       device='cuda:0')
2025-08-22 15:40:29,844 - ADV_Generation_eps_4.0_steps_100_image_only_attack_prm_Purification_type_noisy_anchor_anchors_10_alpha_1.2_sigma_0.18_threshold_0.0 - INFO - clean_pred: tensor([ 28, 158, 199, 193,  74,  75,  75,  75,  75,  75, 139,  76,  97,  80,
         92,  51], device='cuda:0')
2025-08-22 15:40:29,844 - ADV_Generation_eps_4.0_steps_100_image_only_attack_prm_Purification_type_noisy_anchor_anchors_10_alpha_1.2_sigma_0.18_threshold_0.0 - INFO - clean_correct_orig: 66
2025-08-22 15:40:29,844 - ADV_Generation_eps_4.0_steps_100_image_only_attack_prm_Purification_type_noisy_anchor_anchors_10_alpha_1.2_sigma_0.18_threshold_0.0 - INFO - clean_pred_purify: tensor([131, 193, 131, 193,  12, 173, 195,  81,  96,  98,  98, 136,  97, 195,
         89, 169], device='cuda:0')
2025-08-22 15:40:29,845 - ADV_Generation_eps_4.0_steps_100_image_only_attack_prm_Purification_type_noisy_anchor_anchors_10_alpha_1.2_sigma_0.18_threshold_0.0 - INFO - clean_correct_purify: 8
2025-08-22 15:40:29,845 - ADV_Generation_eps_4.0_steps_100_image_only_attack_prm_Purification_type_noisy_anchor_anchors_10_alpha_1.2_sigma_0.18_threshold_0.0 - INFO - adv_correct_purify_clean_correct: 7
2025-08-22 15:40:29,845 - ADV_Generation_eps_4.0_steps_100_image_only_attack_prm_Purification_type_noisy_anchor_anchors_10_alpha_1.2_sigma_0.18_threshold_0.0 - INFO - adv_correct_purify_clean_incorrect: 1
2025-08-22 15:40:29,845 - ADV_Generation_eps_4.0_steps_100_image_only_attack_prm_Purification_type_noisy_anchor_anchors_10_alpha_1.2_sigma_0.18_threshold_0.0 - INFO - clean_correct_purify_clean_correct: 7
2025-08-22 15:40:29,845 - ADV_Generation_eps_4.0_steps_100_image_only_attack_prm_Purification_type_noisy_anchor_anchors_10_alpha_1.2_sigma_0.18_threshold_0.0 - INFO - clean_correct_purify_clean_incorrect: 1
2025-08-22 15:40:29,846 - ADV_Generation_eps_4.0_steps_100_image_only_attack_prm_Purification_type_noisy_anchor_anchors_10_alpha_1.2_sigma_0.18_threshold_0.0 - INFO - Batch 24/63: Clean orig accuracy 0.1719 | Clean purify accuracy 0.0208 | Adv orig accuracy: 0.1328 | Adv purify accuracy: 0.0208 | Adv purify acc on clean correct: 0.1061 | Adv purify acc on clean incorrect: 0.0031 | Clean purify acc on clean correct: 0.1061 | Clean purify acc on clean incorrect: 0.0031
2025-08-22 15:41:18,228 - ADV_Generation_eps_4.0_steps_100_image_only_attack_prm_Purification_type_noisy_anchor_anchors_10_alpha_1.2_sigma_0.18_threshold_0.0 - INFO - Generated adversarial images for the entire batch.
2025-08-22 15:41:18,233 - ADV_Generation_eps_4.0_steps_100_image_only_attack_prm_Purification_type_noisy_anchor_anchors_10_alpha_1.2_sigma_0.18_threshold_0.0 - INFO - Batch:[24] Image: [0] Saved adversarial tensor to /leonardo_work/EUHPC_R04_192/fmohamma/Adversarial_Robust_Clip/atpt_data/delta_clip_l14_224/A/adv_images_eps_4.0_alpha_1.0_steps_100_image_only_attack_prm/n02676566_0.000212_billiard table _ billiard table_0.97222745.pt
2025-08-22 15:41:18,238 - ADV_Generation_eps_4.0_steps_100_image_only_attack_prm_Purification_type_noisy_anchor_anchors_10_alpha_1.2_sigma_0.18_threshold_0.0 - INFO - Batch:[24] Image: [1] Saved adversarial tensor to /leonardo_work/EUHPC_R04_192/fmohamma/Adversarial_Robust_Clip/atpt_data/delta_clip_l14_224/A/adv_images_eps_4.0_alpha_1.0_steps_100_image_only_attack_prm/n02676566_0.000225_drumstick _ drumstick_0.8786231.pt
2025-08-22 15:41:18,241 - ADV_Generation_eps_4.0_steps_100_image_only_attack_prm_Purification_type_noisy_anchor_anchors_10_alpha_1.2_sigma_0.18_threshold_0.0 - INFO - Batch:[24] Image: [2] Saved adversarial tensor to /leonardo_work/EUHPC_R04_192/fmohamma/Adversarial_Robust_Clip/atpt_data/delta_clip_l14_224/A/adv_images_eps_4.0_alpha_1.0_steps_100_image_only_attack_prm/n02676566_0.000314_mosque _ shipwreck_0.25559372.pt
2025-08-22 15:41:18,244 - ADV_Generation_eps_4.0_steps_100_image_only_attack_prm_Purification_type_noisy_anchor_anchors_10_alpha_1.2_sigma_0.18_threshold_0.0 - INFO - Batch:[24] Image: [3] Saved adversarial tensor to /leonardo_work/EUHPC_R04_192/fmohamma/Adversarial_Robust_Clip/atpt_data/delta_clip_l14_224/A/adv_images_eps_4.0_alpha_1.0_steps_100_image_only_attack_prm/n02676566_0.000315_maraca _ torch_0.7119087.pt
2025-08-22 15:41:18,247 - ADV_Generation_eps_4.0_steps_100_image_only_attack_prm_Purification_type_noisy_anchor_anchors_10_alpha_1.2_sigma_0.18_threshold_0.0 - INFO - Batch:[24] Image: [4] Saved adversarial tensor to /leonardo_work/EUHPC_R04_192/fmohamma/Adversarial_Robust_Clip/atpt_data/delta_clip_l14_224/A/adv_images_eps_4.0_alpha_1.0_steps_100_image_only_attack_prm/n02690373_0.000002_bubble _ bubble_0.9674366.pt
2025-08-22 15:41:18,252 - ADV_Generation_eps_4.0_steps_100_image_only_attack_prm_Purification_type_noisy_anchor_anchors_10_alpha_1.2_sigma_0.18_threshold_0.0 - INFO - Batch:[24] Image: [5] Saved adversarial tensor to /leonardo_work/EUHPC_R04_192/fmohamma/Adversarial_Robust_Clip/atpt_data/delta_clip_l14_224/A/adv_images_eps_4.0_alpha_1.0_steps_100_image_only_attack_prm/n02690373_0.000012_bow tie _ bow tie_0.9787001.pt
2025-08-22 15:41:18,256 - ADV_Generation_eps_4.0_steps_100_image_only_attack_prm_Purification_type_noisy_anchor_anchors_10_alpha_1.2_sigma_0.18_threshold_0.0 - INFO - Batch:[24] Image: [6] Saved adversarial tensor to /leonardo_work/EUHPC_R04_192/fmohamma/Adversarial_Robust_Clip/atpt_data/delta_clip_l14_224/A/adv_images_eps_4.0_alpha_1.0_steps_100_image_only_attack_prm/n02690373_0.000024_bubble _ bubble_0.47169635.pt
2025-08-22 15:41:18,260 - ADV_Generation_eps_4.0_steps_100_image_only_attack_prm_Purification_type_noisy_anchor_anchors_10_alpha_1.2_sigma_0.18_threshold_0.0 - INFO - Batch:[24] Image: [7] Saved adversarial tensor to /leonardo_work/EUHPC_R04_192/fmohamma/Adversarial_Robust_Clip/atpt_data/delta_clip_l14_224/A/adv_images_eps_4.0_alpha_1.0_steps_100_image_only_attack_prm/n02690373_0.000045_jellyfish _ jellyfish_0.8161598.pt
2025-08-22 15:41:18,263 - ADV_Generation_eps_4.0_steps_100_image_only_attack_prm_Purification_type_noisy_anchor_anchors_10_alpha_1.2_sigma_0.18_threshold_0.0 - INFO - Batch:[24] Image: [8] Saved adversarial tensor to /leonardo_work/EUHPC_R04_192/fmohamma/Adversarial_Robust_Clip/atpt_data/delta_clip_l14_224/A/adv_images_eps_4.0_alpha_1.0_steps_100_image_only_attack_prm/n02690373_0.000051_mosque _ mosque_0.99176884.pt
2025-08-22 15:41:18,266 - ADV_Generation_eps_4.0_steps_100_image_only_attack_prm_Purification_type_noisy_anchor_anchors_10_alpha_1.2_sigma_0.18_threshold_0.0 - INFO - Batch:[24] Image: [9] Saved adversarial tensor to /leonardo_work/EUHPC_R04_192/fmohamma/Adversarial_Robust_Clip/atpt_data/delta_clip_l14_224/A/adv_images_eps_4.0_alpha_1.0_steps_100_image_only_attack_prm/n02701002_0.000030_snowplow _ snowplow_0.9640458.pt
2025-08-22 15:41:18,268 - ADV_Generation_eps_4.0_steps_100_image_only_attack_prm_Purification_type_noisy_anchor_anchors_10_alpha_1.2_sigma_0.18_threshold_0.0 - INFO - Batch:[24] Image: [10] Saved adversarial tensor to /leonardo_work/EUHPC_R04_192/fmohamma/Adversarial_Robust_Clip/atpt_data/delta_clip_l14_224/A/adv_images_eps_4.0_alpha_1.0_steps_100_image_only_attack_prm/n02701002_0.000037_cello _ cello_0.93813175.pt
2025-08-22 15:41:18,271 - ADV_Generation_eps_4.0_steps_100_image_only_attack_prm_Purification_type_noisy_anchor_anchors_10_alpha_1.2_sigma_0.18_threshold_0.0 - INFO - Batch:[24] Image: [11] Saved adversarial tensor to /leonardo_work/EUHPC_R04_192/fmohamma/Adversarial_Robust_Clip/atpt_data/delta_clip_l14_224/A/adv_images_eps_4.0_alpha_1.0_steps_100_image_only_attack_prm/n02701002_0.000259_suspension bridge _ suspension bridge_0.5854831.pt
2025-08-22 15:41:18,274 - ADV_Generation_eps_4.0_steps_100_image_only_attack_prm_Purification_type_noisy_anchor_anchors_10_alpha_1.2_sigma_0.18_threshold_0.0 - INFO - Batch:[24] Image: [12] Saved adversarial tensor to /leonardo_work/EUHPC_R04_192/fmohamma/Adversarial_Robust_Clip/atpt_data/delta_clip_l14_224/A/adv_images_eps_4.0_alpha_1.0_steps_100_image_only_attack_prm/n02701002_0.000536_snowplow _ snowplow_0.99114627.pt
2025-08-22 15:41:18,277 - ADV_Generation_eps_4.0_steps_100_image_only_attack_prm_Purification_type_noisy_anchor_anchors_10_alpha_1.2_sigma_0.18_threshold_0.0 - INFO - Batch:[24] Image: [13] Saved adversarial tensor to /leonardo_work/EUHPC_R04_192/fmohamma/Adversarial_Robust_Clip/atpt_data/delta_clip_l14_224/A/adv_images_eps_4.0_alpha_1.0_steps_100_image_only_attack_prm/n02701002_0.001299_snowplow _ snowplow_0.6657852.pt
2025-08-22 15:41:18,279 - ADV_Generation_eps_4.0_steps_100_image_only_attack_prm_Purification_type_noisy_anchor_anchors_10_alpha_1.2_sigma_0.18_threshold_0.0 - INFO - Batch:[24] Image: [14] Saved adversarial tensor to /leonardo_work/EUHPC_R04_192/fmohamma/Adversarial_Robust_Clip/atpt_data/delta_clip_l14_224/A/adv_images_eps_4.0_alpha_1.0_steps_100_image_only_attack_prm/n02730930_0.000024_bubble _ bubble_0.8211253.pt
2025-08-22 15:41:18,283 - ADV_Generation_eps_4.0_steps_100_image_only_attack_prm_Purification_type_noisy_anchor_anchors_10_alpha_1.2_sigma_0.18_threshold_0.0 - INFO - Batch:[24] Image: [15] Saved adversarial tensor to /leonardo_work/EUHPC_R04_192/fmohamma/Adversarial_Robust_Clip/atpt_data/delta_clip_l14_224/A/adv_images_eps_4.0_alpha_1.0_steps_100_image_only_attack_prm/n02730930_0.000036_maraca _ maraca_0.86066526.pt
2025-08-22 15:41:20,033 - ADV_Generation_eps_4.0_steps_100_image_only_attack_prm_Purification_type_noisy_anchor_anchors_10_alpha_1.2_sigma_0.18_threshold_0.0 - INFO - ======================== Adversarial Image Evaluation ==========================
2025-08-22 15:41:20,033 - ADV_Generation_eps_4.0_steps_100_image_only_attack_prm_Purification_type_noisy_anchor_anchors_10_alpha_1.2_sigma_0.18_threshold_0.0 - INFO - target: tensor([77, 77, 77, 77, 78, 78, 78, 78, 78, 79, 79, 79, 79, 79, 80, 80],
       device='cuda:0')
2025-08-22 15:41:20,034 - ADV_Generation_eps_4.0_steps_100_image_only_attack_prm_Purification_type_noisy_anchor_anchors_10_alpha_1.2_sigma_0.18_threshold_0.0 - INFO - adv_pred: tensor([ 77, 115, 127, 106,  78,  73,  78,  78, 132,  79,  79, 173, 155, 136,
         85, 122], device='cuda:0')
2025-08-22 15:41:20,034 - ADV_Generation_eps_4.0_steps_100_image_only_attack_prm_Purification_type_noisy_anchor_anchors_10_alpha_1.2_sigma_0.18_threshold_0.0 - INFO - adv_correct_orig: 57 = 51 + 6
2025-08-22 15:41:20,034 - ADV_Generation_eps_4.0_steps_100_image_only_attack_prm_Purification_type_noisy_anchor_anchors_10_alpha_1.2_sigma_0.18_threshold_0.0 - INFO - adv_pred_purify: tensor([161, 113, 127, 106, 192,  73,  78, 192, 132,  79, 113, 173, 155, 136,
          5, 195], device='cuda:0')
2025-08-22 15:41:20,034 - ADV_Generation_eps_4.0_steps_100_image_only_attack_prm_Purification_type_noisy_anchor_anchors_10_alpha_1.2_sigma_0.18_threshold_0.0 - INFO - adv_correct_purify: 10 = 8 + 2
2025-08-22 15:41:21,780 - ADV_Generation_eps_4.0_steps_100_image_only_attack_prm_Purification_type_noisy_anchor_anchors_10_alpha_1.2_sigma_0.18_threshold_0.0 - INFO - ======================== Clean Image Evaluation ==========================
2025-08-22 15:41:21,781 - ADV_Generation_eps_4.0_steps_100_image_only_attack_prm_Purification_type_noisy_anchor_anchors_10_alpha_1.2_sigma_0.18_threshold_0.0 - INFO - target: tensor([77, 77, 77, 77, 78, 78, 78, 78, 78, 79, 79, 79, 79, 79, 80, 80],
       device='cuda:0')
2025-08-22 15:41:21,781 - ADV_Generation_eps_4.0_steps_100_image_only_attack_prm_Purification_type_noisy_anchor_anchors_10_alpha_1.2_sigma_0.18_threshold_0.0 - INFO - clean_pred: tensor([ 77,  77, 127, 106,  78,  78,  78,  78,  78,  79,  79, 173, 155, 136,
         85,  80], device='cuda:0')
2025-08-22 15:41:21,781 - ADV_Generation_eps_4.0_steps_100_image_only_attack_prm_Purification_type_noisy_anchor_anchors_10_alpha_1.2_sigma_0.18_threshold_0.0 - INFO - clean_correct_orig: 76
2025-08-22 15:41:21,781 - ADV_Generation_eps_4.0_steps_100_image_only_attack_prm_Purification_type_noisy_anchor_anchors_10_alpha_1.2_sigma_0.18_threshold_0.0 - INFO - clean_pred_purify: tensor([161, 113, 110, 106, 192,  73,  78, 192, 132,  79, 113, 173, 155, 136,
          5, 195], device='cuda:0')
2025-08-22 15:41:21,782 - ADV_Generation_eps_4.0_steps_100_image_only_attack_prm_Purification_type_noisy_anchor_anchors_10_alpha_1.2_sigma_0.18_threshold_0.0 - INFO - clean_correct_purify: 10
2025-08-22 15:41:21,782 - ADV_Generation_eps_4.0_steps_100_image_only_attack_prm_Purification_type_noisy_anchor_anchors_10_alpha_1.2_sigma_0.18_threshold_0.0 - INFO - adv_correct_purify_clean_correct: 9
2025-08-22 15:41:21,782 - ADV_Generation_eps_4.0_steps_100_image_only_attack_prm_Purification_type_noisy_anchor_anchors_10_alpha_1.2_sigma_0.18_threshold_0.0 - INFO - adv_correct_purify_clean_incorrect: 1
2025-08-22 15:41:21,782 - ADV_Generation_eps_4.0_steps_100_image_only_attack_prm_Purification_type_noisy_anchor_anchors_10_alpha_1.2_sigma_0.18_threshold_0.0 - INFO - clean_correct_purify_clean_correct: 9
2025-08-22 15:41:21,782 - ADV_Generation_eps_4.0_steps_100_image_only_attack_prm_Purification_type_noisy_anchor_anchors_10_alpha_1.2_sigma_0.18_threshold_0.0 - INFO - clean_correct_purify_clean_incorrect: 1
2025-08-22 15:41:21,782 - ADV_Generation_eps_4.0_steps_100_image_only_attack_prm_Purification_type_noisy_anchor_anchors_10_alpha_1.2_sigma_0.18_threshold_0.0 - INFO - Batch 25/63: Clean orig accuracy 0.1900 | Clean purify accuracy 0.0250 | Adv orig accuracy: 0.1425 | Adv purify accuracy: 0.0250 | Adv purify acc on clean correct: 0.1184 | Adv purify acc on clean incorrect: 0.0031 | Clean purify acc on clean correct: 0.1184 | Clean purify acc on clean incorrect: 0.0031
2025-08-22 15:42:10,172 - ADV_Generation_eps_4.0_steps_100_image_only_attack_prm_Purification_type_noisy_anchor_anchors_10_alpha_1.2_sigma_0.18_threshold_0.0 - INFO - Generated adversarial images for the entire batch.
2025-08-22 15:42:10,175 - ADV_Generation_eps_4.0_steps_100_image_only_attack_prm_Purification_type_noisy_anchor_anchors_10_alpha_1.2_sigma_0.18_threshold_0.0 - INFO - Batch:[25] Image: [0] Saved adversarial tensor to /leonardo_work/EUHPC_R04_192/fmohamma/Adversarial_Robust_Clip/atpt_data/delta_clip_l14_224/A/adv_images_eps_4.0_alpha_1.0_steps_100_image_only_attack_prm/n02730930_0.000059_rhinoceros beetle _ rhinoceros beetle_0.7158926.pt
2025-08-22 15:42:10,177 - ADV_Generation_eps_4.0_steps_100_image_only_attack_prm_Purification_type_noisy_anchor_anchors_10_alpha_1.2_sigma_0.18_threshold_0.0 - INFO - Batch:[25] Image: [1] Saved adversarial tensor to /leonardo_work/EUHPC_R04_192/fmohamma/Adversarial_Robust_Clip/atpt_data/delta_clip_l14_224/A/adv_images_eps_4.0_alpha_1.0_steps_100_image_only_attack_prm/n02730930_0.000098_umbrella _ umbrella_0.7021047.pt
2025-08-22 15:42:10,180 - ADV_Generation_eps_4.0_steps_100_image_only_attack_prm_Purification_type_noisy_anchor_anchors_10_alpha_1.2_sigma_0.18_threshold_0.0 - INFO - Batch:[25] Image: [2] Saved adversarial tensor to /leonardo_work/EUHPC_R04_192/fmohamma/Adversarial_Robust_Clip/atpt_data/delta_clip_l14_224/A/adv_images_eps_4.0_alpha_1.0_steps_100_image_only_attack_prm/n02730930_0.000175_wheelbarrow _ wheelbarrow_0.86908513.pt
2025-08-22 15:42:10,183 - ADV_Generation_eps_4.0_steps_100_image_only_attack_prm_Purification_type_noisy_anchor_anchors_10_alpha_1.2_sigma_0.18_threshold_0.0 - INFO - Batch:[25] Image: [3] Saved adversarial tensor to /leonardo_work/EUHPC_R04_192/fmohamma/Adversarial_Robust_Clip/atpt_data/delta_clip_l14_224/A/adv_images_eps_4.0_alpha_1.0_steps_100_image_only_attack_prm/n02777292_0.000057_pelican _ castle_0.3260012.pt
2025-08-22 15:42:10,187 - ADV_Generation_eps_4.0_steps_100_image_only_attack_prm_Purification_type_noisy_anchor_anchors_10_alpha_1.2_sigma_0.18_threshold_0.0 - INFO - Batch:[25] Image: [4] Saved adversarial tensor to /leonardo_work/EUHPC_R04_192/fmohamma/Adversarial_Robust_Clip/atpt_data/delta_clip_l14_224/A/adv_images_eps_4.0_alpha_1.0_steps_100_image_only_attack_prm/n02777292_0.000524_tricycle _ tricycle_0.7619337.pt
2025-08-22 15:42:10,189 - ADV_Generation_eps_4.0_steps_100_image_only_attack_prm_Purification_type_noisy_anchor_anchors_10_alpha_1.2_sigma_0.18_threshold_0.0 - INFO - Batch:[25] Image: [5] Saved adversarial tensor to /leonardo_work/EUHPC_R04_192/fmohamma/Adversarial_Robust_Clip/atpt_data/delta_clip_l14_224/A/adv_images_eps_4.0_alpha_1.0_steps_100_image_only_attack_prm/n02777292_0.000734_obelisk _ obelisk_0.8680414.pt
2025-08-22 15:42:10,191 - ADV_Generation_eps_4.0_steps_100_image_only_attack_prm_Purification_type_noisy_anchor_anchors_10_alpha_1.2_sigma_0.18_threshold_0.0 - INFO - Batch:[25] Image: [6] Saved adversarial tensor to /leonardo_work/EUHPC_R04_192/fmohamma/Adversarial_Robust_Clip/atpt_data/delta_clip_l14_224/A/adv_images_eps_4.0_alpha_1.0_steps_100_image_only_attack_prm/n02777292_0.001085_volleyball _ volleyball_0.8189809.pt
2025-08-22 15:42:10,193 - ADV_Generation_eps_4.0_steps_100_image_only_attack_prm_Purification_type_noisy_anchor_anchors_10_alpha_1.2_sigma_0.18_threshold_0.0 - INFO - Batch:[25] Image: [7] Saved adversarial tensor to /leonardo_work/EUHPC_R04_192/fmohamma/Adversarial_Robust_Clip/atpt_data/delta_clip_l14_224/A/adv_images_eps_4.0_alpha_1.0_steps_100_image_only_attack_prm/n02777292_0.001167_baseball player _ racket_0.82850516.pt
2025-08-22 15:42:10,197 - ADV_Generation_eps_4.0_steps_100_image_only_attack_prm_Purification_type_noisy_anchor_anchors_10_alpha_1.2_sigma_0.18_threshold_0.0 - INFO - Batch:[25] Image: [8] Saved adversarial tensor to /leonardo_work/EUHPC_R04_192/fmohamma/Adversarial_Robust_Clip/atpt_data/delta_clip_l14_224/A/adv_images_eps_4.0_alpha_1.0_steps_100_image_only_attack_prm/n02782093_0.000016_fountain _ fountain_0.93934625.pt
2025-08-22 15:42:10,201 - ADV_Generation_eps_4.0_steps_100_image_only_attack_prm_Purification_type_noisy_anchor_anchors_10_alpha_1.2_sigma_0.18_threshold_0.0 - INFO - Batch:[25] Image: [9] Saved adversarial tensor to /leonardo_work/EUHPC_R04_192/fmohamma/Adversarial_Robust_Clip/atpt_data/delta_clip_l14_224/A/adv_images_eps_4.0_alpha_1.0_steps_100_image_only_attack_prm/n02782093_0.000020_garter snake _ garter snake_0.79423565.pt
2025-08-22 15:42:10,202 - ADV_Generation_eps_4.0_steps_100_image_only_attack_prm_Purification_type_noisy_anchor_anchors_10_alpha_1.2_sigma_0.18_threshold_0.0 - INFO - Batch:[25] Image: [10] Saved adversarial tensor to /leonardo_work/EUHPC_R04_192/fmohamma/Adversarial_Robust_Clip/atpt_data/delta_clip_l14_224/A/adv_images_eps_4.0_alpha_1.0_steps_100_image_only_attack_prm/n02782093_0.000031_mask _ mask_0.86396617.pt
2025-08-22 15:42:10,206 - ADV_Generation_eps_4.0_steps_100_image_only_attack_prm_Purification_type_noisy_anchor_anchors_10_alpha_1.2_sigma_0.18_threshold_0.0 - INFO - Batch:[25] Image: [11] Saved adversarial tensor to /leonardo_work/EUHPC_R04_192/fmohamma/Adversarial_Robust_Clip/atpt_data/delta_clip_l14_224/A/adv_images_eps_4.0_alpha_1.0_steps_100_image_only_attack_prm/n02782093_0.000043_mask _ mask_0.3342766.pt
2025-08-22 15:42:10,208 - ADV_Generation_eps_4.0_steps_100_image_only_attack_prm_Purification_type_noisy_anchor_anchors_10_alpha_1.2_sigma_0.18_threshold_0.0 - INFO - Batch:[25] Image: [12] Saved adversarial tensor to /leonardo_work/EUHPC_R04_192/fmohamma/Adversarial_Robust_Clip/atpt_data/delta_clip_l14_224/A/adv_images_eps_4.0_alpha_1.0_steps_100_image_only_attack_prm/n02782093_0.000044_doormat _ doormat_0.5393122.pt
2025-08-22 15:42:10,213 - ADV_Generation_eps_4.0_steps_100_image_only_attack_prm_Purification_type_noisy_anchor_anchors_10_alpha_1.2_sigma_0.18_threshold_0.0 - INFO - Batch:[25] Image: [13] Saved adversarial tensor to /leonardo_work/EUHPC_R04_192/fmohamma/Adversarial_Robust_Clip/atpt_data/delta_clip_l14_224/A/adv_images_eps_4.0_alpha_1.0_steps_100_image_only_attack_prm/n02787622_0.000744_couch _ couch_0.51193833.pt
2025-08-22 15:42:10,215 - ADV_Generation_eps_4.0_steps_100_image_only_attack_prm_Purification_type_noisy_anchor_anchors_10_alpha_1.2_sigma_0.18_threshold_0.0 - INFO - Batch:[25] Image: [14] Saved adversarial tensor to /leonardo_work/EUHPC_R04_192/fmohamma/Adversarial_Robust_Clip/atpt_data/delta_clip_l14_224/A/adv_images_eps_4.0_alpha_1.0_steps_100_image_only_attack_prm/n02787622_0.001240_torch _ torch_0.9946931.pt
2025-08-22 15:42:10,218 - ADV_Generation_eps_4.0_steps_100_image_only_attack_prm_Purification_type_noisy_anchor_anchors_10_alpha_1.2_sigma_0.18_threshold_0.0 - INFO - Batch:[25] Image: [15] Saved adversarial tensor to /leonardo_work/EUHPC_R04_192/fmohamma/Adversarial_Robust_Clip/atpt_data/delta_clip_l14_224/A/adv_images_eps_4.0_alpha_1.0_steps_100_image_only_attack_prm/n02787622_0.001691_bikini _ bikini_0.70906997.pt
2025-08-22 15:42:12,215 - ADV_Generation_eps_4.0_steps_100_image_only_attack_prm_Purification_type_noisy_anchor_anchors_10_alpha_1.2_sigma_0.18_threshold_0.0 - INFO - ======================== Adversarial Image Evaluation ==========================
2025-08-22 15:42:12,215 - ADV_Generation_eps_4.0_steps_100_image_only_attack_prm_Purification_type_noisy_anchor_anchors_10_alpha_1.2_sigma_0.18_threshold_0.0 - INFO - target: tensor([80, 80, 80, 81, 81, 81, 81, 81, 82, 82, 82, 82, 82, 83, 83, 83],
       device='cuda:0')
2025-08-22 15:42:12,216 - ADV_Generation_eps_4.0_steps_100_image_only_attack_prm_Purification_type_noisy_anchor_anchors_10_alpha_1.2_sigma_0.18_threshold_0.0 - INFO - adv_pred: tensor([ 80,  96,  80,  96,  81,  81,  81,  81, 158,  82,  82,  82,  58, 117,
        169,  89], device='cuda:0')
2025-08-22 15:42:12,216 - ADV_Generation_eps_4.0_steps_100_image_only_attack_prm_Purification_type_noisy_anchor_anchors_10_alpha_1.2_sigma_0.18_threshold_0.0 - INFO - adv_correct_orig: 66 = 57 + 9
2025-08-22 15:42:12,216 - ADV_Generation_eps_4.0_steps_100_image_only_attack_prm_Purification_type_noisy_anchor_anchors_10_alpha_1.2_sigma_0.18_threshold_0.0 - INFO - adv_pred_purify: tensor([195,   4, 195,  96, 172,  81, 174, 110,   0,  82, 187,   0,  58, 161,
        169,  68], device='cuda:0')
2025-08-22 15:42:12,216 - ADV_Generation_eps_4.0_steps_100_image_only_attack_prm_Purification_type_noisy_anchor_anchors_10_alpha_1.2_sigma_0.18_threshold_0.0 - INFO - adv_correct_purify: 12 = 10 + 2
2025-08-22 15:42:13,962 - ADV_Generation_eps_4.0_steps_100_image_only_attack_prm_Purification_type_noisy_anchor_anchors_10_alpha_1.2_sigma_0.18_threshold_0.0 - INFO - ======================== Clean Image Evaluation ==========================
2025-08-22 15:42:13,963 - ADV_Generation_eps_4.0_steps_100_image_only_attack_prm_Purification_type_noisy_anchor_anchors_10_alpha_1.2_sigma_0.18_threshold_0.0 - INFO - target: tensor([80, 80, 80, 81, 81, 81, 81, 81, 82, 82, 82, 82, 82, 83, 83, 83],
       device='cuda:0')
2025-08-22 15:42:13,963 - ADV_Generation_eps_4.0_steps_100_image_only_attack_prm_Purification_type_noisy_anchor_anchors_10_alpha_1.2_sigma_0.18_threshold_0.0 - INFO - clean_pred: tensor([ 80, 176,  80,  96,  81,  81,  81,  81,  26,  82,  82,  82,  58, 117,
        169,  89], device='cuda:0')
2025-08-22 15:42:13,963 - ADV_Generation_eps_4.0_steps_100_image_only_attack_prm_Purification_type_noisy_anchor_anchors_10_alpha_1.2_sigma_0.18_threshold_0.0 - INFO - clean_correct_orig: 85
2025-08-22 15:42:13,964 - ADV_Generation_eps_4.0_steps_100_image_only_attack_prm_Purification_type_noisy_anchor_anchors_10_alpha_1.2_sigma_0.18_threshold_0.0 - INFO - clean_pred_purify: tensor([195,  96, 195,  96,  81,  81, 174, 110,   0,  82, 187,  63,  58, 161,
        169,  68], device='cuda:0')
2025-08-22 15:42:13,964 - ADV_Generation_eps_4.0_steps_100_image_only_attack_prm_Purification_type_noisy_anchor_anchors_10_alpha_1.2_sigma_0.18_threshold_0.0 - INFO - clean_correct_purify: 13
2025-08-22 15:42:13,964 - ADV_Generation_eps_4.0_steps_100_image_only_attack_prm_Purification_type_noisy_anchor_anchors_10_alpha_1.2_sigma_0.18_threshold_0.0 - INFO - adv_correct_purify_clean_correct: 11
2025-08-22 15:42:13,964 - ADV_Generation_eps_4.0_steps_100_image_only_attack_prm_Purification_type_noisy_anchor_anchors_10_alpha_1.2_sigma_0.18_threshold_0.0 - INFO - adv_correct_purify_clean_incorrect: 1
2025-08-22 15:42:13,964 - ADV_Generation_eps_4.0_steps_100_image_only_attack_prm_Purification_type_noisy_anchor_anchors_10_alpha_1.2_sigma_0.18_threshold_0.0 - INFO - clean_correct_purify_clean_correct: 12
2025-08-22 15:42:13,964 - ADV_Generation_eps_4.0_steps_100_image_only_attack_prm_Purification_type_noisy_anchor_anchors_10_alpha_1.2_sigma_0.18_threshold_0.0 - INFO - clean_correct_purify_clean_incorrect: 1
2025-08-22 15:42:13,965 - ADV_Generation_eps_4.0_steps_100_image_only_attack_prm_Purification_type_noisy_anchor_anchors_10_alpha_1.2_sigma_0.18_threshold_0.0 - INFO - Batch 26/63: Clean orig accuracy 0.2043 | Clean purify accuracy 0.0312 | Adv orig accuracy: 0.1587 | Adv purify accuracy: 0.0288 | Adv purify acc on clean correct: 0.1294 | Adv purify acc on clean incorrect: 0.0030 | Clean purify acc on clean correct: 0.1412 | Clean purify acc on clean incorrect: 0.0030
2025-08-22 15:43:02,702 - ADV_Generation_eps_4.0_steps_100_image_only_attack_prm_Purification_type_noisy_anchor_anchors_10_alpha_1.2_sigma_0.18_threshold_0.0 - INFO - Generated adversarial images for the entire batch.
2025-08-22 15:43:02,705 - ADV_Generation_eps_4.0_steps_100_image_only_attack_prm_Purification_type_noisy_anchor_anchors_10_alpha_1.2_sigma_0.18_threshold_0.0 - INFO - Batch:[26] Image: [0] Saved adversarial tensor to /leonardo_work/EUHPC_R04_192/fmohamma/Adversarial_Robust_Clip/atpt_data/delta_clip_l14_224/A/adv_images_eps_4.0_alpha_1.0_steps_100_image_only_attack_prm/n02787622_0.002591_billiard table _ billiard table_0.38614827.pt
2025-08-22 15:43:02,709 - ADV_Generation_eps_4.0_steps_100_image_only_attack_prm_Purification_type_noisy_anchor_anchors_10_alpha_1.2_sigma_0.18_threshold_0.0 - INFO - Batch:[26] Image: [1] Saved adversarial tensor to /leonardo_work/EUHPC_R04_192/fmohamma/Adversarial_Robust_Clip/atpt_data/delta_clip_l14_224/A/adv_images_eps_4.0_alpha_1.0_steps_100_image_only_attack_prm/n02787622_0.002794_candle _ candle_0.21912919.pt
2025-08-22 15:43:02,712 - ADV_Generation_eps_4.0_steps_100_image_only_attack_prm_Purification_type_noisy_anchor_anchors_10_alpha_1.2_sigma_0.18_threshold_0.0 - INFO - Batch:[26] Image: [2] Saved adversarial tensor to /leonardo_work/EUHPC_R04_192/fmohamma/Adversarial_Robust_Clip/atpt_data/delta_clip_l14_224/A/adv_images_eps_4.0_alpha_1.0_steps_100_image_only_attack_prm/n02793495_0.000001_goblet _ goblet_0.7596791.pt
2025-08-22 15:43:02,715 - ADV_Generation_eps_4.0_steps_100_image_only_attack_prm_Purification_type_noisy_anchor_anchors_10_alpha_1.2_sigma_0.18_threshold_0.0 - INFO - Batch:[26] Image: [3] Saved adversarial tensor to /leonardo_work/EUHPC_R04_192/fmohamma/Adversarial_Robust_Clip/atpt_data/delta_clip_l14_224/A/adv_images_eps_4.0_alpha_1.0_steps_100_image_only_attack_prm/n02793495_0.000004_bikini _ bikini_0.94217074.pt
2025-08-22 15:43:02,717 - ADV_Generation_eps_4.0_steps_100_image_only_attack_prm_Purification_type_noisy_anchor_anchors_10_alpha_1.2_sigma_0.18_threshold_0.0 - INFO - Batch:[26] Image: [4] Saved adversarial tensor to /leonardo_work/EUHPC_R04_192/fmohamma/Adversarial_Robust_Clip/atpt_data/delta_clip_l14_224/A/adv_images_eps_4.0_alpha_1.0_steps_100_image_only_attack_prm/n02793495_0.000009_Rottweiler _ Rottweiler_0.92857146.pt
2025-08-22 15:43:02,720 - ADV_Generation_eps_4.0_steps_100_image_only_attack_prm_Purification_type_noisy_anchor_anchors_10_alpha_1.2_sigma_0.18_threshold_0.0 - INFO - Batch:[26] Image: [5] Saved adversarial tensor to /leonardo_work/EUHPC_R04_192/fmohamma/Adversarial_Robust_Clip/atpt_data/delta_clip_l14_224/A/adv_images_eps_4.0_alpha_1.0_steps_100_image_only_attack_prm/n02793495_0.000015_Chihuahua _ Chihuahua_0.7903378.pt
2025-08-22 15:43:02,723 - ADV_Generation_eps_4.0_steps_100_image_only_attack_prm_Purification_type_noisy_anchor_anchors_10_alpha_1.2_sigma_0.18_threshold_0.0 - INFO - Batch:[26] Image: [6] Saved adversarial tensor to /leonardo_work/EUHPC_R04_192/fmohamma/Adversarial_Robust_Clip/atpt_data/delta_clip_l14_224/A/adv_images_eps_4.0_alpha_1.0_steps_100_image_only_attack_prm/n02793495_0.000023_fountain _ fountain_0.99933165.pt
2025-08-22 15:43:02,725 - ADV_Generation_eps_4.0_steps_100_image_only_attack_prm_Purification_type_noisy_anchor_anchors_10_alpha_1.2_sigma_0.18_threshold_0.0 - INFO - Batch:[26] Image: [7] Saved adversarial tensor to /leonardo_work/EUHPC_R04_192/fmohamma/Adversarial_Robust_Clip/atpt_data/delta_clip_l14_224/A/adv_images_eps_4.0_alpha_1.0_steps_100_image_only_attack_prm/n02797295_0.000021_tricycle _ tricycle_0.9955043.pt
2025-08-22 15:43:02,728 - ADV_Generation_eps_4.0_steps_100_image_only_attack_prm_Purification_type_noisy_anchor_anchors_10_alpha_1.2_sigma_0.18_threshold_0.0 - INFO - Batch:[26] Image: [8] Saved adversarial tensor to /leonardo_work/EUHPC_R04_192/fmohamma/Adversarial_Robust_Clip/atpt_data/delta_clip_l14_224/A/adv_images_eps_4.0_alpha_1.0_steps_100_image_only_attack_prm/n02797295_0.000070_unicycle _ unicycle_0.9766226.pt
2025-08-22 15:43:02,731 - ADV_Generation_eps_4.0_steps_100_image_only_attack_prm_Purification_type_noisy_anchor_anchors_10_alpha_1.2_sigma_0.18_threshold_0.0 - INFO - Batch:[26] Image: [9] Saved adversarial tensor to /leonardo_work/EUHPC_R04_192/fmohamma/Adversarial_Robust_Clip/atpt_data/delta_clip_l14_224/A/adv_images_eps_4.0_alpha_1.0_steps_100_image_only_attack_prm/n02797295_0.000113_sulphur-crested cockatoo _ sulphur-crested cockatoo_0.9980184.pt
2025-08-22 15:43:02,733 - ADV_Generation_eps_4.0_steps_100_image_only_attack_prm_Purification_type_noisy_anchor_anchors_10_alpha_1.2_sigma_0.18_threshold_0.0 - INFO - Batch:[26] Image: [10] Saved adversarial tensor to /leonardo_work/EUHPC_R04_192/fmohamma/Adversarial_Robust_Clip/atpt_data/delta_clip_l14_224/A/adv_images_eps_4.0_alpha_1.0_steps_100_image_only_attack_prm/n02797295_0.000185_cliff _ cliff_0.70539135.pt
2025-08-22 15:43:02,736 - ADV_Generation_eps_4.0_steps_100_image_only_attack_prm_Purification_type_noisy_anchor_anchors_10_alpha_1.2_sigma_0.18_threshold_0.0 - INFO - Batch:[26] Image: [11] Saved adversarial tensor to /leonardo_work/EUHPC_R04_192/fmohamma/Adversarial_Robust_Clip/atpt_data/delta_clip_l14_224/A/adv_images_eps_4.0_alpha_1.0_steps_100_image_only_attack_prm/n02797295_0.000255_maraca _ maraca_0.79760414.pt
2025-08-22 15:43:02,738 - ADV_Generation_eps_4.0_steps_100_image_only_attack_prm_Purification_type_noisy_anchor_anchors_10_alpha_1.2_sigma_0.18_threshold_0.0 - INFO - Batch:[26] Image: [12] Saved adversarial tensor to /leonardo_work/EUHPC_R04_192/fmohamma/Adversarial_Robust_Clip/atpt_data/delta_clip_l14_224/A/adv_images_eps_4.0_alpha_1.0_steps_100_image_only_attack_prm/n02802426_0.000040_bikini _ bikini_0.9976241.pt
2025-08-22 15:43:02,741 - ADV_Generation_eps_4.0_steps_100_image_only_attack_prm_Purification_type_noisy_anchor_anchors_10_alpha_1.2_sigma_0.18_threshold_0.0 - INFO - Batch:[26] Image: [13] Saved adversarial tensor to /leonardo_work/EUHPC_R04_192/fmohamma/Adversarial_Robust_Clip/atpt_data/delta_clip_l14_224/A/adv_images_eps_4.0_alpha_1.0_steps_100_image_only_attack_prm/n02802426_0.000048_cello _ cello_0.29921687.pt
2025-08-22 15:43:02,743 - ADV_Generation_eps_4.0_steps_100_image_only_attack_prm_Purification_type_noisy_anchor_anchors_10_alpha_1.2_sigma_0.18_threshold_0.0 - INFO - Batch:[26] Image: [14] Saved adversarial tensor to /leonardo_work/EUHPC_R04_192/fmohamma/Adversarial_Robust_Clip/atpt_data/delta_clip_l14_224/A/adv_images_eps_4.0_alpha_1.0_steps_100_image_only_attack_prm/n02802426_0.000131_dumbbell _ dumbbell_0.946418.pt
2025-08-22 15:43:02,744 - ADV_Generation_eps_4.0_steps_100_image_only_attack_prm_Purification_type_noisy_anchor_anchors_10_alpha_1.2_sigma_0.18_threshold_0.0 - INFO - Batch:[26] Image: [15] Saved adversarial tensor to /leonardo_work/EUHPC_R04_192/fmohamma/Adversarial_Robust_Clip/atpt_data/delta_clip_l14_224/A/adv_images_eps_4.0_alpha_1.0_steps_100_image_only_attack_prm/n02802426_0.000152_maraca _ maraca_0.6908002.pt
2025-08-22 15:43:04,494 - ADV_Generation_eps_4.0_steps_100_image_only_attack_prm_Purification_type_noisy_anchor_anchors_10_alpha_1.2_sigma_0.18_threshold_0.0 - INFO - ======================== Adversarial Image Evaluation ==========================
2025-08-22 15:43:04,494 - ADV_Generation_eps_4.0_steps_100_image_only_attack_prm_Purification_type_noisy_anchor_anchors_10_alpha_1.2_sigma_0.18_threshold_0.0 - INFO - target: tensor([83, 83, 84, 84, 84, 84, 84, 85, 85, 85, 85, 85, 86, 86, 86, 86],
       device='cuda:0')
2025-08-22 15:43:04,495 - ADV_Generation_eps_4.0_steps_100_image_only_attack_prm_Purification_type_noisy_anchor_anchors_10_alpha_1.2_sigma_0.18_threshold_0.0 - INFO - adv_pred: tensor([161, 109, 199,  89,  84,  38,  84,  85, 172,  85,  95,  85, 174,  75,
         86,  14], device='cuda:0')
2025-08-22 15:43:04,495 - ADV_Generation_eps_4.0_steps_100_image_only_attack_prm_Purification_type_noisy_anchor_anchors_10_alpha_1.2_sigma_0.18_threshold_0.0 - INFO - adv_correct_orig: 72 = 66 + 6
2025-08-22 15:43:04,495 - ADV_Generation_eps_4.0_steps_100_image_only_attack_prm_Purification_type_noisy_anchor_anchors_10_alpha_1.2_sigma_0.18_threshold_0.0 - INFO - adv_pred_purify: tensor([ 46, 190, 195,   4, 115,  38,  14,  85, 172,  24,  95, 104, 174, 112,
         86, 167], device='cuda:0')
2025-08-22 15:43:04,495 - ADV_Generation_eps_4.0_steps_100_image_only_attack_prm_Purification_type_noisy_anchor_anchors_10_alpha_1.2_sigma_0.18_threshold_0.0 - INFO - adv_correct_purify: 14 = 12 + 2
2025-08-22 15:43:06,241 - ADV_Generation_eps_4.0_steps_100_image_only_attack_prm_Purification_type_noisy_anchor_anchors_10_alpha_1.2_sigma_0.18_threshold_0.0 - INFO - ======================== Clean Image Evaluation ==========================
2025-08-22 15:43:06,242 - ADV_Generation_eps_4.0_steps_100_image_only_attack_prm_Purification_type_noisy_anchor_anchors_10_alpha_1.2_sigma_0.18_threshold_0.0 - INFO - target: tensor([83, 83, 84, 84, 84, 84, 84, 85, 85, 85, 85, 85, 86, 86, 86, 86],
       device='cuda:0')
2025-08-22 15:43:06,242 - ADV_Generation_eps_4.0_steps_100_image_only_attack_prm_Purification_type_noisy_anchor_anchors_10_alpha_1.2_sigma_0.18_threshold_0.0 - INFO - clean_pred: tensor([161,  97, 199,  89,  84, 137,  84,  85, 172,  85,  95,  85, 174,  75,
         86,  14], device='cuda:0')
2025-08-22 15:43:06,242 - ADV_Generation_eps_4.0_steps_100_image_only_attack_prm_Purification_type_noisy_anchor_anchors_10_alpha_1.2_sigma_0.18_threshold_0.0 - INFO - clean_correct_orig: 91
2025-08-22 15:43:06,243 - ADV_Generation_eps_4.0_steps_100_image_only_attack_prm_Purification_type_noisy_anchor_anchors_10_alpha_1.2_sigma_0.18_threshold_0.0 - INFO - clean_pred_purify: tensor([ 46, 190, 195,  89, 115,  38,   0,  85, 172,  85,  95, 195, 195, 112,
         86, 167], device='cuda:0')
2025-08-22 15:43:06,243 - ADV_Generation_eps_4.0_steps_100_image_only_attack_prm_Purification_type_noisy_anchor_anchors_10_alpha_1.2_sigma_0.18_threshold_0.0 - INFO - clean_correct_purify: 16
2025-08-22 15:43:06,243 - ADV_Generation_eps_4.0_steps_100_image_only_attack_prm_Purification_type_noisy_anchor_anchors_10_alpha_1.2_sigma_0.18_threshold_0.0 - INFO - adv_correct_purify_clean_correct: 13
2025-08-22 15:43:06,243 - ADV_Generation_eps_4.0_steps_100_image_only_attack_prm_Purification_type_noisy_anchor_anchors_10_alpha_1.2_sigma_0.18_threshold_0.0 - INFO - adv_correct_purify_clean_incorrect: 1
2025-08-22 15:43:06,243 - ADV_Generation_eps_4.0_steps_100_image_only_attack_prm_Purification_type_noisy_anchor_anchors_10_alpha_1.2_sigma_0.18_threshold_0.0 - INFO - clean_correct_purify_clean_correct: 15
2025-08-22 15:43:06,243 - ADV_Generation_eps_4.0_steps_100_image_only_attack_prm_Purification_type_noisy_anchor_anchors_10_alpha_1.2_sigma_0.18_threshold_0.0 - INFO - clean_correct_purify_clean_incorrect: 1
2025-08-22 15:43:06,244 - ADV_Generation_eps_4.0_steps_100_image_only_attack_prm_Purification_type_noisy_anchor_anchors_10_alpha_1.2_sigma_0.18_threshold_0.0 - INFO - Batch 27/63: Clean orig accuracy 0.2106 | Clean purify accuracy 0.0370 | Adv orig accuracy: 0.1667 | Adv purify accuracy: 0.0324 | Adv purify acc on clean correct: 0.1429 | Adv purify acc on clean incorrect: 0.0029 | Clean purify acc on clean correct: 0.1648 | Clean purify acc on clean incorrect: 0.0029
2025-08-22 15:43:54,632 - ADV_Generation_eps_4.0_steps_100_image_only_attack_prm_Purification_type_noisy_anchor_anchors_10_alpha_1.2_sigma_0.18_threshold_0.0 - INFO - Generated adversarial images for the entire batch.
2025-08-22 15:43:54,636 - ADV_Generation_eps_4.0_steps_100_image_only_attack_prm_Purification_type_noisy_anchor_anchors_10_alpha_1.2_sigma_0.18_threshold_0.0 - INFO - Batch:[27] Image: [0] Saved adversarial tensor to /leonardo_work/EUHPC_R04_192/fmohamma/Adversarial_Robust_Clip/atpt_data/delta_clip_l14_224/A/adv_images_eps_4.0_alpha_1.0_steps_100_image_only_attack_prm/n02802426_0.000258_bubble _ bubble_0.39552242.pt
2025-08-22 15:43:54,638 - ADV_Generation_eps_4.0_steps_100_image_only_attack_prm_Purification_type_noisy_anchor_anchors_10_alpha_1.2_sigma_0.18_threshold_0.0 - INFO - Batch:[27] Image: [1] Saved adversarial tensor to /leonardo_work/EUHPC_R04_192/fmohamma/Adversarial_Robust_Clip/atpt_data/delta_clip_l14_224/A/adv_images_eps_4.0_alpha_1.0_steps_100_image_only_attack_prm/n02814860_0.000057_submarine _ submarine_0.98058885.pt
2025-08-22 15:43:54,642 - ADV_Generation_eps_4.0_steps_100_image_only_attack_prm_Purification_type_noisy_anchor_anchors_10_alpha_1.2_sigma_0.18_threshold_0.0 - INFO - Batch:[27] Image: [2] Saved adversarial tensor to /leonardo_work/EUHPC_R04_192/fmohamma/Adversarial_Robust_Clip/atpt_data/delta_clip_l14_224/A/adv_images_eps_4.0_alpha_1.0_steps_100_image_only_attack_prm/n02814860_0.000091_suspension bridge _ suspension bridge_0.99405813.pt
2025-08-22 15:43:54,645 - ADV_Generation_eps_4.0_steps_100_image_only_attack_prm_Purification_type_noisy_anchor_anchors_10_alpha_1.2_sigma_0.18_threshold_0.0 - INFO - Batch:[27] Image: [3] Saved adversarial tensor to /leonardo_work/EUHPC_R04_192/fmohamma/Adversarial_Robust_Clip/atpt_data/delta_clip_l14_224/A/adv_images_eps_4.0_alpha_1.0_steps_100_image_only_attack_prm/n02814860_0.000169_bikini _ bikini_0.919454.pt
2025-08-22 15:43:54,647 - ADV_Generation_eps_4.0_steps_100_image_only_attack_prm_Purification_type_noisy_anchor_anchors_10_alpha_1.2_sigma_0.18_threshold_0.0 - INFO - Batch:[27] Image: [4] Saved adversarial tensor to /leonardo_work/EUHPC_R04_192/fmohamma/Adversarial_Robust_Clip/atpt_data/delta_clip_l14_224/A/adv_images_eps_4.0_alpha_1.0_steps_100_image_only_attack_prm/n02814860_0.000242_fountain _ fountain_0.888332.pt
2025-08-22 15:43:54,651 - ADV_Generation_eps_4.0_steps_100_image_only_attack_prm_Purification_type_noisy_anchor_anchors_10_alpha_1.2_sigma_0.18_threshold_0.0 - INFO - Batch:[27] Image: [5] Saved adversarial tensor to /leonardo_work/EUHPC_R04_192/fmohamma/Adversarial_Robust_Clip/atpt_data/delta_clip_l14_224/A/adv_images_eps_4.0_alpha_1.0_steps_100_image_only_attack_prm/n02814860_0.000246_green iguana _ green iguana_0.37595657.pt
2025-08-22 15:43:54,653 - ADV_Generation_eps_4.0_steps_100_image_only_attack_prm_Purification_type_noisy_anchor_anchors_10_alpha_1.2_sigma_0.18_threshold_0.0 - INFO - Batch:[27] Image: [6] Saved adversarial tensor to /leonardo_work/EUHPC_R04_192/fmohamma/Adversarial_Robust_Clip/atpt_data/delta_clip_l14_224/A/adv_images_eps_4.0_alpha_1.0_steps_100_image_only_attack_prm/n02815834_0.002557_crayfish _ crayfish_0.8682036.pt
2025-08-22 15:43:54,656 - ADV_Generation_eps_4.0_steps_100_image_only_attack_prm_Purification_type_noisy_anchor_anchors_10_alpha_1.2_sigma_0.18_threshold_0.0 - INFO - Batch:[27] Image: [7] Saved adversarial tensor to /leonardo_work/EUHPC_R04_192/fmohamma/Adversarial_Robust_Clip/atpt_data/delta_clip_l14_224/A/adv_images_eps_4.0_alpha_1.0_steps_100_image_only_attack_prm/n02815834_0.002628_garbage truck _ garbage truck_0.45439765.pt
2025-08-22 15:43:54,659 - ADV_Generation_eps_4.0_steps_100_image_only_attack_prm_Purification_type_noisy_anchor_anchors_10_alpha_1.2_sigma_0.18_threshold_0.0 - INFO - Batch:[27] Image: [8] Saved adversarial tensor to /leonardo_work/EUHPC_R04_192/fmohamma/Adversarial_Robust_Clip/atpt_data/delta_clip_l14_224/A/adv_images_eps_4.0_alpha_1.0_steps_100_image_only_attack_prm/n02815834_0.003758_sewing machine _ sewing machine_0.95566505.pt
2025-08-22 15:43:54,661 - ADV_Generation_eps_4.0_steps_100_image_only_attack_prm_Purification_type_noisy_anchor_anchors_10_alpha_1.2_sigma_0.18_threshold_0.0 - INFO - Batch:[27] Image: [9] Saved adversarial tensor to /leonardo_work/EUHPC_R04_192/fmohamma/Adversarial_Robust_Clip/atpt_data/delta_clip_l14_224/A/adv_images_eps_4.0_alpha_1.0_steps_100_image_only_attack_prm/n02815834_0.004065_sewing machine _ sewing machine_0.73672706.pt
2025-08-22 15:43:54,665 - ADV_Generation_eps_4.0_steps_100_image_only_attack_prm_Purification_type_noisy_anchor_anchors_10_alpha_1.2_sigma_0.18_threshold_0.0 - INFO - Batch:[27] Image: [10] Saved adversarial tensor to /leonardo_work/EUHPC_R04_192/fmohamma/Adversarial_Robust_Clip/atpt_data/delta_clip_l14_224/A/adv_images_eps_4.0_alpha_1.0_steps_100_image_only_attack_prm/n02815834_0.005952_goblet _ goblet_0.7677617.pt
2025-08-22 15:43:54,667 - ADV_Generation_eps_4.0_steps_100_image_only_attack_prm_Purification_type_noisy_anchor_anchors_10_alpha_1.2_sigma_0.18_threshold_0.0 - INFO - Batch:[27] Image: [11] Saved adversarial tensor to /leonardo_work/EUHPC_R04_192/fmohamma/Adversarial_Robust_Clip/atpt_data/delta_clip_l14_224/A/adv_images_eps_4.0_alpha_1.0_steps_100_image_only_attack_prm/n02837789_0.000016_canoe _ canoe_0.9999479.pt
2025-08-22 15:43:54,669 - ADV_Generation_eps_4.0_steps_100_image_only_attack_prm_Purification_type_noisy_anchor_anchors_10_alpha_1.2_sigma_0.18_threshold_0.0 - INFO - Batch:[27] Image: [12] Saved adversarial tensor to /leonardo_work/EUHPC_R04_192/fmohamma/Adversarial_Robust_Clip/atpt_data/delta_clip_l14_224/A/adv_images_eps_4.0_alpha_1.0_steps_100_image_only_attack_prm/n02837789_0.000028_pomegranate _ pomegranate_0.69077826.pt
2025-08-22 15:43:54,672 - ADV_Generation_eps_4.0_steps_100_image_only_attack_prm_Purification_type_noisy_anchor_anchors_10_alpha_1.2_sigma_0.18_threshold_0.0 - INFO - Batch:[27] Image: [13] Saved adversarial tensor to /leonardo_work/EUHPC_R04_192/fmohamma/Adversarial_Robust_Clip/atpt_data/delta_clip_l14_224/A/adv_images_eps_4.0_alpha_1.0_steps_100_image_only_attack_prm/n02837789_0.000040_broom _ broom_0.99801767.pt
2025-08-22 15:43:54,674 - ADV_Generation_eps_4.0_steps_100_image_only_attack_prm_Purification_type_noisy_anchor_anchors_10_alpha_1.2_sigma_0.18_threshold_0.0 - INFO - Batch:[27] Image: [14] Saved adversarial tensor to /leonardo_work/EUHPC_R04_192/fmohamma/Adversarial_Robust_Clip/atpt_data/delta_clip_l14_224/A/adv_images_eps_4.0_alpha_1.0_steps_100_image_only_attack_prm/n02837789_0.000137_feather boa _ feather boa_0.99982893.pt
2025-08-22 15:43:54,677 - ADV_Generation_eps_4.0_steps_100_image_only_attack_prm_Purification_type_noisy_anchor_anchors_10_alpha_1.2_sigma_0.18_threshold_0.0 - INFO - Batch:[27] Image: [15] Saved adversarial tensor to /leonardo_work/EUHPC_R04_192/fmohamma/Adversarial_Robust_Clip/atpt_data/delta_clip_l14_224/A/adv_images_eps_4.0_alpha_1.0_steps_100_image_only_attack_prm/n02837789_0.000859_Christmas stocking _ Christmas stocking_0.74623924.pt
2025-08-22 15:43:56,426 - ADV_Generation_eps_4.0_steps_100_image_only_attack_prm_Purification_type_noisy_anchor_anchors_10_alpha_1.2_sigma_0.18_threshold_0.0 - INFO - ======================== Adversarial Image Evaluation ==========================
2025-08-22 15:43:56,426 - ADV_Generation_eps_4.0_steps_100_image_only_attack_prm_Purification_type_noisy_anchor_anchors_10_alpha_1.2_sigma_0.18_threshold_0.0 - INFO - target: tensor([86, 87, 87, 87, 87, 87, 88, 88, 88, 88, 88, 89, 89, 89, 89, 89],
       device='cuda:0')
2025-08-22 15:43:56,427 - ADV_Generation_eps_4.0_steps_100_image_only_attack_prm_Purification_type_noisy_anchor_anchors_10_alpha_1.2_sigma_0.18_threshold_0.0 - INFO - adv_pred: tensor([172, 178, 164, 112,  87,  87, 194,  88, 151, 168, 156,  89,  89,  89,
         89, 154], device='cuda:0')
2025-08-22 15:43:56,427 - ADV_Generation_eps_4.0_steps_100_image_only_attack_prm_Purification_type_noisy_anchor_anchors_10_alpha_1.2_sigma_0.18_threshold_0.0 - INFO - adv_correct_orig: 79 = 72 + 7
2025-08-22 15:43:56,427 - ADV_Generation_eps_4.0_steps_100_image_only_attack_prm_Purification_type_noisy_anchor_anchors_10_alpha_1.2_sigma_0.18_threshold_0.0 - INFO - adv_pred_purify: tensor([195, 193, 164, 116,  96,  87, 194, 174, 103, 103, 104,  89,  89, 172,
         12, 154], device='cuda:0')
2025-08-22 15:43:56,428 - ADV_Generation_eps_4.0_steps_100_image_only_attack_prm_Purification_type_noisy_anchor_anchors_10_alpha_1.2_sigma_0.18_threshold_0.0 - INFO - adv_correct_purify: 17 = 14 + 3
2025-08-22 15:43:58,175 - ADV_Generation_eps_4.0_steps_100_image_only_attack_prm_Purification_type_noisy_anchor_anchors_10_alpha_1.2_sigma_0.18_threshold_0.0 - INFO - ======================== Clean Image Evaluation ==========================
2025-08-22 15:43:58,175 - ADV_Generation_eps_4.0_steps_100_image_only_attack_prm_Purification_type_noisy_anchor_anchors_10_alpha_1.2_sigma_0.18_threshold_0.0 - INFO - target: tensor([86, 87, 87, 87, 87, 87, 88, 88, 88, 88, 88, 89, 89, 89, 89, 89],
       device='cuda:0')
2025-08-22 15:43:58,176 - ADV_Generation_eps_4.0_steps_100_image_only_attack_prm_Purification_type_noisy_anchor_anchors_10_alpha_1.2_sigma_0.18_threshold_0.0 - INFO - clean_pred: tensor([172, 178, 164, 112,  87,  87, 194,  88, 151, 118,  88,  89,  89, 126,
         89, 154], device='cuda:0')
2025-08-22 15:43:58,176 - ADV_Generation_eps_4.0_steps_100_image_only_attack_prm_Purification_type_noisy_anchor_anchors_10_alpha_1.2_sigma_0.18_threshold_0.0 - INFO - clean_correct_orig: 98
2025-08-22 15:43:58,176 - ADV_Generation_eps_4.0_steps_100_image_only_attack_prm_Purification_type_noisy_anchor_anchors_10_alpha_1.2_sigma_0.18_threshold_0.0 - INFO - clean_pred_purify: tensor([195, 193, 164, 116,  96,  87, 194, 174, 104, 103, 104,  89,  89,  40,
         98, 154], device='cuda:0')
2025-08-22 15:43:58,176 - ADV_Generation_eps_4.0_steps_100_image_only_attack_prm_Purification_type_noisy_anchor_anchors_10_alpha_1.2_sigma_0.18_threshold_0.0 - INFO - clean_correct_purify: 19
2025-08-22 15:43:58,176 - ADV_Generation_eps_4.0_steps_100_image_only_attack_prm_Purification_type_noisy_anchor_anchors_10_alpha_1.2_sigma_0.18_threshold_0.0 - INFO - adv_correct_purify_clean_correct: 16
2025-08-22 15:43:58,176 - ADV_Generation_eps_4.0_steps_100_image_only_attack_prm_Purification_type_noisy_anchor_anchors_10_alpha_1.2_sigma_0.18_threshold_0.0 - INFO - adv_correct_purify_clean_incorrect: 1
2025-08-22 15:43:58,176 - ADV_Generation_eps_4.0_steps_100_image_only_attack_prm_Purification_type_noisy_anchor_anchors_10_alpha_1.2_sigma_0.18_threshold_0.0 - INFO - clean_correct_purify_clean_correct: 18
2025-08-22 15:43:58,176 - ADV_Generation_eps_4.0_steps_100_image_only_attack_prm_Purification_type_noisy_anchor_anchors_10_alpha_1.2_sigma_0.18_threshold_0.0 - INFO - clean_correct_purify_clean_incorrect: 1
2025-08-22 15:43:58,177 - ADV_Generation_eps_4.0_steps_100_image_only_attack_prm_Purification_type_noisy_anchor_anchors_10_alpha_1.2_sigma_0.18_threshold_0.0 - INFO - Batch 28/63: Clean orig accuracy 0.2188 | Clean purify accuracy 0.0424 | Adv orig accuracy: 0.1763 | Adv purify accuracy: 0.0379 | Adv purify acc on clean correct: 0.1633 | Adv purify acc on clean incorrect: 0.0029 | Clean purify acc on clean correct: 0.1837 | Clean purify acc on clean incorrect: 0.0029
2025-08-22 15:44:46,525 - ADV_Generation_eps_4.0_steps_100_image_only_attack_prm_Purification_type_noisy_anchor_anchors_10_alpha_1.2_sigma_0.18_threshold_0.0 - INFO - Generated adversarial images for the entire batch.
2025-08-22 15:44:46,528 - ADV_Generation_eps_4.0_steps_100_image_only_attack_prm_Purification_type_noisy_anchor_anchors_10_alpha_1.2_sigma_0.18_threshold_0.0 - INFO - Batch:[28] Image: [0] Saved adversarial tensor to /leonardo_work/EUHPC_R04_192/fmohamma/Adversarial_Robust_Clip/atpt_data/delta_clip_l14_224/A/adv_images_eps_4.0_alpha_1.0_steps_100_image_only_attack_prm/n02879718_0.000059_shovel _ shovel_0.81680065.pt
2025-08-22 15:44:46,530 - ADV_Generation_eps_4.0_steps_100_image_only_attack_prm_Purification_type_noisy_anchor_anchors_10_alpha_1.2_sigma_0.18_threshold_0.0 - INFO - Batch:[28] Image: [1] Saved adversarial tensor to /leonardo_work/EUHPC_R04_192/fmohamma/Adversarial_Robust_Clip/atpt_data/delta_clip_l14_224/A/adv_images_eps_4.0_alpha_1.0_steps_100_image_only_attack_prm/n02879718_0.000175_snowmobile _ snowmobile_0.9389349.pt
2025-08-22 15:44:46,535 - ADV_Generation_eps_4.0_steps_100_image_only_attack_prm_Purification_type_noisy_anchor_anchors_10_alpha_1.2_sigma_0.18_threshold_0.0 - INFO - Batch:[28] Image: [2] Saved adversarial tensor to /leonardo_work/EUHPC_R04_192/fmohamma/Adversarial_Robust_Clip/atpt_data/delta_clip_l14_224/A/adv_images_eps_4.0_alpha_1.0_steps_100_image_only_attack_prm/n02879718_0.000332_shovel _ shovel_0.9637119.pt
2025-08-22 15:44:46,539 - ADV_Generation_eps_4.0_steps_100_image_only_attack_prm_Purification_type_noisy_anchor_anchors_10_alpha_1.2_sigma_0.18_threshold_0.0 - INFO - Batch:[28] Image: [3] Saved adversarial tensor to /leonardo_work/EUHPC_R04_192/fmohamma/Adversarial_Robust_Clip/atpt_data/delta_clip_l14_224/A/adv_images_eps_4.0_alpha_1.0_steps_100_image_only_attack_prm/n02879718_0.000370_canoe _ canoe_0.90392596.pt
2025-08-22 15:44:46,542 - ADV_Generation_eps_4.0_steps_100_image_only_attack_prm_Purification_type_noisy_anchor_anchors_10_alpha_1.2_sigma_0.18_threshold_0.0 - INFO - Batch:[28] Image: [4] Saved adversarial tensor to /leonardo_work/EUHPC_R04_192/fmohamma/Adversarial_Robust_Clip/atpt_data/delta_clip_l14_224/A/adv_images_eps_4.0_alpha_1.0_steps_100_image_only_attack_prm/n02879718_0.001109_volleyball _ canoe_0.6660961.pt
2025-08-22 15:44:46,544 - ADV_Generation_eps_4.0_steps_100_image_only_attack_prm_Purification_type_noisy_anchor_anchors_10_alpha_1.2_sigma_0.18_threshold_0.0 - INFO - Batch:[28] Image: [5] Saved adversarial tensor to /leonardo_work/EUHPC_R04_192/fmohamma/Adversarial_Robust_Clip/atpt_data/delta_clip_l14_224/A/adv_images_eps_4.0_alpha_1.0_steps_100_image_only_attack_prm/n02883205_0.000000_unicycle _ unicycle_0.99238116.pt
2025-08-22 15:44:46,552 - ADV_Generation_eps_4.0_steps_100_image_only_attack_prm_Purification_type_noisy_anchor_anchors_10_alpha_1.2_sigma_0.18_threshold_0.0 - INFO - Batch:[28] Image: [6] Saved adversarial tensor to /leonardo_work/EUHPC_R04_192/fmohamma/Adversarial_Robust_Clip/atpt_data/delta_clip_l14_224/A/adv_images_eps_4.0_alpha_1.0_steps_100_image_only_attack_prm/n02883205_0.000002_broom _ broom_0.999652.pt
2025-08-22 15:44:46,558 - ADV_Generation_eps_4.0_steps_100_image_only_attack_prm_Purification_type_noisy_anchor_anchors_10_alpha_1.2_sigma_0.18_threshold_0.0 - INFO - Batch:[28] Image: [7] Saved adversarial tensor to /leonardo_work/EUHPC_R04_192/fmohamma/Adversarial_Robust_Clip/atpt_data/delta_clip_l14_224/A/adv_images_eps_4.0_alpha_1.0_steps_100_image_only_attack_prm/n02883205_0.000037_saxophone _ saxophone_0.97157425.pt
2025-08-22 15:44:46,561 - ADV_Generation_eps_4.0_steps_100_image_only_attack_prm_Purification_type_noisy_anchor_anchors_10_alpha_1.2_sigma_0.18_threshold_0.0 - INFO - Batch:[28] Image: [8] Saved adversarial tensor to /leonardo_work/EUHPC_R04_192/fmohamma/Adversarial_Robust_Clip/atpt_data/delta_clip_l14_224/A/adv_images_eps_4.0_alpha_1.0_steps_100_image_only_attack_prm/n02883205_0.000076_banjo _ banjo_0.59638876.pt
2025-08-22 15:44:46,565 - ADV_Generation_eps_4.0_steps_100_image_only_attack_prm_Purification_type_noisy_anchor_anchors_10_alpha_1.2_sigma_0.18_threshold_0.0 - INFO - Batch:[28] Image: [9] Saved adversarial tensor to /leonardo_work/EUHPC_R04_192/fmohamma/Adversarial_Robust_Clip/atpt_data/delta_clip_l14_224/A/adv_images_eps_4.0_alpha_1.0_steps_100_image_only_attack_prm/n02883205_0.000165_saxophone _ saxophone_0.98820937.pt
2025-08-22 15:44:46,568 - ADV_Generation_eps_4.0_steps_100_image_only_attack_prm_Purification_type_noisy_anchor_anchors_10_alpha_1.2_sigma_0.18_threshold_0.0 - INFO - Batch:[28] Image: [10] Saved adversarial tensor to /leonardo_work/EUHPC_R04_192/fmohamma/Adversarial_Robust_Clip/atpt_data/delta_clip_l14_224/A/adv_images_eps_4.0_alpha_1.0_steps_100_image_only_attack_prm/n02895154_0.000683_mask _ mask_0.98918355.pt
2025-08-22 15:44:46,573 - ADV_Generation_eps_4.0_steps_100_image_only_attack_prm_Purification_type_noisy_anchor_anchors_10_alpha_1.2_sigma_0.18_threshold_0.0 - INFO - Batch:[28] Image: [11] Saved adversarial tensor to /leonardo_work/EUHPC_R04_192/fmohamma/Adversarial_Robust_Clip/atpt_data/delta_clip_l14_224/A/adv_images_eps_4.0_alpha_1.0_steps_100_image_only_attack_prm/n02895154_0.000786_accordion _ accordion_0.51054376.pt
2025-08-22 15:44:46,575 - ADV_Generation_eps_4.0_steps_100_image_only_attack_prm_Purification_type_noisy_anchor_anchors_10_alpha_1.2_sigma_0.18_threshold_0.0 - INFO - Batch:[28] Image: [12] Saved adversarial tensor to /leonardo_work/EUHPC_R04_192/fmohamma/Adversarial_Robust_Clip/atpt_data/delta_clip_l14_224/A/adv_images_eps_4.0_alpha_1.0_steps_100_image_only_attack_prm/n02895154_0.000866_nail _ nail_0.9588095.pt
2025-08-22 15:44:46,578 - ADV_Generation_eps_4.0_steps_100_image_only_attack_prm_Purification_type_noisy_anchor_anchors_10_alpha_1.2_sigma_0.18_threshold_0.0 - INFO - Batch:[28] Image: [13] Saved adversarial tensor to /leonardo_work/EUHPC_R04_192/fmohamma/Adversarial_Robust_Clip/atpt_data/delta_clip_l14_224/A/adv_images_eps_4.0_alpha_1.0_steps_100_image_only_attack_prm/n02895154_0.000920_bikini _ stethoscope_0.47870985.pt
2025-08-22 15:44:46,580 - ADV_Generation_eps_4.0_steps_100_image_only_attack_prm_Purification_type_noisy_anchor_anchors_10_alpha_1.2_sigma_0.18_threshold_0.0 - INFO - Batch:[28] Image: [14] Saved adversarial tensor to /leonardo_work/EUHPC_R04_192/fmohamma/Adversarial_Robust_Clip/atpt_data/delta_clip_l14_224/A/adv_images_eps_4.0_alpha_1.0_steps_100_image_only_attack_prm/n02895154_0.000931_fountain _ fountain_0.9482664.pt
2025-08-22 15:44:46,585 - ADV_Generation_eps_4.0_steps_100_image_only_attack_prm_Purification_type_noisy_anchor_anchors_10_alpha_1.2_sigma_0.18_threshold_0.0 - INFO - Batch:[28] Image: [15] Saved adversarial tensor to /leonardo_work/EUHPC_R04_192/fmohamma/Adversarial_Robust_Clip/atpt_data/delta_clip_l14_224/A/adv_images_eps_4.0_alpha_1.0_steps_100_image_only_attack_prm/n02906734_0.000009_parachute _ parachute_0.58212215.pt
2025-08-22 15:44:48,335 - ADV_Generation_eps_4.0_steps_100_image_only_attack_prm_Purification_type_noisy_anchor_anchors_10_alpha_1.2_sigma_0.18_threshold_0.0 - INFO - ======================== Adversarial Image Evaluation ==========================
2025-08-22 15:44:48,335 - ADV_Generation_eps_4.0_steps_100_image_only_attack_prm_Purification_type_noisy_anchor_anchors_10_alpha_1.2_sigma_0.18_threshold_0.0 - INFO - target: tensor([90, 90, 90, 90, 90, 91, 91, 91, 91, 91, 92, 92, 92, 92, 92, 93],
       device='cuda:0')
2025-08-22 15:44:48,335 - ADV_Generation_eps_4.0_steps_100_image_only_attack_prm_Purification_type_noisy_anchor_anchors_10_alpha_1.2_sigma_0.18_threshold_0.0 - INFO - adv_pred: tensor([ 90, 154,  90,  95,  15, 172,  91,  50,  91,  83,  92,  75,  92,  92,
         96, 155], device='cuda:0')
2025-08-22 15:44:48,336 - ADV_Generation_eps_4.0_steps_100_image_only_attack_prm_Purification_type_noisy_anchor_anchors_10_alpha_1.2_sigma_0.18_threshold_0.0 - INFO - adv_correct_orig: 86 = 79 + 7
2025-08-22 15:44:48,336 - ADV_Generation_eps_4.0_steps_100_image_only_attack_prm_Purification_type_noisy_anchor_anchors_10_alpha_1.2_sigma_0.18_threshold_0.0 - INFO - adv_pred_purify: tensor([ 81, 154, 154,  95, 195, 172,  91,  50,   4,  83,  44, 195, 131,  92,
         96, 195], device='cuda:0')
2025-08-22 15:44:48,336 - ADV_Generation_eps_4.0_steps_100_image_only_attack_prm_Purification_type_noisy_anchor_anchors_10_alpha_1.2_sigma_0.18_threshold_0.0 - INFO - adv_correct_purify: 19 = 17 + 2
2025-08-22 15:44:50,082 - ADV_Generation_eps_4.0_steps_100_image_only_attack_prm_Purification_type_noisy_anchor_anchors_10_alpha_1.2_sigma_0.18_threshold_0.0 - INFO - ======================== Clean Image Evaluation ==========================
2025-08-22 15:44:50,082 - ADV_Generation_eps_4.0_steps_100_image_only_attack_prm_Purification_type_noisy_anchor_anchors_10_alpha_1.2_sigma_0.18_threshold_0.0 - INFO - target: tensor([90, 90, 90, 90, 90, 91, 91, 91, 91, 91, 92, 92, 92, 92, 92, 93],
       device='cuda:0')
2025-08-22 15:44:50,083 - ADV_Generation_eps_4.0_steps_100_image_only_attack_prm_Purification_type_noisy_anchor_anchors_10_alpha_1.2_sigma_0.18_threshold_0.0 - INFO - clean_pred: tensor([ 90, 154,  90,  95,  90, 172,  91,  50,  91,  83,  92, 169,  92,  92,
         96, 155], device='cuda:0')
2025-08-22 15:44:50,083 - ADV_Generation_eps_4.0_steps_100_image_only_attack_prm_Purification_type_noisy_anchor_anchors_10_alpha_1.2_sigma_0.18_threshold_0.0 - INFO - clean_correct_orig: 106
2025-08-22 15:44:50,083 - ADV_Generation_eps_4.0_steps_100_image_only_attack_prm_Purification_type_noisy_anchor_anchors_10_alpha_1.2_sigma_0.18_threshold_0.0 - INFO - clean_pred_purify: tensor([ 81, 154, 154,  95, 195, 172,  91,  50,   4,  83,  44, 195, 165,  92,
         96, 155], device='cuda:0')
2025-08-22 15:44:50,083 - ADV_Generation_eps_4.0_steps_100_image_only_attack_prm_Purification_type_noisy_anchor_anchors_10_alpha_1.2_sigma_0.18_threshold_0.0 - INFO - clean_correct_purify: 21
2025-08-22 15:44:50,083 - ADV_Generation_eps_4.0_steps_100_image_only_attack_prm_Purification_type_noisy_anchor_anchors_10_alpha_1.2_sigma_0.18_threshold_0.0 - INFO - adv_correct_purify_clean_correct: 18
2025-08-22 15:44:50,083 - ADV_Generation_eps_4.0_steps_100_image_only_attack_prm_Purification_type_noisy_anchor_anchors_10_alpha_1.2_sigma_0.18_threshold_0.0 - INFO - adv_correct_purify_clean_incorrect: 1
2025-08-22 15:44:50,083 - ADV_Generation_eps_4.0_steps_100_image_only_attack_prm_Purification_type_noisy_anchor_anchors_10_alpha_1.2_sigma_0.18_threshold_0.0 - INFO - clean_correct_purify_clean_correct: 20
2025-08-22 15:44:50,083 - ADV_Generation_eps_4.0_steps_100_image_only_attack_prm_Purification_type_noisy_anchor_anchors_10_alpha_1.2_sigma_0.18_threshold_0.0 - INFO - clean_correct_purify_clean_incorrect: 1
2025-08-22 15:44:50,084 - ADV_Generation_eps_4.0_steps_100_image_only_attack_prm_Purification_type_noisy_anchor_anchors_10_alpha_1.2_sigma_0.18_threshold_0.0 - INFO - Batch 29/63: Clean orig accuracy 0.2284 | Clean purify accuracy 0.0453 | Adv orig accuracy: 0.1853 | Adv purify accuracy: 0.0409 | Adv purify acc on clean correct: 0.1698 | Adv purify acc on clean incorrect: 0.0028 | Clean purify acc on clean correct: 0.1887 | Clean purify acc on clean incorrect: 0.0028
2025-08-22 15:45:38,511 - ADV_Generation_eps_4.0_steps_100_image_only_attack_prm_Purification_type_noisy_anchor_anchors_10_alpha_1.2_sigma_0.18_threshold_0.0 - INFO - Generated adversarial images for the entire batch.
2025-08-22 15:45:38,513 - ADV_Generation_eps_4.0_steps_100_image_only_attack_prm_Purification_type_noisy_anchor_anchors_10_alpha_1.2_sigma_0.18_threshold_0.0 - INFO - Batch:[29] Image: [0] Saved adversarial tensor to /leonardo_work/EUHPC_R04_192/fmohamma/Adversarial_Robust_Clip/atpt_data/delta_clip_l14_224/A/adv_images_eps_4.0_alpha_1.0_steps_100_image_only_attack_prm/n02906734_0.000058_centipede _ centipede_0.9997588.pt
2025-08-22 15:45:38,516 - ADV_Generation_eps_4.0_steps_100_image_only_attack_prm_Purification_type_noisy_anchor_anchors_10_alpha_1.2_sigma_0.18_threshold_0.0 - INFO - Batch:[29] Image: [1] Saved adversarial tensor to /leonardo_work/EUHPC_R04_192/fmohamma/Adversarial_Robust_Clip/atpt_data/delta_clip_l14_224/A/adv_images_eps_4.0_alpha_1.0_steps_100_image_only_attack_prm/n02906734_0.000163_stethoscope _ stethoscope_0.9290994.pt
2025-08-22 15:45:38,518 - ADV_Generation_eps_4.0_steps_100_image_only_attack_prm_Purification_type_noisy_anchor_anchors_10_alpha_1.2_sigma_0.18_threshold_0.0 - INFO - Batch:[29] Image: [2] Saved adversarial tensor to /leonardo_work/EUHPC_R04_192/fmohamma/Adversarial_Robust_Clip/atpt_data/delta_clip_l14_224/A/adv_images_eps_4.0_alpha_1.0_steps_100_image_only_attack_prm/n02906734_0.000199_unicycle _ unicycle_0.98433846.pt
2025-08-22 15:45:38,519 - ADV_Generation_eps_4.0_steps_100_image_only_attack_prm_Purification_type_noisy_anchor_anchors_10_alpha_1.2_sigma_0.18_threshold_0.0 - INFO - Batch:[29] Image: [3] Saved adversarial tensor to /leonardo_work/EUHPC_R04_192/fmohamma/Adversarial_Robust_Clip/atpt_data/delta_clip_l14_224/A/adv_images_eps_4.0_alpha_1.0_steps_100_image_only_attack_prm/n02906734_0.000247_unicycle _ unicycle_0.84335774.pt
2025-08-22 15:45:38,521 - ADV_Generation_eps_4.0_steps_100_image_only_attack_prm_Purification_type_noisy_anchor_anchors_10_alpha_1.2_sigma_0.18_threshold_0.0 - INFO - Batch:[29] Image: [4] Saved adversarial tensor to /leonardo_work/EUHPC_R04_192/fmohamma/Adversarial_Robust_Clip/atpt_data/delta_clip_l14_224/A/adv_images_eps_4.0_alpha_1.0_steps_100_image_only_attack_prm/n02948072_0.000026_jack-o_-lantern _ jack-o_-lantern_0.99938095.pt
2025-08-22 15:45:38,522 - ADV_Generation_eps_4.0_steps_100_image_only_attack_prm_Purification_type_noisy_anchor_anchors_10_alpha_1.2_sigma_0.18_threshold_0.0 - INFO - Batch:[29] Image: [5] Saved adversarial tensor to /leonardo_work/EUHPC_R04_192/fmohamma/Adversarial_Robust_Clip/atpt_data/delta_clip_l14_224/A/adv_images_eps_4.0_alpha_1.0_steps_100_image_only_attack_prm/n02948072_0.000065_syringe _ syringe_0.85057527.pt
2025-08-22 15:45:38,525 - ADV_Generation_eps_4.0_steps_100_image_only_attack_prm_Purification_type_noisy_anchor_anchors_10_alpha_1.2_sigma_0.18_threshold_0.0 - INFO - Batch:[29] Image: [6] Saved adversarial tensor to /leonardo_work/EUHPC_R04_192/fmohamma/Adversarial_Robust_Clip/atpt_data/delta_clip_l14_224/A/adv_images_eps_4.0_alpha_1.0_steps_100_image_only_attack_prm/n02948072_0.000070_banjo _ banjo_0.7523558.pt
2025-08-22 15:45:38,529 - ADV_Generation_eps_4.0_steps_100_image_only_attack_prm_Purification_type_noisy_anchor_anchors_10_alpha_1.2_sigma_0.18_threshold_0.0 - INFO - Batch:[29] Image: [7] Saved adversarial tensor to /leonardo_work/EUHPC_R04_192/fmohamma/Adversarial_Robust_Clip/atpt_data/delta_clip_l14_224/A/adv_images_eps_4.0_alpha_1.0_steps_100_image_only_attack_prm/n02948072_0.000070_wine bottle _ wine bottle_0.9846362.pt
2025-08-22 15:45:38,531 - ADV_Generation_eps_4.0_steps_100_image_only_attack_prm_Purification_type_noisy_anchor_anchors_10_alpha_1.2_sigma_0.18_threshold_0.0 - INFO - Batch:[29] Image: [8] Saved adversarial tensor to /leonardo_work/EUHPC_R04_192/fmohamma/Adversarial_Robust_Clip/atpt_data/delta_clip_l14_224/A/adv_images_eps_4.0_alpha_1.0_steps_100_image_only_attack_prm/n02948072_0.000072_quill _ quill_0.95352405.pt
2025-08-22 15:45:38,535 - ADV_Generation_eps_4.0_steps_100_image_only_attack_prm_Purification_type_noisy_anchor_anchors_10_alpha_1.2_sigma_0.18_threshold_0.0 - INFO - Batch:[29] Image: [9] Saved adversarial tensor to /leonardo_work/EUHPC_R04_192/fmohamma/Adversarial_Robust_Clip/atpt_data/delta_clip_l14_224/A/adv_images_eps_4.0_alpha_1.0_steps_100_image_only_attack_prm/n02951358_0.000114_Chihuahua _ Chihuahua_0.84656113.pt
2025-08-22 15:45:38,537 - ADV_Generation_eps_4.0_steps_100_image_only_attack_prm_Purification_type_noisy_anchor_anchors_10_alpha_1.2_sigma_0.18_threshold_0.0 - INFO - Batch:[29] Image: [10] Saved adversarial tensor to /leonardo_work/EUHPC_R04_192/fmohamma/Adversarial_Robust_Clip/atpt_data/delta_clip_l14_224/A/adv_images_eps_4.0_alpha_1.0_steps_100_image_only_attack_prm/n02951358_0.000676_fountain _ fountain_0.790036.pt
2025-08-22 15:45:38,539 - ADV_Generation_eps_4.0_steps_100_image_only_attack_prm_Purification_type_noisy_anchor_anchors_10_alpha_1.2_sigma_0.18_threshold_0.0 - INFO - Batch:[29] Image: [11] Saved adversarial tensor to /leonardo_work/EUHPC_R04_192/fmohamma/Adversarial_Robust_Clip/atpt_data/delta_clip_l14_224/A/adv_images_eps_4.0_alpha_1.0_steps_100_image_only_attack_prm/n02951358_0.001659_snowmobile _ snowmobile_0.97036767.pt
2025-08-22 15:45:38,541 - ADV_Generation_eps_4.0_steps_100_image_only_attack_prm_Purification_type_noisy_anchor_anchors_10_alpha_1.2_sigma_0.18_threshold_0.0 - INFO - Batch:[29] Image: [12] Saved adversarial tensor to /leonardo_work/EUHPC_R04_192/fmohamma/Adversarial_Robust_Clip/atpt_data/delta_clip_l14_224/A/adv_images_eps_4.0_alpha_1.0_steps_100_image_only_attack_prm/n02951358_0.002200_go-kart _ go-kart_0.5938688.pt
2025-08-22 15:45:38,543 - ADV_Generation_eps_4.0_steps_100_image_only_attack_prm_Purification_type_noisy_anchor_anchors_10_alpha_1.2_sigma_0.18_threshold_0.0 - INFO - Batch:[29] Image: [13] Saved adversarial tensor to /leonardo_work/EUHPC_R04_192/fmohamma/Adversarial_Robust_Clip/atpt_data/delta_clip_l14_224/A/adv_images_eps_4.0_alpha_1.0_steps_100_image_only_attack_prm/n02951358_0.003717_shovel _ wheelbarrow_0.5948295.pt
2025-08-22 15:45:39,477 - ADV_Generation_eps_4.0_steps_100_image_only_attack_prm_Purification_type_noisy_anchor_anchors_10_alpha_1.2_sigma_0.18_threshold_0.0 - INFO - Batch:[29] Image: [14] Saved adversarial tensor to /leonardo_work/EUHPC_R04_192/fmohamma/Adversarial_Robust_Clip/atpt_data/delta_clip_l14_224/A/adv_images_eps_4.0_alpha_1.0_steps_100_image_only_attack_prm/n02980441_0.000010_dumbbell _ volleyball_0.4616829.pt
2025-08-22 15:45:39,490 - ADV_Generation_eps_4.0_steps_100_image_only_attack_prm_Purification_type_noisy_anchor_anchors_10_alpha_1.2_sigma_0.18_threshold_0.0 - INFO - Batch:[29] Image: [15] Saved adversarial tensor to /leonardo_work/EUHPC_R04_192/fmohamma/Adversarial_Robust_Clip/atpt_data/delta_clip_l14_224/A/adv_images_eps_4.0_alpha_1.0_steps_100_image_only_attack_prm/n02980441_0.000098_snowplow _ snowplow_0.9053322.pt
2025-08-22 15:45:43,243 - ADV_Generation_eps_4.0_steps_100_image_only_attack_prm_Purification_type_noisy_anchor_anchors_10_alpha_1.2_sigma_0.18_threshold_0.0 - INFO - ======================== Adversarial Image Evaluation ==========================
2025-08-22 15:45:43,356 - ADV_Generation_eps_4.0_steps_100_image_only_attack_prm_Purification_type_noisy_anchor_anchors_10_alpha_1.2_sigma_0.18_threshold_0.0 - INFO - target: tensor([93, 93, 93, 93, 94, 94, 94, 94, 94, 95, 95, 95, 95, 95, 96, 96],
       device='cuda:0')
2025-08-22 15:45:43,356 - ADV_Generation_eps_4.0_steps_100_image_only_attack_prm_Purification_type_noisy_anchor_anchors_10_alpha_1.2_sigma_0.18_threshold_0.0 - INFO - adv_pred: tensor([ 18,  93, 172,  81,  94, 106, 127,  94, 123,  95, 194, 154, 154, 155,
          4,  65], device='cuda:0')
2025-08-22 15:45:43,357 - ADV_Generation_eps_4.0_steps_100_image_only_attack_prm_Purification_type_noisy_anchor_anchors_10_alpha_1.2_sigma_0.18_threshold_0.0 - INFO - adv_correct_orig: 90 = 86 + 4
2025-08-22 15:45:43,357 - ADV_Generation_eps_4.0_steps_100_image_only_attack_prm_Purification_type_noisy_anchor_anchors_10_alpha_1.2_sigma_0.18_threshold_0.0 - INFO - adv_pred_purify: tensor([ 18,  89, 172, 195, 120, 106,  30, 104,  14,  62, 169, 154,  98, 155,
          4,  89], device='cuda:0')
2025-08-22 15:45:43,357 - ADV_Generation_eps_4.0_steps_100_image_only_attack_prm_Purification_type_noisy_anchor_anchors_10_alpha_1.2_sigma_0.18_threshold_0.0 - INFO - adv_correct_purify: 19 = 19 + 0
2025-08-22 15:45:45,132 - ADV_Generation_eps_4.0_steps_100_image_only_attack_prm_Purification_type_noisy_anchor_anchors_10_alpha_1.2_sigma_0.18_threshold_0.0 - INFO - ======================== Clean Image Evaluation ==========================
2025-08-22 15:45:45,133 - ADV_Generation_eps_4.0_steps_100_image_only_attack_prm_Purification_type_noisy_anchor_anchors_10_alpha_1.2_sigma_0.18_threshold_0.0 - INFO - target: tensor([93, 93, 93, 93, 94, 94, 94, 94, 94, 95, 95, 95, 95, 95, 96, 96],
       device='cuda:0')
2025-08-22 15:45:45,133 - ADV_Generation_eps_4.0_steps_100_image_only_attack_prm_Purification_type_noisy_anchor_anchors_10_alpha_1.2_sigma_0.18_threshold_0.0 - INFO - clean_pred: tensor([ 18,  93, 172,  81,  94, 106, 169,  94, 140,  95,  95, 154, 154,  95,
          4, 154], device='cuda:0')
2025-08-22 15:45:45,133 - ADV_Generation_eps_4.0_steps_100_image_only_attack_prm_Purification_type_noisy_anchor_anchors_10_alpha_1.2_sigma_0.18_threshold_0.0 - INFO - clean_correct_orig: 112
2025-08-22 15:45:45,133 - ADV_Generation_eps_4.0_steps_100_image_only_attack_prm_Purification_type_noisy_anchor_anchors_10_alpha_1.2_sigma_0.18_threshold_0.0 - INFO - clean_pred_purify: tensor([ 18,  89, 172, 195,  94, 106,  30, 104,  14,  62,  95, 154,  98, 155,
          4,  89], device='cuda:0')
2025-08-22 15:45:45,134 - ADV_Generation_eps_4.0_steps_100_image_only_attack_prm_Purification_type_noisy_anchor_anchors_10_alpha_1.2_sigma_0.18_threshold_0.0 - INFO - clean_correct_purify: 23
2025-08-22 15:45:45,134 - ADV_Generation_eps_4.0_steps_100_image_only_attack_prm_Purification_type_noisy_anchor_anchors_10_alpha_1.2_sigma_0.18_threshold_0.0 - INFO - adv_correct_purify_clean_correct: 18
2025-08-22 15:45:45,134 - ADV_Generation_eps_4.0_steps_100_image_only_attack_prm_Purification_type_noisy_anchor_anchors_10_alpha_1.2_sigma_0.18_threshold_0.0 - INFO - adv_correct_purify_clean_incorrect: 1
2025-08-22 15:45:45,134 - ADV_Generation_eps_4.0_steps_100_image_only_attack_prm_Purification_type_noisy_anchor_anchors_10_alpha_1.2_sigma_0.18_threshold_0.0 - INFO - clean_correct_purify_clean_correct: 22
2025-08-22 15:45:45,134 - ADV_Generation_eps_4.0_steps_100_image_only_attack_prm_Purification_type_noisy_anchor_anchors_10_alpha_1.2_sigma_0.18_threshold_0.0 - INFO - clean_correct_purify_clean_incorrect: 1
2025-08-22 15:45:45,135 - ADV_Generation_eps_4.0_steps_100_image_only_attack_prm_Purification_type_noisy_anchor_anchors_10_alpha_1.2_sigma_0.18_threshold_0.0 - INFO - Batch 30/63: Clean orig accuracy 0.2333 | Clean purify accuracy 0.0479 | Adv orig accuracy: 0.1875 | Adv purify accuracy: 0.0396 | Adv purify acc on clean correct: 0.1607 | Adv purify acc on clean incorrect: 0.0027 | Clean purify acc on clean correct: 0.1964 | Clean purify acc on clean incorrect: 0.0027
2025-08-22 15:46:34,610 - ADV_Generation_eps_4.0_steps_100_image_only_attack_prm_Purification_type_noisy_anchor_anchors_10_alpha_1.2_sigma_0.18_threshold_0.0 - INFO - Generated adversarial images for the entire batch.
2025-08-22 15:46:34,613 - ADV_Generation_eps_4.0_steps_100_image_only_attack_prm_Purification_type_noisy_anchor_anchors_10_alpha_1.2_sigma_0.18_threshold_0.0 - INFO - Batch:[30] Image: [0] Saved adversarial tensor to /leonardo_work/EUHPC_R04_192/fmohamma/Adversarial_Robust_Clip/atpt_data/delta_clip_l14_224/A/adv_images_eps_4.0_alpha_1.0_steps_100_image_only_attack_prm/n02980441_0.000157_bikini _ bubble_0.50830793.pt
2025-08-22 15:46:34,615 - ADV_Generation_eps_4.0_steps_100_image_only_attack_prm_Purification_type_noisy_anchor_anchors_10_alpha_1.2_sigma_0.18_threshold_0.0 - INFO - Batch:[30] Image: [1] Saved adversarial tensor to /leonardo_work/EUHPC_R04_192/fmohamma/Adversarial_Robust_Clip/atpt_data/delta_clip_l14_224/A/adv_images_eps_4.0_alpha_1.0_steps_100_image_only_attack_prm/n02980441_0.000460_shovel _ shovel_0.96122617.pt
2025-08-22 15:46:34,617 - ADV_Generation_eps_4.0_steps_100_image_only_attack_prm_Purification_type_noisy_anchor_anchors_10_alpha_1.2_sigma_0.18_threshold_0.0 - INFO - Batch:[30] Image: [2] Saved adversarial tensor to /leonardo_work/EUHPC_R04_192/fmohamma/Adversarial_Robust_Clip/atpt_data/delta_clip_l14_224/A/adv_images_eps_4.0_alpha_1.0_steps_100_image_only_attack_prm/n02980441_0.000539_obelisk _ obelisk_0.9962004.pt
2025-08-22 15:46:34,618 - ADV_Generation_eps_4.0_steps_100_image_only_attack_prm_Purification_type_noisy_anchor_anchors_10_alpha_1.2_sigma_0.18_threshold_0.0 - INFO - Batch:[30] Image: [3] Saved adversarial tensor to /leonardo_work/EUHPC_R04_192/fmohamma/Adversarial_Robust_Clip/atpt_data/delta_clip_l14_224/A/adv_images_eps_4.0_alpha_1.0_steps_100_image_only_attack_prm/n02992211_0.000369_breastplate _ breastplate_0.87953657.pt
2025-08-22 15:46:34,620 - ADV_Generation_eps_4.0_steps_100_image_only_attack_prm_Purification_type_noisy_anchor_anchors_10_alpha_1.2_sigma_0.18_threshold_0.0 - INFO - Batch:[30] Image: [4] Saved adversarial tensor to /leonardo_work/EUHPC_R04_192/fmohamma/Adversarial_Robust_Clip/atpt_data/delta_clip_l14_224/A/adv_images_eps_4.0_alpha_1.0_steps_100_image_only_attack_prm/n02992211_0.000377_chain _ chain_0.86248547.pt
2025-08-22 15:46:34,622 - ADV_Generation_eps_4.0_steps_100_image_only_attack_prm_Purification_type_noisy_anchor_anchors_10_alpha_1.2_sigma_0.18_threshold_0.0 - INFO - Batch:[30] Image: [5] Saved adversarial tensor to /leonardo_work/EUHPC_R04_192/fmohamma/Adversarial_Robust_Clip/atpt_data/delta_clip_l14_224/A/adv_images_eps_4.0_alpha_1.0_steps_100_image_only_attack_prm/n02992211_0.000466_racket _ racket_0.81963813.pt
2025-08-22 15:46:34,623 - ADV_Generation_eps_4.0_steps_100_image_only_attack_prm_Purification_type_noisy_anchor_anchors_10_alpha_1.2_sigma_0.18_threshold_0.0 - INFO - Batch:[30] Image: [6] Saved adversarial tensor to /leonardo_work/EUHPC_R04_192/fmohamma/Adversarial_Robust_Clip/atpt_data/delta_clip_l14_224/A/adv_images_eps_4.0_alpha_1.0_steps_100_image_only_attack_prm/n02992211_0.001208_corn _ corn_0.39916494.pt
2025-08-22 15:46:34,625 - ADV_Generation_eps_4.0_steps_100_image_only_attack_prm_Purification_type_noisy_anchor_anchors_10_alpha_1.2_sigma_0.18_threshold_0.0 - INFO - Batch:[30] Image: [7] Saved adversarial tensor to /leonardo_work/EUHPC_R04_192/fmohamma/Adversarial_Robust_Clip/atpt_data/delta_clip_l14_224/A/adv_images_eps_4.0_alpha_1.0_steps_100_image_only_attack_prm/n02992211_0.004403_organ _ organ_0.60964245.pt
2025-08-22 15:46:34,626 - ADV_Generation_eps_4.0_steps_100_image_only_attack_prm_Purification_type_noisy_anchor_anchors_10_alpha_1.2_sigma_0.18_threshold_0.0 - INFO - Batch:[30] Image: [8] Saved adversarial tensor to /leonardo_work/EUHPC_R04_192/fmohamma/Adversarial_Robust_Clip/atpt_data/delta_clip_l14_224/A/adv_images_eps_4.0_alpha_1.0_steps_100_image_only_attack_prm/n02999410_0.000000_soap dispenser _ soap dispenser_0.9996244.pt
2025-08-22 15:46:34,628 - ADV_Generation_eps_4.0_steps_100_image_only_attack_prm_Purification_type_noisy_anchor_anchors_10_alpha_1.2_sigma_0.18_threshold_0.0 - INFO - Batch:[30] Image: [9] Saved adversarial tensor to /leonardo_work/EUHPC_R04_192/fmohamma/Adversarial_Robust_Clip/atpt_data/delta_clip_l14_224/A/adv_images_eps_4.0_alpha_1.0_steps_100_image_only_attack_prm/n02999410_0.000004_quill _ quill_0.9999125.pt
2025-08-22 15:46:34,630 - ADV_Generation_eps_4.0_steps_100_image_only_attack_prm_Purification_type_noisy_anchor_anchors_10_alpha_1.2_sigma_0.18_threshold_0.0 - INFO - Batch:[30] Image: [10] Saved adversarial tensor to /leonardo_work/EUHPC_R04_192/fmohamma/Adversarial_Robust_Clip/atpt_data/delta_clip_l14_224/A/adv_images_eps_4.0_alpha_1.0_steps_100_image_only_attack_prm/n02999410_0.000019_feather boa _ feather boa_0.9637242.pt
2025-08-22 15:46:34,631 - ADV_Generation_eps_4.0_steps_100_image_only_attack_prm_Purification_type_noisy_anchor_anchors_10_alpha_1.2_sigma_0.18_threshold_0.0 - INFO - Batch:[30] Image: [11] Saved adversarial tensor to /leonardo_work/EUHPC_R04_192/fmohamma/Adversarial_Robust_Clip/atpt_data/delta_clip_l14_224/A/adv_images_eps_4.0_alpha_1.0_steps_100_image_only_attack_prm/n02999410_0.000022_basketball _ volleyball_0.5053592.pt
2025-08-22 15:46:34,634 - ADV_Generation_eps_4.0_steps_100_image_only_attack_prm_Purification_type_noisy_anchor_anchors_10_alpha_1.2_sigma_0.18_threshold_0.0 - INFO - Batch:[30] Image: [12] Saved adversarial tensor to /leonardo_work/EUHPC_R04_192/fmohamma/Adversarial_Robust_Clip/atpt_data/delta_clip_l14_224/A/adv_images_eps_4.0_alpha_1.0_steps_100_image_only_attack_prm/n02999410_0.000027_cliff _ cliff_0.9989542.pt
2025-08-22 15:46:34,635 - ADV_Generation_eps_4.0_steps_100_image_only_attack_prm_Purification_type_noisy_anchor_anchors_10_alpha_1.2_sigma_0.18_threshold_0.0 - INFO - Batch:[30] Image: [13] Saved adversarial tensor to /leonardo_work/EUHPC_R04_192/fmohamma/Adversarial_Robust_Clip/atpt_data/delta_clip_l14_224/A/adv_images_eps_4.0_alpha_1.0_steps_100_image_only_attack_prm/n03014705_0.000050_cradle _ cradle_0.9937581.pt
2025-08-22 15:46:34,637 - ADV_Generation_eps_4.0_steps_100_image_only_attack_prm_Purification_type_noisy_anchor_anchors_10_alpha_1.2_sigma_0.18_threshold_0.0 - INFO - Batch:[30] Image: [14] Saved adversarial tensor to /leonardo_work/EUHPC_R04_192/fmohamma/Adversarial_Robust_Clip/atpt_data/delta_clip_l14_224/A/adv_images_eps_4.0_alpha_1.0_steps_100_image_only_attack_prm/n03014705_0.000125_steam locomotive _ steam locomotive_0.8500015.pt
2025-08-22 15:46:34,639 - ADV_Generation_eps_4.0_steps_100_image_only_attack_prm_Purification_type_noisy_anchor_anchors_10_alpha_1.2_sigma_0.18_threshold_0.0 - INFO - Batch:[30] Image: [15] Saved adversarial tensor to /leonardo_work/EUHPC_R04_192/fmohamma/Adversarial_Robust_Clip/atpt_data/delta_clip_l14_224/A/adv_images_eps_4.0_alpha_1.0_steps_100_image_only_attack_prm/n03014705_0.000384_grand piano _ grand piano_0.78282577.pt
2025-08-22 15:46:36,388 - ADV_Generation_eps_4.0_steps_100_image_only_attack_prm_Purification_type_noisy_anchor_anchors_10_alpha_1.2_sigma_0.18_threshold_0.0 - INFO - ======================== Adversarial Image Evaluation ==========================
2025-08-22 15:46:36,388 - ADV_Generation_eps_4.0_steps_100_image_only_attack_prm_Purification_type_noisy_anchor_anchors_10_alpha_1.2_sigma_0.18_threshold_0.0 - INFO - target: tensor([96, 96, 96, 97, 97, 97, 97, 97, 98, 98, 98, 98, 98, 99, 99, 99],
       device='cuda:0')
2025-08-22 15:46:36,389 - ADV_Generation_eps_4.0_steps_100_image_only_attack_prm_Purification_type_noisy_anchor_anchors_10_alpha_1.2_sigma_0.18_threshold_0.0 - INFO - adv_pred: tensor([ 96, 176,  96,  97, 127,  97, 161, 127, 156, 140,  19,  81, 193, 102,
        154, 155], device='cuda:0')
2025-08-22 15:46:36,389 - ADV_Generation_eps_4.0_steps_100_image_only_attack_prm_Purification_type_noisy_anchor_anchors_10_alpha_1.2_sigma_0.18_threshold_0.0 - INFO - adv_correct_orig: 94 = 90 + 4
2025-08-22 15:46:36,389 - ADV_Generation_eps_4.0_steps_100_image_only_attack_prm_Purification_type_noisy_anchor_anchors_10_alpha_1.2_sigma_0.18_threshold_0.0 - INFO - adv_pred_purify: tensor([195,  46,  96,  98,  98, 195, 161, 134, 156,  98,  61, 195, 193, 161,
        115, 102], device='cuda:0')
2025-08-22 15:46:36,390 - ADV_Generation_eps_4.0_steps_100_image_only_attack_prm_Purification_type_noisy_anchor_anchors_10_alpha_1.2_sigma_0.18_threshold_0.0 - INFO - adv_correct_purify: 21 = 19 + 2
2025-08-22 15:46:38,136 - ADV_Generation_eps_4.0_steps_100_image_only_attack_prm_Purification_type_noisy_anchor_anchors_10_alpha_1.2_sigma_0.18_threshold_0.0 - INFO - ======================== Clean Image Evaluation ==========================
2025-08-22 15:46:38,136 - ADV_Generation_eps_4.0_steps_100_image_only_attack_prm_Purification_type_noisy_anchor_anchors_10_alpha_1.2_sigma_0.18_threshold_0.0 - INFO - target: tensor([96, 96, 96, 97, 97, 97, 97, 97, 98, 98, 98, 98, 98, 99, 99, 99],
       device='cuda:0')
2025-08-22 15:46:38,136 - ADV_Generation_eps_4.0_steps_100_image_only_attack_prm_Purification_type_noisy_anchor_anchors_10_alpha_1.2_sigma_0.18_threshold_0.0 - INFO - clean_pred: tensor([ 96, 176,  96,  97, 127,  97, 161, 127, 156, 140, 109,  81, 193, 102,
        154, 155], device='cuda:0')
2025-08-22 15:46:38,136 - ADV_Generation_eps_4.0_steps_100_image_only_attack_prm_Purification_type_noisy_anchor_anchors_10_alpha_1.2_sigma_0.18_threshold_0.0 - INFO - clean_correct_orig: 116
2025-08-22 15:46:38,137 - ADV_Generation_eps_4.0_steps_100_image_only_attack_prm_Purification_type_noisy_anchor_anchors_10_alpha_1.2_sigma_0.18_threshold_0.0 - INFO - clean_pred_purify: tensor([196, 164,  96,  98,  98, 195, 161, 134, 112,  98,  61, 195, 193, 161,
        115, 102], device='cuda:0')
2025-08-22 15:46:38,137 - ADV_Generation_eps_4.0_steps_100_image_only_attack_prm_Purification_type_noisy_anchor_anchors_10_alpha_1.2_sigma_0.18_threshold_0.0 - INFO - clean_correct_purify: 25
2025-08-22 15:46:38,137 - ADV_Generation_eps_4.0_steps_100_image_only_attack_prm_Purification_type_noisy_anchor_anchors_10_alpha_1.2_sigma_0.18_threshold_0.0 - INFO - adv_correct_purify_clean_correct: 19
2025-08-22 15:46:38,137 - ADV_Generation_eps_4.0_steps_100_image_only_attack_prm_Purification_type_noisy_anchor_anchors_10_alpha_1.2_sigma_0.18_threshold_0.0 - INFO - adv_correct_purify_clean_incorrect: 2
2025-08-22 15:46:38,137 - ADV_Generation_eps_4.0_steps_100_image_only_attack_prm_Purification_type_noisy_anchor_anchors_10_alpha_1.2_sigma_0.18_threshold_0.0 - INFO - clean_correct_purify_clean_correct: 23
2025-08-22 15:46:38,137 - ADV_Generation_eps_4.0_steps_100_image_only_attack_prm_Purification_type_noisy_anchor_anchors_10_alpha_1.2_sigma_0.18_threshold_0.0 - INFO - clean_correct_purify_clean_incorrect: 2
2025-08-22 15:46:38,138 - ADV_Generation_eps_4.0_steps_100_image_only_attack_prm_Purification_type_noisy_anchor_anchors_10_alpha_1.2_sigma_0.18_threshold_0.0 - INFO - Batch 31/63: Clean orig accuracy 0.2339 | Clean purify accuracy 0.0504 | Adv orig accuracy: 0.1895 | Adv purify accuracy: 0.0423 | Adv purify acc on clean correct: 0.1638 | Adv purify acc on clean incorrect: 0.0053 | Clean purify acc on clean correct: 0.1983 | Clean purify acc on clean incorrect: 0.0053
2025-08-22 15:47:26,497 - ADV_Generation_eps_4.0_steps_100_image_only_attack_prm_Purification_type_noisy_anchor_anchors_10_alpha_1.2_sigma_0.18_threshold_0.0 - INFO - Generated adversarial images for the entire batch.
2025-08-22 15:47:26,500 - ADV_Generation_eps_4.0_steps_100_image_only_attack_prm_Purification_type_noisy_anchor_anchors_10_alpha_1.2_sigma_0.18_threshold_0.0 - INFO - Batch:[31] Image: [0] Saved adversarial tensor to /leonardo_work/EUHPC_R04_192/fmohamma/Adversarial_Robust_Clip/atpt_data/delta_clip_l14_224/A/adv_images_eps_4.0_alpha_1.0_steps_100_image_only_attack_prm/n03014705_0.000444_umbrella _ umbrella_0.4948334.pt
2025-08-22 15:47:26,502 - ADV_Generation_eps_4.0_steps_100_image_only_attack_prm_Purification_type_noisy_anchor_anchors_10_alpha_1.2_sigma_0.18_threshold_0.0 - INFO - Batch:[31] Image: [1] Saved adversarial tensor to /leonardo_work/EUHPC_R04_192/fmohamma/Adversarial_Robust_Clip/atpt_data/delta_clip_l14_224/A/adv_images_eps_4.0_alpha_1.0_steps_100_image_only_attack_prm/n03014705_0.001366_envelope _ envelope_0.98797774.pt
2025-08-22 15:47:26,504 - ADV_Generation_eps_4.0_steps_100_image_only_attack_prm_Purification_type_noisy_anchor_anchors_10_alpha_1.2_sigma_0.18_threshold_0.0 - INFO - Batch:[31] Image: [2] Saved adversarial tensor to /leonardo_work/EUHPC_R04_192/fmohamma/Adversarial_Robust_Clip/atpt_data/delta_clip_l14_224/A/adv_images_eps_4.0_alpha_1.0_steps_100_image_only_attack_prm/n03026506_0.000016_bikini _ bikini_0.9713642.pt
2025-08-22 15:47:26,505 - ADV_Generation_eps_4.0_steps_100_image_only_attack_prm_Purification_type_noisy_anchor_anchors_10_alpha_1.2_sigma_0.18_threshold_0.0 - INFO - Batch:[31] Image: [3] Saved adversarial tensor to /leonardo_work/EUHPC_R04_192/fmohamma/Adversarial_Robust_Clip/atpt_data/delta_clip_l14_224/A/adv_images_eps_4.0_alpha_1.0_steps_100_image_only_attack_prm/n03026506_0.000031_maraca _ maraca_0.8796935.pt
2025-08-22 15:47:26,507 - ADV_Generation_eps_4.0_steps_100_image_only_attack_prm_Purification_type_noisy_anchor_anchors_10_alpha_1.2_sigma_0.18_threshold_0.0 - INFO - Batch:[31] Image: [4] Saved adversarial tensor to /leonardo_work/EUHPC_R04_192/fmohamma/Adversarial_Robust_Clip/atpt_data/delta_clip_l14_224/A/adv_images_eps_4.0_alpha_1.0_steps_100_image_only_attack_prm/n03026506_0.000035_hair dryer _ hair dryer_0.93875736.pt
2025-08-22 15:47:26,508 - ADV_Generation_eps_4.0_steps_100_image_only_attack_prm_Purification_type_noisy_anchor_anchors_10_alpha_1.2_sigma_0.18_threshold_0.0 - INFO - Batch:[31] Image: [5] Saved adversarial tensor to /leonardo_work/EUHPC_R04_192/fmohamma/Adversarial_Robust_Clip/atpt_data/delta_clip_l14_224/A/adv_images_eps_4.0_alpha_1.0_steps_100_image_only_attack_prm/n03026506_0.000036_envelope _ envelope_0.99732864.pt
2025-08-22 15:47:26,510 - ADV_Generation_eps_4.0_steps_100_image_only_attack_prm_Purification_type_noisy_anchor_anchors_10_alpha_1.2_sigma_0.18_threshold_0.0 - INFO - Batch:[31] Image: [6] Saved adversarial tensor to /leonardo_work/EUHPC_R04_192/fmohamma/Adversarial_Robust_Clip/atpt_data/delta_clip_l14_224/A/adv_images_eps_4.0_alpha_1.0_steps_100_image_only_attack_prm/n03026506_0.000220_teddy bear _ teddy bear_0.99695146.pt
2025-08-22 15:47:26,511 - ADV_Generation_eps_4.0_steps_100_image_only_attack_prm_Purification_type_noisy_anchor_anchors_10_alpha_1.2_sigma_0.18_threshold_0.0 - INFO - Batch:[31] Image: [7] Saved adversarial tensor to /leonardo_work/EUHPC_R04_192/fmohamma/Adversarial_Robust_Clip/atpt_data/delta_clip_l14_224/A/adv_images_eps_4.0_alpha_1.0_steps_100_image_only_attack_prm/n03124043_0.000002_umbrella _ umbrella_0.7374813.pt
2025-08-22 15:47:26,513 - ADV_Generation_eps_4.0_steps_100_image_only_attack_prm_Purification_type_noisy_anchor_anchors_10_alpha_1.2_sigma_0.18_threshold_0.0 - INFO - Batch:[31] Image: [8] Saved adversarial tensor to /leonardo_work/EUHPC_R04_192/fmohamma/Adversarial_Robust_Clip/atpt_data/delta_clip_l14_224/A/adv_images_eps_4.0_alpha_1.0_steps_100_image_only_attack_prm/n03124043_0.000003_kimono _ kimono_0.98742616.pt
2025-08-22 15:47:26,529 - ADV_Generation_eps_4.0_steps_100_image_only_attack_prm_Purification_type_noisy_anchor_anchors_10_alpha_1.2_sigma_0.18_threshold_0.0 - INFO - Batch:[31] Image: [9] Saved adversarial tensor to /leonardo_work/EUHPC_R04_192/fmohamma/Adversarial_Robust_Clip/atpt_data/delta_clip_l14_224/A/adv_images_eps_4.0_alpha_1.0_steps_100_image_only_attack_prm/n03124043_0.000015_spatula _ spatula_0.6068145.pt
2025-08-22 15:47:26,531 - ADV_Generation_eps_4.0_steps_100_image_only_attack_prm_Purification_type_noisy_anchor_anchors_10_alpha_1.2_sigma_0.18_threshold_0.0 - INFO - Batch:[31] Image: [10] Saved adversarial tensor to /leonardo_work/EUHPC_R04_192/fmohamma/Adversarial_Robust_Clip/atpt_data/delta_clip_l14_224/A/adv_images_eps_4.0_alpha_1.0_steps_100_image_only_attack_prm/n03124043_0.000016_torch _ torch_0.9957065.pt
2025-08-22 15:47:26,533 - ADV_Generation_eps_4.0_steps_100_image_only_attack_prm_Purification_type_noisy_anchor_anchors_10_alpha_1.2_sigma_0.18_threshold_0.0 - INFO - Batch:[31] Image: [11] Saved adversarial tensor to /leonardo_work/EUHPC_R04_192/fmohamma/Adversarial_Robust_Clip/atpt_data/delta_clip_l14_224/A/adv_images_eps_4.0_alpha_1.0_steps_100_image_only_attack_prm/n03124043_0.000018_bison _ parachute_0.7020429.pt
2025-08-22 15:47:26,535 - ADV_Generation_eps_4.0_steps_100_image_only_attack_prm_Purification_type_noisy_anchor_anchors_10_alpha_1.2_sigma_0.18_threshold_0.0 - INFO - Batch:[31] Image: [12] Saved adversarial tensor to /leonardo_work/EUHPC_R04_192/fmohamma/Adversarial_Robust_Clip/atpt_data/delta_clip_l14_224/A/adv_images_eps_4.0_alpha_1.0_steps_100_image_only_attack_prm/n03125729_0.000135_umbrella _ umbrella_0.8150348.pt
2025-08-22 15:47:26,536 - ADV_Generation_eps_4.0_steps_100_image_only_attack_prm_Purification_type_noisy_anchor_anchors_10_alpha_1.2_sigma_0.18_threshold_0.0 - INFO - Batch:[31] Image: [13] Saved adversarial tensor to /leonardo_work/EUHPC_R04_192/fmohamma/Adversarial_Robust_Clip/atpt_data/delta_clip_l14_224/A/adv_images_eps_4.0_alpha_1.0_steps_100_image_only_attack_prm/n03125729_0.000150_teddy bear _ teddy bear_0.97548306.pt
2025-08-22 15:47:26,538 - ADV_Generation_eps_4.0_steps_100_image_only_attack_prm_Purification_type_noisy_anchor_anchors_10_alpha_1.2_sigma_0.18_threshold_0.0 - INFO - Batch:[31] Image: [14] Saved adversarial tensor to /leonardo_work/EUHPC_R04_192/fmohamma/Adversarial_Robust_Clip/atpt_data/delta_clip_l14_224/A/adv_images_eps_4.0_alpha_1.0_steps_100_image_only_attack_prm/n03125729_0.001320_sewing machine _ sewing machine_0.8172538.pt
2025-08-22 15:47:26,539 - ADV_Generation_eps_4.0_steps_100_image_only_attack_prm_Purification_type_noisy_anchor_anchors_10_alpha_1.2_sigma_0.18_threshold_0.0 - INFO - Batch:[31] Image: [15] Saved adversarial tensor to /leonardo_work/EUHPC_R04_192/fmohamma/Adversarial_Robust_Clip/atpt_data/delta_clip_l14_224/A/adv_images_eps_4.0_alpha_1.0_steps_100_image_only_attack_prm/n03125729_0.001424_feather boa _ feather boa_0.7595034.pt
2025-08-22 15:47:28,346 - ADV_Generation_eps_4.0_steps_100_image_only_attack_prm_Purification_type_noisy_anchor_anchors_10_alpha_1.2_sigma_0.18_threshold_0.0 - INFO - ======================== Adversarial Image Evaluation ==========================
2025-08-22 15:47:28,347 - ADV_Generation_eps_4.0_steps_100_image_only_attack_prm_Purification_type_noisy_anchor_anchors_10_alpha_1.2_sigma_0.18_threshold_0.0 - INFO - target: tensor([ 99,  99, 100, 100, 100, 100, 100, 101, 101, 101, 101, 101, 102, 102,
        102, 102], device='cuda:0')
2025-08-22 15:47:28,347 - ADV_Generation_eps_4.0_steps_100_image_only_attack_prm_Purification_type_noisy_anchor_anchors_10_alpha_1.2_sigma_0.18_threshold_0.0 - INFO - adv_pred: tensor([132,  99, 100, 106,  80, 100,  31, 171, 122, 112,  82, 193, 127, 167,
        102,  92], device='cuda:0')
2025-08-22 15:47:28,347 - ADV_Generation_eps_4.0_steps_100_image_only_attack_prm_Purification_type_noisy_anchor_anchors_10_alpha_1.2_sigma_0.18_threshold_0.0 - INFO - adv_correct_orig: 98 = 94 + 4
2025-08-22 15:47:28,348 - ADV_Generation_eps_4.0_steps_100_image_only_attack_prm_Purification_type_noisy_anchor_anchors_10_alpha_1.2_sigma_0.18_threshold_0.0 - INFO - adv_pred_purify: tensor([104,  99, 100, 106,   4, 100, 167, 171, 122, 133,  82, 193,  89, 167,
        138, 122], device='cuda:0')
2025-08-22 15:47:28,348 - ADV_Generation_eps_4.0_steps_100_image_only_attack_prm_Purification_type_noisy_anchor_anchors_10_alpha_1.2_sigma_0.18_threshold_0.0 - INFO - adv_correct_purify: 24 = 21 + 3
2025-08-22 15:47:30,180 - ADV_Generation_eps_4.0_steps_100_image_only_attack_prm_Purification_type_noisy_anchor_anchors_10_alpha_1.2_sigma_0.18_threshold_0.0 - INFO - ======================== Clean Image Evaluation ==========================
2025-08-22 15:47:30,180 - ADV_Generation_eps_4.0_steps_100_image_only_attack_prm_Purification_type_noisy_anchor_anchors_10_alpha_1.2_sigma_0.18_threshold_0.0 - INFO - target: tensor([ 99,  99, 100, 100, 100, 100, 100, 101, 101, 101, 101, 101, 102, 102,
        102, 102], device='cuda:0')
2025-08-22 15:47:30,181 - ADV_Generation_eps_4.0_steps_100_image_only_attack_prm_Purification_type_noisy_anchor_anchors_10_alpha_1.2_sigma_0.18_threshold_0.0 - INFO - clean_pred: tensor([132,  99, 100, 106, 100, 100,  31, 171, 122, 112,  82, 193, 127, 167,
        102,  92], device='cuda:0')
2025-08-22 15:47:30,181 - ADV_Generation_eps_4.0_steps_100_image_only_attack_prm_Purification_type_noisy_anchor_anchors_10_alpha_1.2_sigma_0.18_threshold_0.0 - INFO - clean_correct_orig: 121
2025-08-22 15:47:30,181 - ADV_Generation_eps_4.0_steps_100_image_only_attack_prm_Purification_type_noisy_anchor_anchors_10_alpha_1.2_sigma_0.18_threshold_0.0 - INFO - clean_pred_purify: tensor([104,  99, 100, 106,   4, 100, 167, 171, 122, 133,  82, 193,  89, 167,
        138,  92], device='cuda:0')
2025-08-22 15:47:30,181 - ADV_Generation_eps_4.0_steps_100_image_only_attack_prm_Purification_type_noisy_anchor_anchors_10_alpha_1.2_sigma_0.18_threshold_0.0 - INFO - clean_correct_purify: 28
2025-08-22 15:47:30,181 - ADV_Generation_eps_4.0_steps_100_image_only_attack_prm_Purification_type_noisy_anchor_anchors_10_alpha_1.2_sigma_0.18_threshold_0.0 - INFO - adv_correct_purify_clean_correct: 22
2025-08-22 15:47:30,181 - ADV_Generation_eps_4.0_steps_100_image_only_attack_prm_Purification_type_noisy_anchor_anchors_10_alpha_1.2_sigma_0.18_threshold_0.0 - INFO - adv_correct_purify_clean_incorrect: 2
2025-08-22 15:47:30,181 - ADV_Generation_eps_4.0_steps_100_image_only_attack_prm_Purification_type_noisy_anchor_anchors_10_alpha_1.2_sigma_0.18_threshold_0.0 - INFO - clean_correct_purify_clean_correct: 26
2025-08-22 15:47:30,181 - ADV_Generation_eps_4.0_steps_100_image_only_attack_prm_Purification_type_noisy_anchor_anchors_10_alpha_1.2_sigma_0.18_threshold_0.0 - INFO - clean_correct_purify_clean_incorrect: 2
2025-08-22 15:47:30,182 - ADV_Generation_eps_4.0_steps_100_image_only_attack_prm_Purification_type_noisy_anchor_anchors_10_alpha_1.2_sigma_0.18_threshold_0.0 - INFO - Batch 32/63: Clean orig accuracy 0.2363 | Clean purify accuracy 0.0547 | Adv orig accuracy: 0.1914 | Adv purify accuracy: 0.0469 | Adv purify acc on clean correct: 0.1818 | Adv purify acc on clean incorrect: 0.0051 | Clean purify acc on clean correct: 0.2149 | Clean purify acc on clean incorrect: 0.0051
2025-08-22 15:48:18,648 - ADV_Generation_eps_4.0_steps_100_image_only_attack_prm_Purification_type_noisy_anchor_anchors_10_alpha_1.2_sigma_0.18_threshold_0.0 - INFO - Generated adversarial images for the entire batch.
2025-08-22 15:48:18,650 - ADV_Generation_eps_4.0_steps_100_image_only_attack_prm_Purification_type_noisy_anchor_anchors_10_alpha_1.2_sigma_0.18_threshold_0.0 - INFO - Batch:[32] Image: [0] Saved adversarial tensor to /leonardo_work/EUHPC_R04_192/fmohamma/Adversarial_Robust_Clip/atpt_data/delta_clip_l14_224/A/adv_images_eps_4.0_alpha_1.0_steps_100_image_only_attack_prm/n03125729_0.002942_broom _ sleeping bag_0.29219908.pt
2025-08-22 15:48:18,653 - ADV_Generation_eps_4.0_steps_100_image_only_attack_prm_Purification_type_noisy_anchor_anchors_10_alpha_1.2_sigma_0.18_threshold_0.0 - INFO - Batch:[32] Image: [1] Saved adversarial tensor to /leonardo_work/EUHPC_R04_192/fmohamma/Adversarial_Robust_Clip/atpt_data/delta_clip_l14_224/A/adv_images_eps_4.0_alpha_1.0_steps_100_image_only_attack_prm/n03187595_0.000389_stingray _ stingray_0.66648394.pt
2025-08-22 15:48:18,655 - ADV_Generation_eps_4.0_steps_100_image_only_attack_prm_Purification_type_noisy_anchor_anchors_10_alpha_1.2_sigma_0.18_threshold_0.0 - INFO - Batch:[32] Image: [2] Saved adversarial tensor to /leonardo_work/EUHPC_R04_192/fmohamma/Adversarial_Robust_Clip/atpt_data/delta_clip_l14_224/A/adv_images_eps_4.0_alpha_1.0_steps_100_image_only_attack_prm/n03187595_0.000515_Chihuahua _ Chihuahua_0.71883315.pt
2025-08-22 15:48:18,658 - ADV_Generation_eps_4.0_steps_100_image_only_attack_prm_Purification_type_noisy_anchor_anchors_10_alpha_1.2_sigma_0.18_threshold_0.0 - INFO - Batch:[32] Image: [3] Saved adversarial tensor to /leonardo_work/EUHPC_R04_192/fmohamma/Adversarial_Robust_Clip/atpt_data/delta_clip_l14_224/A/adv_images_eps_4.0_alpha_1.0_steps_100_image_only_attack_prm/n03187595_0.000568_clothes iron _ cowboy boot_0.43482724.pt
2025-08-22 15:48:18,660 - ADV_Generation_eps_4.0_steps_100_image_only_attack_prm_Purification_type_noisy_anchor_anchors_10_alpha_1.2_sigma_0.18_threshold_0.0 - INFO - Batch:[32] Image: [4] Saved adversarial tensor to /leonardo_work/EUHPC_R04_192/fmohamma/Adversarial_Robust_Clip/atpt_data/delta_clip_l14_224/A/adv_images_eps_4.0_alpha_1.0_steps_100_image_only_attack_prm/n03187595_0.000716_clothes iron _ clothes iron_0.63443017.pt
2025-08-22 15:48:18,662 - ADV_Generation_eps_4.0_steps_100_image_only_attack_prm_Purification_type_noisy_anchor_anchors_10_alpha_1.2_sigma_0.18_threshold_0.0 - INFO - Batch:[32] Image: [5] Saved adversarial tensor to /leonardo_work/EUHPC_R04_192/fmohamma/Adversarial_Robust_Clip/atpt_data/delta_clip_l14_224/A/adv_images_eps_4.0_alpha_1.0_steps_100_image_only_attack_prm/n03187595_0.000717_shovel _ shovel_0.76821464.pt
2025-08-22 15:48:18,663 - ADV_Generation_eps_4.0_steps_100_image_only_attack_prm_Purification_type_noisy_anchor_anchors_10_alpha_1.2_sigma_0.18_threshold_0.0 - INFO - Batch:[32] Image: [6] Saved adversarial tensor to /leonardo_work/EUHPC_R04_192/fmohamma/Adversarial_Robust_Clip/atpt_data/delta_clip_l14_224/A/adv_images_eps_4.0_alpha_1.0_steps_100_image_only_attack_prm/n03196217_0.002654_sandal _ sandal_0.9405512.pt
2025-08-22 15:48:18,665 - ADV_Generation_eps_4.0_steps_100_image_only_attack_prm_Purification_type_noisy_anchor_anchors_10_alpha_1.2_sigma_0.18_threshold_0.0 - INFO - Batch:[32] Image: [7] Saved adversarial tensor to /leonardo_work/EUHPC_R04_192/fmohamma/Adversarial_Robust_Clip/atpt_data/delta_clip_l14_224/A/adv_images_eps_4.0_alpha_1.0_steps_100_image_only_attack_prm/n03196217_0.003541_hair dryer _ hair dryer_0.9661275.pt
2025-08-22 15:48:18,667 - ADV_Generation_eps_4.0_steps_100_image_only_attack_prm_Purification_type_noisy_anchor_anchors_10_alpha_1.2_sigma_0.18_threshold_0.0 - INFO - Batch:[32] Image: [8] Saved adversarial tensor to /leonardo_work/EUHPC_R04_192/fmohamma/Adversarial_Robust_Clip/atpt_data/delta_clip_l14_224/A/adv_images_eps_4.0_alpha_1.0_steps_100_image_only_attack_prm/n03196217_0.004611_clothes iron _ beaker_0.8603417.pt
2025-08-22 15:48:18,668 - ADV_Generation_eps_4.0_steps_100_image_only_attack_prm_Purification_type_noisy_anchor_anchors_10_alpha_1.2_sigma_0.18_threshold_0.0 - INFO - Batch:[32] Image: [9] Saved adversarial tensor to /leonardo_work/EUHPC_R04_192/fmohamma/Adversarial_Robust_Clip/atpt_data/delta_clip_l14_224/A/adv_images_eps_4.0_alpha_1.0_steps_100_image_only_attack_prm/n03196217_0.006779_washing machine _ washing machine_0.9973199.pt
2025-08-22 15:48:18,670 - ADV_Generation_eps_4.0_steps_100_image_only_attack_prm_Purification_type_noisy_anchor_anchors_10_alpha_1.2_sigma_0.18_threshold_0.0 - INFO - Batch:[32] Image: [10] Saved adversarial tensor to /leonardo_work/EUHPC_R04_192/fmohamma/Adversarial_Robust_Clip/atpt_data/delta_clip_l14_224/A/adv_images_eps_4.0_alpha_1.0_steps_100_image_only_attack_prm/n03196217_0.008146_hockey puck _ hockey puck_0.48364818.pt
2025-08-22 15:48:18,672 - ADV_Generation_eps_4.0_steps_100_image_only_attack_prm_Purification_type_noisy_anchor_anchors_10_alpha_1.2_sigma_0.18_threshold_0.0 - INFO - Batch:[32] Image: [11] Saved adversarial tensor to /leonardo_work/EUHPC_R04_192/fmohamma/Adversarial_Robust_Clip/atpt_data/delta_clip_l14_224/A/adv_images_eps_4.0_alpha_1.0_steps_100_image_only_attack_prm/n03223299_0.000018_newt _ newt_0.7851645.pt
2025-08-22 15:48:18,674 - ADV_Generation_eps_4.0_steps_100_image_only_attack_prm_Purification_type_noisy_anchor_anchors_10_alpha_1.2_sigma_0.18_threshold_0.0 - INFO - Batch:[32] Image: [12] Saved adversarial tensor to /leonardo_work/EUHPC_R04_192/fmohamma/Adversarial_Robust_Clip/atpt_data/delta_clip_l14_224/A/adv_images_eps_4.0_alpha_1.0_steps_100_image_only_attack_prm/n03223299_0.000119_sandal _ sandal_0.8695892.pt
2025-08-22 15:48:18,676 - ADV_Generation_eps_4.0_steps_100_image_only_attack_prm_Purification_type_noisy_anchor_anchors_10_alpha_1.2_sigma_0.18_threshold_0.0 - INFO - Batch:[32] Image: [13] Saved adversarial tensor to /leonardo_work/EUHPC_R04_192/fmohamma/Adversarial_Robust_Clip/atpt_data/delta_clip_l14_224/A/adv_images_eps_4.0_alpha_1.0_steps_100_image_only_attack_prm/n03223299_0.000138_vulture _ vulture_0.9424591.pt
2025-08-22 15:48:18,677 - ADV_Generation_eps_4.0_steps_100_image_only_attack_prm_Purification_type_noisy_anchor_anchors_10_alpha_1.2_sigma_0.18_threshold_0.0 - INFO - Batch:[32] Image: [14] Saved adversarial tensor to /leonardo_work/EUHPC_R04_192/fmohamma/Adversarial_Robust_Clip/atpt_data/delta_clip_l14_224/A/adv_images_eps_4.0_alpha_1.0_steps_100_image_only_attack_prm/n03223299_0.000171_shipwreck _ shipwreck_0.8980139.pt
2025-08-22 15:48:18,679 - ADV_Generation_eps_4.0_steps_100_image_only_attack_prm_Purification_type_noisy_anchor_anchors_10_alpha_1.2_sigma_0.18_threshold_0.0 - INFO - Batch:[32] Image: [15] Saved adversarial tensor to /leonardo_work/EUHPC_R04_192/fmohamma/Adversarial_Robust_Clip/atpt_data/delta_clip_l14_224/A/adv_images_eps_4.0_alpha_1.0_steps_100_image_only_attack_prm/n03223299_0.000254_sandal _ sandal_0.98599154.pt
2025-08-22 15:48:20,429 - ADV_Generation_eps_4.0_steps_100_image_only_attack_prm_Purification_type_noisy_anchor_anchors_10_alpha_1.2_sigma_0.18_threshold_0.0 - INFO - ======================== Adversarial Image Evaluation ==========================
2025-08-22 15:48:20,429 - ADV_Generation_eps_4.0_steps_100_image_only_attack_prm_Purification_type_noisy_anchor_anchors_10_alpha_1.2_sigma_0.18_threshold_0.0 - INFO - target: tensor([102, 103, 103, 103, 103, 103, 104, 104, 104, 104, 104, 105, 105, 105,
        105, 105], device='cuda:0')
2025-08-22 15:48:20,429 - ADV_Generation_eps_4.0_steps_100_image_only_attack_prm_Purification_type_noisy_anchor_anchors_10_alpha_1.2_sigma_0.18_threshold_0.0 - INFO - adv_pred: tensor([ 84, 178, 144,  99, 175,  84,  98, 118,  88, 104, 104, 199, 101,   9,
        178,   2], device='cuda:0')
2025-08-22 15:48:20,430 - ADV_Generation_eps_4.0_steps_100_image_only_attack_prm_Purification_type_noisy_anchor_anchors_10_alpha_1.2_sigma_0.18_threshold_0.0 - INFO - adv_correct_orig: 100 = 98 + 2
2025-08-22 15:48:20,430 - ADV_Generation_eps_4.0_steps_100_image_only_attack_prm_Purification_type_noisy_anchor_anchors_10_alpha_1.2_sigma_0.18_threshold_0.0 - INFO - adv_pred_purify: tensor([113,  14, 144,  99, 144,  84,  98, 118,  88, 180, 115, 199, 101, 190,
         95,  78], device='cuda:0')
2025-08-22 15:48:20,430 - ADV_Generation_eps_4.0_steps_100_image_only_attack_prm_Purification_type_noisy_anchor_anchors_10_alpha_1.2_sigma_0.18_threshold_0.0 - INFO - adv_correct_purify: 24 = 24 + 0
2025-08-22 15:48:22,176 - ADV_Generation_eps_4.0_steps_100_image_only_attack_prm_Purification_type_noisy_anchor_anchors_10_alpha_1.2_sigma_0.18_threshold_0.0 - INFO - ======================== Clean Image Evaluation ==========================
2025-08-22 15:48:22,177 - ADV_Generation_eps_4.0_steps_100_image_only_attack_prm_Purification_type_noisy_anchor_anchors_10_alpha_1.2_sigma_0.18_threshold_0.0 - INFO - target: tensor([102, 103, 103, 103, 103, 103, 104, 104, 104, 104, 104, 105, 105, 105,
        105, 105], device='cuda:0')
2025-08-22 15:48:22,177 - ADV_Generation_eps_4.0_steps_100_image_only_attack_prm_Purification_type_noisy_anchor_anchors_10_alpha_1.2_sigma_0.18_threshold_0.0 - INFO - clean_pred: tensor([ 84, 153,  75,  99, 103,  84, 104, 118,  88, 104, 104, 199, 101,   9,
        178,   2], device='cuda:0')
2025-08-22 15:48:22,177 - ADV_Generation_eps_4.0_steps_100_image_only_attack_prm_Purification_type_noisy_anchor_anchors_10_alpha_1.2_sigma_0.18_threshold_0.0 - INFO - clean_correct_orig: 125
2025-08-22 15:48:22,177 - ADV_Generation_eps_4.0_steps_100_image_only_attack_prm_Purification_type_noisy_anchor_anchors_10_alpha_1.2_sigma_0.18_threshold_0.0 - INFO - clean_pred_purify: tensor([104,  14, 144,  99, 144,  84,  98, 118,  88, 180, 115, 199, 101, 190,
         95, 147], device='cuda:0')
2025-08-22 15:48:22,177 - ADV_Generation_eps_4.0_steps_100_image_only_attack_prm_Purification_type_noisy_anchor_anchors_10_alpha_1.2_sigma_0.18_threshold_0.0 - INFO - clean_correct_purify: 28
2025-08-22 15:48:22,177 - ADV_Generation_eps_4.0_steps_100_image_only_attack_prm_Purification_type_noisy_anchor_anchors_10_alpha_1.2_sigma_0.18_threshold_0.0 - INFO - adv_correct_purify_clean_correct: 22
2025-08-22 15:48:22,177 - ADV_Generation_eps_4.0_steps_100_image_only_attack_prm_Purification_type_noisy_anchor_anchors_10_alpha_1.2_sigma_0.18_threshold_0.0 - INFO - adv_correct_purify_clean_incorrect: 2
2025-08-22 15:48:22,178 - ADV_Generation_eps_4.0_steps_100_image_only_attack_prm_Purification_type_noisy_anchor_anchors_10_alpha_1.2_sigma_0.18_threshold_0.0 - INFO - clean_correct_purify_clean_correct: 26
2025-08-22 15:48:22,178 - ADV_Generation_eps_4.0_steps_100_image_only_attack_prm_Purification_type_noisy_anchor_anchors_10_alpha_1.2_sigma_0.18_threshold_0.0 - INFO - clean_correct_purify_clean_incorrect: 2
2025-08-22 15:48:22,178 - ADV_Generation_eps_4.0_steps_100_image_only_attack_prm_Purification_type_noisy_anchor_anchors_10_alpha_1.2_sigma_0.18_threshold_0.0 - INFO - Batch 33/63: Clean orig accuracy 0.2367 | Clean purify accuracy 0.0530 | Adv orig accuracy: 0.1894 | Adv purify accuracy: 0.0455 | Adv purify acc on clean correct: 0.1760 | Adv purify acc on clean incorrect: 0.0050 | Clean purify acc on clean correct: 0.2080 | Clean purify acc on clean incorrect: 0.0050
2025-08-22 15:49:10,589 - ADV_Generation_eps_4.0_steps_100_image_only_attack_prm_Purification_type_noisy_anchor_anchors_10_alpha_1.2_sigma_0.18_threshold_0.0 - INFO - Generated adversarial images for the entire batch.
2025-08-22 15:49:10,592 - ADV_Generation_eps_4.0_steps_100_image_only_attack_prm_Purification_type_noisy_anchor_anchors_10_alpha_1.2_sigma_0.18_threshold_0.0 - INFO - Batch:[33] Image: [0] Saved adversarial tensor to /leonardo_work/EUHPC_R04_192/fmohamma/Adversarial_Robust_Clip/atpt_data/delta_clip_l14_224/A/adv_images_eps_4.0_alpha_1.0_steps_100_image_only_attack_prm/n03250847_0.000301_washing machine _ washing machine_0.9373293.pt
2025-08-22 15:49:10,594 - ADV_Generation_eps_4.0_steps_100_image_only_attack_prm_Purification_type_noisy_anchor_anchors_10_alpha_1.2_sigma_0.18_threshold_0.0 - INFO - Batch:[33] Image: [1] Saved adversarial tensor to /leonardo_work/EUHPC_R04_192/fmohamma/Adversarial_Robust_Clip/atpt_data/delta_clip_l14_224/A/adv_images_eps_4.0_alpha_1.0_steps_100_image_only_attack_prm/n03250847_0.000568_cowboy boot _ cowboy boot_0.60297906.pt
2025-08-22 15:49:10,596 - ADV_Generation_eps_4.0_steps_100_image_only_attack_prm_Purification_type_noisy_anchor_anchors_10_alpha_1.2_sigma_0.18_threshold_0.0 - INFO - Batch:[33] Image: [2] Saved adversarial tensor to /leonardo_work/EUHPC_R04_192/fmohamma/Adversarial_Robust_Clip/atpt_data/delta_clip_l14_224/A/adv_images_eps_4.0_alpha_1.0_steps_100_image_only_attack_prm/n03250847_0.000617_banjo _ banjo_0.99837816.pt
2025-08-22 15:49:10,598 - ADV_Generation_eps_4.0_steps_100_image_only_attack_prm_Purification_type_noisy_anchor_anchors_10_alpha_1.2_sigma_0.18_threshold_0.0 - INFO - Batch:[33] Image: [3] Saved adversarial tensor to /leonardo_work/EUHPC_R04_192/fmohamma/Adversarial_Robust_Clip/atpt_data/delta_clip_l14_224/A/adv_images_eps_4.0_alpha_1.0_steps_100_image_only_attack_prm/n03250847_0.001297_unicycle _ unicycle_0.6557828.pt
2025-08-22 15:49:10,600 - ADV_Generation_eps_4.0_steps_100_image_only_attack_prm_Purification_type_noisy_anchor_anchors_10_alpha_1.2_sigma_0.18_threshold_0.0 - INFO - Batch:[33] Image: [4] Saved adversarial tensor to /leonardo_work/EUHPC_R04_192/fmohamma/Adversarial_Robust_Clip/atpt_data/delta_clip_l14_224/A/adv_images_eps_4.0_alpha_1.0_steps_100_image_only_attack_prm/n03250847_0.004698_cowboy boot _ cowboy boot_0.762728.pt
2025-08-22 15:49:10,601 - ADV_Generation_eps_4.0_steps_100_image_only_attack_prm_Purification_type_noisy_anchor_anchors_10_alpha_1.2_sigma_0.18_threshold_0.0 - INFO - Batch:[33] Image: [5] Saved adversarial tensor to /leonardo_work/EUHPC_R04_192/fmohamma/Adversarial_Robust_Clip/atpt_data/delta_clip_l14_224/A/adv_images_eps_4.0_alpha_1.0_steps_100_image_only_attack_prm/n03255030_0.000056_soap dispenser _ soap dispenser_0.8301334.pt
2025-08-22 15:49:10,603 - ADV_Generation_eps_4.0_steps_100_image_only_attack_prm_Purification_type_noisy_anchor_anchors_10_alpha_1.2_sigma_0.18_threshold_0.0 - INFO - Batch:[33] Image: [6] Saved adversarial tensor to /leonardo_work/EUHPC_R04_192/fmohamma/Adversarial_Robust_Clip/atpt_data/delta_clip_l14_224/A/adv_images_eps_4.0_alpha_1.0_steps_100_image_only_attack_prm/n03255030_0.000127_bikini _ bikini_0.9994289.pt
2025-08-22 15:49:10,604 - ADV_Generation_eps_4.0_steps_100_image_only_attack_prm_Purification_type_noisy_anchor_anchors_10_alpha_1.2_sigma_0.18_threshold_0.0 - INFO - Batch:[33] Image: [7] Saved adversarial tensor to /leonardo_work/EUHPC_R04_192/fmohamma/Adversarial_Robust_Clip/atpt_data/delta_clip_l14_224/A/adv_images_eps_4.0_alpha_1.0_steps_100_image_only_attack_prm/n03255030_0.000185_bikini _ bikini_0.99889.pt
2025-08-22 15:49:10,606 - ADV_Generation_eps_4.0_steps_100_image_only_attack_prm_Purification_type_noisy_anchor_anchors_10_alpha_1.2_sigma_0.18_threshold_0.0 - INFO - Batch:[33] Image: [8] Saved adversarial tensor to /leonardo_work/EUHPC_R04_192/fmohamma/Adversarial_Robust_Clip/atpt_data/delta_clip_l14_224/A/adv_images_eps_4.0_alpha_1.0_steps_100_image_only_attack_prm/n03255030_0.000279_syringe _ syringe_0.9946854.pt
2025-08-22 15:49:10,607 - ADV_Generation_eps_4.0_steps_100_image_only_attack_prm_Purification_type_noisy_anchor_anchors_10_alpha_1.2_sigma_0.18_threshold_0.0 - INFO - Batch:[33] Image: [9] Saved adversarial tensor to /leonardo_work/EUHPC_R04_192/fmohamma/Adversarial_Robust_Clip/atpt_data/delta_clip_l14_224/A/adv_images_eps_4.0_alpha_1.0_steps_100_image_only_attack_prm/n03255030_0.000338_balance beam _ balance beam_0.49451214.pt
2025-08-22 15:49:10,611 - ADV_Generation_eps_4.0_steps_100_image_only_attack_prm_Purification_type_noisy_anchor_anchors_10_alpha_1.2_sigma_0.18_threshold_0.0 - INFO - Batch:[33] Image: [10] Saved adversarial tensor to /leonardo_work/EUHPC_R04_192/fmohamma/Adversarial_Robust_Clip/atpt_data/delta_clip_l14_224/A/adv_images_eps_4.0_alpha_1.0_steps_100_image_only_attack_prm/n03291819_0.000010_balance beam _ balance beam_0.4106999.pt
2025-08-22 15:49:10,612 - ADV_Generation_eps_4.0_steps_100_image_only_attack_prm_Purification_type_noisy_anchor_anchors_10_alpha_1.2_sigma_0.18_threshold_0.0 - INFO - Batch:[33] Image: [11] Saved adversarial tensor to /leonardo_work/EUHPC_R04_192/fmohamma/Adversarial_Robust_Clip/atpt_data/delta_clip_l14_224/A/adv_images_eps_4.0_alpha_1.0_steps_100_image_only_attack_prm/n03291819_0.000015_breastplate _ breastplate_0.7994288.pt
2025-08-22 15:49:10,614 - ADV_Generation_eps_4.0_steps_100_image_only_attack_prm_Purification_type_noisy_anchor_anchors_10_alpha_1.2_sigma_0.18_threshold_0.0 - INFO - Batch:[33] Image: [12] Saved adversarial tensor to /leonardo_work/EUHPC_R04_192/fmohamma/Adversarial_Robust_Clip/atpt_data/delta_clip_l14_224/A/adv_images_eps_4.0_alpha_1.0_steps_100_image_only_attack_prm/n03291819_0.000017_limousine _ flagpole_0.67759657.pt
2025-08-22 15:49:10,616 - ADV_Generation_eps_4.0_steps_100_image_only_attack_prm_Purification_type_noisy_anchor_anchors_10_alpha_1.2_sigma_0.18_threshold_0.0 - INFO - Batch:[33] Image: [13] Saved adversarial tensor to /leonardo_work/EUHPC_R04_192/fmohamma/Adversarial_Robust_Clip/atpt_data/delta_clip_l14_224/A/adv_images_eps_4.0_alpha_1.0_steps_100_image_only_attack_prm/n03291819_0.000024_quill _ marimba_0.62516946.pt
2025-08-22 15:49:10,618 - ADV_Generation_eps_4.0_steps_100_image_only_attack_prm_Purification_type_noisy_anchor_anchors_10_alpha_1.2_sigma_0.18_threshold_0.0 - INFO - Batch:[33] Image: [14] Saved adversarial tensor to /leonardo_work/EUHPC_R04_192/fmohamma/Adversarial_Robust_Clip/atpt_data/delta_clip_l14_224/A/adv_images_eps_4.0_alpha_1.0_steps_100_image_only_attack_prm/n03291819_0.000025_toaster _ garbage truck_0.3398307.pt
2025-08-22 15:49:10,620 - ADV_Generation_eps_4.0_steps_100_image_only_attack_prm_Purification_type_noisy_anchor_anchors_10_alpha_1.2_sigma_0.18_threshold_0.0 - INFO - Batch:[33] Image: [15] Saved adversarial tensor to /leonardo_work/EUHPC_R04_192/fmohamma/Adversarial_Robust_Clip/atpt_data/delta_clip_l14_224/A/adv_images_eps_4.0_alpha_1.0_steps_100_image_only_attack_prm/n03325584_0.000046_cliff _ cliff_0.75647396.pt
2025-08-22 15:49:12,370 - ADV_Generation_eps_4.0_steps_100_image_only_attack_prm_Purification_type_noisy_anchor_anchors_10_alpha_1.2_sigma_0.18_threshold_0.0 - INFO - ======================== Adversarial Image Evaluation ==========================
2025-08-22 15:49:12,370 - ADV_Generation_eps_4.0_steps_100_image_only_attack_prm_Purification_type_noisy_anchor_anchors_10_alpha_1.2_sigma_0.18_threshold_0.0 - INFO - target: tensor([106, 106, 106, 106, 106, 107, 107, 107, 107, 107, 108, 108, 108, 108,
        108, 109], device='cuda:0')
2025-08-22 15:49:12,371 - ADV_Generation_eps_4.0_steps_100_image_only_attack_prm_Purification_type_noisy_anchor_anchors_10_alpha_1.2_sigma_0.18_threshold_0.0 - INFO - adv_pred: tensor([175,  81, 127, 170, 106, 107,  89,  81, 107, 174,  81,  79, 173, 140,
        136, 193], device='cuda:0')
2025-08-22 15:49:12,371 - ADV_Generation_eps_4.0_steps_100_image_only_attack_prm_Purification_type_noisy_anchor_anchors_10_alpha_1.2_sigma_0.18_threshold_0.0 - INFO - adv_correct_orig: 103 = 100 + 3
2025-08-22 15:49:12,371 - ADV_Generation_eps_4.0_steps_100_image_only_attack_prm_Purification_type_noisy_anchor_anchors_10_alpha_1.2_sigma_0.18_threshold_0.0 - INFO - adv_pred_purify: tensor([138,  20, 127,  85, 195, 107,  89,  81, 107, 174, 174, 104, 173, 140,
        136, 193], device='cuda:0')
2025-08-22 15:49:12,371 - ADV_Generation_eps_4.0_steps_100_image_only_attack_prm_Purification_type_noisy_anchor_anchors_10_alpha_1.2_sigma_0.18_threshold_0.0 - INFO - adv_correct_purify: 26 = 24 + 2
2025-08-22 15:49:14,117 - ADV_Generation_eps_4.0_steps_100_image_only_attack_prm_Purification_type_noisy_anchor_anchors_10_alpha_1.2_sigma_0.18_threshold_0.0 - INFO - ======================== Clean Image Evaluation ==========================
2025-08-22 15:49:14,118 - ADV_Generation_eps_4.0_steps_100_image_only_attack_prm_Purification_type_noisy_anchor_anchors_10_alpha_1.2_sigma_0.18_threshold_0.0 - INFO - target: tensor([106, 106, 106, 106, 106, 107, 107, 107, 107, 107, 108, 108, 108, 108,
        108, 109], device='cuda:0')
2025-08-22 15:49:14,118 - ADV_Generation_eps_4.0_steps_100_image_only_attack_prm_Purification_type_noisy_anchor_anchors_10_alpha_1.2_sigma_0.18_threshold_0.0 - INFO - clean_pred: tensor([175,  81, 127, 170, 195, 107,  89, 107, 107, 174, 127,  79, 173, 140,
        136, 193], device='cuda:0')
2025-08-22 15:49:14,118 - ADV_Generation_eps_4.0_steps_100_image_only_attack_prm_Purification_type_noisy_anchor_anchors_10_alpha_1.2_sigma_0.18_threshold_0.0 - INFO - clean_correct_orig: 128
2025-08-22 15:49:14,119 - ADV_Generation_eps_4.0_steps_100_image_only_attack_prm_Purification_type_noisy_anchor_anchors_10_alpha_1.2_sigma_0.18_threshold_0.0 - INFO - clean_pred_purify: tensor([138,  20, 127,  85, 195, 107,  89,  81, 107, 195, 174, 104, 173, 140,
        136, 193], device='cuda:0')
2025-08-22 15:49:14,119 - ADV_Generation_eps_4.0_steps_100_image_only_attack_prm_Purification_type_noisy_anchor_anchors_10_alpha_1.2_sigma_0.18_threshold_0.0 - INFO - clean_correct_purify: 30
2025-08-22 15:49:14,119 - ADV_Generation_eps_4.0_steps_100_image_only_attack_prm_Purification_type_noisy_anchor_anchors_10_alpha_1.2_sigma_0.18_threshold_0.0 - INFO - adv_correct_purify_clean_correct: 24
2025-08-22 15:49:14,119 - ADV_Generation_eps_4.0_steps_100_image_only_attack_prm_Purification_type_noisy_anchor_anchors_10_alpha_1.2_sigma_0.18_threshold_0.0 - INFO - adv_correct_purify_clean_incorrect: 2
2025-08-22 15:49:14,119 - ADV_Generation_eps_4.0_steps_100_image_only_attack_prm_Purification_type_noisy_anchor_anchors_10_alpha_1.2_sigma_0.18_threshold_0.0 - INFO - clean_correct_purify_clean_correct: 28
2025-08-22 15:49:14,119 - ADV_Generation_eps_4.0_steps_100_image_only_attack_prm_Purification_type_noisy_anchor_anchors_10_alpha_1.2_sigma_0.18_threshold_0.0 - INFO - clean_correct_purify_clean_incorrect: 2
2025-08-22 15:49:14,120 - ADV_Generation_eps_4.0_steps_100_image_only_attack_prm_Purification_type_noisy_anchor_anchors_10_alpha_1.2_sigma_0.18_threshold_0.0 - INFO - Batch 34/63: Clean orig accuracy 0.2353 | Clean purify accuracy 0.0551 | Adv orig accuracy: 0.1893 | Adv purify accuracy: 0.0478 | Adv purify acc on clean correct: 0.1875 | Adv purify acc on clean incorrect: 0.0048 | Clean purify acc on clean correct: 0.2188 | Clean purify acc on clean incorrect: 0.0048
2025-08-22 15:50:02,513 - ADV_Generation_eps_4.0_steps_100_image_only_attack_prm_Purification_type_noisy_anchor_anchors_10_alpha_1.2_sigma_0.18_threshold_0.0 - INFO - Generated adversarial images for the entire batch.
2025-08-22 15:50:02,515 - ADV_Generation_eps_4.0_steps_100_image_only_attack_prm_Purification_type_noisy_anchor_anchors_10_alpha_1.2_sigma_0.18_threshold_0.0 - INFO - Batch:[34] Image: [0] Saved adversarial tensor to /leonardo_work/EUHPC_R04_192/fmohamma/Adversarial_Robust_Clip/atpt_data/delta_clip_l14_224/A/adv_images_eps_4.0_alpha_1.0_steps_100_image_only_attack_prm/n03325584_0.000051_banana _ banana_0.86094093.pt
2025-08-22 15:50:02,518 - ADV_Generation_eps_4.0_steps_100_image_only_attack_prm_Purification_type_noisy_anchor_anchors_10_alpha_1.2_sigma_0.18_threshold_0.0 - INFO - Batch:[34] Image: [1] Saved adversarial tensor to /leonardo_work/EUHPC_R04_192/fmohamma/Adversarial_Robust_Clip/atpt_data/delta_clip_l14_224/A/adv_images_eps_4.0_alpha_1.0_steps_100_image_only_attack_prm/n03325584_0.000773_candle _ candle_0.810919.pt
2025-08-22 15:50:02,519 - ADV_Generation_eps_4.0_steps_100_image_only_attack_prm_Purification_type_noisy_anchor_anchors_10_alpha_1.2_sigma_0.18_threshold_0.0 - INFO - Batch:[34] Image: [2] Saved adversarial tensor to /leonardo_work/EUHPC_R04_192/fmohamma/Adversarial_Robust_Clip/atpt_data/delta_clip_l14_224/A/adv_images_eps_4.0_alpha_1.0_steps_100_image_only_attack_prm/n03325584_0.000862_unicycle _ unicycle_0.7905475.pt
2025-08-22 15:50:02,521 - ADV_Generation_eps_4.0_steps_100_image_only_attack_prm_Purification_type_noisy_anchor_anchors_10_alpha_1.2_sigma_0.18_threshold_0.0 - INFO - Batch:[34] Image: [3] Saved adversarial tensor to /leonardo_work/EUHPC_R04_192/fmohamma/Adversarial_Robust_Clip/atpt_data/delta_clip_l14_224/A/adv_images_eps_4.0_alpha_1.0_steps_100_image_only_attack_prm/n03325584_0.001199_kimono _ kimono_0.9708745.pt
2025-08-22 15:50:02,523 - ADV_Generation_eps_4.0_steps_100_image_only_attack_prm_Purification_type_noisy_anchor_anchors_10_alpha_1.2_sigma_0.18_threshold_0.0 - INFO - Batch:[34] Image: [4] Saved adversarial tensor to /leonardo_work/EUHPC_R04_192/fmohamma/Adversarial_Robust_Clip/atpt_data/delta_clip_l14_224/A/adv_images_eps_4.0_alpha_1.0_steps_100_image_only_attack_prm/n03355925_0.000012_shovel _ shovel_0.83373606.pt
2025-08-22 15:50:02,524 - ADV_Generation_eps_4.0_steps_100_image_only_attack_prm_Purification_type_noisy_anchor_anchors_10_alpha_1.2_sigma_0.18_threshold_0.0 - INFO - Batch:[34] Image: [5] Saved adversarial tensor to /leonardo_work/EUHPC_R04_192/fmohamma/Adversarial_Robust_Clip/atpt_data/delta_clip_l14_224/A/adv_images_eps_4.0_alpha_1.0_steps_100_image_only_attack_prm/n03355925_0.000085_sundial _ sundial_0.9984194.pt
2025-08-22 15:50:02,526 - ADV_Generation_eps_4.0_steps_100_image_only_attack_prm_Purification_type_noisy_anchor_anchors_10_alpha_1.2_sigma_0.18_threshold_0.0 - INFO - Batch:[34] Image: [6] Saved adversarial tensor to /leonardo_work/EUHPC_R04_192/fmohamma/Adversarial_Robust_Clip/atpt_data/delta_clip_l14_224/A/adv_images_eps_4.0_alpha_1.0_steps_100_image_only_attack_prm/n03355925_0.000111_sundial _ sundial_0.9990023.pt
2025-08-22 15:50:02,528 - ADV_Generation_eps_4.0_steps_100_image_only_attack_prm_Purification_type_noisy_anchor_anchors_10_alpha_1.2_sigma_0.18_threshold_0.0 - INFO - Batch:[34] Image: [7] Saved adversarial tensor to /leonardo_work/EUHPC_R04_192/fmohamma/Adversarial_Robust_Clip/atpt_data/delta_clip_l14_224/A/adv_images_eps_4.0_alpha_1.0_steps_100_image_only_attack_prm/n03355925_0.000170_tank _ tank_0.9780529.pt
2025-08-22 15:50:02,530 - ADV_Generation_eps_4.0_steps_100_image_only_attack_prm_Purification_type_noisy_anchor_anchors_10_alpha_1.2_sigma_0.18_threshold_0.0 - INFO - Batch:[34] Image: [8] Saved adversarial tensor to /leonardo_work/EUHPC_R04_192/fmohamma/Adversarial_Robust_Clip/atpt_data/delta_clip_l14_224/A/adv_images_eps_4.0_alpha_1.0_steps_100_image_only_attack_prm/n03355925_0.000174_golf cart _ golf cart_0.9407343.pt
2025-08-22 15:50:02,534 - ADV_Generation_eps_4.0_steps_100_image_only_attack_prm_Purification_type_noisy_anchor_anchors_10_alpha_1.2_sigma_0.18_threshold_0.0 - INFO - Batch:[34] Image: [9] Saved adversarial tensor to /leonardo_work/EUHPC_R04_192/fmohamma/Adversarial_Robust_Clip/atpt_data/delta_clip_l14_224/A/adv_images_eps_4.0_alpha_1.0_steps_100_image_only_attack_prm/n03384352_0.000287_airliner _ airliner_0.9711855.pt
2025-08-22 15:50:02,535 - ADV_Generation_eps_4.0_steps_100_image_only_attack_prm_Purification_type_noisy_anchor_anchors_10_alpha_1.2_sigma_0.18_threshold_0.0 - INFO - Batch:[34] Image: [10] Saved adversarial tensor to /leonardo_work/EUHPC_R04_192/fmohamma/Adversarial_Robust_Clip/atpt_data/delta_clip_l14_224/A/adv_images_eps_4.0_alpha_1.0_steps_100_image_only_attack_prm/n03384352_0.001088_chain _ chain_0.17102465.pt
2025-08-22 15:50:02,537 - ADV_Generation_eps_4.0_steps_100_image_only_attack_prm_Purification_type_noisy_anchor_anchors_10_alpha_1.2_sigma_0.18_threshold_0.0 - INFO - Batch:[34] Image: [11] Saved adversarial tensor to /leonardo_work/EUHPC_R04_192/fmohamma/Adversarial_Robust_Clip/atpt_data/delta_clip_l14_224/A/adv_images_eps_4.0_alpha_1.0_steps_100_image_only_attack_prm/n03384352_0.001573_garbage truck _ garbage truck_0.995082.pt
2025-08-22 15:50:02,539 - ADV_Generation_eps_4.0_steps_100_image_only_attack_prm_Purification_type_noisy_anchor_anchors_10_alpha_1.2_sigma_0.18_threshold_0.0 - INFO - Batch:[34] Image: [12] Saved adversarial tensor to /leonardo_work/EUHPC_R04_192/fmohamma/Adversarial_Robust_Clip/atpt_data/delta_clip_l14_224/A/adv_images_eps_4.0_alpha_1.0_steps_100_image_only_attack_prm/n03384352_0.002273_viaduct _ viaduct_0.6161024.pt
2025-08-22 15:50:02,540 - ADV_Generation_eps_4.0_steps_100_image_only_attack_prm_Purification_type_noisy_anchor_anchors_10_alpha_1.2_sigma_0.18_threshold_0.0 - INFO - Batch:[34] Image: [13] Saved adversarial tensor to /leonardo_work/EUHPC_R04_192/fmohamma/Adversarial_Robust_Clip/atpt_data/delta_clip_l14_224/A/adv_images_eps_4.0_alpha_1.0_steps_100_image_only_attack_prm/n03384352_0.002647_garbage truck _ garbage truck_0.9619732.pt
2025-08-22 15:50:02,542 - ADV_Generation_eps_4.0_steps_100_image_only_attack_prm_Purification_type_noisy_anchor_anchors_10_alpha_1.2_sigma_0.18_threshold_0.0 - INFO - Batch:[34] Image: [14] Saved adversarial tensor to /leonardo_work/EUHPC_R04_192/fmohamma/Adversarial_Robust_Clip/atpt_data/delta_clip_l14_224/A/adv_images_eps_4.0_alpha_1.0_steps_100_image_only_attack_prm/n03388043_0.000015_snowplow _ snowplow_0.83591956.pt
2025-08-22 15:50:02,543 - ADV_Generation_eps_4.0_steps_100_image_only_attack_prm_Purification_type_noisy_anchor_anchors_10_alpha_1.2_sigma_0.18_threshold_0.0 - INFO - Batch:[34] Image: [15] Saved adversarial tensor to /leonardo_work/EUHPC_R04_192/fmohamma/Adversarial_Robust_Clip/atpt_data/delta_clip_l14_224/A/adv_images_eps_4.0_alpha_1.0_steps_100_image_only_attack_prm/n03388043_0.000110_ant _ mantis_0.24448082.pt
2025-08-22 15:50:04,293 - ADV_Generation_eps_4.0_steps_100_image_only_attack_prm_Purification_type_noisy_anchor_anchors_10_alpha_1.2_sigma_0.18_threshold_0.0 - INFO - ======================== Adversarial Image Evaluation ==========================
2025-08-22 15:50:04,293 - ADV_Generation_eps_4.0_steps_100_image_only_attack_prm_Purification_type_noisy_anchor_anchors_10_alpha_1.2_sigma_0.18_threshold_0.0 - INFO - target: tensor([109, 109, 109, 109, 110, 110, 110, 110, 110, 111, 111, 111, 111, 111,
        112, 112], device='cuda:0')
2025-08-22 15:50:04,294 - ADV_Generation_eps_4.0_steps_100_image_only_attack_prm_Purification_type_noisy_anchor_anchors_10_alpha_1.2_sigma_0.18_threshold_0.0 - INFO - adv_pred: tensor([161, 109, 126, 144,  83, 163, 163, 110, 115, 135, 111, 113,  15, 111,
        159, 112], device='cuda:0')
2025-08-22 15:50:04,294 - ADV_Generation_eps_4.0_steps_100_image_only_attack_prm_Purification_type_noisy_anchor_anchors_10_alpha_1.2_sigma_0.18_threshold_0.0 - INFO - adv_correct_orig: 108 = 103 + 5
2025-08-22 15:50:04,294 - ADV_Generation_eps_4.0_steps_100_image_only_attack_prm_Purification_type_noisy_anchor_anchors_10_alpha_1.2_sigma_0.18_threshold_0.0 - INFO - adv_pred_purify: tensor([161, 169, 172, 144, 177,  96, 110, 110, 115,  51, 174, 113, 113, 111,
        155,  50], device='cuda:0')
2025-08-22 15:50:04,294 - ADV_Generation_eps_4.0_steps_100_image_only_attack_prm_Purification_type_noisy_anchor_anchors_10_alpha_1.2_sigma_0.18_threshold_0.0 - INFO - adv_correct_purify: 29 = 26 + 3
2025-08-22 15:50:06,040 - ADV_Generation_eps_4.0_steps_100_image_only_attack_prm_Purification_type_noisy_anchor_anchors_10_alpha_1.2_sigma_0.18_threshold_0.0 - INFO - ======================== Clean Image Evaluation ==========================
2025-08-22 15:50:06,041 - ADV_Generation_eps_4.0_steps_100_image_only_attack_prm_Purification_type_noisy_anchor_anchors_10_alpha_1.2_sigma_0.18_threshold_0.0 - INFO - target: tensor([109, 109, 109, 109, 110, 110, 110, 110, 110, 111, 111, 111, 111, 111,
        112, 112], device='cuda:0')
2025-08-22 15:50:06,041 - ADV_Generation_eps_4.0_steps_100_image_only_attack_prm_Purification_type_noisy_anchor_anchors_10_alpha_1.2_sigma_0.18_threshold_0.0 - INFO - clean_pred: tensor([161, 109, 126, 144,  83, 163, 163, 110, 115, 135, 111, 113,  73, 111,
        159, 112], device='cuda:0')
2025-08-22 15:50:06,041 - ADV_Generation_eps_4.0_steps_100_image_only_attack_prm_Purification_type_noisy_anchor_anchors_10_alpha_1.2_sigma_0.18_threshold_0.0 - INFO - clean_correct_orig: 133
2025-08-22 15:50:06,042 - ADV_Generation_eps_4.0_steps_100_image_only_attack_prm_Purification_type_noisy_anchor_anchors_10_alpha_1.2_sigma_0.18_threshold_0.0 - INFO - clean_pred_purify: tensor([161, 169, 172, 144, 177, 163, 110, 110, 115,  51, 174, 113, 113, 111,
        159, 112], device='cuda:0')
2025-08-22 15:50:06,042 - ADV_Generation_eps_4.0_steps_100_image_only_attack_prm_Purification_type_noisy_anchor_anchors_10_alpha_1.2_sigma_0.18_threshold_0.0 - INFO - clean_correct_purify: 34
2025-08-22 15:50:06,042 - ADV_Generation_eps_4.0_steps_100_image_only_attack_prm_Purification_type_noisy_anchor_anchors_10_alpha_1.2_sigma_0.18_threshold_0.0 - INFO - adv_correct_purify_clean_correct: 26
2025-08-22 15:50:06,042 - ADV_Generation_eps_4.0_steps_100_image_only_attack_prm_Purification_type_noisy_anchor_anchors_10_alpha_1.2_sigma_0.18_threshold_0.0 - INFO - adv_correct_purify_clean_incorrect: 3
2025-08-22 15:50:06,042 - ADV_Generation_eps_4.0_steps_100_image_only_attack_prm_Purification_type_noisy_anchor_anchors_10_alpha_1.2_sigma_0.18_threshold_0.0 - INFO - clean_correct_purify_clean_correct: 31
2025-08-22 15:50:06,042 - ADV_Generation_eps_4.0_steps_100_image_only_attack_prm_Purification_type_noisy_anchor_anchors_10_alpha_1.2_sigma_0.18_threshold_0.0 - INFO - clean_correct_purify_clean_incorrect: 3
2025-08-22 15:50:06,043 - ADV_Generation_eps_4.0_steps_100_image_only_attack_prm_Purification_type_noisy_anchor_anchors_10_alpha_1.2_sigma_0.18_threshold_0.0 - INFO - Batch 35/63: Clean orig accuracy 0.2375 | Clean purify accuracy 0.0607 | Adv orig accuracy: 0.1929 | Adv purify accuracy: 0.0518 | Adv purify acc on clean correct: 0.1955 | Adv purify acc on clean incorrect: 0.0070 | Clean purify acc on clean correct: 0.2331 | Clean purify acc on clean incorrect: 0.0070
2025-08-22 15:50:54,431 - ADV_Generation_eps_4.0_steps_100_image_only_attack_prm_Purification_type_noisy_anchor_anchors_10_alpha_1.2_sigma_0.18_threshold_0.0 - INFO - Generated adversarial images for the entire batch.
2025-08-22 15:50:54,434 - ADV_Generation_eps_4.0_steps_100_image_only_attack_prm_Purification_type_noisy_anchor_anchors_10_alpha_1.2_sigma_0.18_threshold_0.0 - INFO - Batch:[35] Image: [0] Saved adversarial tensor to /leonardo_work/EUHPC_R04_192/fmohamma/Adversarial_Robust_Clip/atpt_data/delta_clip_l14_224/A/adv_images_eps_4.0_alpha_1.0_steps_100_image_only_attack_prm/n03388043_0.000112_dumbbell _ dumbbell_0.49556422.pt
2025-08-22 15:50:54,435 - ADV_Generation_eps_4.0_steps_100_image_only_attack_prm_Purification_type_noisy_anchor_anchors_10_alpha_1.2_sigma_0.18_threshold_0.0 - INFO - Batch:[35] Image: [1] Saved adversarial tensor to /leonardo_work/EUHPC_R04_192/fmohamma/Adversarial_Robust_Clip/atpt_data/delta_clip_l14_224/A/adv_images_eps_4.0_alpha_1.0_steps_100_image_only_attack_prm/n03388043_0.000127_chest _ chest_0.9803036.pt
2025-08-22 15:50:54,437 - ADV_Generation_eps_4.0_steps_100_image_only_attack_prm_Purification_type_noisy_anchor_anchors_10_alpha_1.2_sigma_0.18_threshold_0.0 - INFO - Batch:[35] Image: [2] Saved adversarial tensor to /leonardo_work/EUHPC_R04_192/fmohamma/Adversarial_Robust_Clip/atpt_data/delta_clip_l14_224/A/adv_images_eps_4.0_alpha_1.0_steps_100_image_only_attack_prm/n03388043_0.000138_nail _ nail_0.8766797.pt
2025-08-22 15:50:54,438 - ADV_Generation_eps_4.0_steps_100_image_only_attack_prm_Purification_type_noisy_anchor_anchors_10_alpha_1.2_sigma_0.18_threshold_0.0 - INFO - Batch:[35] Image: [3] Saved adversarial tensor to /leonardo_work/EUHPC_R04_192/fmohamma/Adversarial_Robust_Clip/atpt_data/delta_clip_l14_224/A/adv_images_eps_4.0_alpha_1.0_steps_100_image_only_attack_prm/n03417042_0.000004_school bus _ school bus_0.9998099.pt
2025-08-22 15:50:54,440 - ADV_Generation_eps_4.0_steps_100_image_only_attack_prm_Purification_type_noisy_anchor_anchors_10_alpha_1.2_sigma_0.18_threshold_0.0 - INFO - Batch:[35] Image: [4] Saved adversarial tensor to /leonardo_work/EUHPC_R04_192/fmohamma/Adversarial_Robust_Clip/atpt_data/delta_clip_l14_224/A/adv_images_eps_4.0_alpha_1.0_steps_100_image_only_attack_prm/n03417042_0.000032_baseball player _ baseball player_0.37590924.pt
2025-08-22 15:50:54,441 - ADV_Generation_eps_4.0_steps_100_image_only_attack_prm_Purification_type_noisy_anchor_anchors_10_alpha_1.2_sigma_0.18_threshold_0.0 - INFO - Batch:[35] Image: [5] Saved adversarial tensor to /leonardo_work/EUHPC_R04_192/fmohamma/Adversarial_Robust_Clip/atpt_data/delta_clip_l14_224/A/adv_images_eps_4.0_alpha_1.0_steps_100_image_only_attack_prm/n03417042_0.000174_obelisk _ obelisk_0.9524261.pt
2025-08-22 15:50:54,443 - ADV_Generation_eps_4.0_steps_100_image_only_attack_prm_Purification_type_noisy_anchor_anchors_10_alpha_1.2_sigma_0.18_threshold_0.0 - INFO - Batch:[35] Image: [6] Saved adversarial tensor to /leonardo_work/EUHPC_R04_192/fmohamma/Adversarial_Robust_Clip/atpt_data/delta_clip_l14_224/A/adv_images_eps_4.0_alpha_1.0_steps_100_image_only_attack_prm/n03417042_0.001187_tank _ tank_0.70379025.pt
2025-08-22 15:50:54,445 - ADV_Generation_eps_4.0_steps_100_image_only_attack_prm_Purification_type_noisy_anchor_anchors_10_alpha_1.2_sigma_0.18_threshold_0.0 - INFO - Batch:[35] Image: [7] Saved adversarial tensor to /leonardo_work/EUHPC_R04_192/fmohamma/Adversarial_Robust_Clip/atpt_data/delta_clip_l14_224/A/adv_images_eps_4.0_alpha_1.0_steps_100_image_only_attack_prm/n03417042_0.001378_snowplow _ snowplow_0.9950229.pt
2025-08-22 15:50:54,446 - ADV_Generation_eps_4.0_steps_100_image_only_attack_prm_Purification_type_noisy_anchor_anchors_10_alpha_1.2_sigma_0.18_threshold_0.0 - INFO - Batch:[35] Image: [8] Saved adversarial tensor to /leonardo_work/EUHPC_R04_192/fmohamma/Adversarial_Robust_Clip/atpt_data/delta_clip_l14_224/A/adv_images_eps_4.0_alpha_1.0_steps_100_image_only_attack_prm/n03443371_0.000020_shovel _ shovel_0.9804851.pt
2025-08-22 15:50:54,448 - ADV_Generation_eps_4.0_steps_100_image_only_attack_prm_Purification_type_noisy_anchor_anchors_10_alpha_1.2_sigma_0.18_threshold_0.0 - INFO - Batch:[35] Image: [9] Saved adversarial tensor to /leonardo_work/EUHPC_R04_192/fmohamma/Adversarial_Robust_Clip/atpt_data/delta_clip_l14_224/A/adv_images_eps_4.0_alpha_1.0_steps_100_image_only_attack_prm/n03443371_0.000061_bubble _ bubble_0.9999893.pt
2025-08-22 15:50:54,449 - ADV_Generation_eps_4.0_steps_100_image_only_attack_prm_Purification_type_noisy_anchor_anchors_10_alpha_1.2_sigma_0.18_threshold_0.0 - INFO - Batch:[35] Image: [10] Saved adversarial tensor to /leonardo_work/EUHPC_R04_192/fmohamma/Adversarial_Robust_Clip/atpt_data/delta_clip_l14_224/A/adv_images_eps_4.0_alpha_1.0_steps_100_image_only_attack_prm/n03443371_0.000064_bow tie _ bow tie_0.98465466.pt
2025-08-22 15:50:54,451 - ADV_Generation_eps_4.0_steps_100_image_only_attack_prm_Purification_type_noisy_anchor_anchors_10_alpha_1.2_sigma_0.18_threshold_0.0 - INFO - Batch:[35] Image: [11] Saved adversarial tensor to /leonardo_work/EUHPC_R04_192/fmohamma/Adversarial_Robust_Clip/atpt_data/delta_clip_l14_224/A/adv_images_eps_4.0_alpha_1.0_steps_100_image_only_attack_prm/n03443371_0.000092_torch _ torch_0.9990038.pt
2025-08-22 15:50:54,452 - ADV_Generation_eps_4.0_steps_100_image_only_attack_prm_Purification_type_noisy_anchor_anchors_10_alpha_1.2_sigma_0.18_threshold_0.0 - INFO - Batch:[35] Image: [12] Saved adversarial tensor to /leonardo_work/EUHPC_R04_192/fmohamma/Adversarial_Robust_Clip/atpt_data/delta_clip_l14_224/A/adv_images_eps_4.0_alpha_1.0_steps_100_image_only_attack_prm/n03443371_0.000113_mask _ mask_0.998588.pt
2025-08-22 15:50:54,454 - ADV_Generation_eps_4.0_steps_100_image_only_attack_prm_Purification_type_noisy_anchor_anchors_10_alpha_1.2_sigma_0.18_threshold_0.0 - INFO - Batch:[35] Image: [13] Saved adversarial tensor to /leonardo_work/EUHPC_R04_192/fmohamma/Adversarial_Robust_Clip/atpt_data/delta_clip_l14_224/A/adv_images_eps_4.0_alpha_1.0_steps_100_image_only_attack_prm/n03444034_0.000437_umbrella _ umbrella_0.5906075.pt
2025-08-22 15:50:54,456 - ADV_Generation_eps_4.0_steps_100_image_only_attack_prm_Purification_type_noisy_anchor_anchors_10_alpha_1.2_sigma_0.18_threshold_0.0 - INFO - Batch:[35] Image: [14] Saved adversarial tensor to /leonardo_work/EUHPC_R04_192/fmohamma/Adversarial_Robust_Clip/atpt_data/delta_clip_l14_224/A/adv_images_eps_4.0_alpha_1.0_steps_100_image_only_attack_prm/n03444034_0.000464_parking meter _ parking meter_0.9093747.pt
2025-08-22 15:50:54,457 - ADV_Generation_eps_4.0_steps_100_image_only_attack_prm_Purification_type_noisy_anchor_anchors_10_alpha_1.2_sigma_0.18_threshold_0.0 - INFO - Batch:[35] Image: [15] Saved adversarial tensor to /leonardo_work/EUHPC_R04_192/fmohamma/Adversarial_Robust_Clip/atpt_data/delta_clip_l14_224/A/adv_images_eps_4.0_alpha_1.0_steps_100_image_only_attack_prm/n03444034_0.000536_cello _ cello_0.69928557.pt
2025-08-22 15:50:56,206 - ADV_Generation_eps_4.0_steps_100_image_only_attack_prm_Purification_type_noisy_anchor_anchors_10_alpha_1.2_sigma_0.18_threshold_0.0 - INFO - ======================== Adversarial Image Evaluation ==========================
2025-08-22 15:50:56,207 - ADV_Generation_eps_4.0_steps_100_image_only_attack_prm_Purification_type_noisy_anchor_anchors_10_alpha_1.2_sigma_0.18_threshold_0.0 - INFO - target: tensor([112, 112, 112, 113, 113, 113, 113, 113, 114, 114, 114, 114, 114, 115,
        115, 115], device='cuda:0')
2025-08-22 15:50:56,207 - ADV_Generation_eps_4.0_steps_100_image_only_attack_prm_Purification_type_noisy_anchor_anchors_10_alpha_1.2_sigma_0.18_threshold_0.0 - INFO - adv_pred: tensor([ 90, 112, 112, 113,  78, 176, 166, 155, 152, 192, 114, 169, 128, 115,
        139, 115], device='cuda:0')
2025-08-22 15:50:56,207 - ADV_Generation_eps_4.0_steps_100_image_only_attack_prm_Purification_type_noisy_anchor_anchors_10_alpha_1.2_sigma_0.18_threshold_0.0 - INFO - adv_correct_orig: 114 = 108 + 6
2025-08-22 15:50:56,208 - ADV_Generation_eps_4.0_steps_100_image_only_attack_prm_Purification_type_noisy_anchor_anchors_10_alpha_1.2_sigma_0.18_threshold_0.0 - INFO - adv_pred_purify: tensor([155, 104,  96, 113,  98, 176,  96,   0, 148, 192, 114, 169, 190, 110,
          0, 112], device='cuda:0')
2025-08-22 15:50:56,208 - ADV_Generation_eps_4.0_steps_100_image_only_attack_prm_Purification_type_noisy_anchor_anchors_10_alpha_1.2_sigma_0.18_threshold_0.0 - INFO - adv_correct_purify: 31 = 29 + 2
2025-08-22 15:50:57,954 - ADV_Generation_eps_4.0_steps_100_image_only_attack_prm_Purification_type_noisy_anchor_anchors_10_alpha_1.2_sigma_0.18_threshold_0.0 - INFO - ======================== Clean Image Evaluation ==========================
2025-08-22 15:50:57,954 - ADV_Generation_eps_4.0_steps_100_image_only_attack_prm_Purification_type_noisy_anchor_anchors_10_alpha_1.2_sigma_0.18_threshold_0.0 - INFO - target: tensor([112, 112, 112, 113, 113, 113, 113, 113, 114, 114, 114, 114, 114, 115,
        115, 115], device='cuda:0')
2025-08-22 15:50:57,955 - ADV_Generation_eps_4.0_steps_100_image_only_attack_prm_Purification_type_noisy_anchor_anchors_10_alpha_1.2_sigma_0.18_threshold_0.0 - INFO - clean_pred: tensor([112, 112, 112, 113, 113, 176, 166, 155, 114, 192, 114, 169, 128, 115,
        139, 115], device='cuda:0')
2025-08-22 15:50:57,955 - ADV_Generation_eps_4.0_steps_100_image_only_attack_prm_Purification_type_noisy_anchor_anchors_10_alpha_1.2_sigma_0.18_threshold_0.0 - INFO - clean_correct_orig: 142
2025-08-22 15:50:57,955 - ADV_Generation_eps_4.0_steps_100_image_only_attack_prm_Purification_type_noisy_anchor_anchors_10_alpha_1.2_sigma_0.18_threshold_0.0 - INFO - clean_pred_purify: tensor([ 81, 104, 112, 113,  98, 176,  96,   0, 148, 192, 114, 169, 190, 110,
          0, 112], device='cuda:0')
2025-08-22 15:50:57,955 - ADV_Generation_eps_4.0_steps_100_image_only_attack_prm_Purification_type_noisy_anchor_anchors_10_alpha_1.2_sigma_0.18_threshold_0.0 - INFO - clean_correct_purify: 37
2025-08-22 15:50:57,955 - ADV_Generation_eps_4.0_steps_100_image_only_attack_prm_Purification_type_noisy_anchor_anchors_10_alpha_1.2_sigma_0.18_threshold_0.0 - INFO - adv_correct_purify_clean_correct: 28
2025-08-22 15:50:57,955 - ADV_Generation_eps_4.0_steps_100_image_only_attack_prm_Purification_type_noisy_anchor_anchors_10_alpha_1.2_sigma_0.18_threshold_0.0 - INFO - adv_correct_purify_clean_incorrect: 3
2025-08-22 15:50:57,955 - ADV_Generation_eps_4.0_steps_100_image_only_attack_prm_Purification_type_noisy_anchor_anchors_10_alpha_1.2_sigma_0.18_threshold_0.0 - INFO - clean_correct_purify_clean_correct: 34
2025-08-22 15:50:57,955 - ADV_Generation_eps_4.0_steps_100_image_only_attack_prm_Purification_type_noisy_anchor_anchors_10_alpha_1.2_sigma_0.18_threshold_0.0 - INFO - clean_correct_purify_clean_incorrect: 3
2025-08-22 15:50:57,956 - ADV_Generation_eps_4.0_steps_100_image_only_attack_prm_Purification_type_noisy_anchor_anchors_10_alpha_1.2_sigma_0.18_threshold_0.0 - INFO - Batch 36/63: Clean orig accuracy 0.2465 | Clean purify accuracy 0.0642 | Adv orig accuracy: 0.1979 | Adv purify accuracy: 0.0538 | Adv purify acc on clean correct: 0.1972 | Adv purify acc on clean incorrect: 0.0069 | Clean purify acc on clean correct: 0.2394 | Clean purify acc on clean incorrect: 0.0069
2025-08-22 15:51:46,339 - ADV_Generation_eps_4.0_steps_100_image_only_attack_prm_Purification_type_noisy_anchor_anchors_10_alpha_1.2_sigma_0.18_threshold_0.0 - INFO - Generated adversarial images for the entire batch.
2025-08-22 15:51:46,342 - ADV_Generation_eps_4.0_steps_100_image_only_attack_prm_Purification_type_noisy_anchor_anchors_10_alpha_1.2_sigma_0.18_threshold_0.0 - INFO - Batch:[36] Image: [0] Saved adversarial tensor to /leonardo_work/EUHPC_R04_192/fmohamma/Adversarial_Robust_Clip/atpt_data/delta_clip_l14_224/A/adv_images_eps_4.0_alpha_1.0_steps_100_image_only_attack_prm/n03444034_0.001466_golf cart _ golf cart_0.9870653.pt
2025-08-22 15:51:46,343 - ADV_Generation_eps_4.0_steps_100_image_only_attack_prm_Purification_type_noisy_anchor_anchors_10_alpha_1.2_sigma_0.18_threshold_0.0 - INFO - Batch:[36] Image: [1] Saved adversarial tensor to /leonardo_work/EUHPC_R04_192/fmohamma/Adversarial_Robust_Clip/atpt_data/delta_clip_l14_224/A/adv_images_eps_4.0_alpha_1.0_steps_100_image_only_attack_prm/n03444034_0.001946_lighter _ lighter_0.62163395.pt
2025-08-22 15:51:46,345 - ADV_Generation_eps_4.0_steps_100_image_only_attack_prm_Purification_type_noisy_anchor_anchors_10_alpha_1.2_sigma_0.18_threshold_0.0 - INFO - Batch:[36] Image: [2] Saved adversarial tensor to /leonardo_work/EUHPC_R04_192/fmohamma/Adversarial_Robust_Clip/atpt_data/delta_clip_l14_224/A/adv_images_eps_4.0_alpha_1.0_steps_100_image_only_attack_prm/n03445924_0.000263_German Shepherd Dog _ German Shepherd Dog_0.645461.pt
2025-08-22 15:51:46,346 - ADV_Generation_eps_4.0_steps_100_image_only_attack_prm_Purification_type_noisy_anchor_anchors_10_alpha_1.2_sigma_0.18_threshold_0.0 - INFO - Batch:[36] Image: [3] Saved adversarial tensor to /leonardo_work/EUHPC_R04_192/fmohamma/Adversarial_Robust_Clip/atpt_data/delta_clip_l14_224/A/adv_images_eps_4.0_alpha_1.0_steps_100_image_only_attack_prm/n03445924_0.000396_snowplow _ snowplow_0.9375725.pt
2025-08-22 15:51:46,348 - ADV_Generation_eps_4.0_steps_100_image_only_attack_prm_Purification_type_noisy_anchor_anchors_10_alpha_1.2_sigma_0.18_threshold_0.0 - INFO - Batch:[36] Image: [4] Saved adversarial tensor to /leonardo_work/EUHPC_R04_192/fmohamma/Adversarial_Robust_Clip/atpt_data/delta_clip_l14_224/A/adv_images_eps_4.0_alpha_1.0_steps_100_image_only_attack_prm/n03445924_0.000590_snowplow _ forklift_0.9389298.pt
2025-08-22 15:51:46,350 - ADV_Generation_eps_4.0_steps_100_image_only_attack_prm_Purification_type_noisy_anchor_anchors_10_alpha_1.2_sigma_0.18_threshold_0.0 - INFO - Batch:[36] Image: [5] Saved adversarial tensor to /leonardo_work/EUHPC_R04_192/fmohamma/Adversarial_Robust_Clip/atpt_data/delta_clip_l14_224/A/adv_images_eps_4.0_alpha_1.0_steps_100_image_only_attack_prm/n03445924_0.000670_tricycle _ tricycle_0.97098833.pt
2025-08-22 15:51:46,351 - ADV_Generation_eps_4.0_steps_100_image_only_attack_prm_Purification_type_noisy_anchor_anchors_10_alpha_1.2_sigma_0.18_threshold_0.0 - INFO - Batch:[36] Image: [6] Saved adversarial tensor to /leonardo_work/EUHPC_R04_192/fmohamma/Adversarial_Robust_Clip/atpt_data/delta_clip_l14_224/A/adv_images_eps_4.0_alpha_1.0_steps_100_image_only_attack_prm/n03445924_0.000984_rugby ball _ rugby ball_0.8906297.pt
2025-08-22 15:51:46,353 - ADV_Generation_eps_4.0_steps_100_image_only_attack_prm_Purification_type_noisy_anchor_anchors_10_alpha_1.2_sigma_0.18_threshold_0.0 - INFO - Batch:[36] Image: [7] Saved adversarial tensor to /leonardo_work/EUHPC_R04_192/fmohamma/Adversarial_Robust_Clip/atpt_data/delta_clip_l14_224/A/adv_images_eps_4.0_alpha_1.0_steps_100_image_only_attack_prm/n03452741_0.000035_syringe _ syringe_0.45661667.pt
2025-08-22 15:51:46,354 - ADV_Generation_eps_4.0_steps_100_image_only_attack_prm_Purification_type_noisy_anchor_anchors_10_alpha_1.2_sigma_0.18_threshold_0.0 - INFO - Batch:[36] Image: [8] Saved adversarial tensor to /leonardo_work/EUHPC_R04_192/fmohamma/Adversarial_Robust_Clip/atpt_data/delta_clip_l14_224/A/adv_images_eps_4.0_alpha_1.0_steps_100_image_only_attack_prm/n03452741_0.000373_forklift _ forklift_0.76052463.pt
2025-08-22 15:51:46,356 - ADV_Generation_eps_4.0_steps_100_image_only_attack_prm_Purification_type_noisy_anchor_anchors_10_alpha_1.2_sigma_0.18_threshold_0.0 - INFO - Batch:[36] Image: [9] Saved adversarial tensor to /leonardo_work/EUHPC_R04_192/fmohamma/Adversarial_Robust_Clip/atpt_data/delta_clip_l14_224/A/adv_images_eps_4.0_alpha_1.0_steps_100_image_only_attack_prm/n03452741_0.001750_garbage truck _ garbage truck_0.9660786.pt
2025-08-22 15:51:46,357 - ADV_Generation_eps_4.0_steps_100_image_only_attack_prm_Purification_type_noisy_anchor_anchors_10_alpha_1.2_sigma_0.18_threshold_0.0 - INFO - Batch:[36] Image: [10] Saved adversarial tensor to /leonardo_work/EUHPC_R04_192/fmohamma/Adversarial_Robust_Clip/atpt_data/delta_clip_l14_224/A/adv_images_eps_4.0_alpha_1.0_steps_100_image_only_attack_prm/n03452741_0.001765_cello _ cello_0.73332685.pt
2025-08-22 15:51:46,359 - ADV_Generation_eps_4.0_steps_100_image_only_attack_prm_Purification_type_noisy_anchor_anchors_10_alpha_1.2_sigma_0.18_threshold_0.0 - INFO - Batch:[36] Image: [11] Saved adversarial tensor to /leonardo_work/EUHPC_R04_192/fmohamma/Adversarial_Robust_Clip/atpt_data/delta_clip_l14_224/A/adv_images_eps_4.0_alpha_1.0_steps_100_image_only_attack_prm/n03452741_0.002550_wheelbarrow _ wheelbarrow_0.94357973.pt
2025-08-22 15:51:46,360 - ADV_Generation_eps_4.0_steps_100_image_only_attack_prm_Purification_type_noisy_anchor_anchors_10_alpha_1.2_sigma_0.18_threshold_0.0 - INFO - Batch:[36] Image: [12] Saved adversarial tensor to /leonardo_work/EUHPC_R04_192/fmohamma/Adversarial_Robust_Clip/atpt_data/delta_clip_l14_224/A/adv_images_eps_4.0_alpha_1.0_steps_100_image_only_attack_prm/n03483316_0.000665_corn _ quill_0.33293766.pt
2025-08-22 15:51:46,362 - ADV_Generation_eps_4.0_steps_100_image_only_attack_prm_Purification_type_noisy_anchor_anchors_10_alpha_1.2_sigma_0.18_threshold_0.0 - INFO - Batch:[36] Image: [13] Saved adversarial tensor to /leonardo_work/EUHPC_R04_192/fmohamma/Adversarial_Robust_Clip/atpt_data/delta_clip_l14_224/A/adv_images_eps_4.0_alpha_1.0_steps_100_image_only_attack_prm/n03483316_0.001404_reel _ reel_0.9121329.pt
2025-08-22 15:51:46,363 - ADV_Generation_eps_4.0_steps_100_image_only_attack_prm_Purification_type_noisy_anchor_anchors_10_alpha_1.2_sigma_0.18_threshold_0.0 - INFO - Batch:[36] Image: [14] Saved adversarial tensor to /leonardo_work/EUHPC_R04_192/fmohamma/Adversarial_Robust_Clip/atpt_data/delta_clip_l14_224/A/adv_images_eps_4.0_alpha_1.0_steps_100_image_only_attack_prm/n03483316_0.001812_sewing machine _ sewing machine_0.5712916.pt
2025-08-22 15:51:46,365 - ADV_Generation_eps_4.0_steps_100_image_only_attack_prm_Purification_type_noisy_anchor_anchors_10_alpha_1.2_sigma_0.18_threshold_0.0 - INFO - Batch:[36] Image: [15] Saved adversarial tensor to /leonardo_work/EUHPC_R04_192/fmohamma/Adversarial_Robust_Clip/atpt_data/delta_clip_l14_224/A/adv_images_eps_4.0_alpha_1.0_steps_100_image_only_attack_prm/n03483316_0.001990_lighter _ lighter_0.9549014.pt
2025-08-22 15:51:48,114 - ADV_Generation_eps_4.0_steps_100_image_only_attack_prm_Purification_type_noisy_anchor_anchors_10_alpha_1.2_sigma_0.18_threshold_0.0 - INFO - ======================== Adversarial Image Evaluation ==========================
2025-08-22 15:51:48,114 - ADV_Generation_eps_4.0_steps_100_image_only_attack_prm_Purification_type_noisy_anchor_anchors_10_alpha_1.2_sigma_0.18_threshold_0.0 - INFO - target: tensor([115, 115, 116, 116, 116, 116, 116, 117, 117, 117, 117, 117, 118, 118,
        118, 118], device='cuda:0')
2025-08-22 15:51:48,115 - ADV_Generation_eps_4.0_steps_100_image_only_attack_prm_Purification_type_noisy_anchor_anchors_10_alpha_1.2_sigma_0.18_threshold_0.0 - INFO - adv_pred: tensor([115,  51, 116, 155,  85, 116, 116, 134, 113, 113, 117, 117,   9, 118,
        122, 118], device='cuda:0')
2025-08-22 15:51:48,115 - ADV_Generation_eps_4.0_steps_100_image_only_attack_prm_Purification_type_noisy_anchor_anchors_10_alpha_1.2_sigma_0.18_threshold_0.0 - INFO - adv_correct_orig: 122 = 114 + 8
2025-08-22 15:51:48,115 - ADV_Generation_eps_4.0_steps_100_image_only_attack_prm_Purification_type_noisy_anchor_anchors_10_alpha_1.2_sigma_0.18_threshold_0.0 - INFO - adv_pred_purify: tensor([171,  51, 116, 113, 113, 116, 116,  89, 113, 113,  85, 117,  85, 118,
        113, 182], device='cuda:0')
2025-08-22 15:51:48,115 - ADV_Generation_eps_4.0_steps_100_image_only_attack_prm_Purification_type_noisy_anchor_anchors_10_alpha_1.2_sigma_0.18_threshold_0.0 - INFO - adv_correct_purify: 36 = 31 + 5
2025-08-22 15:51:49,862 - ADV_Generation_eps_4.0_steps_100_image_only_attack_prm_Purification_type_noisy_anchor_anchors_10_alpha_1.2_sigma_0.18_threshold_0.0 - INFO - ======================== Clean Image Evaluation ==========================
2025-08-22 15:51:49,862 - ADV_Generation_eps_4.0_steps_100_image_only_attack_prm_Purification_type_noisy_anchor_anchors_10_alpha_1.2_sigma_0.18_threshold_0.0 - INFO - target: tensor([115, 115, 116, 116, 116, 116, 116, 117, 117, 117, 117, 117, 118, 118,
        118, 118], device='cuda:0')
2025-08-22 15:51:49,862 - ADV_Generation_eps_4.0_steps_100_image_only_attack_prm_Purification_type_noisy_anchor_anchors_10_alpha_1.2_sigma_0.18_threshold_0.0 - INFO - clean_pred: tensor([115, 115, 116, 155, 155, 116, 116, 134, 113, 113, 117, 117, 118, 118,
        122, 118], device='cuda:0')
2025-08-22 15:51:49,862 - ADV_Generation_eps_4.0_steps_100_image_only_attack_prm_Purification_type_noisy_anchor_anchors_10_alpha_1.2_sigma_0.18_threshold_0.0 - INFO - clean_correct_orig: 152
2025-08-22 15:51:49,863 - ADV_Generation_eps_4.0_steps_100_image_only_attack_prm_Purification_type_noisy_anchor_anchors_10_alpha_1.2_sigma_0.18_threshold_0.0 - INFO - clean_pred_purify: tensor([171,  51, 116, 113, 113, 116, 116,  89, 113, 113,  85, 117, 195, 118,
        113, 182], device='cuda:0')
2025-08-22 15:51:49,863 - ADV_Generation_eps_4.0_steps_100_image_only_attack_prm_Purification_type_noisy_anchor_anchors_10_alpha_1.2_sigma_0.18_threshold_0.0 - INFO - clean_correct_purify: 42
2025-08-22 15:51:49,863 - ADV_Generation_eps_4.0_steps_100_image_only_attack_prm_Purification_type_noisy_anchor_anchors_10_alpha_1.2_sigma_0.18_threshold_0.0 - INFO - adv_correct_purify_clean_correct: 33
2025-08-22 15:51:49,863 - ADV_Generation_eps_4.0_steps_100_image_only_attack_prm_Purification_type_noisy_anchor_anchors_10_alpha_1.2_sigma_0.18_threshold_0.0 - INFO - adv_correct_purify_clean_incorrect: 3
2025-08-22 15:51:49,863 - ADV_Generation_eps_4.0_steps_100_image_only_attack_prm_Purification_type_noisy_anchor_anchors_10_alpha_1.2_sigma_0.18_threshold_0.0 - INFO - clean_correct_purify_clean_correct: 39
2025-08-22 15:51:49,863 - ADV_Generation_eps_4.0_steps_100_image_only_attack_prm_Purification_type_noisy_anchor_anchors_10_alpha_1.2_sigma_0.18_threshold_0.0 - INFO - clean_correct_purify_clean_incorrect: 3
2025-08-22 15:51:49,864 - ADV_Generation_eps_4.0_steps_100_image_only_attack_prm_Purification_type_noisy_anchor_anchors_10_alpha_1.2_sigma_0.18_threshold_0.0 - INFO - Batch 37/63: Clean orig accuracy 0.2568 | Clean purify accuracy 0.0709 | Adv orig accuracy: 0.2061 | Adv purify accuracy: 0.0608 | Adv purify acc on clean correct: 0.2171 | Adv purify acc on clean incorrect: 0.0068 | Clean purify acc on clean correct: 0.2566 | Clean purify acc on clean incorrect: 0.0068
2025-08-22 15:52:38,279 - ADV_Generation_eps_4.0_steps_100_image_only_attack_prm_Purification_type_noisy_anchor_anchors_10_alpha_1.2_sigma_0.18_threshold_0.0 - INFO - Generated adversarial images for the entire batch.
2025-08-22 15:52:38,283 - ADV_Generation_eps_4.0_steps_100_image_only_attack_prm_Purification_type_noisy_anchor_anchors_10_alpha_1.2_sigma_0.18_threshold_0.0 - INFO - Batch:[37] Image: [0] Saved adversarial tensor to /leonardo_work/EUHPC_R04_192/fmohamma/Adversarial_Robust_Clip/atpt_data/delta_clip_l14_224/A/adv_images_eps_4.0_alpha_1.0_steps_100_image_only_attack_prm/n03483316_0.002189_German Shepherd Dog _ German Shepherd Dog_0.53629833.pt
2025-08-22 15:52:38,289 - ADV_Generation_eps_4.0_steps_100_image_only_attack_prm_Purification_type_noisy_anchor_anchors_10_alpha_1.2_sigma_0.18_threshold_0.0 - INFO - Batch:[37] Image: [1] Saved adversarial tensor to /leonardo_work/EUHPC_R04_192/fmohamma/Adversarial_Robust_Clip/atpt_data/delta_clip_l14_224/A/adv_images_eps_4.0_alpha_1.0_steps_100_image_only_attack_prm/n03584829_0.005642_soap dispenser _ digital clock_0.25785252.pt
2025-08-22 15:52:38,294 - ADV_Generation_eps_4.0_steps_100_image_only_attack_prm_Purification_type_noisy_anchor_anchors_10_alpha_1.2_sigma_0.18_threshold_0.0 - INFO - Batch:[37] Image: [2] Saved adversarial tensor to /leonardo_work/EUHPC_R04_192/fmohamma/Adversarial_Robust_Clip/atpt_data/delta_clip_l14_224/A/adv_images_eps_4.0_alpha_1.0_steps_100_image_only_attack_prm/n03584829_0.007873_toaster _ toaster_0.28943324.pt
2025-08-22 15:52:38,298 - ADV_Generation_eps_4.0_steps_100_image_only_attack_prm_Purification_type_noisy_anchor_anchors_10_alpha_1.2_sigma_0.18_threshold_0.0 - INFO - Batch:[37] Image: [3] Saved adversarial tensor to /leonardo_work/EUHPC_R04_192/fmohamma/Adversarial_Robust_Clip/atpt_data/delta_clip_l14_224/A/adv_images_eps_4.0_alpha_1.0_steps_100_image_only_attack_prm/n03584829_0.104805_golf cart _ golf cart_0.73568964.pt
2025-08-22 15:52:38,303 - ADV_Generation_eps_4.0_steps_100_image_only_attack_prm_Purification_type_noisy_anchor_anchors_10_alpha_1.2_sigma_0.18_threshold_0.0 - INFO - Batch:[37] Image: [4] Saved adversarial tensor to /leonardo_work/EUHPC_R04_192/fmohamma/Adversarial_Robust_Clip/atpt_data/delta_clip_l14_224/A/adv_images_eps_4.0_alpha_1.0_steps_100_image_only_attack_prm/n03590841_0.000019_wine bottle _ wine bottle_0.9960289.pt
2025-08-22 15:52:38,307 - ADV_Generation_eps_4.0_steps_100_image_only_attack_prm_Purification_type_noisy_anchor_anchors_10_alpha_1.2_sigma_0.18_threshold_0.0 - INFO - Batch:[37] Image: [5] Saved adversarial tensor to /leonardo_work/EUHPC_R04_192/fmohamma/Adversarial_Robust_Clip/atpt_data/delta_clip_l14_224/A/adv_images_eps_4.0_alpha_1.0_steps_100_image_only_attack_prm/n03590841_0.000070_fountain _ fountain_0.42922726.pt
2025-08-22 15:52:38,313 - ADV_Generation_eps_4.0_steps_100_image_only_attack_prm_Purification_type_noisy_anchor_anchors_10_alpha_1.2_sigma_0.18_threshold_0.0 - INFO - Batch:[37] Image: [6] Saved adversarial tensor to /leonardo_work/EUHPC_R04_192/fmohamma/Adversarial_Robust_Clip/atpt_data/delta_clip_l14_224/A/adv_images_eps_4.0_alpha_1.0_steps_100_image_only_attack_prm/n03590841_0.000093_torch _ torch_0.95147455.pt
2025-08-22 15:52:38,316 - ADV_Generation_eps_4.0_steps_100_image_only_attack_prm_Purification_type_noisy_anchor_anchors_10_alpha_1.2_sigma_0.18_threshold_0.0 - INFO - Batch:[37] Image: [7] Saved adversarial tensor to /leonardo_work/EUHPC_R04_192/fmohamma/Adversarial_Robust_Clip/atpt_data/delta_clip_l14_224/A/adv_images_eps_4.0_alpha_1.0_steps_100_image_only_attack_prm/n03590841_0.000100_torch _ torch_0.9219574.pt
2025-08-22 15:52:38,319 - ADV_Generation_eps_4.0_steps_100_image_only_attack_prm_Purification_type_noisy_anchor_anchors_10_alpha_1.2_sigma_0.18_threshold_0.0 - INFO - Batch:[37] Image: [8] Saved adversarial tensor to /leonardo_work/EUHPC_R04_192/fmohamma/Adversarial_Robust_Clip/atpt_data/delta_clip_l14_224/A/adv_images_eps_4.0_alpha_1.0_steps_100_image_only_attack_prm/n03590841_0.000173_snowmobile _ snowmobile_0.93523467.pt
2025-08-22 15:52:38,321 - ADV_Generation_eps_4.0_steps_100_image_only_attack_prm_Purification_type_noisy_anchor_anchors_10_alpha_1.2_sigma_0.18_threshold_0.0 - INFO - Batch:[37] Image: [9] Saved adversarial tensor to /leonardo_work/EUHPC_R04_192/fmohamma/Adversarial_Robust_Clip/atpt_data/delta_clip_l14_224/A/adv_images_eps_4.0_alpha_1.0_steps_100_image_only_attack_prm/n03594945_0.000315_school bus _ school bus_0.9971374.pt
2025-08-22 15:52:38,323 - ADV_Generation_eps_4.0_steps_100_image_only_attack_prm_Purification_type_noisy_anchor_anchors_10_alpha_1.2_sigma_0.18_threshold_0.0 - INFO - Batch:[37] Image: [10] Saved adversarial tensor to /leonardo_work/EUHPC_R04_192/fmohamma/Adversarial_Robust_Clip/atpt_data/delta_clip_l14_224/A/adv_images_eps_4.0_alpha_1.0_steps_100_image_only_attack_prm/n03594945_0.000392_snowplow _ snowplow_0.9977925.pt
2025-08-22 15:52:38,327 - ADV_Generation_eps_4.0_steps_100_image_only_attack_prm_Purification_type_noisy_anchor_anchors_10_alpha_1.2_sigma_0.18_threshold_0.0 - INFO - Batch:[37] Image: [11] Saved adversarial tensor to /leonardo_work/EUHPC_R04_192/fmohamma/Adversarial_Robust_Clip/atpt_data/delta_clip_l14_224/A/adv_images_eps_4.0_alpha_1.0_steps_100_image_only_attack_prm/n03594945_0.000400_snowplow _ snowplow_0.99114275.pt
2025-08-22 15:52:38,329 - ADV_Generation_eps_4.0_steps_100_image_only_attack_prm_Purification_type_noisy_anchor_anchors_10_alpha_1.2_sigma_0.18_threshold_0.0 - INFO - Batch:[37] Image: [12] Saved adversarial tensor to /leonardo_work/EUHPC_R04_192/fmohamma/Adversarial_Robust_Clip/atpt_data/delta_clip_l14_224/A/adv_images_eps_4.0_alpha_1.0_steps_100_image_only_attack_prm/n03594945_0.000579_suspension bridge _ suspension bridge_0.9724807.pt
2025-08-22 15:52:38,331 - ADV_Generation_eps_4.0_steps_100_image_only_attack_prm_Purification_type_noisy_anchor_anchors_10_alpha_1.2_sigma_0.18_threshold_0.0 - INFO - Batch:[37] Image: [13] Saved adversarial tensor to /leonardo_work/EUHPC_R04_192/fmohamma/Adversarial_Robust_Clip/atpt_data/delta_clip_l14_224/A/adv_images_eps_4.0_alpha_1.0_steps_100_image_only_attack_prm/n03594945_0.000626_toaster _ toaster_0.6505447.pt
2025-08-22 15:52:38,334 - ADV_Generation_eps_4.0_steps_100_image_only_attack_prm_Purification_type_noisy_anchor_anchors_10_alpha_1.2_sigma_0.18_threshold_0.0 - INFO - Batch:[37] Image: [14] Saved adversarial tensor to /leonardo_work/EUHPC_R04_192/fmohamma/Adversarial_Robust_Clip/atpt_data/delta_clip_l14_224/A/adv_images_eps_4.0_alpha_1.0_steps_100_image_only_attack_prm/n03617480_0.000030_pretzel _ pretzel_0.73700035.pt
2025-08-22 15:52:38,335 - ADV_Generation_eps_4.0_steps_100_image_only_attack_prm_Purification_type_noisy_anchor_anchors_10_alpha_1.2_sigma_0.18_threshold_0.0 - INFO - Batch:[37] Image: [15] Saved adversarial tensor to /leonardo_work/EUHPC_R04_192/fmohamma/Adversarial_Robust_Clip/atpt_data/delta_clip_l14_224/A/adv_images_eps_4.0_alpha_1.0_steps_100_image_only_attack_prm/n03617480_0.000033_torch _ torch_0.95143926.pt
2025-08-22 15:52:40,085 - ADV_Generation_eps_4.0_steps_100_image_only_attack_prm_Purification_type_noisy_anchor_anchors_10_alpha_1.2_sigma_0.18_threshold_0.0 - INFO - ======================== Adversarial Image Evaluation ==========================
2025-08-22 15:52:40,085 - ADV_Generation_eps_4.0_steps_100_image_only_attack_prm_Purification_type_noisy_anchor_anchors_10_alpha_1.2_sigma_0.18_threshold_0.0 - INFO - target: tensor([118, 119, 119, 119, 120, 120, 120, 120, 120, 121, 121, 121, 121, 121,
        122, 122], device='cuda:0')
2025-08-22 15:52:40,086 - ADV_Generation_eps_4.0_steps_100_image_only_attack_prm_Purification_type_noisy_anchor_anchors_10_alpha_1.2_sigma_0.18_threshold_0.0 - INFO - adv_pred: tensor([ 40, 119,  33, 102, 120,  81, 169, 169, 120, 149, 155, 155, 173, 121,
        122, 122], device='cuda:0')
2025-08-22 15:52:40,086 - ADV_Generation_eps_4.0_steps_100_image_only_attack_prm_Purification_type_noisy_anchor_anchors_10_alpha_1.2_sigma_0.18_threshold_0.0 - INFO - adv_correct_orig: 128 = 122 + 6
2025-08-22 15:52:40,086 - ADV_Generation_eps_4.0_steps_100_image_only_attack_prm_Purification_type_noisy_anchor_anchors_10_alpha_1.2_sigma_0.18_threshold_0.0 - INFO - adv_pred_purify: tensor([116, 175, 101, 161, 190, 127, 169,  52, 178, 149, 121, 155, 173, 121,
        195, 122], device='cuda:0')
2025-08-22 15:52:40,086 - ADV_Generation_eps_4.0_steps_100_image_only_attack_prm_Purification_type_noisy_anchor_anchors_10_alpha_1.2_sigma_0.18_threshold_0.0 - INFO - adv_correct_purify: 39 = 36 + 3
2025-08-22 15:52:41,833 - ADV_Generation_eps_4.0_steps_100_image_only_attack_prm_Purification_type_noisy_anchor_anchors_10_alpha_1.2_sigma_0.18_threshold_0.0 - INFO - ======================== Clean Image Evaluation ==========================
2025-08-22 15:52:41,833 - ADV_Generation_eps_4.0_steps_100_image_only_attack_prm_Purification_type_noisy_anchor_anchors_10_alpha_1.2_sigma_0.18_threshold_0.0 - INFO - target: tensor([118, 119, 119, 119, 120, 120, 120, 120, 120, 121, 121, 121, 121, 121,
        122, 122], device='cuda:0')
2025-08-22 15:52:41,833 - ADV_Generation_eps_4.0_steps_100_image_only_attack_prm_Purification_type_noisy_anchor_anchors_10_alpha_1.2_sigma_0.18_threshold_0.0 - INFO - clean_pred: tensor([ 37, 119,  93, 102, 120, 112, 169, 169, 120, 149, 155, 155, 173, 121,
        122, 122], device='cuda:0')
2025-08-22 15:52:41,834 - ADV_Generation_eps_4.0_steps_100_image_only_attack_prm_Purification_type_noisy_anchor_anchors_10_alpha_1.2_sigma_0.18_threshold_0.0 - INFO - clean_correct_orig: 158
2025-08-22 15:52:41,834 - ADV_Generation_eps_4.0_steps_100_image_only_attack_prm_Purification_type_noisy_anchor_anchors_10_alpha_1.2_sigma_0.18_threshold_0.0 - INFO - clean_pred_purify: tensor([116, 156, 198, 161, 190, 164, 169,  52, 178, 149, 121, 155, 173, 121,
        195, 122], device='cuda:0')
2025-08-22 15:52:41,834 - ADV_Generation_eps_4.0_steps_100_image_only_attack_prm_Purification_type_noisy_anchor_anchors_10_alpha_1.2_sigma_0.18_threshold_0.0 - INFO - clean_correct_purify: 45
2025-08-22 15:52:41,834 - ADV_Generation_eps_4.0_steps_100_image_only_attack_prm_Purification_type_noisy_anchor_anchors_10_alpha_1.2_sigma_0.18_threshold_0.0 - INFO - adv_correct_purify_clean_correct: 35
2025-08-22 15:52:41,834 - ADV_Generation_eps_4.0_steps_100_image_only_attack_prm_Purification_type_noisy_anchor_anchors_10_alpha_1.2_sigma_0.18_threshold_0.0 - INFO - adv_correct_purify_clean_incorrect: 4
2025-08-22 15:52:41,834 - ADV_Generation_eps_4.0_steps_100_image_only_attack_prm_Purification_type_noisy_anchor_anchors_10_alpha_1.2_sigma_0.18_threshold_0.0 - INFO - clean_correct_purify_clean_correct: 41
2025-08-22 15:52:41,834 - ADV_Generation_eps_4.0_steps_100_image_only_attack_prm_Purification_type_noisy_anchor_anchors_10_alpha_1.2_sigma_0.18_threshold_0.0 - INFO - clean_correct_purify_clean_incorrect: 4
2025-08-22 15:52:41,835 - ADV_Generation_eps_4.0_steps_100_image_only_attack_prm_Purification_type_noisy_anchor_anchors_10_alpha_1.2_sigma_0.18_threshold_0.0 - INFO - Batch 38/63: Clean orig accuracy 0.2599 | Clean purify accuracy 0.0740 | Adv orig accuracy: 0.2105 | Adv purify accuracy: 0.0641 | Adv purify acc on clean correct: 0.2215 | Adv purify acc on clean incorrect: 0.0089 | Clean purify acc on clean correct: 0.2595 | Clean purify acc on clean incorrect: 0.0089
2025-08-22 15:53:30,145 - ADV_Generation_eps_4.0_steps_100_image_only_attack_prm_Purification_type_noisy_anchor_anchors_10_alpha_1.2_sigma_0.18_threshold_0.0 - INFO - Generated adversarial images for the entire batch.
2025-08-22 15:53:30,148 - ADV_Generation_eps_4.0_steps_100_image_only_attack_prm_Purification_type_noisy_anchor_anchors_10_alpha_1.2_sigma_0.18_threshold_0.0 - INFO - Batch:[38] Image: [0] Saved adversarial tensor to /leonardo_work/EUHPC_R04_192/fmohamma/Adversarial_Robust_Clip/atpt_data/delta_clip_l14_224/A/adv_images_eps_4.0_alpha_1.0_steps_100_image_only_attack_prm/n03617480_0.000064_submarine _ submarine_0.61829746.pt
2025-08-22 15:53:30,150 - ADV_Generation_eps_4.0_steps_100_image_only_attack_prm_Purification_type_noisy_anchor_anchors_10_alpha_1.2_sigma_0.18_threshold_0.0 - INFO - Batch:[38] Image: [1] Saved adversarial tensor to /leonardo_work/EUHPC_R04_192/fmohamma/Adversarial_Robust_Clip/atpt_data/delta_clip_l14_224/A/adv_images_eps_4.0_alpha_1.0_steps_100_image_only_attack_prm/n03617480_0.000109_tricycle _ tricycle_0.9414759.pt
2025-08-22 15:53:30,152 - ADV_Generation_eps_4.0_steps_100_image_only_attack_prm_Purification_type_noisy_anchor_anchors_10_alpha_1.2_sigma_0.18_threshold_0.0 - INFO - Batch:[38] Image: [2] Saved adversarial tensor to /leonardo_work/EUHPC_R04_192/fmohamma/Adversarial_Robust_Clip/atpt_data/delta_clip_l14_224/A/adv_images_eps_4.0_alpha_1.0_steps_100_image_only_attack_prm/n03617480_0.000114_tricycle _ tricycle_0.98200756.pt
2025-08-22 15:53:30,155 - ADV_Generation_eps_4.0_steps_100_image_only_attack_prm_Purification_type_noisy_anchor_anchors_10_alpha_1.2_sigma_0.18_threshold_0.0 - INFO - Batch:[38] Image: [3] Saved adversarial tensor to /leonardo_work/EUHPC_R04_192/fmohamma/Adversarial_Robust_Clip/atpt_data/delta_clip_l14_224/A/adv_images_eps_4.0_alpha_1.0_steps_100_image_only_attack_prm/n03666591_0.000019_torch _ torch_0.99114007.pt
2025-08-22 15:53:30,158 - ADV_Generation_eps_4.0_steps_100_image_only_attack_prm_Purification_type_noisy_anchor_anchors_10_alpha_1.2_sigma_0.18_threshold_0.0 - INFO - Batch:[38] Image: [4] Saved adversarial tensor to /leonardo_work/EUHPC_R04_192/fmohamma/Adversarial_Robust_Clip/atpt_data/delta_clip_l14_224/A/adv_images_eps_4.0_alpha_1.0_steps_100_image_only_attack_prm/n03666591_0.000022_wheelbarrow _ wheelbarrow_0.4686909.pt
2025-08-22 15:53:30,161 - ADV_Generation_eps_4.0_steps_100_image_only_attack_prm_Purification_type_noisy_anchor_anchors_10_alpha_1.2_sigma_0.18_threshold_0.0 - INFO - Batch:[38] Image: [5] Saved adversarial tensor to /leonardo_work/EUHPC_R04_192/fmohamma/Adversarial_Robust_Clip/atpt_data/delta_clip_l14_224/A/adv_images_eps_4.0_alpha_1.0_steps_100_image_only_attack_prm/n03666591_0.000025_carbonara _ carbonara_0.8426171.pt
2025-08-22 15:53:30,165 - ADV_Generation_eps_4.0_steps_100_image_only_attack_prm_Purification_type_noisy_anchor_anchors_10_alpha_1.2_sigma_0.18_threshold_0.0 - INFO - Batch:[38] Image: [6] Saved adversarial tensor to /leonardo_work/EUHPC_R04_192/fmohamma/Adversarial_Robust_Clip/atpt_data/delta_clip_l14_224/A/adv_images_eps_4.0_alpha_1.0_steps_100_image_only_attack_prm/n03666591_0.000035_rotary dial telephone _ rotary dial telephone_0.82112634.pt
2025-08-22 15:53:30,167 - ADV_Generation_eps_4.0_steps_100_image_only_attack_prm_Purification_type_noisy_anchor_anchors_10_alpha_1.2_sigma_0.18_threshold_0.0 - INFO - Batch:[38] Image: [7] Saved adversarial tensor to /leonardo_work/EUHPC_R04_192/fmohamma/Adversarial_Robust_Clip/atpt_data/delta_clip_l14_224/A/adv_images_eps_4.0_alpha_1.0_steps_100_image_only_attack_prm/n03666591_0.000041_pretzel _ pretzel_0.73686063.pt
2025-08-22 15:53:30,170 - ADV_Generation_eps_4.0_steps_100_image_only_attack_prm_Purification_type_noisy_anchor_anchors_10_alpha_1.2_sigma_0.18_threshold_0.0 - INFO - Batch:[38] Image: [8] Saved adversarial tensor to /leonardo_work/EUHPC_R04_192/fmohamma/Adversarial_Robust_Clip/atpt_data/delta_clip_l14_224/A/adv_images_eps_4.0_alpha_1.0_steps_100_image_only_attack_prm/n03670208_0.003899_hair dryer _ grand piano_0.7359066.pt
2025-08-22 15:53:30,174 - ADV_Generation_eps_4.0_steps_100_image_only_attack_prm_Purification_type_noisy_anchor_anchors_10_alpha_1.2_sigma_0.18_threshold_0.0 - INFO - Batch:[38] Image: [9] Saved adversarial tensor to /leonardo_work/EUHPC_R04_192/fmohamma/Adversarial_Robust_Clip/atpt_data/delta_clip_l14_224/A/adv_images_eps_4.0_alpha_1.0_steps_100_image_only_attack_prm/n03670208_0.004488_castle _ castle_0.74379444.pt
2025-08-22 15:53:30,177 - ADV_Generation_eps_4.0_steps_100_image_only_attack_prm_Purification_type_noisy_anchor_anchors_10_alpha_1.2_sigma_0.18_threshold_0.0 - INFO - Batch:[38] Image: [10] Saved adversarial tensor to /leonardo_work/EUHPC_R04_192/fmohamma/Adversarial_Robust_Clip/atpt_data/delta_clip_l14_224/A/adv_images_eps_4.0_alpha_1.0_steps_100_image_only_attack_prm/n03670208_0.004715_mask _ mask_0.86357397.pt
2025-08-22 15:53:30,179 - ADV_Generation_eps_4.0_steps_100_image_only_attack_prm_Purification_type_noisy_anchor_anchors_10_alpha_1.2_sigma_0.18_threshold_0.0 - INFO - Batch:[38] Image: [11] Saved adversarial tensor to /leonardo_work/EUHPC_R04_192/fmohamma/Adversarial_Robust_Clip/atpt_data/delta_clip_l14_224/A/adv_images_eps_4.0_alpha_1.0_steps_100_image_only_attack_prm/n03670208_0.005003_parking meter _ parking meter_0.15008746.pt
2025-08-22 15:53:30,183 - ADV_Generation_eps_4.0_steps_100_image_only_attack_prm_Purification_type_noisy_anchor_anchors_10_alpha_1.2_sigma_0.18_threshold_0.0 - INFO - Batch:[38] Image: [12] Saved adversarial tensor to /leonardo_work/EUHPC_R04_192/fmohamma/Adversarial_Robust_Clip/atpt_data/delta_clip_l14_224/A/adv_images_eps_4.0_alpha_1.0_steps_100_image_only_attack_prm/n03670208_0.005483_academic gown _ academic gown_0.98153436.pt
2025-08-22 15:53:30,186 - ADV_Generation_eps_4.0_steps_100_image_only_attack_prm_Purification_type_noisy_anchor_anchors_10_alpha_1.2_sigma_0.18_threshold_0.0 - INFO - Batch:[38] Image: [13] Saved adversarial tensor to /leonardo_work/EUHPC_R04_192/fmohamma/Adversarial_Robust_Clip/atpt_data/delta_clip_l14_224/A/adv_images_eps_4.0_alpha_1.0_steps_100_image_only_attack_prm/n03717622_0.000001_garbage truck _ garbage truck_0.97454405.pt
2025-08-22 15:53:30,189 - ADV_Generation_eps_4.0_steps_100_image_only_attack_prm_Purification_type_noisy_anchor_anchors_10_alpha_1.2_sigma_0.18_threshold_0.0 - INFO - Batch:[38] Image: [14] Saved adversarial tensor to /leonardo_work/EUHPC_R04_192/fmohamma/Adversarial_Robust_Clip/atpt_data/delta_clip_l14_224/A/adv_images_eps_4.0_alpha_1.0_steps_100_image_only_attack_prm/n03717622_0.000002_ambulance _ ambulance_0.94068813.pt
2025-08-22 15:53:30,191 - ADV_Generation_eps_4.0_steps_100_image_only_attack_prm_Purification_type_noisy_anchor_anchors_10_alpha_1.2_sigma_0.18_threshold_0.0 - INFO - Batch:[38] Image: [15] Saved adversarial tensor to /leonardo_work/EUHPC_R04_192/fmohamma/Adversarial_Robust_Clip/atpt_data/delta_clip_l14_224/A/adv_images_eps_4.0_alpha_1.0_steps_100_image_only_attack_prm/n03717622_0.000002_fountain _ fountain_0.94618344.pt
2025-08-22 15:53:31,941 - ADV_Generation_eps_4.0_steps_100_image_only_attack_prm_Purification_type_noisy_anchor_anchors_10_alpha_1.2_sigma_0.18_threshold_0.0 - INFO - ======================== Adversarial Image Evaluation ==========================
2025-08-22 15:53:31,941 - ADV_Generation_eps_4.0_steps_100_image_only_attack_prm_Purification_type_noisy_anchor_anchors_10_alpha_1.2_sigma_0.18_threshold_0.0 - INFO - target: tensor([122, 122, 122, 123, 123, 123, 123, 123, 124, 124, 124, 124, 124, 125,
        125, 125], device='cuda:0')
2025-08-22 15:53:31,942 - ADV_Generation_eps_4.0_steps_100_image_only_attack_prm_Purification_type_noisy_anchor_anchors_10_alpha_1.2_sigma_0.18_threshold_0.0 - INFO - adv_pred: tensor([173, 170, 170, 169,  40, 138,  57, 114, 124, 132, 124, 124, 124, 113,
         79, 176], device='cuda:0')
2025-08-22 15:53:31,942 - ADV_Generation_eps_4.0_steps_100_image_only_attack_prm_Purification_type_noisy_anchor_anchors_10_alpha_1.2_sigma_0.18_threshold_0.0 - INFO - adv_correct_orig: 132 = 128 + 4
2025-08-22 15:53:31,942 - ADV_Generation_eps_4.0_steps_100_image_only_attack_prm_Purification_type_noisy_anchor_anchors_10_alpha_1.2_sigma_0.18_threshold_0.0 - INFO - adv_pred_purify: tensor([173, 170, 170, 198,  39, 186,   0, 138, 136, 132, 149, 113, 130, 113,
        113, 104], device='cuda:0')
2025-08-22 15:53:31,942 - ADV_Generation_eps_4.0_steps_100_image_only_attack_prm_Purification_type_noisy_anchor_anchors_10_alpha_1.2_sigma_0.18_threshold_0.0 - INFO - adv_correct_purify: 39 = 39 + 0
2025-08-22 15:53:33,688 - ADV_Generation_eps_4.0_steps_100_image_only_attack_prm_Purification_type_noisy_anchor_anchors_10_alpha_1.2_sigma_0.18_threshold_0.0 - INFO - ======================== Clean Image Evaluation ==========================
2025-08-22 15:53:33,689 - ADV_Generation_eps_4.0_steps_100_image_only_attack_prm_Purification_type_noisy_anchor_anchors_10_alpha_1.2_sigma_0.18_threshold_0.0 - INFO - target: tensor([122, 122, 122, 123, 123, 123, 123, 123, 124, 124, 124, 124, 124, 125,
        125, 125], device='cuda:0')
2025-08-22 15:53:33,689 - ADV_Generation_eps_4.0_steps_100_image_only_attack_prm_Purification_type_noisy_anchor_anchors_10_alpha_1.2_sigma_0.18_threshold_0.0 - INFO - clean_pred: tensor([173, 170, 170, 169,  40, 138,  57, 114, 124, 132, 124, 124, 124, 113,
         79, 176], device='cuda:0')
2025-08-22 15:53:33,689 - ADV_Generation_eps_4.0_steps_100_image_only_attack_prm_Purification_type_noisy_anchor_anchors_10_alpha_1.2_sigma_0.18_threshold_0.0 - INFO - clean_correct_orig: 162
2025-08-22 15:53:33,690 - ADV_Generation_eps_4.0_steps_100_image_only_attack_prm_Purification_type_noisy_anchor_anchors_10_alpha_1.2_sigma_0.18_threshold_0.0 - INFO - clean_pred_purify: tensor([173, 170, 170, 198,  39, 186,   0, 114, 136, 132, 124, 113, 104, 113,
        113, 104], device='cuda:0')
2025-08-22 15:53:33,690 - ADV_Generation_eps_4.0_steps_100_image_only_attack_prm_Purification_type_noisy_anchor_anchors_10_alpha_1.2_sigma_0.18_threshold_0.0 - INFO - clean_correct_purify: 46
2025-08-22 15:53:33,690 - ADV_Generation_eps_4.0_steps_100_image_only_attack_prm_Purification_type_noisy_anchor_anchors_10_alpha_1.2_sigma_0.18_threshold_0.0 - INFO - adv_correct_purify_clean_correct: 35
2025-08-22 15:53:33,690 - ADV_Generation_eps_4.0_steps_100_image_only_attack_prm_Purification_type_noisy_anchor_anchors_10_alpha_1.2_sigma_0.18_threshold_0.0 - INFO - adv_correct_purify_clean_incorrect: 4
2025-08-22 15:53:33,690 - ADV_Generation_eps_4.0_steps_100_image_only_attack_prm_Purification_type_noisy_anchor_anchors_10_alpha_1.2_sigma_0.18_threshold_0.0 - INFO - clean_correct_purify_clean_correct: 42
2025-08-22 15:53:33,690 - ADV_Generation_eps_4.0_steps_100_image_only_attack_prm_Purification_type_noisy_anchor_anchors_10_alpha_1.2_sigma_0.18_threshold_0.0 - INFO - clean_correct_purify_clean_incorrect: 4
2025-08-22 15:53:33,691 - ADV_Generation_eps_4.0_steps_100_image_only_attack_prm_Purification_type_noisy_anchor_anchors_10_alpha_1.2_sigma_0.18_threshold_0.0 - INFO - Batch 39/63: Clean orig accuracy 0.2596 | Clean purify accuracy 0.0737 | Adv orig accuracy: 0.2115 | Adv purify accuracy: 0.0625 | Adv purify acc on clean correct: 0.2160 | Adv purify acc on clean incorrect: 0.0087 | Clean purify acc on clean correct: 0.2593 | Clean purify acc on clean incorrect: 0.0087
2025-08-22 15:54:22,030 - ADV_Generation_eps_4.0_steps_100_image_only_attack_prm_Purification_type_noisy_anchor_anchors_10_alpha_1.2_sigma_0.18_threshold_0.0 - INFO - Generated adversarial images for the entire batch.
2025-08-22 15:54:22,033 - ADV_Generation_eps_4.0_steps_100_image_only_attack_prm_Purification_type_noisy_anchor_anchors_10_alpha_1.2_sigma_0.18_threshold_0.0 - INFO - Batch:[39] Image: [0] Saved adversarial tensor to /leonardo_work/EUHPC_R04_192/fmohamma/Adversarial_Robust_Clip/atpt_data/delta_clip_l14_224/A/adv_images_eps_4.0_alpha_1.0_steps_100_image_only_attack_prm/n03717622_0.000002_unicycle _ unicycle_0.94213307.pt
2025-08-22 15:54:22,034 - ADV_Generation_eps_4.0_steps_100_image_only_attack_prm_Purification_type_noisy_anchor_anchors_10_alpha_1.2_sigma_0.18_threshold_0.0 - INFO - Batch:[39] Image: [1] Saved adversarial tensor to /leonardo_work/EUHPC_R04_192/fmohamma/Adversarial_Robust_Clip/atpt_data/delta_clip_l14_224/A/adv_images_eps_4.0_alpha_1.0_steps_100_image_only_attack_prm/n03717622_0.000024_tricycle _ tricycle_0.9516731.pt
2025-08-22 15:54:22,036 - ADV_Generation_eps_4.0_steps_100_image_only_attack_prm_Purification_type_noisy_anchor_anchors_10_alpha_1.2_sigma_0.18_threshold_0.0 - INFO - Batch:[39] Image: [2] Saved adversarial tensor to /leonardo_work/EUHPC_R04_192/fmohamma/Adversarial_Robust_Clip/atpt_data/delta_clip_l14_224/A/adv_images_eps_4.0_alpha_1.0_steps_100_image_only_attack_prm/n03720891_0.000027_cradle _ cradle_0.9993777.pt
2025-08-22 15:54:22,038 - ADV_Generation_eps_4.0_steps_100_image_only_attack_prm_Purification_type_noisy_anchor_anchors_10_alpha_1.2_sigma_0.18_threshold_0.0 - INFO - Batch:[39] Image: [3] Saved adversarial tensor to /leonardo_work/EUHPC_R04_192/fmohamma/Adversarial_Robust_Clip/atpt_data/delta_clip_l14_224/A/adv_images_eps_4.0_alpha_1.0_steps_100_image_only_attack_prm/n03720891_0.000246_nail _ nail_0.98317885.pt
2025-08-22 15:54:22,040 - ADV_Generation_eps_4.0_steps_100_image_only_attack_prm_Purification_type_noisy_anchor_anchors_10_alpha_1.2_sigma_0.18_threshold_0.0 - INFO - Batch:[39] Image: [4] Saved adversarial tensor to /leonardo_work/EUHPC_R04_192/fmohamma/Adversarial_Robust_Clip/atpt_data/delta_clip_l14_224/A/adv_images_eps_4.0_alpha_1.0_steps_100_image_only_attack_prm/n03720891_0.000386_snail _ snail_0.98851156.pt
2025-08-22 15:54:22,041 - ADV_Generation_eps_4.0_steps_100_image_only_attack_prm_Purification_type_noisy_anchor_anchors_10_alpha_1.2_sigma_0.18_threshold_0.0 - INFO - Batch:[39] Image: [5] Saved adversarial tensor to /leonardo_work/EUHPC_R04_192/fmohamma/Adversarial_Robust_Clip/atpt_data/delta_clip_l14_224/A/adv_images_eps_4.0_alpha_1.0_steps_100_image_only_attack_prm/n03720891_0.000677_balance beam _ envelope_0.6176325.pt
2025-08-22 15:54:22,043 - ADV_Generation_eps_4.0_steps_100_image_only_attack_prm_Purification_type_noisy_anchor_anchors_10_alpha_1.2_sigma_0.18_threshold_0.0 - INFO - Batch:[39] Image: [6] Saved adversarial tensor to /leonardo_work/EUHPC_R04_192/fmohamma/Adversarial_Robust_Clip/atpt_data/delta_clip_l14_224/A/adv_images_eps_4.0_alpha_1.0_steps_100_image_only_attack_prm/n03720891_0.001087_go-kart _ go-kart_0.6433134.pt
2025-08-22 15:54:22,046 - ADV_Generation_eps_4.0_steps_100_image_only_attack_prm_Purification_type_noisy_anchor_anchors_10_alpha_1.2_sigma_0.18_threshold_0.0 - INFO - Batch:[39] Image: [7] Saved adversarial tensor to /leonardo_work/EUHPC_R04_192/fmohamma/Adversarial_Robust_Clip/atpt_data/delta_clip_l14_224/A/adv_images_eps_4.0_alpha_1.0_steps_100_image_only_attack_prm/n03721384_0.000307_breastplate _ breastplate_0.64443654.pt
2025-08-22 15:54:22,048 - ADV_Generation_eps_4.0_steps_100_image_only_attack_prm_Purification_type_noisy_anchor_anchors_10_alpha_1.2_sigma_0.18_threshold_0.0 - INFO - Batch:[39] Image: [8] Saved adversarial tensor to /leonardo_work/EUHPC_R04_192/fmohamma/Adversarial_Robust_Clip/atpt_data/delta_clip_l14_224/A/adv_images_eps_4.0_alpha_1.0_steps_100_image_only_attack_prm/n03721384_0.000317_saxophone _ saxophone_0.9976955.pt
2025-08-22 15:54:22,050 - ADV_Generation_eps_4.0_steps_100_image_only_attack_prm_Purification_type_noisy_anchor_anchors_10_alpha_1.2_sigma_0.18_threshold_0.0 - INFO - Batch:[39] Image: [9] Saved adversarial tensor to /leonardo_work/EUHPC_R04_192/fmohamma/Adversarial_Robust_Clip/atpt_data/delta_clip_l14_224/A/adv_images_eps_4.0_alpha_1.0_steps_100_image_only_attack_prm/n03721384_0.000364_organ _ organ_0.9981598.pt
2025-08-22 15:54:22,051 - ADV_Generation_eps_4.0_steps_100_image_only_attack_prm_Purification_type_noisy_anchor_anchors_10_alpha_1.2_sigma_0.18_threshold_0.0 - INFO - Batch:[39] Image: [10] Saved adversarial tensor to /leonardo_work/EUHPC_R04_192/fmohamma/Adversarial_Robust_Clip/atpt_data/delta_clip_l14_224/A/adv_images_eps_4.0_alpha_1.0_steps_100_image_only_attack_prm/n03721384_0.001071_salt shaker _ salt shaker_0.9040963.pt
2025-08-22 15:54:22,053 - ADV_Generation_eps_4.0_steps_100_image_only_attack_prm_Purification_type_noisy_anchor_anchors_10_alpha_1.2_sigma_0.18_threshold_0.0 - INFO - Batch:[39] Image: [11] Saved adversarial tensor to /leonardo_work/EUHPC_R04_192/fmohamma/Adversarial_Robust_Clip/atpt_data/delta_clip_l14_224/A/adv_images_eps_4.0_alpha_1.0_steps_100_image_only_attack_prm/n03721384_0.001083_spider web _ fountain_0.7695741.pt
2025-08-22 15:54:22,054 - ADV_Generation_eps_4.0_steps_100_image_only_attack_prm_Purification_type_noisy_anchor_anchors_10_alpha_1.2_sigma_0.18_threshold_0.0 - INFO - Batch:[39] Image: [12] Saved adversarial tensor to /leonardo_work/EUHPC_R04_192/fmohamma/Adversarial_Robust_Clip/atpt_data/delta_clip_l14_224/A/adv_images_eps_4.0_alpha_1.0_steps_100_image_only_attack_prm/n03724870_0.000004_pretzel _ pretzel_0.9993305.pt
2025-08-22 15:54:22,056 - ADV_Generation_eps_4.0_steps_100_image_only_attack_prm_Purification_type_noisy_anchor_anchors_10_alpha_1.2_sigma_0.18_threshold_0.0 - INFO - Batch:[39] Image: [13] Saved adversarial tensor to /leonardo_work/EUHPC_R04_192/fmohamma/Adversarial_Robust_Clip/atpt_data/delta_clip_l14_224/A/adv_images_eps_4.0_alpha_1.0_steps_100_image_only_attack_prm/n03724870_0.000008_forklift _ forklift_0.9451102.pt
2025-08-22 15:54:22,057 - ADV_Generation_eps_4.0_steps_100_image_only_attack_prm_Purification_type_noisy_anchor_anchors_10_alpha_1.2_sigma_0.18_threshold_0.0 - INFO - Batch:[39] Image: [14] Saved adversarial tensor to /leonardo_work/EUHPC_R04_192/fmohamma/Adversarial_Robust_Clip/atpt_data/delta_clip_l14_224/A/adv_images_eps_4.0_alpha_1.0_steps_100_image_only_attack_prm/n03724870_0.000010_billiard table _ billiard table_0.99360967.pt
2025-08-22 15:54:22,059 - ADV_Generation_eps_4.0_steps_100_image_only_attack_prm_Purification_type_noisy_anchor_anchors_10_alpha_1.2_sigma_0.18_threshold_0.0 - INFO - Batch:[39] Image: [15] Saved adversarial tensor to /leonardo_work/EUHPC_R04_192/fmohamma/Adversarial_Robust_Clip/atpt_data/delta_clip_l14_224/A/adv_images_eps_4.0_alpha_1.0_steps_100_image_only_attack_prm/n03724870_0.000011_rotary dial telephone _ rotary dial telephone_0.9885478.pt
2025-08-22 15:54:23,808 - ADV_Generation_eps_4.0_steps_100_image_only_attack_prm_Purification_type_noisy_anchor_anchors_10_alpha_1.2_sigma_0.18_threshold_0.0 - INFO - ======================== Adversarial Image Evaluation ==========================
2025-08-22 15:54:23,809 - ADV_Generation_eps_4.0_steps_100_image_only_attack_prm_Purification_type_noisy_anchor_anchors_10_alpha_1.2_sigma_0.18_threshold_0.0 - INFO - target: tensor([125, 125, 126, 126, 126, 126, 126, 127, 127, 127, 127, 127, 128, 128,
        128, 128], device='cuda:0')
2025-08-22 15:54:23,809 - ADV_Generation_eps_4.0_steps_100_image_only_attack_prm_Purification_type_noisy_anchor_anchors_10_alpha_1.2_sigma_0.18_threshold_0.0 - INFO - adv_pred: tensor([172, 125, 102,  81,  29,  92,  90, 134, 148, 127, 107, 158, 128, 115,
         81, 128], device='cuda:0')
2025-08-22 15:54:23,809 - ADV_Generation_eps_4.0_steps_100_image_only_attack_prm_Purification_type_noisy_anchor_anchors_10_alpha_1.2_sigma_0.18_threshold_0.0 - INFO - adv_correct_orig: 136 = 132 + 4
2025-08-22 15:54:23,810 - ADV_Generation_eps_4.0_steps_100_image_only_attack_prm_Purification_type_noisy_anchor_anchors_10_alpha_1.2_sigma_0.18_threshold_0.0 - INFO - adv_pred_purify: tensor([172, 174, 144, 112,  29, 167, 181,   0, 148, 134, 115, 158,  15, 115,
         81, 128], device='cuda:0')
2025-08-22 15:54:23,810 - ADV_Generation_eps_4.0_steps_100_image_only_attack_prm_Purification_type_noisy_anchor_anchors_10_alpha_1.2_sigma_0.18_threshold_0.0 - INFO - adv_correct_purify: 40 = 39 + 1
2025-08-22 15:54:25,556 - ADV_Generation_eps_4.0_steps_100_image_only_attack_prm_Purification_type_noisy_anchor_anchors_10_alpha_1.2_sigma_0.18_threshold_0.0 - INFO - ======================== Clean Image Evaluation ==========================
2025-08-22 15:54:25,556 - ADV_Generation_eps_4.0_steps_100_image_only_attack_prm_Purification_type_noisy_anchor_anchors_10_alpha_1.2_sigma_0.18_threshold_0.0 - INFO - target: tensor([125, 125, 126, 126, 126, 126, 126, 127, 127, 127, 127, 127, 128, 128,
        128, 128], device='cuda:0')
2025-08-22 15:54:25,557 - ADV_Generation_eps_4.0_steps_100_image_only_attack_prm_Purification_type_noisy_anchor_anchors_10_alpha_1.2_sigma_0.18_threshold_0.0 - INFO - clean_pred: tensor([125, 125, 102,  81,  83,  92,  90, 134, 127, 127, 107, 158, 128, 115,
         81, 128], device='cuda:0')
2025-08-22 15:54:25,557 - ADV_Generation_eps_4.0_steps_100_image_only_attack_prm_Purification_type_noisy_anchor_anchors_10_alpha_1.2_sigma_0.18_threshold_0.0 - INFO - clean_correct_orig: 168
2025-08-22 15:54:25,557 - ADV_Generation_eps_4.0_steps_100_image_only_attack_prm_Purification_type_noisy_anchor_anchors_10_alpha_1.2_sigma_0.18_threshold_0.0 - INFO - clean_pred_purify: tensor([172, 174, 144, 112,  29, 167, 181,   0, 148, 134, 115, 158, 180, 115,
         81, 128], device='cuda:0')
2025-08-22 15:54:25,557 - ADV_Generation_eps_4.0_steps_100_image_only_attack_prm_Purification_type_noisy_anchor_anchors_10_alpha_1.2_sigma_0.18_threshold_0.0 - INFO - clean_correct_purify: 47
2025-08-22 15:54:25,557 - ADV_Generation_eps_4.0_steps_100_image_only_attack_prm_Purification_type_noisy_anchor_anchors_10_alpha_1.2_sigma_0.18_threshold_0.0 - INFO - adv_correct_purify_clean_correct: 36
2025-08-22 15:54:25,557 - ADV_Generation_eps_4.0_steps_100_image_only_attack_prm_Purification_type_noisy_anchor_anchors_10_alpha_1.2_sigma_0.18_threshold_0.0 - INFO - adv_correct_purify_clean_incorrect: 4
2025-08-22 15:54:25,557 - ADV_Generation_eps_4.0_steps_100_image_only_attack_prm_Purification_type_noisy_anchor_anchors_10_alpha_1.2_sigma_0.18_threshold_0.0 - INFO - clean_correct_purify_clean_correct: 43
2025-08-22 15:54:25,557 - ADV_Generation_eps_4.0_steps_100_image_only_attack_prm_Purification_type_noisy_anchor_anchors_10_alpha_1.2_sigma_0.18_threshold_0.0 - INFO - clean_correct_purify_clean_incorrect: 4
2025-08-22 15:54:25,558 - ADV_Generation_eps_4.0_steps_100_image_only_attack_prm_Purification_type_noisy_anchor_anchors_10_alpha_1.2_sigma_0.18_threshold_0.0 - INFO - Batch 40/63: Clean orig accuracy 0.2625 | Clean purify accuracy 0.0734 | Adv orig accuracy: 0.2125 | Adv purify accuracy: 0.0625 | Adv purify acc on clean correct: 0.2143 | Adv purify acc on clean incorrect: 0.0085 | Clean purify acc on clean correct: 0.2560 | Clean purify acc on clean incorrect: 0.0085
2025-08-22 15:55:13,941 - ADV_Generation_eps_4.0_steps_100_image_only_attack_prm_Purification_type_noisy_anchor_anchors_10_alpha_1.2_sigma_0.18_threshold_0.0 - INFO - Generated adversarial images for the entire batch.
2025-08-22 15:55:13,945 - ADV_Generation_eps_4.0_steps_100_image_only_attack_prm_Purification_type_noisy_anchor_anchors_10_alpha_1.2_sigma_0.18_threshold_0.0 - INFO - Batch:[40] Image: [0] Saved adversarial tensor to /leonardo_work/EUHPC_R04_192/fmohamma/Adversarial_Robust_Clip/atpt_data/delta_clip_l14_224/A/adv_images_eps_4.0_alpha_1.0_steps_100_image_only_attack_prm/n03724870_0.000014_shipwreck _ shipwreck_0.97399116.pt
2025-08-22 15:55:13,947 - ADV_Generation_eps_4.0_steps_100_image_only_attack_prm_Purification_type_noisy_anchor_anchors_10_alpha_1.2_sigma_0.18_threshold_0.0 - INFO - Batch:[40] Image: [1] Saved adversarial tensor to /leonardo_work/EUHPC_R04_192/fmohamma/Adversarial_Robust_Clip/atpt_data/delta_clip_l14_224/A/adv_images_eps_4.0_alpha_1.0_steps_100_image_only_attack_prm/n03775071_0.000010_cradle _ cradle_0.98119074.pt
2025-08-22 15:55:13,948 - ADV_Generation_eps_4.0_steps_100_image_only_attack_prm_Purification_type_noisy_anchor_anchors_10_alpha_1.2_sigma_0.18_threshold_0.0 - INFO - Batch:[40] Image: [2] Saved adversarial tensor to /leonardo_work/EUHPC_R04_192/fmohamma/Adversarial_Robust_Clip/atpt_data/delta_clip_l14_224/A/adv_images_eps_4.0_alpha_1.0_steps_100_image_only_attack_prm/n03775071_0.000065_snowmobile _ snowmobile_0.68529254.pt
2025-08-22 15:55:13,950 - ADV_Generation_eps_4.0_steps_100_image_only_attack_prm_Purification_type_noisy_anchor_anchors_10_alpha_1.2_sigma_0.18_threshold_0.0 - INFO - Batch:[40] Image: [3] Saved adversarial tensor to /leonardo_work/EUHPC_R04_192/fmohamma/Adversarial_Robust_Clip/atpt_data/delta_clip_l14_224/A/adv_images_eps_4.0_alpha_1.0_steps_100_image_only_attack_prm/n03775071_0.000145_Christmas stocking _ Christmas stocking_0.9986047.pt
2025-08-22 15:55:13,952 - ADV_Generation_eps_4.0_steps_100_image_only_attack_prm_Purification_type_noisy_anchor_anchors_10_alpha_1.2_sigma_0.18_threshold_0.0 - INFO - Batch:[40] Image: [4] Saved adversarial tensor to /leonardo_work/EUHPC_R04_192/fmohamma/Adversarial_Robust_Clip/atpt_data/delta_clip_l14_224/A/adv_images_eps_4.0_alpha_1.0_steps_100_image_only_attack_prm/n03775071_0.000197_Chihuahua _ carbonara_0.46918887.pt
2025-08-22 15:55:13,954 - ADV_Generation_eps_4.0_steps_100_image_only_attack_prm_Purification_type_noisy_anchor_anchors_10_alpha_1.2_sigma_0.18_threshold_0.0 - INFO - Batch:[40] Image: [5] Saved adversarial tensor to /leonardo_work/EUHPC_R04_192/fmohamma/Adversarial_Robust_Clip/atpt_data/delta_clip_l14_224/A/adv_images_eps_4.0_alpha_1.0_steps_100_image_only_attack_prm/n03775071_0.000197_sleeping bag _ sleeping bag_0.7565986.pt
2025-08-22 15:55:13,955 - ADV_Generation_eps_4.0_steps_100_image_only_attack_prm_Purification_type_noisy_anchor_anchors_10_alpha_1.2_sigma_0.18_threshold_0.0 - INFO - Batch:[40] Image: [6] Saved adversarial tensor to /leonardo_work/EUHPC_R04_192/fmohamma/Adversarial_Robust_Clip/atpt_data/delta_clip_l14_224/A/adv_images_eps_4.0_alpha_1.0_steps_100_image_only_attack_prm/n03788195_0.000132_barn _ barn_0.6687761.pt
2025-08-22 15:55:13,957 - ADV_Generation_eps_4.0_steps_100_image_only_attack_prm_Purification_type_noisy_anchor_anchors_10_alpha_1.2_sigma_0.18_threshold_0.0 - INFO - Batch:[40] Image: [7] Saved adversarial tensor to /leonardo_work/EUHPC_R04_192/fmohamma/Adversarial_Robust_Clip/atpt_data/delta_clip_l14_224/A/adv_images_eps_4.0_alpha_1.0_steps_100_image_only_attack_prm/n03788195_0.000149_submarine _ submarine_0.9844727.pt
2025-08-22 15:55:13,958 - ADV_Generation_eps_4.0_steps_100_image_only_attack_prm_Purification_type_noisy_anchor_anchors_10_alpha_1.2_sigma_0.18_threshold_0.0 - INFO - Batch:[40] Image: [8] Saved adversarial tensor to /leonardo_work/EUHPC_R04_192/fmohamma/Adversarial_Robust_Clip/atpt_data/delta_clip_l14_224/A/adv_images_eps_4.0_alpha_1.0_steps_100_image_only_attack_prm/n03788195_0.000159_lighthouse _ lighthouse_0.88240474.pt
2025-08-22 15:55:13,960 - ADV_Generation_eps_4.0_steps_100_image_only_attack_prm_Purification_type_noisy_anchor_anchors_10_alpha_1.2_sigma_0.18_threshold_0.0 - INFO - Batch:[40] Image: [9] Saved adversarial tensor to /leonardo_work/EUHPC_R04_192/fmohamma/Adversarial_Robust_Clip/atpt_data/delta_clip_l14_224/A/adv_images_eps_4.0_alpha_1.0_steps_100_image_only_attack_prm/n03788195_0.000251_stingray _ stingray_0.7409649.pt
2025-08-22 15:55:13,962 - ADV_Generation_eps_4.0_steps_100_image_only_attack_prm_Purification_type_noisy_anchor_anchors_10_alpha_1.2_sigma_0.18_threshold_0.0 - INFO - Batch:[40] Image: [10] Saved adversarial tensor to /leonardo_work/EUHPC_R04_192/fmohamma/Adversarial_Robust_Clip/atpt_data/delta_clip_l14_224/A/adv_images_eps_4.0_alpha_1.0_steps_100_image_only_attack_prm/n03788195_0.000487_submarine _ submarine_0.9878199.pt
2025-08-22 15:55:13,963 - ADV_Generation_eps_4.0_steps_100_image_only_attack_prm_Purification_type_noisy_anchor_anchors_10_alpha_1.2_sigma_0.18_threshold_0.0 - INFO - Batch:[40] Image: [11] Saved adversarial tensor to /leonardo_work/EUHPC_R04_192/fmohamma/Adversarial_Robust_Clip/atpt_data/delta_clip_l14_224/A/adv_images_eps_4.0_alpha_1.0_steps_100_image_only_attack_prm/n03804744_0.000303_chest _ chest_0.94501203.pt
2025-08-22 15:55:13,965 - ADV_Generation_eps_4.0_steps_100_image_only_attack_prm_Purification_type_noisy_anchor_anchors_10_alpha_1.2_sigma_0.18_threshold_0.0 - INFO - Batch:[40] Image: [12] Saved adversarial tensor to /leonardo_work/EUHPC_R04_192/fmohamma/Adversarial_Robust_Clip/atpt_data/delta_clip_l14_224/A/adv_images_eps_4.0_alpha_1.0_steps_100_image_only_attack_prm/n03804744_0.001651_chain _ centipede_0.99056554.pt
2025-08-22 15:55:13,967 - ADV_Generation_eps_4.0_steps_100_image_only_attack_prm_Purification_type_noisy_anchor_anchors_10_alpha_1.2_sigma_0.18_threshold_0.0 - INFO - Batch:[40] Image: [13] Saved adversarial tensor to /leonardo_work/EUHPC_R04_192/fmohamma/Adversarial_Robust_Clip/atpt_data/delta_clip_l14_224/A/adv_images_eps_4.0_alpha_1.0_steps_100_image_only_attack_prm/n03804744_0.001870_sundial _ sundial_0.88395905.pt
2025-08-22 15:55:13,968 - ADV_Generation_eps_4.0_steps_100_image_only_attack_prm_Purification_type_noisy_anchor_anchors_10_alpha_1.2_sigma_0.18_threshold_0.0 - INFO - Batch:[40] Image: [14] Saved adversarial tensor to /leonardo_work/EUHPC_R04_192/fmohamma/Adversarial_Robust_Clip/atpt_data/delta_clip_l14_224/A/adv_images_eps_4.0_alpha_1.0_steps_100_image_only_attack_prm/n03804744_0.001947_ant _ chest_0.2587781.pt
2025-08-22 15:55:13,970 - ADV_Generation_eps_4.0_steps_100_image_only_attack_prm_Purification_type_noisy_anchor_anchors_10_alpha_1.2_sigma_0.18_threshold_0.0 - INFO - Batch:[40] Image: [15] Saved adversarial tensor to /leonardo_work/EUHPC_R04_192/fmohamma/Adversarial_Robust_Clip/atpt_data/delta_clip_l14_224/A/adv_images_eps_4.0_alpha_1.0_steps_100_image_only_attack_prm/n03804744_0.004279_parking meter _ parking meter_0.83385473.pt
2025-08-22 15:55:15,720 - ADV_Generation_eps_4.0_steps_100_image_only_attack_prm_Purification_type_noisy_anchor_anchors_10_alpha_1.2_sigma_0.18_threshold_0.0 - INFO - ======================== Adversarial Image Evaluation ==========================
2025-08-22 15:55:15,720 - ADV_Generation_eps_4.0_steps_100_image_only_attack_prm_Purification_type_noisy_anchor_anchors_10_alpha_1.2_sigma_0.18_threshold_0.0 - INFO - target: tensor([128, 129, 129, 129, 129, 129, 130, 130, 130, 130, 130, 131, 131, 131,
        131, 131], device='cuda:0')
2025-08-22 15:55:15,720 - ADV_Generation_eps_4.0_steps_100_image_only_attack_prm_Purification_type_noisy_anchor_anchors_10_alpha_1.2_sigma_0.18_threshold_0.0 - INFO - adv_pred: tensor([178, 102, 154, 129, 191, 154, 178, 130, 130,  87, 130,  84, 125,  56,
         92, 136], device='cuda:0')
2025-08-22 15:55:15,721 - ADV_Generation_eps_4.0_steps_100_image_only_attack_prm_Purification_type_noisy_anchor_anchors_10_alpha_1.2_sigma_0.18_threshold_0.0 - INFO - adv_correct_orig: 140 = 136 + 4
2025-08-22 15:55:15,721 - ADV_Generation_eps_4.0_steps_100_image_only_attack_prm_Purification_type_noisy_anchor_anchors_10_alpha_1.2_sigma_0.18_threshold_0.0 - INFO - adv_pred_purify: tensor([ 46,  89, 154, 129, 191,   4, 104, 130,  87,  87, 130, 104,  14,   0,
         92, 136], device='cuda:0')
2025-08-22 15:55:15,721 - ADV_Generation_eps_4.0_steps_100_image_only_attack_prm_Purification_type_noisy_anchor_anchors_10_alpha_1.2_sigma_0.18_threshold_0.0 - INFO - adv_correct_purify: 43 = 40 + 3
2025-08-22 15:55:17,467 - ADV_Generation_eps_4.0_steps_100_image_only_attack_prm_Purification_type_noisy_anchor_anchors_10_alpha_1.2_sigma_0.18_threshold_0.0 - INFO - ======================== Clean Image Evaluation ==========================
2025-08-22 15:55:17,467 - ADV_Generation_eps_4.0_steps_100_image_only_attack_prm_Purification_type_noisy_anchor_anchors_10_alpha_1.2_sigma_0.18_threshold_0.0 - INFO - target: tensor([128, 129, 129, 129, 129, 129, 130, 130, 130, 130, 130, 131, 131, 131,
        131, 131], device='cuda:0')
2025-08-22 15:55:17,468 - ADV_Generation_eps_4.0_steps_100_image_only_attack_prm_Purification_type_noisy_anchor_anchors_10_alpha_1.2_sigma_0.18_threshold_0.0 - INFO - clean_pred: tensor([178, 102, 154, 129, 191,   2, 178, 130, 130,  87, 130, 143, 125,  56,
         90, 136], device='cuda:0')
2025-08-22 15:55:17,468 - ADV_Generation_eps_4.0_steps_100_image_only_attack_prm_Purification_type_noisy_anchor_anchors_10_alpha_1.2_sigma_0.18_threshold_0.0 - INFO - clean_correct_orig: 172
2025-08-22 15:55:17,468 - ADV_Generation_eps_4.0_steps_100_image_only_attack_prm_Purification_type_noisy_anchor_anchors_10_alpha_1.2_sigma_0.18_threshold_0.0 - INFO - clean_pred_purify: tensor([ 46,  89, 154, 129, 191,   4, 104, 130,  87,  87, 130, 104,  98,   0,
         92, 136], device='cuda:0')
2025-08-22 15:55:17,468 - ADV_Generation_eps_4.0_steps_100_image_only_attack_prm_Purification_type_noisy_anchor_anchors_10_alpha_1.2_sigma_0.18_threshold_0.0 - INFO - clean_correct_purify: 50
2025-08-22 15:55:17,468 - ADV_Generation_eps_4.0_steps_100_image_only_attack_prm_Purification_type_noisy_anchor_anchors_10_alpha_1.2_sigma_0.18_threshold_0.0 - INFO - adv_correct_purify_clean_correct: 39
2025-08-22 15:55:17,468 - ADV_Generation_eps_4.0_steps_100_image_only_attack_prm_Purification_type_noisy_anchor_anchors_10_alpha_1.2_sigma_0.18_threshold_0.0 - INFO - adv_correct_purify_clean_incorrect: 4
2025-08-22 15:55:17,468 - ADV_Generation_eps_4.0_steps_100_image_only_attack_prm_Purification_type_noisy_anchor_anchors_10_alpha_1.2_sigma_0.18_threshold_0.0 - INFO - clean_correct_purify_clean_correct: 46
2025-08-22 15:55:17,468 - ADV_Generation_eps_4.0_steps_100_image_only_attack_prm_Purification_type_noisy_anchor_anchors_10_alpha_1.2_sigma_0.18_threshold_0.0 - INFO - clean_correct_purify_clean_incorrect: 4
2025-08-22 15:55:17,469 - ADV_Generation_eps_4.0_steps_100_image_only_attack_prm_Purification_type_noisy_anchor_anchors_10_alpha_1.2_sigma_0.18_threshold_0.0 - INFO - Batch 41/63: Clean orig accuracy 0.2622 | Clean purify accuracy 0.0762 | Adv orig accuracy: 0.2134 | Adv purify accuracy: 0.0655 | Adv purify acc on clean correct: 0.2267 | Adv purify acc on clean incorrect: 0.0083 | Clean purify acc on clean correct: 0.2674 | Clean purify acc on clean incorrect: 0.0083
2025-08-22 15:56:05,865 - ADV_Generation_eps_4.0_steps_100_image_only_attack_prm_Purification_type_noisy_anchor_anchors_10_alpha_1.2_sigma_0.18_threshold_0.0 - INFO - Generated adversarial images for the entire batch.
2025-08-22 15:56:05,874 - ADV_Generation_eps_4.0_steps_100_image_only_attack_prm_Purification_type_noisy_anchor_anchors_10_alpha_1.2_sigma_0.18_threshold_0.0 - INFO - Batch:[41] Image: [0] Saved adversarial tensor to /leonardo_work/EUHPC_R04_192/fmohamma/Adversarial_Robust_Clip/atpt_data/delta_clip_l14_224/A/adv_images_eps_4.0_alpha_1.0_steps_100_image_only_attack_prm/n03837869_0.000071_reel _ reel_0.460926.pt
2025-08-22 15:56:05,881 - ADV_Generation_eps_4.0_steps_100_image_only_attack_prm_Purification_type_noisy_anchor_anchors_10_alpha_1.2_sigma_0.18_threshold_0.0 - INFO - Batch:[41] Image: [1] Saved adversarial tensor to /leonardo_work/EUHPC_R04_192/fmohamma/Adversarial_Robust_Clip/atpt_data/delta_clip_l14_224/A/adv_images_eps_4.0_alpha_1.0_steps_100_image_only_attack_prm/n03837869_0.000109_stingray _ stingray_0.6870112.pt
2025-08-22 15:56:05,891 - ADV_Generation_eps_4.0_steps_100_image_only_attack_prm_Purification_type_noisy_anchor_anchors_10_alpha_1.2_sigma_0.18_threshold_0.0 - INFO - Batch:[41] Image: [2] Saved adversarial tensor to /leonardo_work/EUHPC_R04_192/fmohamma/Adversarial_Robust_Clip/atpt_data/delta_clip_l14_224/A/adv_images_eps_4.0_alpha_1.0_steps_100_image_only_attack_prm/n03837869_0.000555_unicycle _ unicycle_0.5509491.pt
2025-08-22 15:56:05,899 - ADV_Generation_eps_4.0_steps_100_image_only_attack_prm_Purification_type_noisy_anchor_anchors_10_alpha_1.2_sigma_0.18_threshold_0.0 - INFO - Batch:[41] Image: [3] Saved adversarial tensor to /leonardo_work/EUHPC_R04_192/fmohamma/Adversarial_Robust_Clip/atpt_data/delta_clip_l14_224/A/adv_images_eps_4.0_alpha_1.0_steps_100_image_only_attack_prm/n03837869_0.000626_nail _ nail_0.91276205.pt
2025-08-22 15:56:05,906 - ADV_Generation_eps_4.0_steps_100_image_only_attack_prm_Purification_type_noisy_anchor_anchors_10_alpha_1.2_sigma_0.18_threshold_0.0 - INFO - Batch:[41] Image: [4] Saved adversarial tensor to /leonardo_work/EUHPC_R04_192/fmohamma/Adversarial_Robust_Clip/atpt_data/delta_clip_l14_224/A/adv_images_eps_4.0_alpha_1.0_steps_100_image_only_attack_prm/n03837869_0.000715_castle _ castle_0.9990226.pt
2025-08-22 15:56:05,914 - ADV_Generation_eps_4.0_steps_100_image_only_attack_prm_Purification_type_noisy_anchor_anchors_10_alpha_1.2_sigma_0.18_threshold_0.0 - INFO - Batch:[41] Image: [5] Saved adversarial tensor to /leonardo_work/EUHPC_R04_192/fmohamma/Adversarial_Robust_Clip/atpt_data/delta_clip_l14_224/A/adv_images_eps_4.0_alpha_1.0_steps_100_image_only_attack_prm/n03840681_0.000107_sea lion _ sea lion_0.7614331.pt
2025-08-22 15:56:05,922 - ADV_Generation_eps_4.0_steps_100_image_only_attack_prm_Purification_type_noisy_anchor_anchors_10_alpha_1.2_sigma_0.18_threshold_0.0 - INFO - Batch:[41] Image: [6] Saved adversarial tensor to /leonardo_work/EUHPC_R04_192/fmohamma/Adversarial_Robust_Clip/atpt_data/delta_clip_l14_224/A/adv_images_eps_4.0_alpha_1.0_steps_100_image_only_attack_prm/n03840681_0.000743_revolver _ revolver_0.99431473.pt
2025-08-22 15:56:05,933 - ADV_Generation_eps_4.0_steps_100_image_only_attack_prm_Purification_type_noisy_anchor_anchors_10_alpha_1.2_sigma_0.18_threshold_0.0 - INFO - Batch:[41] Image: [7] Saved adversarial tensor to /leonardo_work/EUHPC_R04_192/fmohamma/Adversarial_Robust_Clip/atpt_data/delta_clip_l14_224/A/adv_images_eps_4.0_alpha_1.0_steps_100_image_only_attack_prm/n03840681_0.000943_mask _ spatula_0.36815023.pt
2025-08-22 15:56:05,939 - ADV_Generation_eps_4.0_steps_100_image_only_attack_prm_Purification_type_noisy_anchor_anchors_10_alpha_1.2_sigma_0.18_threshold_0.0 - INFO - Batch:[41] Image: [8] Saved adversarial tensor to /leonardo_work/EUHPC_R04_192/fmohamma/Adversarial_Robust_Clip/atpt_data/delta_clip_l14_224/A/adv_images_eps_4.0_alpha_1.0_steps_100_image_only_attack_prm/n03840681_0.001009_pomegranate _ pomegranate_0.9946089.pt
2025-08-22 15:56:05,945 - ADV_Generation_eps_4.0_steps_100_image_only_attack_prm_Purification_type_noisy_anchor_anchors_10_alpha_1.2_sigma_0.18_threshold_0.0 - INFO - Batch:[41] Image: [9] Saved adversarial tensor to /leonardo_work/EUHPC_R04_192/fmohamma/Adversarial_Robust_Clip/atpt_data/delta_clip_l14_224/A/adv_images_eps_4.0_alpha_1.0_steps_100_image_only_attack_prm/n03840681_0.001549_spatula _ spatula_0.27305922.pt
2025-08-22 15:56:05,954 - ADV_Generation_eps_4.0_steps_100_image_only_attack_prm_Purification_type_noisy_anchor_anchors_10_alpha_1.2_sigma_0.18_threshold_0.0 - INFO - Batch:[41] Image: [10] Saved adversarial tensor to /leonardo_work/EUHPC_R04_192/fmohamma/Adversarial_Robust_Clip/atpt_data/delta_clip_l14_224/A/adv_images_eps_4.0_alpha_1.0_steps_100_image_only_attack_prm/n03854065_0.000001_hockey puck _ hockey puck_0.99970394.pt
2025-08-22 15:56:05,961 - ADV_Generation_eps_4.0_steps_100_image_only_attack_prm_Purification_type_noisy_anchor_anchors_10_alpha_1.2_sigma_0.18_threshold_0.0 - INFO - Batch:[41] Image: [11] Saved adversarial tensor to /leonardo_work/EUHPC_R04_192/fmohamma/Adversarial_Robust_Clip/atpt_data/delta_clip_l14_224/A/adv_images_eps_4.0_alpha_1.0_steps_100_image_only_attack_prm/n03854065_0.000002_envelope _ envelope_0.78991103.pt
2025-08-22 15:56:05,966 - ADV_Generation_eps_4.0_steps_100_image_only_attack_prm_Purification_type_noisy_anchor_anchors_10_alpha_1.2_sigma_0.18_threshold_0.0 - INFO - Batch:[41] Image: [12] Saved adversarial tensor to /leonardo_work/EUHPC_R04_192/fmohamma/Adversarial_Robust_Clip/atpt_data/delta_clip_l14_224/A/adv_images_eps_4.0_alpha_1.0_steps_100_image_only_attack_prm/n03854065_0.000019_kimono _ kimono_0.9984642.pt
2025-08-22 15:56:05,973 - ADV_Generation_eps_4.0_steps_100_image_only_attack_prm_Purification_type_noisy_anchor_anchors_10_alpha_1.2_sigma_0.18_threshold_0.0 - INFO - Batch:[41] Image: [13] Saved adversarial tensor to /leonardo_work/EUHPC_R04_192/fmohamma/Adversarial_Robust_Clip/atpt_data/delta_clip_l14_224/A/adv_images_eps_4.0_alpha_1.0_steps_100_image_only_attack_prm/n03854065_0.000836_billiard table _ billiard table_0.8575215.pt
2025-08-22 15:56:05,981 - ADV_Generation_eps_4.0_steps_100_image_only_attack_prm_Purification_type_noisy_anchor_anchors_10_alpha_1.2_sigma_0.18_threshold_0.0 - INFO - Batch:[41] Image: [14] Saved adversarial tensor to /leonardo_work/EUHPC_R04_192/fmohamma/Adversarial_Robust_Clip/atpt_data/delta_clip_l14_224/A/adv_images_eps_4.0_alpha_1.0_steps_100_image_only_attack_prm/n03854065_0.001950_steam locomotive _ steam locomotive_0.3259717.pt
2025-08-22 15:56:05,987 - ADV_Generation_eps_4.0_steps_100_image_only_attack_prm_Purification_type_noisy_anchor_anchors_10_alpha_1.2_sigma_0.18_threshold_0.0 - INFO - Batch:[41] Image: [15] Saved adversarial tensor to /leonardo_work/EUHPC_R04_192/fmohamma/Adversarial_Robust_Clip/atpt_data/delta_clip_l14_224/A/adv_images_eps_4.0_alpha_1.0_steps_100_image_only_attack_prm/n03888257_0.000011_go-kart _ go-kart_0.9928878.pt
2025-08-22 15:56:07,738 - ADV_Generation_eps_4.0_steps_100_image_only_attack_prm_Purification_type_noisy_anchor_anchors_10_alpha_1.2_sigma_0.18_threshold_0.0 - INFO - ======================== Adversarial Image Evaluation ==========================
2025-08-22 15:56:07,738 - ADV_Generation_eps_4.0_steps_100_image_only_attack_prm_Purification_type_noisy_anchor_anchors_10_alpha_1.2_sigma_0.18_threshold_0.0 - INFO - target: tensor([132, 132, 132, 132, 132, 133, 133, 133, 133, 133, 134, 134, 134, 134,
        134, 135], device='cuda:0')
2025-08-22 15:56:07,739 - ADV_Generation_eps_4.0_steps_100_image_only_attack_prm_Purification_type_noisy_anchor_anchors_10_alpha_1.2_sigma_0.18_threshold_0.0 - INFO - adv_pred: tensor([132,  63, 132, 132, 132,  57,  44, 133, 190, 123, 134, 134, 134, 117,
        177, 155], device='cuda:0')
2025-08-22 15:56:07,739 - ADV_Generation_eps_4.0_steps_100_image_only_attack_prm_Purification_type_noisy_anchor_anchors_10_alpha_1.2_sigma_0.18_threshold_0.0 - INFO - adv_correct_orig: 148 = 140 + 8
2025-08-22 15:56:07,739 - ADV_Generation_eps_4.0_steps_100_image_only_attack_prm_Purification_type_noisy_anchor_anchors_10_alpha_1.2_sigma_0.18_threshold_0.0 - INFO - adv_pred_purify: tensor([ 81, 110, 132, 132,  96, 195,  46,  98, 190,   4, 134, 117, 104, 117,
        177, 115], device='cuda:0')
2025-08-22 15:56:07,740 - ADV_Generation_eps_4.0_steps_100_image_only_attack_prm_Purification_type_noisy_anchor_anchors_10_alpha_1.2_sigma_0.18_threshold_0.0 - INFO - adv_correct_purify: 46 = 43 + 3
2025-08-22 15:56:09,486 - ADV_Generation_eps_4.0_steps_100_image_only_attack_prm_Purification_type_noisy_anchor_anchors_10_alpha_1.2_sigma_0.18_threshold_0.0 - INFO - ======================== Clean Image Evaluation ==========================
2025-08-22 15:56:09,486 - ADV_Generation_eps_4.0_steps_100_image_only_attack_prm_Purification_type_noisy_anchor_anchors_10_alpha_1.2_sigma_0.18_threshold_0.0 - INFO - target: tensor([132, 132, 132, 132, 132, 133, 133, 133, 133, 133, 134, 134, 134, 134,
        134, 135], device='cuda:0')
2025-08-22 15:56:09,486 - ADV_Generation_eps_4.0_steps_100_image_only_attack_prm_Purification_type_noisy_anchor_anchors_10_alpha_1.2_sigma_0.18_threshold_0.0 - INFO - clean_pred: tensor([132, 112, 132, 132, 132,  57,  44, 123, 190, 148, 134, 134, 134, 117,
        134, 155], device='cuda:0')
2025-08-22 15:56:09,487 - ADV_Generation_eps_4.0_steps_100_image_only_attack_prm_Purification_type_noisy_anchor_anchors_10_alpha_1.2_sigma_0.18_threshold_0.0 - INFO - clean_correct_orig: 180
2025-08-22 15:56:09,487 - ADV_Generation_eps_4.0_steps_100_image_only_attack_prm_Purification_type_noisy_anchor_anchors_10_alpha_1.2_sigma_0.18_threshold_0.0 - INFO - clean_pred_purify: tensor([ 81, 110, 132, 132,  96, 195,  46,  98, 190,   4, 134, 134, 104, 117,
        177, 115], device='cuda:0')
2025-08-22 15:56:09,487 - ADV_Generation_eps_4.0_steps_100_image_only_attack_prm_Purification_type_noisy_anchor_anchors_10_alpha_1.2_sigma_0.18_threshold_0.0 - INFO - clean_correct_purify: 54
2025-08-22 15:56:09,487 - ADV_Generation_eps_4.0_steps_100_image_only_attack_prm_Purification_type_noisy_anchor_anchors_10_alpha_1.2_sigma_0.18_threshold_0.0 - INFO - adv_correct_purify_clean_correct: 42
2025-08-22 15:56:09,487 - ADV_Generation_eps_4.0_steps_100_image_only_attack_prm_Purification_type_noisy_anchor_anchors_10_alpha_1.2_sigma_0.18_threshold_0.0 - INFO - adv_correct_purify_clean_incorrect: 4
2025-08-22 15:56:09,487 - ADV_Generation_eps_4.0_steps_100_image_only_attack_prm_Purification_type_noisy_anchor_anchors_10_alpha_1.2_sigma_0.18_threshold_0.0 - INFO - clean_correct_purify_clean_correct: 50
2025-08-22 15:56:09,487 - ADV_Generation_eps_4.0_steps_100_image_only_attack_prm_Purification_type_noisy_anchor_anchors_10_alpha_1.2_sigma_0.18_threshold_0.0 - INFO - clean_correct_purify_clean_incorrect: 4
2025-08-22 15:56:09,488 - ADV_Generation_eps_4.0_steps_100_image_only_attack_prm_Purification_type_noisy_anchor_anchors_10_alpha_1.2_sigma_0.18_threshold_0.0 - INFO - Batch 42/63: Clean orig accuracy 0.2679 | Clean purify accuracy 0.0804 | Adv orig accuracy: 0.2202 | Adv purify accuracy: 0.0685 | Adv purify acc on clean correct: 0.2333 | Adv purify acc on clean incorrect: 0.0081 | Clean purify acc on clean correct: 0.2778 | Clean purify acc on clean incorrect: 0.0081
2025-08-22 15:56:57,862 - ADV_Generation_eps_4.0_steps_100_image_only_attack_prm_Purification_type_noisy_anchor_anchors_10_alpha_1.2_sigma_0.18_threshold_0.0 - INFO - Generated adversarial images for the entire batch.
2025-08-22 15:56:57,866 - ADV_Generation_eps_4.0_steps_100_image_only_attack_prm_Purification_type_noisy_anchor_anchors_10_alpha_1.2_sigma_0.18_threshold_0.0 - INFO - Batch:[42] Image: [0] Saved adversarial tensor to /leonardo_work/EUHPC_R04_192/fmohamma/Adversarial_Robust_Clip/atpt_data/delta_clip_l14_224/A/adv_images_eps_4.0_alpha_1.0_steps_100_image_only_attack_prm/n03888257_0.000015_snowmobile _ snowmobile_0.9046859.pt
2025-08-22 15:56:57,869 - ADV_Generation_eps_4.0_steps_100_image_only_attack_prm_Purification_type_noisy_anchor_anchors_10_alpha_1.2_sigma_0.18_threshold_0.0 - INFO - Batch:[42] Image: [1] Saved adversarial tensor to /leonardo_work/EUHPC_R04_192/fmohamma/Adversarial_Robust_Clip/atpt_data/delta_clip_l14_224/A/adv_images_eps_4.0_alpha_1.0_steps_100_image_only_attack_prm/n03888257_0.000021_lynx _ lynx_0.44334894.pt
2025-08-22 15:56:57,872 - ADV_Generation_eps_4.0_steps_100_image_only_attack_prm_Purification_type_noisy_anchor_anchors_10_alpha_1.2_sigma_0.18_threshold_0.0 - INFO - Batch:[42] Image: [2] Saved adversarial tensor to /leonardo_work/EUHPC_R04_192/fmohamma/Adversarial_Robust_Clip/atpt_data/delta_clip_l14_224/A/adv_images_eps_4.0_alpha_1.0_steps_100_image_only_attack_prm/n03888257_0.000150_mosque _ mosque_0.99758077.pt
2025-08-22 15:56:57,875 - ADV_Generation_eps_4.0_steps_100_image_only_attack_prm_Purification_type_noisy_anchor_anchors_10_alpha_1.2_sigma_0.18_threshold_0.0 - INFO - Batch:[42] Image: [3] Saved adversarial tensor to /leonardo_work/EUHPC_R04_192/fmohamma/Adversarial_Robust_Clip/atpt_data/delta_clip_l14_224/A/adv_images_eps_4.0_alpha_1.0_steps_100_image_only_attack_prm/n03888257_0.000449_cliff _ cliff_0.5481122.pt
2025-08-22 15:56:57,878 - ADV_Generation_eps_4.0_steps_100_image_only_attack_prm_Purification_type_noisy_anchor_anchors_10_alpha_1.2_sigma_0.18_threshold_0.0 - INFO - Batch:[42] Image: [4] Saved adversarial tensor to /leonardo_work/EUHPC_R04_192/fmohamma/Adversarial_Robust_Clip/atpt_data/delta_clip_l14_224/A/adv_images_eps_4.0_alpha_1.0_steps_100_image_only_attack_prm/n03891332_0.000197_racket _ racket_0.3323864.pt
2025-08-22 15:56:57,881 - ADV_Generation_eps_4.0_steps_100_image_only_attack_prm_Purification_type_noisy_anchor_anchors_10_alpha_1.2_sigma_0.18_threshold_0.0 - INFO - Batch:[42] Image: [5] Saved adversarial tensor to /leonardo_work/EUHPC_R04_192/fmohamma/Adversarial_Robust_Clip/atpt_data/delta_clip_l14_224/A/adv_images_eps_4.0_alpha_1.0_steps_100_image_only_attack_prm/n03891332_0.000447_African bush elephant _ African bush elephant_0.9906557.pt
2025-08-22 15:56:57,884 - ADV_Generation_eps_4.0_steps_100_image_only_attack_prm_Purification_type_noisy_anchor_anchors_10_alpha_1.2_sigma_0.18_threshold_0.0 - INFO - Batch:[42] Image: [6] Saved adversarial tensor to /leonardo_work/EUHPC_R04_192/fmohamma/Adversarial_Robust_Clip/atpt_data/delta_clip_l14_224/A/adv_images_eps_4.0_alpha_1.0_steps_100_image_only_attack_prm/n03891332_0.001272_ambulance _ ambulance_0.9800299.pt
2025-08-22 15:56:57,888 - ADV_Generation_eps_4.0_steps_100_image_only_attack_prm_Purification_type_noisy_anchor_anchors_10_alpha_1.2_sigma_0.18_threshold_0.0 - INFO - Batch:[42] Image: [7] Saved adversarial tensor to /leonardo_work/EUHPC_R04_192/fmohamma/Adversarial_Robust_Clip/atpt_data/delta_clip_l14_224/A/adv_images_eps_4.0_alpha_1.0_steps_100_image_only_attack_prm/n03891332_0.002203_flagpole _ flagpole_0.9250287.pt
2025-08-22 15:56:57,890 - ADV_Generation_eps_4.0_steps_100_image_only_attack_prm_Purification_type_noisy_anchor_anchors_10_alpha_1.2_sigma_0.18_threshold_0.0 - INFO - Batch:[42] Image: [8] Saved adversarial tensor to /leonardo_work/EUHPC_R04_192/fmohamma/Adversarial_Robust_Clip/atpt_data/delta_clip_l14_224/A/adv_images_eps_4.0_alpha_1.0_steps_100_image_only_attack_prm/n03891332_0.002482_forklift _ forklift_0.9394633.pt
2025-08-22 15:56:57,892 - ADV_Generation_eps_4.0_steps_100_image_only_attack_prm_Purification_type_noisy_anchor_anchors_10_alpha_1.2_sigma_0.18_threshold_0.0 - INFO - Batch:[42] Image: [9] Saved adversarial tensor to /leonardo_work/EUHPC_R04_192/fmohamma/Adversarial_Robust_Clip/atpt_data/delta_clip_l14_224/A/adv_images_eps_4.0_alpha_1.0_steps_100_image_only_attack_prm/n03935335_0.000030_stethoscope _ stethoscope_0.99747497.pt
2025-08-22 15:56:57,896 - ADV_Generation_eps_4.0_steps_100_image_only_attack_prm_Purification_type_noisy_anchor_anchors_10_alpha_1.2_sigma_0.18_threshold_0.0 - INFO - Batch:[42] Image: [10] Saved adversarial tensor to /leonardo_work/EUHPC_R04_192/fmohamma/Adversarial_Robust_Clip/atpt_data/delta_clip_l14_224/A/adv_images_eps_4.0_alpha_1.0_steps_100_image_only_attack_prm/n03935335_0.000989_syringe _ syringe_0.77866375.pt
2025-08-22 15:56:57,898 - ADV_Generation_eps_4.0_steps_100_image_only_attack_prm_Purification_type_noisy_anchor_anchors_10_alpha_1.2_sigma_0.18_threshold_0.0 - INFO - Batch:[42] Image: [11] Saved adversarial tensor to /leonardo_work/EUHPC_R04_192/fmohamma/Adversarial_Robust_Clip/atpt_data/delta_clip_l14_224/A/adv_images_eps_4.0_alpha_1.0_steps_100_image_only_attack_prm/n03935335_0.002393_washing machine _ washing machine_0.7881339.pt
2025-08-22 15:56:57,899 - ADV_Generation_eps_4.0_steps_100_image_only_attack_prm_Purification_type_noisy_anchor_anchors_10_alpha_1.2_sigma_0.18_threshold_0.0 - INFO - Batch:[42] Image: [12] Saved adversarial tensor to /leonardo_work/EUHPC_R04_192/fmohamma/Adversarial_Robust_Clip/atpt_data/delta_clip_l14_224/A/adv_images_eps_4.0_alpha_1.0_steps_100_image_only_attack_prm/n03935335_0.003064_bubble _ bubble_0.79205465.pt
2025-08-22 15:56:57,902 - ADV_Generation_eps_4.0_steps_100_image_only_attack_prm_Purification_type_noisy_anchor_anchors_10_alpha_1.2_sigma_0.18_threshold_0.0 - INFO - Batch:[42] Image: [13] Saved adversarial tensor to /leonardo_work/EUHPC_R04_192/fmohamma/Adversarial_Robust_Clip/atpt_data/delta_clip_l14_224/A/adv_images_eps_4.0_alpha_1.0_steps_100_image_only_attack_prm/n03935335_0.003078_obelisk _ obelisk_0.924032.pt
2025-08-22 15:56:57,904 - ADV_Generation_eps_4.0_steps_100_image_only_attack_prm_Purification_type_noisy_anchor_anchors_10_alpha_1.2_sigma_0.18_threshold_0.0 - INFO - Batch:[42] Image: [14] Saved adversarial tensor to /leonardo_work/EUHPC_R04_192/fmohamma/Adversarial_Robust_Clip/atpt_data/delta_clip_l14_224/A/adv_images_eps_4.0_alpha_1.0_steps_100_image_only_attack_prm/n03982430_0.000074_goblet _ goblet_0.97676975.pt
2025-08-22 15:56:57,909 - ADV_Generation_eps_4.0_steps_100_image_only_attack_prm_Purification_type_noisy_anchor_anchors_10_alpha_1.2_sigma_0.18_threshold_0.0 - INFO - Batch:[42] Image: [15] Saved adversarial tensor to /leonardo_work/EUHPC_R04_192/fmohamma/Adversarial_Robust_Clip/atpt_data/delta_clip_l14_224/A/adv_images_eps_4.0_alpha_1.0_steps_100_image_only_attack_prm/n03982430_0.000266_couch _ couch_0.9886254.pt
2025-08-22 15:56:59,659 - ADV_Generation_eps_4.0_steps_100_image_only_attack_prm_Purification_type_noisy_anchor_anchors_10_alpha_1.2_sigma_0.18_threshold_0.0 - INFO - ======================== Adversarial Image Evaluation ==========================
2025-08-22 15:56:59,659 - ADV_Generation_eps_4.0_steps_100_image_only_attack_prm_Purification_type_noisy_anchor_anchors_10_alpha_1.2_sigma_0.18_threshold_0.0 - INFO - target: tensor([135, 135, 135, 135, 136, 136, 136, 136, 136, 137, 137, 137, 137, 137,
        138, 138], device='cuda:0')
2025-08-22 15:56:59,660 - ADV_Generation_eps_4.0_steps_100_image_only_attack_prm_Purification_type_noisy_anchor_anchors_10_alpha_1.2_sigma_0.18_threshold_0.0 - INFO - adv_pred: tensor([154, 135, 110, 135, 136, 110, 113, 123,  90, 137, 147, 102, 137, 132,
        114, 153], device='cuda:0')
2025-08-22 15:56:59,660 - ADV_Generation_eps_4.0_steps_100_image_only_attack_prm_Purification_type_noisy_anchor_anchors_10_alpha_1.2_sigma_0.18_threshold_0.0 - INFO - adv_correct_orig: 153 = 148 + 5
2025-08-22 15:56:59,660 - ADV_Generation_eps_4.0_steps_100_image_only_attack_prm_Purification_type_noisy_anchor_anchors_10_alpha_1.2_sigma_0.18_threshold_0.0 - INFO - adv_pred_purify: tensor([154, 135, 110,  87, 136, 104,  79, 110, 178, 104,  57,   4,  89, 132,
          4,  96], device='cuda:0')
2025-08-22 15:56:59,660 - ADV_Generation_eps_4.0_steps_100_image_only_attack_prm_Purification_type_noisy_anchor_anchors_10_alpha_1.2_sigma_0.18_threshold_0.0 - INFO - adv_correct_purify: 48 = 46 + 2
2025-08-22 15:57:01,406 - ADV_Generation_eps_4.0_steps_100_image_only_attack_prm_Purification_type_noisy_anchor_anchors_10_alpha_1.2_sigma_0.18_threshold_0.0 - INFO - ======================== Clean Image Evaluation ==========================
2025-08-22 15:57:01,407 - ADV_Generation_eps_4.0_steps_100_image_only_attack_prm_Purification_type_noisy_anchor_anchors_10_alpha_1.2_sigma_0.18_threshold_0.0 - INFO - target: tensor([135, 135, 135, 135, 136, 136, 136, 136, 136, 137, 137, 137, 137, 137,
        138, 138], device='cuda:0')
2025-08-22 15:57:01,407 - ADV_Generation_eps_4.0_steps_100_image_only_attack_prm_Purification_type_noisy_anchor_anchors_10_alpha_1.2_sigma_0.18_threshold_0.0 - INFO - clean_pred: tensor([154, 135, 110, 135, 136, 110, 113, 123, 136, 137, 137, 102, 137, 132,
        114, 153], device='cuda:0')
2025-08-22 15:57:01,407 - ADV_Generation_eps_4.0_steps_100_image_only_attack_prm_Purification_type_noisy_anchor_anchors_10_alpha_1.2_sigma_0.18_threshold_0.0 - INFO - clean_correct_orig: 187
2025-08-22 15:57:01,408 - ADV_Generation_eps_4.0_steps_100_image_only_attack_prm_Purification_type_noisy_anchor_anchors_10_alpha_1.2_sigma_0.18_threshold_0.0 - INFO - clean_pred_purify: tensor([154, 135, 110,  87, 136, 104,  79, 169, 178, 104,  57,   4, 137, 132,
          4,  96], device='cuda:0')
2025-08-22 15:57:01,408 - ADV_Generation_eps_4.0_steps_100_image_only_attack_prm_Purification_type_noisy_anchor_anchors_10_alpha_1.2_sigma_0.18_threshold_0.0 - INFO - clean_correct_purify: 57
2025-08-22 15:57:01,408 - ADV_Generation_eps_4.0_steps_100_image_only_attack_prm_Purification_type_noisy_anchor_anchors_10_alpha_1.2_sigma_0.18_threshold_0.0 - INFO - adv_correct_purify_clean_correct: 44
2025-08-22 15:57:01,408 - ADV_Generation_eps_4.0_steps_100_image_only_attack_prm_Purification_type_noisy_anchor_anchors_10_alpha_1.2_sigma_0.18_threshold_0.0 - INFO - adv_correct_purify_clean_incorrect: 4
2025-08-22 15:57:01,408 - ADV_Generation_eps_4.0_steps_100_image_only_attack_prm_Purification_type_noisy_anchor_anchors_10_alpha_1.2_sigma_0.18_threshold_0.0 - INFO - clean_correct_purify_clean_correct: 53
2025-08-22 15:57:01,408 - ADV_Generation_eps_4.0_steps_100_image_only_attack_prm_Purification_type_noisy_anchor_anchors_10_alpha_1.2_sigma_0.18_threshold_0.0 - INFO - clean_correct_purify_clean_incorrect: 4
2025-08-22 15:57:01,409 - ADV_Generation_eps_4.0_steps_100_image_only_attack_prm_Purification_type_noisy_anchor_anchors_10_alpha_1.2_sigma_0.18_threshold_0.0 - INFO - Batch 43/63: Clean orig accuracy 0.2718 | Clean purify accuracy 0.0828 | Adv orig accuracy: 0.2224 | Adv purify accuracy: 0.0698 | Adv purify acc on clean correct: 0.2353 | Adv purify acc on clean incorrect: 0.0080 | Clean purify acc on clean correct: 0.2834 | Clean purify acc on clean incorrect: 0.0080
2025-08-22 15:57:49,807 - ADV_Generation_eps_4.0_steps_100_image_only_attack_prm_Purification_type_noisy_anchor_anchors_10_alpha_1.2_sigma_0.18_threshold_0.0 - INFO - Generated adversarial images for the entire batch.
2025-08-22 15:57:49,811 - ADV_Generation_eps_4.0_steps_100_image_only_attack_prm_Purification_type_noisy_anchor_anchors_10_alpha_1.2_sigma_0.18_threshold_0.0 - INFO - Batch:[43] Image: [0] Saved adversarial tensor to /leonardo_work/EUHPC_R04_192/fmohamma/Adversarial_Robust_Clip/atpt_data/delta_clip_l14_224/A/adv_images_eps_4.0_alpha_1.0_steps_100_image_only_attack_prm/n03982430_0.000405_drumstick _ drumstick_0.9980039.pt
2025-08-22 15:57:49,813 - ADV_Generation_eps_4.0_steps_100_image_only_attack_prm_Purification_type_noisy_anchor_anchors_10_alpha_1.2_sigma_0.18_threshold_0.0 - INFO - Batch:[43] Image: [1] Saved adversarial tensor to /leonardo_work/EUHPC_R04_192/fmohamma/Adversarial_Robust_Clip/atpt_data/delta_clip_l14_224/A/adv_images_eps_4.0_alpha_1.0_steps_100_image_only_attack_prm/n03982430_0.000479_drumstick _ drumstick_0.6905652.pt
2025-08-22 15:57:49,816 - ADV_Generation_eps_4.0_steps_100_image_only_attack_prm_Purification_type_noisy_anchor_anchors_10_alpha_1.2_sigma_0.18_threshold_0.0 - INFO - Batch:[43] Image: [2] Saved adversarial tensor to /leonardo_work/EUHPC_R04_192/fmohamma/Adversarial_Robust_Clip/atpt_data/delta_clip_l14_224/A/adv_images_eps_4.0_alpha_1.0_steps_100_image_only_attack_prm/n03982430_0.001078_bow tie _ bow tie_0.4112725.pt
2025-08-22 15:57:49,819 - ADV_Generation_eps_4.0_steps_100_image_only_attack_prm_Purification_type_noisy_anchor_anchors_10_alpha_1.2_sigma_0.18_threshold_0.0 - INFO - Batch:[43] Image: [3] Saved adversarial tensor to /leonardo_work/EUHPC_R04_192/fmohamma/Adversarial_Robust_Clip/atpt_data/delta_clip_l14_224/A/adv_images_eps_4.0_alpha_1.0_steps_100_image_only_attack_prm/n04019541_0.000148_shovel _ shovel_0.9935142.pt
2025-08-22 15:57:49,821 - ADV_Generation_eps_4.0_steps_100_image_only_attack_prm_Purification_type_noisy_anchor_anchors_10_alpha_1.2_sigma_0.18_threshold_0.0 - INFO - Batch:[43] Image: [4] Saved adversarial tensor to /leonardo_work/EUHPC_R04_192/fmohamma/Adversarial_Robust_Clip/atpt_data/delta_clip_l14_224/A/adv_images_eps_4.0_alpha_1.0_steps_100_image_only_attack_prm/n04019541_0.000203_dumbbell _ dumbbell_0.84169215.pt
2025-08-22 15:57:49,825 - ADV_Generation_eps_4.0_steps_100_image_only_attack_prm_Purification_type_noisy_anchor_anchors_10_alpha_1.2_sigma_0.18_threshold_0.0 - INFO - Batch:[43] Image: [5] Saved adversarial tensor to /leonardo_work/EUHPC_R04_192/fmohamma/Adversarial_Robust_Clip/atpt_data/delta_clip_l14_224/A/adv_images_eps_4.0_alpha_1.0_steps_100_image_only_attack_prm/n04019541_0.000302_German Shepherd Dog _ German Shepherd Dog_0.56375873.pt
2025-08-22 15:57:49,828 - ADV_Generation_eps_4.0_steps_100_image_only_attack_prm_Purification_type_noisy_anchor_anchors_10_alpha_1.2_sigma_0.18_threshold_0.0 - INFO - Batch:[43] Image: [6] Saved adversarial tensor to /leonardo_work/EUHPC_R04_192/fmohamma/Adversarial_Robust_Clip/atpt_data/delta_clip_l14_224/A/adv_images_eps_4.0_alpha_1.0_steps_100_image_only_attack_prm/n04019541_0.000469_tricycle _ tricycle_0.7598242.pt
2025-08-22 15:57:49,830 - ADV_Generation_eps_4.0_steps_100_image_only_attack_prm_Purification_type_noisy_anchor_anchors_10_alpha_1.2_sigma_0.18_threshold_0.0 - INFO - Batch:[43] Image: [7] Saved adversarial tensor to /leonardo_work/EUHPC_R04_192/fmohamma/Adversarial_Robust_Clip/atpt_data/delta_clip_l14_224/A/adv_images_eps_4.0_alpha_1.0_steps_100_image_only_attack_prm/n04019541_0.000680_Golden Retriever _ German Shepherd Dog_0.4400279.pt
2025-08-22 15:57:49,834 - ADV_Generation_eps_4.0_steps_100_image_only_attack_prm_Purification_type_noisy_anchor_anchors_10_alpha_1.2_sigma_0.18_threshold_0.0 - INFO - Batch:[43] Image: [8] Saved adversarial tensor to /leonardo_work/EUHPC_R04_192/fmohamma/Adversarial_Robust_Clip/atpt_data/delta_clip_l14_224/A/adv_images_eps_4.0_alpha_1.0_steps_100_image_only_attack_prm/n04033901_0.001704_crayfish _ crayfish_0.92598426.pt
2025-08-22 15:57:49,837 - ADV_Generation_eps_4.0_steps_100_image_only_attack_prm_Purification_type_noisy_anchor_anchors_10_alpha_1.2_sigma_0.18_threshold_0.0 - INFO - Batch:[43] Image: [9] Saved adversarial tensor to /leonardo_work/EUHPC_R04_192/fmohamma/Adversarial_Robust_Clip/atpt_data/delta_clip_l14_224/A/adv_images_eps_4.0_alpha_1.0_steps_100_image_only_attack_prm/n04033901_0.001748_billiard table _ billiard table_0.7403264.pt
2025-08-22 15:57:49,840 - ADV_Generation_eps_4.0_steps_100_image_only_attack_prm_Purification_type_noisy_anchor_anchors_10_alpha_1.2_sigma_0.18_threshold_0.0 - INFO - Batch:[43] Image: [10] Saved adversarial tensor to /leonardo_work/EUHPC_R04_192/fmohamma/Adversarial_Robust_Clip/atpt_data/delta_clip_l14_224/A/adv_images_eps_4.0_alpha_1.0_steps_100_image_only_attack_prm/n04033901_0.005276_rocking chair _ sundial_0.9583511.pt
2025-08-22 15:57:49,844 - ADV_Generation_eps_4.0_steps_100_image_only_attack_prm_Purification_type_noisy_anchor_anchors_10_alpha_1.2_sigma_0.18_threshold_0.0 - INFO - Batch:[43] Image: [11] Saved adversarial tensor to /leonardo_work/EUHPC_R04_192/fmohamma/Adversarial_Robust_Clip/atpt_data/delta_clip_l14_224/A/adv_images_eps_4.0_alpha_1.0_steps_100_image_only_attack_prm/n04033901_0.005652_hair dryer _ grand piano_0.8917606.pt
2025-08-22 15:57:49,847 - ADV_Generation_eps_4.0_steps_100_image_only_attack_prm_Purification_type_noisy_anchor_anchors_10_alpha_1.2_sigma_0.18_threshold_0.0 - INFO - Batch:[43] Image: [12] Saved adversarial tensor to /leonardo_work/EUHPC_R04_192/fmohamma/Adversarial_Robust_Clip/atpt_data/delta_clip_l14_224/A/adv_images_eps_4.0_alpha_1.0_steps_100_image_only_attack_prm/n04033901_0.006100_syringe _ syringe_0.8615998.pt
2025-08-22 15:57:49,850 - ADV_Generation_eps_4.0_steps_100_image_only_attack_prm_Purification_type_noisy_anchor_anchors_10_alpha_1.2_sigma_0.18_threshold_0.0 - INFO - Batch:[43] Image: [13] Saved adversarial tensor to /leonardo_work/EUHPC_R04_192/fmohamma/Adversarial_Robust_Clip/atpt_data/delta_clip_l14_224/A/adv_images_eps_4.0_alpha_1.0_steps_100_image_only_attack_prm/n04039381_0.000040_lighter _ lighter_0.9009273.pt
2025-08-22 15:57:49,852 - ADV_Generation_eps_4.0_steps_100_image_only_attack_prm_Purification_type_noisy_anchor_anchors_10_alpha_1.2_sigma_0.18_threshold_0.0 - INFO - Batch:[43] Image: [14] Saved adversarial tensor to /leonardo_work/EUHPC_R04_192/fmohamma/Adversarial_Robust_Clip/atpt_data/delta_clip_l14_224/A/adv_images_eps_4.0_alpha_1.0_steps_100_image_only_attack_prm/n04039381_0.000054_hair dryer _ hair dryer_0.5667548.pt
2025-08-22 15:57:49,854 - ADV_Generation_eps_4.0_steps_100_image_only_attack_prm_Purification_type_noisy_anchor_anchors_10_alpha_1.2_sigma_0.18_threshold_0.0 - INFO - Batch:[43] Image: [15] Saved adversarial tensor to /leonardo_work/EUHPC_R04_192/fmohamma/Adversarial_Robust_Clip/atpt_data/delta_clip_l14_224/A/adv_images_eps_4.0_alpha_1.0_steps_100_image_only_attack_prm/n04039381_0.000132_balance beam _ balance beam_0.995452.pt
2025-08-22 15:57:51,603 - ADV_Generation_eps_4.0_steps_100_image_only_attack_prm_Purification_type_noisy_anchor_anchors_10_alpha_1.2_sigma_0.18_threshold_0.0 - INFO - ======================== Adversarial Image Evaluation ==========================
2025-08-22 15:57:51,604 - ADV_Generation_eps_4.0_steps_100_image_only_attack_prm_Purification_type_noisy_anchor_anchors_10_alpha_1.2_sigma_0.18_threshold_0.0 - INFO - target: tensor([138, 138, 138, 139, 139, 139, 139, 139, 140, 140, 140, 140, 140, 141,
        141, 141], device='cuda:0')
2025-08-22 15:57:51,604 - ADV_Generation_eps_4.0_steps_100_image_only_attack_prm_Purification_type_noisy_anchor_anchors_10_alpha_1.2_sigma_0.18_threshold_0.0 - INFO - adv_pred: tensor([106,  81, 106, 139, 195, 161, 139,  41,   3, 138, 132, 151, 151, 139,
        109, 174], device='cuda:0')
2025-08-22 15:57:51,604 - ADV_Generation_eps_4.0_steps_100_image_only_attack_prm_Purification_type_noisy_anchor_anchors_10_alpha_1.2_sigma_0.18_threshold_0.0 - INFO - adv_correct_orig: 155 = 153 + 2
2025-08-22 15:57:51,605 - ADV_Generation_eps_4.0_steps_100_image_only_attack_prm_Purification_type_noisy_anchor_anchors_10_alpha_1.2_sigma_0.18_threshold_0.0 - INFO - adv_pred_purify: tensor([106,  81,  57, 139, 195,  37, 195,  41,   3, 161,  98,  96, 104, 139,
         96, 174], device='cuda:0')
2025-08-22 15:57:51,605 - ADV_Generation_eps_4.0_steps_100_image_only_attack_prm_Purification_type_noisy_anchor_anchors_10_alpha_1.2_sigma_0.18_threshold_0.0 - INFO - adv_correct_purify: 49 = 48 + 1
2025-08-22 15:57:53,351 - ADV_Generation_eps_4.0_steps_100_image_only_attack_prm_Purification_type_noisy_anchor_anchors_10_alpha_1.2_sigma_0.18_threshold_0.0 - INFO - ======================== Clean Image Evaluation ==========================
2025-08-22 15:57:53,352 - ADV_Generation_eps_4.0_steps_100_image_only_attack_prm_Purification_type_noisy_anchor_anchors_10_alpha_1.2_sigma_0.18_threshold_0.0 - INFO - target: tensor([138, 138, 138, 139, 139, 139, 139, 139, 140, 140, 140, 140, 140, 141,
        141, 141], device='cuda:0')
2025-08-22 15:57:53,352 - ADV_Generation_eps_4.0_steps_100_image_only_attack_prm_Purification_type_noisy_anchor_anchors_10_alpha_1.2_sigma_0.18_threshold_0.0 - INFO - clean_pred: tensor([106,  81, 106, 139, 174, 161, 139,  41,   3, 117, 132, 134, 151, 139,
        106, 174], device='cuda:0')
2025-08-22 15:57:53,352 - ADV_Generation_eps_4.0_steps_100_image_only_attack_prm_Purification_type_noisy_anchor_anchors_10_alpha_1.2_sigma_0.18_threshold_0.0 - INFO - clean_correct_orig: 189
2025-08-22 15:57:53,352 - ADV_Generation_eps_4.0_steps_100_image_only_attack_prm_Purification_type_noisy_anchor_anchors_10_alpha_1.2_sigma_0.18_threshold_0.0 - INFO - clean_pred_purify: tensor([106,  81,  57, 139, 195,  37, 195,  41,   3, 161,  98,  96, 104, 139,
        104, 174], device='cuda:0')
2025-08-22 15:57:53,352 - ADV_Generation_eps_4.0_steps_100_image_only_attack_prm_Purification_type_noisy_anchor_anchors_10_alpha_1.2_sigma_0.18_threshold_0.0 - INFO - clean_correct_purify: 58
2025-08-22 15:57:53,352 - ADV_Generation_eps_4.0_steps_100_image_only_attack_prm_Purification_type_noisy_anchor_anchors_10_alpha_1.2_sigma_0.18_threshold_0.0 - INFO - adv_correct_purify_clean_correct: 45
2025-08-22 15:57:53,352 - ADV_Generation_eps_4.0_steps_100_image_only_attack_prm_Purification_type_noisy_anchor_anchors_10_alpha_1.2_sigma_0.18_threshold_0.0 - INFO - adv_correct_purify_clean_incorrect: 4
2025-08-22 15:57:53,352 - ADV_Generation_eps_4.0_steps_100_image_only_attack_prm_Purification_type_noisy_anchor_anchors_10_alpha_1.2_sigma_0.18_threshold_0.0 - INFO - clean_correct_purify_clean_correct: 54
2025-08-22 15:57:53,353 - ADV_Generation_eps_4.0_steps_100_image_only_attack_prm_Purification_type_noisy_anchor_anchors_10_alpha_1.2_sigma_0.18_threshold_0.0 - INFO - clean_correct_purify_clean_incorrect: 4
2025-08-22 15:57:53,353 - ADV_Generation_eps_4.0_steps_100_image_only_attack_prm_Purification_type_noisy_anchor_anchors_10_alpha_1.2_sigma_0.18_threshold_0.0 - INFO - Batch 44/63: Clean orig accuracy 0.2685 | Clean purify accuracy 0.0824 | Adv orig accuracy: 0.2202 | Adv purify accuracy: 0.0696 | Adv purify acc on clean correct: 0.2381 | Adv purify acc on clean incorrect: 0.0078 | Clean purify acc on clean correct: 0.2857 | Clean purify acc on clean incorrect: 0.0078
2025-08-22 15:58:41,754 - ADV_Generation_eps_4.0_steps_100_image_only_attack_prm_Purification_type_noisy_anchor_anchors_10_alpha_1.2_sigma_0.18_threshold_0.0 - INFO - Generated adversarial images for the entire batch.
2025-08-22 15:58:41,762 - ADV_Generation_eps_4.0_steps_100_image_only_attack_prm_Purification_type_noisy_anchor_anchors_10_alpha_1.2_sigma_0.18_threshold_0.0 - INFO - Batch:[44] Image: [0] Saved adversarial tensor to /leonardo_work/EUHPC_R04_192/fmohamma/Adversarial_Robust_Clip/atpt_data/delta_clip_l14_224/A/adv_images_eps_4.0_alpha_1.0_steps_100_image_only_attack_prm/n04039381_0.000182_volleyball _ volleyball_0.8572758.pt
2025-08-22 15:58:41,768 - ADV_Generation_eps_4.0_steps_100_image_only_attack_prm_Purification_type_noisy_anchor_anchors_10_alpha_1.2_sigma_0.18_threshold_0.0 - INFO - Batch:[44] Image: [1] Saved adversarial tensor to /leonardo_work/EUHPC_R04_192/fmohamma/Adversarial_Robust_Clip/atpt_data/delta_clip_l14_224/A/adv_images_eps_4.0_alpha_1.0_steps_100_image_only_attack_prm/n04039381_0.000238_volleyball _ volleyball_0.9344293.pt
2025-08-22 15:58:41,776 - ADV_Generation_eps_4.0_steps_100_image_only_attack_prm_Purification_type_noisy_anchor_anchors_10_alpha_1.2_sigma_0.18_threshold_0.0 - INFO - Batch:[44] Image: [2] Saved adversarial tensor to /leonardo_work/EUHPC_R04_192/fmohamma/Adversarial_Robust_Clip/atpt_data/delta_clip_l14_224/A/adv_images_eps_4.0_alpha_1.0_steps_100_image_only_attack_prm/n04067472_0.000293_shovel _ shovel_0.970875.pt
2025-08-22 15:58:41,782 - ADV_Generation_eps_4.0_steps_100_image_only_attack_prm_Purification_type_noisy_anchor_anchors_10_alpha_1.2_sigma_0.18_threshold_0.0 - INFO - Batch:[44] Image: [3] Saved adversarial tensor to /leonardo_work/EUHPC_R04_192/fmohamma/Adversarial_Robust_Clip/atpt_data/delta_clip_l14_224/A/adv_images_eps_4.0_alpha_1.0_steps_100_image_only_attack_prm/n04067472_0.000523_parking meter _ sundial_0.25345367.pt
2025-08-22 15:58:41,790 - ADV_Generation_eps_4.0_steps_100_image_only_attack_prm_Purification_type_noisy_anchor_anchors_10_alpha_1.2_sigma_0.18_threshold_0.0 - INFO - Batch:[44] Image: [4] Saved adversarial tensor to /leonardo_work/EUHPC_R04_192/fmohamma/Adversarial_Robust_Clip/atpt_data/delta_clip_l14_224/A/adv_images_eps_4.0_alpha_1.0_steps_100_image_only_attack_prm/n04067472_0.000553_doormat _ doormat_0.51484954.pt
2025-08-22 15:58:41,798 - ADV_Generation_eps_4.0_steps_100_image_only_attack_prm_Purification_type_noisy_anchor_anchors_10_alpha_1.2_sigma_0.18_threshold_0.0 - INFO - Batch:[44] Image: [5] Saved adversarial tensor to /leonardo_work/EUHPC_R04_192/fmohamma/Adversarial_Robust_Clip/atpt_data/delta_clip_l14_224/A/adv_images_eps_4.0_alpha_1.0_steps_100_image_only_attack_prm/n04067472_0.000935_bikini _ dumbbell_0.94114757.pt
2025-08-22 15:58:41,805 - ADV_Generation_eps_4.0_steps_100_image_only_attack_prm_Purification_type_noisy_anchor_anchors_10_alpha_1.2_sigma_0.18_threshold_0.0 - INFO - Batch:[44] Image: [6] Saved adversarial tensor to /leonardo_work/EUHPC_R04_192/fmohamma/Adversarial_Robust_Clip/atpt_data/delta_clip_l14_224/A/adv_images_eps_4.0_alpha_1.0_steps_100_image_only_attack_prm/n04067472_0.003371_unicycle _ unicycle_0.5482492.pt
2025-08-22 15:58:41,812 - ADV_Generation_eps_4.0_steps_100_image_only_attack_prm_Purification_type_noisy_anchor_anchors_10_alpha_1.2_sigma_0.18_threshold_0.0 - INFO - Batch:[44] Image: [7] Saved adversarial tensor to /leonardo_work/EUHPC_R04_192/fmohamma/Adversarial_Robust_Clip/atpt_data/delta_clip_l14_224/A/adv_images_eps_4.0_alpha_1.0_steps_100_image_only_attack_prm/n04086273_0.000017_baseball player _ baseball player_0.92042077.pt
2025-08-22 15:58:41,817 - ADV_Generation_eps_4.0_steps_100_image_only_attack_prm_Purification_type_noisy_anchor_anchors_10_alpha_1.2_sigma_0.18_threshold_0.0 - INFO - Batch:[44] Image: [8] Saved adversarial tensor to /leonardo_work/EUHPC_R04_192/fmohamma/Adversarial_Robust_Clip/atpt_data/delta_clip_l14_224/A/adv_images_eps_4.0_alpha_1.0_steps_100_image_only_attack_prm/n04086273_0.000219_marimba _ marimba_0.7152233.pt
2025-08-22 15:58:41,823 - ADV_Generation_eps_4.0_steps_100_image_only_attack_prm_Purification_type_noisy_anchor_anchors_10_alpha_1.2_sigma_0.18_threshold_0.0 - INFO - Batch:[44] Image: [9] Saved adversarial tensor to /leonardo_work/EUHPC_R04_192/fmohamma/Adversarial_Robust_Clip/atpt_data/delta_clip_l14_224/A/adv_images_eps_4.0_alpha_1.0_steps_100_image_only_attack_prm/n04086273_0.000264_chain _ chain_0.8077438.pt
2025-08-22 15:58:41,829 - ADV_Generation_eps_4.0_steps_100_image_only_attack_prm_Purification_type_noisy_anchor_anchors_10_alpha_1.2_sigma_0.18_threshold_0.0 - INFO - Batch:[44] Image: [10] Saved adversarial tensor to /leonardo_work/EUHPC_R04_192/fmohamma/Adversarial_Robust_Clip/atpt_data/delta_clip_l14_224/A/adv_images_eps_4.0_alpha_1.0_steps_100_image_only_attack_prm/n04086273_0.000287_apron _ apron_0.85121924.pt
2025-08-22 15:58:41,835 - ADV_Generation_eps_4.0_steps_100_image_only_attack_prm_Purification_type_noisy_anchor_anchors_10_alpha_1.2_sigma_0.18_threshold_0.0 - INFO - Batch:[44] Image: [11] Saved adversarial tensor to /leonardo_work/EUHPC_R04_192/fmohamma/Adversarial_Robust_Clip/atpt_data/delta_clip_l14_224/A/adv_images_eps_4.0_alpha_1.0_steps_100_image_only_attack_prm/n04086273_0.000348_bow _ bow_0.99039793.pt
2025-08-22 15:58:41,841 - ADV_Generation_eps_4.0_steps_100_image_only_attack_prm_Purification_type_noisy_anchor_anchors_10_alpha_1.2_sigma_0.18_threshold_0.0 - INFO - Batch:[44] Image: [12] Saved adversarial tensor to /leonardo_work/EUHPC_R04_192/fmohamma/Adversarial_Robust_Clip/atpt_data/delta_clip_l14_224/A/adv_images_eps_4.0_alpha_1.0_steps_100_image_only_attack_prm/n04099969_0.000096_shipwreck _ shipwreck_0.9922672.pt
2025-08-22 15:58:41,847 - ADV_Generation_eps_4.0_steps_100_image_only_attack_prm_Purification_type_noisy_anchor_anchors_10_alpha_1.2_sigma_0.18_threshold_0.0 - INFO - Batch:[44] Image: [13] Saved adversarial tensor to /leonardo_work/EUHPC_R04_192/fmohamma/Adversarial_Robust_Clip/atpt_data/delta_clip_l14_224/A/adv_images_eps_4.0_alpha_1.0_steps_100_image_only_attack_prm/n04099969_0.000101_banjo _ banjo_0.64899594.pt
2025-08-22 15:58:41,852 - ADV_Generation_eps_4.0_steps_100_image_only_attack_prm_Purification_type_noisy_anchor_anchors_10_alpha_1.2_sigma_0.18_threshold_0.0 - INFO - Batch:[44] Image: [14] Saved adversarial tensor to /leonardo_work/EUHPC_R04_192/fmohamma/Adversarial_Robust_Clip/atpt_data/delta_clip_l14_224/A/adv_images_eps_4.0_alpha_1.0_steps_100_image_only_attack_prm/n04099969_0.000260_barn _ barn_0.93793046.pt
2025-08-22 15:58:41,858 - ADV_Generation_eps_4.0_steps_100_image_only_attack_prm_Purification_type_noisy_anchor_anchors_10_alpha_1.2_sigma_0.18_threshold_0.0 - INFO - Batch:[44] Image: [15] Saved adversarial tensor to /leonardo_work/EUHPC_R04_192/fmohamma/Adversarial_Robust_Clip/atpt_data/delta_clip_l14_224/A/adv_images_eps_4.0_alpha_1.0_steps_100_image_only_attack_prm/n04099969_0.000319_stick insect _ stick insect_0.99756765.pt
2025-08-22 15:58:43,609 - ADV_Generation_eps_4.0_steps_100_image_only_attack_prm_Purification_type_noisy_anchor_anchors_10_alpha_1.2_sigma_0.18_threshold_0.0 - INFO - ======================== Adversarial Image Evaluation ==========================
2025-08-22 15:58:43,609 - ADV_Generation_eps_4.0_steps_100_image_only_attack_prm_Purification_type_noisy_anchor_anchors_10_alpha_1.2_sigma_0.18_threshold_0.0 - INFO - target: tensor([141, 141, 142, 142, 142, 142, 142, 143, 143, 143, 143, 143, 144, 144,
        144, 144], device='cuda:0')
2025-08-22 15:58:43,610 - ADV_Generation_eps_4.0_steps_100_image_only_attack_prm_Purification_type_noisy_anchor_anchors_10_alpha_1.2_sigma_0.18_threshold_0.0 - INFO - adv_pred: tensor([174, 141, 154, 163, 175,  89, 142,  98,  90, 143,  80,  90, 176,  83,
         84, 144], device='cuda:0')
2025-08-22 15:58:43,610 - ADV_Generation_eps_4.0_steps_100_image_only_attack_prm_Purification_type_noisy_anchor_anchors_10_alpha_1.2_sigma_0.18_threshold_0.0 - INFO - adv_correct_orig: 159 = 155 + 4
2025-08-22 15:58:43,610 - ADV_Generation_eps_4.0_steps_100_image_only_attack_prm_Purification_type_noisy_anchor_anchors_10_alpha_1.2_sigma_0.18_threshold_0.0 - INFO - adv_pred_purify: tensor([174, 174, 154,  98, 175, 195, 144,  98,  46, 173,  89, 195, 144,  83,
         84, 144], device='cuda:0')
2025-08-22 15:58:43,610 - ADV_Generation_eps_4.0_steps_100_image_only_attack_prm_Purification_type_noisy_anchor_anchors_10_alpha_1.2_sigma_0.18_threshold_0.0 - INFO - adv_correct_purify: 51 = 49 + 2
2025-08-22 15:58:45,357 - ADV_Generation_eps_4.0_steps_100_image_only_attack_prm_Purification_type_noisy_anchor_anchors_10_alpha_1.2_sigma_0.18_threshold_0.0 - INFO - ======================== Clean Image Evaluation ==========================
2025-08-22 15:58:45,357 - ADV_Generation_eps_4.0_steps_100_image_only_attack_prm_Purification_type_noisy_anchor_anchors_10_alpha_1.2_sigma_0.18_threshold_0.0 - INFO - target: tensor([141, 141, 142, 142, 142, 142, 142, 143, 143, 143, 143, 143, 144, 144,
        144, 144], device='cuda:0')
2025-08-22 15:58:45,357 - ADV_Generation_eps_4.0_steps_100_image_only_attack_prm_Purification_type_noisy_anchor_anchors_10_alpha_1.2_sigma_0.18_threshold_0.0 - INFO - clean_pred: tensor([174, 141, 154, 163, 175,  89, 142, 143,  90, 143,  80,  90, 144,  83,
         84, 144], device='cuda:0')
2025-08-22 15:58:45,357 - ADV_Generation_eps_4.0_steps_100_image_only_attack_prm_Purification_type_noisy_anchor_anchors_10_alpha_1.2_sigma_0.18_threshold_0.0 - INFO - clean_correct_orig: 195
2025-08-22 15:58:45,358 - ADV_Generation_eps_4.0_steps_100_image_only_attack_prm_Purification_type_noisy_anchor_anchors_10_alpha_1.2_sigma_0.18_threshold_0.0 - INFO - clean_pred_purify: tensor([174, 174, 154,  98, 175, 195, 144,  98,  46, 173,  89, 195, 144,  83,
         84, 144], device='cuda:0')
2025-08-22 15:58:45,358 - ADV_Generation_eps_4.0_steps_100_image_only_attack_prm_Purification_type_noisy_anchor_anchors_10_alpha_1.2_sigma_0.18_threshold_0.0 - INFO - clean_correct_purify: 60
2025-08-22 15:58:45,358 - ADV_Generation_eps_4.0_steps_100_image_only_attack_prm_Purification_type_noisy_anchor_anchors_10_alpha_1.2_sigma_0.18_threshold_0.0 - INFO - adv_correct_purify_clean_correct: 47
2025-08-22 15:58:45,358 - ADV_Generation_eps_4.0_steps_100_image_only_attack_prm_Purification_type_noisy_anchor_anchors_10_alpha_1.2_sigma_0.18_threshold_0.0 - INFO - adv_correct_purify_clean_incorrect: 4
2025-08-22 15:58:45,358 - ADV_Generation_eps_4.0_steps_100_image_only_attack_prm_Purification_type_noisy_anchor_anchors_10_alpha_1.2_sigma_0.18_threshold_0.0 - INFO - clean_correct_purify_clean_correct: 56
2025-08-22 15:58:45,358 - ADV_Generation_eps_4.0_steps_100_image_only_attack_prm_Purification_type_noisy_anchor_anchors_10_alpha_1.2_sigma_0.18_threshold_0.0 - INFO - clean_correct_purify_clean_incorrect: 4
2025-08-22 15:58:45,359 - ADV_Generation_eps_4.0_steps_100_image_only_attack_prm_Purification_type_noisy_anchor_anchors_10_alpha_1.2_sigma_0.18_threshold_0.0 - INFO - Batch 45/63: Clean orig accuracy 0.2708 | Clean purify accuracy 0.0833 | Adv orig accuracy: 0.2208 | Adv purify accuracy: 0.0708 | Adv purify acc on clean correct: 0.2410 | Adv purify acc on clean incorrect: 0.0076 | Clean purify acc on clean correct: 0.2872 | Clean purify acc on clean incorrect: 0.0076
2025-08-22 15:59:33,735 - ADV_Generation_eps_4.0_steps_100_image_only_attack_prm_Purification_type_noisy_anchor_anchors_10_alpha_1.2_sigma_0.18_threshold_0.0 - INFO - Generated adversarial images for the entire batch.
2025-08-22 15:59:33,739 - ADV_Generation_eps_4.0_steps_100_image_only_attack_prm_Purification_type_noisy_anchor_anchors_10_alpha_1.2_sigma_0.18_threshold_0.0 - INFO - Batch:[45] Image: [0] Saved adversarial tensor to /leonardo_work/EUHPC_R04_192/fmohamma/Adversarial_Robust_Clip/atpt_data/delta_clip_l14_224/A/adv_images_eps_4.0_alpha_1.0_steps_100_image_only_attack_prm/n04099969_0.000353_lighthouse _ lighthouse_0.39913866.pt
2025-08-22 15:59:33,741 - ADV_Generation_eps_4.0_steps_100_image_only_attack_prm_Purification_type_noisy_anchor_anchors_10_alpha_1.2_sigma_0.18_threshold_0.0 - INFO - Batch:[45] Image: [1] Saved adversarial tensor to /leonardo_work/EUHPC_R04_192/fmohamma/Adversarial_Robust_Clip/atpt_data/delta_clip_l14_224/A/adv_images_eps_4.0_alpha_1.0_steps_100_image_only_attack_prm/n04118538_0.000038_dumbbell _ dumbbell_0.88362217.pt
2025-08-22 15:59:33,744 - ADV_Generation_eps_4.0_steps_100_image_only_attack_prm_Purification_type_noisy_anchor_anchors_10_alpha_1.2_sigma_0.18_threshold_0.0 - INFO - Batch:[45] Image: [2] Saved adversarial tensor to /leonardo_work/EUHPC_R04_192/fmohamma/Adversarial_Robust_Clip/atpt_data/delta_clip_l14_224/A/adv_images_eps_4.0_alpha_1.0_steps_100_image_only_attack_prm/n04118538_0.000097_marimba _ marimba_0.54402554.pt
2025-08-22 15:59:33,746 - ADV_Generation_eps_4.0_steps_100_image_only_attack_prm_Purification_type_noisy_anchor_anchors_10_alpha_1.2_sigma_0.18_threshold_0.0 - INFO - Batch:[45] Image: [3] Saved adversarial tensor to /leonardo_work/EUHPC_R04_192/fmohamma/Adversarial_Robust_Clip/atpt_data/delta_clip_l14_224/A/adv_images_eps_4.0_alpha_1.0_steps_100_image_only_attack_prm/n04118538_0.000143_spatula _ spatula_0.71274704.pt
2025-08-22 15:59:33,748 - ADV_Generation_eps_4.0_steps_100_image_only_attack_prm_Purification_type_noisy_anchor_anchors_10_alpha_1.2_sigma_0.18_threshold_0.0 - INFO - Batch:[45] Image: [4] Saved adversarial tensor to /leonardo_work/EUHPC_R04_192/fmohamma/Adversarial_Robust_Clip/atpt_data/delta_clip_l14_224/A/adv_images_eps_4.0_alpha_1.0_steps_100_image_only_attack_prm/n04118538_0.000339_bikini _ bikini_0.8296424.pt
2025-08-22 15:59:33,751 - ADV_Generation_eps_4.0_steps_100_image_only_attack_prm_Purification_type_noisy_anchor_anchors_10_alpha_1.2_sigma_0.18_threshold_0.0 - INFO - Batch:[45] Image: [5] Saved adversarial tensor to /leonardo_work/EUHPC_R04_192/fmohamma/Adversarial_Robust_Clip/atpt_data/delta_clip_l14_224/A/adv_images_eps_4.0_alpha_1.0_steps_100_image_only_attack_prm/n04118538_0.001082_digital clock _ digital clock_0.7883831.pt
2025-08-22 15:59:33,754 - ADV_Generation_eps_4.0_steps_100_image_only_attack_prm_Purification_type_noisy_anchor_anchors_10_alpha_1.2_sigma_0.18_threshold_0.0 - INFO - Batch:[45] Image: [6] Saved adversarial tensor to /leonardo_work/EUHPC_R04_192/fmohamma/Adversarial_Robust_Clip/atpt_data/delta_clip_l14_224/A/adv_images_eps_4.0_alpha_1.0_steps_100_image_only_attack_prm/n04131690_0.000018_dumbbell _ dumbbell_0.85142916.pt
2025-08-22 15:59:33,756 - ADV_Generation_eps_4.0_steps_100_image_only_attack_prm_Purification_type_noisy_anchor_anchors_10_alpha_1.2_sigma_0.18_threshold_0.0 - INFO - Batch:[45] Image: [7] Saved adversarial tensor to /leonardo_work/EUHPC_R04_192/fmohamma/Adversarial_Robust_Clip/atpt_data/delta_clip_l14_224/A/adv_images_eps_4.0_alpha_1.0_steps_100_image_only_attack_prm/n04131690_0.000126_spatula _ spatula_0.9951043.pt
2025-08-22 15:59:33,758 - ADV_Generation_eps_4.0_steps_100_image_only_attack_prm_Purification_type_noisy_anchor_anchors_10_alpha_1.2_sigma_0.18_threshold_0.0 - INFO - Batch:[45] Image: [8] Saved adversarial tensor to /leonardo_work/EUHPC_R04_192/fmohamma/Adversarial_Robust_Clip/atpt_data/delta_clip_l14_224/A/adv_images_eps_4.0_alpha_1.0_steps_100_image_only_attack_prm/n04131690_0.000128_cucumber _ cucumber_0.72155905.pt
2025-08-22 15:59:33,762 - ADV_Generation_eps_4.0_steps_100_image_only_attack_prm_Purification_type_noisy_anchor_anchors_10_alpha_1.2_sigma_0.18_threshold_0.0 - INFO - Batch:[45] Image: [9] Saved adversarial tensor to /leonardo_work/EUHPC_R04_192/fmohamma/Adversarial_Robust_Clip/atpt_data/delta_clip_l14_224/A/adv_images_eps_4.0_alpha_1.0_steps_100_image_only_attack_prm/n04131690_0.000133_beaker _ beaker_0.6626085.pt
2025-08-22 15:59:33,766 - ADV_Generation_eps_4.0_steps_100_image_only_attack_prm_Purification_type_noisy_anchor_anchors_10_alpha_1.2_sigma_0.18_threshold_0.0 - INFO - Batch:[45] Image: [10] Saved adversarial tensor to /leonardo_work/EUHPC_R04_192/fmohamma/Adversarial_Robust_Clip/atpt_data/delta_clip_l14_224/A/adv_images_eps_4.0_alpha_1.0_steps_100_image_only_attack_prm/n04131690_0.000149_dumbbell _ clothes iron_0.6282551.pt
2025-08-22 15:59:33,769 - ADV_Generation_eps_4.0_steps_100_image_only_attack_prm_Purification_type_noisy_anchor_anchors_10_alpha_1.2_sigma_0.18_threshold_0.0 - INFO - Batch:[45] Image: [11] Saved adversarial tensor to /leonardo_work/EUHPC_R04_192/fmohamma/Adversarial_Robust_Clip/atpt_data/delta_clip_l14_224/A/adv_images_eps_4.0_alpha_1.0_steps_100_image_only_attack_prm/n04133789_0.000001_Golden Retriever _ Golden Retriever_0.9541656.pt
2025-08-22 15:59:33,772 - ADV_Generation_eps_4.0_steps_100_image_only_attack_prm_Purification_type_noisy_anchor_anchors_10_alpha_1.2_sigma_0.18_threshold_0.0 - INFO - Batch:[45] Image: [12] Saved adversarial tensor to /leonardo_work/EUHPC_R04_192/fmohamma/Adversarial_Robust_Clip/atpt_data/delta_clip_l14_224/A/adv_images_eps_4.0_alpha_1.0_steps_100_image_only_attack_prm/n04133789_0.000025_rugby ball _ rugby ball_0.9127874.pt
2025-08-22 15:59:33,775 - ADV_Generation_eps_4.0_steps_100_image_only_attack_prm_Purification_type_noisy_anchor_anchors_10_alpha_1.2_sigma_0.18_threshold_0.0 - INFO - Batch:[45] Image: [13] Saved adversarial tensor to /leonardo_work/EUHPC_R04_192/fmohamma/Adversarial_Robust_Clip/atpt_data/delta_clip_l14_224/A/adv_images_eps_4.0_alpha_1.0_steps_100_image_only_attack_prm/n04133789_0.000046_academic gown _ academic gown_0.81735194.pt
2025-08-22 15:59:33,778 - ADV_Generation_eps_4.0_steps_100_image_only_attack_prm_Purification_type_noisy_anchor_anchors_10_alpha_1.2_sigma_0.18_threshold_0.0 - INFO - Batch:[45] Image: [14] Saved adversarial tensor to /leonardo_work/EUHPC_R04_192/fmohamma/Adversarial_Robust_Clip/atpt_data/delta_clip_l14_224/A/adv_images_eps_4.0_alpha_1.0_steps_100_image_only_attack_prm/n04133789_0.000046_ocarina _ ocarina_0.9999558.pt
2025-08-22 15:59:33,784 - ADV_Generation_eps_4.0_steps_100_image_only_attack_prm_Purification_type_noisy_anchor_anchors_10_alpha_1.2_sigma_0.18_threshold_0.0 - INFO - Batch:[45] Image: [15] Saved adversarial tensor to /leonardo_work/EUHPC_R04_192/fmohamma/Adversarial_Robust_Clip/atpt_data/delta_clip_l14_224/A/adv_images_eps_4.0_alpha_1.0_steps_100_image_only_attack_prm/n04133789_0.000097_kimono _ kimono_0.76786214.pt
2025-08-22 15:59:35,533 - ADV_Generation_eps_4.0_steps_100_image_only_attack_prm_Purification_type_noisy_anchor_anchors_10_alpha_1.2_sigma_0.18_threshold_0.0 - INFO - ======================== Adversarial Image Evaluation ==========================
2025-08-22 15:59:35,534 - ADV_Generation_eps_4.0_steps_100_image_only_attack_prm_Purification_type_noisy_anchor_anchors_10_alpha_1.2_sigma_0.18_threshold_0.0 - INFO - target: tensor([144, 145, 145, 145, 145, 145, 146, 146, 146, 146, 146, 147, 147, 147,
        147, 147], device='cuda:0')
2025-08-22 15:59:35,534 - ADV_Generation_eps_4.0_steps_100_image_only_attack_prm_Purification_type_noisy_anchor_anchors_10_alpha_1.2_sigma_0.18_threshold_0.0 - INFO - adv_pred: tensor([130, 174,  80, 145,  89,  76, 138, 157, 191, 141, 136,  38, 174, 153,
        133,  75], device='cuda:0')
2025-08-22 15:59:35,534 - ADV_Generation_eps_4.0_steps_100_image_only_attack_prm_Purification_type_noisy_anchor_anchors_10_alpha_1.2_sigma_0.18_threshold_0.0 - INFO - adv_correct_orig: 160 = 159 + 1
2025-08-22 15:59:35,534 - ADV_Generation_eps_4.0_steps_100_image_only_attack_prm_Purification_type_noisy_anchor_anchors_10_alpha_1.2_sigma_0.18_threshold_0.0 - INFO - adv_pred_purify: tensor([ 84, 174, 138, 161,  89, 104,   4, 157,  30, 170, 116,  38, 195,   4,
         29,  93], device='cuda:0')
2025-08-22 15:59:35,535 - ADV_Generation_eps_4.0_steps_100_image_only_attack_prm_Purification_type_noisy_anchor_anchors_10_alpha_1.2_sigma_0.18_threshold_0.0 - INFO - adv_correct_purify: 51 = 51 + 0
2025-08-22 15:59:37,281 - ADV_Generation_eps_4.0_steps_100_image_only_attack_prm_Purification_type_noisy_anchor_anchors_10_alpha_1.2_sigma_0.18_threshold_0.0 - INFO - ======================== Clean Image Evaluation ==========================
2025-08-22 15:59:37,281 - ADV_Generation_eps_4.0_steps_100_image_only_attack_prm_Purification_type_noisy_anchor_anchors_10_alpha_1.2_sigma_0.18_threshold_0.0 - INFO - target: tensor([144, 145, 145, 145, 145, 145, 146, 146, 146, 146, 146, 147, 147, 147,
        147, 147], device='cuda:0')
2025-08-22 15:59:37,282 - ADV_Generation_eps_4.0_steps_100_image_only_attack_prm_Purification_type_noisy_anchor_anchors_10_alpha_1.2_sigma_0.18_threshold_0.0 - INFO - clean_pred: tensor([130, 174,  80, 145,  89, 174, 138, 157, 191,  51, 136,  38, 174,   4,
        133,  75], device='cuda:0')
2025-08-22 15:59:37,282 - ADV_Generation_eps_4.0_steps_100_image_only_attack_prm_Purification_type_noisy_anchor_anchors_10_alpha_1.2_sigma_0.18_threshold_0.0 - INFO - clean_correct_orig: 196
2025-08-22 15:59:37,282 - ADV_Generation_eps_4.0_steps_100_image_only_attack_prm_Purification_type_noisy_anchor_anchors_10_alpha_1.2_sigma_0.18_threshold_0.0 - INFO - clean_pred_purify: tensor([ 84, 174, 138, 103,  89, 104,   4, 157,  30, 141, 138,  38, 174,   4,
         70,  75], device='cuda:0')
2025-08-22 15:59:37,282 - ADV_Generation_eps_4.0_steps_100_image_only_attack_prm_Purification_type_noisy_anchor_anchors_10_alpha_1.2_sigma_0.18_threshold_0.0 - INFO - clean_correct_purify: 60
2025-08-22 15:59:37,282 - ADV_Generation_eps_4.0_steps_100_image_only_attack_prm_Purification_type_noisy_anchor_anchors_10_alpha_1.2_sigma_0.18_threshold_0.0 - INFO - adv_correct_purify_clean_correct: 47
2025-08-22 15:59:37,282 - ADV_Generation_eps_4.0_steps_100_image_only_attack_prm_Purification_type_noisy_anchor_anchors_10_alpha_1.2_sigma_0.18_threshold_0.0 - INFO - adv_correct_purify_clean_incorrect: 4
2025-08-22 15:59:37,282 - ADV_Generation_eps_4.0_steps_100_image_only_attack_prm_Purification_type_noisy_anchor_anchors_10_alpha_1.2_sigma_0.18_threshold_0.0 - INFO - clean_correct_purify_clean_correct: 56
2025-08-22 15:59:37,282 - ADV_Generation_eps_4.0_steps_100_image_only_attack_prm_Purification_type_noisy_anchor_anchors_10_alpha_1.2_sigma_0.18_threshold_0.0 - INFO - clean_correct_purify_clean_incorrect: 4
2025-08-22 15:59:37,283 - ADV_Generation_eps_4.0_steps_100_image_only_attack_prm_Purification_type_noisy_anchor_anchors_10_alpha_1.2_sigma_0.18_threshold_0.0 - INFO - Batch 46/63: Clean orig accuracy 0.2663 | Clean purify accuracy 0.0815 | Adv orig accuracy: 0.2174 | Adv purify accuracy: 0.0693 | Adv purify acc on clean correct: 0.2398 | Adv purify acc on clean incorrect: 0.0074 | Clean purify acc on clean correct: 0.2857 | Clean purify acc on clean incorrect: 0.0074
2025-08-22 16:00:25,688 - ADV_Generation_eps_4.0_steps_100_image_only_attack_prm_Purification_type_noisy_anchor_anchors_10_alpha_1.2_sigma_0.18_threshold_0.0 - INFO - Generated adversarial images for the entire batch.
2025-08-22 16:00:25,691 - ADV_Generation_eps_4.0_steps_100_image_only_attack_prm_Purification_type_noisy_anchor_anchors_10_alpha_1.2_sigma_0.18_threshold_0.0 - INFO - Batch:[46] Image: [0] Saved adversarial tensor to /leonardo_work/EUHPC_R04_192/fmohamma/Adversarial_Robust_Clip/atpt_data/delta_clip_l14_224/A/adv_images_eps_4.0_alpha_1.0_steps_100_image_only_attack_prm/n04141076_0.000044_breastplate _ breastplate_0.97281885.pt
2025-08-22 16:00:25,695 - ADV_Generation_eps_4.0_steps_100_image_only_attack_prm_Purification_type_noisy_anchor_anchors_10_alpha_1.2_sigma_0.18_threshold_0.0 - INFO - Batch:[46] Image: [1] Saved adversarial tensor to /leonardo_work/EUHPC_R04_192/fmohamma/Adversarial_Robust_Clip/atpt_data/delta_clip_l14_224/A/adv_images_eps_4.0_alpha_1.0_steps_100_image_only_attack_prm/n04141076_0.000056_bubble _ bubble_0.9975988.pt
2025-08-22 16:00:25,698 - ADV_Generation_eps_4.0_steps_100_image_only_attack_prm_Purification_type_noisy_anchor_anchors_10_alpha_1.2_sigma_0.18_threshold_0.0 - INFO - Batch:[46] Image: [2] Saved adversarial tensor to /leonardo_work/EUHPC_R04_192/fmohamma/Adversarial_Robust_Clip/atpt_data/delta_clip_l14_224/A/adv_images_eps_4.0_alpha_1.0_steps_100_image_only_attack_prm/n04141076_0.000166_suspension bridge _ suspension bridge_0.9835482.pt
2025-08-22 16:00:25,701 - ADV_Generation_eps_4.0_steps_100_image_only_attack_prm_Purification_type_noisy_anchor_anchors_10_alpha_1.2_sigma_0.18_threshold_0.0 - INFO - Batch:[46] Image: [3] Saved adversarial tensor to /leonardo_work/EUHPC_R04_192/fmohamma/Adversarial_Robust_Clip/atpt_data/delta_clip_l14_224/A/adv_images_eps_4.0_alpha_1.0_steps_100_image_only_attack_prm/n04141076_0.000473_cowboy boot _ cowboy boot_0.5730342.pt
2025-08-22 16:00:25,705 - ADV_Generation_eps_4.0_steps_100_image_only_attack_prm_Purification_type_noisy_anchor_anchors_10_alpha_1.2_sigma_0.18_threshold_0.0 - INFO - Batch:[46] Image: [4] Saved adversarial tensor to /leonardo_work/EUHPC_R04_192/fmohamma/Adversarial_Robust_Clip/atpt_data/delta_clip_l14_224/A/adv_images_eps_4.0_alpha_1.0_steps_100_image_only_attack_prm/n04141076_0.000687_reel _ reel_0.8301278.pt
2025-08-22 16:00:25,708 - ADV_Generation_eps_4.0_steps_100_image_only_attack_prm_Purification_type_noisy_anchor_anchors_10_alpha_1.2_sigma_0.18_threshold_0.0 - INFO - Batch:[46] Image: [5] Saved adversarial tensor to /leonardo_work/EUHPC_R04_192/fmohamma/Adversarial_Robust_Clip/atpt_data/delta_clip_l14_224/A/adv_images_eps_4.0_alpha_1.0_steps_100_image_only_attack_prm/n04146614_0.000026_snowplow _ snowplow_0.9850914.pt
2025-08-22 16:00:25,711 - ADV_Generation_eps_4.0_steps_100_image_only_attack_prm_Purification_type_noisy_anchor_anchors_10_alpha_1.2_sigma_0.18_threshold_0.0 - INFO - Batch:[46] Image: [6] Saved adversarial tensor to /leonardo_work/EUHPC_R04_192/fmohamma/Adversarial_Robust_Clip/atpt_data/delta_clip_l14_224/A/adv_images_eps_4.0_alpha_1.0_steps_100_image_only_attack_prm/n04146614_0.000029_unicycle _ unicycle_0.97207344.pt
2025-08-22 16:00:25,715 - ADV_Generation_eps_4.0_steps_100_image_only_attack_prm_Purification_type_noisy_anchor_anchors_10_alpha_1.2_sigma_0.18_threshold_0.0 - INFO - Batch:[46] Image: [7] Saved adversarial tensor to /leonardo_work/EUHPC_R04_192/fmohamma/Adversarial_Robust_Clip/atpt_data/delta_clip_l14_224/A/adv_images_eps_4.0_alpha_1.0_steps_100_image_only_attack_prm/n04146614_0.000081_apron _ apron_0.580431.pt
2025-08-22 16:00:25,718 - ADV_Generation_eps_4.0_steps_100_image_only_attack_prm_Purification_type_noisy_anchor_anchors_10_alpha_1.2_sigma_0.18_threshold_0.0 - INFO - Batch:[46] Image: [8] Saved adversarial tensor to /leonardo_work/EUHPC_R04_192/fmohamma/Adversarial_Robust_Clip/atpt_data/delta_clip_l14_224/A/adv_images_eps_4.0_alpha_1.0_steps_100_image_only_attack_prm/n04146614_0.000177_forklift _ forklift_0.99960285.pt
2025-08-22 16:00:25,721 - ADV_Generation_eps_4.0_steps_100_image_only_attack_prm_Purification_type_noisy_anchor_anchors_10_alpha_1.2_sigma_0.18_threshold_0.0 - INFO - Batch:[46] Image: [9] Saved adversarial tensor to /leonardo_work/EUHPC_R04_192/fmohamma/Adversarial_Robust_Clip/atpt_data/delta_clip_l14_224/A/adv_images_eps_4.0_alpha_1.0_steps_100_image_only_attack_prm/n04146614_0.000315_chest _ chest_0.9802737.pt
2025-08-22 16:00:25,723 - ADV_Generation_eps_4.0_steps_100_image_only_attack_prm_Purification_type_noisy_anchor_anchors_10_alpha_1.2_sigma_0.18_threshold_0.0 - INFO - Batch:[46] Image: [10] Saved adversarial tensor to /leonardo_work/EUHPC_R04_192/fmohamma/Adversarial_Robust_Clip/atpt_data/delta_clip_l14_224/A/adv_images_eps_4.0_alpha_1.0_steps_100_image_only_attack_prm/n04147183_0.000023_snowplow _ snowplow_0.801762.pt
2025-08-22 16:00:25,726 - ADV_Generation_eps_4.0_steps_100_image_only_attack_prm_Purification_type_noisy_anchor_anchors_10_alpha_1.2_sigma_0.18_threshold_0.0 - INFO - Batch:[46] Image: [11] Saved adversarial tensor to /leonardo_work/EUHPC_R04_192/fmohamma/Adversarial_Robust_Clip/atpt_data/delta_clip_l14_224/A/adv_images_eps_4.0_alpha_1.0_steps_100_image_only_attack_prm/n04147183_0.000058_digital clock _ digital clock_0.61553174.pt
2025-08-22 16:00:25,729 - ADV_Generation_eps_4.0_steps_100_image_only_attack_prm_Purification_type_noisy_anchor_anchors_10_alpha_1.2_sigma_0.18_threshold_0.0 - INFO - Batch:[46] Image: [12] Saved adversarial tensor to /leonardo_work/EUHPC_R04_192/fmohamma/Adversarial_Robust_Clip/atpt_data/delta_clip_l14_224/A/adv_images_eps_4.0_alpha_1.0_steps_100_image_only_attack_prm/n04147183_0.000138_reel _ reel_0.99536043.pt
2025-08-22 16:00:25,730 - ADV_Generation_eps_4.0_steps_100_image_only_attack_prm_Purification_type_noisy_anchor_anchors_10_alpha_1.2_sigma_0.18_threshold_0.0 - INFO - Batch:[46] Image: [13] Saved adversarial tensor to /leonardo_work/EUHPC_R04_192/fmohamma/Adversarial_Robust_Clip/atpt_data/delta_clip_l14_224/A/adv_images_eps_4.0_alpha_1.0_steps_100_image_only_attack_prm/n04147183_0.000191_stingray _ stingray_0.92267036.pt
2025-08-22 16:00:25,732 - ADV_Generation_eps_4.0_steps_100_image_only_attack_prm_Purification_type_noisy_anchor_anchors_10_alpha_1.2_sigma_0.18_threshold_0.0 - INFO - Batch:[46] Image: [14] Saved adversarial tensor to /leonardo_work/EUHPC_R04_192/fmohamma/Adversarial_Robust_Clip/atpt_data/delta_clip_l14_224/A/adv_images_eps_4.0_alpha_1.0_steps_100_image_only_attack_prm/n04147183_0.000250_fountain _ fountain_0.8639701.pt
2025-08-22 16:00:25,734 - ADV_Generation_eps_4.0_steps_100_image_only_attack_prm_Purification_type_noisy_anchor_anchors_10_alpha_1.2_sigma_0.18_threshold_0.0 - INFO - Batch:[46] Image: [15] Saved adversarial tensor to /leonardo_work/EUHPC_R04_192/fmohamma/Adversarial_Robust_Clip/atpt_data/delta_clip_l14_224/A/adv_images_eps_4.0_alpha_1.0_steps_100_image_only_attack_prm/n04179913_0.000100_banana _ wheelbarrow_0.19620313.pt
2025-08-22 16:00:27,484 - ADV_Generation_eps_4.0_steps_100_image_only_attack_prm_Purification_type_noisy_anchor_anchors_10_alpha_1.2_sigma_0.18_threshold_0.0 - INFO - ======================== Adversarial Image Evaluation ==========================
2025-08-22 16:00:27,484 - ADV_Generation_eps_4.0_steps_100_image_only_attack_prm_Purification_type_noisy_anchor_anchors_10_alpha_1.2_sigma_0.18_threshold_0.0 - INFO - target: tensor([148, 148, 148, 148, 148, 149, 149, 149, 149, 149, 150, 150, 150, 150,
        150, 151], device='cuda:0')
2025-08-22 16:00:27,484 - ADV_Generation_eps_4.0_steps_100_image_only_attack_prm_Purification_type_noisy_anchor_anchors_10_alpha_1.2_sigma_0.18_threshold_0.0 - INFO - adv_pred: tensor([100, 172, 173,  89, 148, 155, 172, 149, 111,  99, 155, 169, 150,  89,
        104, 173], device='cuda:0')
2025-08-22 16:00:27,485 - ADV_Generation_eps_4.0_steps_100_image_only_attack_prm_Purification_type_noisy_anchor_anchors_10_alpha_1.2_sigma_0.18_threshold_0.0 - INFO - adv_correct_orig: 163 = 160 + 3
2025-08-22 16:00:27,485 - ADV_Generation_eps_4.0_steps_100_image_only_attack_prm_Purification_type_noisy_anchor_anchors_10_alpha_1.2_sigma_0.18_threshold_0.0 - INFO - adv_pred_purify: tensor([100, 110, 173,  89, 148, 155, 172,  20, 162,  99, 155, 194, 110, 178,
        104, 173], device='cuda:0')
2025-08-22 16:00:27,485 - ADV_Generation_eps_4.0_steps_100_image_only_attack_prm_Purification_type_noisy_anchor_anchors_10_alpha_1.2_sigma_0.18_threshold_0.0 - INFO - adv_correct_purify: 52 = 51 + 1
2025-08-22 16:00:29,231 - ADV_Generation_eps_4.0_steps_100_image_only_attack_prm_Purification_type_noisy_anchor_anchors_10_alpha_1.2_sigma_0.18_threshold_0.0 - INFO - ======================== Clean Image Evaluation ==========================
2025-08-22 16:00:29,232 - ADV_Generation_eps_4.0_steps_100_image_only_attack_prm_Purification_type_noisy_anchor_anchors_10_alpha_1.2_sigma_0.18_threshold_0.0 - INFO - target: tensor([148, 148, 148, 148, 148, 149, 149, 149, 149, 149, 150, 150, 150, 150,
        150, 151], device='cuda:0')
2025-08-22 16:00:29,232 - ADV_Generation_eps_4.0_steps_100_image_only_attack_prm_Purification_type_noisy_anchor_anchors_10_alpha_1.2_sigma_0.18_threshold_0.0 - INFO - clean_pred: tensor([100, 172, 173,  89, 148, 155, 172, 149, 136, 149, 155, 169, 150,  89,
        104, 173], device='cuda:0')
2025-08-22 16:00:29,232 - ADV_Generation_eps_4.0_steps_100_image_only_attack_prm_Purification_type_noisy_anchor_anchors_10_alpha_1.2_sigma_0.18_threshold_0.0 - INFO - clean_correct_orig: 200
2025-08-22 16:00:29,233 - ADV_Generation_eps_4.0_steps_100_image_only_attack_prm_Purification_type_noisy_anchor_anchors_10_alpha_1.2_sigma_0.18_threshold_0.0 - INFO - clean_pred_purify: tensor([100, 110, 173,  89, 148, 155, 172, 149, 162,  99, 155, 194, 110, 178,
        104, 173], device='cuda:0')
2025-08-22 16:00:29,233 - ADV_Generation_eps_4.0_steps_100_image_only_attack_prm_Purification_type_noisy_anchor_anchors_10_alpha_1.2_sigma_0.18_threshold_0.0 - INFO - clean_correct_purify: 62
2025-08-22 16:00:29,233 - ADV_Generation_eps_4.0_steps_100_image_only_attack_prm_Purification_type_noisy_anchor_anchors_10_alpha_1.2_sigma_0.18_threshold_0.0 - INFO - adv_correct_purify_clean_correct: 48
2025-08-22 16:00:29,233 - ADV_Generation_eps_4.0_steps_100_image_only_attack_prm_Purification_type_noisy_anchor_anchors_10_alpha_1.2_sigma_0.18_threshold_0.0 - INFO - adv_correct_purify_clean_incorrect: 4
2025-08-22 16:00:29,233 - ADV_Generation_eps_4.0_steps_100_image_only_attack_prm_Purification_type_noisy_anchor_anchors_10_alpha_1.2_sigma_0.18_threshold_0.0 - INFO - clean_correct_purify_clean_correct: 58
2025-08-22 16:00:29,233 - ADV_Generation_eps_4.0_steps_100_image_only_attack_prm_Purification_type_noisy_anchor_anchors_10_alpha_1.2_sigma_0.18_threshold_0.0 - INFO - clean_correct_purify_clean_incorrect: 4
2025-08-22 16:00:29,234 - ADV_Generation_eps_4.0_steps_100_image_only_attack_prm_Purification_type_noisy_anchor_anchors_10_alpha_1.2_sigma_0.18_threshold_0.0 - INFO - Batch 47/63: Clean orig accuracy 0.2660 | Clean purify accuracy 0.0824 | Adv orig accuracy: 0.2168 | Adv purify accuracy: 0.0691 | Adv purify acc on clean correct: 0.2400 | Adv purify acc on clean incorrect: 0.0072 | Clean purify acc on clean correct: 0.2900 | Clean purify acc on clean incorrect: 0.0072
2025-08-22 16:01:17,570 - ADV_Generation_eps_4.0_steps_100_image_only_attack_prm_Purification_type_noisy_anchor_anchors_10_alpha_1.2_sigma_0.18_threshold_0.0 - INFO - Generated adversarial images for the entire batch.
2025-08-22 16:01:17,574 - ADV_Generation_eps_4.0_steps_100_image_only_attack_prm_Purification_type_noisy_anchor_anchors_10_alpha_1.2_sigma_0.18_threshold_0.0 - INFO - Batch:[47] Image: [0] Saved adversarial tensor to /leonardo_work/EUHPC_R04_192/fmohamma/Adversarial_Robust_Clip/atpt_data/delta_clip_l14_224/A/adv_images_eps_4.0_alpha_1.0_steps_100_image_only_attack_prm/n04179913_0.000125_reel _ reel_0.9680015.pt
2025-08-22 16:01:17,578 - ADV_Generation_eps_4.0_steps_100_image_only_attack_prm_Purification_type_noisy_anchor_anchors_10_alpha_1.2_sigma_0.18_threshold_0.0 - INFO - Batch:[47] Image: [1] Saved adversarial tensor to /leonardo_work/EUHPC_R04_192/fmohamma/Adversarial_Robust_Clip/atpt_data/delta_clip_l14_224/A/adv_images_eps_4.0_alpha_1.0_steps_100_image_only_attack_prm/n04179913_0.000355_soap dispenser _ soap dispenser_0.9356416.pt
2025-08-22 16:01:17,582 - ADV_Generation_eps_4.0_steps_100_image_only_attack_prm_Purification_type_noisy_anchor_anchors_10_alpha_1.2_sigma_0.18_threshold_0.0 - INFO - Batch:[47] Image: [2] Saved adversarial tensor to /leonardo_work/EUHPC_R04_192/fmohamma/Adversarial_Robust_Clip/atpt_data/delta_clip_l14_224/A/adv_images_eps_4.0_alpha_1.0_steps_100_image_only_attack_prm/n04179913_0.000468_suspension bridge _ suspension bridge_0.619182.pt
2025-08-22 16:01:17,584 - ADV_Generation_eps_4.0_steps_100_image_only_attack_prm_Purification_type_noisy_anchor_anchors_10_alpha_1.2_sigma_0.18_threshold_0.0 - INFO - Batch:[47] Image: [3] Saved adversarial tensor to /leonardo_work/EUHPC_R04_192/fmohamma/Adversarial_Robust_Clip/atpt_data/delta_clip_l14_224/A/adv_images_eps_4.0_alpha_1.0_steps_100_image_only_attack_prm/n04179913_0.000924_revolver _ revolver_0.8910011.pt
2025-08-22 16:01:17,587 - ADV_Generation_eps_4.0_steps_100_image_only_attack_prm_Purification_type_noisy_anchor_anchors_10_alpha_1.2_sigma_0.18_threshold_0.0 - INFO - Batch:[47] Image: [4] Saved adversarial tensor to /leonardo_work/EUHPC_R04_192/fmohamma/Adversarial_Robust_Clip/atpt_data/delta_clip_l14_224/A/adv_images_eps_4.0_alpha_1.0_steps_100_image_only_attack_prm/n04208210_0.000003_forklift _ forklift_0.99735475.pt
2025-08-22 16:01:17,589 - ADV_Generation_eps_4.0_steps_100_image_only_attack_prm_Purification_type_noisy_anchor_anchors_10_alpha_1.2_sigma_0.18_threshold_0.0 - INFO - Batch:[47] Image: [5] Saved adversarial tensor to /leonardo_work/EUHPC_R04_192/fmohamma/Adversarial_Robust_Clip/atpt_data/delta_clip_l14_224/A/adv_images_eps_4.0_alpha_1.0_steps_100_image_only_attack_prm/n04208210_0.000004_snowplow _ snowplow_0.9985898.pt
2025-08-22 16:01:17,592 - ADV_Generation_eps_4.0_steps_100_image_only_attack_prm_Purification_type_noisy_anchor_anchors_10_alpha_1.2_sigma_0.18_threshold_0.0 - INFO - Batch:[47] Image: [6] Saved adversarial tensor to /leonardo_work/EUHPC_R04_192/fmohamma/Adversarial_Robust_Clip/atpt_data/delta_clip_l14_224/A/adv_images_eps_4.0_alpha_1.0_steps_100_image_only_attack_prm/n04208210_0.000004_suspension bridge _ suspension bridge_0.9911959.pt
2025-08-22 16:01:17,595 - ADV_Generation_eps_4.0_steps_100_image_only_attack_prm_Purification_type_noisy_anchor_anchors_10_alpha_1.2_sigma_0.18_threshold_0.0 - INFO - Batch:[47] Image: [7] Saved adversarial tensor to /leonardo_work/EUHPC_R04_192/fmohamma/Adversarial_Robust_Clip/atpt_data/delta_clip_l14_224/A/adv_images_eps_4.0_alpha_1.0_steps_100_image_only_attack_prm/n04208210_0.000055_ocarina _ ocarina_0.9253888.pt
2025-08-22 16:01:17,598 - ADV_Generation_eps_4.0_steps_100_image_only_attack_prm_Purification_type_noisy_anchor_anchors_10_alpha_1.2_sigma_0.18_threshold_0.0 - INFO - Batch:[47] Image: [8] Saved adversarial tensor to /leonardo_work/EUHPC_R04_192/fmohamma/Adversarial_Robust_Clip/atpt_data/delta_clip_l14_224/A/adv_images_eps_4.0_alpha_1.0_steps_100_image_only_attack_prm/n04208210_0.000224_cliff _ cliff_0.85958266.pt
2025-08-22 16:01:17,600 - ADV_Generation_eps_4.0_steps_100_image_only_attack_prm_Purification_type_noisy_anchor_anchors_10_alpha_1.2_sigma_0.18_threshold_0.0 - INFO - Batch:[47] Image: [9] Saved adversarial tensor to /leonardo_work/EUHPC_R04_192/fmohamma/Adversarial_Robust_Clip/atpt_data/delta_clip_l14_224/A/adv_images_eps_4.0_alpha_1.0_steps_100_image_only_attack_prm/n04235860_0.000133_dumbbell _ dumbbell_0.776984.pt
2025-08-22 16:01:17,604 - ADV_Generation_eps_4.0_steps_100_image_only_attack_prm_Purification_type_noisy_anchor_anchors_10_alpha_1.2_sigma_0.18_threshold_0.0 - INFO - Batch:[47] Image: [10] Saved adversarial tensor to /leonardo_work/EUHPC_R04_192/fmohamma/Adversarial_Robust_Clip/atpt_data/delta_clip_l14_224/A/adv_images_eps_4.0_alpha_1.0_steps_100_image_only_attack_prm/n04235860_0.000220_golf cart _ golf cart_0.9011834.pt
2025-08-22 16:01:17,608 - ADV_Generation_eps_4.0_steps_100_image_only_attack_prm_Purification_type_noisy_anchor_anchors_10_alpha_1.2_sigma_0.18_threshold_0.0 - INFO - Batch:[47] Image: [11] Saved adversarial tensor to /leonardo_work/EUHPC_R04_192/fmohamma/Adversarial_Robust_Clip/atpt_data/delta_clip_l14_224/A/adv_images_eps_4.0_alpha_1.0_steps_100_image_only_attack_prm/n04235860_0.000326_cliff _ cliff_0.6201538.pt
2025-08-22 16:01:17,613 - ADV_Generation_eps_4.0_steps_100_image_only_attack_prm_Purification_type_noisy_anchor_anchors_10_alpha_1.2_sigma_0.18_threshold_0.0 - INFO - Batch:[47] Image: [12] Saved adversarial tensor to /leonardo_work/EUHPC_R04_192/fmohamma/Adversarial_Robust_Clip/atpt_data/delta_clip_l14_224/A/adv_images_eps_4.0_alpha_1.0_steps_100_image_only_attack_prm/n04235860_0.001098_rocking chair _ rocking chair_0.54623854.pt
2025-08-22 16:01:17,618 - ADV_Generation_eps_4.0_steps_100_image_only_attack_prm_Purification_type_noisy_anchor_anchors_10_alpha_1.2_sigma_0.18_threshold_0.0 - INFO - Batch:[47] Image: [13] Saved adversarial tensor to /leonardo_work/EUHPC_R04_192/fmohamma/Adversarial_Robust_Clip/atpt_data/delta_clip_l14_224/A/adv_images_eps_4.0_alpha_1.0_steps_100_image_only_attack_prm/n04235860_0.001235_shovel _ shovel_0.884082.pt
2025-08-22 16:01:17,620 - ADV_Generation_eps_4.0_steps_100_image_only_attack_prm_Purification_type_noisy_anchor_anchors_10_alpha_1.2_sigma_0.18_threshold_0.0 - INFO - Batch:[47] Image: [14] Saved adversarial tensor to /leonardo_work/EUHPC_R04_192/fmohamma/Adversarial_Robust_Clip/atpt_data/delta_clip_l14_224/A/adv_images_eps_4.0_alpha_1.0_steps_100_image_only_attack_prm/n04252077_0.000050_parachute _ parachute_0.9852367.pt
2025-08-22 16:01:17,623 - ADV_Generation_eps_4.0_steps_100_image_only_attack_prm_Purification_type_noisy_anchor_anchors_10_alpha_1.2_sigma_0.18_threshold_0.0 - INFO - Batch:[47] Image: [15] Saved adversarial tensor to /leonardo_work/EUHPC_R04_192/fmohamma/Adversarial_Robust_Clip/atpt_data/delta_clip_l14_224/A/adv_images_eps_4.0_alpha_1.0_steps_100_image_only_attack_prm/n04252077_0.000340_obelisk _ obelisk_0.6567809.pt
2025-08-22 16:01:19,373 - ADV_Generation_eps_4.0_steps_100_image_only_attack_prm_Purification_type_noisy_anchor_anchors_10_alpha_1.2_sigma_0.18_threshold_0.0 - INFO - ======================== Adversarial Image Evaluation ==========================
2025-08-22 16:01:19,373 - ADV_Generation_eps_4.0_steps_100_image_only_attack_prm_Purification_type_noisy_anchor_anchors_10_alpha_1.2_sigma_0.18_threshold_0.0 - INFO - target: tensor([151, 151, 151, 151, 152, 152, 152, 152, 152, 153, 153, 153, 153, 153,
        154, 154], device='cuda:0')
2025-08-22 16:01:19,373 - ADV_Generation_eps_4.0_steps_100_image_only_attack_prm_Purification_type_noisy_anchor_anchors_10_alpha_1.2_sigma_0.18_threshold_0.0 - INFO - adv_pred: tensor([ 90, 138, 134, 151, 152, 155, 164, 148,  96,  81, 121,  11, 161, 154,
        135, 136], device='cuda:0')
2025-08-22 16:01:19,374 - ADV_Generation_eps_4.0_steps_100_image_only_attack_prm_Purification_type_noisy_anchor_anchors_10_alpha_1.2_sigma_0.18_threshold_0.0 - INFO - adv_correct_orig: 165 = 163 + 2
2025-08-22 16:01:19,374 - ADV_Generation_eps_4.0_steps_100_image_only_attack_prm_Purification_type_noisy_anchor_anchors_10_alpha_1.2_sigma_0.18_threshold_0.0 - INFO - adv_pred_purify: tensor([116, 161, 134, 151, 111, 155, 164,   4, 110, 127, 113, 110, 104,  31,
         21, 149], device='cuda:0')
2025-08-22 16:01:19,374 - ADV_Generation_eps_4.0_steps_100_image_only_attack_prm_Purification_type_noisy_anchor_anchors_10_alpha_1.2_sigma_0.18_threshold_0.0 - INFO - adv_correct_purify: 53 = 52 + 1
2025-08-22 16:01:21,120 - ADV_Generation_eps_4.0_steps_100_image_only_attack_prm_Purification_type_noisy_anchor_anchors_10_alpha_1.2_sigma_0.18_threshold_0.0 - INFO - ======================== Clean Image Evaluation ==========================
2025-08-22 16:01:21,121 - ADV_Generation_eps_4.0_steps_100_image_only_attack_prm_Purification_type_noisy_anchor_anchors_10_alpha_1.2_sigma_0.18_threshold_0.0 - INFO - target: tensor([151, 151, 151, 151, 152, 152, 152, 152, 152, 153, 153, 153, 153, 153,
        154, 154], device='cuda:0')
2025-08-22 16:01:21,121 - ADV_Generation_eps_4.0_steps_100_image_only_attack_prm_Purification_type_noisy_anchor_anchors_10_alpha_1.2_sigma_0.18_threshold_0.0 - INFO - clean_pred: tensor([118, 138, 134, 151, 152, 155,  87,  50,  96,  81, 121,  11, 161, 154,
        135, 136], device='cuda:0')
2025-08-22 16:01:21,121 - ADV_Generation_eps_4.0_steps_100_image_only_attack_prm_Purification_type_noisy_anchor_anchors_10_alpha_1.2_sigma_0.18_threshold_0.0 - INFO - clean_correct_orig: 202
2025-08-22 16:01:21,122 - ADV_Generation_eps_4.0_steps_100_image_only_attack_prm_Purification_type_noisy_anchor_anchors_10_alpha_1.2_sigma_0.18_threshold_0.0 - INFO - clean_pred_purify: tensor([116, 161, 134, 151, 111, 155, 164, 198, 110, 174, 121, 110,  85,  31,
         21, 149], device='cuda:0')
2025-08-22 16:01:21,122 - ADV_Generation_eps_4.0_steps_100_image_only_attack_prm_Purification_type_noisy_anchor_anchors_10_alpha_1.2_sigma_0.18_threshold_0.0 - INFO - clean_correct_purify: 63
2025-08-22 16:01:21,122 - ADV_Generation_eps_4.0_steps_100_image_only_attack_prm_Purification_type_noisy_anchor_anchors_10_alpha_1.2_sigma_0.18_threshold_0.0 - INFO - adv_correct_purify_clean_correct: 49
2025-08-22 16:01:21,122 - ADV_Generation_eps_4.0_steps_100_image_only_attack_prm_Purification_type_noisy_anchor_anchors_10_alpha_1.2_sigma_0.18_threshold_0.0 - INFO - adv_correct_purify_clean_incorrect: 4
2025-08-22 16:01:21,122 - ADV_Generation_eps_4.0_steps_100_image_only_attack_prm_Purification_type_noisy_anchor_anchors_10_alpha_1.2_sigma_0.18_threshold_0.0 - INFO - clean_correct_purify_clean_correct: 59
2025-08-22 16:01:21,122 - ADV_Generation_eps_4.0_steps_100_image_only_attack_prm_Purification_type_noisy_anchor_anchors_10_alpha_1.2_sigma_0.18_threshold_0.0 - INFO - clean_correct_purify_clean_incorrect: 4
2025-08-22 16:01:21,123 - ADV_Generation_eps_4.0_steps_100_image_only_attack_prm_Purification_type_noisy_anchor_anchors_10_alpha_1.2_sigma_0.18_threshold_0.0 - INFO - Batch 48/63: Clean orig accuracy 0.2630 | Clean purify accuracy 0.0820 | Adv orig accuracy: 0.2148 | Adv purify accuracy: 0.0690 | Adv purify acc on clean correct: 0.2426 | Adv purify acc on clean incorrect: 0.0071 | Clean purify acc on clean correct: 0.2921 | Clean purify acc on clean incorrect: 0.0071
2025-08-22 16:02:09,498 - ADV_Generation_eps_4.0_steps_100_image_only_attack_prm_Purification_type_noisy_anchor_anchors_10_alpha_1.2_sigma_0.18_threshold_0.0 - INFO - Generated adversarial images for the entire batch.
2025-08-22 16:02:09,500 - ADV_Generation_eps_4.0_steps_100_image_only_attack_prm_Purification_type_noisy_anchor_anchors_10_alpha_1.2_sigma_0.18_threshold_0.0 - INFO - Batch:[48] Image: [0] Saved adversarial tensor to /leonardo_work/EUHPC_R04_192/fmohamma/Adversarial_Robust_Clip/atpt_data/delta_clip_l14_224/A/adv_images_eps_4.0_alpha_1.0_steps_100_image_only_attack_prm/n04252077_0.000847_snowplow _ snowplow_0.998111.pt
2025-08-22 16:02:09,504 - ADV_Generation_eps_4.0_steps_100_image_only_attack_prm_Purification_type_noisy_anchor_anchors_10_alpha_1.2_sigma_0.18_threshold_0.0 - INFO - Batch:[48] Image: [1] Saved adversarial tensor to /leonardo_work/EUHPC_R04_192/fmohamma/Adversarial_Robust_Clip/atpt_data/delta_clip_l14_224/A/adv_images_eps_4.0_alpha_1.0_steps_100_image_only_attack_prm/n04252077_0.001419_steam locomotive _ steam locomotive_0.3485929.pt
2025-08-22 16:02:09,507 - ADV_Generation_eps_4.0_steps_100_image_only_attack_prm_Purification_type_noisy_anchor_anchors_10_alpha_1.2_sigma_0.18_threshold_0.0 - INFO - Batch:[48] Image: [2] Saved adversarial tensor to /leonardo_work/EUHPC_R04_192/fmohamma/Adversarial_Robust_Clip/atpt_data/delta_clip_l14_224/A/adv_images_eps_4.0_alpha_1.0_steps_100_image_only_attack_prm/n04252077_0.001553_snowplow _ snowplow_0.98493075.pt
2025-08-22 16:02:09,509 - ADV_Generation_eps_4.0_steps_100_image_only_attack_prm_Purification_type_noisy_anchor_anchors_10_alpha_1.2_sigma_0.18_threshold_0.0 - INFO - Batch:[48] Image: [3] Saved adversarial tensor to /leonardo_work/EUHPC_R04_192/fmohamma/Adversarial_Robust_Clip/atpt_data/delta_clip_l14_224/A/adv_images_eps_4.0_alpha_1.0_steps_100_image_only_attack_prm/n04252225_0.000637_garbage truck _ garbage truck_0.9991872.pt
2025-08-22 16:02:09,511 - ADV_Generation_eps_4.0_steps_100_image_only_attack_prm_Purification_type_noisy_anchor_anchors_10_alpha_1.2_sigma_0.18_threshold_0.0 - INFO - Batch:[48] Image: [4] Saved adversarial tensor to /leonardo_work/EUHPC_R04_192/fmohamma/Adversarial_Robust_Clip/atpt_data/delta_clip_l14_224/A/adv_images_eps_4.0_alpha_1.0_steps_100_image_only_attack_prm/n04252225_0.000878_forklift _ forklift_0.99370944.pt
2025-08-22 16:02:09,513 - ADV_Generation_eps_4.0_steps_100_image_only_attack_prm_Purification_type_noisy_anchor_anchors_10_alpha_1.2_sigma_0.18_threshold_0.0 - INFO - Batch:[48] Image: [5] Saved adversarial tensor to /leonardo_work/EUHPC_R04_192/fmohamma/Adversarial_Robust_Clip/atpt_data/delta_clip_l14_224/A/adv_images_eps_4.0_alpha_1.0_steps_100_image_only_attack_prm/n04252225_0.000912_forklift _ forklift_0.84101903.pt
2025-08-22 16:02:09,515 - ADV_Generation_eps_4.0_steps_100_image_only_attack_prm_Purification_type_noisy_anchor_anchors_10_alpha_1.2_sigma_0.18_threshold_0.0 - INFO - Batch:[48] Image: [6] Saved adversarial tensor to /leonardo_work/EUHPC_R04_192/fmohamma/Adversarial_Robust_Clip/atpt_data/delta_clip_l14_224/A/adv_images_eps_4.0_alpha_1.0_steps_100_image_only_attack_prm/n04252225_0.001067_tank _ tank_0.9207793.pt
2025-08-22 16:02:09,517 - ADV_Generation_eps_4.0_steps_100_image_only_attack_prm_Purification_type_noisy_anchor_anchors_10_alpha_1.2_sigma_0.18_threshold_0.0 - INFO - Batch:[48] Image: [7] Saved adversarial tensor to /leonardo_work/EUHPC_R04_192/fmohamma/Adversarial_Robust_Clip/atpt_data/delta_clip_l14_224/A/adv_images_eps_4.0_alpha_1.0_steps_100_image_only_attack_prm/n04252225_0.001671_tank _ tank_0.8163568.pt
2025-08-22 16:02:09,520 - ADV_Generation_eps_4.0_steps_100_image_only_attack_prm_Purification_type_noisy_anchor_anchors_10_alpha_1.2_sigma_0.18_threshold_0.0 - INFO - Batch:[48] Image: [8] Saved adversarial tensor to /leonardo_work/EUHPC_R04_192/fmohamma/Adversarial_Robust_Clip/atpt_data/delta_clip_l14_224/A/adv_images_eps_4.0_alpha_1.0_steps_100_image_only_attack_prm/n04254120_0.000028_couch _ couch_0.9862641.pt
2025-08-22 16:02:09,523 - ADV_Generation_eps_4.0_steps_100_image_only_attack_prm_Purification_type_noisy_anchor_anchors_10_alpha_1.2_sigma_0.18_threshold_0.0 - INFO - Batch:[48] Image: [9] Saved adversarial tensor to /leonardo_work/EUHPC_R04_192/fmohamma/Adversarial_Robust_Clip/atpt_data/delta_clip_l14_224/A/adv_images_eps_4.0_alpha_1.0_steps_100_image_only_attack_prm/n04254120_0.000082_couch _ couch_0.5438148.pt
2025-08-22 16:02:09,526 - ADV_Generation_eps_4.0_steps_100_image_only_attack_prm_Purification_type_noisy_anchor_anchors_10_alpha_1.2_sigma_0.18_threshold_0.0 - INFO - Batch:[48] Image: [10] Saved adversarial tensor to /leonardo_work/EUHPC_R04_192/fmohamma/Adversarial_Robust_Clip/atpt_data/delta_clip_l14_224/A/adv_images_eps_4.0_alpha_1.0_steps_100_image_only_attack_prm/n04254120_0.000133_broom _ broom_0.6528249.pt
2025-08-22 16:02:09,529 - ADV_Generation_eps_4.0_steps_100_image_only_attack_prm_Purification_type_noisy_anchor_anchors_10_alpha_1.2_sigma_0.18_threshold_0.0 - INFO - Batch:[48] Image: [11] Saved adversarial tensor to /leonardo_work/EUHPC_R04_192/fmohamma/Adversarial_Robust_Clip/atpt_data/delta_clip_l14_224/A/adv_images_eps_4.0_alpha_1.0_steps_100_image_only_attack_prm/n04254120_0.000198_envelope _ envelope_0.79948467.pt
2025-08-22 16:02:09,531 - ADV_Generation_eps_4.0_steps_100_image_only_attack_prm_Purification_type_noisy_anchor_anchors_10_alpha_1.2_sigma_0.18_threshold_0.0 - INFO - Batch:[48] Image: [12] Saved adversarial tensor to /leonardo_work/EUHPC_R04_192/fmohamma/Adversarial_Robust_Clip/atpt_data/delta_clip_l14_224/A/adv_images_eps_4.0_alpha_1.0_steps_100_image_only_attack_prm/n04254120_0.003200_goblet _ goblet_0.5098869.pt
2025-08-22 16:02:09,534 - ADV_Generation_eps_4.0_steps_100_image_only_attack_prm_Purification_type_noisy_anchor_anchors_10_alpha_1.2_sigma_0.18_threshold_0.0 - INFO - Batch:[48] Image: [13] Saved adversarial tensor to /leonardo_work/EUHPC_R04_192/fmohamma/Adversarial_Robust_Clip/atpt_data/delta_clip_l14_224/A/adv_images_eps_4.0_alpha_1.0_steps_100_image_only_attack_prm/n04270147_0.000000_marimba _ marimba_0.9999931.pt
2025-08-22 16:02:09,535 - ADV_Generation_eps_4.0_steps_100_image_only_attack_prm_Purification_type_noisy_anchor_anchors_10_alpha_1.2_sigma_0.18_threshold_0.0 - INFO - Batch:[48] Image: [14] Saved adversarial tensor to /leonardo_work/EUHPC_R04_192/fmohamma/Adversarial_Robust_Clip/atpt_data/delta_clip_l14_224/A/adv_images_eps_4.0_alpha_1.0_steps_100_image_only_attack_prm/n04270147_0.000002_shovel _ shovel_0.93394756.pt
2025-08-22 16:02:09,537 - ADV_Generation_eps_4.0_steps_100_image_only_attack_prm_Purification_type_noisy_anchor_anchors_10_alpha_1.2_sigma_0.18_threshold_0.0 - INFO - Batch:[48] Image: [15] Saved adversarial tensor to /leonardo_work/EUHPC_R04_192/fmohamma/Adversarial_Robust_Clip/atpt_data/delta_clip_l14_224/A/adv_images_eps_4.0_alpha_1.0_steps_100_image_only_attack_prm/n04270147_0.000130_apron _ apron_0.9941689.pt
2025-08-22 16:02:11,287 - ADV_Generation_eps_4.0_steps_100_image_only_attack_prm_Purification_type_noisy_anchor_anchors_10_alpha_1.2_sigma_0.18_threshold_0.0 - INFO - ======================== Adversarial Image Evaluation ==========================
2025-08-22 16:02:11,287 - ADV_Generation_eps_4.0_steps_100_image_only_attack_prm_Purification_type_noisy_anchor_anchors_10_alpha_1.2_sigma_0.18_threshold_0.0 - INFO - target: tensor([154, 154, 154, 155, 155, 155, 155, 155, 156, 156, 156, 156, 156, 157,
        157, 157], device='cuda:0')
2025-08-22 16:02:11,288 - ADV_Generation_eps_4.0_steps_100_image_only_attack_prm_Purification_type_noisy_anchor_anchors_10_alpha_1.2_sigma_0.18_threshold_0.0 - INFO - adv_pred: tensor([155, 115, 155, 155, 155, 116, 155, 155,   8,  89, 156, 108,   9, 127,
        155,  80], device='cuda:0')
2025-08-22 16:02:11,288 - ADV_Generation_eps_4.0_steps_100_image_only_attack_prm_Purification_type_noisy_anchor_anchors_10_alpha_1.2_sigma_0.18_threshold_0.0 - INFO - adv_correct_orig: 170 = 165 + 5
2025-08-22 16:02:11,288 - ADV_Generation_eps_4.0_steps_100_image_only_attack_prm_Purification_type_noisy_anchor_anchors_10_alpha_1.2_sigma_0.18_threshold_0.0 - INFO - adv_pred_purify: tensor([155,  85, 155, 113, 113, 110, 116, 113,  96, 153,  43,  89, 195, 127,
        155,  80], device='cuda:0')
2025-08-22 16:02:11,288 - ADV_Generation_eps_4.0_steps_100_image_only_attack_prm_Purification_type_noisy_anchor_anchors_10_alpha_1.2_sigma_0.18_threshold_0.0 - INFO - adv_correct_purify: 53 = 53 + 0
2025-08-22 16:02:13,034 - ADV_Generation_eps_4.0_steps_100_image_only_attack_prm_Purification_type_noisy_anchor_anchors_10_alpha_1.2_sigma_0.18_threshold_0.0 - INFO - ======================== Clean Image Evaluation ==========================
2025-08-22 16:02:13,035 - ADV_Generation_eps_4.0_steps_100_image_only_attack_prm_Purification_type_noisy_anchor_anchors_10_alpha_1.2_sigma_0.18_threshold_0.0 - INFO - target: tensor([154, 154, 154, 155, 155, 155, 155, 155, 156, 156, 156, 156, 156, 157,
        157, 157], device='cuda:0')
2025-08-22 16:02:13,035 - ADV_Generation_eps_4.0_steps_100_image_only_attack_prm_Purification_type_noisy_anchor_anchors_10_alpha_1.2_sigma_0.18_threshold_0.0 - INFO - clean_pred: tensor([155, 115, 155, 155, 155, 113, 155, 155, 157,  89, 156, 108,   9, 127,
        155,  80], device='cuda:0')
2025-08-22 16:02:13,035 - ADV_Generation_eps_4.0_steps_100_image_only_attack_prm_Purification_type_noisy_anchor_anchors_10_alpha_1.2_sigma_0.18_threshold_0.0 - INFO - clean_correct_orig: 207
2025-08-22 16:02:13,036 - ADV_Generation_eps_4.0_steps_100_image_only_attack_prm_Purification_type_noisy_anchor_anchors_10_alpha_1.2_sigma_0.18_threshold_0.0 - INFO - clean_pred_purify: tensor([155,  85, 155, 113, 113, 110, 113, 113,  96, 153,  43,  89, 195, 127,
        155,  80], device='cuda:0')
2025-08-22 16:02:13,036 - ADV_Generation_eps_4.0_steps_100_image_only_attack_prm_Purification_type_noisy_anchor_anchors_10_alpha_1.2_sigma_0.18_threshold_0.0 - INFO - clean_correct_purify: 63
2025-08-22 16:02:13,036 - ADV_Generation_eps_4.0_steps_100_image_only_attack_prm_Purification_type_noisy_anchor_anchors_10_alpha_1.2_sigma_0.18_threshold_0.0 - INFO - adv_correct_purify_clean_correct: 49
2025-08-22 16:02:13,036 - ADV_Generation_eps_4.0_steps_100_image_only_attack_prm_Purification_type_noisy_anchor_anchors_10_alpha_1.2_sigma_0.18_threshold_0.0 - INFO - adv_correct_purify_clean_incorrect: 4
2025-08-22 16:02:13,036 - ADV_Generation_eps_4.0_steps_100_image_only_attack_prm_Purification_type_noisy_anchor_anchors_10_alpha_1.2_sigma_0.18_threshold_0.0 - INFO - clean_correct_purify_clean_correct: 59
2025-08-22 16:02:13,036 - ADV_Generation_eps_4.0_steps_100_image_only_attack_prm_Purification_type_noisy_anchor_anchors_10_alpha_1.2_sigma_0.18_threshold_0.0 - INFO - clean_correct_purify_clean_incorrect: 4
2025-08-22 16:02:13,037 - ADV_Generation_eps_4.0_steps_100_image_only_attack_prm_Purification_type_noisy_anchor_anchors_10_alpha_1.2_sigma_0.18_threshold_0.0 - INFO - Batch 49/63: Clean orig accuracy 0.2640 | Clean purify accuracy 0.0804 | Adv orig accuracy: 0.2168 | Adv purify accuracy: 0.0676 | Adv purify acc on clean correct: 0.2367 | Adv purify acc on clean incorrect: 0.0069 | Clean purify acc on clean correct: 0.2850 | Clean purify acc on clean incorrect: 0.0069
2025-08-22 16:03:01,398 - ADV_Generation_eps_4.0_steps_100_image_only_attack_prm_Purification_type_noisy_anchor_anchors_10_alpha_1.2_sigma_0.18_threshold_0.0 - INFO - Generated adversarial images for the entire batch.
2025-08-22 16:03:01,401 - ADV_Generation_eps_4.0_steps_100_image_only_attack_prm_Purification_type_noisy_anchor_anchors_10_alpha_1.2_sigma_0.18_threshold_0.0 - INFO - Batch:[49] Image: [0] Saved adversarial tensor to /leonardo_work/EUHPC_R04_192/fmohamma/Adversarial_Robust_Clip/atpt_data/delta_clip_l14_224/A/adv_images_eps_4.0_alpha_1.0_steps_100_image_only_attack_prm/n04270147_0.000148_doormat _ doormat_0.7337321.pt
2025-08-22 16:03:01,404 - ADV_Generation_eps_4.0_steps_100_image_only_attack_prm_Purification_type_noisy_anchor_anchors_10_alpha_1.2_sigma_0.18_threshold_0.0 - INFO - Batch:[49] Image: [1] Saved adversarial tensor to /leonardo_work/EUHPC_R04_192/fmohamma/Adversarial_Robust_Clip/atpt_data/delta_clip_l14_224/A/adv_images_eps_4.0_alpha_1.0_steps_100_image_only_attack_prm/n04270147_0.000148_quill _ quill_0.95334613.pt
2025-08-22 16:03:01,407 - ADV_Generation_eps_4.0_steps_100_image_only_attack_prm_Purification_type_noisy_anchor_anchors_10_alpha_1.2_sigma_0.18_threshold_0.0 - INFO - Batch:[49] Image: [2] Saved adversarial tensor to /leonardo_work/EUHPC_R04_192/fmohamma/Adversarial_Robust_Clip/atpt_data/delta_clip_l14_224/A/adv_images_eps_4.0_alpha_1.0_steps_100_image_only_attack_prm/n04275548_0.000000_bubble _ bubble_0.9999993.pt
2025-08-22 16:03:01,409 - ADV_Generation_eps_4.0_steps_100_image_only_attack_prm_Purification_type_noisy_anchor_anchors_10_alpha_1.2_sigma_0.18_threshold_0.0 - INFO - Batch:[49] Image: [3] Saved adversarial tensor to /leonardo_work/EUHPC_R04_192/fmohamma/Adversarial_Robust_Clip/atpt_data/delta_clip_l14_224/A/adv_images_eps_4.0_alpha_1.0_steps_100_image_only_attack_prm/n04275548_0.000001_bubble _ bubble_0.9998696.pt
2025-08-22 16:03:01,411 - ADV_Generation_eps_4.0_steps_100_image_only_attack_prm_Purification_type_noisy_anchor_anchors_10_alpha_1.2_sigma_0.18_threshold_0.0 - INFO - Batch:[49] Image: [4] Saved adversarial tensor to /leonardo_work/EUHPC_R04_192/fmohamma/Adversarial_Robust_Clip/atpt_data/delta_clip_l14_224/A/adv_images_eps_4.0_alpha_1.0_steps_100_image_only_attack_prm/n04275548_0.000012_chain _ chain_0.90977037.pt
2025-08-22 16:03:01,412 - ADV_Generation_eps_4.0_steps_100_image_only_attack_prm_Purification_type_noisy_anchor_anchors_10_alpha_1.2_sigma_0.18_threshold_0.0 - INFO - Batch:[49] Image: [5] Saved adversarial tensor to /leonardo_work/EUHPC_R04_192/fmohamma/Adversarial_Robust_Clip/atpt_data/delta_clip_l14_224/A/adv_images_eps_4.0_alpha_1.0_steps_100_image_only_attack_prm/n04275548_0.000025_chain _ chain_0.7317683.pt
2025-08-22 16:03:01,414 - ADV_Generation_eps_4.0_steps_100_image_only_attack_prm_Purification_type_noisy_anchor_anchors_10_alpha_1.2_sigma_0.18_threshold_0.0 - INFO - Batch:[49] Image: [6] Saved adversarial tensor to /leonardo_work/EUHPC_R04_192/fmohamma/Adversarial_Robust_Clip/atpt_data/delta_clip_l14_224/A/adv_images_eps_4.0_alpha_1.0_steps_100_image_only_attack_prm/n04275548_0.000049_tank _ tank_0.3838277.pt
2025-08-22 16:03:01,416 - ADV_Generation_eps_4.0_steps_100_image_only_attack_prm_Purification_type_noisy_anchor_anchors_10_alpha_1.2_sigma_0.18_threshold_0.0 - INFO - Batch:[49] Image: [7] Saved adversarial tensor to /leonardo_work/EUHPC_R04_192/fmohamma/Adversarial_Robust_Clip/atpt_data/delta_clip_l14_224/A/adv_images_eps_4.0_alpha_1.0_steps_100_image_only_attack_prm/n04310018_0.000006_suspension bridge _ suspension bridge_0.6183171.pt
2025-08-22 16:03:01,417 - ADV_Generation_eps_4.0_steps_100_image_only_attack_prm_Purification_type_noisy_anchor_anchors_10_alpha_1.2_sigma_0.18_threshold_0.0 - INFO - Batch:[49] Image: [8] Saved adversarial tensor to /leonardo_work/EUHPC_R04_192/fmohamma/Adversarial_Robust_Clip/atpt_data/delta_clip_l14_224/A/adv_images_eps_4.0_alpha_1.0_steps_100_image_only_attack_prm/n04310018_0.000010_suspension bridge _ suspension bridge_0.99246687.pt
2025-08-22 16:03:01,419 - ADV_Generation_eps_4.0_steps_100_image_only_attack_prm_Purification_type_noisy_anchor_anchors_10_alpha_1.2_sigma_0.18_threshold_0.0 - INFO - Batch:[49] Image: [9] Saved adversarial tensor to /leonardo_work/EUHPC_R04_192/fmohamma/Adversarial_Robust_Clip/atpt_data/delta_clip_l14_224/A/adv_images_eps_4.0_alpha_1.0_steps_100_image_only_attack_prm/n04310018_0.000038_viaduct _ viaduct_0.985496.pt
2025-08-22 16:03:01,421 - ADV_Generation_eps_4.0_steps_100_image_only_attack_prm_Purification_type_noisy_anchor_anchors_10_alpha_1.2_sigma_0.18_threshold_0.0 - INFO - Batch:[49] Image: [10] Saved adversarial tensor to /leonardo_work/EUHPC_R04_192/fmohamma/Adversarial_Robust_Clip/atpt_data/delta_clip_l14_224/A/adv_images_eps_4.0_alpha_1.0_steps_100_image_only_attack_prm/n04310018_0.000040_volcano _ volcano_0.9995679.pt
2025-08-22 16:03:01,423 - ADV_Generation_eps_4.0_steps_100_image_only_attack_prm_Purification_type_noisy_anchor_anchors_10_alpha_1.2_sigma_0.18_threshold_0.0 - INFO - Batch:[49] Image: [11] Saved adversarial tensor to /leonardo_work/EUHPC_R04_192/fmohamma/Adversarial_Robust_Clip/atpt_data/delta_clip_l14_224/A/adv_images_eps_4.0_alpha_1.0_steps_100_image_only_attack_prm/n04310018_0.000041_cliff _ cliff_0.7741328.pt
2025-08-22 16:03:01,424 - ADV_Generation_eps_4.0_steps_100_image_only_attack_prm_Purification_type_noisy_anchor_anchors_10_alpha_1.2_sigma_0.18_threshold_0.0 - INFO - Batch:[49] Image: [12] Saved adversarial tensor to /leonardo_work/EUHPC_R04_192/fmohamma/Adversarial_Robust_Clip/atpt_data/delta_clip_l14_224/A/adv_images_eps_4.0_alpha_1.0_steps_100_image_only_attack_prm/n04317175_0.000019_Chihuahua _ Chihuahua_0.9997032.pt
2025-08-22 16:03:01,426 - ADV_Generation_eps_4.0_steps_100_image_only_attack_prm_Purification_type_noisy_anchor_anchors_10_alpha_1.2_sigma_0.18_threshold_0.0 - INFO - Batch:[49] Image: [13] Saved adversarial tensor to /leonardo_work/EUHPC_R04_192/fmohamma/Adversarial_Robust_Clip/atpt_data/delta_clip_l14_224/A/adv_images_eps_4.0_alpha_1.0_steps_100_image_only_attack_prm/n04317175_0.000233_parking meter _ parking meter_0.38141763.pt
2025-08-22 16:03:01,427 - ADV_Generation_eps_4.0_steps_100_image_only_attack_prm_Purification_type_noisy_anchor_anchors_10_alpha_1.2_sigma_0.18_threshold_0.0 - INFO - Batch:[49] Image: [14] Saved adversarial tensor to /leonardo_work/EUHPC_R04_192/fmohamma/Adversarial_Robust_Clip/atpt_data/delta_clip_l14_224/A/adv_images_eps_4.0_alpha_1.0_steps_100_image_only_attack_prm/n04317175_0.000252_academic gown _ academic gown_0.96458024.pt
2025-08-22 16:03:01,429 - ADV_Generation_eps_4.0_steps_100_image_only_attack_prm_Purification_type_noisy_anchor_anchors_10_alpha_1.2_sigma_0.18_threshold_0.0 - INFO - Batch:[49] Image: [15] Saved adversarial tensor to /leonardo_work/EUHPC_R04_192/fmohamma/Adversarial_Robust_Clip/atpt_data/delta_clip_l14_224/A/adv_images_eps_4.0_alpha_1.0_steps_100_image_only_attack_prm/n04317175_0.000294_digital clock _ digital clock_0.9970488.pt
2025-08-22 16:03:03,178 - ADV_Generation_eps_4.0_steps_100_image_only_attack_prm_Purification_type_noisy_anchor_anchors_10_alpha_1.2_sigma_0.18_threshold_0.0 - INFO - ======================== Adversarial Image Evaluation ==========================
2025-08-22 16:03:03,179 - ADV_Generation_eps_4.0_steps_100_image_only_attack_prm_Purification_type_noisy_anchor_anchors_10_alpha_1.2_sigma_0.18_threshold_0.0 - INFO - target: tensor([157, 157, 158, 158, 158, 158, 158, 159, 159, 159, 159, 159, 160, 160,
        160, 160], device='cuda:0')
2025-08-22 16:03:03,179 - ADV_Generation_eps_4.0_steps_100_image_only_attack_prm_Purification_type_noisy_anchor_anchors_10_alpha_1.2_sigma_0.18_threshold_0.0 - INFO - adv_pred: tensor([138,  90, 192, 192, 164,  45, 178, 173, 159, 173, 159, 193,  44, 160,
         75, 165], device='cuda:0')
2025-08-22 16:03:03,179 - ADV_Generation_eps_4.0_steps_100_image_only_attack_prm_Purification_type_noisy_anchor_anchors_10_alpha_1.2_sigma_0.18_threshold_0.0 - INFO - adv_correct_orig: 173 = 170 + 3
2025-08-22 16:03:03,180 - ADV_Generation_eps_4.0_steps_100_image_only_attack_prm_Purification_type_noisy_anchor_anchors_10_alpha_1.2_sigma_0.18_threshold_0.0 - INFO - adv_pred_purify: tensor([161,  90, 192, 192,  81,  45, 104, 173, 159, 173, 194,  87, 104, 160,
         98, 104], device='cuda:0')
2025-08-22 16:03:03,180 - ADV_Generation_eps_4.0_steps_100_image_only_attack_prm_Purification_type_noisy_anchor_anchors_10_alpha_1.2_sigma_0.18_threshold_0.0 - INFO - adv_correct_purify: 55 = 53 + 2
2025-08-22 16:03:04,926 - ADV_Generation_eps_4.0_steps_100_image_only_attack_prm_Purification_type_noisy_anchor_anchors_10_alpha_1.2_sigma_0.18_threshold_0.0 - INFO - ======================== Clean Image Evaluation ==========================
2025-08-22 16:03:04,927 - ADV_Generation_eps_4.0_steps_100_image_only_attack_prm_Purification_type_noisy_anchor_anchors_10_alpha_1.2_sigma_0.18_threshold_0.0 - INFO - target: tensor([157, 157, 158, 158, 158, 158, 158, 159, 159, 159, 159, 159, 160, 160,
        160, 160], device='cuda:0')
2025-08-22 16:03:04,927 - ADV_Generation_eps_4.0_steps_100_image_only_attack_prm_Purification_type_noisy_anchor_anchors_10_alpha_1.2_sigma_0.18_threshold_0.0 - INFO - clean_pred: tensor([109,  90, 192, 192, 164,  45, 103, 173, 159, 173, 159, 159,  44, 160,
         75, 165], device='cuda:0')
2025-08-22 16:03:04,927 - ADV_Generation_eps_4.0_steps_100_image_only_attack_prm_Purification_type_noisy_anchor_anchors_10_alpha_1.2_sigma_0.18_threshold_0.0 - INFO - clean_correct_orig: 211
2025-08-22 16:03:04,927 - ADV_Generation_eps_4.0_steps_100_image_only_attack_prm_Purification_type_noisy_anchor_anchors_10_alpha_1.2_sigma_0.18_threshold_0.0 - INFO - clean_pred_purify: tensor([161,  90, 192, 192,  81,  45, 104, 173, 159, 173, 159,  87, 104, 160,
         98, 104], device='cuda:0')
2025-08-22 16:03:04,927 - ADV_Generation_eps_4.0_steps_100_image_only_attack_prm_Purification_type_noisy_anchor_anchors_10_alpha_1.2_sigma_0.18_threshold_0.0 - INFO - clean_correct_purify: 66
2025-08-22 16:03:04,927 - ADV_Generation_eps_4.0_steps_100_image_only_attack_prm_Purification_type_noisy_anchor_anchors_10_alpha_1.2_sigma_0.18_threshold_0.0 - INFO - adv_correct_purify_clean_correct: 51
2025-08-22 16:03:04,927 - ADV_Generation_eps_4.0_steps_100_image_only_attack_prm_Purification_type_noisy_anchor_anchors_10_alpha_1.2_sigma_0.18_threshold_0.0 - INFO - adv_correct_purify_clean_incorrect: 4
2025-08-22 16:03:04,927 - ADV_Generation_eps_4.0_steps_100_image_only_attack_prm_Purification_type_noisy_anchor_anchors_10_alpha_1.2_sigma_0.18_threshold_0.0 - INFO - clean_correct_purify_clean_correct: 62
2025-08-22 16:03:04,927 - ADV_Generation_eps_4.0_steps_100_image_only_attack_prm_Purification_type_noisy_anchor_anchors_10_alpha_1.2_sigma_0.18_threshold_0.0 - INFO - clean_correct_purify_clean_incorrect: 4
2025-08-22 16:03:04,928 - ADV_Generation_eps_4.0_steps_100_image_only_attack_prm_Purification_type_noisy_anchor_anchors_10_alpha_1.2_sigma_0.18_threshold_0.0 - INFO - Batch 50/63: Clean orig accuracy 0.2637 | Clean purify accuracy 0.0825 | Adv orig accuracy: 0.2162 | Adv purify accuracy: 0.0688 | Adv purify acc on clean correct: 0.2417 | Adv purify acc on clean incorrect: 0.0068 | Clean purify acc on clean correct: 0.2938 | Clean purify acc on clean incorrect: 0.0068
2025-08-22 16:03:53,271 - ADV_Generation_eps_4.0_steps_100_image_only_attack_prm_Purification_type_noisy_anchor_anchors_10_alpha_1.2_sigma_0.18_threshold_0.0 - INFO - Generated adversarial images for the entire batch.
2025-08-22 16:03:53,275 - ADV_Generation_eps_4.0_steps_100_image_only_attack_prm_Purification_type_noisy_anchor_anchors_10_alpha_1.2_sigma_0.18_threshold_0.0 - INFO - Batch:[50] Image: [0] Saved adversarial tensor to /leonardo_work/EUHPC_R04_192/fmohamma/Adversarial_Robust_Clip/atpt_data/delta_clip_l14_224/A/adv_images_eps_4.0_alpha_1.0_steps_100_image_only_attack_prm/n04317175_0.000419_torch _ torch_0.93579066.pt
2025-08-22 16:03:53,277 - ADV_Generation_eps_4.0_steps_100_image_only_attack_prm_Purification_type_noisy_anchor_anchors_10_alpha_1.2_sigma_0.18_threshold_0.0 - INFO - Batch:[50] Image: [1] Saved adversarial tensor to /leonardo_work/EUHPC_R04_192/fmohamma/Adversarial_Robust_Clip/atpt_data/delta_clip_l14_224/A/adv_images_eps_4.0_alpha_1.0_steps_100_image_only_attack_prm/n04344873_0.000005_sleeping bag _ sleeping bag_0.99997973.pt
2025-08-22 16:03:53,280 - ADV_Generation_eps_4.0_steps_100_image_only_attack_prm_Purification_type_noisy_anchor_anchors_10_alpha_1.2_sigma_0.18_threshold_0.0 - INFO - Batch:[50] Image: [2] Saved adversarial tensor to /leonardo_work/EUHPC_R04_192/fmohamma/Adversarial_Robust_Clip/atpt_data/delta_clip_l14_224/A/adv_images_eps_4.0_alpha_1.0_steps_100_image_only_attack_prm/n04344873_0.000006_shovel _ shovel_0.63256174.pt
2025-08-22 16:03:53,282 - ADV_Generation_eps_4.0_steps_100_image_only_attack_prm_Purification_type_noisy_anchor_anchors_10_alpha_1.2_sigma_0.18_threshold_0.0 - INFO - Batch:[50] Image: [3] Saved adversarial tensor to /leonardo_work/EUHPC_R04_192/fmohamma/Adversarial_Robust_Clip/atpt_data/delta_clip_l14_224/A/adv_images_eps_4.0_alpha_1.0_steps_100_image_only_attack_prm/n04344873_0.000010_tricycle _ tricycle_0.9813861.pt
2025-08-22 16:03:53,285 - ADV_Generation_eps_4.0_steps_100_image_only_attack_prm_Purification_type_noisy_anchor_anchors_10_alpha_1.2_sigma_0.18_threshold_0.0 - INFO - Batch:[50] Image: [4] Saved adversarial tensor to /leonardo_work/EUHPC_R04_192/fmohamma/Adversarial_Robust_Clip/atpt_data/delta_clip_l14_224/A/adv_images_eps_4.0_alpha_1.0_steps_100_image_only_attack_prm/n04344873_0.000092_drumstick _ drumstick_0.5251923.pt
2025-08-22 16:03:53,288 - ADV_Generation_eps_4.0_steps_100_image_only_attack_prm_Purification_type_noisy_anchor_anchors_10_alpha_1.2_sigma_0.18_threshold_0.0 - INFO - Batch:[50] Image: [5] Saved adversarial tensor to /leonardo_work/EUHPC_R04_192/fmohamma/Adversarial_Robust_Clip/atpt_data/delta_clip_l14_224/A/adv_images_eps_4.0_alpha_1.0_steps_100_image_only_attack_prm/n04344873_0.000149_goblet _ goblet_0.65569186.pt
2025-08-22 16:03:53,292 - ADV_Generation_eps_4.0_steps_100_image_only_attack_prm_Purification_type_noisy_anchor_anchors_10_alpha_1.2_sigma_0.18_threshold_0.0 - INFO - Batch:[50] Image: [6] Saved adversarial tensor to /leonardo_work/EUHPC_R04_192/fmohamma/Adversarial_Robust_Clip/atpt_data/delta_clip_l14_224/A/adv_images_eps_4.0_alpha_1.0_steps_100_image_only_attack_prm/n04347754_0.000018_washing machine _ washing machine_0.9585324.pt
2025-08-22 16:03:53,295 - ADV_Generation_eps_4.0_steps_100_image_only_attack_prm_Purification_type_noisy_anchor_anchors_10_alpha_1.2_sigma_0.18_threshold_0.0 - INFO - Batch:[50] Image: [7] Saved adversarial tensor to /leonardo_work/EUHPC_R04_192/fmohamma/Adversarial_Robust_Clip/atpt_data/delta_clip_l14_224/A/adv_images_eps_4.0_alpha_1.0_steps_100_image_only_attack_prm/n04347754_0.000025_washing machine _ washing machine_0.9674691.pt
2025-08-22 16:03:53,296 - ADV_Generation_eps_4.0_steps_100_image_only_attack_prm_Purification_type_noisy_anchor_anchors_10_alpha_1.2_sigma_0.18_threshold_0.0 - INFO - Batch:[50] Image: [8] Saved adversarial tensor to /leonardo_work/EUHPC_R04_192/fmohamma/Adversarial_Robust_Clip/atpt_data/delta_clip_l14_224/A/adv_images_eps_4.0_alpha_1.0_steps_100_image_only_attack_prm/n04347754_0.000031_ambulance _ ambulance_0.3229263.pt
2025-08-22 16:03:53,298 - ADV_Generation_eps_4.0_steps_100_image_only_attack_prm_Purification_type_noisy_anchor_anchors_10_alpha_1.2_sigma_0.18_threshold_0.0 - INFO - Batch:[50] Image: [9] Saved adversarial tensor to /leonardo_work/EUHPC_R04_192/fmohamma/Adversarial_Robust_Clip/atpt_data/delta_clip_l14_224/A/adv_images_eps_4.0_alpha_1.0_steps_100_image_only_attack_prm/n04347754_0.000084_parking meter _ parking meter_0.8842599.pt
2025-08-22 16:03:53,300 - ADV_Generation_eps_4.0_steps_100_image_only_attack_prm_Purification_type_noisy_anchor_anchors_10_alpha_1.2_sigma_0.18_threshold_0.0 - INFO - Batch:[50] Image: [10] Saved adversarial tensor to /leonardo_work/EUHPC_R04_192/fmohamma/Adversarial_Robust_Clip/atpt_data/delta_clip_l14_224/A/adv_images_eps_4.0_alpha_1.0_steps_100_image_only_attack_prm/n04347754_0.000119_racket _ racket_0.6681224.pt
2025-08-22 16:03:53,303 - ADV_Generation_eps_4.0_steps_100_image_only_attack_prm_Purification_type_noisy_anchor_anchors_10_alpha_1.2_sigma_0.18_threshold_0.0 - INFO - Batch:[50] Image: [11] Saved adversarial tensor to /leonardo_work/EUHPC_R04_192/fmohamma/Adversarial_Robust_Clip/atpt_data/delta_clip_l14_224/A/adv_images_eps_4.0_alpha_1.0_steps_100_image_only_attack_prm/n04355338_0.000095_lighthouse _ lighthouse_0.9834925.pt
2025-08-22 16:03:53,305 - ADV_Generation_eps_4.0_steps_100_image_only_attack_prm_Purification_type_noisy_anchor_anchors_10_alpha_1.2_sigma_0.18_threshold_0.0 - INFO - Batch:[50] Image: [12] Saved adversarial tensor to /leonardo_work/EUHPC_R04_192/fmohamma/Adversarial_Robust_Clip/atpt_data/delta_clip_l14_224/A/adv_images_eps_4.0_alpha_1.0_steps_100_image_only_attack_prm/n04355338_0.000106_castle _ barn_0.75712645.pt
2025-08-22 16:03:53,306 - ADV_Generation_eps_4.0_steps_100_image_only_attack_prm_Purification_type_noisy_anchor_anchors_10_alpha_1.2_sigma_0.18_threshold_0.0 - INFO - Batch:[50] Image: [13] Saved adversarial tensor to /leonardo_work/EUHPC_R04_192/fmohamma/Adversarial_Robust_Clip/atpt_data/delta_clip_l14_224/A/adv_images_eps_4.0_alpha_1.0_steps_100_image_only_attack_prm/n04355338_0.000504_lighthouse _ lighthouse_0.8910246.pt
2025-08-22 16:03:53,308 - ADV_Generation_eps_4.0_steps_100_image_only_attack_prm_Purification_type_noisy_anchor_anchors_10_alpha_1.2_sigma_0.18_threshold_0.0 - INFO - Batch:[50] Image: [14] Saved adversarial tensor to /leonardo_work/EUHPC_R04_192/fmohamma/Adversarial_Robust_Clip/atpt_data/delta_clip_l14_224/A/adv_images_eps_4.0_alpha_1.0_steps_100_image_only_attack_prm/n04355338_0.000791_envelope _ envelope_0.9969598.pt
2025-08-22 16:03:53,310 - ADV_Generation_eps_4.0_steps_100_image_only_attack_prm_Purification_type_noisy_anchor_anchors_10_alpha_1.2_sigma_0.18_threshold_0.0 - INFO - Batch:[50] Image: [15] Saved adversarial tensor to /leonardo_work/EUHPC_R04_192/fmohamma/Adversarial_Robust_Clip/atpt_data/delta_clip_l14_224/A/adv_images_eps_4.0_alpha_1.0_steps_100_image_only_attack_prm/n04355338_0.000952_doormat _ doormat_0.987392.pt
2025-08-22 16:03:55,060 - ADV_Generation_eps_4.0_steps_100_image_only_attack_prm_Purification_type_noisy_anchor_anchors_10_alpha_1.2_sigma_0.18_threshold_0.0 - INFO - ======================== Adversarial Image Evaluation ==========================
2025-08-22 16:03:55,060 - ADV_Generation_eps_4.0_steps_100_image_only_attack_prm_Purification_type_noisy_anchor_anchors_10_alpha_1.2_sigma_0.18_threshold_0.0 - INFO - target: tensor([160, 161, 161, 161, 161, 161, 162, 162, 162, 162, 162, 163, 163, 163,
        163, 163], device='cuda:0')
2025-08-22 16:03:55,061 - ADV_Generation_eps_4.0_steps_100_image_only_attack_prm_Purification_type_noisy_anchor_anchors_10_alpha_1.2_sigma_0.18_threshold_0.0 - INFO - adv_pred: tensor([ 90, 153, 155, 161, 161, 191, 162, 162, 162, 162,  18, 130,  84, 132,
        163, 163], device='cuda:0')
2025-08-22 16:03:55,061 - ADV_Generation_eps_4.0_steps_100_image_only_attack_prm_Purification_type_noisy_anchor_anchors_10_alpha_1.2_sigma_0.18_threshold_0.0 - INFO - adv_correct_orig: 181 = 173 + 8
2025-08-22 16:03:55,061 - ADV_Generation_eps_4.0_steps_100_image_only_attack_prm_Purification_type_noisy_anchor_anchors_10_alpha_1.2_sigma_0.18_threshold_0.0 - INFO - adv_pred_purify: tensor([169,  39, 154, 161, 161,   4, 175, 125, 136, 136,  98,  87,  96,  87,
        104, 105], device='cuda:0')
2025-08-22 16:03:55,061 - ADV_Generation_eps_4.0_steps_100_image_only_attack_prm_Purification_type_noisy_anchor_anchors_10_alpha_1.2_sigma_0.18_threshold_0.0 - INFO - adv_correct_purify: 57 = 55 + 2
2025-08-22 16:03:56,807 - ADV_Generation_eps_4.0_steps_100_image_only_attack_prm_Purification_type_noisy_anchor_anchors_10_alpha_1.2_sigma_0.18_threshold_0.0 - INFO - ======================== Clean Image Evaluation ==========================
2025-08-22 16:03:56,808 - ADV_Generation_eps_4.0_steps_100_image_only_attack_prm_Purification_type_noisy_anchor_anchors_10_alpha_1.2_sigma_0.18_threshold_0.0 - INFO - target: tensor([160, 161, 161, 161, 161, 161, 162, 162, 162, 162, 162, 163, 163, 163,
        163, 163], device='cuda:0')
2025-08-22 16:03:56,808 - ADV_Generation_eps_4.0_steps_100_image_only_attack_prm_Purification_type_noisy_anchor_anchors_10_alpha_1.2_sigma_0.18_threshold_0.0 - INFO - clean_pred: tensor([ 90, 153, 155, 161, 161, 191, 162, 162,  79, 162,  18, 130,  84, 132,
        163, 163], device='cuda:0')
2025-08-22 16:03:56,808 - ADV_Generation_eps_4.0_steps_100_image_only_attack_prm_Purification_type_noisy_anchor_anchors_10_alpha_1.2_sigma_0.18_threshold_0.0 - INFO - clean_correct_orig: 218
2025-08-22 16:03:56,809 - ADV_Generation_eps_4.0_steps_100_image_only_attack_prm_Purification_type_noisy_anchor_anchors_10_alpha_1.2_sigma_0.18_threshold_0.0 - INFO - clean_pred_purify: tensor([169,  39, 154, 161, 161,   4, 175, 125, 104, 136,  98,  87,  96,  87,
        104, 105], device='cuda:0')
2025-08-22 16:03:56,809 - ADV_Generation_eps_4.0_steps_100_image_only_attack_prm_Purification_type_noisy_anchor_anchors_10_alpha_1.2_sigma_0.18_threshold_0.0 - INFO - clean_correct_purify: 68
2025-08-22 16:03:56,809 - ADV_Generation_eps_4.0_steps_100_image_only_attack_prm_Purification_type_noisy_anchor_anchors_10_alpha_1.2_sigma_0.18_threshold_0.0 - INFO - adv_correct_purify_clean_correct: 53
2025-08-22 16:03:56,809 - ADV_Generation_eps_4.0_steps_100_image_only_attack_prm_Purification_type_noisy_anchor_anchors_10_alpha_1.2_sigma_0.18_threshold_0.0 - INFO - adv_correct_purify_clean_incorrect: 4
2025-08-22 16:03:56,809 - ADV_Generation_eps_4.0_steps_100_image_only_attack_prm_Purification_type_noisy_anchor_anchors_10_alpha_1.2_sigma_0.18_threshold_0.0 - INFO - clean_correct_purify_clean_correct: 64
2025-08-22 16:03:56,809 - ADV_Generation_eps_4.0_steps_100_image_only_attack_prm_Purification_type_noisy_anchor_anchors_10_alpha_1.2_sigma_0.18_threshold_0.0 - INFO - clean_correct_purify_clean_incorrect: 4
2025-08-22 16:03:56,810 - ADV_Generation_eps_4.0_steps_100_image_only_attack_prm_Purification_type_noisy_anchor_anchors_10_alpha_1.2_sigma_0.18_threshold_0.0 - INFO - Batch 51/63: Clean orig accuracy 0.2672 | Clean purify accuracy 0.0833 | Adv orig accuracy: 0.2218 | Adv purify accuracy: 0.0699 | Adv purify acc on clean correct: 0.2431 | Adv purify acc on clean incorrect: 0.0067 | Clean purify acc on clean correct: 0.2936 | Clean purify acc on clean incorrect: 0.0067
2025-08-22 16:04:45,206 - ADV_Generation_eps_4.0_steps_100_image_only_attack_prm_Purification_type_noisy_anchor_anchors_10_alpha_1.2_sigma_0.18_threshold_0.0 - INFO - Generated adversarial images for the entire batch.
2025-08-22 16:04:45,209 - ADV_Generation_eps_4.0_steps_100_image_only_attack_prm_Purification_type_noisy_anchor_anchors_10_alpha_1.2_sigma_0.18_threshold_0.0 - INFO - Batch:[51] Image: [0] Saved adversarial tensor to /leonardo_work/EUHPC_R04_192/fmohamma/Adversarial_Robust_Clip/atpt_data/delta_clip_l14_224/A/adv_images_eps_4.0_alpha_1.0_steps_100_image_only_attack_prm/n04366367_0.000106_shipwreck _ shipwreck_0.98831207.pt
2025-08-22 16:04:45,211 - ADV_Generation_eps_4.0_steps_100_image_only_attack_prm_Purification_type_noisy_anchor_anchors_10_alpha_1.2_sigma_0.18_threshold_0.0 - INFO - Batch:[51] Image: [1] Saved adversarial tensor to /leonardo_work/EUHPC_R04_192/fmohamma/Adversarial_Robust_Clip/atpt_data/delta_clip_l14_224/A/adv_images_eps_4.0_alpha_1.0_steps_100_image_only_attack_prm/n04366367_0.000159_snowplow _ snowplow_0.9660987.pt
2025-08-22 16:04:45,214 - ADV_Generation_eps_4.0_steps_100_image_only_attack_prm_Purification_type_noisy_anchor_anchors_10_alpha_1.2_sigma_0.18_threshold_0.0 - INFO - Batch:[51] Image: [2] Saved adversarial tensor to /leonardo_work/EUHPC_R04_192/fmohamma/Adversarial_Robust_Clip/atpt_data/delta_clip_l14_224/A/adv_images_eps_4.0_alpha_1.0_steps_100_image_only_attack_prm/n04366367_0.000203_rapeseed _ rapeseed_0.9169785.pt
2025-08-22 16:04:45,216 - ADV_Generation_eps_4.0_steps_100_image_only_attack_prm_Purification_type_noisy_anchor_anchors_10_alpha_1.2_sigma_0.18_threshold_0.0 - INFO - Batch:[51] Image: [3] Saved adversarial tensor to /leonardo_work/EUHPC_R04_192/fmohamma/Adversarial_Robust_Clip/atpt_data/delta_clip_l14_224/A/adv_images_eps_4.0_alpha_1.0_steps_100_image_only_attack_prm/n04366367_0.000274_unicycle _ unicycle_0.9957695.pt
2025-08-22 16:04:45,218 - ADV_Generation_eps_4.0_steps_100_image_only_attack_prm_Purification_type_noisy_anchor_anchors_10_alpha_1.2_sigma_0.18_threshold_0.0 - INFO - Batch:[51] Image: [4] Saved adversarial tensor to /leonardo_work/EUHPC_R04_192/fmohamma/Adversarial_Robust_Clip/atpt_data/delta_clip_l14_224/A/adv_images_eps_4.0_alpha_1.0_steps_100_image_only_attack_prm/n04366367_0.000310_jay _ jay_0.97126716.pt
2025-08-22 16:04:45,220 - ADV_Generation_eps_4.0_steps_100_image_only_attack_prm_Purification_type_noisy_anchor_anchors_10_alpha_1.2_sigma_0.18_threshold_0.0 - INFO - Batch:[51] Image: [5] Saved adversarial tensor to /leonardo_work/EUHPC_R04_192/fmohamma/Adversarial_Robust_Clip/atpt_data/delta_clip_l14_224/A/adv_images_eps_4.0_alpha_1.0_steps_100_image_only_attack_prm/n04376876_0.000072_piggy bank _ piggy bank_0.94841033.pt
2025-08-22 16:04:45,222 - ADV_Generation_eps_4.0_steps_100_image_only_attack_prm_Purification_type_noisy_anchor_anchors_10_alpha_1.2_sigma_0.18_threshold_0.0 - INFO - Batch:[51] Image: [6] Saved adversarial tensor to /leonardo_work/EUHPC_R04_192/fmohamma/Adversarial_Robust_Clip/atpt_data/delta_clip_l14_224/A/adv_images_eps_4.0_alpha_1.0_steps_100_image_only_attack_prm/n04376876_0.000187_nail _ nail_0.9283915.pt
2025-08-22 16:04:45,224 - ADV_Generation_eps_4.0_steps_100_image_only_attack_prm_Purification_type_noisy_anchor_anchors_10_alpha_1.2_sigma_0.18_threshold_0.0 - INFO - Batch:[51] Image: [7] Saved adversarial tensor to /leonardo_work/EUHPC_R04_192/fmohamma/Adversarial_Robust_Clip/atpt_data/delta_clip_l14_224/A/adv_images_eps_4.0_alpha_1.0_steps_100_image_only_attack_prm/n04376876_0.000639_saxophone _ bow_0.46470982.pt
2025-08-22 16:04:45,226 - ADV_Generation_eps_4.0_steps_100_image_only_attack_prm_Purification_type_noisy_anchor_anchors_10_alpha_1.2_sigma_0.18_threshold_0.0 - INFO - Batch:[51] Image: [8] Saved adversarial tensor to /leonardo_work/EUHPC_R04_192/fmohamma/Adversarial_Robust_Clip/atpt_data/delta_clip_l14_224/A/adv_images_eps_4.0_alpha_1.0_steps_100_image_only_attack_prm/n04376876_0.001441_washing machine _ washing machine_0.9676311.pt
2025-08-22 16:04:45,228 - ADV_Generation_eps_4.0_steps_100_image_only_attack_prm_Purification_type_noisy_anchor_anchors_10_alpha_1.2_sigma_0.18_threshold_0.0 - INFO - Batch:[51] Image: [9] Saved adversarial tensor to /leonardo_work/EUHPC_R04_192/fmohamma/Adversarial_Robust_Clip/atpt_data/delta_clip_l14_224/A/adv_images_eps_4.0_alpha_1.0_steps_100_image_only_attack_prm/n04376876_0.001902_stethoscope _ stethoscope_0.7587086.pt
2025-08-22 16:04:45,229 - ADV_Generation_eps_4.0_steps_100_image_only_attack_prm_Purification_type_noisy_anchor_anchors_10_alpha_1.2_sigma_0.18_threshold_0.0 - INFO - Batch:[51] Image: [10] Saved adversarial tensor to /leonardo_work/EUHPC_R04_192/fmohamma/Adversarial_Robust_Clip/atpt_data/delta_clip_l14_224/A/adv_images_eps_4.0_alpha_1.0_steps_100_image_only_attack_prm/n04389033_0.000270_steam locomotive _ steam locomotive_0.99922526.pt
2025-08-22 16:04:45,232 - ADV_Generation_eps_4.0_steps_100_image_only_attack_prm_Purification_type_noisy_anchor_anchors_10_alpha_1.2_sigma_0.18_threshold_0.0 - INFO - Batch:[51] Image: [11] Saved adversarial tensor to /leonardo_work/EUHPC_R04_192/fmohamma/Adversarial_Robust_Clip/atpt_data/delta_clip_l14_224/A/adv_images_eps_4.0_alpha_1.0_steps_100_image_only_attack_prm/n04389033_0.000353_parachute _ parachute_0.9584183.pt
2025-08-22 16:04:45,233 - ADV_Generation_eps_4.0_steps_100_image_only_attack_prm_Purification_type_noisy_anchor_anchors_10_alpha_1.2_sigma_0.18_threshold_0.0 - INFO - Batch:[51] Image: [12] Saved adversarial tensor to /leonardo_work/EUHPC_R04_192/fmohamma/Adversarial_Robust_Clip/atpt_data/delta_clip_l14_224/A/adv_images_eps_4.0_alpha_1.0_steps_100_image_only_attack_prm/n04389033_0.000594_cottontail rabbit _ fountain_0.477505.pt
2025-08-22 16:04:45,235 - ADV_Generation_eps_4.0_steps_100_image_only_attack_prm_Purification_type_noisy_anchor_anchors_10_alpha_1.2_sigma_0.18_threshold_0.0 - INFO - Batch:[51] Image: [13] Saved adversarial tensor to /leonardo_work/EUHPC_R04_192/fmohamma/Adversarial_Robust_Clip/atpt_data/delta_clip_l14_224/A/adv_images_eps_4.0_alpha_1.0_steps_100_image_only_attack_prm/n04389033_0.000791_garbage truck _ garbage truck_0.70873624.pt
2025-08-22 16:04:45,238 - ADV_Generation_eps_4.0_steps_100_image_only_attack_prm_Purification_type_noisy_anchor_anchors_10_alpha_1.2_sigma_0.18_threshold_0.0 - INFO - Batch:[51] Image: [14] Saved adversarial tensor to /leonardo_work/EUHPC_R04_192/fmohamma/Adversarial_Robust_Clip/atpt_data/delta_clip_l14_224/A/adv_images_eps_4.0_alpha_1.0_steps_100_image_only_attack_prm/n04389033_0.000793_shipwreck _ shipwreck_0.5052681.pt
2025-08-22 16:04:45,240 - ADV_Generation_eps_4.0_steps_100_image_only_attack_prm_Purification_type_noisy_anchor_anchors_10_alpha_1.2_sigma_0.18_threshold_0.0 - INFO - Batch:[51] Image: [15] Saved adversarial tensor to /leonardo_work/EUHPC_R04_192/fmohamma/Adversarial_Robust_Clip/atpt_data/delta_clip_l14_224/A/adv_images_eps_4.0_alpha_1.0_steps_100_image_only_attack_prm/n04399382_0.000000_shipwreck _ shipwreck_0.9988649.pt
2025-08-22 16:04:46,989 - ADV_Generation_eps_4.0_steps_100_image_only_attack_prm_Purification_type_noisy_anchor_anchors_10_alpha_1.2_sigma_0.18_threshold_0.0 - INFO - ======================== Adversarial Image Evaluation ==========================
2025-08-22 16:04:46,990 - ADV_Generation_eps_4.0_steps_100_image_only_attack_prm_Purification_type_noisy_anchor_anchors_10_alpha_1.2_sigma_0.18_threshold_0.0 - INFO - target: tensor([164, 164, 164, 164, 164, 165, 165, 165, 165, 165, 166, 166, 166, 166,
        166, 167], device='cuda:0')
2025-08-22 16:04:46,990 - ADV_Generation_eps_4.0_steps_100_image_only_attack_prm_Purification_type_noisy_anchor_anchors_10_alpha_1.2_sigma_0.18_threshold_0.0 - INFO - adv_pred: tensor([164, 173, 164, 164,  34, 167, 165, 133, 156, 115, 159, 163,  53, 166,
        166, 178], device='cuda:0')
2025-08-22 16:04:46,990 - ADV_Generation_eps_4.0_steps_100_image_only_attack_prm_Purification_type_noisy_anchor_anchors_10_alpha_1.2_sigma_0.18_threshold_0.0 - INFO - adv_correct_orig: 187 = 181 + 6
2025-08-22 16:04:46,991 - ADV_Generation_eps_4.0_steps_100_image_only_attack_prm_Purification_type_noisy_anchor_anchors_10_alpha_1.2_sigma_0.18_threshold_0.0 - INFO - adv_pred_purify: tensor([132,  84, 176, 164, 116, 167, 107, 195, 161, 116, 155,  81, 192, 113,
        166, 164], device='cuda:0')
2025-08-22 16:04:46,991 - ADV_Generation_eps_4.0_steps_100_image_only_attack_prm_Purification_type_noisy_anchor_anchors_10_alpha_1.2_sigma_0.18_threshold_0.0 - INFO - adv_correct_purify: 59 = 57 + 2
2025-08-22 16:04:48,737 - ADV_Generation_eps_4.0_steps_100_image_only_attack_prm_Purification_type_noisy_anchor_anchors_10_alpha_1.2_sigma_0.18_threshold_0.0 - INFO - ======================== Clean Image Evaluation ==========================
2025-08-22 16:04:48,737 - ADV_Generation_eps_4.0_steps_100_image_only_attack_prm_Purification_type_noisy_anchor_anchors_10_alpha_1.2_sigma_0.18_threshold_0.0 - INFO - target: tensor([164, 164, 164, 164, 164, 165, 165, 165, 165, 165, 166, 166, 166, 166,
        166, 167], device='cuda:0')
2025-08-22 16:04:48,738 - ADV_Generation_eps_4.0_steps_100_image_only_attack_prm_Purification_type_noisy_anchor_anchors_10_alpha_1.2_sigma_0.18_threshold_0.0 - INFO - clean_pred: tensor([164, 173, 164, 164,  34, 167, 165,  93, 156,  57, 159, 163, 178, 166,
        166, 178], device='cuda:0')
2025-08-22 16:04:48,738 - ADV_Generation_eps_4.0_steps_100_image_only_attack_prm_Purification_type_noisy_anchor_anchors_10_alpha_1.2_sigma_0.18_threshold_0.0 - INFO - clean_correct_orig: 224
2025-08-22 16:04:48,738 - ADV_Generation_eps_4.0_steps_100_image_only_attack_prm_Purification_type_noisy_anchor_anchors_10_alpha_1.2_sigma_0.18_threshold_0.0 - INFO - clean_pred_purify: tensor([132,  84, 176, 164,   5, 167, 107, 148, 195, 116, 155, 110, 192, 113,
        166, 164], device='cuda:0')
2025-08-22 16:04:48,738 - ADV_Generation_eps_4.0_steps_100_image_only_attack_prm_Purification_type_noisy_anchor_anchors_10_alpha_1.2_sigma_0.18_threshold_0.0 - INFO - clean_correct_purify: 70
2025-08-22 16:04:48,738 - ADV_Generation_eps_4.0_steps_100_image_only_attack_prm_Purification_type_noisy_anchor_anchors_10_alpha_1.2_sigma_0.18_threshold_0.0 - INFO - adv_correct_purify_clean_correct: 55
2025-08-22 16:04:48,738 - ADV_Generation_eps_4.0_steps_100_image_only_attack_prm_Purification_type_noisy_anchor_anchors_10_alpha_1.2_sigma_0.18_threshold_0.0 - INFO - adv_correct_purify_clean_incorrect: 4
2025-08-22 16:04:48,738 - ADV_Generation_eps_4.0_steps_100_image_only_attack_prm_Purification_type_noisy_anchor_anchors_10_alpha_1.2_sigma_0.18_threshold_0.0 - INFO - clean_correct_purify_clean_correct: 66
2025-08-22 16:04:48,738 - ADV_Generation_eps_4.0_steps_100_image_only_attack_prm_Purification_type_noisy_anchor_anchors_10_alpha_1.2_sigma_0.18_threshold_0.0 - INFO - clean_correct_purify_clean_incorrect: 4
2025-08-22 16:04:48,739 - ADV_Generation_eps_4.0_steps_100_image_only_attack_prm_Purification_type_noisy_anchor_anchors_10_alpha_1.2_sigma_0.18_threshold_0.0 - INFO - Batch 52/63: Clean orig accuracy 0.2692 | Clean purify accuracy 0.0841 | Adv orig accuracy: 0.2248 | Adv purify accuracy: 0.0709 | Adv purify acc on clean correct: 0.2455 | Adv purify acc on clean incorrect: 0.0066 | Clean purify acc on clean correct: 0.2946 | Clean purify acc on clean incorrect: 0.0066
2025-08-22 16:05:37,103 - ADV_Generation_eps_4.0_steps_100_image_only_attack_prm_Purification_type_noisy_anchor_anchors_10_alpha_1.2_sigma_0.18_threshold_0.0 - INFO - Generated adversarial images for the entire batch.
2025-08-22 16:05:37,105 - ADV_Generation_eps_4.0_steps_100_image_only_attack_prm_Purification_type_noisy_anchor_anchors_10_alpha_1.2_sigma_0.18_threshold_0.0 - INFO - Batch:[52] Image: [0] Saved adversarial tensor to /leonardo_work/EUHPC_R04_192/fmohamma/Adversarial_Robust_Clip/atpt_data/delta_clip_l14_224/A/adv_images_eps_4.0_alpha_1.0_steps_100_image_only_attack_prm/n04399382_0.000002_balloon _ balloon_0.98676014.pt
2025-08-22 16:05:37,107 - ADV_Generation_eps_4.0_steps_100_image_only_attack_prm_Purification_type_noisy_anchor_anchors_10_alpha_1.2_sigma_0.18_threshold_0.0 - INFO - Batch:[52] Image: [1] Saved adversarial tensor to /leonardo_work/EUHPC_R04_192/fmohamma/Adversarial_Robust_Clip/atpt_data/delta_clip_l14_224/A/adv_images_eps_4.0_alpha_1.0_steps_100_image_only_attack_prm/n04399382_0.000006_limousine _ limousine_0.9905709.pt
2025-08-22 16:05:37,109 - ADV_Generation_eps_4.0_steps_100_image_only_attack_prm_Purification_type_noisy_anchor_anchors_10_alpha_1.2_sigma_0.18_threshold_0.0 - INFO - Batch:[52] Image: [2] Saved adversarial tensor to /leonardo_work/EUHPC_R04_192/fmohamma/Adversarial_Robust_Clip/atpt_data/delta_clip_l14_224/A/adv_images_eps_4.0_alpha_1.0_steps_100_image_only_attack_prm/n04399382_0.000008_sandal _ sandal_0.99824893.pt
2025-08-22 16:05:37,111 - ADV_Generation_eps_4.0_steps_100_image_only_attack_prm_Purification_type_noisy_anchor_anchors_10_alpha_1.2_sigma_0.18_threshold_0.0 - INFO - Batch:[52] Image: [3] Saved adversarial tensor to /leonardo_work/EUHPC_R04_192/fmohamma/Adversarial_Robust_Clip/atpt_data/delta_clip_l14_224/A/adv_images_eps_4.0_alpha_1.0_steps_100_image_only_attack_prm/n04399382_0.000013_ambulance _ ambulance_0.99779874.pt
2025-08-22 16:05:37,113 - ADV_Generation_eps_4.0_steps_100_image_only_attack_prm_Purification_type_noisy_anchor_anchors_10_alpha_1.2_sigma_0.18_threshold_0.0 - INFO - Batch:[52] Image: [4] Saved adversarial tensor to /leonardo_work/EUHPC_R04_192/fmohamma/Adversarial_Robust_Clip/atpt_data/delta_clip_l14_224/A/adv_images_eps_4.0_alpha_1.0_steps_100_image_only_attack_prm/n04442312_0.000000_torch _ torch_0.99968445.pt
2025-08-22 16:05:37,114 - ADV_Generation_eps_4.0_steps_100_image_only_attack_prm_Purification_type_noisy_anchor_anchors_10_alpha_1.2_sigma_0.18_threshold_0.0 - INFO - Batch:[52] Image: [5] Saved adversarial tensor to /leonardo_work/EUHPC_R04_192/fmohamma/Adversarial_Robust_Clip/atpt_data/delta_clip_l14_224/A/adv_images_eps_4.0_alpha_1.0_steps_100_image_only_attack_prm/n04442312_0.000150_hair dryer _ hair dryer_0.9947983.pt
2025-08-22 16:05:37,116 - ADV_Generation_eps_4.0_steps_100_image_only_attack_prm_Purification_type_noisy_anchor_anchors_10_alpha_1.2_sigma_0.18_threshold_0.0 - INFO - Batch:[52] Image: [6] Saved adversarial tensor to /leonardo_work/EUHPC_R04_192/fmohamma/Adversarial_Robust_Clip/atpt_data/delta_clip_l14_224/A/adv_images_eps_4.0_alpha_1.0_steps_100_image_only_attack_prm/n04442312_0.000182_wheelbarrow _ wheelbarrow_0.81200516.pt
2025-08-22 16:05:37,118 - ADV_Generation_eps_4.0_steps_100_image_only_attack_prm_Purification_type_noisy_anchor_anchors_10_alpha_1.2_sigma_0.18_threshold_0.0 - INFO - Batch:[52] Image: [7] Saved adversarial tensor to /leonardo_work/EUHPC_R04_192/fmohamma/Adversarial_Robust_Clip/atpt_data/delta_clip_l14_224/A/adv_images_eps_4.0_alpha_1.0_steps_100_image_only_attack_prm/n04442312_0.000222_quill _ torch_0.29052648.pt
2025-08-22 16:05:37,120 - ADV_Generation_eps_4.0_steps_100_image_only_attack_prm_Purification_type_noisy_anchor_anchors_10_alpha_1.2_sigma_0.18_threshold_0.0 - INFO - Batch:[52] Image: [8] Saved adversarial tensor to /leonardo_work/EUHPC_R04_192/fmohamma/Adversarial_Robust_Clip/atpt_data/delta_clip_l14_224/A/adv_images_eps_4.0_alpha_1.0_steps_100_image_only_attack_prm/n04442312_0.001477_goblet _ goblet_0.4220171.pt
2025-08-22 16:05:37,122 - ADV_Generation_eps_4.0_steps_100_image_only_attack_prm_Purification_type_noisy_anchor_anchors_10_alpha_1.2_sigma_0.18_threshold_0.0 - INFO - Batch:[52] Image: [9] Saved adversarial tensor to /leonardo_work/EUHPC_R04_192/fmohamma/Adversarial_Robust_Clip/atpt_data/delta_clip_l14_224/A/adv_images_eps_4.0_alpha_1.0_steps_100_image_only_attack_prm/n04456115_0.000150_toaster _ toaster_0.43490133.pt
2025-08-22 16:05:37,124 - ADV_Generation_eps_4.0_steps_100_image_only_attack_prm_Purification_type_noisy_anchor_anchors_10_alpha_1.2_sigma_0.18_threshold_0.0 - INFO - Batch:[52] Image: [10] Saved adversarial tensor to /leonardo_work/EUHPC_R04_192/fmohamma/Adversarial_Robust_Clip/atpt_data/delta_clip_l14_224/A/adv_images_eps_4.0_alpha_1.0_steps_100_image_only_attack_prm/n04456115_0.000188_balloon _ balloon_0.88720804.pt
2025-08-22 16:05:37,126 - ADV_Generation_eps_4.0_steps_100_image_only_attack_prm_Purification_type_noisy_anchor_anchors_10_alpha_1.2_sigma_0.18_threshold_0.0 - INFO - Batch:[52] Image: [11] Saved adversarial tensor to /leonardo_work/EUHPC_R04_192/fmohamma/Adversarial_Robust_Clip/atpt_data/delta_clip_l14_224/A/adv_images_eps_4.0_alpha_1.0_steps_100_image_only_attack_prm/n04456115_0.000210_breastplate _ breastplate_0.7639561.pt
2025-08-22 16:05:37,128 - ADV_Generation_eps_4.0_steps_100_image_only_attack_prm_Purification_type_noisy_anchor_anchors_10_alpha_1.2_sigma_0.18_threshold_0.0 - INFO - Batch:[52] Image: [12] Saved adversarial tensor to /leonardo_work/EUHPC_R04_192/fmohamma/Adversarial_Robust_Clip/atpt_data/delta_clip_l14_224/A/adv_images_eps_4.0_alpha_1.0_steps_100_image_only_attack_prm/n04456115_0.000319_suspension bridge _ suspension bridge_0.91172874.pt
2025-08-22 16:05:37,130 - ADV_Generation_eps_4.0_steps_100_image_only_attack_prm_Purification_type_noisy_anchor_anchors_10_alpha_1.2_sigma_0.18_threshold_0.0 - INFO - Batch:[52] Image: [13] Saved adversarial tensor to /leonardo_work/EUHPC_R04_192/fmohamma/Adversarial_Robust_Clip/atpt_data/delta_clip_l14_224/A/adv_images_eps_4.0_alpha_1.0_steps_100_image_only_attack_prm/n04456115_0.000368_garbage truck _ garbage truck_0.95547587.pt
2025-08-22 16:05:37,132 - ADV_Generation_eps_4.0_steps_100_image_only_attack_prm_Purification_type_noisy_anchor_anchors_10_alpha_1.2_sigma_0.18_threshold_0.0 - INFO - Batch:[52] Image: [14] Saved adversarial tensor to /leonardo_work/EUHPC_R04_192/fmohamma/Adversarial_Robust_Clip/atpt_data/delta_clip_l14_224/A/adv_images_eps_4.0_alpha_1.0_steps_100_image_only_attack_prm/n04482393_0.002256_broom _ broom_0.72236055.pt
2025-08-22 16:05:37,134 - ADV_Generation_eps_4.0_steps_100_image_only_attack_prm_Purification_type_noisy_anchor_anchors_10_alpha_1.2_sigma_0.18_threshold_0.0 - INFO - Batch:[52] Image: [15] Saved adversarial tensor to /leonardo_work/EUHPC_R04_192/fmohamma/Adversarial_Robust_Clip/atpt_data/delta_clip_l14_224/A/adv_images_eps_4.0_alpha_1.0_steps_100_image_only_attack_prm/n04482393_0.002814_golf cart _ golf cart_0.99068147.pt
2025-08-22 16:05:38,884 - ADV_Generation_eps_4.0_steps_100_image_only_attack_prm_Purification_type_noisy_anchor_anchors_10_alpha_1.2_sigma_0.18_threshold_0.0 - INFO - ======================== Adversarial Image Evaluation ==========================
2025-08-22 16:05:38,884 - ADV_Generation_eps_4.0_steps_100_image_only_attack_prm_Purification_type_noisy_anchor_anchors_10_alpha_1.2_sigma_0.18_threshold_0.0 - INFO - target: tensor([167, 167, 167, 167, 168, 168, 168, 168, 168, 169, 169, 169, 169, 169,
        170, 170], device='cuda:0')
2025-08-22 16:05:38,885 - ADV_Generation_eps_4.0_steps_100_image_only_attack_prm_Purification_type_noisy_anchor_anchors_10_alpha_1.2_sigma_0.18_threshold_0.0 - INFO - adv_pred: tensor([192, 124, 101, 113, 169, 118, 127,  87,  88, 168, 171, 112, 132,  79,
         81,  85], device='cuda:0')
2025-08-22 16:05:38,885 - ADV_Generation_eps_4.0_steps_100_image_only_attack_prm_Purification_type_noisy_anchor_anchors_10_alpha_1.2_sigma_0.18_threshold_0.0 - INFO - adv_correct_orig: 187 = 187 + 0
2025-08-22 16:05:38,885 - ADV_Generation_eps_4.0_steps_100_image_only_attack_prm_Purification_type_noisy_anchor_anchors_10_alpha_1.2_sigma_0.18_threshold_0.0 - INFO - adv_pred_purify: tensor([ 20, 124, 101, 113, 169,  89,  83,  96, 114, 127,  82, 132, 173, 149,
         81, 116], device='cuda:0')
2025-08-22 16:05:38,885 - ADV_Generation_eps_4.0_steps_100_image_only_attack_prm_Purification_type_noisy_anchor_anchors_10_alpha_1.2_sigma_0.18_threshold_0.0 - INFO - adv_correct_purify: 59 = 59 + 0
2025-08-22 16:05:40,632 - ADV_Generation_eps_4.0_steps_100_image_only_attack_prm_Purification_type_noisy_anchor_anchors_10_alpha_1.2_sigma_0.18_threshold_0.0 - INFO - ======================== Clean Image Evaluation ==========================
2025-08-22 16:05:40,632 - ADV_Generation_eps_4.0_steps_100_image_only_attack_prm_Purification_type_noisy_anchor_anchors_10_alpha_1.2_sigma_0.18_threshold_0.0 - INFO - target: tensor([167, 167, 167, 167, 168, 168, 168, 168, 168, 169, 169, 169, 169, 169,
        170, 170], device='cuda:0')
2025-08-22 16:05:40,632 - ADV_Generation_eps_4.0_steps_100_image_only_attack_prm_Purification_type_noisy_anchor_anchors_10_alpha_1.2_sigma_0.18_threshold_0.0 - INFO - clean_pred: tensor([192, 124, 101, 113, 169, 118,  85,  87,  88, 157, 171, 112, 169,  79,
        172, 170], device='cuda:0')
2025-08-22 16:05:40,632 - ADV_Generation_eps_4.0_steps_100_image_only_attack_prm_Purification_type_noisy_anchor_anchors_10_alpha_1.2_sigma_0.18_threshold_0.0 - INFO - clean_correct_orig: 226
2025-08-22 16:05:40,633 - ADV_Generation_eps_4.0_steps_100_image_only_attack_prm_Purification_type_noisy_anchor_anchors_10_alpha_1.2_sigma_0.18_threshold_0.0 - INFO - clean_pred_purify: tensor([192, 124, 101, 113, 169, 195,  83,  96, 114, 138,  82, 132, 173, 149,
         81, 115], device='cuda:0')
2025-08-22 16:05:40,633 - ADV_Generation_eps_4.0_steps_100_image_only_attack_prm_Purification_type_noisy_anchor_anchors_10_alpha_1.2_sigma_0.18_threshold_0.0 - INFO - clean_correct_purify: 70
2025-08-22 16:05:40,633 - ADV_Generation_eps_4.0_steps_100_image_only_attack_prm_Purification_type_noisy_anchor_anchors_10_alpha_1.2_sigma_0.18_threshold_0.0 - INFO - adv_correct_purify_clean_correct: 55
2025-08-22 16:05:40,633 - ADV_Generation_eps_4.0_steps_100_image_only_attack_prm_Purification_type_noisy_anchor_anchors_10_alpha_1.2_sigma_0.18_threshold_0.0 - INFO - adv_correct_purify_clean_incorrect: 4
2025-08-22 16:05:40,633 - ADV_Generation_eps_4.0_steps_100_image_only_attack_prm_Purification_type_noisy_anchor_anchors_10_alpha_1.2_sigma_0.18_threshold_0.0 - INFO - clean_correct_purify_clean_correct: 66
2025-08-22 16:05:40,633 - ADV_Generation_eps_4.0_steps_100_image_only_attack_prm_Purification_type_noisy_anchor_anchors_10_alpha_1.2_sigma_0.18_threshold_0.0 - INFO - clean_correct_purify_clean_incorrect: 4
2025-08-22 16:05:40,634 - ADV_Generation_eps_4.0_steps_100_image_only_attack_prm_Purification_type_noisy_anchor_anchors_10_alpha_1.2_sigma_0.18_threshold_0.0 - INFO - Batch 53/63: Clean orig accuracy 0.2665 | Clean purify accuracy 0.0825 | Adv orig accuracy: 0.2205 | Adv purify accuracy: 0.0696 | Adv purify acc on clean correct: 0.2434 | Adv purify acc on clean incorrect: 0.0064 | Clean purify acc on clean correct: 0.2920 | Clean purify acc on clean incorrect: 0.0064
2025-08-22 16:06:29,004 - ADV_Generation_eps_4.0_steps_100_image_only_attack_prm_Purification_type_noisy_anchor_anchors_10_alpha_1.2_sigma_0.18_threshold_0.0 - INFO - Generated adversarial images for the entire batch.
2025-08-22 16:06:29,007 - ADV_Generation_eps_4.0_steps_100_image_only_attack_prm_Purification_type_noisy_anchor_anchors_10_alpha_1.2_sigma_0.18_threshold_0.0 - INFO - Batch:[53] Image: [0] Saved adversarial tensor to /leonardo_work/EUHPC_R04_192/fmohamma/Adversarial_Robust_Clip/atpt_data/delta_clip_l14_224/A/adv_images_eps_4.0_alpha_1.0_steps_100_image_only_attack_prm/n04482393_0.003252_golf cart _ golf cart_0.98952335.pt
2025-08-22 16:06:29,008 - ADV_Generation_eps_4.0_steps_100_image_only_attack_prm_Purification_type_noisy_anchor_anchors_10_alpha_1.2_sigma_0.18_threshold_0.0 - INFO - Batch:[53] Image: [1] Saved adversarial tensor to /leonardo_work/EUHPC_R04_192/fmohamma/Adversarial_Robust_Clip/atpt_data/delta_clip_l14_224/A/adv_images_eps_4.0_alpha_1.0_steps_100_image_only_attack_prm/n04482393_0.005028_shovel _ shovel_0.690664.pt
2025-08-22 16:06:29,010 - ADV_Generation_eps_4.0_steps_100_image_only_attack_prm_Purification_type_noisy_anchor_anchors_10_alpha_1.2_sigma_0.18_threshold_0.0 - INFO - Batch:[53] Image: [2] Saved adversarial tensor to /leonardo_work/EUHPC_R04_192/fmohamma/Adversarial_Robust_Clip/atpt_data/delta_clip_l14_224/A/adv_images_eps_4.0_alpha_1.0_steps_100_image_only_attack_prm/n04507155_0.000014_broom _ broom_0.99782467.pt
2025-08-22 16:06:29,012 - ADV_Generation_eps_4.0_steps_100_image_only_attack_prm_Purification_type_noisy_anchor_anchors_10_alpha_1.2_sigma_0.18_threshold_0.0 - INFO - Batch:[53] Image: [3] Saved adversarial tensor to /leonardo_work/EUHPC_R04_192/fmohamma/Adversarial_Robust_Clip/atpt_data/delta_clip_l14_224/A/adv_images_eps_4.0_alpha_1.0_steps_100_image_only_attack_prm/n04507155_0.000024_obelisk _ obelisk_0.9978824.pt
2025-08-22 16:06:29,013 - ADV_Generation_eps_4.0_steps_100_image_only_attack_prm_Purification_type_noisy_anchor_anchors_10_alpha_1.2_sigma_0.18_threshold_0.0 - INFO - Batch:[53] Image: [4] Saved adversarial tensor to /leonardo_work/EUHPC_R04_192/fmohamma/Adversarial_Robust_Clip/atpt_data/delta_clip_l14_224/A/adv_images_eps_4.0_alpha_1.0_steps_100_image_only_attack_prm/n04507155_0.000086_baseball player _ baseball player_0.98573095.pt
2025-08-22 16:06:29,016 - ADV_Generation_eps_4.0_steps_100_image_only_attack_prm_Purification_type_noisy_anchor_anchors_10_alpha_1.2_sigma_0.18_threshold_0.0 - INFO - Batch:[53] Image: [5] Saved adversarial tensor to /leonardo_work/EUHPC_R04_192/fmohamma/Adversarial_Robust_Clip/atpt_data/delta_clip_l14_224/A/adv_images_eps_4.0_alpha_1.0_steps_100_image_only_attack_prm/n04507155_0.000264_rocking chair _ rocking chair_0.8889613.pt
2025-08-22 16:06:29,018 - ADV_Generation_eps_4.0_steps_100_image_only_attack_prm_Purification_type_noisy_anchor_anchors_10_alpha_1.2_sigma_0.18_threshold_0.0 - INFO - Batch:[53] Image: [6] Saved adversarial tensor to /leonardo_work/EUHPC_R04_192/fmohamma/Adversarial_Robust_Clip/atpt_data/delta_clip_l14_224/A/adv_images_eps_4.0_alpha_1.0_steps_100_image_only_attack_prm/n04507155_0.000326_cliff _ cliff_0.8405673.pt
2025-08-22 16:06:29,019 - ADV_Generation_eps_4.0_steps_100_image_only_attack_prm_Purification_type_noisy_anchor_anchors_10_alpha_1.2_sigma_0.18_threshold_0.0 - INFO - Batch:[53] Image: [7] Saved adversarial tensor to /leonardo_work/EUHPC_R04_192/fmohamma/Adversarial_Robust_Clip/atpt_data/delta_clip_l14_224/A/adv_images_eps_4.0_alpha_1.0_steps_100_image_only_attack_prm/n04509417_0.000350_sundial _ sundial_0.99936897.pt
2025-08-22 16:06:29,021 - ADV_Generation_eps_4.0_steps_100_image_only_attack_prm_Purification_type_noisy_anchor_anchors_10_alpha_1.2_sigma_0.18_threshold_0.0 - INFO - Batch:[53] Image: [8] Saved adversarial tensor to /leonardo_work/EUHPC_R04_192/fmohamma/Adversarial_Robust_Clip/atpt_data/delta_clip_l14_224/A/adv_images_eps_4.0_alpha_1.0_steps_100_image_only_attack_prm/n04509417_0.000527_fountain _ canoe_0.5141772.pt
2025-08-22 16:06:29,024 - ADV_Generation_eps_4.0_steps_100_image_only_attack_prm_Purification_type_noisy_anchor_anchors_10_alpha_1.2_sigma_0.18_threshold_0.0 - INFO - Batch:[53] Image: [9] Saved adversarial tensor to /leonardo_work/EUHPC_R04_192/fmohamma/Adversarial_Robust_Clip/atpt_data/delta_clip_l14_224/A/adv_images_eps_4.0_alpha_1.0_steps_100_image_only_attack_prm/n04509417_0.000672_dumbbell _ dumbbell_0.30596873.pt
2025-08-22 16:06:29,026 - ADV_Generation_eps_4.0_steps_100_image_only_attack_prm_Purification_type_noisy_anchor_anchors_10_alpha_1.2_sigma_0.18_threshold_0.0 - INFO - Batch:[53] Image: [10] Saved adversarial tensor to /leonardo_work/EUHPC_R04_192/fmohamma/Adversarial_Robust_Clip/atpt_data/delta_clip_l14_224/A/adv_images_eps_4.0_alpha_1.0_steps_100_image_only_attack_prm/n04509417_0.000805_parking meter _ parking meter_0.95415723.pt
2025-08-22 16:06:29,027 - ADV_Generation_eps_4.0_steps_100_image_only_attack_prm_Purification_type_noisy_anchor_anchors_10_alpha_1.2_sigma_0.18_threshold_0.0 - INFO - Batch:[53] Image: [11] Saved adversarial tensor to /leonardo_work/EUHPC_R04_192/fmohamma/Adversarial_Robust_Clip/atpt_data/delta_clip_l14_224/A/adv_images_eps_4.0_alpha_1.0_steps_100_image_only_attack_prm/n04509417_0.001327_garbage truck _ garbage truck_0.60803264.pt
2025-08-22 16:06:29,029 - ADV_Generation_eps_4.0_steps_100_image_only_attack_prm_Purification_type_noisy_anchor_anchors_10_alpha_1.2_sigma_0.18_threshold_0.0 - INFO - Batch:[53] Image: [12] Saved adversarial tensor to /leonardo_work/EUHPC_R04_192/fmohamma/Adversarial_Robust_Clip/atpt_data/delta_clip_l14_224/A/adv_images_eps_4.0_alpha_1.0_steps_100_image_only_attack_prm/n04532670_0.000078_barn _ barn_0.9936666.pt
2025-08-22 16:06:29,030 - ADV_Generation_eps_4.0_steps_100_image_only_attack_prm_Purification_type_noisy_anchor_anchors_10_alpha_1.2_sigma_0.18_threshold_0.0 - INFO - Batch:[53] Image: [13] Saved adversarial tensor to /leonardo_work/EUHPC_R04_192/fmohamma/Adversarial_Robust_Clip/atpt_data/delta_clip_l14_224/A/adv_images_eps_4.0_alpha_1.0_steps_100_image_only_attack_prm/n04532670_0.000316_tricycle _ tricycle_0.7536634.pt
2025-08-22 16:06:29,032 - ADV_Generation_eps_4.0_steps_100_image_only_attack_prm_Purification_type_noisy_anchor_anchors_10_alpha_1.2_sigma_0.18_threshold_0.0 - INFO - Batch:[53] Image: [14] Saved adversarial tensor to /leonardo_work/EUHPC_R04_192/fmohamma/Adversarial_Robust_Clip/atpt_data/delta_clip_l14_224/A/adv_images_eps_4.0_alpha_1.0_steps_100_image_only_attack_prm/n04532670_0.000440_cliff _ cliff_0.7356634.pt
2025-08-22 16:06:29,034 - ADV_Generation_eps_4.0_steps_100_image_only_attack_prm_Purification_type_noisy_anchor_anchors_10_alpha_1.2_sigma_0.18_threshold_0.0 - INFO - Batch:[53] Image: [15] Saved adversarial tensor to /leonardo_work/EUHPC_R04_192/fmohamma/Adversarial_Robust_Clip/atpt_data/delta_clip_l14_224/A/adv_images_eps_4.0_alpha_1.0_steps_100_image_only_attack_prm/n04532670_0.000447_rugby ball _ rugby ball_0.5885392.pt
2025-08-22 16:06:30,783 - ADV_Generation_eps_4.0_steps_100_image_only_attack_prm_Purification_type_noisy_anchor_anchors_10_alpha_1.2_sigma_0.18_threshold_0.0 - INFO - ======================== Adversarial Image Evaluation ==========================
2025-08-22 16:06:30,783 - ADV_Generation_eps_4.0_steps_100_image_only_attack_prm_Purification_type_noisy_anchor_anchors_10_alpha_1.2_sigma_0.18_threshold_0.0 - INFO - target: tensor([170, 170, 171, 171, 171, 171, 171, 172, 172, 172, 172, 172, 173, 173,
        173, 173], device='cuda:0')
2025-08-22 16:06:30,784 - ADV_Generation_eps_4.0_steps_100_image_only_attack_prm_Purification_type_noisy_anchor_anchors_10_alpha_1.2_sigma_0.18_threshold_0.0 - INFO - adv_pred: tensor([ 85, 155, 178, 132, 195, 144,  89, 176, 112, 170, 136, 113,  84, 170,
        193,  81], device='cuda:0')
2025-08-22 16:06:30,784 - ADV_Generation_eps_4.0_steps_100_image_only_attack_prm_Purification_type_noisy_anchor_anchors_10_alpha_1.2_sigma_0.18_threshold_0.0 - INFO - adv_correct_orig: 187 = 187 + 0
2025-08-22 16:06:30,784 - ADV_Generation_eps_4.0_steps_100_image_only_attack_prm_Purification_type_noisy_anchor_anchors_10_alpha_1.2_sigma_0.18_threshold_0.0 - INFO - adv_pred_purify: tensor([ 85, 136, 193, 132, 195, 161, 173, 195, 195, 172, 136, 113,  84, 170,
         96, 174], device='cuda:0')
2025-08-22 16:06:30,784 - ADV_Generation_eps_4.0_steps_100_image_only_attack_prm_Purification_type_noisy_anchor_anchors_10_alpha_1.2_sigma_0.18_threshold_0.0 - INFO - adv_correct_purify: 60 = 59 + 1
2025-08-22 16:06:32,531 - ADV_Generation_eps_4.0_steps_100_image_only_attack_prm_Purification_type_noisy_anchor_anchors_10_alpha_1.2_sigma_0.18_threshold_0.0 - INFO - ======================== Clean Image Evaluation ==========================
2025-08-22 16:06:32,531 - ADV_Generation_eps_4.0_steps_100_image_only_attack_prm_Purification_type_noisy_anchor_anchors_10_alpha_1.2_sigma_0.18_threshold_0.0 - INFO - target: tensor([170, 170, 171, 171, 171, 171, 171, 172, 172, 172, 172, 172, 173, 173,
        173, 173], device='cuda:0')
2025-08-22 16:06:32,531 - ADV_Generation_eps_4.0_steps_100_image_only_attack_prm_Purification_type_noisy_anchor_anchors_10_alpha_1.2_sigma_0.18_threshold_0.0 - INFO - clean_pred: tensor([ 85, 155, 178, 132, 195, 144,  89, 163, 112, 170, 136, 113, 173, 170,
        193,  81], device='cuda:0')
2025-08-22 16:06:32,531 - ADV_Generation_eps_4.0_steps_100_image_only_attack_prm_Purification_type_noisy_anchor_anchors_10_alpha_1.2_sigma_0.18_threshold_0.0 - INFO - clean_correct_orig: 227
2025-08-22 16:06:32,532 - ADV_Generation_eps_4.0_steps_100_image_only_attack_prm_Purification_type_noisy_anchor_anchors_10_alpha_1.2_sigma_0.18_threshold_0.0 - INFO - clean_pred_purify: tensor([ 85, 136, 193, 132, 195, 161, 173, 195, 195, 172, 136, 113,  84, 170,
         96, 174], device='cuda:0')
2025-08-22 16:06:32,532 - ADV_Generation_eps_4.0_steps_100_image_only_attack_prm_Purification_type_noisy_anchor_anchors_10_alpha_1.2_sigma_0.18_threshold_0.0 - INFO - clean_correct_purify: 71
2025-08-22 16:06:32,532 - ADV_Generation_eps_4.0_steps_100_image_only_attack_prm_Purification_type_noisy_anchor_anchors_10_alpha_1.2_sigma_0.18_threshold_0.0 - INFO - adv_correct_purify_clean_correct: 55
2025-08-22 16:06:32,532 - ADV_Generation_eps_4.0_steps_100_image_only_attack_prm_Purification_type_noisy_anchor_anchors_10_alpha_1.2_sigma_0.18_threshold_0.0 - INFO - adv_correct_purify_clean_incorrect: 5
2025-08-22 16:06:32,532 - ADV_Generation_eps_4.0_steps_100_image_only_attack_prm_Purification_type_noisy_anchor_anchors_10_alpha_1.2_sigma_0.18_threshold_0.0 - INFO - clean_correct_purify_clean_correct: 66
2025-08-22 16:06:32,532 - ADV_Generation_eps_4.0_steps_100_image_only_attack_prm_Purification_type_noisy_anchor_anchors_10_alpha_1.2_sigma_0.18_threshold_0.0 - INFO - clean_correct_purify_clean_incorrect: 5
2025-08-22 16:06:32,533 - ADV_Generation_eps_4.0_steps_100_image_only_attack_prm_Purification_type_noisy_anchor_anchors_10_alpha_1.2_sigma_0.18_threshold_0.0 - INFO - Batch 54/63: Clean orig accuracy 0.2627 | Clean purify accuracy 0.0822 | Adv orig accuracy: 0.2164 | Adv purify accuracy: 0.0694 | Adv purify acc on clean correct: 0.2423 | Adv purify acc on clean incorrect: 0.0078 | Clean purify acc on clean correct: 0.2907 | Clean purify acc on clean incorrect: 0.0078
2025-08-22 16:07:20,950 - ADV_Generation_eps_4.0_steps_100_image_only_attack_prm_Purification_type_noisy_anchor_anchors_10_alpha_1.2_sigma_0.18_threshold_0.0 - INFO - Generated adversarial images for the entire batch.
2025-08-22 16:07:20,953 - ADV_Generation_eps_4.0_steps_100_image_only_attack_prm_Purification_type_noisy_anchor_anchors_10_alpha_1.2_sigma_0.18_threshold_0.0 - INFO - Batch:[54] Image: [0] Saved adversarial tensor to /leonardo_work/EUHPC_R04_192/fmohamma/Adversarial_Robust_Clip/atpt_data/delta_clip_l14_224/A/adv_images_eps_4.0_alpha_1.0_steps_100_image_only_attack_prm/n04532670_0.000496_fountain _ fountain_0.98943883.pt
2025-08-22 16:07:20,957 - ADV_Generation_eps_4.0_steps_100_image_only_attack_prm_Purification_type_noisy_anchor_anchors_10_alpha_1.2_sigma_0.18_threshold_0.0 - INFO - Batch:[54] Image: [1] Saved adversarial tensor to /leonardo_work/EUHPC_R04_192/fmohamma/Adversarial_Robust_Clip/atpt_data/delta_clip_l14_224/A/adv_images_eps_4.0_alpha_1.0_steps_100_image_only_attack_prm/n04540053_0.000104_wheelbarrow _ barn_0.30567107.pt
2025-08-22 16:07:20,959 - ADV_Generation_eps_4.0_steps_100_image_only_attack_prm_Purification_type_noisy_anchor_anchors_10_alpha_1.2_sigma_0.18_threshold_0.0 - INFO - Batch:[54] Image: [2] Saved adversarial tensor to /leonardo_work/EUHPC_R04_192/fmohamma/Adversarial_Robust_Clip/atpt_data/delta_clip_l14_224/A/adv_images_eps_4.0_alpha_1.0_steps_100_image_only_attack_prm/n04540053_0.000184_flagpole _ flagpole_0.98221254.pt
2025-08-22 16:07:20,961 - ADV_Generation_eps_4.0_steps_100_image_only_attack_prm_Purification_type_noisy_anchor_anchors_10_alpha_1.2_sigma_0.18_threshold_0.0 - INFO - Batch:[54] Image: [3] Saved adversarial tensor to /leonardo_work/EUHPC_R04_192/fmohamma/Adversarial_Robust_Clip/atpt_data/delta_clip_l14_224/A/adv_images_eps_4.0_alpha_1.0_steps_100_image_only_attack_prm/n04540053_0.000232_baseball player _ baseball player_0.9873191.pt
2025-08-22 16:07:20,963 - ADV_Generation_eps_4.0_steps_100_image_only_attack_prm_Purification_type_noisy_anchor_anchors_10_alpha_1.2_sigma_0.18_threshold_0.0 - INFO - Batch:[54] Image: [4] Saved adversarial tensor to /leonardo_work/EUHPC_R04_192/fmohamma/Adversarial_Robust_Clip/atpt_data/delta_clip_l14_224/A/adv_images_eps_4.0_alpha_1.0_steps_100_image_only_attack_prm/n04540053_0.000505_racket _ racket_0.99948275.pt
2025-08-22 16:07:20,965 - ADV_Generation_eps_4.0_steps_100_image_only_attack_prm_Purification_type_noisy_anchor_anchors_10_alpha_1.2_sigma_0.18_threshold_0.0 - INFO - Batch:[54] Image: [5] Saved adversarial tensor to /leonardo_work/EUHPC_R04_192/fmohamma/Adversarial_Robust_Clip/atpt_data/delta_clip_l14_224/A/adv_images_eps_4.0_alpha_1.0_steps_100_image_only_attack_prm/n04540053_0.000516_flagpole _ flagpole_0.45126885.pt
2025-08-22 16:07:20,966 - ADV_Generation_eps_4.0_steps_100_image_only_attack_prm_Purification_type_noisy_anchor_anchors_10_alpha_1.2_sigma_0.18_threshold_0.0 - INFO - Batch:[54] Image: [6] Saved adversarial tensor to /leonardo_work/EUHPC_R04_192/fmohamma/Adversarial_Robust_Clip/atpt_data/delta_clip_l14_224/A/adv_images_eps_4.0_alpha_1.0_steps_100_image_only_attack_prm/n04554684_0.000084_basketball _ basketball_0.92094874.pt
2025-08-22 16:07:20,968 - ADV_Generation_eps_4.0_steps_100_image_only_attack_prm_Purification_type_noisy_anchor_anchors_10_alpha_1.2_sigma_0.18_threshold_0.0 - INFO - Batch:[54] Image: [7] Saved adversarial tensor to /leonardo_work/EUHPC_R04_192/fmohamma/Adversarial_Robust_Clip/atpt_data/delta_clip_l14_224/A/adv_images_eps_4.0_alpha_1.0_steps_100_image_only_attack_prm/n04554684_0.000352_unicycle _ unicycle_0.9038206.pt
2025-08-22 16:07:20,971 - ADV_Generation_eps_4.0_steps_100_image_only_attack_prm_Purification_type_noisy_anchor_anchors_10_alpha_1.2_sigma_0.18_threshold_0.0 - INFO - Batch:[54] Image: [8] Saved adversarial tensor to /leonardo_work/EUHPC_R04_192/fmohamma/Adversarial_Robust_Clip/atpt_data/delta_clip_l14_224/A/adv_images_eps_4.0_alpha_1.0_steps_100_image_only_attack_prm/n04554684_0.000606_clothes iron _ dumbbell_0.75399685.pt
2025-08-22 16:07:20,973 - ADV_Generation_eps_4.0_steps_100_image_only_attack_prm_Purification_type_noisy_anchor_anchors_10_alpha_1.2_sigma_0.18_threshold_0.0 - INFO - Batch:[54] Image: [9] Saved adversarial tensor to /leonardo_work/EUHPC_R04_192/fmohamma/Adversarial_Robust_Clip/atpt_data/delta_clip_l14_224/A/adv_images_eps_4.0_alpha_1.0_steps_100_image_only_attack_prm/n04554684_0.000878_dumbbell _ rotary dial telephone_0.5275022.pt
2025-08-22 16:07:20,975 - ADV_Generation_eps_4.0_steps_100_image_only_attack_prm_Purification_type_noisy_anchor_anchors_10_alpha_1.2_sigma_0.18_threshold_0.0 - INFO - Batch:[54] Image: [10] Saved adversarial tensor to /leonardo_work/EUHPC_R04_192/fmohamma/Adversarial_Robust_Clip/atpt_data/delta_clip_l14_224/A/adv_images_eps_4.0_alpha_1.0_steps_100_image_only_attack_prm/n04554684_0.001170_go-kart _ go-kart_0.6404907.pt
2025-08-22 16:07:20,976 - ADV_Generation_eps_4.0_steps_100_image_only_attack_prm_Purification_type_noisy_anchor_anchors_10_alpha_1.2_sigma_0.18_threshold_0.0 - INFO - Batch:[54] Image: [11] Saved adversarial tensor to /leonardo_work/EUHPC_R04_192/fmohamma/Adversarial_Robust_Clip/atpt_data/delta_clip_l14_224/A/adv_images_eps_4.0_alpha_1.0_steps_100_image_only_attack_prm/n04562935_0.000005_parking meter _ parking meter_0.9999231.pt
2025-08-22 16:07:20,979 - ADV_Generation_eps_4.0_steps_100_image_only_attack_prm_Purification_type_noisy_anchor_anchors_10_alpha_1.2_sigma_0.18_threshold_0.0 - INFO - Batch:[54] Image: [12] Saved adversarial tensor to /leonardo_work/EUHPC_R04_192/fmohamma/Adversarial_Robust_Clip/atpt_data/delta_clip_l14_224/A/adv_images_eps_4.0_alpha_1.0_steps_100_image_only_attack_prm/n04562935_0.000072_steam locomotive _ steam locomotive_0.9837157.pt
2025-08-22 16:07:20,981 - ADV_Generation_eps_4.0_steps_100_image_only_attack_prm_Purification_type_noisy_anchor_anchors_10_alpha_1.2_sigma_0.18_threshold_0.0 - INFO - Batch:[54] Image: [13] Saved adversarial tensor to /leonardo_work/EUHPC_R04_192/fmohamma/Adversarial_Robust_Clip/atpt_data/delta_clip_l14_224/A/adv_images_eps_4.0_alpha_1.0_steps_100_image_only_attack_prm/n04562935_0.000107_suspension bridge _ suspension bridge_0.63343984.pt
2025-08-22 16:07:20,984 - ADV_Generation_eps_4.0_steps_100_image_only_attack_prm_Purification_type_noisy_anchor_anchors_10_alpha_1.2_sigma_0.18_threshold_0.0 - INFO - Batch:[54] Image: [14] Saved adversarial tensor to /leonardo_work/EUHPC_R04_192/fmohamma/Adversarial_Robust_Clip/atpt_data/delta_clip_l14_224/A/adv_images_eps_4.0_alpha_1.0_steps_100_image_only_attack_prm/n04562935_0.000139_goblet _ wine bottle_0.54891133.pt
2025-08-22 16:07:20,986 - ADV_Generation_eps_4.0_steps_100_image_only_attack_prm_Purification_type_noisy_anchor_anchors_10_alpha_1.2_sigma_0.18_threshold_0.0 - INFO - Batch:[54] Image: [15] Saved adversarial tensor to /leonardo_work/EUHPC_R04_192/fmohamma/Adversarial_Robust_Clip/atpt_data/delta_clip_l14_224/A/adv_images_eps_4.0_alpha_1.0_steps_100_image_only_attack_prm/n04562935_0.000155_steam locomotive _ steam locomotive_0.9972619.pt
2025-08-22 16:07:22,736 - ADV_Generation_eps_4.0_steps_100_image_only_attack_prm_Purification_type_noisy_anchor_anchors_10_alpha_1.2_sigma_0.18_threshold_0.0 - INFO - ======================== Adversarial Image Evaluation ==========================
2025-08-22 16:07:22,736 - ADV_Generation_eps_4.0_steps_100_image_only_attack_prm_Purification_type_noisy_anchor_anchors_10_alpha_1.2_sigma_0.18_threshold_0.0 - INFO - target: tensor([173, 174, 174, 174, 174, 174, 175, 175, 175, 175, 175, 176, 176, 176,
        176, 176], device='cuda:0')
2025-08-22 16:07:22,737 - ADV_Generation_eps_4.0_steps_100_image_only_attack_prm_Purification_type_noisy_anchor_anchors_10_alpha_1.2_sigma_0.18_threshold_0.0 - INFO - adv_pred: tensor([173,  15, 176, 174, 174, 139,  92,  92, 142, 103, 151, 136, 159, 173,
        176, 159], device='cuda:0')
2025-08-22 16:07:22,737 - ADV_Generation_eps_4.0_steps_100_image_only_attack_prm_Purification_type_noisy_anchor_anchors_10_alpha_1.2_sigma_0.18_threshold_0.0 - INFO - adv_correct_orig: 191 = 187 + 4
2025-08-22 16:07:22,737 - ADV_Generation_eps_4.0_steps_100_image_only_attack_prm_Purification_type_noisy_anchor_anchors_10_alpha_1.2_sigma_0.18_threshold_0.0 - INFO - adv_pred_purify: tensor([112,  53, 176,  86, 174, 138, 192, 195, 112, 103, 151, 176, 159, 173,
        176, 159], device='cuda:0')
2025-08-22 16:07:22,737 - ADV_Generation_eps_4.0_steps_100_image_only_attack_prm_Purification_type_noisy_anchor_anchors_10_alpha_1.2_sigma_0.18_threshold_0.0 - INFO - adv_correct_purify: 63 = 60 + 3
2025-08-22 16:07:24,483 - ADV_Generation_eps_4.0_steps_100_image_only_attack_prm_Purification_type_noisy_anchor_anchors_10_alpha_1.2_sigma_0.18_threshold_0.0 - INFO - ======================== Clean Image Evaluation ==========================
2025-08-22 16:07:24,484 - ADV_Generation_eps_4.0_steps_100_image_only_attack_prm_Purification_type_noisy_anchor_anchors_10_alpha_1.2_sigma_0.18_threshold_0.0 - INFO - target: tensor([173, 174, 174, 174, 174, 174, 175, 175, 175, 175, 175, 176, 176, 176,
        176, 176], device='cuda:0')
2025-08-22 16:07:24,484 - ADV_Generation_eps_4.0_steps_100_image_only_attack_prm_Purification_type_noisy_anchor_anchors_10_alpha_1.2_sigma_0.18_threshold_0.0 - INFO - clean_pred: tensor([173,  15, 110, 174, 174, 139, 119,  92, 142, 103, 151, 136, 159, 173,
         88, 159], device='cuda:0')
2025-08-22 16:07:24,484 - ADV_Generation_eps_4.0_steps_100_image_only_attack_prm_Purification_type_noisy_anchor_anchors_10_alpha_1.2_sigma_0.18_threshold_0.0 - INFO - clean_correct_orig: 230
2025-08-22 16:07:24,485 - ADV_Generation_eps_4.0_steps_100_image_only_attack_prm_Purification_type_noisy_anchor_anchors_10_alpha_1.2_sigma_0.18_threshold_0.0 - INFO - clean_pred_purify: tensor([112,  15, 176,  86, 174, 138, 195, 195, 142, 103, 151, 176, 159, 173,
        114, 159], device='cuda:0')
2025-08-22 16:07:24,485 - ADV_Generation_eps_4.0_steps_100_image_only_attack_prm_Purification_type_noisy_anchor_anchors_10_alpha_1.2_sigma_0.18_threshold_0.0 - INFO - clean_correct_purify: 73
2025-08-22 16:07:24,485 - ADV_Generation_eps_4.0_steps_100_image_only_attack_prm_Purification_type_noisy_anchor_anchors_10_alpha_1.2_sigma_0.18_threshold_0.0 - INFO - adv_correct_purify_clean_correct: 56
2025-08-22 16:07:24,485 - ADV_Generation_eps_4.0_steps_100_image_only_attack_prm_Purification_type_noisy_anchor_anchors_10_alpha_1.2_sigma_0.18_threshold_0.0 - INFO - adv_correct_purify_clean_incorrect: 7
2025-08-22 16:07:24,485 - ADV_Generation_eps_4.0_steps_100_image_only_attack_prm_Purification_type_noisy_anchor_anchors_10_alpha_1.2_sigma_0.18_threshold_0.0 - INFO - clean_correct_purify_clean_correct: 67
2025-08-22 16:07:24,485 - ADV_Generation_eps_4.0_steps_100_image_only_attack_prm_Purification_type_noisy_anchor_anchors_10_alpha_1.2_sigma_0.18_threshold_0.0 - INFO - clean_correct_purify_clean_incorrect: 6
2025-08-22 16:07:24,486 - ADV_Generation_eps_4.0_steps_100_image_only_attack_prm_Purification_type_noisy_anchor_anchors_10_alpha_1.2_sigma_0.18_threshold_0.0 - INFO - Batch 55/63: Clean orig accuracy 0.2614 | Clean purify accuracy 0.0830 | Adv orig accuracy: 0.2170 | Adv purify accuracy: 0.0716 | Adv purify acc on clean correct: 0.2435 | Adv purify acc on clean incorrect: 0.0108 | Clean purify acc on clean correct: 0.2913 | Clean purify acc on clean incorrect: 0.0092
2025-08-22 16:08:12,853 - ADV_Generation_eps_4.0_steps_100_image_only_attack_prm_Purification_type_noisy_anchor_anchors_10_alpha_1.2_sigma_0.18_threshold_0.0 - INFO - Generated adversarial images for the entire batch.
2025-08-22 16:08:12,855 - ADV_Generation_eps_4.0_steps_100_image_only_attack_prm_Purification_type_noisy_anchor_anchors_10_alpha_1.2_sigma_0.18_threshold_0.0 - INFO - Batch:[55] Image: [0] Saved adversarial tensor to /leonardo_work/EUHPC_R04_192/fmohamma/Adversarial_Robust_Clip/atpt_data/delta_clip_l14_224/A/adv_images_eps_4.0_alpha_1.0_steps_100_image_only_attack_prm/n04591713_0.000065_mitten _ mitten_0.9951711.pt
2025-08-22 16:08:12,857 - ADV_Generation_eps_4.0_steps_100_image_only_attack_prm_Purification_type_noisy_anchor_anchors_10_alpha_1.2_sigma_0.18_threshold_0.0 - INFO - Batch:[55] Image: [1] Saved adversarial tensor to /leonardo_work/EUHPC_R04_192/fmohamma/Adversarial_Robust_Clip/atpt_data/delta_clip_l14_224/A/adv_images_eps_4.0_alpha_1.0_steps_100_image_only_attack_prm/n04591713_0.000067_saxophone _ saxophone_0.99349654.pt
2025-08-22 16:08:12,859 - ADV_Generation_eps_4.0_steps_100_image_only_attack_prm_Purification_type_noisy_anchor_anchors_10_alpha_1.2_sigma_0.18_threshold_0.0 - INFO - Batch:[55] Image: [2] Saved adversarial tensor to /leonardo_work/EUHPC_R04_192/fmohamma/Adversarial_Robust_Clip/atpt_data/delta_clip_l14_224/A/adv_images_eps_4.0_alpha_1.0_steps_100_image_only_attack_prm/n04591713_0.000074_apron _ apron_0.99785346.pt
2025-08-22 16:08:12,861 - ADV_Generation_eps_4.0_steps_100_image_only_attack_prm_Purification_type_noisy_anchor_anchors_10_alpha_1.2_sigma_0.18_threshold_0.0 - INFO - Batch:[55] Image: [3] Saved adversarial tensor to /leonardo_work/EUHPC_R04_192/fmohamma/Adversarial_Robust_Clip/atpt_data/delta_clip_l14_224/A/adv_images_eps_4.0_alpha_1.0_steps_100_image_only_attack_prm/n04591713_0.000194_balance beam _ balance beam_0.55012393.pt
2025-08-22 16:08:12,863 - ADV_Generation_eps_4.0_steps_100_image_only_attack_prm_Purification_type_noisy_anchor_anchors_10_alpha_1.2_sigma_0.18_threshold_0.0 - INFO - Batch:[55] Image: [4] Saved adversarial tensor to /leonardo_work/EUHPC_R04_192/fmohamma/Adversarial_Robust_Clip/atpt_data/delta_clip_l14_224/A/adv_images_eps_4.0_alpha_1.0_steps_100_image_only_attack_prm/n04591713_0.000240_banana _ banana_0.9256677.pt
2025-08-22 16:08:12,865 - ADV_Generation_eps_4.0_steps_100_image_only_attack_prm_Purification_type_noisy_anchor_anchors_10_alpha_1.2_sigma_0.18_threshold_0.0 - INFO - Batch:[55] Image: [5] Saved adversarial tensor to /leonardo_work/EUHPC_R04_192/fmohamma/Adversarial_Robust_Clip/atpt_data/delta_clip_l14_224/A/adv_images_eps_4.0_alpha_1.0_steps_100_image_only_attack_prm/n04606251_0.000085_canoe _ canoe_0.9972452.pt
2025-08-22 16:08:12,867 - ADV_Generation_eps_4.0_steps_100_image_only_attack_prm_Purification_type_noisy_anchor_anchors_10_alpha_1.2_sigma_0.18_threshold_0.0 - INFO - Batch:[55] Image: [6] Saved adversarial tensor to /leonardo_work/EUHPC_R04_192/fmohamma/Adversarial_Robust_Clip/atpt_data/delta_clip_l14_224/A/adv_images_eps_4.0_alpha_1.0_steps_100_image_only_attack_prm/n04606251_0.000713_mongoose _ mongoose_0.78296304.pt
2025-08-22 16:08:12,868 - ADV_Generation_eps_4.0_steps_100_image_only_attack_prm_Purification_type_noisy_anchor_anchors_10_alpha_1.2_sigma_0.18_threshold_0.0 - INFO - Batch:[55] Image: [7] Saved adversarial tensor to /leonardo_work/EUHPC_R04_192/fmohamma/Adversarial_Robust_Clip/atpt_data/delta_clip_l14_224/A/adv_images_eps_4.0_alpha_1.0_steps_100_image_only_attack_prm/n04606251_0.001123_duck _ duck_0.68633187.pt
2025-08-22 16:08:12,870 - ADV_Generation_eps_4.0_steps_100_image_only_attack_prm_Purification_type_noisy_anchor_anchors_10_alpha_1.2_sigma_0.18_threshold_0.0 - INFO - Batch:[55] Image: [8] Saved adversarial tensor to /leonardo_work/EUHPC_R04_192/fmohamma/Adversarial_Robust_Clip/atpt_data/delta_clip_l14_224/A/adv_images_eps_4.0_alpha_1.0_steps_100_image_only_attack_prm/n04606251_0.001297_snowmobile _ snowmobile_0.8816943.pt
2025-08-22 16:08:12,872 - ADV_Generation_eps_4.0_steps_100_image_only_attack_prm_Purification_type_noisy_anchor_anchors_10_alpha_1.2_sigma_0.18_threshold_0.0 - INFO - Batch:[55] Image: [9] Saved adversarial tensor to /leonardo_work/EUHPC_R04_192/fmohamma/Adversarial_Robust_Clip/atpt_data/delta_clip_l14_224/A/adv_images_eps_4.0_alpha_1.0_steps_100_image_only_attack_prm/n04606251_0.002918_goose _ oystercatcher_0.4893412.pt
2025-08-22 16:08:12,873 - ADV_Generation_eps_4.0_steps_100_image_only_attack_prm_Purification_type_noisy_anchor_anchors_10_alpha_1.2_sigma_0.18_threshold_0.0 - INFO - Batch:[55] Image: [10] Saved adversarial tensor to /leonardo_work/EUHPC_R04_192/fmohamma/Adversarial_Robust_Clip/atpt_data/delta_clip_l14_224/A/adv_images_eps_4.0_alpha_1.0_steps_100_image_only_attack_prm/n07583066_0.000010_drumstick _ drumstick_0.9068981.pt
2025-08-22 16:08:12,875 - ADV_Generation_eps_4.0_steps_100_image_only_attack_prm_Purification_type_noisy_anchor_anchors_10_alpha_1.2_sigma_0.18_threshold_0.0 - INFO - Batch:[55] Image: [11] Saved adversarial tensor to /leonardo_work/EUHPC_R04_192/fmohamma/Adversarial_Robust_Clip/atpt_data/delta_clip_l14_224/A/adv_images_eps_4.0_alpha_1.0_steps_100_image_only_attack_prm/n07583066_0.000015_acorn _ acorn_0.99248815.pt
2025-08-22 16:08:12,876 - ADV_Generation_eps_4.0_steps_100_image_only_attack_prm_Purification_type_noisy_anchor_anchors_10_alpha_1.2_sigma_0.18_threshold_0.0 - INFO - Batch:[55] Image: [12] Saved adversarial tensor to /leonardo_work/EUHPC_R04_192/fmohamma/Adversarial_Robust_Clip/atpt_data/delta_clip_l14_224/A/adv_images_eps_4.0_alpha_1.0_steps_100_image_only_attack_prm/n07583066_0.000220_bow tie _ bow tie_0.62718904.pt
2025-08-22 16:08:12,878 - ADV_Generation_eps_4.0_steps_100_image_only_attack_prm_Purification_type_noisy_anchor_anchors_10_alpha_1.2_sigma_0.18_threshold_0.0 - INFO - Batch:[55] Image: [13] Saved adversarial tensor to /leonardo_work/EUHPC_R04_192/fmohamma/Adversarial_Robust_Clip/atpt_data/delta_clip_l14_224/A/adv_images_eps_4.0_alpha_1.0_steps_100_image_only_attack_prm/n07583066_0.000228_hot dog _ hot dog_0.9998572.pt
2025-08-22 16:08:12,879 - ADV_Generation_eps_4.0_steps_100_image_only_attack_prm_Purification_type_noisy_anchor_anchors_10_alpha_1.2_sigma_0.18_threshold_0.0 - INFO - Batch:[55] Image: [14] Saved adversarial tensor to /leonardo_work/EUHPC_R04_192/fmohamma/Adversarial_Robust_Clip/atpt_data/delta_clip_l14_224/A/adv_images_eps_4.0_alpha_1.0_steps_100_image_only_attack_prm/n07583066_0.000294_ant _ ant_0.19892563.pt
2025-08-22 16:08:12,881 - ADV_Generation_eps_4.0_steps_100_image_only_attack_prm_Purification_type_noisy_anchor_anchors_10_alpha_1.2_sigma_0.18_threshold_0.0 - INFO - Batch:[55] Image: [15] Saved adversarial tensor to /leonardo_work/EUHPC_R04_192/fmohamma/Adversarial_Robust_Clip/atpt_data/delta_clip_l14_224/A/adv_images_eps_4.0_alpha_1.0_steps_100_image_only_attack_prm/n07695742_0.000001_goose _ goose_0.7543604.pt
2025-08-22 16:08:14,630 - ADV_Generation_eps_4.0_steps_100_image_only_attack_prm_Purification_type_noisy_anchor_anchors_10_alpha_1.2_sigma_0.18_threshold_0.0 - INFO - ======================== Adversarial Image Evaluation ==========================
2025-08-22 16:08:14,630 - ADV_Generation_eps_4.0_steps_100_image_only_attack_prm_Purification_type_noisy_anchor_anchors_10_alpha_1.2_sigma_0.18_threshold_0.0 - INFO - target: tensor([177, 177, 177, 177, 177, 178, 178, 178, 178, 178, 179, 179, 179, 179,
        179, 180], device='cuda:0')
2025-08-22 16:08:14,631 - ADV_Generation_eps_4.0_steps_100_image_only_attack_prm_Purification_type_noisy_anchor_anchors_10_alpha_1.2_sigma_0.18_threshold_0.0 - INFO - adv_pred: tensor([ 93, 178,  80,  85,  18,  34, 178,  13, 155,  23,  93, 184,  89, 182,
         28,  34], device='cuda:0')
2025-08-22 16:08:14,631 - ADV_Generation_eps_4.0_steps_100_image_only_attack_prm_Purification_type_noisy_anchor_anchors_10_alpha_1.2_sigma_0.18_threshold_0.0 - INFO - adv_correct_orig: 192 = 191 + 1
2025-08-22 16:08:14,631 - ADV_Generation_eps_4.0_steps_100_image_only_attack_prm_Purification_type_noisy_anchor_anchors_10_alpha_1.2_sigma_0.18_threshold_0.0 - INFO - adv_pred_purify: tensor([198, 178,  80, 116,  18,  35,  14,  23, 154, 104, 195,  75, 195,  31,
         89,  24], device='cuda:0')
2025-08-22 16:08:14,631 - ADV_Generation_eps_4.0_steps_100_image_only_attack_prm_Purification_type_noisy_anchor_anchors_10_alpha_1.2_sigma_0.18_threshold_0.0 - INFO - adv_correct_purify: 63 = 63 + 0
2025-08-22 16:08:16,377 - ADV_Generation_eps_4.0_steps_100_image_only_attack_prm_Purification_type_noisy_anchor_anchors_10_alpha_1.2_sigma_0.18_threshold_0.0 - INFO - ======================== Clean Image Evaluation ==========================
2025-08-22 16:08:16,378 - ADV_Generation_eps_4.0_steps_100_image_only_attack_prm_Purification_type_noisy_anchor_anchors_10_alpha_1.2_sigma_0.18_threshold_0.0 - INFO - target: tensor([177, 177, 177, 177, 177, 178, 178, 178, 178, 178, 179, 179, 179, 179,
        179, 180], device='cuda:0')
2025-08-22 16:08:16,378 - ADV_Generation_eps_4.0_steps_100_image_only_attack_prm_Purification_type_noisy_anchor_anchors_10_alpha_1.2_sigma_0.18_threshold_0.0 - INFO - clean_pred: tensor([ 93, 178,  80,  85,  49,  34, 178,  13, 155,  53,  93, 184,  89, 182,
         28,  34], device='cuda:0')
2025-08-22 16:08:16,378 - ADV_Generation_eps_4.0_steps_100_image_only_attack_prm_Purification_type_noisy_anchor_anchors_10_alpha_1.2_sigma_0.18_threshold_0.0 - INFO - clean_correct_orig: 231
2025-08-22 16:08:16,379 - ADV_Generation_eps_4.0_steps_100_image_only_attack_prm_Purification_type_noisy_anchor_anchors_10_alpha_1.2_sigma_0.18_threshold_0.0 - INFO - clean_pred_purify: tensor([198, 178,  80, 195,  18,  85,  14,  23, 154, 104, 195,  75, 195,  31,
         89,  24], device='cuda:0')
2025-08-22 16:08:16,379 - ADV_Generation_eps_4.0_steps_100_image_only_attack_prm_Purification_type_noisy_anchor_anchors_10_alpha_1.2_sigma_0.18_threshold_0.0 - INFO - clean_correct_purify: 73
2025-08-22 16:08:16,379 - ADV_Generation_eps_4.0_steps_100_image_only_attack_prm_Purification_type_noisy_anchor_anchors_10_alpha_1.2_sigma_0.18_threshold_0.0 - INFO - adv_correct_purify_clean_correct: 56
2025-08-22 16:08:16,379 - ADV_Generation_eps_4.0_steps_100_image_only_attack_prm_Purification_type_noisy_anchor_anchors_10_alpha_1.2_sigma_0.18_threshold_0.0 - INFO - adv_correct_purify_clean_incorrect: 7
2025-08-22 16:08:16,379 - ADV_Generation_eps_4.0_steps_100_image_only_attack_prm_Purification_type_noisy_anchor_anchors_10_alpha_1.2_sigma_0.18_threshold_0.0 - INFO - clean_correct_purify_clean_correct: 67
2025-08-22 16:08:16,379 - ADV_Generation_eps_4.0_steps_100_image_only_attack_prm_Purification_type_noisy_anchor_anchors_10_alpha_1.2_sigma_0.18_threshold_0.0 - INFO - clean_correct_purify_clean_incorrect: 6
2025-08-22 16:08:16,380 - ADV_Generation_eps_4.0_steps_100_image_only_attack_prm_Purification_type_noisy_anchor_anchors_10_alpha_1.2_sigma_0.18_threshold_0.0 - INFO - Batch 56/63: Clean orig accuracy 0.2578 | Clean purify accuracy 0.0815 | Adv orig accuracy: 0.2143 | Adv purify accuracy: 0.0703 | Adv purify acc on clean correct: 0.2424 | Adv purify acc on clean incorrect: 0.0105 | Clean purify acc on clean correct: 0.2900 | Clean purify acc on clean incorrect: 0.0090
2025-08-22 16:09:04,761 - ADV_Generation_eps_4.0_steps_100_image_only_attack_prm_Purification_type_noisy_anchor_anchors_10_alpha_1.2_sigma_0.18_threshold_0.0 - INFO - Generated adversarial images for the entire batch.
2025-08-22 16:09:04,763 - ADV_Generation_eps_4.0_steps_100_image_only_attack_prm_Purification_type_noisy_anchor_anchors_10_alpha_1.2_sigma_0.18_threshold_0.0 - INFO - Batch:[56] Image: [0] Saved adversarial tensor to /leonardo_work/EUHPC_R04_192/fmohamma/Adversarial_Robust_Clip/atpt_data/delta_clip_l14_224/A/adv_images_eps_4.0_alpha_1.0_steps_100_image_only_attack_prm/n07695742_0.000034_hot dog _ hot dog_0.9925574.pt
2025-08-22 16:09:04,765 - ADV_Generation_eps_4.0_steps_100_image_only_attack_prm_Purification_type_noisy_anchor_anchors_10_alpha_1.2_sigma_0.18_threshold_0.0 - INFO - Batch:[56] Image: [1] Saved adversarial tensor to /leonardo_work/EUHPC_R04_192/fmohamma/Adversarial_Robust_Clip/atpt_data/delta_clip_l14_224/A/adv_images_eps_4.0_alpha_1.0_steps_100_image_only_attack_prm/n07695742_0.000050_nail _ nail_0.99989676.pt
2025-08-22 16:09:04,767 - ADV_Generation_eps_4.0_steps_100_image_only_attack_prm_Purification_type_noisy_anchor_anchors_10_alpha_1.2_sigma_0.18_threshold_0.0 - INFO - Batch:[56] Image: [2] Saved adversarial tensor to /leonardo_work/EUHPC_R04_192/fmohamma/Adversarial_Robust_Clip/atpt_data/delta_clip_l14_224/A/adv_images_eps_4.0_alpha_1.0_steps_100_image_only_attack_prm/n07695742_0.000148_crayfish _ crayfish_0.8980793.pt
2025-08-22 16:09:04,768 - ADV_Generation_eps_4.0_steps_100_image_only_attack_prm_Purification_type_noisy_anchor_anchors_10_alpha_1.2_sigma_0.18_threshold_0.0 - INFO - Batch:[56] Image: [3] Saved adversarial tensor to /leonardo_work/EUHPC_R04_192/fmohamma/Adversarial_Robust_Clip/atpt_data/delta_clip_l14_224/A/adv_images_eps_4.0_alpha_1.0_steps_100_image_only_attack_prm/n07695742_0.000160_hot dog _ hot dog_0.99960953.pt
2025-08-22 16:09:04,770 - ADV_Generation_eps_4.0_steps_100_image_only_attack_prm_Purification_type_noisy_anchor_anchors_10_alpha_1.2_sigma_0.18_threshold_0.0 - INFO - Batch:[56] Image: [4] Saved adversarial tensor to /leonardo_work/EUHPC_R04_192/fmohamma/Adversarial_Robust_Clip/atpt_data/delta_clip_l14_224/A/adv_images_eps_4.0_alpha_1.0_steps_100_image_only_attack_prm/n07697313_0.000005_revolver _ baseball player_0.17566165.pt
2025-08-22 16:09:04,772 - ADV_Generation_eps_4.0_steps_100_image_only_attack_prm_Purification_type_noisy_anchor_anchors_10_alpha_1.2_sigma_0.18_threshold_0.0 - INFO - Batch:[56] Image: [5] Saved adversarial tensor to /leonardo_work/EUHPC_R04_192/fmohamma/Adversarial_Robust_Clip/atpt_data/delta_clip_l14_224/A/adv_images_eps_4.0_alpha_1.0_steps_100_image_only_attack_prm/n07697313_0.000043_ocarina _ ocarina_0.7690367.pt
2025-08-22 16:09:04,773 - ADV_Generation_eps_4.0_steps_100_image_only_attack_prm_Purification_type_noisy_anchor_anchors_10_alpha_1.2_sigma_0.18_threshold_0.0 - INFO - Batch:[56] Image: [6] Saved adversarial tensor to /leonardo_work/EUHPC_R04_192/fmohamma/Adversarial_Robust_Clip/atpt_data/delta_clip_l14_224/A/adv_images_eps_4.0_alpha_1.0_steps_100_image_only_attack_prm/n07697313_0.000056_hot dog _ hot dog_0.9999211.pt
2025-08-22 16:09:04,775 - ADV_Generation_eps_4.0_steps_100_image_only_attack_prm_Purification_type_noisy_anchor_anchors_10_alpha_1.2_sigma_0.18_threshold_0.0 - INFO - Batch:[56] Image: [7] Saved adversarial tensor to /leonardo_work/EUHPC_R04_192/fmohamma/Adversarial_Robust_Clip/atpt_data/delta_clip_l14_224/A/adv_images_eps_4.0_alpha_1.0_steps_100_image_only_attack_prm/n07697313_0.000588_ocarina _ ocarina_0.99494016.pt
2025-08-22 16:09:04,776 - ADV_Generation_eps_4.0_steps_100_image_only_attack_prm_Purification_type_noisy_anchor_anchors_10_alpha_1.2_sigma_0.18_threshold_0.0 - INFO - Batch:[56] Image: [8] Saved adversarial tensor to /leonardo_work/EUHPC_R04_192/fmohamma/Adversarial_Robust_Clip/atpt_data/delta_clip_l14_224/A/adv_images_eps_4.0_alpha_1.0_steps_100_image_only_attack_prm/n07697313_0.000725_tricycle _ tricycle_0.5080747.pt
2025-08-22 16:09:04,778 - ADV_Generation_eps_4.0_steps_100_image_only_attack_prm_Purification_type_noisy_anchor_anchors_10_alpha_1.2_sigma_0.18_threshold_0.0 - INFO - Batch:[56] Image: [9] Saved adversarial tensor to /leonardo_work/EUHPC_R04_192/fmohamma/Adversarial_Robust_Clip/atpt_data/delta_clip_l14_224/A/adv_images_eps_4.0_alpha_1.0_steps_100_image_only_attack_prm/n07697537_0.000011_syringe _ syringe_0.9890626.pt
2025-08-22 16:09:04,779 - ADV_Generation_eps_4.0_steps_100_image_only_attack_prm_Purification_type_noisy_anchor_anchors_10_alpha_1.2_sigma_0.18_threshold_0.0 - INFO - Batch:[56] Image: [10] Saved adversarial tensor to /leonardo_work/EUHPC_R04_192/fmohamma/Adversarial_Robust_Clip/atpt_data/delta_clip_l14_224/A/adv_images_eps_4.0_alpha_1.0_steps_100_image_only_attack_prm/n07697537_0.000161_bow tie _ bow tie_0.99331.pt
2025-08-22 16:09:04,781 - ADV_Generation_eps_4.0_steps_100_image_only_attack_prm_Purification_type_noisy_anchor_anchors_10_alpha_1.2_sigma_0.18_threshold_0.0 - INFO - Batch:[56] Image: [11] Saved adversarial tensor to /leonardo_work/EUHPC_R04_192/fmohamma/Adversarial_Robust_Clip/atpt_data/delta_clip_l14_224/A/adv_images_eps_4.0_alpha_1.0_steps_100_image_only_attack_prm/n07697537_0.000322_go-kart _ go-kart_0.84048337.pt
2025-08-22 16:09:04,782 - ADV_Generation_eps_4.0_steps_100_image_only_attack_prm_Purification_type_noisy_anchor_anchors_10_alpha_1.2_sigma_0.18_threshold_0.0 - INFO - Batch:[56] Image: [12] Saved adversarial tensor to /leonardo_work/EUHPC_R04_192/fmohamma/Adversarial_Robust_Clip/atpt_data/delta_clip_l14_224/A/adv_images_eps_4.0_alpha_1.0_steps_100_image_only_attack_prm/n07697537_0.000781_bow tie _ bow tie_0.7892058.pt
2025-08-22 16:09:04,784 - ADV_Generation_eps_4.0_steps_100_image_only_attack_prm_Purification_type_noisy_anchor_anchors_10_alpha_1.2_sigma_0.18_threshold_0.0 - INFO - Batch:[56] Image: [13] Saved adversarial tensor to /leonardo_work/EUHPC_R04_192/fmohamma/Adversarial_Robust_Clip/atpt_data/delta_clip_l14_224/A/adv_images_eps_4.0_alpha_1.0_steps_100_image_only_attack_prm/n07697537_0.001462_syringe _ syringe_0.71310896.pt
2025-08-22 16:09:04,785 - ADV_Generation_eps_4.0_steps_100_image_only_attack_prm_Purification_type_noisy_anchor_anchors_10_alpha_1.2_sigma_0.18_threshold_0.0 - INFO - Batch:[56] Image: [14] Saved adversarial tensor to /leonardo_work/EUHPC_R04_192/fmohamma/Adversarial_Robust_Clip/atpt_data/delta_clip_l14_224/A/adv_images_eps_4.0_alpha_1.0_steps_100_image_only_attack_prm/n07714990_0.000479_spatula _ spatula_0.9639302.pt
2025-08-22 16:09:04,787 - ADV_Generation_eps_4.0_steps_100_image_only_attack_prm_Purification_type_noisy_anchor_anchors_10_alpha_1.2_sigma_0.18_threshold_0.0 - INFO - Batch:[56] Image: [15] Saved adversarial tensor to /leonardo_work/EUHPC_R04_192/fmohamma/Adversarial_Robust_Clip/atpt_data/delta_clip_l14_224/A/adv_images_eps_4.0_alpha_1.0_steps_100_image_only_attack_prm/n07714990_0.000556_cucumber _ cucumber_0.8017831.pt
2025-08-22 16:09:06,536 - ADV_Generation_eps_4.0_steps_100_image_only_attack_prm_Purification_type_noisy_anchor_anchors_10_alpha_1.2_sigma_0.18_threshold_0.0 - INFO - ======================== Adversarial Image Evaluation ==========================
2025-08-22 16:09:06,537 - ADV_Generation_eps_4.0_steps_100_image_only_attack_prm_Purification_type_noisy_anchor_anchors_10_alpha_1.2_sigma_0.18_threshold_0.0 - INFO - target: tensor([180, 180, 180, 180, 181, 181, 181, 181, 181, 182, 182, 182, 182, 182,
        183, 183], device='cuda:0')
2025-08-22 16:09:06,537 - ADV_Generation_eps_4.0_steps_100_image_only_attack_prm_Purification_type_noisy_anchor_anchors_10_alpha_1.2_sigma_0.18_threshold_0.0 - INFO - adv_pred: tensor([182, 180,  18, 182, 195, 180, 182, 182, 128,  14, 126, 195, 182, 127,
        191, 122], device='cuda:0')
2025-08-22 16:09:06,537 - ADV_Generation_eps_4.0_steps_100_image_only_attack_prm_Purification_type_noisy_anchor_anchors_10_alpha_1.2_sigma_0.18_threshold_0.0 - INFO - adv_correct_orig: 194 = 192 + 2
2025-08-22 16:09:06,538 - ADV_Generation_eps_4.0_steps_100_image_only_attack_prm_Purification_type_noisy_anchor_anchors_10_alpha_1.2_sigma_0.18_threshold_0.0 - INFO - adv_pred_purify: tensor([180,   0,  77, 195, 195,   4, 168, 138, 112,  14, 104, 195, 136, 127,
        144, 182], device='cuda:0')
2025-08-22 16:09:06,538 - ADV_Generation_eps_4.0_steps_100_image_only_attack_prm_Purification_type_noisy_anchor_anchors_10_alpha_1.2_sigma_0.18_threshold_0.0 - INFO - adv_correct_purify: 64 = 63 + 1
2025-08-22 16:09:08,284 - ADV_Generation_eps_4.0_steps_100_image_only_attack_prm_Purification_type_noisy_anchor_anchors_10_alpha_1.2_sigma_0.18_threshold_0.0 - INFO - ======================== Clean Image Evaluation ==========================
2025-08-22 16:09:08,284 - ADV_Generation_eps_4.0_steps_100_image_only_attack_prm_Purification_type_noisy_anchor_anchors_10_alpha_1.2_sigma_0.18_threshold_0.0 - INFO - target: tensor([180, 180, 180, 180, 181, 181, 181, 181, 181, 182, 182, 182, 182, 182,
        183, 183], device='cuda:0')
2025-08-22 16:09:08,285 - ADV_Generation_eps_4.0_steps_100_image_only_attack_prm_Purification_type_noisy_anchor_anchors_10_alpha_1.2_sigma_0.18_threshold_0.0 - INFO - clean_pred: tensor([180, 180,  55, 182, 195, 180, 182, 182, 128, 195, 126, 195, 182, 127,
        191, 182], device='cuda:0')
2025-08-22 16:09:08,285 - ADV_Generation_eps_4.0_steps_100_image_only_attack_prm_Purification_type_noisy_anchor_anchors_10_alpha_1.2_sigma_0.18_threshold_0.0 - INFO - clean_correct_orig: 234
2025-08-22 16:09:08,285 - ADV_Generation_eps_4.0_steps_100_image_only_attack_prm_Purification_type_noisy_anchor_anchors_10_alpha_1.2_sigma_0.18_threshold_0.0 - INFO - clean_pred_purify: tensor([180, 190,  77, 195, 195,  98, 168, 138, 112,  14, 104, 195, 136, 127,
        144, 182], device='cuda:0')
2025-08-22 16:09:08,285 - ADV_Generation_eps_4.0_steps_100_image_only_attack_prm_Purification_type_noisy_anchor_anchors_10_alpha_1.2_sigma_0.18_threshold_0.0 - INFO - clean_correct_purify: 74
2025-08-22 16:09:08,285 - ADV_Generation_eps_4.0_steps_100_image_only_attack_prm_Purification_type_noisy_anchor_anchors_10_alpha_1.2_sigma_0.18_threshold_0.0 - INFO - adv_correct_purify_clean_correct: 57
2025-08-22 16:09:08,285 - ADV_Generation_eps_4.0_steps_100_image_only_attack_prm_Purification_type_noisy_anchor_anchors_10_alpha_1.2_sigma_0.18_threshold_0.0 - INFO - adv_correct_purify_clean_incorrect: 7
2025-08-22 16:09:08,285 - ADV_Generation_eps_4.0_steps_100_image_only_attack_prm_Purification_type_noisy_anchor_anchors_10_alpha_1.2_sigma_0.18_threshold_0.0 - INFO - clean_correct_purify_clean_correct: 68
2025-08-22 16:09:08,285 - ADV_Generation_eps_4.0_steps_100_image_only_attack_prm_Purification_type_noisy_anchor_anchors_10_alpha_1.2_sigma_0.18_threshold_0.0 - INFO - clean_correct_purify_clean_incorrect: 6
2025-08-22 16:09:08,286 - ADV_Generation_eps_4.0_steps_100_image_only_attack_prm_Purification_type_noisy_anchor_anchors_10_alpha_1.2_sigma_0.18_threshold_0.0 - INFO - Batch 57/63: Clean orig accuracy 0.2566 | Clean purify accuracy 0.0811 | Adv orig accuracy: 0.2127 | Adv purify accuracy: 0.0702 | Adv purify acc on clean correct: 0.2436 | Adv purify acc on clean incorrect: 0.0103 | Clean purify acc on clean correct: 0.2906 | Clean purify acc on clean incorrect: 0.0088
2025-08-22 16:09:56,657 - ADV_Generation_eps_4.0_steps_100_image_only_attack_prm_Purification_type_noisy_anchor_anchors_10_alpha_1.2_sigma_0.18_threshold_0.0 - INFO - Generated adversarial images for the entire batch.
2025-08-22 16:09:56,659 - ADV_Generation_eps_4.0_steps_100_image_only_attack_prm_Purification_type_noisy_anchor_anchors_10_alpha_1.2_sigma_0.18_threshold_0.0 - INFO - Batch:[57] Image: [0] Saved adversarial tensor to /leonardo_work/EUHPC_R04_192/fmohamma/Adversarial_Robust_Clip/atpt_data/delta_clip_l14_224/A/adv_images_eps_4.0_alpha_1.0_steps_100_image_only_attack_prm/n07714990_0.001087_cradle _ cradle_0.7256355.pt
2025-08-22 16:09:56,661 - ADV_Generation_eps_4.0_steps_100_image_only_attack_prm_Purification_type_noisy_anchor_anchors_10_alpha_1.2_sigma_0.18_threshold_0.0 - INFO - Batch:[57] Image: [1] Saved adversarial tensor to /leonardo_work/EUHPC_R04_192/fmohamma/Adversarial_Robust_Clip/atpt_data/delta_clip_l14_224/A/adv_images_eps_4.0_alpha_1.0_steps_100_image_only_attack_prm/n07714990_0.003717_guacamole _ guacamole_0.9796098.pt
2025-08-22 16:09:56,662 - ADV_Generation_eps_4.0_steps_100_image_only_attack_prm_Purification_type_noisy_anchor_anchors_10_alpha_1.2_sigma_0.18_threshold_0.0 - INFO - Batch:[57] Image: [2] Saved adversarial tensor to /leonardo_work/EUHPC_R04_192/fmohamma/Adversarial_Robust_Clip/atpt_data/delta_clip_l14_224/A/adv_images_eps_4.0_alpha_1.0_steps_100_image_only_attack_prm/n07714990_0.003785_koala _ mitten_0.19821529.pt
2025-08-22 16:09:56,664 - ADV_Generation_eps_4.0_steps_100_image_only_attack_prm_Purification_type_noisy_anchor_anchors_10_alpha_1.2_sigma_0.18_threshold_0.0 - INFO - Batch:[57] Image: [3] Saved adversarial tensor to /leonardo_work/EUHPC_R04_192/fmohamma/Adversarial_Robust_Clip/atpt_data/delta_clip_l14_224/A/adv_images_eps_4.0_alpha_1.0_steps_100_image_only_attack_prm/n07718472_0.000034_hot dog _ hot dog_0.9995554.pt
2025-08-22 16:09:56,665 - ADV_Generation_eps_4.0_steps_100_image_only_attack_prm_Purification_type_noisy_anchor_anchors_10_alpha_1.2_sigma_0.18_threshold_0.0 - INFO - Batch:[57] Image: [4] Saved adversarial tensor to /leonardo_work/EUHPC_R04_192/fmohamma/Adversarial_Robust_Clip/atpt_data/delta_clip_l14_224/A/adv_images_eps_4.0_alpha_1.0_steps_100_image_only_attack_prm/n07718472_0.000102_salt shaker _ salt shaker_0.83456886.pt
2025-08-22 16:09:56,667 - ADV_Generation_eps_4.0_steps_100_image_only_attack_prm_Purification_type_noisy_anchor_anchors_10_alpha_1.2_sigma_0.18_threshold_0.0 - INFO - Batch:[57] Image: [5] Saved adversarial tensor to /leonardo_work/EUHPC_R04_192/fmohamma/Adversarial_Robust_Clip/atpt_data/delta_clip_l14_224/A/adv_images_eps_4.0_alpha_1.0_steps_100_image_only_attack_prm/n07718472_0.000111_hot dog _ hot dog_0.9997068.pt
2025-08-22 16:09:56,668 - ADV_Generation_eps_4.0_steps_100_image_only_attack_prm_Purification_type_noisy_anchor_anchors_10_alpha_1.2_sigma_0.18_threshold_0.0 - INFO - Batch:[57] Image: [6] Saved adversarial tensor to /leonardo_work/EUHPC_R04_192/fmohamma/Adversarial_Robust_Clip/atpt_data/delta_clip_l14_224/A/adv_images_eps_4.0_alpha_1.0_steps_100_image_only_attack_prm/n07718472_0.000177_spatula _ spatula_0.993026.pt
2025-08-22 16:09:56,670 - ADV_Generation_eps_4.0_steps_100_image_only_attack_prm_Purification_type_noisy_anchor_anchors_10_alpha_1.2_sigma_0.18_threshold_0.0 - INFO - Batch:[57] Image: [7] Saved adversarial tensor to /leonardo_work/EUHPC_R04_192/fmohamma/Adversarial_Robust_Clip/atpt_data/delta_clip_l14_224/A/adv_images_eps_4.0_alpha_1.0_steps_100_image_only_attack_prm/n07718472_0.000181_dumbbell _ dumbbell_0.39254454.pt
2025-08-22 16:09:56,671 - ADV_Generation_eps_4.0_steps_100_image_only_attack_prm_Purification_type_noisy_anchor_anchors_10_alpha_1.2_sigma_0.18_threshold_0.0 - INFO - Batch:[57] Image: [8] Saved adversarial tensor to /leonardo_work/EUHPC_R04_192/fmohamma/Adversarial_Robust_Clip/atpt_data/delta_clip_l14_224/A/adv_images_eps_4.0_alpha_1.0_steps_100_image_only_attack_prm/n07720875_0.000027_crayfish _ crayfish_0.99075127.pt
2025-08-22 16:09:56,673 - ADV_Generation_eps_4.0_steps_100_image_only_attack_prm_Purification_type_noisy_anchor_anchors_10_alpha_1.2_sigma_0.18_threshold_0.0 - INFO - Batch:[57] Image: [9] Saved adversarial tensor to /leonardo_work/EUHPC_R04_192/fmohamma/Adversarial_Robust_Clip/atpt_data/delta_clip_l14_224/A/adv_images_eps_4.0_alpha_1.0_steps_100_image_only_attack_prm/n07720875_0.000032_chain _ chain_0.9937024.pt
2025-08-22 16:09:56,674 - ADV_Generation_eps_4.0_steps_100_image_only_attack_prm_Purification_type_noisy_anchor_anchors_10_alpha_1.2_sigma_0.18_threshold_0.0 - INFO - Batch:[57] Image: [10] Saved adversarial tensor to /leonardo_work/EUHPC_R04_192/fmohamma/Adversarial_Robust_Clip/atpt_data/delta_clip_l14_224/A/adv_images_eps_4.0_alpha_1.0_steps_100_image_only_attack_prm/n07720875_0.000041_corn _ corn_0.88521147.pt
2025-08-22 16:09:56,676 - ADV_Generation_eps_4.0_steps_100_image_only_attack_prm_Purification_type_noisy_anchor_anchors_10_alpha_1.2_sigma_0.18_threshold_0.0 - INFO - Batch:[57] Image: [11] Saved adversarial tensor to /leonardo_work/EUHPC_R04_192/fmohamma/Adversarial_Robust_Clip/atpt_data/delta_clip_l14_224/A/adv_images_eps_4.0_alpha_1.0_steps_100_image_only_attack_prm/n07720875_0.000082_carbonara _ carbonara_0.9936114.pt
2025-08-22 16:09:56,678 - ADV_Generation_eps_4.0_steps_100_image_only_attack_prm_Purification_type_noisy_anchor_anchors_10_alpha_1.2_sigma_0.18_threshold_0.0 - INFO - Batch:[57] Image: [12] Saved adversarial tensor to /leonardo_work/EUHPC_R04_192/fmohamma/Adversarial_Robust_Clip/atpt_data/delta_clip_l14_224/A/adv_images_eps_4.0_alpha_1.0_steps_100_image_only_attack_prm/n07720875_0.000195_hot dog _ hot dog_0.98955554.pt
2025-08-22 16:09:56,679 - ADV_Generation_eps_4.0_steps_100_image_only_attack_prm_Purification_type_noisy_anchor_anchors_10_alpha_1.2_sigma_0.18_threshold_0.0 - INFO - Batch:[57] Image: [13] Saved adversarial tensor to /leonardo_work/EUHPC_R04_192/fmohamma/Adversarial_Robust_Clip/atpt_data/delta_clip_l14_224/A/adv_images_eps_4.0_alpha_1.0_steps_100_image_only_attack_prm/n07734744_0.000000_cockroach _ cockroach_0.9996309.pt
2025-08-22 16:09:56,682 - ADV_Generation_eps_4.0_steps_100_image_only_attack_prm_Purification_type_noisy_anchor_anchors_10_alpha_1.2_sigma_0.18_threshold_0.0 - INFO - Batch:[57] Image: [14] Saved adversarial tensor to /leonardo_work/EUHPC_R04_192/fmohamma/Adversarial_Robust_Clip/atpt_data/delta_clip_l14_224/A/adv_images_eps_4.0_alpha_1.0_steps_100_image_only_attack_prm/n07734744_0.000002_quill _ quill_0.92482966.pt
2025-08-22 16:09:56,686 - ADV_Generation_eps_4.0_steps_100_image_only_attack_prm_Purification_type_noisy_anchor_anchors_10_alpha_1.2_sigma_0.18_threshold_0.0 - INFO - Batch:[57] Image: [15] Saved adversarial tensor to /leonardo_work/EUHPC_R04_192/fmohamma/Adversarial_Robust_Clip/atpt_data/delta_clip_l14_224/A/adv_images_eps_4.0_alpha_1.0_steps_100_image_only_attack_prm/n07734744_0.000005_stick insect _ stick insect_0.91300005.pt
2025-08-22 16:09:58,436 - ADV_Generation_eps_4.0_steps_100_image_only_attack_prm_Purification_type_noisy_anchor_anchors_10_alpha_1.2_sigma_0.18_threshold_0.0 - INFO - ======================== Adversarial Image Evaluation ==========================
2025-08-22 16:09:58,436 - ADV_Generation_eps_4.0_steps_100_image_only_attack_prm_Purification_type_noisy_anchor_anchors_10_alpha_1.2_sigma_0.18_threshold_0.0 - INFO - target: tensor([183, 183, 183, 184, 184, 184, 184, 184, 185, 185, 185, 185, 185, 186,
        186, 186], device='cuda:0')
2025-08-22 16:09:58,437 - ADV_Generation_eps_4.0_steps_100_image_only_attack_prm_Purification_type_noisy_anchor_anchors_10_alpha_1.2_sigma_0.18_threshold_0.0 - INFO - adv_pred: tensor([180, 179, 190, 182,  88, 182, 106, 184, 179, 192, 157, 191, 182,  15,
        106, 186], device='cuda:0')
2025-08-22 16:09:58,437 - ADV_Generation_eps_4.0_steps_100_image_only_attack_prm_Purification_type_noisy_anchor_anchors_10_alpha_1.2_sigma_0.18_threshold_0.0 - INFO - adv_correct_orig: 196 = 194 + 2
2025-08-22 16:09:58,437 - ADV_Generation_eps_4.0_steps_100_image_only_attack_prm_Purification_type_noisy_anchor_anchors_10_alpha_1.2_sigma_0.18_threshold_0.0 - INFO - adv_pred_purify: tensor([167, 179, 195,  30, 144, 182, 182, 161, 190, 183, 191, 179, 182, 129,
         93,  31], device='cuda:0')
2025-08-22 16:09:58,437 - ADV_Generation_eps_4.0_steps_100_image_only_attack_prm_Purification_type_noisy_anchor_anchors_10_alpha_1.2_sigma_0.18_threshold_0.0 - INFO - adv_correct_purify: 64 = 64 + 0
2025-08-22 16:10:00,183 - ADV_Generation_eps_4.0_steps_100_image_only_attack_prm_Purification_type_noisy_anchor_anchors_10_alpha_1.2_sigma_0.18_threshold_0.0 - INFO - ======================== Clean Image Evaluation ==========================
2025-08-22 16:10:00,184 - ADV_Generation_eps_4.0_steps_100_image_only_attack_prm_Purification_type_noisy_anchor_anchors_10_alpha_1.2_sigma_0.18_threshold_0.0 - INFO - target: tensor([183, 183, 183, 184, 184, 184, 184, 184, 185, 185, 185, 185, 185, 186,
        186, 186], device='cuda:0')
2025-08-22 16:10:00,184 - ADV_Generation_eps_4.0_steps_100_image_only_attack_prm_Purification_type_noisy_anchor_anchors_10_alpha_1.2_sigma_0.18_threshold_0.0 - INFO - clean_pred: tensor([180, 179, 190, 182,  88, 182, 106, 184,  19, 192, 157, 191, 182,  15,
        186,  29], device='cuda:0')
2025-08-22 16:10:00,184 - ADV_Generation_eps_4.0_steps_100_image_only_attack_prm_Purification_type_noisy_anchor_anchors_10_alpha_1.2_sigma_0.18_threshold_0.0 - INFO - clean_correct_orig: 236
2025-08-22 16:10:00,185 - ADV_Generation_eps_4.0_steps_100_image_only_attack_prm_Purification_type_noisy_anchor_anchors_10_alpha_1.2_sigma_0.18_threshold_0.0 - INFO - clean_pred_purify: tensor([167, 179, 195, 167,  88, 182, 182, 161, 190, 183, 182, 179, 182, 129,
         93,  57], device='cuda:0')
2025-08-22 16:10:00,185 - ADV_Generation_eps_4.0_steps_100_image_only_attack_prm_Purification_type_noisy_anchor_anchors_10_alpha_1.2_sigma_0.18_threshold_0.0 - INFO - clean_correct_purify: 74
2025-08-22 16:10:00,185 - ADV_Generation_eps_4.0_steps_100_image_only_attack_prm_Purification_type_noisy_anchor_anchors_10_alpha_1.2_sigma_0.18_threshold_0.0 - INFO - adv_correct_purify_clean_correct: 57
2025-08-22 16:10:00,185 - ADV_Generation_eps_4.0_steps_100_image_only_attack_prm_Purification_type_noisy_anchor_anchors_10_alpha_1.2_sigma_0.18_threshold_0.0 - INFO - adv_correct_purify_clean_incorrect: 7
2025-08-22 16:10:00,185 - ADV_Generation_eps_4.0_steps_100_image_only_attack_prm_Purification_type_noisy_anchor_anchors_10_alpha_1.2_sigma_0.18_threshold_0.0 - INFO - clean_correct_purify_clean_correct: 68
2025-08-22 16:10:00,185 - ADV_Generation_eps_4.0_steps_100_image_only_attack_prm_Purification_type_noisy_anchor_anchors_10_alpha_1.2_sigma_0.18_threshold_0.0 - INFO - clean_correct_purify_clean_incorrect: 6
2025-08-22 16:10:00,186 - ADV_Generation_eps_4.0_steps_100_image_only_attack_prm_Purification_type_noisy_anchor_anchors_10_alpha_1.2_sigma_0.18_threshold_0.0 - INFO - Batch 58/63: Clean orig accuracy 0.2543 | Clean purify accuracy 0.0797 | Adv orig accuracy: 0.2112 | Adv purify accuracy: 0.0690 | Adv purify acc on clean correct: 0.2415 | Adv purify acc on clean incorrect: 0.0101 | Clean purify acc on clean correct: 0.2881 | Clean purify acc on clean incorrect: 0.0087
2025-08-22 16:10:48,539 - ADV_Generation_eps_4.0_steps_100_image_only_attack_prm_Purification_type_noisy_anchor_anchors_10_alpha_1.2_sigma_0.18_threshold_0.0 - INFO - Generated adversarial images for the entire batch.
2025-08-22 16:10:48,541 - ADV_Generation_eps_4.0_steps_100_image_only_attack_prm_Purification_type_noisy_anchor_anchors_10_alpha_1.2_sigma_0.18_threshold_0.0 - INFO - Batch:[58] Image: [0] Saved adversarial tensor to /leonardo_work/EUHPC_R04_192/fmohamma/Adversarial_Robust_Clip/atpt_data/delta_clip_l14_224/A/adv_images_eps_4.0_alpha_1.0_steps_100_image_only_attack_prm/n07734744_0.000006_nail _ nail_0.99794155.pt
2025-08-22 16:10:48,543 - ADV_Generation_eps_4.0_steps_100_image_only_attack_prm_Purification_type_noisy_anchor_anchors_10_alpha_1.2_sigma_0.18_threshold_0.0 - INFO - Batch:[58] Image: [1] Saved adversarial tensor to /leonardo_work/EUHPC_R04_192/fmohamma/Adversarial_Robust_Clip/atpt_data/delta_clip_l14_224/A/adv_images_eps_4.0_alpha_1.0_steps_100_image_only_attack_prm/n07734744_0.000038_stick insect _ stick insect_0.9911322.pt
2025-08-22 16:10:48,545 - ADV_Generation_eps_4.0_steps_100_image_only_attack_prm_Purification_type_noisy_anchor_anchors_10_alpha_1.2_sigma_0.18_threshold_0.0 - INFO - Batch:[58] Image: [2] Saved adversarial tensor to /leonardo_work/EUHPC_R04_192/fmohamma/Adversarial_Robust_Clip/atpt_data/delta_clip_l14_224/A/adv_images_eps_4.0_alpha_1.0_steps_100_image_only_attack_prm/n07749582_0.000004_broccoli _ broccoli_0.551146.pt
2025-08-22 16:10:48,546 - ADV_Generation_eps_4.0_steps_100_image_only_attack_prm_Purification_type_noisy_anchor_anchors_10_alpha_1.2_sigma_0.18_threshold_0.0 - INFO - Batch:[58] Image: [3] Saved adversarial tensor to /leonardo_work/EUHPC_R04_192/fmohamma/Adversarial_Robust_Clip/atpt_data/delta_clip_l14_224/A/adv_images_eps_4.0_alpha_1.0_steps_100_image_only_attack_prm/n07749582_0.000017_broccoli _ broccoli_0.52701503.pt
2025-08-22 16:10:48,548 - ADV_Generation_eps_4.0_steps_100_image_only_attack_prm_Purification_type_noisy_anchor_anchors_10_alpha_1.2_sigma_0.18_threshold_0.0 - INFO - Batch:[58] Image: [4] Saved adversarial tensor to /leonardo_work/EUHPC_R04_192/fmohamma/Adversarial_Robust_Clip/atpt_data/delta_clip_l14_224/A/adv_images_eps_4.0_alpha_1.0_steps_100_image_only_attack_prm/n07749582_0.000020_guacamole _ guacamole_0.9985857.pt
2025-08-22 16:10:48,549 - ADV_Generation_eps_4.0_steps_100_image_only_attack_prm_Purification_type_noisy_anchor_anchors_10_alpha_1.2_sigma_0.18_threshold_0.0 - INFO - Batch:[58] Image: [5] Saved adversarial tensor to /leonardo_work/EUHPC_R04_192/fmohamma/Adversarial_Robust_Clip/atpt_data/delta_clip_l14_224/A/adv_images_eps_4.0_alpha_1.0_steps_100_image_only_attack_prm/n07749582_0.000022_candle _ candle_0.93956286.pt
2025-08-22 16:10:48,551 - ADV_Generation_eps_4.0_steps_100_image_only_attack_prm_Purification_type_noisy_anchor_anchors_10_alpha_1.2_sigma_0.18_threshold_0.0 - INFO - Batch:[58] Image: [6] Saved adversarial tensor to /leonardo_work/EUHPC_R04_192/fmohamma/Adversarial_Robust_Clip/atpt_data/delta_clip_l14_224/A/adv_images_eps_4.0_alpha_1.0_steps_100_image_only_attack_prm/n07749582_0.000070_carbonara _ carbonara_0.8099128.pt
2025-08-22 16:10:48,552 - ADV_Generation_eps_4.0_steps_100_image_only_attack_prm_Purification_type_noisy_anchor_anchors_10_alpha_1.2_sigma_0.18_threshold_0.0 - INFO - Batch:[58] Image: [7] Saved adversarial tensor to /leonardo_work/EUHPC_R04_192/fmohamma/Adversarial_Robust_Clip/atpt_data/delta_clip_l14_224/A/adv_images_eps_4.0_alpha_1.0_steps_100_image_only_attack_prm/n07753592_0.000001_digital clock _ digital clock_0.56502366.pt
2025-08-22 16:10:48,554 - ADV_Generation_eps_4.0_steps_100_image_only_attack_prm_Purification_type_noisy_anchor_anchors_10_alpha_1.2_sigma_0.18_threshold_0.0 - INFO - Batch:[58] Image: [8] Saved adversarial tensor to /leonardo_work/EUHPC_R04_192/fmohamma/Adversarial_Robust_Clip/atpt_data/delta_clip_l14_224/A/adv_images_eps_4.0_alpha_1.0_steps_100_image_only_attack_prm/n07753592_0.000098_accordion _ accordion_0.3438861.pt
2025-08-22 16:10:48,555 - ADV_Generation_eps_4.0_steps_100_image_only_attack_prm_Purification_type_noisy_anchor_anchors_10_alpha_1.2_sigma_0.18_threshold_0.0 - INFO - Batch:[58] Image: [9] Saved adversarial tensor to /leonardo_work/EUHPC_R04_192/fmohamma/Adversarial_Robust_Clip/atpt_data/delta_clip_l14_224/A/adv_images_eps_4.0_alpha_1.0_steps_100_image_only_attack_prm/n07753592_0.000173_chest _ chest_0.9098744.pt
2025-08-22 16:10:48,557 - ADV_Generation_eps_4.0_steps_100_image_only_attack_prm_Purification_type_noisy_anchor_anchors_10_alpha_1.2_sigma_0.18_threshold_0.0 - INFO - Batch:[58] Image: [10] Saved adversarial tensor to /leonardo_work/EUHPC_R04_192/fmohamma/Adversarial_Robust_Clip/atpt_data/delta_clip_l14_224/A/adv_images_eps_4.0_alpha_1.0_steps_100_image_only_attack_prm/n07753592_0.000204_tank _ tank_0.9948154.pt
2025-08-22 16:10:48,558 - ADV_Generation_eps_4.0_steps_100_image_only_attack_prm_Purification_type_noisy_anchor_anchors_10_alpha_1.2_sigma_0.18_threshold_0.0 - INFO - Batch:[58] Image: [11] Saved adversarial tensor to /leonardo_work/EUHPC_R04_192/fmohamma/Adversarial_Robust_Clip/atpt_data/delta_clip_l14_224/A/adv_images_eps_4.0_alpha_1.0_steps_100_image_only_attack_prm/n07753592_0.000590_spatula _ spatula_0.9899042.pt
2025-08-22 16:10:48,560 - ADV_Generation_eps_4.0_steps_100_image_only_attack_prm_Purification_type_noisy_anchor_anchors_10_alpha_1.2_sigma_0.18_threshold_0.0 - INFO - Batch:[58] Image: [12] Saved adversarial tensor to /leonardo_work/EUHPC_R04_192/fmohamma/Adversarial_Robust_Clip/atpt_data/delta_clip_l14_224/A/adv_images_eps_4.0_alpha_1.0_steps_100_image_only_attack_prm/n07760859_0.001160_shovel _ shovel_0.47235957.pt
2025-08-22 16:10:48,561 - ADV_Generation_eps_4.0_steps_100_image_only_attack_prm_Purification_type_noisy_anchor_anchors_10_alpha_1.2_sigma_0.18_threshold_0.0 - INFO - Batch:[58] Image: [13] Saved adversarial tensor to /leonardo_work/EUHPC_R04_192/fmohamma/Adversarial_Robust_Clip/atpt_data/delta_clip_l14_224/A/adv_images_eps_4.0_alpha_1.0_steps_100_image_only_attack_prm/n07760859_0.001721_salt shaker _ salt shaker_0.854769.pt
2025-08-22 16:10:48,563 - ADV_Generation_eps_4.0_steps_100_image_only_attack_prm_Purification_type_noisy_anchor_anchors_10_alpha_1.2_sigma_0.18_threshold_0.0 - INFO - Batch:[58] Image: [14] Saved adversarial tensor to /leonardo_work/EUHPC_R04_192/fmohamma/Adversarial_Robust_Clip/atpt_data/delta_clip_l14_224/A/adv_images_eps_4.0_alpha_1.0_steps_100_image_only_attack_prm/n07760859_0.006160_monarch butterfly _ harvestman_0.5223017.pt
2025-08-22 16:10:48,564 - ADV_Generation_eps_4.0_steps_100_image_only_attack_prm_Purification_type_noisy_anchor_anchors_10_alpha_1.2_sigma_0.18_threshold_0.0 - INFO - Batch:[58] Image: [15] Saved adversarial tensor to /leonardo_work/EUHPC_R04_192/fmohamma/Adversarial_Robust_Clip/atpt_data/delta_clip_l14_224/A/adv_images_eps_4.0_alpha_1.0_steps_100_image_only_attack_prm/n07760859_0.009475_small white _ small white_0.49169064.pt
2025-08-22 16:10:50,313 - ADV_Generation_eps_4.0_steps_100_image_only_attack_prm_Purification_type_noisy_anchor_anchors_10_alpha_1.2_sigma_0.18_threshold_0.0 - INFO - ======================== Adversarial Image Evaluation ==========================
2025-08-22 16:10:50,314 - ADV_Generation_eps_4.0_steps_100_image_only_attack_prm_Purification_type_noisy_anchor_anchors_10_alpha_1.2_sigma_0.18_threshold_0.0 - INFO - target: tensor([186, 186, 187, 187, 187, 187, 187, 188, 188, 188, 188, 188, 189, 189,
        189, 189], device='cuda:0')
2025-08-22 16:10:50,314 - ADV_Generation_eps_4.0_steps_100_image_only_attack_prm_Purification_type_noisy_anchor_anchors_10_alpha_1.2_sigma_0.18_threshold_0.0 - INFO - adv_pred: tensor([186,  15, 191, 191, 179, 187, 191, 119,  95,  81, 188, 188,  15,  88,
        158, 189], device='cuda:0')
2025-08-22 16:10:50,314 - ADV_Generation_eps_4.0_steps_100_image_only_attack_prm_Purification_type_noisy_anchor_anchors_10_alpha_1.2_sigma_0.18_threshold_0.0 - INFO - adv_correct_orig: 201 = 196 + 5
2025-08-22 16:10:50,315 - ADV_Generation_eps_4.0_steps_100_image_only_attack_prm_Purification_type_noisy_anchor_anchors_10_alpha_1.2_sigma_0.18_threshold_0.0 - INFO - adv_pred_purify: tensor([ 59,  57,  30, 191, 179, 187,  30, 168, 128, 104, 188, 191,  52, 177,
        158, 183], device='cuda:0')
2025-08-22 16:10:50,315 - ADV_Generation_eps_4.0_steps_100_image_only_attack_prm_Purification_type_noisy_anchor_anchors_10_alpha_1.2_sigma_0.18_threshold_0.0 - INFO - adv_correct_purify: 66 = 64 + 2
2025-08-22 16:10:52,061 - ADV_Generation_eps_4.0_steps_100_image_only_attack_prm_Purification_type_noisy_anchor_anchors_10_alpha_1.2_sigma_0.18_threshold_0.0 - INFO - ======================== Clean Image Evaluation ==========================
2025-08-22 16:10:52,061 - ADV_Generation_eps_4.0_steps_100_image_only_attack_prm_Purification_type_noisy_anchor_anchors_10_alpha_1.2_sigma_0.18_threshold_0.0 - INFO - target: tensor([186, 186, 187, 187, 187, 187, 187, 188, 188, 188, 188, 188, 189, 189,
        189, 189], device='cuda:0')
2025-08-22 16:10:52,062 - ADV_Generation_eps_4.0_steps_100_image_only_attack_prm_Purification_type_noisy_anchor_anchors_10_alpha_1.2_sigma_0.18_threshold_0.0 - INFO - clean_pred: tensor([186,  15,  30, 191, 179, 187,  30, 118, 102,  81, 188, 188,  15,  88,
        199,  55], device='cuda:0')
2025-08-22 16:10:52,062 - ADV_Generation_eps_4.0_steps_100_image_only_attack_prm_Purification_type_noisy_anchor_anchors_10_alpha_1.2_sigma_0.18_threshold_0.0 - INFO - clean_correct_orig: 240
2025-08-22 16:10:52,062 - ADV_Generation_eps_4.0_steps_100_image_only_attack_prm_Purification_type_noisy_anchor_anchors_10_alpha_1.2_sigma_0.18_threshold_0.0 - INFO - clean_pred_purify: tensor([ 59,  57,  30, 191, 179, 187,  30, 168,  95, 104, 188, 191,  52, 177,
        158, 183], device='cuda:0')
2025-08-22 16:10:52,062 - ADV_Generation_eps_4.0_steps_100_image_only_attack_prm_Purification_type_noisy_anchor_anchors_10_alpha_1.2_sigma_0.18_threshold_0.0 - INFO - clean_correct_purify: 76
2025-08-22 16:10:52,062 - ADV_Generation_eps_4.0_steps_100_image_only_attack_prm_Purification_type_noisy_anchor_anchors_10_alpha_1.2_sigma_0.18_threshold_0.0 - INFO - adv_correct_purify_clean_correct: 59
2025-08-22 16:10:52,062 - ADV_Generation_eps_4.0_steps_100_image_only_attack_prm_Purification_type_noisy_anchor_anchors_10_alpha_1.2_sigma_0.18_threshold_0.0 - INFO - adv_correct_purify_clean_incorrect: 7
2025-08-22 16:10:52,062 - ADV_Generation_eps_4.0_steps_100_image_only_attack_prm_Purification_type_noisy_anchor_anchors_10_alpha_1.2_sigma_0.18_threshold_0.0 - INFO - clean_correct_purify_clean_correct: 70
2025-08-22 16:10:52,062 - ADV_Generation_eps_4.0_steps_100_image_only_attack_prm_Purification_type_noisy_anchor_anchors_10_alpha_1.2_sigma_0.18_threshold_0.0 - INFO - clean_correct_purify_clean_incorrect: 6
2025-08-22 16:10:52,063 - ADV_Generation_eps_4.0_steps_100_image_only_attack_prm_Purification_type_noisy_anchor_anchors_10_alpha_1.2_sigma_0.18_threshold_0.0 - INFO - Batch 59/63: Clean orig accuracy 0.2542 | Clean purify accuracy 0.0805 | Adv orig accuracy: 0.2129 | Adv purify accuracy: 0.0699 | Adv purify acc on clean correct: 0.2458 | Adv purify acc on clean incorrect: 0.0099 | Clean purify acc on clean correct: 0.2917 | Clean purify acc on clean incorrect: 0.0085
2025-08-22 16:11:40,415 - ADV_Generation_eps_4.0_steps_100_image_only_attack_prm_Purification_type_noisy_anchor_anchors_10_alpha_1.2_sigma_0.18_threshold_0.0 - INFO - Generated adversarial images for the entire batch.
2025-08-22 16:11:40,420 - ADV_Generation_eps_4.0_steps_100_image_only_attack_prm_Purification_type_noisy_anchor_anchors_10_alpha_1.2_sigma_0.18_threshold_0.0 - INFO - Batch:[59] Image: [0] Saved adversarial tensor to /leonardo_work/EUHPC_R04_192/fmohamma/Adversarial_Robust_Clip/atpt_data/delta_clip_l14_224/A/adv_images_eps_4.0_alpha_1.0_steps_100_image_only_attack_prm/n07760859_0.023239_porcupine _ porcupine_0.93568754.pt
2025-08-22 16:11:40,422 - ADV_Generation_eps_4.0_steps_100_image_only_attack_prm_Purification_type_noisy_anchor_anchors_10_alpha_1.2_sigma_0.18_threshold_0.0 - INFO - Batch:[59] Image: [1] Saved adversarial tensor to /leonardo_work/EUHPC_R04_192/fmohamma/Adversarial_Robust_Clip/atpt_data/delta_clip_l14_224/A/adv_images_eps_4.0_alpha_1.0_steps_100_image_only_attack_prm/n07768694_0.000004_hot dog _ hot dog_0.9984347.pt
2025-08-22 16:11:40,424 - ADV_Generation_eps_4.0_steps_100_image_only_attack_prm_Purification_type_noisy_anchor_anchors_10_alpha_1.2_sigma_0.18_threshold_0.0 - INFO - Batch:[59] Image: [2] Saved adversarial tensor to /leonardo_work/EUHPC_R04_192/fmohamma/Adversarial_Robust_Clip/atpt_data/delta_clip_l14_224/A/adv_images_eps_4.0_alpha_1.0_steps_100_image_only_attack_prm/n07768694_0.000005_guacamole _ guacamole_0.9993642.pt
2025-08-22 16:11:40,425 - ADV_Generation_eps_4.0_steps_100_image_only_attack_prm_Purification_type_noisy_anchor_anchors_10_alpha_1.2_sigma_0.18_threshold_0.0 - INFO - Batch:[59] Image: [3] Saved adversarial tensor to /leonardo_work/EUHPC_R04_192/fmohamma/Adversarial_Robust_Clip/atpt_data/delta_clip_l14_224/A/adv_images_eps_4.0_alpha_1.0_steps_100_image_only_attack_prm/n07768694_0.000008_candle _ beaker_0.45751277.pt
2025-08-22 16:11:40,427 - ADV_Generation_eps_4.0_steps_100_image_only_attack_prm_Purification_type_noisy_anchor_anchors_10_alpha_1.2_sigma_0.18_threshold_0.0 - INFO - Batch:[59] Image: [4] Saved adversarial tensor to /leonardo_work/EUHPC_R04_192/fmohamma/Adversarial_Robust_Clip/atpt_data/delta_clip_l14_224/A/adv_images_eps_4.0_alpha_1.0_steps_100_image_only_attack_prm/n07768694_0.000009_cucumber _ cucumber_0.99514645.pt
2025-08-22 16:11:40,429 - ADV_Generation_eps_4.0_steps_100_image_only_attack_prm_Purification_type_noisy_anchor_anchors_10_alpha_1.2_sigma_0.18_threshold_0.0 - INFO - Batch:[59] Image: [5] Saved adversarial tensor to /leonardo_work/EUHPC_R04_192/fmohamma/Adversarial_Robust_Clip/atpt_data/delta_clip_l14_224/A/adv_images_eps_4.0_alpha_1.0_steps_100_image_only_attack_prm/n07768694_0.000009_wine bottle _ wine bottle_0.90812415.pt
2025-08-22 16:11:40,430 - ADV_Generation_eps_4.0_steps_100_image_only_attack_prm_Purification_type_noisy_anchor_anchors_10_alpha_1.2_sigma_0.18_threshold_0.0 - INFO - Batch:[59] Image: [6] Saved adversarial tensor to /leonardo_work/EUHPC_R04_192/fmohamma/Adversarial_Robust_Clip/atpt_data/delta_clip_l14_224/A/adv_images_eps_4.0_alpha_1.0_steps_100_image_only_attack_prm/n07831146_0.000025_ocarina _ ocarina_0.7818984.pt
2025-08-22 16:11:40,432 - ADV_Generation_eps_4.0_steps_100_image_only_attack_prm_Purification_type_noisy_anchor_anchors_10_alpha_1.2_sigma_0.18_threshold_0.0 - INFO - Batch:[59] Image: [7] Saved adversarial tensor to /leonardo_work/EUHPC_R04_192/fmohamma/Adversarial_Robust_Clip/atpt_data/delta_clip_l14_224/A/adv_images_eps_4.0_alpha_1.0_steps_100_image_only_attack_prm/n07831146_0.000072_guacamole _ guacamole_0.99989796.pt
2025-08-22 16:11:40,434 - ADV_Generation_eps_4.0_steps_100_image_only_attack_prm_Purification_type_noisy_anchor_anchors_10_alpha_1.2_sigma_0.18_threshold_0.0 - INFO - Batch:[59] Image: [8] Saved adversarial tensor to /leonardo_work/EUHPC_R04_192/fmohamma/Adversarial_Robust_Clip/atpt_data/delta_clip_l14_224/A/adv_images_eps_4.0_alpha_1.0_steps_100_image_only_attack_prm/n07831146_0.000562_stethoscope _ stethoscope_0.47723567.pt
2025-08-22 16:11:40,435 - ADV_Generation_eps_4.0_steps_100_image_only_attack_prm_Purification_type_noisy_anchor_anchors_10_alpha_1.2_sigma_0.18_threshold_0.0 - INFO - Batch:[59] Image: [9] Saved adversarial tensor to /leonardo_work/EUHPC_R04_192/fmohamma/Adversarial_Robust_Clip/atpt_data/delta_clip_l14_224/A/adv_images_eps_4.0_alpha_1.0_steps_100_image_only_attack_prm/n07831146_0.000852_crayfish _ crayfish_0.22583577.pt
2025-08-22 16:11:40,437 - ADV_Generation_eps_4.0_steps_100_image_only_attack_prm_Purification_type_noisy_anchor_anchors_10_alpha_1.2_sigma_0.18_threshold_0.0 - INFO - Batch:[59] Image: [10] Saved adversarial tensor to /leonardo_work/EUHPC_R04_192/fmohamma/Adversarial_Robust_Clip/atpt_data/delta_clip_l14_224/A/adv_images_eps_4.0_alpha_1.0_steps_100_image_only_attack_prm/n07831146_0.000920_ocarina _ ocarina_0.86764795.pt
2025-08-22 16:11:40,439 - ADV_Generation_eps_4.0_steps_100_image_only_attack_prm_Purification_type_noisy_anchor_anchors_10_alpha_1.2_sigma_0.18_threshold_0.0 - INFO - Batch:[59] Image: [11] Saved adversarial tensor to /leonardo_work/EUHPC_R04_192/fmohamma/Adversarial_Robust_Clip/atpt_data/delta_clip_l14_224/A/adv_images_eps_4.0_alpha_1.0_steps_100_image_only_attack_prm/n09229709_0.000002_wine bottle _ wine bottle_0.9999958.pt
2025-08-22 16:11:40,440 - ADV_Generation_eps_4.0_steps_100_image_only_attack_prm_Purification_type_noisy_anchor_anchors_10_alpha_1.2_sigma_0.18_threshold_0.0 - INFO - Batch:[59] Image: [12] Saved adversarial tensor to /leonardo_work/EUHPC_R04_192/fmohamma/Adversarial_Robust_Clip/atpt_data/delta_clip_l14_224/A/adv_images_eps_4.0_alpha_1.0_steps_100_image_only_attack_prm/n09229709_0.000008_jellyfish _ jellyfish_0.9999839.pt
2025-08-22 16:11:40,442 - ADV_Generation_eps_4.0_steps_100_image_only_attack_prm_Purification_type_noisy_anchor_anchors_10_alpha_1.2_sigma_0.18_threshold_0.0 - INFO - Batch:[59] Image: [13] Saved adversarial tensor to /leonardo_work/EUHPC_R04_192/fmohamma/Adversarial_Robust_Clip/atpt_data/delta_clip_l14_224/A/adv_images_eps_4.0_alpha_1.0_steps_100_image_only_attack_prm/n09229709_0.000026_spatula _ spatula_0.9455658.pt
2025-08-22 16:11:40,444 - ADV_Generation_eps_4.0_steps_100_image_only_attack_prm_Purification_type_noisy_anchor_anchors_10_alpha_1.2_sigma_0.18_threshold_0.0 - INFO - Batch:[59] Image: [14] Saved adversarial tensor to /leonardo_work/EUHPC_R04_192/fmohamma/Adversarial_Robust_Clip/atpt_data/delta_clip_l14_224/A/adv_images_eps_4.0_alpha_1.0_steps_100_image_only_attack_prm/n09229709_0.000031_saxophone _ saxophone_0.9870697.pt
2025-08-22 16:11:40,445 - ADV_Generation_eps_4.0_steps_100_image_only_attack_prm_Purification_type_noisy_anchor_anchors_10_alpha_1.2_sigma_0.18_threshold_0.0 - INFO - Batch:[59] Image: [15] Saved adversarial tensor to /leonardo_work/EUHPC_R04_192/fmohamma/Adversarial_Robust_Clip/atpt_data/delta_clip_l14_224/A/adv_images_eps_4.0_alpha_1.0_steps_100_image_only_attack_prm/n09229709_0.000084_lemon _ lemon_0.99627054.pt
2025-08-22 16:11:42,195 - ADV_Generation_eps_4.0_steps_100_image_only_attack_prm_Purification_type_noisy_anchor_anchors_10_alpha_1.2_sigma_0.18_threshold_0.0 - INFO - ======================== Adversarial Image Evaluation ==========================
2025-08-22 16:11:42,195 - ADV_Generation_eps_4.0_steps_100_image_only_attack_prm_Purification_type_noisy_anchor_anchors_10_alpha_1.2_sigma_0.18_threshold_0.0 - INFO - target: tensor([189, 190, 190, 190, 190, 190, 191, 191, 191, 191, 191, 192, 192, 192,
        192, 192], device='cuda:0')
2025-08-22 16:11:42,195 - ADV_Generation_eps_4.0_steps_100_image_only_attack_prm_Purification_type_noisy_anchor_anchors_10_alpha_1.2_sigma_0.18_threshold_0.0 - INFO - adv_pred: tensor([ 65, 182, 179,  88, 179, 190,  28, 179, 191, 182, 191, 192, 162, 191,
        148, 187], device='cuda:0')
2025-08-22 16:11:42,196 - ADV_Generation_eps_4.0_steps_100_image_only_attack_prm_Purification_type_noisy_anchor_anchors_10_alpha_1.2_sigma_0.18_threshold_0.0 - INFO - adv_correct_orig: 205 = 201 + 4
2025-08-22 16:11:42,196 - ADV_Generation_eps_4.0_steps_100_image_only_attack_prm_Purification_type_noisy_anchor_anchors_10_alpha_1.2_sigma_0.18_threshold_0.0 - INFO - adv_pred_purify: tensor([ 14, 182,  30,  88, 179, 190,   4, 191, 191,   4, 191, 192,   0, 157,
        178, 187], device='cuda:0')
2025-08-22 16:11:42,196 - ADV_Generation_eps_4.0_steps_100_image_only_attack_prm_Purification_type_noisy_anchor_anchors_10_alpha_1.2_sigma_0.18_threshold_0.0 - INFO - adv_correct_purify: 71 = 66 + 5
2025-08-22 16:11:43,943 - ADV_Generation_eps_4.0_steps_100_image_only_attack_prm_Purification_type_noisy_anchor_anchors_10_alpha_1.2_sigma_0.18_threshold_0.0 - INFO - ======================== Clean Image Evaluation ==========================
2025-08-22 16:11:43,944 - ADV_Generation_eps_4.0_steps_100_image_only_attack_prm_Purification_type_noisy_anchor_anchors_10_alpha_1.2_sigma_0.18_threshold_0.0 - INFO - target: tensor([189, 190, 190, 190, 190, 190, 191, 191, 191, 191, 191, 192, 192, 192,
        192, 192], device='cuda:0')
2025-08-22 16:11:43,944 - ADV_Generation_eps_4.0_steps_100_image_only_attack_prm_Purification_type_noisy_anchor_anchors_10_alpha_1.2_sigma_0.18_threshold_0.0 - INFO - clean_pred: tensor([189, 189, 179, 190, 179, 190,  28, 179, 191, 182, 191, 192,  26, 191,
        148, 187], device='cuda:0')
2025-08-22 16:11:43,944 - ADV_Generation_eps_4.0_steps_100_image_only_attack_prm_Purification_type_noisy_anchor_anchors_10_alpha_1.2_sigma_0.18_threshold_0.0 - INFO - clean_correct_orig: 246
2025-08-22 16:11:43,945 - ADV_Generation_eps_4.0_steps_100_image_only_attack_prm_Purification_type_noisy_anchor_anchors_10_alpha_1.2_sigma_0.18_threshold_0.0 - INFO - clean_pred_purify: tensor([ 14, 182,  30,  88, 179, 190,   4, 191, 191,   4, 191, 192,   0, 157,
        148, 187], device='cuda:0')
2025-08-22 16:11:43,945 - ADV_Generation_eps_4.0_steps_100_image_only_attack_prm_Purification_type_noisy_anchor_anchors_10_alpha_1.2_sigma_0.18_threshold_0.0 - INFO - clean_correct_purify: 81
2025-08-22 16:11:43,945 - ADV_Generation_eps_4.0_steps_100_image_only_attack_prm_Purification_type_noisy_anchor_anchors_10_alpha_1.2_sigma_0.18_threshold_0.0 - INFO - adv_correct_purify_clean_correct: 63
2025-08-22 16:11:43,945 - ADV_Generation_eps_4.0_steps_100_image_only_attack_prm_Purification_type_noisy_anchor_anchors_10_alpha_1.2_sigma_0.18_threshold_0.0 - INFO - adv_correct_purify_clean_incorrect: 8
2025-08-22 16:11:43,945 - ADV_Generation_eps_4.0_steps_100_image_only_attack_prm_Purification_type_noisy_anchor_anchors_10_alpha_1.2_sigma_0.18_threshold_0.0 - INFO - clean_correct_purify_clean_correct: 74
2025-08-22 16:11:43,945 - ADV_Generation_eps_4.0_steps_100_image_only_attack_prm_Purification_type_noisy_anchor_anchors_10_alpha_1.2_sigma_0.18_threshold_0.0 - INFO - clean_correct_purify_clean_incorrect: 7
2025-08-22 16:11:43,945 - ADV_Generation_eps_4.0_steps_100_image_only_attack_prm_Purification_type_noisy_anchor_anchors_10_alpha_1.2_sigma_0.18_threshold_0.0 - INFO - Batch 60/63: Clean orig accuracy 0.2562 | Clean purify accuracy 0.0844 | Adv orig accuracy: 0.2135 | Adv purify accuracy: 0.0740 | Adv purify acc on clean correct: 0.2561 | Adv purify acc on clean incorrect: 0.0112 | Clean purify acc on clean correct: 0.3008 | Clean purify acc on clean incorrect: 0.0098
2025-08-22 16:12:32,315 - ADV_Generation_eps_4.0_steps_100_image_only_attack_prm_Purification_type_noisy_anchor_anchors_10_alpha_1.2_sigma_0.18_threshold_0.0 - INFO - Generated adversarial images for the entire batch.
2025-08-22 16:12:32,318 - ADV_Generation_eps_4.0_steps_100_image_only_attack_prm_Purification_type_noisy_anchor_anchors_10_alpha_1.2_sigma_0.18_threshold_0.0 - INFO - Batch:[60] Image: [0] Saved adversarial tensor to /leonardo_work/EUHPC_R04_192/fmohamma/Adversarial_Robust_Clip/atpt_data/delta_clip_l14_224/A/adv_images_eps_4.0_alpha_1.0_steps_100_image_only_attack_prm/n09246464_0.000011_snowmobile _ snowmobile_0.69552666.pt
2025-08-22 16:12:32,319 - ADV_Generation_eps_4.0_steps_100_image_only_attack_prm_Purification_type_noisy_anchor_anchors_10_alpha_1.2_sigma_0.18_threshold_0.0 - INFO - Batch:[60] Image: [1] Saved adversarial tensor to /leonardo_work/EUHPC_R04_192/fmohamma/Adversarial_Robust_Clip/atpt_data/delta_clip_l14_224/A/adv_images_eps_4.0_alpha_1.0_steps_100_image_only_attack_prm/n09246464_0.000060_fountain _ fountain_0.9998367.pt
2025-08-22 16:12:32,321 - ADV_Generation_eps_4.0_steps_100_image_only_attack_prm_Purification_type_noisy_anchor_anchors_10_alpha_1.2_sigma_0.18_threshold_0.0 - INFO - Batch:[60] Image: [2] Saved adversarial tensor to /leonardo_work/EUHPC_R04_192/fmohamma/Adversarial_Robust_Clip/atpt_data/delta_clip_l14_224/A/adv_images_eps_4.0_alpha_1.0_steps_100_image_only_attack_prm/n09246464_0.000537_snowplow _ shovel_0.8157427.pt
2025-08-22 16:12:32,322 - ADV_Generation_eps_4.0_steps_100_image_only_attack_prm_Purification_type_noisy_anchor_anchors_10_alpha_1.2_sigma_0.18_threshold_0.0 - INFO - Batch:[60] Image: [3] Saved adversarial tensor to /leonardo_work/EUHPC_R04_192/fmohamma/Adversarial_Robust_Clip/atpt_data/delta_clip_l14_224/A/adv_images_eps_4.0_alpha_1.0_steps_100_image_only_attack_prm/n09246464_0.000780_fountain _ fountain_0.9983113.pt
2025-08-22 16:12:32,324 - ADV_Generation_eps_4.0_steps_100_image_only_attack_prm_Purification_type_noisy_anchor_anchors_10_alpha_1.2_sigma_0.18_threshold_0.0 - INFO - Batch:[60] Image: [4] Saved adversarial tensor to /leonardo_work/EUHPC_R04_192/fmohamma/Adversarial_Robust_Clip/atpt_data/delta_clip_l14_224/A/adv_images_eps_4.0_alpha_1.0_steps_100_image_only_attack_prm/n09246464_0.000822_snowmobile _ snowmobile_0.9754438.pt
2025-08-22 16:12:32,325 - ADV_Generation_eps_4.0_steps_100_image_only_attack_prm_Purification_type_noisy_anchor_anchors_10_alpha_1.2_sigma_0.18_threshold_0.0 - INFO - Batch:[60] Image: [5] Saved adversarial tensor to /leonardo_work/EUHPC_R04_192/fmohamma/Adversarial_Robust_Clip/atpt_data/delta_clip_l14_224/A/adv_images_eps_4.0_alpha_1.0_steps_100_image_only_attack_prm/n09472597_0.000070_reel _ reel_0.88607156.pt
2025-08-22 16:12:32,327 - ADV_Generation_eps_4.0_steps_100_image_only_attack_prm_Purification_type_noisy_anchor_anchors_10_alpha_1.2_sigma_0.18_threshold_0.0 - INFO - Batch:[60] Image: [6] Saved adversarial tensor to /leonardo_work/EUHPC_R04_192/fmohamma/Adversarial_Robust_Clip/atpt_data/delta_clip_l14_224/A/adv_images_eps_4.0_alpha_1.0_steps_100_image_only_attack_prm/n09472597_0.000093_shovel _ shovel_0.8782682.pt
2025-08-22 16:12:32,328 - ADV_Generation_eps_4.0_steps_100_image_only_attack_prm_Purification_type_noisy_anchor_anchors_10_alpha_1.2_sigma_0.18_threshold_0.0 - INFO - Batch:[60] Image: [7] Saved adversarial tensor to /leonardo_work/EUHPC_R04_192/fmohamma/Adversarial_Robust_Clip/atpt_data/delta_clip_l14_224/A/adv_images_eps_4.0_alpha_1.0_steps_100_image_only_attack_prm/n09472597_0.000501_golf cart _ golf cart_0.5209803.pt
2025-08-22 16:12:32,330 - ADV_Generation_eps_4.0_steps_100_image_only_attack_prm_Purification_type_noisy_anchor_anchors_10_alpha_1.2_sigma_0.18_threshold_0.0 - INFO - Batch:[60] Image: [8] Saved adversarial tensor to /leonardo_work/EUHPC_R04_192/fmohamma/Adversarial_Robust_Clip/atpt_data/delta_clip_l14_224/A/adv_images_eps_4.0_alpha_1.0_steps_100_image_only_attack_prm/n09472597_0.000514_viaduct _ viaduct_0.99984705.pt
2025-08-22 16:12:32,331 - ADV_Generation_eps_4.0_steps_100_image_only_attack_prm_Purification_type_noisy_anchor_anchors_10_alpha_1.2_sigma_0.18_threshold_0.0 - INFO - Batch:[60] Image: [9] Saved adversarial tensor to /leonardo_work/EUHPC_R04_192/fmohamma/Adversarial_Robust_Clip/atpt_data/delta_clip_l14_224/A/adv_images_eps_4.0_alpha_1.0_steps_100_image_only_attack_prm/n09472597_0.000851_billiard table _ billiard table_0.3975404.pt
2025-08-22 16:12:32,333 - ADV_Generation_eps_4.0_steps_100_image_only_attack_prm_Purification_type_noisy_anchor_anchors_10_alpha_1.2_sigma_0.18_threshold_0.0 - INFO - Batch:[60] Image: [10] Saved adversarial tensor to /leonardo_work/EUHPC_R04_192/fmohamma/Adversarial_Robust_Clip/atpt_data/delta_clip_l14_224/A/adv_images_eps_4.0_alpha_1.0_steps_100_image_only_attack_prm/n09835506_0.000557_academic gown _ academic gown_0.998733.pt
2025-08-22 16:12:32,334 - ADV_Generation_eps_4.0_steps_100_image_only_attack_prm_Purification_type_noisy_anchor_anchors_10_alpha_1.2_sigma_0.18_threshold_0.0 - INFO - Batch:[60] Image: [11] Saved adversarial tensor to /leonardo_work/EUHPC_R04_192/fmohamma/Adversarial_Robust_Clip/atpt_data/delta_clip_l14_224/A/adv_images_eps_4.0_alpha_1.0_steps_100_image_only_attack_prm/n09835506_0.000774_maraca _ maraca_0.6392575.pt
2025-08-22 16:12:32,336 - ADV_Generation_eps_4.0_steps_100_image_only_attack_prm_Purification_type_noisy_anchor_anchors_10_alpha_1.2_sigma_0.18_threshold_0.0 - INFO - Batch:[60] Image: [12] Saved adversarial tensor to /leonardo_work/EUHPC_R04_192/fmohamma/Adversarial_Robust_Clip/atpt_data/delta_clip_l14_224/A/adv_images_eps_4.0_alpha_1.0_steps_100_image_only_attack_prm/n09835506_0.002215_stethoscope _ stethoscope_0.83343834.pt
2025-08-22 16:12:32,337 - ADV_Generation_eps_4.0_steps_100_image_only_attack_prm_Purification_type_noisy_anchor_anchors_10_alpha_1.2_sigma_0.18_threshold_0.0 - INFO - Batch:[60] Image: [13] Saved adversarial tensor to /leonardo_work/EUHPC_R04_192/fmohamma/Adversarial_Robust_Clip/atpt_data/delta_clip_l14_224/A/adv_images_eps_4.0_alpha_1.0_steps_100_image_only_attack_prm/n09835506_0.002885_apron _ apron_0.826461.pt
2025-08-22 16:12:32,339 - ADV_Generation_eps_4.0_steps_100_image_only_attack_prm_Purification_type_noisy_anchor_anchors_10_alpha_1.2_sigma_0.18_threshold_0.0 - INFO - Batch:[60] Image: [14] Saved adversarial tensor to /leonardo_work/EUHPC_R04_192/fmohamma/Adversarial_Robust_Clip/atpt_data/delta_clip_l14_224/A/adv_images_eps_4.0_alpha_1.0_steps_100_image_only_attack_prm/n09835506_0.002945_accordion _ accordion_0.9304754.pt
2025-08-22 16:12:32,340 - ADV_Generation_eps_4.0_steps_100_image_only_attack_prm_Purification_type_noisy_anchor_anchors_10_alpha_1.2_sigma_0.18_threshold_0.0 - INFO - Batch:[60] Image: [15] Saved adversarial tensor to /leonardo_work/EUHPC_R04_192/fmohamma/Adversarial_Robust_Clip/atpt_data/delta_clip_l14_224/A/adv_images_eps_4.0_alpha_1.0_steps_100_image_only_attack_prm/n11879895_0.000039_nail _ nail_0.9986204.pt
2025-08-22 16:12:34,089 - ADV_Generation_eps_4.0_steps_100_image_only_attack_prm_Purification_type_noisy_anchor_anchors_10_alpha_1.2_sigma_0.18_threshold_0.0 - INFO - ======================== Adversarial Image Evaluation ==========================
2025-08-22 16:12:34,090 - ADV_Generation_eps_4.0_steps_100_image_only_attack_prm_Purification_type_noisy_anchor_anchors_10_alpha_1.2_sigma_0.18_threshold_0.0 - INFO - target: tensor([193, 193, 193, 193, 193, 194, 194, 194, 194, 194, 195, 195, 195, 195,
        195, 196], device='cuda:0')
2025-08-22 16:12:34,090 - ADV_Generation_eps_4.0_steps_100_image_only_attack_prm_Purification_type_noisy_anchor_anchors_10_alpha_1.2_sigma_0.18_threshold_0.0 - INFO - adv_pred: tensor([155, 112, 193, 112, 154, 152, 152, 116, 194, 178, 195, 195,  75,  93,
        195, 131], device='cuda:0')
2025-08-22 16:12:34,090 - ADV_Generation_eps_4.0_steps_100_image_only_attack_prm_Purification_type_noisy_anchor_anchors_10_alpha_1.2_sigma_0.18_threshold_0.0 - INFO - adv_correct_orig: 210 = 205 + 5
2025-08-22 16:12:34,091 - ADV_Generation_eps_4.0_steps_100_image_only_attack_prm_Purification_type_noisy_anchor_anchors_10_alpha_1.2_sigma_0.18_threshold_0.0 - INFO - adv_pred_purify: tensor([155, 112, 155, 112, 154, 152,  95, 113, 194, 178, 195, 195, 195, 195,
        195, 196], device='cuda:0')
2025-08-22 16:12:34,091 - ADV_Generation_eps_4.0_steps_100_image_only_attack_prm_Purification_type_noisy_anchor_anchors_10_alpha_1.2_sigma_0.18_threshold_0.0 - INFO - adv_correct_purify: 78 = 71 + 7
2025-08-22 16:12:35,837 - ADV_Generation_eps_4.0_steps_100_image_only_attack_prm_Purification_type_noisy_anchor_anchors_10_alpha_1.2_sigma_0.18_threshold_0.0 - INFO - ======================== Clean Image Evaluation ==========================
2025-08-22 16:12:35,837 - ADV_Generation_eps_4.0_steps_100_image_only_attack_prm_Purification_type_noisy_anchor_anchors_10_alpha_1.2_sigma_0.18_threshold_0.0 - INFO - target: tensor([193, 193, 193, 193, 193, 194, 194, 194, 194, 194, 195, 195, 195, 195,
        195, 196], device='cuda:0')
2025-08-22 16:12:35,838 - ADV_Generation_eps_4.0_steps_100_image_only_attack_prm_Purification_type_noisy_anchor_anchors_10_alpha_1.2_sigma_0.18_threshold_0.0 - INFO - clean_pred: tensor([155, 112, 154, 112, 154, 152, 152, 116, 194, 178, 195, 195, 195, 152,
        195, 131], device='cuda:0')
2025-08-22 16:12:35,838 - ADV_Generation_eps_4.0_steps_100_image_only_attack_prm_Purification_type_noisy_anchor_anchors_10_alpha_1.2_sigma_0.18_threshold_0.0 - INFO - clean_correct_orig: 251
2025-08-22 16:12:35,838 - ADV_Generation_eps_4.0_steps_100_image_only_attack_prm_Purification_type_noisy_anchor_anchors_10_alpha_1.2_sigma_0.18_threshold_0.0 - INFO - clean_pred_purify: tensor([155, 112, 155, 112, 154, 152,  95, 113, 194, 178, 195, 195, 195, 195,
        195, 131], device='cuda:0')
2025-08-22 16:12:35,838 - ADV_Generation_eps_4.0_steps_100_image_only_attack_prm_Purification_type_noisy_anchor_anchors_10_alpha_1.2_sigma_0.18_threshold_0.0 - INFO - clean_correct_purify: 87
2025-08-22 16:12:35,838 - ADV_Generation_eps_4.0_steps_100_image_only_attack_prm_Purification_type_noisy_anchor_anchors_10_alpha_1.2_sigma_0.18_threshold_0.0 - INFO - adv_correct_purify_clean_correct: 68
2025-08-22 16:12:35,838 - ADV_Generation_eps_4.0_steps_100_image_only_attack_prm_Purification_type_noisy_anchor_anchors_10_alpha_1.2_sigma_0.18_threshold_0.0 - INFO - adv_correct_purify_clean_incorrect: 10
2025-08-22 16:12:35,838 - ADV_Generation_eps_4.0_steps_100_image_only_attack_prm_Purification_type_noisy_anchor_anchors_10_alpha_1.2_sigma_0.18_threshold_0.0 - INFO - clean_correct_purify_clean_correct: 79
2025-08-22 16:12:35,838 - ADV_Generation_eps_4.0_steps_100_image_only_attack_prm_Purification_type_noisy_anchor_anchors_10_alpha_1.2_sigma_0.18_threshold_0.0 - INFO - clean_correct_purify_clean_incorrect: 8
2025-08-22 16:12:35,839 - ADV_Generation_eps_4.0_steps_100_image_only_attack_prm_Purification_type_noisy_anchor_anchors_10_alpha_1.2_sigma_0.18_threshold_0.0 - INFO - Batch 61/63: Clean orig accuracy 0.2572 | Clean purify accuracy 0.0891 | Adv orig accuracy: 0.2152 | Adv purify accuracy: 0.0799 | Adv purify acc on clean correct: 0.2709 | Adv purify acc on clean incorrect: 0.0138 | Clean purify acc on clean correct: 0.3147 | Clean purify acc on clean incorrect: 0.0110
2025-08-22 16:13:24,234 - ADV_Generation_eps_4.0_steps_100_image_only_attack_prm_Purification_type_noisy_anchor_anchors_10_alpha_1.2_sigma_0.18_threshold_0.0 - INFO - Generated adversarial images for the entire batch.
2025-08-22 16:13:24,237 - ADV_Generation_eps_4.0_steps_100_image_only_attack_prm_Purification_type_noisy_anchor_anchors_10_alpha_1.2_sigma_0.18_threshold_0.0 - INFO - Batch:[61] Image: [0] Saved adversarial tensor to /leonardo_work/EUHPC_R04_192/fmohamma/Adversarial_Robust_Clip/atpt_data/delta_clip_l14_224/A/adv_images_eps_4.0_alpha_1.0_steps_100_image_only_attack_prm/n11879895_0.000142_flagpole _ flagpole_0.94802266.pt
2025-08-22 16:13:24,239 - ADV_Generation_eps_4.0_steps_100_image_only_attack_prm_Purification_type_noisy_anchor_anchors_10_alpha_1.2_sigma_0.18_threshold_0.0 - INFO - Batch:[61] Image: [1] Saved adversarial tensor to /leonardo_work/EUHPC_R04_192/fmohamma/Adversarial_Robust_Clip/atpt_data/delta_clip_l14_224/A/adv_images_eps_4.0_alpha_1.0_steps_100_image_only_attack_prm/n11879895_0.000163_water tower _ water tower_0.79037565.pt
2025-08-22 16:13:24,241 - ADV_Generation_eps_4.0_steps_100_image_only_attack_prm_Purification_type_noisy_anchor_anchors_10_alpha_1.2_sigma_0.18_threshold_0.0 - INFO - Batch:[61] Image: [2] Saved adversarial tensor to /leonardo_work/EUHPC_R04_192/fmohamma/Adversarial_Robust_Clip/atpt_data/delta_clip_l14_224/A/adv_images_eps_4.0_alpha_1.0_steps_100_image_only_attack_prm/n11879895_0.000285_ocarina _ syringe_0.62589204.pt
2025-08-22 16:13:24,242 - ADV_Generation_eps_4.0_steps_100_image_only_attack_prm_Purification_type_noisy_anchor_anchors_10_alpha_1.2_sigma_0.18_threshold_0.0 - INFO - Batch:[61] Image: [3] Saved adversarial tensor to /leonardo_work/EUHPC_R04_192/fmohamma/Adversarial_Robust_Clip/atpt_data/delta_clip_l14_224/A/adv_images_eps_4.0_alpha_1.0_steps_100_image_only_attack_prm/n11879895_0.000368_flagpole _ flagpole_0.94462806.pt
2025-08-22 16:13:24,244 - ADV_Generation_eps_4.0_steps_100_image_only_attack_prm_Purification_type_noisy_anchor_anchors_10_alpha_1.2_sigma_0.18_threshold_0.0 - INFO - Batch:[61] Image: [4] Saved adversarial tensor to /leonardo_work/EUHPC_R04_192/fmohamma/Adversarial_Robust_Clip/atpt_data/delta_clip_l14_224/A/adv_images_eps_4.0_alpha_1.0_steps_100_image_only_attack_prm/n12057211_0.000038_rapeseed _ rapeseed_0.99618524.pt
2025-08-22 16:13:24,245 - ADV_Generation_eps_4.0_steps_100_image_only_attack_prm_Purification_type_noisy_anchor_anchors_10_alpha_1.2_sigma_0.18_threshold_0.0 - INFO - Batch:[61] Image: [5] Saved adversarial tensor to /leonardo_work/EUHPC_R04_192/fmohamma/Adversarial_Robust_Clip/atpt_data/delta_clip_l14_224/A/adv_images_eps_4.0_alpha_1.0_steps_100_image_only_attack_prm/n12057211_0.000125_wheelbarrow _ wheelbarrow_0.9721057.pt
2025-08-22 16:13:24,247 - ADV_Generation_eps_4.0_steps_100_image_only_attack_prm_Purification_type_noisy_anchor_anchors_10_alpha_1.2_sigma_0.18_threshold_0.0 - INFO - Batch:[61] Image: [6] Saved adversarial tensor to /leonardo_work/EUHPC_R04_192/fmohamma/Adversarial_Robust_Clip/atpt_data/delta_clip_l14_224/A/adv_images_eps_4.0_alpha_1.0_steps_100_image_only_attack_prm/n12057211_0.000201_rapeseed _ rapeseed_0.9972691.pt
2025-08-22 16:13:24,248 - ADV_Generation_eps_4.0_steps_100_image_only_attack_prm_Purification_type_noisy_anchor_anchors_10_alpha_1.2_sigma_0.18_threshold_0.0 - INFO - Batch:[61] Image: [7] Saved adversarial tensor to /leonardo_work/EUHPC_R04_192/fmohamma/Adversarial_Robust_Clip/atpt_data/delta_clip_l14_224/A/adv_images_eps_4.0_alpha_1.0_steps_100_image_only_attack_prm/n12057211_0.000404_nail _ newt_0.31321314.pt
2025-08-22 16:13:24,250 - ADV_Generation_eps_4.0_steps_100_image_only_attack_prm_Purification_type_noisy_anchor_anchors_10_alpha_1.2_sigma_0.18_threshold_0.0 - INFO - Batch:[61] Image: [8] Saved adversarial tensor to /leonardo_work/EUHPC_R04_192/fmohamma/Adversarial_Robust_Clip/atpt_data/delta_clip_l14_224/A/adv_images_eps_4.0_alpha_1.0_steps_100_image_only_attack_prm/n12057211_0.005073_volcano _ volcano_0.79614764.pt
2025-08-22 16:13:24,251 - ADV_Generation_eps_4.0_steps_100_image_only_attack_prm_Purification_type_noisy_anchor_anchors_10_alpha_1.2_sigma_0.18_threshold_0.0 - INFO - Batch:[61] Image: [9] Saved adversarial tensor to /leonardo_work/EUHPC_R04_192/fmohamma/Adversarial_Robust_Clip/atpt_data/delta_clip_l14_224/A/adv_images_eps_4.0_alpha_1.0_steps_100_image_only_attack_prm/n12144580_0.000022_Persian cat _ Persian cat_0.7563743.pt
2025-08-22 16:13:24,253 - ADV_Generation_eps_4.0_steps_100_image_only_attack_prm_Purification_type_noisy_anchor_anchors_10_alpha_1.2_sigma_0.18_threshold_0.0 - INFO - Batch:[61] Image: [10] Saved adversarial tensor to /leonardo_work/EUHPC_R04_192/fmohamma/Adversarial_Robust_Clip/atpt_data/delta_clip_l14_224/A/adv_images_eps_4.0_alpha_1.0_steps_100_image_only_attack_prm/n12144580_0.000101_torch _ torch_0.8528058.pt
2025-08-22 16:13:24,255 - ADV_Generation_eps_4.0_steps_100_image_only_attack_prm_Purification_type_noisy_anchor_anchors_10_alpha_1.2_sigma_0.18_threshold_0.0 - INFO - Batch:[61] Image: [11] Saved adversarial tensor to /leonardo_work/EUHPC_R04_192/fmohamma/Adversarial_Robust_Clip/atpt_data/delta_clip_l14_224/A/adv_images_eps_4.0_alpha_1.0_steps_100_image_only_attack_prm/n12144580_0.000128_water tower _ water tower_0.32757735.pt
2025-08-22 16:13:24,257 - ADV_Generation_eps_4.0_steps_100_image_only_attack_prm_Purification_type_noisy_anchor_anchors_10_alpha_1.2_sigma_0.18_threshold_0.0 - INFO - Batch:[61] Image: [12] Saved adversarial tensor to /leonardo_work/EUHPC_R04_192/fmohamma/Adversarial_Robust_Clip/atpt_data/delta_clip_l14_224/A/adv_images_eps_4.0_alpha_1.0_steps_100_image_only_attack_prm/n12144580_0.000248_crayfish _ crayfish_0.67824453.pt
2025-08-22 16:13:24,259 - ADV_Generation_eps_4.0_steps_100_image_only_attack_prm_Purification_type_noisy_anchor_anchors_10_alpha_1.2_sigma_0.18_threshold_0.0 - INFO - Batch:[61] Image: [13] Saved adversarial tensor to /leonardo_work/EUHPC_R04_192/fmohamma/Adversarial_Robust_Clip/atpt_data/delta_clip_l14_224/A/adv_images_eps_4.0_alpha_1.0_steps_100_image_only_attack_prm/n12144580_0.000354_suspension bridge _ suspension bridge_0.4897497.pt
2025-08-22 16:13:24,260 - ADV_Generation_eps_4.0_steps_100_image_only_attack_prm_Purification_type_noisy_anchor_anchors_10_alpha_1.2_sigma_0.18_threshold_0.0 - INFO - Batch:[61] Image: [14] Saved adversarial tensor to /leonardo_work/EUHPC_R04_192/fmohamma/Adversarial_Robust_Clip/atpt_data/delta_clip_l14_224/A/adv_images_eps_4.0_alpha_1.0_steps_100_image_only_attack_prm/n12267677_0.000008_marimba _ acoustic guitar_0.48244318.pt
2025-08-22 16:13:24,263 - ADV_Generation_eps_4.0_steps_100_image_only_attack_prm_Purification_type_noisy_anchor_anchors_10_alpha_1.2_sigma_0.18_threshold_0.0 - INFO - Batch:[61] Image: [15] Saved adversarial tensor to /leonardo_work/EUHPC_R04_192/fmohamma/Adversarial_Robust_Clip/atpt_data/delta_clip_l14_224/A/adv_images_eps_4.0_alpha_1.0_steps_100_image_only_attack_prm/n12267677_0.000015_vulture _ vulture_0.53007436.pt
2025-08-22 16:13:26,012 - ADV_Generation_eps_4.0_steps_100_image_only_attack_prm_Purification_type_noisy_anchor_anchors_10_alpha_1.2_sigma_0.18_threshold_0.0 - INFO - ======================== Adversarial Image Evaluation ==========================
2025-08-22 16:13:26,012 - ADV_Generation_eps_4.0_steps_100_image_only_attack_prm_Purification_type_noisy_anchor_anchors_10_alpha_1.2_sigma_0.18_threshold_0.0 - INFO - target: tensor([196, 196, 196, 196, 197, 197, 197, 197, 197, 198, 198, 198, 198, 198,
        199, 199], device='cuda:0')
2025-08-22 16:13:26,013 - ADV_Generation_eps_4.0_steps_100_image_only_attack_prm_Purification_type_noisy_anchor_anchors_10_alpha_1.2_sigma_0.18_threshold_0.0 - INFO - adv_pred: tensor([196, 176,   7, 110, 196,  85, 196,  15, 194,  19, 169, 173, 196,  98,
        158,   4], device='cuda:0')
2025-08-22 16:13:26,013 - ADV_Generation_eps_4.0_steps_100_image_only_attack_prm_Purification_type_noisy_anchor_anchors_10_alpha_1.2_sigma_0.18_threshold_0.0 - INFO - adv_correct_orig: 211 = 210 + 1
2025-08-22 16:13:26,013 - ADV_Generation_eps_4.0_steps_100_image_only_attack_prm_Purification_type_noisy_anchor_anchors_10_alpha_1.2_sigma_0.18_threshold_0.0 - INFO - adv_pred_purify: tensor([110,  87,  31, 110, 197,  85, 196,  15, 194,  19, 169, 164, 196, 164,
        178,   5], device='cuda:0')
2025-08-22 16:13:26,014 - ADV_Generation_eps_4.0_steps_100_image_only_attack_prm_Purification_type_noisy_anchor_anchors_10_alpha_1.2_sigma_0.18_threshold_0.0 - INFO - adv_correct_purify: 79 = 78 + 1
2025-08-22 16:13:27,759 - ADV_Generation_eps_4.0_steps_100_image_only_attack_prm_Purification_type_noisy_anchor_anchors_10_alpha_1.2_sigma_0.18_threshold_0.0 - INFO - ======================== Clean Image Evaluation ==========================
2025-08-22 16:13:27,760 - ADV_Generation_eps_4.0_steps_100_image_only_attack_prm_Purification_type_noisy_anchor_anchors_10_alpha_1.2_sigma_0.18_threshold_0.0 - INFO - target: tensor([196, 196, 196, 196, 197, 197, 197, 197, 197, 198, 198, 198, 198, 198,
        199, 199], device='cuda:0')
2025-08-22 16:13:27,760 - ADV_Generation_eps_4.0_steps_100_image_only_attack_prm_Purification_type_noisy_anchor_anchors_10_alpha_1.2_sigma_0.18_threshold_0.0 - INFO - clean_pred: tensor([196, 176,   2, 110, 196,  85, 196,  15, 194,  19, 169, 173, 196,  98,
        158,   4], device='cuda:0')
2025-08-22 16:13:27,760 - ADV_Generation_eps_4.0_steps_100_image_only_attack_prm_Purification_type_noisy_anchor_anchors_10_alpha_1.2_sigma_0.18_threshold_0.0 - INFO - clean_correct_orig: 252
2025-08-22 16:13:27,761 - ADV_Generation_eps_4.0_steps_100_image_only_attack_prm_Purification_type_noisy_anchor_anchors_10_alpha_1.2_sigma_0.18_threshold_0.0 - INFO - clean_pred_purify: tensor([110,  87,  31, 110, 197,  85, 196,  15, 194,  19, 169, 173, 196, 164,
        178,   5], device='cuda:0')
2025-08-22 16:13:27,761 - ADV_Generation_eps_4.0_steps_100_image_only_attack_prm_Purification_type_noisy_anchor_anchors_10_alpha_1.2_sigma_0.18_threshold_0.0 - INFO - clean_correct_purify: 88
2025-08-22 16:13:27,761 - ADV_Generation_eps_4.0_steps_100_image_only_attack_prm_Purification_type_noisy_anchor_anchors_10_alpha_1.2_sigma_0.18_threshold_0.0 - INFO - adv_correct_purify_clean_correct: 68
2025-08-22 16:13:27,761 - ADV_Generation_eps_4.0_steps_100_image_only_attack_prm_Purification_type_noisy_anchor_anchors_10_alpha_1.2_sigma_0.18_threshold_0.0 - INFO - adv_correct_purify_clean_incorrect: 11
2025-08-22 16:13:27,761 - ADV_Generation_eps_4.0_steps_100_image_only_attack_prm_Purification_type_noisy_anchor_anchors_10_alpha_1.2_sigma_0.18_threshold_0.0 - INFO - clean_correct_purify_clean_correct: 79
2025-08-22 16:13:27,761 - ADV_Generation_eps_4.0_steps_100_image_only_attack_prm_Purification_type_noisy_anchor_anchors_10_alpha_1.2_sigma_0.18_threshold_0.0 - INFO - clean_correct_purify_clean_incorrect: 9
2025-08-22 16:13:27,762 - ADV_Generation_eps_4.0_steps_100_image_only_attack_prm_Purification_type_noisy_anchor_anchors_10_alpha_1.2_sigma_0.18_threshold_0.0 - INFO - Batch 62/63: Clean orig accuracy 0.2540 | Clean purify accuracy 0.0887 | Adv orig accuracy: 0.2127 | Adv purify accuracy: 0.0796 | Adv purify acc on clean correct: 0.2698 | Adv purify acc on clean incorrect: 0.0149 | Clean purify acc on clean correct: 0.3135 | Clean purify acc on clean incorrect: 0.0122
2025-08-22 16:13:43,307 - ADV_Generation_eps_4.0_steps_100_image_only_attack_prm_Purification_type_noisy_anchor_anchors_10_alpha_1.2_sigma_0.18_threshold_0.0 - INFO - Generated adversarial images for the entire batch.
2025-08-22 16:13:43,310 - ADV_Generation_eps_4.0_steps_100_image_only_attack_prm_Purification_type_noisy_anchor_anchors_10_alpha_1.2_sigma_0.18_threshold_0.0 - INFO - Batch:[62] Image: [0] Saved adversarial tensor to /leonardo_work/EUHPC_R04_192/fmohamma/Adversarial_Robust_Clip/atpt_data/delta_clip_l14_224/A/adv_images_eps_4.0_alpha_1.0_steps_100_image_only_attack_prm/n12267677_0.000020_spider web _ spider web_0.9991015.pt
2025-08-22 16:13:43,312 - ADV_Generation_eps_4.0_steps_100_image_only_attack_prm_Purification_type_noisy_anchor_anchors_10_alpha_1.2_sigma_0.18_threshold_0.0 - INFO - Batch:[62] Image: [1] Saved adversarial tensor to /leonardo_work/EUHPC_R04_192/fmohamma/Adversarial_Robust_Clip/atpt_data/delta_clip_l14_224/A/adv_images_eps_4.0_alpha_1.0_steps_100_image_only_attack_prm/n12267677_0.000045_cottontail rabbit _ cottontail rabbit_0.631007.pt
2025-08-22 16:13:43,313 - ADV_Generation_eps_4.0_steps_100_image_only_attack_prm_Purification_type_noisy_anchor_anchors_10_alpha_1.2_sigma_0.18_threshold_0.0 - INFO - Batch:[62] Image: [2] Saved adversarial tensor to /leonardo_work/EUHPC_R04_192/fmohamma/Adversarial_Robust_Clip/atpt_data/delta_clip_l14_224/A/adv_images_eps_4.0_alpha_1.0_steps_100_image_only_attack_prm/n12267677_0.000069_spatula _ spatula_0.56029373.pt
2025-08-22 16:13:43,847 - ADV_Generation_eps_4.0_steps_100_image_only_attack_prm_Purification_type_noisy_anchor_anchors_10_alpha_1.2_sigma_0.18_threshold_0.0 - INFO - ======================== Adversarial Image Evaluation ==========================
2025-08-22 16:13:43,847 - ADV_Generation_eps_4.0_steps_100_image_only_attack_prm_Purification_type_noisy_anchor_anchors_10_alpha_1.2_sigma_0.18_threshold_0.0 - INFO - target: tensor([199, 199, 199], device='cuda:0')
2025-08-22 16:13:43,847 - ADV_Generation_eps_4.0_steps_100_image_only_attack_prm_Purification_type_noisy_anchor_anchors_10_alpha_1.2_sigma_0.18_threshold_0.0 - INFO - adv_pred: tensor([158,  44, 157], device='cuda:0')
2025-08-22 16:13:43,847 - ADV_Generation_eps_4.0_steps_100_image_only_attack_prm_Purification_type_noisy_anchor_anchors_10_alpha_1.2_sigma_0.18_threshold_0.0 - INFO - adv_correct_orig: 211 = 211 + 0
2025-08-22 16:13:43,848 - ADV_Generation_eps_4.0_steps_100_image_only_attack_prm_Purification_type_noisy_anchor_anchors_10_alpha_1.2_sigma_0.18_threshold_0.0 - INFO - adv_pred_purify: tensor([158,  44, 180], device='cuda:0')
2025-08-22 16:13:43,848 - ADV_Generation_eps_4.0_steps_100_image_only_attack_prm_Purification_type_noisy_anchor_anchors_10_alpha_1.2_sigma_0.18_threshold_0.0 - INFO - adv_correct_purify: 79 = 79 + 0
2025-08-22 16:13:44,330 - ADV_Generation_eps_4.0_steps_100_image_only_attack_prm_Purification_type_noisy_anchor_anchors_10_alpha_1.2_sigma_0.18_threshold_0.0 - INFO - ======================== Clean Image Evaluation ==========================
2025-08-22 16:13:44,330 - ADV_Generation_eps_4.0_steps_100_image_only_attack_prm_Purification_type_noisy_anchor_anchors_10_alpha_1.2_sigma_0.18_threshold_0.0 - INFO - target: tensor([199, 199, 199], device='cuda:0')
2025-08-22 16:13:44,330 - ADV_Generation_eps_4.0_steps_100_image_only_attack_prm_Purification_type_noisy_anchor_anchors_10_alpha_1.2_sigma_0.18_threshold_0.0 - INFO - clean_pred: tensor([158,  44, 157], device='cuda:0')
2025-08-22 16:13:44,330 - ADV_Generation_eps_4.0_steps_100_image_only_attack_prm_Purification_type_noisy_anchor_anchors_10_alpha_1.2_sigma_0.18_threshold_0.0 - INFO - clean_correct_orig: 252
2025-08-22 16:13:44,330 - ADV_Generation_eps_4.0_steps_100_image_only_attack_prm_Purification_type_noisy_anchor_anchors_10_alpha_1.2_sigma_0.18_threshold_0.0 - INFO - clean_pred_purify: tensor([158,  44, 157], device='cuda:0')
2025-08-22 16:13:44,330 - ADV_Generation_eps_4.0_steps_100_image_only_attack_prm_Purification_type_noisy_anchor_anchors_10_alpha_1.2_sigma_0.18_threshold_0.0 - INFO - clean_correct_purify: 88
2025-08-22 16:13:44,331 - ADV_Generation_eps_4.0_steps_100_image_only_attack_prm_Purification_type_noisy_anchor_anchors_10_alpha_1.2_sigma_0.18_threshold_0.0 - INFO - adv_correct_purify_clean_correct: 68
2025-08-22 16:13:44,331 - ADV_Generation_eps_4.0_steps_100_image_only_attack_prm_Purification_type_noisy_anchor_anchors_10_alpha_1.2_sigma_0.18_threshold_0.0 - INFO - adv_correct_purify_clean_incorrect: 11
2025-08-22 16:13:44,331 - ADV_Generation_eps_4.0_steps_100_image_only_attack_prm_Purification_type_noisy_anchor_anchors_10_alpha_1.2_sigma_0.18_threshold_0.0 - INFO - clean_correct_purify_clean_correct: 79
2025-08-22 16:13:44,331 - ADV_Generation_eps_4.0_steps_100_image_only_attack_prm_Purification_type_noisy_anchor_anchors_10_alpha_1.2_sigma_0.18_threshold_0.0 - INFO - clean_correct_purify_clean_incorrect: 9
2025-08-22 16:13:44,331 - ADV_Generation_eps_4.0_steps_100_image_only_attack_prm_Purification_type_noisy_anchor_anchors_10_alpha_1.2_sigma_0.18_threshold_0.0 - INFO - Batch 63/63: Clean orig accuracy 0.2533 | Clean purify accuracy 0.0884 | Adv orig accuracy: 0.2121 | Adv purify accuracy: 0.0794 | Adv purify acc on clean correct: 0.2698 | Adv purify acc on clean incorrect: 0.0148 | Clean purify acc on clean correct: 0.3135 | Clean purify acc on clean incorrect: 0.0121
2025-08-22 16:13:44,395 - ADV_Generation_eps_4.0_steps_100_image_only_attack_prm_Purification_type_noisy_anchor_anchors_10_alpha_1.2_sigma_0.18_threshold_0.0 - INFO - Final Clean orig accuracy: 0.2533 | Clean purify accuracy: 0.0884
2025-08-22 16:13:44,395 - ADV_Generation_eps_4.0_steps_100_image_only_attack_prm_Purification_type_noisy_anchor_anchors_10_alpha_1.2_sigma_0.18_threshold_0.0 - INFO - Final Adv orig accuracy: 0.2121 | Adv purify accuracy: 0.0794
2025-08-22 16:13:44,395 - ADV_Generation_eps_4.0_steps_100_image_only_attack_prm_Purification_type_noisy_anchor_anchors_10_alpha_1.2_sigma_0.18_threshold_0.0 - INFO - Diff_ratio_clean: 0.5272 | Diff_ratio_adv: 0.5142
2025-08-22 16:13:44,395 - ADV_Generation_eps_4.0_steps_100_image_only_attack_prm_Purification_type_noisy_anchor_anchors_10_alpha_1.2_sigma_0.18_threshold_0.0 - INFO - Adv purify accuracy on clean correct samples: 0.2698 (68/252)
2025-08-22 16:13:44,395 - ADV_Generation_eps_4.0_steps_100_image_only_attack_prm_Purification_type_noisy_anchor_anchors_10_alpha_1.2_sigma_0.18_threshold_0.0 - INFO - Net Adv purify accuracy (assuming incorrect samples are not attacked): 0.0684 (68+9/995)
2025-08-22 16:13:44,395 - ADV_Generation_eps_4.0_steps_100_image_only_attack_prm_Purification_type_noisy_anchor_anchors_10_alpha_1.2_sigma_0.18_threshold_0.0 - INFO - Adv purify accuracy on clean incorrect samples: 0.0148 (11/743)
2025-08-22 16:13:44,395 - ADV_Generation_eps_4.0_steps_100_image_only_attack_prm_Purification_type_noisy_anchor_anchors_10_alpha_1.2_sigma_0.18_threshold_0.0 - INFO - Clean purify accuracy on clean correct samples: 0.3135 (79/252)
2025-08-22 16:13:44,395 - ADV_Generation_eps_4.0_steps_100_image_only_attack_prm_Purification_type_noisy_anchor_anchors_10_alpha_1.2_sigma_0.18_threshold_0.0 - INFO - Clean purify accuracy on clean incorrect samples: 0.0121 (9/743)
2025-08-22 16:13:44,396 - ADV_Generation_eps_4.0_steps_100_image_only_attack_prm_Purification_type_noisy_anchor_anchors_10_alpha_1.2_sigma_0.18_threshold_0.0 - INFO - Adversarial image generation completed. Results
