2026-02-07 14:52:39,459 - ADV_Generation_eps_0.0_steps_0_Added_Noise_uniform_Eps_48.0_Tau_Type_normal_anchors - INFO - ==========================================
data:/leonardo_work/EUHPC_R04_192/fmohamma/Adversarial_Robust_Clip/atpt_data/downstream_datasets
test_sets:Caltech101
dataset_mode:test
arch:vit_l_14_datacomp_1b
resolution:224
transferability:False
source_model:fare4
workers:4
no_pin_memory:False
batch_size:1
adv_bs:1
print_freq:20
gpu:0
no_cudnn_benchmark:False
n_ctx:4
ctx_init:a_photo_of_a
seed:0
output_dir:/leonardo_work/EUHPC_R04_192/fmohamma/Adversarial_Robust_Clip/atpt_data/vit_l_14_datacomp_1b/Caltech101
log_output_dir:/leonardo_work/EUHPC_R04_192/fmohamma/Adversarial_Robust_Clip/ATPT/Diffratio_Adv_gen_Results_v2/vit_l_14_datacomp_1b/Caltech101/ADV_Generation_eps_0.0_steps_0_Added_Noise_uniform_Eps_48.0_Tau_Type_normal_anchors
image_only_attack:False
image_only_attack_type:prm
image_predicted_label_attack:False
eps:0.0
alpha:0.0
alpha_eps_ratio:4.0
steps:0
counter_attack:True
counter_attack_type:pgd
counter_attack_steps:0
counter_attack_eps:48.0
counter_attack_alpha:1.0
counter_attack_tau_thres:0.2
counter_attack_beta:2.0
counter_attack_weighted_perturbations:True
counter_attack_init_noise:uniform
counter_attack_gaussian_sigma:0.03
counter_attack_noisy_tau_num_anchors:10
counter_attack_tau:normal_anchors
pgd_clip_pure_i_text_embeddings:null
pgd_counter_and_clipure_i_lamda:1.0
image_feature_purify:False
image_feature_purify_type:noisy_anchor
image_feature_purify_noisy_anchors:10
image_feature_purify_anchors_alpha:1.2
image_feature_purify_noisy_sigma:0.18
image_feature_purify_diff_threshold:0.0
image_feature_clipure_steps:10
image_feature_clipure_step_size:10.0
save_plots:False
lr:0.005
selection_p:0.1
tta_steps:1
top_k:20
softmax_temp:0.01
load_tecoa:

2026-02-07 14:52:39,460 - ADV_Generation_eps_0.0_steps_0_Added_Noise_uniform_Eps_48.0_Tau_Type_normal_anchors - INFO - Use GPU: 0 for training
2026-02-07 14:53:26,895 - ADV_Generation_eps_0.0_steps_0_Added_Noise_uniform_Eps_48.0_Tau_Type_normal_anchors - INFO - => Model created: visual backbone vit_l_14_datacomp_1b
2026-02-07 14:53:26,916 - ADV_Generation_eps_0.0_steps_0_Added_Noise_uniform_Eps_48.0_Tau_Type_normal_anchors - INFO - Number of test samples: 2465
2026-02-07 14:53:26,917 - ADV_Generation_eps_0.0_steps_0_Added_Noise_uniform_Eps_48.0_Tau_Type_normal_anchors - INFO - Evaluating dataset: Caltech101
2026-02-07 14:53:26,918 - ADV_Generation_eps_0.0_steps_0_Added_Noise_uniform_Eps_48.0_Tau_Type_normal_anchors - INFO - Starting evaluation with batch size: 1, selection percentage: 0.1
2026-02-07 14:53:26,918 - ADV_Generation_eps_0.0_steps_0_Added_Noise_uniform_Eps_48.0_Tau_Type_normal_anchors - INFO - Using PGD attack with epsilon: 0.000000, alpha: 0.000000, steps: 0 image only attack False image only attack type  prm image predicted label attack False
2026-02-07 14:53:26,918 - ADV_Generation_eps_0.0_steps_0_Added_Noise_uniform_Eps_48.0_Tau_Type_normal_anchors - INFO - Using counter-attack with epsilon: 48.000000, alpha: 1.000000, steps: 0
2026-02-07 14:53:26,918 - ADV_Generation_eps_0.0_steps_0_Added_Noise_uniform_Eps_48.0_Tau_Type_normal_anchors - INFO - Adversarial examples will be loaded from /leonardo_work/EUHPC_R04_192/fmohamma/Adversarial_Robust_Clip/atpt_data/vit_l_14_datacomp_1b/Caltech101/adv_images_eps_0.0_alpha_0.0_steps_0 and evaluated on vit_l_14_datacomp_1b
2026-02-07 14:53:26,920 - ADV_Generation_eps_0.0_steps_0_Added_Noise_uniform_Eps_48.0_Tau_Type_normal_anchors - INFO - Using directory for adversarial images: /leonardo_work/EUHPC_R04_192/fmohamma/Adversarial_Robust_Clip/atpt_data/vit_l_14_datacomp_1b/Caltech101/adv_images_eps_0.0_alpha_0.0_steps_0
2026-02-07 14:53:27,735 - ADV_Generation_eps_0.0_steps_0_Added_Noise_uniform_Eps_48.0_Tau_Type_normal_anchors - INFO - Batch 1/2465: Clean accuracy 1.0000 | Adv accuracy: 1.0000 | Counter-attack accuracy: 1.0000
2026-02-07 14:53:28,046 - ADV_Generation_eps_0.0_steps_0_Added_Noise_uniform_Eps_48.0_Tau_Type_normal_anchors - INFO - Batch 2/2465: Clean accuracy 1.0000 | Adv accuracy: 1.0000 | Counter-attack accuracy: 1.0000
2026-02-07 14:53:28,355 - ADV_Generation_eps_0.0_steps_0_Added_Noise_uniform_Eps_48.0_Tau_Type_normal_anchors - INFO - Batch 3/2465: Clean accuracy 1.0000 | Adv accuracy: 1.0000 | Counter-attack accuracy: 1.0000
2026-02-07 14:53:28,664 - ADV_Generation_eps_0.0_steps_0_Added_Noise_uniform_Eps_48.0_Tau_Type_normal_anchors - INFO - Batch 4/2465: Clean accuracy 1.0000 | Adv accuracy: 1.0000 | Counter-attack accuracy: 1.0000
2026-02-07 14:53:28,973 - ADV_Generation_eps_0.0_steps_0_Added_Noise_uniform_Eps_48.0_Tau_Type_normal_anchors - INFO - Batch 5/2465: Clean accuracy 1.0000 | Adv accuracy: 1.0000 | Counter-attack accuracy: 1.0000
2026-02-07 14:53:29,283 - ADV_Generation_eps_0.0_steps_0_Added_Noise_uniform_Eps_48.0_Tau_Type_normal_anchors - INFO - Batch 6/2465: Clean accuracy 1.0000 | Adv accuracy: 1.0000 | Counter-attack accuracy: 1.0000
2026-02-07 14:53:29,592 - ADV_Generation_eps_0.0_steps_0_Added_Noise_uniform_Eps_48.0_Tau_Type_normal_anchors - INFO - Batch 7/2465: Clean accuracy 1.0000 | Adv accuracy: 1.0000 | Counter-attack accuracy: 1.0000
2026-02-07 14:53:29,901 - ADV_Generation_eps_0.0_steps_0_Added_Noise_uniform_Eps_48.0_Tau_Type_normal_anchors - INFO - Batch 8/2465: Clean accuracy 1.0000 | Adv accuracy: 1.0000 | Counter-attack accuracy: 1.0000
2026-02-07 14:53:30,211 - ADV_Generation_eps_0.0_steps_0_Added_Noise_uniform_Eps_48.0_Tau_Type_normal_anchors - INFO - Batch 9/2465: Clean accuracy 1.0000 | Adv accuracy: 1.0000 | Counter-attack accuracy: 1.0000
2026-02-07 14:53:30,520 - ADV_Generation_eps_0.0_steps_0_Added_Noise_uniform_Eps_48.0_Tau_Type_normal_anchors - INFO - Batch 10/2465: Clean accuracy 1.0000 | Adv accuracy: 1.0000 | Counter-attack accuracy: 1.0000
2026-02-07 14:53:30,829 - ADV_Generation_eps_0.0_steps_0_Added_Noise_uniform_Eps_48.0_Tau_Type_normal_anchors - INFO - Batch 11/2465: Clean accuracy 1.0000 | Adv accuracy: 1.0000 | Counter-attack accuracy: 1.0000
2026-02-07 14:53:31,138 - ADV_Generation_eps_0.0_steps_0_Added_Noise_uniform_Eps_48.0_Tau_Type_normal_anchors - INFO - Batch 12/2465: Clean accuracy 1.0000 | Adv accuracy: 1.0000 | Counter-attack accuracy: 1.0000
2026-02-07 14:53:31,448 - ADV_Generation_eps_0.0_steps_0_Added_Noise_uniform_Eps_48.0_Tau_Type_normal_anchors - INFO - Batch 13/2465: Clean accuracy 1.0000 | Adv accuracy: 1.0000 | Counter-attack accuracy: 1.0000
2026-02-07 14:53:31,757 - ADV_Generation_eps_0.0_steps_0_Added_Noise_uniform_Eps_48.0_Tau_Type_normal_anchors - INFO - Batch 14/2465: Clean accuracy 1.0000 | Adv accuracy: 1.0000 | Counter-attack accuracy: 1.0000
2026-02-07 14:53:32,066 - ADV_Generation_eps_0.0_steps_0_Added_Noise_uniform_Eps_48.0_Tau_Type_normal_anchors - INFO - Batch 15/2465: Clean accuracy 1.0000 | Adv accuracy: 1.0000 | Counter-attack accuracy: 1.0000
2026-02-07 14:53:32,375 - ADV_Generation_eps_0.0_steps_0_Added_Noise_uniform_Eps_48.0_Tau_Type_normal_anchors - INFO - Batch 16/2465: Clean accuracy 1.0000 | Adv accuracy: 1.0000 | Counter-attack accuracy: 1.0000
2026-02-07 14:53:32,684 - ADV_Generation_eps_0.0_steps_0_Added_Noise_uniform_Eps_48.0_Tau_Type_normal_anchors - INFO - Batch 17/2465: Clean accuracy 1.0000 | Adv accuracy: 1.0000 | Counter-attack accuracy: 1.0000
2026-02-07 14:53:32,994 - ADV_Generation_eps_0.0_steps_0_Added_Noise_uniform_Eps_48.0_Tau_Type_normal_anchors - INFO - Batch 18/2465: Clean accuracy 1.0000 | Adv accuracy: 1.0000 | Counter-attack accuracy: 1.0000
2026-02-07 14:53:33,303 - ADV_Generation_eps_0.0_steps_0_Added_Noise_uniform_Eps_48.0_Tau_Type_normal_anchors - INFO - Batch 19/2465: Clean accuracy 1.0000 | Adv accuracy: 1.0000 | Counter-attack accuracy: 1.0000
2026-02-07 14:53:33,669 - ADV_Generation_eps_0.0_steps_0_Added_Noise_uniform_Eps_48.0_Tau_Type_normal_anchors - INFO - Batch 20/2465: Clean accuracy 1.0000 | Adv accuracy: 1.0000 | Counter-attack accuracy: 1.0000
2026-02-07 14:53:33,979 - ADV_Generation_eps_0.0_steps_0_Added_Noise_uniform_Eps_48.0_Tau_Type_normal_anchors - INFO - Batch 21/2465: Clean accuracy 1.0000 | Adv accuracy: 1.0000 | Counter-attack accuracy: 1.0000
2026-02-07 14:53:34,288 - ADV_Generation_eps_0.0_steps_0_Added_Noise_uniform_Eps_48.0_Tau_Type_normal_anchors - INFO - Batch 22/2465: Clean accuracy 1.0000 | Adv accuracy: 1.0000 | Counter-attack accuracy: 1.0000
2026-02-07 14:53:34,597 - ADV_Generation_eps_0.0_steps_0_Added_Noise_uniform_Eps_48.0_Tau_Type_normal_anchors - INFO - Batch 23/2465: Clean accuracy 1.0000 | Adv accuracy: 1.0000 | Counter-attack accuracy: 1.0000
2026-02-07 14:53:34,906 - ADV_Generation_eps_0.0_steps_0_Added_Noise_uniform_Eps_48.0_Tau_Type_normal_anchors - INFO - Batch 24/2465: Clean accuracy 1.0000 | Adv accuracy: 1.0000 | Counter-attack accuracy: 1.0000
2026-02-07 14:53:35,216 - ADV_Generation_eps_0.0_steps_0_Added_Noise_uniform_Eps_48.0_Tau_Type_normal_anchors - INFO - Batch 25/2465: Clean accuracy 1.0000 | Adv accuracy: 1.0000 | Counter-attack accuracy: 1.0000
2026-02-07 14:53:35,525 - ADV_Generation_eps_0.0_steps_0_Added_Noise_uniform_Eps_48.0_Tau_Type_normal_anchors - INFO - Batch 26/2465: Clean accuracy 1.0000 | Adv accuracy: 1.0000 | Counter-attack accuracy: 1.0000
2026-02-07 14:53:35,834 - ADV_Generation_eps_0.0_steps_0_Added_Noise_uniform_Eps_48.0_Tau_Type_normal_anchors - INFO - Batch 27/2465: Clean accuracy 1.0000 | Adv accuracy: 1.0000 | Counter-attack accuracy: 1.0000
2026-02-07 14:53:36,143 - ADV_Generation_eps_0.0_steps_0_Added_Noise_uniform_Eps_48.0_Tau_Type_normal_anchors - INFO - Batch 28/2465: Clean accuracy 1.0000 | Adv accuracy: 1.0000 | Counter-attack accuracy: 1.0000
2026-02-07 14:53:36,453 - ADV_Generation_eps_0.0_steps_0_Added_Noise_uniform_Eps_48.0_Tau_Type_normal_anchors - INFO - Batch 29/2465: Clean accuracy 1.0000 | Adv accuracy: 1.0000 | Counter-attack accuracy: 1.0000
2026-02-07 14:53:36,762 - ADV_Generation_eps_0.0_steps_0_Added_Noise_uniform_Eps_48.0_Tau_Type_normal_anchors - INFO - Batch 30/2465: Clean accuracy 1.0000 | Adv accuracy: 1.0000 | Counter-attack accuracy: 1.0000
2026-02-07 14:53:37,071 - ADV_Generation_eps_0.0_steps_0_Added_Noise_uniform_Eps_48.0_Tau_Type_normal_anchors - INFO - Batch 31/2465: Clean accuracy 1.0000 | Adv accuracy: 1.0000 | Counter-attack accuracy: 1.0000
2026-02-07 14:53:37,384 - ADV_Generation_eps_0.0_steps_0_Added_Noise_uniform_Eps_48.0_Tau_Type_normal_anchors - INFO - Batch 32/2465: Clean accuracy 1.0000 | Adv accuracy: 1.0000 | Counter-attack accuracy: 1.0000
2026-02-07 14:53:37,693 - ADV_Generation_eps_0.0_steps_0_Added_Noise_uniform_Eps_48.0_Tau_Type_normal_anchors - INFO - Batch 33/2465: Clean accuracy 1.0000 | Adv accuracy: 1.0000 | Counter-attack accuracy: 1.0000
2026-02-07 14:53:38,002 - ADV_Generation_eps_0.0_steps_0_Added_Noise_uniform_Eps_48.0_Tau_Type_normal_anchors - INFO - Batch 34/2465: Clean accuracy 1.0000 | Adv accuracy: 1.0000 | Counter-attack accuracy: 1.0000
2026-02-07 14:53:38,311 - ADV_Generation_eps_0.0_steps_0_Added_Noise_uniform_Eps_48.0_Tau_Type_normal_anchors - INFO - Batch 35/2465: Clean accuracy 1.0000 | Adv accuracy: 1.0000 | Counter-attack accuracy: 1.0000
2026-02-07 14:53:38,621 - ADV_Generation_eps_0.0_steps_0_Added_Noise_uniform_Eps_48.0_Tau_Type_normal_anchors - INFO - Batch 36/2465: Clean accuracy 1.0000 | Adv accuracy: 1.0000 | Counter-attack accuracy: 1.0000
2026-02-07 14:53:38,930 - ADV_Generation_eps_0.0_steps_0_Added_Noise_uniform_Eps_48.0_Tau_Type_normal_anchors - INFO - Batch 37/2465: Clean accuracy 1.0000 | Adv accuracy: 1.0000 | Counter-attack accuracy: 1.0000
2026-02-07 14:53:39,239 - ADV_Generation_eps_0.0_steps_0_Added_Noise_uniform_Eps_48.0_Tau_Type_normal_anchors - INFO - Batch 38/2465: Clean accuracy 1.0000 | Adv accuracy: 1.0000 | Counter-attack accuracy: 1.0000
2026-02-07 14:53:39,548 - ADV_Generation_eps_0.0_steps_0_Added_Noise_uniform_Eps_48.0_Tau_Type_normal_anchors - INFO - Batch 39/2465: Clean accuracy 1.0000 | Adv accuracy: 1.0000 | Counter-attack accuracy: 1.0000
2026-02-07 14:53:39,857 - ADV_Generation_eps_0.0_steps_0_Added_Noise_uniform_Eps_48.0_Tau_Type_normal_anchors - INFO - Batch 40/2465: Clean accuracy 1.0000 | Adv accuracy: 1.0000 | Counter-attack accuracy: 1.0000
2026-02-07 14:53:40,167 - ADV_Generation_eps_0.0_steps_0_Added_Noise_uniform_Eps_48.0_Tau_Type_normal_anchors - INFO - Batch 41/2465: Clean accuracy 1.0000 | Adv accuracy: 1.0000 | Counter-attack accuracy: 1.0000
2026-02-07 14:53:40,476 - ADV_Generation_eps_0.0_steps_0_Added_Noise_uniform_Eps_48.0_Tau_Type_normal_anchors - INFO - Batch 42/2465: Clean accuracy 1.0000 | Adv accuracy: 1.0000 | Counter-attack accuracy: 1.0000
2026-02-07 14:53:40,785 - ADV_Generation_eps_0.0_steps_0_Added_Noise_uniform_Eps_48.0_Tau_Type_normal_anchors - INFO - Batch 43/2465: Clean accuracy 1.0000 | Adv accuracy: 1.0000 | Counter-attack accuracy: 1.0000
2026-02-07 14:53:41,094 - ADV_Generation_eps_0.0_steps_0_Added_Noise_uniform_Eps_48.0_Tau_Type_normal_anchors - INFO - Batch 44/2465: Clean accuracy 1.0000 | Adv accuracy: 1.0000 | Counter-attack accuracy: 1.0000
2026-02-07 14:53:41,403 - ADV_Generation_eps_0.0_steps_0_Added_Noise_uniform_Eps_48.0_Tau_Type_normal_anchors - INFO - Batch 45/2465: Clean accuracy 1.0000 | Adv accuracy: 1.0000 | Counter-attack accuracy: 1.0000
2026-02-07 14:53:41,713 - ADV_Generation_eps_0.0_steps_0_Added_Noise_uniform_Eps_48.0_Tau_Type_normal_anchors - INFO - Batch 46/2465: Clean accuracy 1.0000 | Adv accuracy: 1.0000 | Counter-attack accuracy: 1.0000
2026-02-07 14:53:42,022 - ADV_Generation_eps_0.0_steps_0_Added_Noise_uniform_Eps_48.0_Tau_Type_normal_anchors - INFO - Batch 47/2465: Clean accuracy 1.0000 | Adv accuracy: 1.0000 | Counter-attack accuracy: 1.0000
2026-02-07 14:53:42,331 - ADV_Generation_eps_0.0_steps_0_Added_Noise_uniform_Eps_48.0_Tau_Type_normal_anchors - INFO - Batch 48/2465: Clean accuracy 1.0000 | Adv accuracy: 1.0000 | Counter-attack accuracy: 1.0000
2026-02-07 14:53:42,640 - ADV_Generation_eps_0.0_steps_0_Added_Noise_uniform_Eps_48.0_Tau_Type_normal_anchors - INFO - Batch 49/2465: Clean accuracy 1.0000 | Adv accuracy: 1.0000 | Counter-attack accuracy: 1.0000
2026-02-07 14:53:42,958 - ADV_Generation_eps_0.0_steps_0_Added_Noise_uniform_Eps_48.0_Tau_Type_normal_anchors - INFO - Batch 50/2465: Clean accuracy 1.0000 | Adv accuracy: 1.0000 | Counter-attack accuracy: 1.0000
2026-02-07 14:53:43,267 - ADV_Generation_eps_0.0_steps_0_Added_Noise_uniform_Eps_48.0_Tau_Type_normal_anchors - INFO - Batch 51/2465: Clean accuracy 1.0000 | Adv accuracy: 1.0000 | Counter-attack accuracy: 1.0000
2026-02-07 14:53:43,576 - ADV_Generation_eps_0.0_steps_0_Added_Noise_uniform_Eps_48.0_Tau_Type_normal_anchors - INFO - Batch 52/2465: Clean accuracy 1.0000 | Adv accuracy: 1.0000 | Counter-attack accuracy: 1.0000
2026-02-07 14:53:43,886 - ADV_Generation_eps_0.0_steps_0_Added_Noise_uniform_Eps_48.0_Tau_Type_normal_anchors - INFO - Batch 53/2465: Clean accuracy 1.0000 | Adv accuracy: 1.0000 | Counter-attack accuracy: 1.0000
2026-02-07 14:53:44,195 - ADV_Generation_eps_0.0_steps_0_Added_Noise_uniform_Eps_48.0_Tau_Type_normal_anchors - INFO - Batch 54/2465: Clean accuracy 1.0000 | Adv accuracy: 1.0000 | Counter-attack accuracy: 1.0000
2026-02-07 14:53:44,504 - ADV_Generation_eps_0.0_steps_0_Added_Noise_uniform_Eps_48.0_Tau_Type_normal_anchors - INFO - Batch 55/2465: Clean accuracy 1.0000 | Adv accuracy: 1.0000 | Counter-attack accuracy: 1.0000
2026-02-07 14:53:44,813 - ADV_Generation_eps_0.0_steps_0_Added_Noise_uniform_Eps_48.0_Tau_Type_normal_anchors - INFO - Batch 56/2465: Clean accuracy 1.0000 | Adv accuracy: 1.0000 | Counter-attack accuracy: 1.0000
2026-02-07 14:53:45,123 - ADV_Generation_eps_0.0_steps_0_Added_Noise_uniform_Eps_48.0_Tau_Type_normal_anchors - INFO - Batch 57/2465: Clean accuracy 1.0000 | Adv accuracy: 1.0000 | Counter-attack accuracy: 1.0000
2026-02-07 14:53:45,432 - ADV_Generation_eps_0.0_steps_0_Added_Noise_uniform_Eps_48.0_Tau_Type_normal_anchors - INFO - Batch 58/2465: Clean accuracy 1.0000 | Adv accuracy: 1.0000 | Counter-attack accuracy: 1.0000
2026-02-07 14:53:45,741 - ADV_Generation_eps_0.0_steps_0_Added_Noise_uniform_Eps_48.0_Tau_Type_normal_anchors - INFO - Batch 59/2465: Clean accuracy 1.0000 | Adv accuracy: 1.0000 | Counter-attack accuracy: 1.0000
2026-02-07 14:53:46,050 - ADV_Generation_eps_0.0_steps_0_Added_Noise_uniform_Eps_48.0_Tau_Type_normal_anchors - INFO - Batch 60/2465: Clean accuracy 1.0000 | Adv accuracy: 1.0000 | Counter-attack accuracy: 1.0000
2026-02-07 14:53:46,360 - ADV_Generation_eps_0.0_steps_0_Added_Noise_uniform_Eps_48.0_Tau_Type_normal_anchors - INFO - Batch 61/2465: Clean accuracy 1.0000 | Adv accuracy: 1.0000 | Counter-attack accuracy: 1.0000
2026-02-07 14:53:46,669 - ADV_Generation_eps_0.0_steps_0_Added_Noise_uniform_Eps_48.0_Tau_Type_normal_anchors - INFO - Batch 62/2465: Clean accuracy 1.0000 | Adv accuracy: 1.0000 | Counter-attack accuracy: 1.0000
2026-02-07 14:53:46,978 - ADV_Generation_eps_0.0_steps_0_Added_Noise_uniform_Eps_48.0_Tau_Type_normal_anchors - INFO - Batch 63/2465: Clean accuracy 1.0000 | Adv accuracy: 1.0000 | Counter-attack accuracy: 1.0000
2026-02-07 14:53:47,287 - ADV_Generation_eps_0.0_steps_0_Added_Noise_uniform_Eps_48.0_Tau_Type_normal_anchors - INFO - Batch 64/2465: Clean accuracy 1.0000 | Adv accuracy: 1.0000 | Counter-attack accuracy: 1.0000
2026-02-07 14:53:47,596 - ADV_Generation_eps_0.0_steps_0_Added_Noise_uniform_Eps_48.0_Tau_Type_normal_anchors - INFO - Batch 65/2465: Clean accuracy 1.0000 | Adv accuracy: 1.0000 | Counter-attack accuracy: 1.0000
2026-02-07 14:53:47,906 - ADV_Generation_eps_0.0_steps_0_Added_Noise_uniform_Eps_48.0_Tau_Type_normal_anchors - INFO - Batch 66/2465: Clean accuracy 1.0000 | Adv accuracy: 1.0000 | Counter-attack accuracy: 1.0000
2026-02-07 14:53:48,215 - ADV_Generation_eps_0.0_steps_0_Added_Noise_uniform_Eps_48.0_Tau_Type_normal_anchors - INFO - Batch 67/2465: Clean accuracy 1.0000 | Adv accuracy: 1.0000 | Counter-attack accuracy: 1.0000
2026-02-07 14:53:48,524 - ADV_Generation_eps_0.0_steps_0_Added_Noise_uniform_Eps_48.0_Tau_Type_normal_anchors - INFO - Batch 68/2465: Clean accuracy 1.0000 | Adv accuracy: 1.0000 | Counter-attack accuracy: 1.0000
2026-02-07 14:53:48,833 - ADV_Generation_eps_0.0_steps_0_Added_Noise_uniform_Eps_48.0_Tau_Type_normal_anchors - INFO - Batch 69/2465: Clean accuracy 1.0000 | Adv accuracy: 1.0000 | Counter-attack accuracy: 1.0000
2026-02-07 14:53:49,143 - ADV_Generation_eps_0.0_steps_0_Added_Noise_uniform_Eps_48.0_Tau_Type_normal_anchors - INFO - Batch 70/2465: Clean accuracy 1.0000 | Adv accuracy: 1.0000 | Counter-attack accuracy: 1.0000
2026-02-07 14:53:49,452 - ADV_Generation_eps_0.0_steps_0_Added_Noise_uniform_Eps_48.0_Tau_Type_normal_anchors - INFO - Batch 71/2465: Clean accuracy 1.0000 | Adv accuracy: 1.0000 | Counter-attack accuracy: 1.0000
2026-02-07 14:53:49,761 - ADV_Generation_eps_0.0_steps_0_Added_Noise_uniform_Eps_48.0_Tau_Type_normal_anchors - INFO - Batch 72/2465: Clean accuracy 1.0000 | Adv accuracy: 1.0000 | Counter-attack accuracy: 1.0000
2026-02-07 14:53:50,070 - ADV_Generation_eps_0.0_steps_0_Added_Noise_uniform_Eps_48.0_Tau_Type_normal_anchors - INFO - Batch 73/2465: Clean accuracy 1.0000 | Adv accuracy: 1.0000 | Counter-attack accuracy: 1.0000
2026-02-07 14:53:50,379 - ADV_Generation_eps_0.0_steps_0_Added_Noise_uniform_Eps_48.0_Tau_Type_normal_anchors - INFO - Batch 74/2465: Clean accuracy 1.0000 | Adv accuracy: 1.0000 | Counter-attack accuracy: 1.0000
2026-02-07 14:53:50,689 - ADV_Generation_eps_0.0_steps_0_Added_Noise_uniform_Eps_48.0_Tau_Type_normal_anchors - INFO - Batch 75/2465: Clean accuracy 1.0000 | Adv accuracy: 1.0000 | Counter-attack accuracy: 1.0000
2026-02-07 14:53:50,998 - ADV_Generation_eps_0.0_steps_0_Added_Noise_uniform_Eps_48.0_Tau_Type_normal_anchors - INFO - Batch 76/2465: Clean accuracy 1.0000 | Adv accuracy: 1.0000 | Counter-attack accuracy: 1.0000
2026-02-07 14:53:51,307 - ADV_Generation_eps_0.0_steps_0_Added_Noise_uniform_Eps_48.0_Tau_Type_normal_anchors - INFO - Batch 77/2465: Clean accuracy 1.0000 | Adv accuracy: 1.0000 | Counter-attack accuracy: 1.0000
2026-02-07 14:53:51,616 - ADV_Generation_eps_0.0_steps_0_Added_Noise_uniform_Eps_48.0_Tau_Type_normal_anchors - INFO - Batch 78/2465: Clean accuracy 1.0000 | Adv accuracy: 1.0000 | Counter-attack accuracy: 1.0000
2026-02-07 14:53:51,925 - ADV_Generation_eps_0.0_steps_0_Added_Noise_uniform_Eps_48.0_Tau_Type_normal_anchors - INFO - Batch 79/2465: Clean accuracy 1.0000 | Adv accuracy: 1.0000 | Counter-attack accuracy: 1.0000
2026-02-07 14:53:52,234 - ADV_Generation_eps_0.0_steps_0_Added_Noise_uniform_Eps_48.0_Tau_Type_normal_anchors - INFO - Batch 80/2465: Clean accuracy 1.0000 | Adv accuracy: 1.0000 | Counter-attack accuracy: 1.0000
2026-02-07 14:53:52,544 - ADV_Generation_eps_0.0_steps_0_Added_Noise_uniform_Eps_48.0_Tau_Type_normal_anchors - INFO - Batch 81/2465: Clean accuracy 1.0000 | Adv accuracy: 1.0000 | Counter-attack accuracy: 1.0000
2026-02-07 14:53:52,853 - ADV_Generation_eps_0.0_steps_0_Added_Noise_uniform_Eps_48.0_Tau_Type_normal_anchors - INFO - Batch 82/2465: Clean accuracy 1.0000 | Adv accuracy: 1.0000 | Counter-attack accuracy: 1.0000
2026-02-07 14:53:53,162 - ADV_Generation_eps_0.0_steps_0_Added_Noise_uniform_Eps_48.0_Tau_Type_normal_anchors - INFO - Batch 83/2465: Clean accuracy 1.0000 | Adv accuracy: 1.0000 | Counter-attack accuracy: 1.0000
2026-02-07 14:53:53,471 - ADV_Generation_eps_0.0_steps_0_Added_Noise_uniform_Eps_48.0_Tau_Type_normal_anchors - INFO - Batch 84/2465: Clean accuracy 1.0000 | Adv accuracy: 1.0000 | Counter-attack accuracy: 1.0000
2026-02-07 14:53:53,780 - ADV_Generation_eps_0.0_steps_0_Added_Noise_uniform_Eps_48.0_Tau_Type_normal_anchors - INFO - Batch 85/2465: Clean accuracy 1.0000 | Adv accuracy: 1.0000 | Counter-attack accuracy: 1.0000
2026-02-07 14:53:54,090 - ADV_Generation_eps_0.0_steps_0_Added_Noise_uniform_Eps_48.0_Tau_Type_normal_anchors - INFO - Batch 86/2465: Clean accuracy 1.0000 | Adv accuracy: 1.0000 | Counter-attack accuracy: 1.0000
2026-02-07 14:53:54,399 - ADV_Generation_eps_0.0_steps_0_Added_Noise_uniform_Eps_48.0_Tau_Type_normal_anchors - INFO - Batch 87/2465: Clean accuracy 1.0000 | Adv accuracy: 1.0000 | Counter-attack accuracy: 1.0000
2026-02-07 14:53:54,708 - ADV_Generation_eps_0.0_steps_0_Added_Noise_uniform_Eps_48.0_Tau_Type_normal_anchors - INFO - Batch 88/2465: Clean accuracy 1.0000 | Adv accuracy: 1.0000 | Counter-attack accuracy: 1.0000
2026-02-07 14:53:55,017 - ADV_Generation_eps_0.0_steps_0_Added_Noise_uniform_Eps_48.0_Tau_Type_normal_anchors - INFO - Batch 89/2465: Clean accuracy 1.0000 | Adv accuracy: 1.0000 | Counter-attack accuracy: 1.0000
2026-02-07 14:53:55,326 - ADV_Generation_eps_0.0_steps_0_Added_Noise_uniform_Eps_48.0_Tau_Type_normal_anchors - INFO - Batch 90/2465: Clean accuracy 1.0000 | Adv accuracy: 1.0000 | Counter-attack accuracy: 1.0000
2026-02-07 14:53:55,635 - ADV_Generation_eps_0.0_steps_0_Added_Noise_uniform_Eps_48.0_Tau_Type_normal_anchors - INFO - Batch 91/2465: Clean accuracy 1.0000 | Adv accuracy: 1.0000 | Counter-attack accuracy: 1.0000
2026-02-07 14:53:55,944 - ADV_Generation_eps_0.0_steps_0_Added_Noise_uniform_Eps_48.0_Tau_Type_normal_anchors - INFO - Batch 92/2465: Clean accuracy 1.0000 | Adv accuracy: 1.0000 | Counter-attack accuracy: 1.0000
2026-02-07 14:53:56,254 - ADV_Generation_eps_0.0_steps_0_Added_Noise_uniform_Eps_48.0_Tau_Type_normal_anchors - INFO - Batch 93/2465: Clean accuracy 1.0000 | Adv accuracy: 1.0000 | Counter-attack accuracy: 1.0000
2026-02-07 14:53:56,563 - ADV_Generation_eps_0.0_steps_0_Added_Noise_uniform_Eps_48.0_Tau_Type_normal_anchors - INFO - Batch 94/2465: Clean accuracy 1.0000 | Adv accuracy: 1.0000 | Counter-attack accuracy: 1.0000
2026-02-07 14:53:56,872 - ADV_Generation_eps_0.0_steps_0_Added_Noise_uniform_Eps_48.0_Tau_Type_normal_anchors - INFO - Batch 95/2465: Clean accuracy 1.0000 | Adv accuracy: 1.0000 | Counter-attack accuracy: 1.0000
2026-02-07 14:53:57,181 - ADV_Generation_eps_0.0_steps_0_Added_Noise_uniform_Eps_48.0_Tau_Type_normal_anchors - INFO - Batch 96/2465: Clean accuracy 1.0000 | Adv accuracy: 1.0000 | Counter-attack accuracy: 1.0000
2026-02-07 14:53:57,490 - ADV_Generation_eps_0.0_steps_0_Added_Noise_uniform_Eps_48.0_Tau_Type_normal_anchors - INFO - Batch 97/2465: Clean accuracy 1.0000 | Adv accuracy: 1.0000 | Counter-attack accuracy: 1.0000
2026-02-07 14:53:57,799 - ADV_Generation_eps_0.0_steps_0_Added_Noise_uniform_Eps_48.0_Tau_Type_normal_anchors - INFO - Batch 98/2465: Clean accuracy 1.0000 | Adv accuracy: 1.0000 | Counter-attack accuracy: 1.0000
2026-02-07 14:53:58,108 - ADV_Generation_eps_0.0_steps_0_Added_Noise_uniform_Eps_48.0_Tau_Type_normal_anchors - INFO - Batch 99/2465: Clean accuracy 1.0000 | Adv accuracy: 1.0000 | Counter-attack accuracy: 1.0000
2026-02-07 14:53:58,417 - ADV_Generation_eps_0.0_steps_0_Added_Noise_uniform_Eps_48.0_Tau_Type_normal_anchors - INFO - Batch 100/2465: Clean accuracy 1.0000 | Adv accuracy: 1.0000 | Counter-attack accuracy: 1.0000
2026-02-07 14:53:58,727 - ADV_Generation_eps_0.0_steps_0_Added_Noise_uniform_Eps_48.0_Tau_Type_normal_anchors - INFO - Batch 101/2465: Clean accuracy 1.0000 | Adv accuracy: 1.0000 | Counter-attack accuracy: 1.0000
2026-02-07 14:53:59,036 - ADV_Generation_eps_0.0_steps_0_Added_Noise_uniform_Eps_48.0_Tau_Type_normal_anchors - INFO - Batch 102/2465: Clean accuracy 1.0000 | Adv accuracy: 1.0000 | Counter-attack accuracy: 1.0000
2026-02-07 14:53:59,345 - ADV_Generation_eps_0.0_steps_0_Added_Noise_uniform_Eps_48.0_Tau_Type_normal_anchors - INFO - Batch 103/2465: Clean accuracy 1.0000 | Adv accuracy: 1.0000 | Counter-attack accuracy: 1.0000
2026-02-07 14:53:59,654 - ADV_Generation_eps_0.0_steps_0_Added_Noise_uniform_Eps_48.0_Tau_Type_normal_anchors - INFO - Batch 104/2465: Clean accuracy 1.0000 | Adv accuracy: 1.0000 | Counter-attack accuracy: 1.0000
2026-02-07 14:53:59,963 - ADV_Generation_eps_0.0_steps_0_Added_Noise_uniform_Eps_48.0_Tau_Type_normal_anchors - INFO - Batch 105/2465: Clean accuracy 1.0000 | Adv accuracy: 1.0000 | Counter-attack accuracy: 1.0000
2026-02-07 14:54:00,273 - ADV_Generation_eps_0.0_steps_0_Added_Noise_uniform_Eps_48.0_Tau_Type_normal_anchors - INFO - Batch 106/2465: Clean accuracy 1.0000 | Adv accuracy: 1.0000 | Counter-attack accuracy: 1.0000
2026-02-07 14:54:00,582 - ADV_Generation_eps_0.0_steps_0_Added_Noise_uniform_Eps_48.0_Tau_Type_normal_anchors - INFO - Batch 107/2465: Clean accuracy 1.0000 | Adv accuracy: 1.0000 | Counter-attack accuracy: 1.0000
2026-02-07 14:54:00,891 - ADV_Generation_eps_0.0_steps_0_Added_Noise_uniform_Eps_48.0_Tau_Type_normal_anchors - INFO - Batch 108/2465: Clean accuracy 1.0000 | Adv accuracy: 1.0000 | Counter-attack accuracy: 1.0000
2026-02-07 14:54:01,200 - ADV_Generation_eps_0.0_steps_0_Added_Noise_uniform_Eps_48.0_Tau_Type_normal_anchors - INFO - Batch 109/2465: Clean accuracy 1.0000 | Adv accuracy: 1.0000 | Counter-attack accuracy: 1.0000
2026-02-07 14:54:01,509 - ADV_Generation_eps_0.0_steps_0_Added_Noise_uniform_Eps_48.0_Tau_Type_normal_anchors - INFO - Batch 110/2465: Clean accuracy 1.0000 | Adv accuracy: 1.0000 | Counter-attack accuracy: 1.0000
2026-02-07 14:54:01,819 - ADV_Generation_eps_0.0_steps_0_Added_Noise_uniform_Eps_48.0_Tau_Type_normal_anchors - INFO - Batch 111/2465: Clean accuracy 1.0000 | Adv accuracy: 1.0000 | Counter-attack accuracy: 1.0000
2026-02-07 14:54:02,128 - ADV_Generation_eps_0.0_steps_0_Added_Noise_uniform_Eps_48.0_Tau_Type_normal_anchors - INFO - Batch 112/2465: Clean accuracy 1.0000 | Adv accuracy: 1.0000 | Counter-attack accuracy: 1.0000
2026-02-07 14:54:02,437 - ADV_Generation_eps_0.0_steps_0_Added_Noise_uniform_Eps_48.0_Tau_Type_normal_anchors - INFO - Batch 113/2465: Clean accuracy 1.0000 | Adv accuracy: 1.0000 | Counter-attack accuracy: 1.0000
2026-02-07 14:54:02,746 - ADV_Generation_eps_0.0_steps_0_Added_Noise_uniform_Eps_48.0_Tau_Type_normal_anchors - INFO - Batch 114/2465: Clean accuracy 1.0000 | Adv accuracy: 1.0000 | Counter-attack accuracy: 1.0000
2026-02-07 14:54:03,055 - ADV_Generation_eps_0.0_steps_0_Added_Noise_uniform_Eps_48.0_Tau_Type_normal_anchors - INFO - Batch 115/2465: Clean accuracy 1.0000 | Adv accuracy: 1.0000 | Counter-attack accuracy: 1.0000
2026-02-07 14:54:03,364 - ADV_Generation_eps_0.0_steps_0_Added_Noise_uniform_Eps_48.0_Tau_Type_normal_anchors - INFO - Batch 116/2465: Clean accuracy 1.0000 | Adv accuracy: 1.0000 | Counter-attack accuracy: 1.0000
2026-02-07 14:54:03,673 - ADV_Generation_eps_0.0_steps_0_Added_Noise_uniform_Eps_48.0_Tau_Type_normal_anchors - INFO - Batch 117/2465: Clean accuracy 1.0000 | Adv accuracy: 1.0000 | Counter-attack accuracy: 1.0000
2026-02-07 14:54:03,983 - ADV_Generation_eps_0.0_steps_0_Added_Noise_uniform_Eps_48.0_Tau_Type_normal_anchors - INFO - Batch 118/2465: Clean accuracy 1.0000 | Adv accuracy: 1.0000 | Counter-attack accuracy: 1.0000
2026-02-07 14:54:04,292 - ADV_Generation_eps_0.0_steps_0_Added_Noise_uniform_Eps_48.0_Tau_Type_normal_anchors - INFO - Batch 119/2465: Clean accuracy 1.0000 | Adv accuracy: 1.0000 | Counter-attack accuracy: 1.0000
2026-02-07 14:54:04,601 - ADV_Generation_eps_0.0_steps_0_Added_Noise_uniform_Eps_48.0_Tau_Type_normal_anchors - INFO - Batch 120/2465: Clean accuracy 1.0000 | Adv accuracy: 1.0000 | Counter-attack accuracy: 1.0000
2026-02-07 14:54:04,910 - ADV_Generation_eps_0.0_steps_0_Added_Noise_uniform_Eps_48.0_Tau_Type_normal_anchors - INFO - Batch 121/2465: Clean accuracy 1.0000 | Adv accuracy: 1.0000 | Counter-attack accuracy: 1.0000
2026-02-07 14:54:05,219 - ADV_Generation_eps_0.0_steps_0_Added_Noise_uniform_Eps_48.0_Tau_Type_normal_anchors - INFO - Batch 122/2465: Clean accuracy 1.0000 | Adv accuracy: 1.0000 | Counter-attack accuracy: 1.0000
2026-02-07 14:54:05,528 - ADV_Generation_eps_0.0_steps_0_Added_Noise_uniform_Eps_48.0_Tau_Type_normal_anchors - INFO - Batch 123/2465: Clean accuracy 1.0000 | Adv accuracy: 1.0000 | Counter-attack accuracy: 1.0000
2026-02-07 14:54:05,837 - ADV_Generation_eps_0.0_steps_0_Added_Noise_uniform_Eps_48.0_Tau_Type_normal_anchors - INFO - Batch 124/2465: Clean accuracy 1.0000 | Adv accuracy: 1.0000 | Counter-attack accuracy: 1.0000
2026-02-07 14:54:06,146 - ADV_Generation_eps_0.0_steps_0_Added_Noise_uniform_Eps_48.0_Tau_Type_normal_anchors - INFO - Batch 125/2465: Clean accuracy 1.0000 | Adv accuracy: 1.0000 | Counter-attack accuracy: 1.0000
2026-02-07 14:54:06,455 - ADV_Generation_eps_0.0_steps_0_Added_Noise_uniform_Eps_48.0_Tau_Type_normal_anchors - INFO - Batch 126/2465: Clean accuracy 1.0000 | Adv accuracy: 1.0000 | Counter-attack accuracy: 1.0000
2026-02-07 14:54:06,764 - ADV_Generation_eps_0.0_steps_0_Added_Noise_uniform_Eps_48.0_Tau_Type_normal_anchors - INFO - Batch 127/2465: Clean accuracy 1.0000 | Adv accuracy: 1.0000 | Counter-attack accuracy: 1.0000
2026-02-07 14:54:07,073 - ADV_Generation_eps_0.0_steps_0_Added_Noise_uniform_Eps_48.0_Tau_Type_normal_anchors - INFO - Batch 128/2465: Clean accuracy 1.0000 | Adv accuracy: 1.0000 | Counter-attack accuracy: 1.0000
2026-02-07 14:54:07,382 - ADV_Generation_eps_0.0_steps_0_Added_Noise_uniform_Eps_48.0_Tau_Type_normal_anchors - INFO - Batch 129/2465: Clean accuracy 1.0000 | Adv accuracy: 1.0000 | Counter-attack accuracy: 1.0000
2026-02-07 14:54:07,692 - ADV_Generation_eps_0.0_steps_0_Added_Noise_uniform_Eps_48.0_Tau_Type_normal_anchors - INFO - Batch 130/2465: Clean accuracy 1.0000 | Adv accuracy: 1.0000 | Counter-attack accuracy: 1.0000
2026-02-07 14:54:08,001 - ADV_Generation_eps_0.0_steps_0_Added_Noise_uniform_Eps_48.0_Tau_Type_normal_anchors - INFO - Batch 131/2465: Clean accuracy 0.9924 | Adv accuracy: 0.9924 | Counter-attack accuracy: 1.0000
2026-02-07 14:54:08,310 - ADV_Generation_eps_0.0_steps_0_Added_Noise_uniform_Eps_48.0_Tau_Type_normal_anchors - INFO - Batch 132/2465: Clean accuracy 0.9924 | Adv accuracy: 0.9924 | Counter-attack accuracy: 1.0000
2026-02-07 14:54:08,619 - ADV_Generation_eps_0.0_steps_0_Added_Noise_uniform_Eps_48.0_Tau_Type_normal_anchors - INFO - Batch 133/2465: Clean accuracy 0.9925 | Adv accuracy: 0.9925 | Counter-attack accuracy: 1.0000
2026-02-07 14:54:08,928 - ADV_Generation_eps_0.0_steps_0_Added_Noise_uniform_Eps_48.0_Tau_Type_normal_anchors - INFO - Batch 134/2465: Clean accuracy 0.9925 | Adv accuracy: 0.9925 | Counter-attack accuracy: 1.0000
2026-02-07 14:54:09,237 - ADV_Generation_eps_0.0_steps_0_Added_Noise_uniform_Eps_48.0_Tau_Type_normal_anchors - INFO - Batch 135/2465: Clean accuracy 0.9926 | Adv accuracy: 0.9926 | Counter-attack accuracy: 1.0000
2026-02-07 14:54:09,546 - ADV_Generation_eps_0.0_steps_0_Added_Noise_uniform_Eps_48.0_Tau_Type_normal_anchors - INFO - Batch 136/2465: Clean accuracy 0.9926 | Adv accuracy: 0.9926 | Counter-attack accuracy: 1.0000
2026-02-07 14:54:09,855 - ADV_Generation_eps_0.0_steps_0_Added_Noise_uniform_Eps_48.0_Tau_Type_normal_anchors - INFO - Batch 137/2465: Clean accuracy 0.9927 | Adv accuracy: 0.9927 | Counter-attack accuracy: 1.0000
2026-02-07 14:54:10,165 - ADV_Generation_eps_0.0_steps_0_Added_Noise_uniform_Eps_48.0_Tau_Type_normal_anchors - INFO - Batch 138/2465: Clean accuracy 0.9928 | Adv accuracy: 0.9928 | Counter-attack accuracy: 1.0000
2026-02-07 14:54:10,474 - ADV_Generation_eps_0.0_steps_0_Added_Noise_uniform_Eps_48.0_Tau_Type_normal_anchors - INFO - Batch 139/2465: Clean accuracy 0.9928 | Adv accuracy: 0.9928 | Counter-attack accuracy: 1.0000
2026-02-07 14:54:10,783 - ADV_Generation_eps_0.0_steps_0_Added_Noise_uniform_Eps_48.0_Tau_Type_normal_anchors - INFO - Batch 140/2465: Clean accuracy 0.9929 | Adv accuracy: 0.9929 | Counter-attack accuracy: 1.0000
2026-02-07 14:54:11,092 - ADV_Generation_eps_0.0_steps_0_Added_Noise_uniform_Eps_48.0_Tau_Type_normal_anchors - INFO - Batch 141/2465: Clean accuracy 0.9929 | Adv accuracy: 0.9929 | Counter-attack accuracy: 1.0000
2026-02-07 14:54:11,401 - ADV_Generation_eps_0.0_steps_0_Added_Noise_uniform_Eps_48.0_Tau_Type_normal_anchors - INFO - Batch 142/2465: Clean accuracy 0.9930 | Adv accuracy: 0.9930 | Counter-attack accuracy: 1.0000
2026-02-07 14:54:11,710 - ADV_Generation_eps_0.0_steps_0_Added_Noise_uniform_Eps_48.0_Tau_Type_normal_anchors - INFO - Batch 143/2465: Clean accuracy 0.9930 | Adv accuracy: 0.9930 | Counter-attack accuracy: 1.0000
2026-02-07 14:54:12,019 - ADV_Generation_eps_0.0_steps_0_Added_Noise_uniform_Eps_48.0_Tau_Type_normal_anchors - INFO - Batch 144/2465: Clean accuracy 0.9931 | Adv accuracy: 0.9931 | Counter-attack accuracy: 1.0000
2026-02-07 14:54:12,328 - ADV_Generation_eps_0.0_steps_0_Added_Noise_uniform_Eps_48.0_Tau_Type_normal_anchors - INFO - Batch 145/2465: Clean accuracy 0.9862 | Adv accuracy: 0.9862 | Counter-attack accuracy: 1.0000
2026-02-07 14:54:12,638 - ADV_Generation_eps_0.0_steps_0_Added_Noise_uniform_Eps_48.0_Tau_Type_normal_anchors - INFO - Batch 146/2465: Clean accuracy 0.9863 | Adv accuracy: 0.9863 | Counter-attack accuracy: 1.0000
2026-02-07 14:54:12,947 - ADV_Generation_eps_0.0_steps_0_Added_Noise_uniform_Eps_48.0_Tau_Type_normal_anchors - INFO - Batch 147/2465: Clean accuracy 0.9864 | Adv accuracy: 0.9864 | Counter-attack accuracy: 1.0000
2026-02-07 14:54:13,256 - ADV_Generation_eps_0.0_steps_0_Added_Noise_uniform_Eps_48.0_Tau_Type_normal_anchors - INFO - Batch 148/2465: Clean accuracy 0.9865 | Adv accuracy: 0.9865 | Counter-attack accuracy: 1.0000
2026-02-07 14:54:13,565 - ADV_Generation_eps_0.0_steps_0_Added_Noise_uniform_Eps_48.0_Tau_Type_normal_anchors - INFO - Batch 149/2465: Clean accuracy 0.9866 | Adv accuracy: 0.9866 | Counter-attack accuracy: 1.0000
2026-02-07 14:54:13,874 - ADV_Generation_eps_0.0_steps_0_Added_Noise_uniform_Eps_48.0_Tau_Type_normal_anchors - INFO - Batch 150/2465: Clean accuracy 0.9867 | Adv accuracy: 0.9867 | Counter-attack accuracy: 1.0000
2026-02-07 14:54:14,183 - ADV_Generation_eps_0.0_steps_0_Added_Noise_uniform_Eps_48.0_Tau_Type_normal_anchors - INFO - Batch 151/2465: Clean accuracy 0.9868 | Adv accuracy: 0.9868 | Counter-attack accuracy: 1.0000
2026-02-07 14:54:14,492 - ADV_Generation_eps_0.0_steps_0_Added_Noise_uniform_Eps_48.0_Tau_Type_normal_anchors - INFO - Batch 152/2465: Clean accuracy 0.9868 | Adv accuracy: 0.9868 | Counter-attack accuracy: 1.0000
2026-02-07 14:54:14,801 - ADV_Generation_eps_0.0_steps_0_Added_Noise_uniform_Eps_48.0_Tau_Type_normal_anchors - INFO - Batch 153/2465: Clean accuracy 0.9869 | Adv accuracy: 0.9869 | Counter-attack accuracy: 1.0000
2026-02-07 14:54:15,110 - ADV_Generation_eps_0.0_steps_0_Added_Noise_uniform_Eps_48.0_Tau_Type_normal_anchors - INFO - Batch 154/2465: Clean accuracy 0.9870 | Adv accuracy: 0.9870 | Counter-attack accuracy: 1.0000
2026-02-07 14:54:15,419 - ADV_Generation_eps_0.0_steps_0_Added_Noise_uniform_Eps_48.0_Tau_Type_normal_anchors - INFO - Batch 155/2465: Clean accuracy 0.9871 | Adv accuracy: 0.9871 | Counter-attack accuracy: 1.0000
2026-02-07 14:54:15,728 - ADV_Generation_eps_0.0_steps_0_Added_Noise_uniform_Eps_48.0_Tau_Type_normal_anchors - INFO - Batch 156/2465: Clean accuracy 0.9872 | Adv accuracy: 0.9872 | Counter-attack accuracy: 1.0000
2026-02-07 14:54:16,037 - ADV_Generation_eps_0.0_steps_0_Added_Noise_uniform_Eps_48.0_Tau_Type_normal_anchors - INFO - Batch 157/2465: Clean accuracy 0.9873 | Adv accuracy: 0.9873 | Counter-attack accuracy: 1.0000
2026-02-07 14:54:16,347 - ADV_Generation_eps_0.0_steps_0_Added_Noise_uniform_Eps_48.0_Tau_Type_normal_anchors - INFO - Batch 158/2465: Clean accuracy 0.9873 | Adv accuracy: 0.9873 | Counter-attack accuracy: 1.0000
2026-02-07 14:54:16,655 - ADV_Generation_eps_0.0_steps_0_Added_Noise_uniform_Eps_48.0_Tau_Type_normal_anchors - INFO - Batch 159/2465: Clean accuracy 0.9874 | Adv accuracy: 0.9874 | Counter-attack accuracy: 1.0000
2026-02-07 14:54:16,965 - ADV_Generation_eps_0.0_steps_0_Added_Noise_uniform_Eps_48.0_Tau_Type_normal_anchors - INFO - Batch 160/2465: Clean accuracy 0.9875 | Adv accuracy: 0.9875 | Counter-attack accuracy: 1.0000
2026-02-07 14:54:17,274 - ADV_Generation_eps_0.0_steps_0_Added_Noise_uniform_Eps_48.0_Tau_Type_normal_anchors - INFO - Batch 161/2465: Clean accuracy 0.9876 | Adv accuracy: 0.9876 | Counter-attack accuracy: 1.0000
2026-02-07 14:54:17,583 - ADV_Generation_eps_0.0_steps_0_Added_Noise_uniform_Eps_48.0_Tau_Type_normal_anchors - INFO - Batch 162/2465: Clean accuracy 0.9877 | Adv accuracy: 0.9877 | Counter-attack accuracy: 1.0000
2026-02-07 14:54:17,899 - ADV_Generation_eps_0.0_steps_0_Added_Noise_uniform_Eps_48.0_Tau_Type_normal_anchors - INFO - Batch 163/2465: Clean accuracy 0.9877 | Adv accuracy: 0.9877 | Counter-attack accuracy: 1.0000
2026-02-07 14:54:18,208 - ADV_Generation_eps_0.0_steps_0_Added_Noise_uniform_Eps_48.0_Tau_Type_normal_anchors - INFO - Batch 164/2465: Clean accuracy 0.9878 | Adv accuracy: 0.9878 | Counter-attack accuracy: 1.0000
2026-02-07 14:54:18,518 - ADV_Generation_eps_0.0_steps_0_Added_Noise_uniform_Eps_48.0_Tau_Type_normal_anchors - INFO - Batch 165/2465: Clean accuracy 0.9818 | Adv accuracy: 0.9818 | Counter-attack accuracy: 1.0000
2026-02-07 14:54:18,827 - ADV_Generation_eps_0.0_steps_0_Added_Noise_uniform_Eps_48.0_Tau_Type_normal_anchors - INFO - Batch 166/2465: Clean accuracy 0.9819 | Adv accuracy: 0.9819 | Counter-attack accuracy: 1.0000
2026-02-07 14:54:19,136 - ADV_Generation_eps_0.0_steps_0_Added_Noise_uniform_Eps_48.0_Tau_Type_normal_anchors - INFO - Batch 167/2465: Clean accuracy 0.9820 | Adv accuracy: 0.9820 | Counter-attack accuracy: 1.0000
2026-02-07 14:54:19,445 - ADV_Generation_eps_0.0_steps_0_Added_Noise_uniform_Eps_48.0_Tau_Type_normal_anchors - INFO - Batch 168/2465: Clean accuracy 0.9821 | Adv accuracy: 0.9821 | Counter-attack accuracy: 1.0000
2026-02-07 14:54:19,754 - ADV_Generation_eps_0.0_steps_0_Added_Noise_uniform_Eps_48.0_Tau_Type_normal_anchors - INFO - Batch 169/2465: Clean accuracy 0.9822 | Adv accuracy: 0.9822 | Counter-attack accuracy: 1.0000
2026-02-07 14:54:20,063 - ADV_Generation_eps_0.0_steps_0_Added_Noise_uniform_Eps_48.0_Tau_Type_normal_anchors - INFO - Batch 170/2465: Clean accuracy 0.9765 | Adv accuracy: 0.9765 | Counter-attack accuracy: 1.0000
2026-02-07 14:54:20,372 - ADV_Generation_eps_0.0_steps_0_Added_Noise_uniform_Eps_48.0_Tau_Type_normal_anchors - INFO - Batch 171/2465: Clean accuracy 0.9766 | Adv accuracy: 0.9766 | Counter-attack accuracy: 1.0000
2026-02-07 14:54:20,681 - ADV_Generation_eps_0.0_steps_0_Added_Noise_uniform_Eps_48.0_Tau_Type_normal_anchors - INFO - Batch 172/2465: Clean accuracy 0.9767 | Adv accuracy: 0.9767 | Counter-attack accuracy: 1.0000
2026-02-07 14:54:20,991 - ADV_Generation_eps_0.0_steps_0_Added_Noise_uniform_Eps_48.0_Tau_Type_normal_anchors - INFO - Batch 173/2465: Clean accuracy 0.9769 | Adv accuracy: 0.9769 | Counter-attack accuracy: 1.0000
2026-02-07 14:54:21,299 - ADV_Generation_eps_0.0_steps_0_Added_Noise_uniform_Eps_48.0_Tau_Type_normal_anchors - INFO - Batch 174/2465: Clean accuracy 0.9770 | Adv accuracy: 0.9770 | Counter-attack accuracy: 1.0000
2026-02-07 14:54:21,609 - ADV_Generation_eps_0.0_steps_0_Added_Noise_uniform_Eps_48.0_Tau_Type_normal_anchors - INFO - Batch 175/2465: Clean accuracy 0.9771 | Adv accuracy: 0.9771 | Counter-attack accuracy: 1.0000
2026-02-07 14:54:21,918 - ADV_Generation_eps_0.0_steps_0_Added_Noise_uniform_Eps_48.0_Tau_Type_normal_anchors - INFO - Batch 176/2465: Clean accuracy 0.9773 | Adv accuracy: 0.9773 | Counter-attack accuracy: 1.0000
2026-02-07 14:54:22,227 - ADV_Generation_eps_0.0_steps_0_Added_Noise_uniform_Eps_48.0_Tau_Type_normal_anchors - INFO - Batch 177/2465: Clean accuracy 0.9774 | Adv accuracy: 0.9774 | Counter-attack accuracy: 1.0000
2026-02-07 14:54:22,536 - ADV_Generation_eps_0.0_steps_0_Added_Noise_uniform_Eps_48.0_Tau_Type_normal_anchors - INFO - Batch 178/2465: Clean accuracy 0.9719 | Adv accuracy: 0.9719 | Counter-attack accuracy: 1.0000
2026-02-07 14:54:22,845 - ADV_Generation_eps_0.0_steps_0_Added_Noise_uniform_Eps_48.0_Tau_Type_normal_anchors - INFO - Batch 179/2465: Clean accuracy 0.9721 | Adv accuracy: 0.9721 | Counter-attack accuracy: 1.0000
2026-02-07 14:54:23,154 - ADV_Generation_eps_0.0_steps_0_Added_Noise_uniform_Eps_48.0_Tau_Type_normal_anchors - INFO - Batch 180/2465: Clean accuracy 0.9722 | Adv accuracy: 0.9722 | Counter-attack accuracy: 1.0000
2026-02-07 14:54:23,463 - ADV_Generation_eps_0.0_steps_0_Added_Noise_uniform_Eps_48.0_Tau_Type_normal_anchors - INFO - Batch 181/2465: Clean accuracy 0.9724 | Adv accuracy: 0.9724 | Counter-attack accuracy: 1.0000
2026-02-07 14:54:23,772 - ADV_Generation_eps_0.0_steps_0_Added_Noise_uniform_Eps_48.0_Tau_Type_normal_anchors - INFO - Batch 182/2465: Clean accuracy 0.9725 | Adv accuracy: 0.9725 | Counter-attack accuracy: 1.0000
2026-02-07 14:54:24,081 - ADV_Generation_eps_0.0_steps_0_Added_Noise_uniform_Eps_48.0_Tau_Type_normal_anchors - INFO - Batch 183/2465: Clean accuracy 0.9727 | Adv accuracy: 0.9727 | Counter-attack accuracy: 1.0000
2026-02-07 14:54:24,390 - ADV_Generation_eps_0.0_steps_0_Added_Noise_uniform_Eps_48.0_Tau_Type_normal_anchors - INFO - Batch 184/2465: Clean accuracy 0.9728 | Adv accuracy: 0.9728 | Counter-attack accuracy: 1.0000
2026-02-07 14:54:24,699 - ADV_Generation_eps_0.0_steps_0_Added_Noise_uniform_Eps_48.0_Tau_Type_normal_anchors - INFO - Batch 185/2465: Clean accuracy 0.9730 | Adv accuracy: 0.9730 | Counter-attack accuracy: 1.0000
2026-02-07 14:54:25,008 - ADV_Generation_eps_0.0_steps_0_Added_Noise_uniform_Eps_48.0_Tau_Type_normal_anchors - INFO - Batch 186/2465: Clean accuracy 0.9731 | Adv accuracy: 0.9731 | Counter-attack accuracy: 1.0000
2026-02-07 14:54:25,317 - ADV_Generation_eps_0.0_steps_0_Added_Noise_uniform_Eps_48.0_Tau_Type_normal_anchors - INFO - Batch 187/2465: Clean accuracy 0.9733 | Adv accuracy: 0.9733 | Counter-attack accuracy: 1.0000
2026-02-07 14:54:25,626 - ADV_Generation_eps_0.0_steps_0_Added_Noise_uniform_Eps_48.0_Tau_Type_normal_anchors - INFO - Batch 188/2465: Clean accuracy 0.9734 | Adv accuracy: 0.9734 | Counter-attack accuracy: 1.0000
2026-02-07 14:54:25,935 - ADV_Generation_eps_0.0_steps_0_Added_Noise_uniform_Eps_48.0_Tau_Type_normal_anchors - INFO - Batch 189/2465: Clean accuracy 0.9735 | Adv accuracy: 0.9735 | Counter-attack accuracy: 0.9947
2026-02-07 14:54:26,244 - ADV_Generation_eps_0.0_steps_0_Added_Noise_uniform_Eps_48.0_Tau_Type_normal_anchors - INFO - Batch 190/2465: Clean accuracy 0.9684 | Adv accuracy: 0.9684 | Counter-attack accuracy: 0.9947
2026-02-07 14:54:26,553 - ADV_Generation_eps_0.0_steps_0_Added_Noise_uniform_Eps_48.0_Tau_Type_normal_anchors - INFO - Batch 191/2465: Clean accuracy 0.9686 | Adv accuracy: 0.9686 | Counter-attack accuracy: 0.9948
2026-02-07 14:54:26,862 - ADV_Generation_eps_0.0_steps_0_Added_Noise_uniform_Eps_48.0_Tau_Type_normal_anchors - INFO - Batch 192/2465: Clean accuracy 0.9688 | Adv accuracy: 0.9688 | Counter-attack accuracy: 0.9948
2026-02-07 14:54:27,171 - ADV_Generation_eps_0.0_steps_0_Added_Noise_uniform_Eps_48.0_Tau_Type_normal_anchors - INFO - Batch 193/2465: Clean accuracy 0.9689 | Adv accuracy: 0.9689 | Counter-attack accuracy: 0.9948
2026-02-07 14:54:27,480 - ADV_Generation_eps_0.0_steps_0_Added_Noise_uniform_Eps_48.0_Tau_Type_normal_anchors - INFO - Batch 194/2465: Clean accuracy 0.9691 | Adv accuracy: 0.9691 | Counter-attack accuracy: 0.9948
2026-02-07 14:54:27,789 - ADV_Generation_eps_0.0_steps_0_Added_Noise_uniform_Eps_48.0_Tau_Type_normal_anchors - INFO - Batch 195/2465: Clean accuracy 0.9692 | Adv accuracy: 0.9692 | Counter-attack accuracy: 0.9949
2026-02-07 14:54:28,098 - ADV_Generation_eps_0.0_steps_0_Added_Noise_uniform_Eps_48.0_Tau_Type_normal_anchors - INFO - Batch 196/2465: Clean accuracy 0.9694 | Adv accuracy: 0.9694 | Counter-attack accuracy: 0.9949
2026-02-07 14:54:28,407 - ADV_Generation_eps_0.0_steps_0_Added_Noise_uniform_Eps_48.0_Tau_Type_normal_anchors - INFO - Batch 197/2465: Clean accuracy 0.9695 | Adv accuracy: 0.9695 | Counter-attack accuracy: 0.9949
2026-02-07 14:54:28,716 - ADV_Generation_eps_0.0_steps_0_Added_Noise_uniform_Eps_48.0_Tau_Type_normal_anchors - INFO - Batch 198/2465: Clean accuracy 0.9697 | Adv accuracy: 0.9697 | Counter-attack accuracy: 0.9949
2026-02-07 14:54:29,025 - ADV_Generation_eps_0.0_steps_0_Added_Noise_uniform_Eps_48.0_Tau_Type_normal_anchors - INFO - Batch 199/2465: Clean accuracy 0.9698 | Adv accuracy: 0.9698 | Counter-attack accuracy: 0.9950
2026-02-07 14:54:29,335 - ADV_Generation_eps_0.0_steps_0_Added_Noise_uniform_Eps_48.0_Tau_Type_normal_anchors - INFO - Batch 200/2465: Clean accuracy 0.9700 | Adv accuracy: 0.9700 | Counter-attack accuracy: 0.9950
2026-02-07 14:54:29,644 - ADV_Generation_eps_0.0_steps_0_Added_Noise_uniform_Eps_48.0_Tau_Type_normal_anchors - INFO - Batch 201/2465: Clean accuracy 0.9701 | Adv accuracy: 0.9701 | Counter-attack accuracy: 0.9950
2026-02-07 14:54:29,953 - ADV_Generation_eps_0.0_steps_0_Added_Noise_uniform_Eps_48.0_Tau_Type_normal_anchors - INFO - Batch 202/2465: Clean accuracy 0.9703 | Adv accuracy: 0.9703 | Counter-attack accuracy: 0.9950
2026-02-07 14:54:30,262 - ADV_Generation_eps_0.0_steps_0_Added_Noise_uniform_Eps_48.0_Tau_Type_normal_anchors - INFO - Batch 203/2465: Clean accuracy 0.9704 | Adv accuracy: 0.9704 | Counter-attack accuracy: 0.9951
2026-02-07 14:54:30,571 - ADV_Generation_eps_0.0_steps_0_Added_Noise_uniform_Eps_48.0_Tau_Type_normal_anchors - INFO - Batch 204/2465: Clean accuracy 0.9706 | Adv accuracy: 0.9706 | Counter-attack accuracy: 0.9951
2026-02-07 14:54:30,880 - ADV_Generation_eps_0.0_steps_0_Added_Noise_uniform_Eps_48.0_Tau_Type_normal_anchors - INFO - Batch 205/2465: Clean accuracy 0.9707 | Adv accuracy: 0.9707 | Counter-attack accuracy: 0.9951
2026-02-07 14:54:31,189 - ADV_Generation_eps_0.0_steps_0_Added_Noise_uniform_Eps_48.0_Tau_Type_normal_anchors - INFO - Batch 206/2465: Clean accuracy 0.9709 | Adv accuracy: 0.9709 | Counter-attack accuracy: 0.9951
2026-02-07 14:54:31,498 - ADV_Generation_eps_0.0_steps_0_Added_Noise_uniform_Eps_48.0_Tau_Type_normal_anchors - INFO - Batch 207/2465: Clean accuracy 0.9710 | Adv accuracy: 0.9710 | Counter-attack accuracy: 0.9952
2026-02-07 14:54:31,807 - ADV_Generation_eps_0.0_steps_0_Added_Noise_uniform_Eps_48.0_Tau_Type_normal_anchors - INFO - Batch 208/2465: Clean accuracy 0.9712 | Adv accuracy: 0.9712 | Counter-attack accuracy: 0.9952
2026-02-07 14:54:32,116 - ADV_Generation_eps_0.0_steps_0_Added_Noise_uniform_Eps_48.0_Tau_Type_normal_anchors - INFO - Batch 209/2465: Clean accuracy 0.9713 | Adv accuracy: 0.9713 | Counter-attack accuracy: 0.9952
2026-02-07 14:54:32,426 - ADV_Generation_eps_0.0_steps_0_Added_Noise_uniform_Eps_48.0_Tau_Type_normal_anchors - INFO - Batch 210/2465: Clean accuracy 0.9714 | Adv accuracy: 0.9714 | Counter-attack accuracy: 0.9952
2026-02-07 14:54:32,737 - ADV_Generation_eps_0.0_steps_0_Added_Noise_uniform_Eps_48.0_Tau_Type_normal_anchors - INFO - Batch 211/2465: Clean accuracy 0.9716 | Adv accuracy: 0.9716 | Counter-attack accuracy: 0.9953
2026-02-07 14:54:33,046 - ADV_Generation_eps_0.0_steps_0_Added_Noise_uniform_Eps_48.0_Tau_Type_normal_anchors - INFO - Batch 212/2465: Clean accuracy 0.9717 | Adv accuracy: 0.9717 | Counter-attack accuracy: 0.9953
2026-02-07 14:54:33,355 - ADV_Generation_eps_0.0_steps_0_Added_Noise_uniform_Eps_48.0_Tau_Type_normal_anchors - INFO - Batch 213/2465: Clean accuracy 0.9718 | Adv accuracy: 0.9718 | Counter-attack accuracy: 0.9953
2026-02-07 14:54:33,664 - ADV_Generation_eps_0.0_steps_0_Added_Noise_uniform_Eps_48.0_Tau_Type_normal_anchors - INFO - Batch 214/2465: Clean accuracy 0.9720 | Adv accuracy: 0.9720 | Counter-attack accuracy: 0.9953
2026-02-07 14:54:33,973 - ADV_Generation_eps_0.0_steps_0_Added_Noise_uniform_Eps_48.0_Tau_Type_normal_anchors - INFO - Batch 215/2465: Clean accuracy 0.9721 | Adv accuracy: 0.9721 | Counter-attack accuracy: 0.9953
2026-02-07 14:54:34,282 - ADV_Generation_eps_0.0_steps_0_Added_Noise_uniform_Eps_48.0_Tau_Type_normal_anchors - INFO - Batch 216/2465: Clean accuracy 0.9722 | Adv accuracy: 0.9722 | Counter-attack accuracy: 0.9954
2026-02-07 14:54:34,591 - ADV_Generation_eps_0.0_steps_0_Added_Noise_uniform_Eps_48.0_Tau_Type_normal_anchors - INFO - Batch 217/2465: Clean accuracy 0.9724 | Adv accuracy: 0.9724 | Counter-attack accuracy: 0.9954
2026-02-07 14:54:34,900 - ADV_Generation_eps_0.0_steps_0_Added_Noise_uniform_Eps_48.0_Tau_Type_normal_anchors - INFO - Batch 218/2465: Clean accuracy 0.9725 | Adv accuracy: 0.9725 | Counter-attack accuracy: 0.9954
2026-02-07 14:54:35,209 - ADV_Generation_eps_0.0_steps_0_Added_Noise_uniform_Eps_48.0_Tau_Type_normal_anchors - INFO - Batch 219/2465: Clean accuracy 0.9726 | Adv accuracy: 0.9726 | Counter-attack accuracy: 0.9954
2026-02-07 14:54:35,518 - ADV_Generation_eps_0.0_steps_0_Added_Noise_uniform_Eps_48.0_Tau_Type_normal_anchors - INFO - Batch 220/2465: Clean accuracy 0.9727 | Adv accuracy: 0.9727 | Counter-attack accuracy: 0.9955
2026-02-07 14:54:35,827 - ADV_Generation_eps_0.0_steps_0_Added_Noise_uniform_Eps_48.0_Tau_Type_normal_anchors - INFO - Batch 221/2465: Clean accuracy 0.9729 | Adv accuracy: 0.9729 | Counter-attack accuracy: 0.9955
2026-02-07 14:54:36,137 - ADV_Generation_eps_0.0_steps_0_Added_Noise_uniform_Eps_48.0_Tau_Type_normal_anchors - INFO - Batch 222/2465: Clean accuracy 0.9730 | Adv accuracy: 0.9730 | Counter-attack accuracy: 0.9955
2026-02-07 14:54:36,446 - ADV_Generation_eps_0.0_steps_0_Added_Noise_uniform_Eps_48.0_Tau_Type_normal_anchors - INFO - Batch 223/2465: Clean accuracy 0.9731 | Adv accuracy: 0.9731 | Counter-attack accuracy: 0.9955
2026-02-07 14:54:36,755 - ADV_Generation_eps_0.0_steps_0_Added_Noise_uniform_Eps_48.0_Tau_Type_normal_anchors - INFO - Batch 224/2465: Clean accuracy 0.9732 | Adv accuracy: 0.9732 | Counter-attack accuracy: 0.9955
2026-02-07 14:54:37,064 - ADV_Generation_eps_0.0_steps_0_Added_Noise_uniform_Eps_48.0_Tau_Type_normal_anchors - INFO - Batch 225/2465: Clean accuracy 0.9733 | Adv accuracy: 0.9733 | Counter-attack accuracy: 0.9956
2026-02-07 14:54:37,373 - ADV_Generation_eps_0.0_steps_0_Added_Noise_uniform_Eps_48.0_Tau_Type_normal_anchors - INFO - Batch 226/2465: Clean accuracy 0.9735 | Adv accuracy: 0.9735 | Counter-attack accuracy: 0.9956
2026-02-07 14:54:37,682 - ADV_Generation_eps_0.0_steps_0_Added_Noise_uniform_Eps_48.0_Tau_Type_normal_anchors - INFO - Batch 227/2465: Clean accuracy 0.9736 | Adv accuracy: 0.9736 | Counter-attack accuracy: 0.9956
2026-02-07 14:54:37,991 - ADV_Generation_eps_0.0_steps_0_Added_Noise_uniform_Eps_48.0_Tau_Type_normal_anchors - INFO - Batch 228/2465: Clean accuracy 0.9737 | Adv accuracy: 0.9737 | Counter-attack accuracy: 0.9956
2026-02-07 14:54:38,300 - ADV_Generation_eps_0.0_steps_0_Added_Noise_uniform_Eps_48.0_Tau_Type_normal_anchors - INFO - Batch 229/2465: Clean accuracy 0.9738 | Adv accuracy: 0.9738 | Counter-attack accuracy: 0.9956
2026-02-07 14:54:38,609 - ADV_Generation_eps_0.0_steps_0_Added_Noise_uniform_Eps_48.0_Tau_Type_normal_anchors - INFO - Batch 230/2465: Clean accuracy 0.9739 | Adv accuracy: 0.9739 | Counter-attack accuracy: 0.9957
2026-02-07 14:54:38,918 - ADV_Generation_eps_0.0_steps_0_Added_Noise_uniform_Eps_48.0_Tau_Type_normal_anchors - INFO - Batch 231/2465: Clean accuracy 0.9740 | Adv accuracy: 0.9740 | Counter-attack accuracy: 0.9957
2026-02-07 14:54:39,227 - ADV_Generation_eps_0.0_steps_0_Added_Noise_uniform_Eps_48.0_Tau_Type_normal_anchors - INFO - Batch 232/2465: Clean accuracy 0.9741 | Adv accuracy: 0.9741 | Counter-attack accuracy: 0.9957
2026-02-07 14:54:39,536 - ADV_Generation_eps_0.0_steps_0_Added_Noise_uniform_Eps_48.0_Tau_Type_normal_anchors - INFO - Batch 233/2465: Clean accuracy 0.9742 | Adv accuracy: 0.9742 | Counter-attack accuracy: 0.9957
2026-02-07 14:54:39,845 - ADV_Generation_eps_0.0_steps_0_Added_Noise_uniform_Eps_48.0_Tau_Type_normal_anchors - INFO - Batch 234/2465: Clean accuracy 0.9744 | Adv accuracy: 0.9744 | Counter-attack accuracy: 0.9957
2026-02-07 14:54:40,154 - ADV_Generation_eps_0.0_steps_0_Added_Noise_uniform_Eps_48.0_Tau_Type_normal_anchors - INFO - Batch 235/2465: Clean accuracy 0.9745 | Adv accuracy: 0.9745 | Counter-attack accuracy: 0.9957
2026-02-07 14:54:40,464 - ADV_Generation_eps_0.0_steps_0_Added_Noise_uniform_Eps_48.0_Tau_Type_normal_anchors - INFO - Batch 236/2465: Clean accuracy 0.9746 | Adv accuracy: 0.9746 | Counter-attack accuracy: 0.9958
2026-02-07 14:54:40,773 - ADV_Generation_eps_0.0_steps_0_Added_Noise_uniform_Eps_48.0_Tau_Type_normal_anchors - INFO - Batch 237/2465: Clean accuracy 0.9747 | Adv accuracy: 0.9747 | Counter-attack accuracy: 0.9958
2026-02-07 14:54:41,087 - ADV_Generation_eps_0.0_steps_0_Added_Noise_uniform_Eps_48.0_Tau_Type_normal_anchors - INFO - Batch 238/2465: Clean accuracy 0.9748 | Adv accuracy: 0.9748 | Counter-attack accuracy: 0.9958
2026-02-07 14:54:41,397 - ADV_Generation_eps_0.0_steps_0_Added_Noise_uniform_Eps_48.0_Tau_Type_normal_anchors - INFO - Batch 239/2465: Clean accuracy 0.9749 | Adv accuracy: 0.9749 | Counter-attack accuracy: 0.9958
2026-02-07 14:54:41,706 - ADV_Generation_eps_0.0_steps_0_Added_Noise_uniform_Eps_48.0_Tau_Type_normal_anchors - INFO - Batch 240/2465: Clean accuracy 0.9750 | Adv accuracy: 0.9750 | Counter-attack accuracy: 0.9958
2026-02-07 14:54:42,015 - ADV_Generation_eps_0.0_steps_0_Added_Noise_uniform_Eps_48.0_Tau_Type_normal_anchors - INFO - Batch 241/2465: Clean accuracy 0.9751 | Adv accuracy: 0.9751 | Counter-attack accuracy: 0.9959
2026-02-07 14:54:42,324 - ADV_Generation_eps_0.0_steps_0_Added_Noise_uniform_Eps_48.0_Tau_Type_normal_anchors - INFO - Batch 242/2465: Clean accuracy 0.9752 | Adv accuracy: 0.9752 | Counter-attack accuracy: 0.9959
2026-02-07 14:54:42,633 - ADV_Generation_eps_0.0_steps_0_Added_Noise_uniform_Eps_48.0_Tau_Type_normal_anchors - INFO - Batch 243/2465: Clean accuracy 0.9753 | Adv accuracy: 0.9753 | Counter-attack accuracy: 0.9959
2026-02-07 14:54:42,942 - ADV_Generation_eps_0.0_steps_0_Added_Noise_uniform_Eps_48.0_Tau_Type_normal_anchors - INFO - Batch 244/2465: Clean accuracy 0.9754 | Adv accuracy: 0.9754 | Counter-attack accuracy: 0.9959
2026-02-07 14:54:43,251 - ADV_Generation_eps_0.0_steps_0_Added_Noise_uniform_Eps_48.0_Tau_Type_normal_anchors - INFO - Batch 245/2465: Clean accuracy 0.9755 | Adv accuracy: 0.9755 | Counter-attack accuracy: 0.9959
2026-02-07 14:54:43,564 - ADV_Generation_eps_0.0_steps_0_Added_Noise_uniform_Eps_48.0_Tau_Type_normal_anchors - INFO - Batch 246/2465: Clean accuracy 0.9756 | Adv accuracy: 0.9756 | Counter-attack accuracy: 0.9959
2026-02-07 14:54:43,873 - ADV_Generation_eps_0.0_steps_0_Added_Noise_uniform_Eps_48.0_Tau_Type_normal_anchors - INFO - Batch 247/2465: Clean accuracy 0.9757 | Adv accuracy: 0.9757 | Counter-attack accuracy: 0.9960
2026-02-07 14:54:44,182 - ADV_Generation_eps_0.0_steps_0_Added_Noise_uniform_Eps_48.0_Tau_Type_normal_anchors - INFO - Batch 248/2465: Clean accuracy 0.9758 | Adv accuracy: 0.9758 | Counter-attack accuracy: 0.9960
2026-02-07 14:54:44,491 - ADV_Generation_eps_0.0_steps_0_Added_Noise_uniform_Eps_48.0_Tau_Type_normal_anchors - INFO - Batch 249/2465: Clean accuracy 0.9759 | Adv accuracy: 0.9759 | Counter-attack accuracy: 0.9960
2026-02-07 14:54:44,800 - ADV_Generation_eps_0.0_steps_0_Added_Noise_uniform_Eps_48.0_Tau_Type_normal_anchors - INFO - Batch 250/2465: Clean accuracy 0.9760 | Adv accuracy: 0.9760 | Counter-attack accuracy: 0.9960
2026-02-07 14:54:45,109 - ADV_Generation_eps_0.0_steps_0_Added_Noise_uniform_Eps_48.0_Tau_Type_normal_anchors - INFO - Batch 251/2465: Clean accuracy 0.9761 | Adv accuracy: 0.9761 | Counter-attack accuracy: 0.9960
2026-02-07 14:54:45,418 - ADV_Generation_eps_0.0_steps_0_Added_Noise_uniform_Eps_48.0_Tau_Type_normal_anchors - INFO - Batch 252/2465: Clean accuracy 0.9762 | Adv accuracy: 0.9762 | Counter-attack accuracy: 0.9960
2026-02-07 14:54:45,727 - ADV_Generation_eps_0.0_steps_0_Added_Noise_uniform_Eps_48.0_Tau_Type_normal_anchors - INFO - Batch 253/2465: Clean accuracy 0.9763 | Adv accuracy: 0.9763 | Counter-attack accuracy: 0.9960
2026-02-07 14:54:46,037 - ADV_Generation_eps_0.0_steps_0_Added_Noise_uniform_Eps_48.0_Tau_Type_normal_anchors - INFO - Batch 254/2465: Clean accuracy 0.9764 | Adv accuracy: 0.9764 | Counter-attack accuracy: 0.9961
2026-02-07 14:54:46,345 - ADV_Generation_eps_0.0_steps_0_Added_Noise_uniform_Eps_48.0_Tau_Type_normal_anchors - INFO - Batch 255/2465: Clean accuracy 0.9765 | Adv accuracy: 0.9765 | Counter-attack accuracy: 0.9961
2026-02-07 14:54:46,653 - ADV_Generation_eps_0.0_steps_0_Added_Noise_uniform_Eps_48.0_Tau_Type_normal_anchors - INFO - Batch 256/2465: Clean accuracy 0.9766 | Adv accuracy: 0.9766 | Counter-attack accuracy: 0.9961
2026-02-07 14:54:46,962 - ADV_Generation_eps_0.0_steps_0_Added_Noise_uniform_Eps_48.0_Tau_Type_normal_anchors - INFO - Batch 257/2465: Clean accuracy 0.9767 | Adv accuracy: 0.9767 | Counter-attack accuracy: 0.9961
2026-02-07 14:54:47,271 - ADV_Generation_eps_0.0_steps_0_Added_Noise_uniform_Eps_48.0_Tau_Type_normal_anchors - INFO - Batch 258/2465: Clean accuracy 0.9767 | Adv accuracy: 0.9767 | Counter-attack accuracy: 0.9961
2026-02-07 14:54:47,580 - ADV_Generation_eps_0.0_steps_0_Added_Noise_uniform_Eps_48.0_Tau_Type_normal_anchors - INFO - Batch 259/2465: Clean accuracy 0.9768 | Adv accuracy: 0.9768 | Counter-attack accuracy: 0.9961
2026-02-07 14:54:47,890 - ADV_Generation_eps_0.0_steps_0_Added_Noise_uniform_Eps_48.0_Tau_Type_normal_anchors - INFO - Batch 260/2465: Clean accuracy 0.9769 | Adv accuracy: 0.9769 | Counter-attack accuracy: 0.9962
2026-02-07 14:54:48,198 - ADV_Generation_eps_0.0_steps_0_Added_Noise_uniform_Eps_48.0_Tau_Type_normal_anchors - INFO - Batch 261/2465: Clean accuracy 0.9770 | Adv accuracy: 0.9770 | Counter-attack accuracy: 0.9962
2026-02-07 14:54:48,508 - ADV_Generation_eps_0.0_steps_0_Added_Noise_uniform_Eps_48.0_Tau_Type_normal_anchors - INFO - Batch 262/2465: Clean accuracy 0.9771 | Adv accuracy: 0.9771 | Counter-attack accuracy: 0.9962
2026-02-07 14:54:48,816 - ADV_Generation_eps_0.0_steps_0_Added_Noise_uniform_Eps_48.0_Tau_Type_normal_anchors - INFO - Batch 263/2465: Clean accuracy 0.9772 | Adv accuracy: 0.9772 | Counter-attack accuracy: 0.9962
2026-02-07 14:54:49,125 - ADV_Generation_eps_0.0_steps_0_Added_Noise_uniform_Eps_48.0_Tau_Type_normal_anchors - INFO - Batch 264/2465: Clean accuracy 0.9773 | Adv accuracy: 0.9773 | Counter-attack accuracy: 0.9962
2026-02-07 14:54:49,435 - ADV_Generation_eps_0.0_steps_0_Added_Noise_uniform_Eps_48.0_Tau_Type_normal_anchors - INFO - Batch 265/2465: Clean accuracy 0.9774 | Adv accuracy: 0.9774 | Counter-attack accuracy: 0.9962
2026-02-07 14:54:49,744 - ADV_Generation_eps_0.0_steps_0_Added_Noise_uniform_Eps_48.0_Tau_Type_normal_anchors - INFO - Batch 266/2465: Clean accuracy 0.9774 | Adv accuracy: 0.9774 | Counter-attack accuracy: 0.9962
2026-02-07 14:54:50,053 - ADV_Generation_eps_0.0_steps_0_Added_Noise_uniform_Eps_48.0_Tau_Type_normal_anchors - INFO - Batch 267/2465: Clean accuracy 0.9775 | Adv accuracy: 0.9775 | Counter-attack accuracy: 0.9963
2026-02-07 14:54:50,367 - ADV_Generation_eps_0.0_steps_0_Added_Noise_uniform_Eps_48.0_Tau_Type_normal_anchors - INFO - Batch 268/2465: Clean accuracy 0.9776 | Adv accuracy: 0.9776 | Counter-attack accuracy: 0.9963
2026-02-07 14:54:50,676 - ADV_Generation_eps_0.0_steps_0_Added_Noise_uniform_Eps_48.0_Tau_Type_normal_anchors - INFO - Batch 269/2465: Clean accuracy 0.9777 | Adv accuracy: 0.9777 | Counter-attack accuracy: 0.9963
2026-02-07 14:54:50,985 - ADV_Generation_eps_0.0_steps_0_Added_Noise_uniform_Eps_48.0_Tau_Type_normal_anchors - INFO - Batch 270/2465: Clean accuracy 0.9778 | Adv accuracy: 0.9778 | Counter-attack accuracy: 0.9963
2026-02-07 14:54:51,295 - ADV_Generation_eps_0.0_steps_0_Added_Noise_uniform_Eps_48.0_Tau_Type_normal_anchors - INFO - Batch 271/2465: Clean accuracy 0.9779 | Adv accuracy: 0.9779 | Counter-attack accuracy: 0.9963
2026-02-07 14:54:51,604 - ADV_Generation_eps_0.0_steps_0_Added_Noise_uniform_Eps_48.0_Tau_Type_normal_anchors - INFO - Batch 272/2465: Clean accuracy 0.9779 | Adv accuracy: 0.9779 | Counter-attack accuracy: 0.9963
2026-02-07 14:54:51,913 - ADV_Generation_eps_0.0_steps_0_Added_Noise_uniform_Eps_48.0_Tau_Type_normal_anchors - INFO - Batch 273/2465: Clean accuracy 0.9780 | Adv accuracy: 0.9780 | Counter-attack accuracy: 0.9963
2026-02-07 14:54:52,222 - ADV_Generation_eps_0.0_steps_0_Added_Noise_uniform_Eps_48.0_Tau_Type_normal_anchors - INFO - Batch 274/2465: Clean accuracy 0.9781 | Adv accuracy: 0.9781 | Counter-attack accuracy: 0.9964
2026-02-07 14:54:52,531 - ADV_Generation_eps_0.0_steps_0_Added_Noise_uniform_Eps_48.0_Tau_Type_normal_anchors - INFO - Batch 275/2465: Clean accuracy 0.9782 | Adv accuracy: 0.9782 | Counter-attack accuracy: 0.9964
2026-02-07 14:54:52,840 - ADV_Generation_eps_0.0_steps_0_Added_Noise_uniform_Eps_48.0_Tau_Type_normal_anchors - INFO - Batch 276/2465: Clean accuracy 0.9783 | Adv accuracy: 0.9783 | Counter-attack accuracy: 0.9964
2026-02-07 14:54:53,149 - ADV_Generation_eps_0.0_steps_0_Added_Noise_uniform_Eps_48.0_Tau_Type_normal_anchors - INFO - Batch 277/2465: Clean accuracy 0.9783 | Adv accuracy: 0.9783 | Counter-attack accuracy: 0.9964
2026-02-07 14:54:53,458 - ADV_Generation_eps_0.0_steps_0_Added_Noise_uniform_Eps_48.0_Tau_Type_normal_anchors - INFO - Batch 278/2465: Clean accuracy 0.9784 | Adv accuracy: 0.9784 | Counter-attack accuracy: 0.9964
2026-02-07 14:54:53,767 - ADV_Generation_eps_0.0_steps_0_Added_Noise_uniform_Eps_48.0_Tau_Type_normal_anchors - INFO - Batch 279/2465: Clean accuracy 0.9785 | Adv accuracy: 0.9785 | Counter-attack accuracy: 0.9964
2026-02-07 14:54:54,076 - ADV_Generation_eps_0.0_steps_0_Added_Noise_uniform_Eps_48.0_Tau_Type_normal_anchors - INFO - Batch 280/2465: Clean accuracy 0.9786 | Adv accuracy: 0.9786 | Counter-attack accuracy: 0.9964
2026-02-07 14:54:54,385 - ADV_Generation_eps_0.0_steps_0_Added_Noise_uniform_Eps_48.0_Tau_Type_normal_anchors - INFO - Batch 281/2465: Clean accuracy 0.9786 | Adv accuracy: 0.9786 | Counter-attack accuracy: 0.9964
2026-02-07 14:54:54,694 - ADV_Generation_eps_0.0_steps_0_Added_Noise_uniform_Eps_48.0_Tau_Type_normal_anchors - INFO - Batch 282/2465: Clean accuracy 0.9787 | Adv accuracy: 0.9787 | Counter-attack accuracy: 0.9965
2026-02-07 14:54:55,003 - ADV_Generation_eps_0.0_steps_0_Added_Noise_uniform_Eps_48.0_Tau_Type_normal_anchors - INFO - Batch 283/2465: Clean accuracy 0.9788 | Adv accuracy: 0.9788 | Counter-attack accuracy: 0.9965
2026-02-07 14:54:55,312 - ADV_Generation_eps_0.0_steps_0_Added_Noise_uniform_Eps_48.0_Tau_Type_normal_anchors - INFO - Batch 284/2465: Clean accuracy 0.9789 | Adv accuracy: 0.9789 | Counter-attack accuracy: 0.9965
2026-02-07 14:54:55,622 - ADV_Generation_eps_0.0_steps_0_Added_Noise_uniform_Eps_48.0_Tau_Type_normal_anchors - INFO - Batch 285/2465: Clean accuracy 0.9789 | Adv accuracy: 0.9789 | Counter-attack accuracy: 0.9965
2026-02-07 14:54:55,930 - ADV_Generation_eps_0.0_steps_0_Added_Noise_uniform_Eps_48.0_Tau_Type_normal_anchors - INFO - Batch 286/2465: Clean accuracy 0.9790 | Adv accuracy: 0.9790 | Counter-attack accuracy: 0.9965
2026-02-07 14:54:56,240 - ADV_Generation_eps_0.0_steps_0_Added_Noise_uniform_Eps_48.0_Tau_Type_normal_anchors - INFO - Batch 287/2465: Clean accuracy 0.9791 | Adv accuracy: 0.9791 | Counter-attack accuracy: 0.9965
2026-02-07 14:54:56,549 - ADV_Generation_eps_0.0_steps_0_Added_Noise_uniform_Eps_48.0_Tau_Type_normal_anchors - INFO - Batch 288/2465: Clean accuracy 0.9792 | Adv accuracy: 0.9792 | Counter-attack accuracy: 0.9965
2026-02-07 14:54:56,858 - ADV_Generation_eps_0.0_steps_0_Added_Noise_uniform_Eps_48.0_Tau_Type_normal_anchors - INFO - Batch 289/2465: Clean accuracy 0.9792 | Adv accuracy: 0.9792 | Counter-attack accuracy: 0.9965
2026-02-07 14:54:57,167 - ADV_Generation_eps_0.0_steps_0_Added_Noise_uniform_Eps_48.0_Tau_Type_normal_anchors - INFO - Batch 290/2465: Clean accuracy 0.9793 | Adv accuracy: 0.9793 | Counter-attack accuracy: 0.9966
2026-02-07 14:54:57,476 - ADV_Generation_eps_0.0_steps_0_Added_Noise_uniform_Eps_48.0_Tau_Type_normal_anchors - INFO - Batch 291/2465: Clean accuracy 0.9794 | Adv accuracy: 0.9794 | Counter-attack accuracy: 0.9966
2026-02-07 14:54:57,785 - ADV_Generation_eps_0.0_steps_0_Added_Noise_uniform_Eps_48.0_Tau_Type_normal_anchors - INFO - Batch 292/2465: Clean accuracy 0.9795 | Adv accuracy: 0.9795 | Counter-attack accuracy: 0.9966
2026-02-07 14:54:58,094 - ADV_Generation_eps_0.0_steps_0_Added_Noise_uniform_Eps_48.0_Tau_Type_normal_anchors - INFO - Batch 293/2465: Clean accuracy 0.9795 | Adv accuracy: 0.9795 | Counter-attack accuracy: 0.9966
2026-02-07 14:54:58,403 - ADV_Generation_eps_0.0_steps_0_Added_Noise_uniform_Eps_48.0_Tau_Type_normal_anchors - INFO - Batch 294/2465: Clean accuracy 0.9796 | Adv accuracy: 0.9796 | Counter-attack accuracy: 0.9966
2026-02-07 14:54:58,712 - ADV_Generation_eps_0.0_steps_0_Added_Noise_uniform_Eps_48.0_Tau_Type_normal_anchors - INFO - Batch 295/2465: Clean accuracy 0.9797 | Adv accuracy: 0.9797 | Counter-attack accuracy: 0.9966
2026-02-07 14:54:59,021 - ADV_Generation_eps_0.0_steps_0_Added_Noise_uniform_Eps_48.0_Tau_Type_normal_anchors - INFO - Batch 296/2465: Clean accuracy 0.9797 | Adv accuracy: 0.9797 | Counter-attack accuracy: 0.9966
2026-02-07 14:54:59,330 - ADV_Generation_eps_0.0_steps_0_Added_Noise_uniform_Eps_48.0_Tau_Type_normal_anchors - INFO - Batch 297/2465: Clean accuracy 0.9798 | Adv accuracy: 0.9798 | Counter-attack accuracy: 0.9966
2026-02-07 14:54:59,639 - ADV_Generation_eps_0.0_steps_0_Added_Noise_uniform_Eps_48.0_Tau_Type_normal_anchors - INFO - Batch 298/2465: Clean accuracy 0.9799 | Adv accuracy: 0.9799 | Counter-attack accuracy: 0.9966
2026-02-07 14:54:59,948 - ADV_Generation_eps_0.0_steps_0_Added_Noise_uniform_Eps_48.0_Tau_Type_normal_anchors - INFO - Batch 299/2465: Clean accuracy 0.9799 | Adv accuracy: 0.9799 | Counter-attack accuracy: 0.9967
2026-02-07 14:55:00,258 - ADV_Generation_eps_0.0_steps_0_Added_Noise_uniform_Eps_48.0_Tau_Type_normal_anchors - INFO - Batch 300/2465: Clean accuracy 0.9800 | Adv accuracy: 0.9800 | Counter-attack accuracy: 0.9967
2026-02-07 14:55:00,566 - ADV_Generation_eps_0.0_steps_0_Added_Noise_uniform_Eps_48.0_Tau_Type_normal_anchors - INFO - Batch 301/2465: Clean accuracy 0.9801 | Adv accuracy: 0.9801 | Counter-attack accuracy: 0.9967
2026-02-07 14:55:00,875 - ADV_Generation_eps_0.0_steps_0_Added_Noise_uniform_Eps_48.0_Tau_Type_normal_anchors - INFO - Batch 302/2465: Clean accuracy 0.9801 | Adv accuracy: 0.9801 | Counter-attack accuracy: 0.9967
2026-02-07 14:55:01,184 - ADV_Generation_eps_0.0_steps_0_Added_Noise_uniform_Eps_48.0_Tau_Type_normal_anchors - INFO - Batch 303/2465: Clean accuracy 0.9802 | Adv accuracy: 0.9802 | Counter-attack accuracy: 0.9967
2026-02-07 14:55:01,493 - ADV_Generation_eps_0.0_steps_0_Added_Noise_uniform_Eps_48.0_Tau_Type_normal_anchors - INFO - Batch 304/2465: Clean accuracy 0.9803 | Adv accuracy: 0.9803 | Counter-attack accuracy: 0.9967
2026-02-07 14:55:01,803 - ADV_Generation_eps_0.0_steps_0_Added_Noise_uniform_Eps_48.0_Tau_Type_normal_anchors - INFO - Batch 305/2465: Clean accuracy 0.9803 | Adv accuracy: 0.9803 | Counter-attack accuracy: 0.9967
2026-02-07 14:55:02,112 - ADV_Generation_eps_0.0_steps_0_Added_Noise_uniform_Eps_48.0_Tau_Type_normal_anchors - INFO - Batch 306/2465: Clean accuracy 0.9804 | Adv accuracy: 0.9804 | Counter-attack accuracy: 0.9967
2026-02-07 14:55:02,421 - ADV_Generation_eps_0.0_steps_0_Added_Noise_uniform_Eps_48.0_Tau_Type_normal_anchors - INFO - Batch 307/2465: Clean accuracy 0.9805 | Adv accuracy: 0.9805 | Counter-attack accuracy: 0.9967
2026-02-07 14:55:02,730 - ADV_Generation_eps_0.0_steps_0_Added_Noise_uniform_Eps_48.0_Tau_Type_normal_anchors - INFO - Batch 308/2465: Clean accuracy 0.9805 | Adv accuracy: 0.9805 | Counter-attack accuracy: 0.9968
2026-02-07 14:55:03,039 - ADV_Generation_eps_0.0_steps_0_Added_Noise_uniform_Eps_48.0_Tau_Type_normal_anchors - INFO - Batch 309/2465: Clean accuracy 0.9806 | Adv accuracy: 0.9806 | Counter-attack accuracy: 0.9968
2026-02-07 14:55:03,348 - ADV_Generation_eps_0.0_steps_0_Added_Noise_uniform_Eps_48.0_Tau_Type_normal_anchors - INFO - Batch 310/2465: Clean accuracy 0.9806 | Adv accuracy: 0.9806 | Counter-attack accuracy: 0.9968
2026-02-07 14:55:03,657 - ADV_Generation_eps_0.0_steps_0_Added_Noise_uniform_Eps_48.0_Tau_Type_normal_anchors - INFO - Batch 311/2465: Clean accuracy 0.9807 | Adv accuracy: 0.9807 | Counter-attack accuracy: 0.9968
2026-02-07 14:55:03,966 - ADV_Generation_eps_0.0_steps_0_Added_Noise_uniform_Eps_48.0_Tau_Type_normal_anchors - INFO - Batch 312/2465: Clean accuracy 0.9808 | Adv accuracy: 0.9808 | Counter-attack accuracy: 0.9968
2026-02-07 14:55:04,275 - ADV_Generation_eps_0.0_steps_0_Added_Noise_uniform_Eps_48.0_Tau_Type_normal_anchors - INFO - Batch 313/2465: Clean accuracy 0.9808 | Adv accuracy: 0.9808 | Counter-attack accuracy: 0.9968
2026-02-07 14:55:04,584 - ADV_Generation_eps_0.0_steps_0_Added_Noise_uniform_Eps_48.0_Tau_Type_normal_anchors - INFO - Batch 314/2465: Clean accuracy 0.9809 | Adv accuracy: 0.9809 | Counter-attack accuracy: 0.9968
2026-02-07 14:55:04,893 - ADV_Generation_eps_0.0_steps_0_Added_Noise_uniform_Eps_48.0_Tau_Type_normal_anchors - INFO - Batch 315/2465: Clean accuracy 0.9810 | Adv accuracy: 0.9810 | Counter-attack accuracy: 0.9968
2026-02-07 14:55:05,202 - ADV_Generation_eps_0.0_steps_0_Added_Noise_uniform_Eps_48.0_Tau_Type_normal_anchors - INFO - Batch 316/2465: Clean accuracy 0.9810 | Adv accuracy: 0.9810 | Counter-attack accuracy: 0.9968
2026-02-07 14:55:05,511 - ADV_Generation_eps_0.0_steps_0_Added_Noise_uniform_Eps_48.0_Tau_Type_normal_anchors - INFO - Batch 317/2465: Clean accuracy 0.9811 | Adv accuracy: 0.9811 | Counter-attack accuracy: 0.9968
2026-02-07 14:55:05,819 - ADV_Generation_eps_0.0_steps_0_Added_Noise_uniform_Eps_48.0_Tau_Type_normal_anchors - INFO - Batch 318/2465: Clean accuracy 0.9811 | Adv accuracy: 0.9811 | Counter-attack accuracy: 0.9969
2026-02-07 14:55:06,129 - ADV_Generation_eps_0.0_steps_0_Added_Noise_uniform_Eps_48.0_Tau_Type_normal_anchors - INFO - Batch 319/2465: Clean accuracy 0.9812 | Adv accuracy: 0.9812 | Counter-attack accuracy: 0.9969
2026-02-07 14:55:06,438 - ADV_Generation_eps_0.0_steps_0_Added_Noise_uniform_Eps_48.0_Tau_Type_normal_anchors - INFO - Batch 320/2465: Clean accuracy 0.9812 | Adv accuracy: 0.9812 | Counter-attack accuracy: 0.9969
2026-02-07 14:55:06,747 - ADV_Generation_eps_0.0_steps_0_Added_Noise_uniform_Eps_48.0_Tau_Type_normal_anchors - INFO - Batch 321/2465: Clean accuracy 0.9813 | Adv accuracy: 0.9813 | Counter-attack accuracy: 0.9969
2026-02-07 14:55:07,055 - ADV_Generation_eps_0.0_steps_0_Added_Noise_uniform_Eps_48.0_Tau_Type_normal_anchors - INFO - Batch 322/2465: Clean accuracy 0.9814 | Adv accuracy: 0.9814 | Counter-attack accuracy: 0.9969
2026-02-07 14:55:07,364 - ADV_Generation_eps_0.0_steps_0_Added_Noise_uniform_Eps_48.0_Tau_Type_normal_anchors - INFO - Batch 323/2465: Clean accuracy 0.9814 | Adv accuracy: 0.9814 | Counter-attack accuracy: 0.9969
2026-02-07 14:55:07,673 - ADV_Generation_eps_0.0_steps_0_Added_Noise_uniform_Eps_48.0_Tau_Type_normal_anchors - INFO - Batch 324/2465: Clean accuracy 0.9815 | Adv accuracy: 0.9815 | Counter-attack accuracy: 0.9969
2026-02-07 14:55:07,983 - ADV_Generation_eps_0.0_steps_0_Added_Noise_uniform_Eps_48.0_Tau_Type_normal_anchors - INFO - Batch 325/2465: Clean accuracy 0.9815 | Adv accuracy: 0.9815 | Counter-attack accuracy: 0.9969
2026-02-07 14:55:08,291 - ADV_Generation_eps_0.0_steps_0_Added_Noise_uniform_Eps_48.0_Tau_Type_normal_anchors - INFO - Batch 326/2465: Clean accuracy 0.9816 | Adv accuracy: 0.9816 | Counter-attack accuracy: 0.9969
2026-02-07 14:55:08,600 - ADV_Generation_eps_0.0_steps_0_Added_Noise_uniform_Eps_48.0_Tau_Type_normal_anchors - INFO - Batch 327/2465: Clean accuracy 0.9817 | Adv accuracy: 0.9817 | Counter-attack accuracy: 0.9969
2026-02-07 14:55:08,909 - ADV_Generation_eps_0.0_steps_0_Added_Noise_uniform_Eps_48.0_Tau_Type_normal_anchors - INFO - Batch 328/2465: Clean accuracy 0.9817 | Adv accuracy: 0.9817 | Counter-attack accuracy: 0.9970
2026-02-07 14:55:09,218 - ADV_Generation_eps_0.0_steps_0_Added_Noise_uniform_Eps_48.0_Tau_Type_normal_anchors - INFO - Batch 329/2465: Clean accuracy 0.9818 | Adv accuracy: 0.9818 | Counter-attack accuracy: 0.9970
2026-02-07 14:55:09,527 - ADV_Generation_eps_0.0_steps_0_Added_Noise_uniform_Eps_48.0_Tau_Type_normal_anchors - INFO - Batch 330/2465: Clean accuracy 0.9818 | Adv accuracy: 0.9818 | Counter-attack accuracy: 0.9970
2026-02-07 14:55:09,836 - ADV_Generation_eps_0.0_steps_0_Added_Noise_uniform_Eps_48.0_Tau_Type_normal_anchors - INFO - Batch 331/2465: Clean accuracy 0.9819 | Adv accuracy: 0.9819 | Counter-attack accuracy: 0.9970
2026-02-07 14:55:10,145 - ADV_Generation_eps_0.0_steps_0_Added_Noise_uniform_Eps_48.0_Tau_Type_normal_anchors - INFO - Batch 332/2465: Clean accuracy 0.9819 | Adv accuracy: 0.9819 | Counter-attack accuracy: 0.9970
2026-02-07 14:55:10,509 - ADV_Generation_eps_0.0_steps_0_Added_Noise_uniform_Eps_48.0_Tau_Type_normal_anchors - INFO - Batch 333/2465: Clean accuracy 0.9820 | Adv accuracy: 0.9820 | Counter-attack accuracy: 0.9970
2026-02-07 14:55:10,818 - ADV_Generation_eps_0.0_steps_0_Added_Noise_uniform_Eps_48.0_Tau_Type_normal_anchors - INFO - Batch 334/2465: Clean accuracy 0.9820 | Adv accuracy: 0.9820 | Counter-attack accuracy: 0.9970
2026-02-07 14:55:11,127 - ADV_Generation_eps_0.0_steps_0_Added_Noise_uniform_Eps_48.0_Tau_Type_normal_anchors - INFO - Batch 335/2465: Clean accuracy 0.9821 | Adv accuracy: 0.9821 | Counter-attack accuracy: 0.9970
2026-02-07 14:55:11,436 - ADV_Generation_eps_0.0_steps_0_Added_Noise_uniform_Eps_48.0_Tau_Type_normal_anchors - INFO - Batch 336/2465: Clean accuracy 0.9821 | Adv accuracy: 0.9821 | Counter-attack accuracy: 0.9970
2026-02-07 14:55:11,745 - ADV_Generation_eps_0.0_steps_0_Added_Noise_uniform_Eps_48.0_Tau_Type_normal_anchors - INFO - Batch 337/2465: Clean accuracy 0.9822 | Adv accuracy: 0.9822 | Counter-attack accuracy: 0.9970
2026-02-07 14:55:12,054 - ADV_Generation_eps_0.0_steps_0_Added_Noise_uniform_Eps_48.0_Tau_Type_normal_anchors - INFO - Batch 338/2465: Clean accuracy 0.9822 | Adv accuracy: 0.9822 | Counter-attack accuracy: 0.9970
2026-02-07 14:55:12,363 - ADV_Generation_eps_0.0_steps_0_Added_Noise_uniform_Eps_48.0_Tau_Type_normal_anchors - INFO - Batch 339/2465: Clean accuracy 0.9823 | Adv accuracy: 0.9823 | Counter-attack accuracy: 0.9971
2026-02-07 14:55:12,672 - ADV_Generation_eps_0.0_steps_0_Added_Noise_uniform_Eps_48.0_Tau_Type_normal_anchors - INFO - Batch 340/2465: Clean accuracy 0.9824 | Adv accuracy: 0.9824 | Counter-attack accuracy: 0.9971
2026-02-07 14:55:12,981 - ADV_Generation_eps_0.0_steps_0_Added_Noise_uniform_Eps_48.0_Tau_Type_normal_anchors - INFO - Batch 341/2465: Clean accuracy 0.9824 | Adv accuracy: 0.9824 | Counter-attack accuracy: 0.9971
2026-02-07 14:55:13,290 - ADV_Generation_eps_0.0_steps_0_Added_Noise_uniform_Eps_48.0_Tau_Type_normal_anchors - INFO - Batch 342/2465: Clean accuracy 0.9825 | Adv accuracy: 0.9825 | Counter-attack accuracy: 0.9971
2026-02-07 14:55:13,599 - ADV_Generation_eps_0.0_steps_0_Added_Noise_uniform_Eps_48.0_Tau_Type_normal_anchors - INFO - Batch 343/2465: Clean accuracy 0.9825 | Adv accuracy: 0.9825 | Counter-attack accuracy: 0.9971
2026-02-07 14:55:13,908 - ADV_Generation_eps_0.0_steps_0_Added_Noise_uniform_Eps_48.0_Tau_Type_normal_anchors - INFO - Batch 344/2465: Clean accuracy 0.9826 | Adv accuracy: 0.9826 | Counter-attack accuracy: 0.9971
2026-02-07 14:55:14,217 - ADV_Generation_eps_0.0_steps_0_Added_Noise_uniform_Eps_48.0_Tau_Type_normal_anchors - INFO - Batch 345/2465: Clean accuracy 0.9826 | Adv accuracy: 0.9826 | Counter-attack accuracy: 0.9971
2026-02-07 14:55:14,526 - ADV_Generation_eps_0.0_steps_0_Added_Noise_uniform_Eps_48.0_Tau_Type_normal_anchors - INFO - Batch 346/2465: Clean accuracy 0.9827 | Adv accuracy: 0.9827 | Counter-attack accuracy: 0.9971
2026-02-07 14:55:14,835 - ADV_Generation_eps_0.0_steps_0_Added_Noise_uniform_Eps_48.0_Tau_Type_normal_anchors - INFO - Batch 347/2465: Clean accuracy 0.9827 | Adv accuracy: 0.9827 | Counter-attack accuracy: 0.9971
2026-02-07 14:55:15,144 - ADV_Generation_eps_0.0_steps_0_Added_Noise_uniform_Eps_48.0_Tau_Type_normal_anchors - INFO - Batch 348/2465: Clean accuracy 0.9828 | Adv accuracy: 0.9828 | Counter-attack accuracy: 0.9971
2026-02-07 14:55:15,453 - ADV_Generation_eps_0.0_steps_0_Added_Noise_uniform_Eps_48.0_Tau_Type_normal_anchors - INFO - Batch 349/2465: Clean accuracy 0.9828 | Adv accuracy: 0.9828 | Counter-attack accuracy: 0.9971
2026-02-07 14:55:15,762 - ADV_Generation_eps_0.0_steps_0_Added_Noise_uniform_Eps_48.0_Tau_Type_normal_anchors - INFO - Batch 350/2465: Clean accuracy 0.9829 | Adv accuracy: 0.9829 | Counter-attack accuracy: 0.9971
2026-02-07 14:55:16,071 - ADV_Generation_eps_0.0_steps_0_Added_Noise_uniform_Eps_48.0_Tau_Type_normal_anchors - INFO - Batch 351/2465: Clean accuracy 0.9829 | Adv accuracy: 0.9829 | Counter-attack accuracy: 0.9972
2026-02-07 14:55:16,380 - ADV_Generation_eps_0.0_steps_0_Added_Noise_uniform_Eps_48.0_Tau_Type_normal_anchors - INFO - Batch 352/2465: Clean accuracy 0.9830 | Adv accuracy: 0.9830 | Counter-attack accuracy: 0.9972
2026-02-07 14:55:16,689 - ADV_Generation_eps_0.0_steps_0_Added_Noise_uniform_Eps_48.0_Tau_Type_normal_anchors - INFO - Batch 353/2465: Clean accuracy 0.9830 | Adv accuracy: 0.9830 | Counter-attack accuracy: 0.9972
2026-02-07 14:55:16,998 - ADV_Generation_eps_0.0_steps_0_Added_Noise_uniform_Eps_48.0_Tau_Type_normal_anchors - INFO - Batch 354/2465: Clean accuracy 0.9831 | Adv accuracy: 0.9831 | Counter-attack accuracy: 0.9972
2026-02-07 14:55:17,306 - ADV_Generation_eps_0.0_steps_0_Added_Noise_uniform_Eps_48.0_Tau_Type_normal_anchors - INFO - Batch 355/2465: Clean accuracy 0.9831 | Adv accuracy: 0.9831 | Counter-attack accuracy: 0.9972
2026-02-07 14:55:17,615 - ADV_Generation_eps_0.0_steps_0_Added_Noise_uniform_Eps_48.0_Tau_Type_normal_anchors - INFO - Batch 356/2465: Clean accuracy 0.9831 | Adv accuracy: 0.9831 | Counter-attack accuracy: 0.9972
2026-02-07 14:55:17,924 - ADV_Generation_eps_0.0_steps_0_Added_Noise_uniform_Eps_48.0_Tau_Type_normal_anchors - INFO - Batch 357/2465: Clean accuracy 0.9832 | Adv accuracy: 0.9832 | Counter-attack accuracy: 0.9972
2026-02-07 14:55:18,233 - ADV_Generation_eps_0.0_steps_0_Added_Noise_uniform_Eps_48.0_Tau_Type_normal_anchors - INFO - Batch 358/2465: Clean accuracy 0.9832 | Adv accuracy: 0.9832 | Counter-attack accuracy: 0.9972
2026-02-07 14:55:18,542 - ADV_Generation_eps_0.0_steps_0_Added_Noise_uniform_Eps_48.0_Tau_Type_normal_anchors - INFO - Batch 359/2465: Clean accuracy 0.9833 | Adv accuracy: 0.9833 | Counter-attack accuracy: 0.9972
2026-02-07 14:55:18,851 - ADV_Generation_eps_0.0_steps_0_Added_Noise_uniform_Eps_48.0_Tau_Type_normal_anchors - INFO - Batch 360/2465: Clean accuracy 0.9833 | Adv accuracy: 0.9833 | Counter-attack accuracy: 0.9972
2026-02-07 14:55:19,160 - ADV_Generation_eps_0.0_steps_0_Added_Noise_uniform_Eps_48.0_Tau_Type_normal_anchors - INFO - Batch 361/2465: Clean accuracy 0.9834 | Adv accuracy: 0.9834 | Counter-attack accuracy: 0.9972
2026-02-07 14:55:19,469 - ADV_Generation_eps_0.0_steps_0_Added_Noise_uniform_Eps_48.0_Tau_Type_normal_anchors - INFO - Batch 362/2465: Clean accuracy 0.9834 | Adv accuracy: 0.9834 | Counter-attack accuracy: 0.9972
2026-02-07 14:55:19,778 - ADV_Generation_eps_0.0_steps_0_Added_Noise_uniform_Eps_48.0_Tau_Type_normal_anchors - INFO - Batch 363/2465: Clean accuracy 0.9835 | Adv accuracy: 0.9835 | Counter-attack accuracy: 0.9972
2026-02-07 14:55:20,087 - ADV_Generation_eps_0.0_steps_0_Added_Noise_uniform_Eps_48.0_Tau_Type_normal_anchors - INFO - Batch 364/2465: Clean accuracy 0.9835 | Adv accuracy: 0.9835 | Counter-attack accuracy: 0.9973
2026-02-07 14:55:20,396 - ADV_Generation_eps_0.0_steps_0_Added_Noise_uniform_Eps_48.0_Tau_Type_normal_anchors - INFO - Batch 365/2465: Clean accuracy 0.9836 | Adv accuracy: 0.9836 | Counter-attack accuracy: 0.9973
2026-02-07 14:55:20,705 - ADV_Generation_eps_0.0_steps_0_Added_Noise_uniform_Eps_48.0_Tau_Type_normal_anchors - INFO - Batch 366/2465: Clean accuracy 0.9836 | Adv accuracy: 0.9836 | Counter-attack accuracy: 0.9973
2026-02-07 14:55:21,014 - ADV_Generation_eps_0.0_steps_0_Added_Noise_uniform_Eps_48.0_Tau_Type_normal_anchors - INFO - Batch 367/2465: Clean accuracy 0.9837 | Adv accuracy: 0.9837 | Counter-attack accuracy: 0.9973
2026-02-07 14:55:21,323 - ADV_Generation_eps_0.0_steps_0_Added_Noise_uniform_Eps_48.0_Tau_Type_normal_anchors - INFO - Batch 368/2465: Clean accuracy 0.9837 | Adv accuracy: 0.9837 | Counter-attack accuracy: 0.9973
2026-02-07 14:55:21,632 - ADV_Generation_eps_0.0_steps_0_Added_Noise_uniform_Eps_48.0_Tau_Type_normal_anchors - INFO - Batch 369/2465: Clean accuracy 0.9837 | Adv accuracy: 0.9837 | Counter-attack accuracy: 0.9973
2026-02-07 14:55:21,941 - ADV_Generation_eps_0.0_steps_0_Added_Noise_uniform_Eps_48.0_Tau_Type_normal_anchors - INFO - Batch 370/2465: Clean accuracy 0.9838 | Adv accuracy: 0.9838 | Counter-attack accuracy: 0.9973
2026-02-07 14:55:22,250 - ADV_Generation_eps_0.0_steps_0_Added_Noise_uniform_Eps_48.0_Tau_Type_normal_anchors - INFO - Batch 371/2465: Clean accuracy 0.9838 | Adv accuracy: 0.9838 | Counter-attack accuracy: 0.9973
2026-02-07 14:55:22,559 - ADV_Generation_eps_0.0_steps_0_Added_Noise_uniform_Eps_48.0_Tau_Type_normal_anchors - INFO - Batch 372/2465: Clean accuracy 0.9839 | Adv accuracy: 0.9839 | Counter-attack accuracy: 0.9973
2026-02-07 14:55:22,868 - ADV_Generation_eps_0.0_steps_0_Added_Noise_uniform_Eps_48.0_Tau_Type_normal_anchors - INFO - Batch 373/2465: Clean accuracy 0.9839 | Adv accuracy: 0.9839 | Counter-attack accuracy: 0.9973
2026-02-07 14:55:23,177 - ADV_Generation_eps_0.0_steps_0_Added_Noise_uniform_Eps_48.0_Tau_Type_normal_anchors - INFO - Batch 374/2465: Clean accuracy 0.9840 | Adv accuracy: 0.9840 | Counter-attack accuracy: 0.9973
2026-02-07 14:55:23,486 - ADV_Generation_eps_0.0_steps_0_Added_Noise_uniform_Eps_48.0_Tau_Type_normal_anchors - INFO - Batch 375/2465: Clean accuracy 0.9840 | Adv accuracy: 0.9840 | Counter-attack accuracy: 0.9973
2026-02-07 14:55:23,795 - ADV_Generation_eps_0.0_steps_0_Added_Noise_uniform_Eps_48.0_Tau_Type_normal_anchors - INFO - Batch 376/2465: Clean accuracy 0.9840 | Adv accuracy: 0.9840 | Counter-attack accuracy: 0.9973
2026-02-07 14:55:24,104 - ADV_Generation_eps_0.0_steps_0_Added_Noise_uniform_Eps_48.0_Tau_Type_normal_anchors - INFO - Batch 377/2465: Clean accuracy 0.9841 | Adv accuracy: 0.9841 | Counter-attack accuracy: 0.9973
2026-02-07 14:55:24,413 - ADV_Generation_eps_0.0_steps_0_Added_Noise_uniform_Eps_48.0_Tau_Type_normal_anchors - INFO - Batch 378/2465: Clean accuracy 0.9841 | Adv accuracy: 0.9841 | Counter-attack accuracy: 0.9974
2026-02-07 14:55:24,721 - ADV_Generation_eps_0.0_steps_0_Added_Noise_uniform_Eps_48.0_Tau_Type_normal_anchors - INFO - Batch 379/2465: Clean accuracy 0.9842 | Adv accuracy: 0.9842 | Counter-attack accuracy: 0.9974
2026-02-07 14:55:25,030 - ADV_Generation_eps_0.0_steps_0_Added_Noise_uniform_Eps_48.0_Tau_Type_normal_anchors - INFO - Batch 380/2465: Clean accuracy 0.9842 | Adv accuracy: 0.9842 | Counter-attack accuracy: 0.9974
2026-02-07 14:55:25,339 - ADV_Generation_eps_0.0_steps_0_Added_Noise_uniform_Eps_48.0_Tau_Type_normal_anchors - INFO - Batch 381/2465: Clean accuracy 0.9843 | Adv accuracy: 0.9843 | Counter-attack accuracy: 0.9974
2026-02-07 14:55:25,649 - ADV_Generation_eps_0.0_steps_0_Added_Noise_uniform_Eps_48.0_Tau_Type_normal_anchors - INFO - Batch 382/2465: Clean accuracy 0.9843 | Adv accuracy: 0.9843 | Counter-attack accuracy: 0.9974
2026-02-07 14:55:25,957 - ADV_Generation_eps_0.0_steps_0_Added_Noise_uniform_Eps_48.0_Tau_Type_normal_anchors - INFO - Batch 383/2465: Clean accuracy 0.9843 | Adv accuracy: 0.9843 | Counter-attack accuracy: 0.9974
2026-02-07 14:55:26,266 - ADV_Generation_eps_0.0_steps_0_Added_Noise_uniform_Eps_48.0_Tau_Type_normal_anchors - INFO - Batch 384/2465: Clean accuracy 0.9844 | Adv accuracy: 0.9844 | Counter-attack accuracy: 0.9974
2026-02-07 14:55:26,604 - ADV_Generation_eps_0.0_steps_0_Added_Noise_uniform_Eps_48.0_Tau_Type_normal_anchors - INFO - Batch 385/2465: Clean accuracy 0.9844 | Adv accuracy: 0.9844 | Counter-attack accuracy: 0.9974
2026-02-07 14:55:26,913 - ADV_Generation_eps_0.0_steps_0_Added_Noise_uniform_Eps_48.0_Tau_Type_normal_anchors - INFO - Batch 386/2465: Clean accuracy 0.9845 | Adv accuracy: 0.9845 | Counter-attack accuracy: 0.9974
2026-02-07 14:55:27,222 - ADV_Generation_eps_0.0_steps_0_Added_Noise_uniform_Eps_48.0_Tau_Type_normal_anchors - INFO - Batch 387/2465: Clean accuracy 0.9845 | Adv accuracy: 0.9845 | Counter-attack accuracy: 0.9974
2026-02-07 14:55:27,531 - ADV_Generation_eps_0.0_steps_0_Added_Noise_uniform_Eps_48.0_Tau_Type_normal_anchors - INFO - Batch 388/2465: Clean accuracy 0.9845 | Adv accuracy: 0.9845 | Counter-attack accuracy: 0.9974
2026-02-07 14:55:27,840 - ADV_Generation_eps_0.0_steps_0_Added_Noise_uniform_Eps_48.0_Tau_Type_normal_anchors - INFO - Batch 389/2465: Clean accuracy 0.9846 | Adv accuracy: 0.9846 | Counter-attack accuracy: 0.9974
2026-02-07 14:55:28,158 - ADV_Generation_eps_0.0_steps_0_Added_Noise_uniform_Eps_48.0_Tau_Type_normal_anchors - INFO - Batch 390/2465: Clean accuracy 0.9846 | Adv accuracy: 0.9846 | Counter-attack accuracy: 0.9974
2026-02-07 14:55:28,467 - ADV_Generation_eps_0.0_steps_0_Added_Noise_uniform_Eps_48.0_Tau_Type_normal_anchors - INFO - Batch 391/2465: Clean accuracy 0.9847 | Adv accuracy: 0.9847 | Counter-attack accuracy: 0.9974
2026-02-07 14:55:28,776 - ADV_Generation_eps_0.0_steps_0_Added_Noise_uniform_Eps_48.0_Tau_Type_normal_anchors - INFO - Batch 392/2465: Clean accuracy 0.9847 | Adv accuracy: 0.9847 | Counter-attack accuracy: 0.9974
2026-02-07 14:55:29,085 - ADV_Generation_eps_0.0_steps_0_Added_Noise_uniform_Eps_48.0_Tau_Type_normal_anchors - INFO - Batch 393/2465: Clean accuracy 0.9847 | Adv accuracy: 0.9847 | Counter-attack accuracy: 0.9975
2026-02-07 14:55:29,394 - ADV_Generation_eps_0.0_steps_0_Added_Noise_uniform_Eps_48.0_Tau_Type_normal_anchors - INFO - Batch 394/2465: Clean accuracy 0.9848 | Adv accuracy: 0.9848 | Counter-attack accuracy: 0.9975
2026-02-07 14:55:29,703 - ADV_Generation_eps_0.0_steps_0_Added_Noise_uniform_Eps_48.0_Tau_Type_normal_anchors - INFO - Batch 395/2465: Clean accuracy 0.9848 | Adv accuracy: 0.9848 | Counter-attack accuracy: 0.9975
2026-02-07 14:55:30,012 - ADV_Generation_eps_0.0_steps_0_Added_Noise_uniform_Eps_48.0_Tau_Type_normal_anchors - INFO - Batch 396/2465: Clean accuracy 0.9848 | Adv accuracy: 0.9848 | Counter-attack accuracy: 0.9975
2026-02-07 14:55:30,321 - ADV_Generation_eps_0.0_steps_0_Added_Noise_uniform_Eps_48.0_Tau_Type_normal_anchors - INFO - Batch 397/2465: Clean accuracy 0.9849 | Adv accuracy: 0.9849 | Counter-attack accuracy: 0.9975
2026-02-07 14:55:30,630 - ADV_Generation_eps_0.0_steps_0_Added_Noise_uniform_Eps_48.0_Tau_Type_normal_anchors - INFO - Batch 398/2465: Clean accuracy 0.9849 | Adv accuracy: 0.9849 | Counter-attack accuracy: 0.9975
2026-02-07 14:55:30,939 - ADV_Generation_eps_0.0_steps_0_Added_Noise_uniform_Eps_48.0_Tau_Type_normal_anchors - INFO - Batch 399/2465: Clean accuracy 0.9850 | Adv accuracy: 0.9850 | Counter-attack accuracy: 0.9975
2026-02-07 14:55:31,248 - ADV_Generation_eps_0.0_steps_0_Added_Noise_uniform_Eps_48.0_Tau_Type_normal_anchors - INFO - Batch 400/2465: Clean accuracy 0.9850 | Adv accuracy: 0.9850 | Counter-attack accuracy: 0.9975
2026-02-07 14:55:31,557 - ADV_Generation_eps_0.0_steps_0_Added_Noise_uniform_Eps_48.0_Tau_Type_normal_anchors - INFO - Batch 401/2465: Clean accuracy 0.9850 | Adv accuracy: 0.9850 | Counter-attack accuracy: 0.9975
2026-02-07 14:55:31,866 - ADV_Generation_eps_0.0_steps_0_Added_Noise_uniform_Eps_48.0_Tau_Type_normal_anchors - INFO - Batch 402/2465: Clean accuracy 0.9851 | Adv accuracy: 0.9851 | Counter-attack accuracy: 0.9975
2026-02-07 14:55:32,175 - ADV_Generation_eps_0.0_steps_0_Added_Noise_uniform_Eps_48.0_Tau_Type_normal_anchors - INFO - Batch 403/2465: Clean accuracy 0.9851 | Adv accuracy: 0.9851 | Counter-attack accuracy: 0.9975
2026-02-07 14:55:32,484 - ADV_Generation_eps_0.0_steps_0_Added_Noise_uniform_Eps_48.0_Tau_Type_normal_anchors - INFO - Batch 404/2465: Clean accuracy 0.9851 | Adv accuracy: 0.9851 | Counter-attack accuracy: 0.9975
2026-02-07 14:55:32,793 - ADV_Generation_eps_0.0_steps_0_Added_Noise_uniform_Eps_48.0_Tau_Type_normal_anchors - INFO - Batch 405/2465: Clean accuracy 0.9852 | Adv accuracy: 0.9852 | Counter-attack accuracy: 0.9975
2026-02-07 14:55:33,102 - ADV_Generation_eps_0.0_steps_0_Added_Noise_uniform_Eps_48.0_Tau_Type_normal_anchors - INFO - Batch 406/2465: Clean accuracy 0.9852 | Adv accuracy: 0.9852 | Counter-attack accuracy: 0.9975
2026-02-07 14:55:33,411 - ADV_Generation_eps_0.0_steps_0_Added_Noise_uniform_Eps_48.0_Tau_Type_normal_anchors - INFO - Batch 407/2465: Clean accuracy 0.9853 | Adv accuracy: 0.9853 | Counter-attack accuracy: 0.9975
2026-02-07 14:55:33,720 - ADV_Generation_eps_0.0_steps_0_Added_Noise_uniform_Eps_48.0_Tau_Type_normal_anchors - INFO - Batch 408/2465: Clean accuracy 0.9853 | Adv accuracy: 0.9853 | Counter-attack accuracy: 0.9975
2026-02-07 14:55:34,029 - ADV_Generation_eps_0.0_steps_0_Added_Noise_uniform_Eps_48.0_Tau_Type_normal_anchors - INFO - Batch 409/2465: Clean accuracy 0.9853 | Adv accuracy: 0.9853 | Counter-attack accuracy: 0.9976
2026-02-07 14:55:34,338 - ADV_Generation_eps_0.0_steps_0_Added_Noise_uniform_Eps_48.0_Tau_Type_normal_anchors - INFO - Batch 410/2465: Clean accuracy 0.9854 | Adv accuracy: 0.9854 | Counter-attack accuracy: 0.9976
2026-02-07 14:55:34,647 - ADV_Generation_eps_0.0_steps_0_Added_Noise_uniform_Eps_48.0_Tau_Type_normal_anchors - INFO - Batch 411/2465: Clean accuracy 0.9854 | Adv accuracy: 0.9854 | Counter-attack accuracy: 0.9976
2026-02-07 14:55:34,957 - ADV_Generation_eps_0.0_steps_0_Added_Noise_uniform_Eps_48.0_Tau_Type_normal_anchors - INFO - Batch 412/2465: Clean accuracy 0.9854 | Adv accuracy: 0.9854 | Counter-attack accuracy: 0.9976
2026-02-07 14:55:35,266 - ADV_Generation_eps_0.0_steps_0_Added_Noise_uniform_Eps_48.0_Tau_Type_normal_anchors - INFO - Batch 413/2465: Clean accuracy 0.9855 | Adv accuracy: 0.9855 | Counter-attack accuracy: 0.9976
2026-02-07 14:55:35,575 - ADV_Generation_eps_0.0_steps_0_Added_Noise_uniform_Eps_48.0_Tau_Type_normal_anchors - INFO - Batch 414/2465: Clean accuracy 0.9855 | Adv accuracy: 0.9855 | Counter-attack accuracy: 0.9976
2026-02-07 14:55:35,884 - ADV_Generation_eps_0.0_steps_0_Added_Noise_uniform_Eps_48.0_Tau_Type_normal_anchors - INFO - Batch 415/2465: Clean accuracy 0.9855 | Adv accuracy: 0.9855 | Counter-attack accuracy: 0.9976
2026-02-07 14:55:36,193 - ADV_Generation_eps_0.0_steps_0_Added_Noise_uniform_Eps_48.0_Tau_Type_normal_anchors - INFO - Batch 416/2465: Clean accuracy 0.9856 | Adv accuracy: 0.9856 | Counter-attack accuracy: 0.9976
2026-02-07 14:55:36,502 - ADV_Generation_eps_0.0_steps_0_Added_Noise_uniform_Eps_48.0_Tau_Type_normal_anchors - INFO - Batch 417/2465: Clean accuracy 0.9856 | Adv accuracy: 0.9856 | Counter-attack accuracy: 0.9976
2026-02-07 14:55:36,811 - ADV_Generation_eps_0.0_steps_0_Added_Noise_uniform_Eps_48.0_Tau_Type_normal_anchors - INFO - Batch 418/2465: Clean accuracy 0.9856 | Adv accuracy: 0.9856 | Counter-attack accuracy: 0.9976
2026-02-07 14:55:37,120 - ADV_Generation_eps_0.0_steps_0_Added_Noise_uniform_Eps_48.0_Tau_Type_normal_anchors - INFO - Batch 419/2465: Clean accuracy 0.9857 | Adv accuracy: 0.9857 | Counter-attack accuracy: 0.9976
2026-02-07 14:55:37,429 - ADV_Generation_eps_0.0_steps_0_Added_Noise_uniform_Eps_48.0_Tau_Type_normal_anchors - INFO - Batch 420/2465: Clean accuracy 0.9857 | Adv accuracy: 0.9857 | Counter-attack accuracy: 0.9976
2026-02-07 14:55:37,738 - ADV_Generation_eps_0.0_steps_0_Added_Noise_uniform_Eps_48.0_Tau_Type_normal_anchors - INFO - Batch 421/2465: Clean accuracy 0.9857 | Adv accuracy: 0.9857 | Counter-attack accuracy: 0.9976
2026-02-07 14:55:38,047 - ADV_Generation_eps_0.0_steps_0_Added_Noise_uniform_Eps_48.0_Tau_Type_normal_anchors - INFO - Batch 422/2465: Clean accuracy 0.9858 | Adv accuracy: 0.9858 | Counter-attack accuracy: 0.9976
2026-02-07 14:55:38,356 - ADV_Generation_eps_0.0_steps_0_Added_Noise_uniform_Eps_48.0_Tau_Type_normal_anchors - INFO - Batch 423/2465: Clean accuracy 0.9858 | Adv accuracy: 0.9858 | Counter-attack accuracy: 0.9976
2026-02-07 14:55:38,665 - ADV_Generation_eps_0.0_steps_0_Added_Noise_uniform_Eps_48.0_Tau_Type_normal_anchors - INFO - Batch 424/2465: Clean accuracy 0.9858 | Adv accuracy: 0.9858 | Counter-attack accuracy: 0.9976
2026-02-07 14:55:38,974 - ADV_Generation_eps_0.0_steps_0_Added_Noise_uniform_Eps_48.0_Tau_Type_normal_anchors - INFO - Batch 425/2465: Clean accuracy 0.9859 | Adv accuracy: 0.9859 | Counter-attack accuracy: 0.9976
2026-02-07 14:55:39,282 - ADV_Generation_eps_0.0_steps_0_Added_Noise_uniform_Eps_48.0_Tau_Type_normal_anchors - INFO - Batch 426/2465: Clean accuracy 0.9859 | Adv accuracy: 0.9859 | Counter-attack accuracy: 0.9977
2026-02-07 14:55:39,591 - ADV_Generation_eps_0.0_steps_0_Added_Noise_uniform_Eps_48.0_Tau_Type_normal_anchors - INFO - Batch 427/2465: Clean accuracy 0.9859 | Adv accuracy: 0.9859 | Counter-attack accuracy: 0.9977
2026-02-07 14:55:39,900 - ADV_Generation_eps_0.0_steps_0_Added_Noise_uniform_Eps_48.0_Tau_Type_normal_anchors - INFO - Batch 428/2465: Clean accuracy 0.9860 | Adv accuracy: 0.9860 | Counter-attack accuracy: 0.9977
2026-02-07 14:55:40,209 - ADV_Generation_eps_0.0_steps_0_Added_Noise_uniform_Eps_48.0_Tau_Type_normal_anchors - INFO - Batch 429/2465: Clean accuracy 0.9860 | Adv accuracy: 0.9860 | Counter-attack accuracy: 0.9977
2026-02-07 14:55:40,518 - ADV_Generation_eps_0.0_steps_0_Added_Noise_uniform_Eps_48.0_Tau_Type_normal_anchors - INFO - Batch 430/2465: Clean accuracy 0.9860 | Adv accuracy: 0.9860 | Counter-attack accuracy: 0.9977
2026-02-07 14:55:40,827 - ADV_Generation_eps_0.0_steps_0_Added_Noise_uniform_Eps_48.0_Tau_Type_normal_anchors - INFO - Batch 431/2465: Clean accuracy 0.9861 | Adv accuracy: 0.9861 | Counter-attack accuracy: 0.9977
2026-02-07 14:55:41,136 - ADV_Generation_eps_0.0_steps_0_Added_Noise_uniform_Eps_48.0_Tau_Type_normal_anchors - INFO - Batch 432/2465: Clean accuracy 0.9861 | Adv accuracy: 0.9861 | Counter-attack accuracy: 0.9977
2026-02-07 14:55:41,445 - ADV_Generation_eps_0.0_steps_0_Added_Noise_uniform_Eps_48.0_Tau_Type_normal_anchors - INFO - Batch 433/2465: Clean accuracy 0.9861 | Adv accuracy: 0.9861 | Counter-attack accuracy: 0.9977
2026-02-07 14:55:41,754 - ADV_Generation_eps_0.0_steps_0_Added_Noise_uniform_Eps_48.0_Tau_Type_normal_anchors - INFO - Batch 434/2465: Clean accuracy 0.9862 | Adv accuracy: 0.9862 | Counter-attack accuracy: 0.9977
2026-02-07 14:55:42,063 - ADV_Generation_eps_0.0_steps_0_Added_Noise_uniform_Eps_48.0_Tau_Type_normal_anchors - INFO - Batch 435/2465: Clean accuracy 0.9862 | Adv accuracy: 0.9862 | Counter-attack accuracy: 0.9977
2026-02-07 14:55:42,372 - ADV_Generation_eps_0.0_steps_0_Added_Noise_uniform_Eps_48.0_Tau_Type_normal_anchors - INFO - Batch 436/2465: Clean accuracy 0.9862 | Adv accuracy: 0.9862 | Counter-attack accuracy: 0.9977
2026-02-07 14:55:42,681 - ADV_Generation_eps_0.0_steps_0_Added_Noise_uniform_Eps_48.0_Tau_Type_normal_anchors - INFO - Batch 437/2465: Clean accuracy 0.9863 | Adv accuracy: 0.9863 | Counter-attack accuracy: 0.9977
2026-02-07 14:55:42,990 - ADV_Generation_eps_0.0_steps_0_Added_Noise_uniform_Eps_48.0_Tau_Type_normal_anchors - INFO - Batch 438/2465: Clean accuracy 0.9863 | Adv accuracy: 0.9863 | Counter-attack accuracy: 0.9977
2026-02-07 14:55:43,299 - ADV_Generation_eps_0.0_steps_0_Added_Noise_uniform_Eps_48.0_Tau_Type_normal_anchors - INFO - Batch 439/2465: Clean accuracy 0.9863 | Adv accuracy: 0.9863 | Counter-attack accuracy: 0.9977
2026-02-07 14:55:43,608 - ADV_Generation_eps_0.0_steps_0_Added_Noise_uniform_Eps_48.0_Tau_Type_normal_anchors - INFO - Batch 440/2465: Clean accuracy 0.9864 | Adv accuracy: 0.9864 | Counter-attack accuracy: 0.9977
2026-02-07 14:55:43,917 - ADV_Generation_eps_0.0_steps_0_Added_Noise_uniform_Eps_48.0_Tau_Type_normal_anchors - INFO - Batch 441/2465: Clean accuracy 0.9864 | Adv accuracy: 0.9864 | Counter-attack accuracy: 0.9977
2026-02-07 14:55:44,226 - ADV_Generation_eps_0.0_steps_0_Added_Noise_uniform_Eps_48.0_Tau_Type_normal_anchors - INFO - Batch 442/2465: Clean accuracy 0.9864 | Adv accuracy: 0.9864 | Counter-attack accuracy: 0.9977
2026-02-07 14:55:44,535 - ADV_Generation_eps_0.0_steps_0_Added_Noise_uniform_Eps_48.0_Tau_Type_normal_anchors - INFO - Batch 443/2465: Clean accuracy 0.9865 | Adv accuracy: 0.9865 | Counter-attack accuracy: 0.9977
2026-02-07 14:55:44,844 - ADV_Generation_eps_0.0_steps_0_Added_Noise_uniform_Eps_48.0_Tau_Type_normal_anchors - INFO - Batch 444/2465: Clean accuracy 0.9865 | Adv accuracy: 0.9865 | Counter-attack accuracy: 0.9977
2026-02-07 14:55:45,153 - ADV_Generation_eps_0.0_steps_0_Added_Noise_uniform_Eps_48.0_Tau_Type_normal_anchors - INFO - Batch 445/2465: Clean accuracy 0.9865 | Adv accuracy: 0.9865 | Counter-attack accuracy: 0.9978
2026-02-07 14:55:45,461 - ADV_Generation_eps_0.0_steps_0_Added_Noise_uniform_Eps_48.0_Tau_Type_normal_anchors - INFO - Batch 446/2465: Clean accuracy 0.9865 | Adv accuracy: 0.9865 | Counter-attack accuracy: 0.9978
2026-02-07 14:55:45,770 - ADV_Generation_eps_0.0_steps_0_Added_Noise_uniform_Eps_48.0_Tau_Type_normal_anchors - INFO - Batch 447/2465: Clean accuracy 0.9866 | Adv accuracy: 0.9866 | Counter-attack accuracy: 0.9978
2026-02-07 14:55:46,079 - ADV_Generation_eps_0.0_steps_0_Added_Noise_uniform_Eps_48.0_Tau_Type_normal_anchors - INFO - Batch 448/2465: Clean accuracy 0.9866 | Adv accuracy: 0.9866 | Counter-attack accuracy: 0.9978
2026-02-07 14:55:46,388 - ADV_Generation_eps_0.0_steps_0_Added_Noise_uniform_Eps_48.0_Tau_Type_normal_anchors - INFO - Batch 449/2465: Clean accuracy 0.9866 | Adv accuracy: 0.9866 | Counter-attack accuracy: 0.9978
2026-02-07 14:55:46,697 - ADV_Generation_eps_0.0_steps_0_Added_Noise_uniform_Eps_48.0_Tau_Type_normal_anchors - INFO - Batch 450/2465: Clean accuracy 0.9867 | Adv accuracy: 0.9867 | Counter-attack accuracy: 0.9978
2026-02-07 14:55:47,006 - ADV_Generation_eps_0.0_steps_0_Added_Noise_uniform_Eps_48.0_Tau_Type_normal_anchors - INFO - Batch 451/2465: Clean accuracy 0.9867 | Adv accuracy: 0.9867 | Counter-attack accuracy: 0.9978
2026-02-07 14:55:47,315 - ADV_Generation_eps_0.0_steps_0_Added_Noise_uniform_Eps_48.0_Tau_Type_normal_anchors - INFO - Batch 452/2465: Clean accuracy 0.9867 | Adv accuracy: 0.9867 | Counter-attack accuracy: 0.9978
2026-02-07 14:55:47,624 - ADV_Generation_eps_0.0_steps_0_Added_Noise_uniform_Eps_48.0_Tau_Type_normal_anchors - INFO - Batch 453/2465: Clean accuracy 0.9868 | Adv accuracy: 0.9868 | Counter-attack accuracy: 0.9978
2026-02-07 14:55:47,933 - ADV_Generation_eps_0.0_steps_0_Added_Noise_uniform_Eps_48.0_Tau_Type_normal_anchors - INFO - Batch 454/2465: Clean accuracy 0.9868 | Adv accuracy: 0.9868 | Counter-attack accuracy: 0.9978
2026-02-07 14:55:48,242 - ADV_Generation_eps_0.0_steps_0_Added_Noise_uniform_Eps_48.0_Tau_Type_normal_anchors - INFO - Batch 455/2465: Clean accuracy 0.9868 | Adv accuracy: 0.9868 | Counter-attack accuracy: 0.9978
2026-02-07 14:55:48,551 - ADV_Generation_eps_0.0_steps_0_Added_Noise_uniform_Eps_48.0_Tau_Type_normal_anchors - INFO - Batch 456/2465: Clean accuracy 0.9868 | Adv accuracy: 0.9868 | Counter-attack accuracy: 0.9978
2026-02-07 14:55:48,860 - ADV_Generation_eps_0.0_steps_0_Added_Noise_uniform_Eps_48.0_Tau_Type_normal_anchors - INFO - Batch 457/2465: Clean accuracy 0.9869 | Adv accuracy: 0.9869 | Counter-attack accuracy: 0.9978
2026-02-07 14:55:49,169 - ADV_Generation_eps_0.0_steps_0_Added_Noise_uniform_Eps_48.0_Tau_Type_normal_anchors - INFO - Batch 458/2465: Clean accuracy 0.9869 | Adv accuracy: 0.9869 | Counter-attack accuracy: 0.9978
2026-02-07 14:55:49,478 - ADV_Generation_eps_0.0_steps_0_Added_Noise_uniform_Eps_48.0_Tau_Type_normal_anchors - INFO - Batch 459/2465: Clean accuracy 0.9869 | Adv accuracy: 0.9869 | Counter-attack accuracy: 0.9978
2026-02-07 14:55:49,787 - ADV_Generation_eps_0.0_steps_0_Added_Noise_uniform_Eps_48.0_Tau_Type_normal_anchors - INFO - Batch 460/2465: Clean accuracy 0.9870 | Adv accuracy: 0.9870 | Counter-attack accuracy: 0.9978
2026-02-07 14:55:50,096 - ADV_Generation_eps_0.0_steps_0_Added_Noise_uniform_Eps_48.0_Tau_Type_normal_anchors - INFO - Batch 461/2465: Clean accuracy 0.9870 | Adv accuracy: 0.9870 | Counter-attack accuracy: 0.9978
2026-02-07 14:55:50,405 - ADV_Generation_eps_0.0_steps_0_Added_Noise_uniform_Eps_48.0_Tau_Type_normal_anchors - INFO - Batch 462/2465: Clean accuracy 0.9870 | Adv accuracy: 0.9870 | Counter-attack accuracy: 0.9978
2026-02-07 14:55:50,713 - ADV_Generation_eps_0.0_steps_0_Added_Noise_uniform_Eps_48.0_Tau_Type_normal_anchors - INFO - Batch 463/2465: Clean accuracy 0.9870 | Adv accuracy: 0.9870 | Counter-attack accuracy: 0.9978
2026-02-07 14:55:51,022 - ADV_Generation_eps_0.0_steps_0_Added_Noise_uniform_Eps_48.0_Tau_Type_normal_anchors - INFO - Batch 464/2465: Clean accuracy 0.9871 | Adv accuracy: 0.9871 | Counter-attack accuracy: 0.9978
2026-02-07 14:55:51,331 - ADV_Generation_eps_0.0_steps_0_Added_Noise_uniform_Eps_48.0_Tau_Type_normal_anchors - INFO - Batch 465/2465: Clean accuracy 0.9871 | Adv accuracy: 0.9871 | Counter-attack accuracy: 0.9978
2026-02-07 14:55:51,640 - ADV_Generation_eps_0.0_steps_0_Added_Noise_uniform_Eps_48.0_Tau_Type_normal_anchors - INFO - Batch 466/2465: Clean accuracy 0.9871 | Adv accuracy: 0.9871 | Counter-attack accuracy: 0.9979
2026-02-07 14:55:51,949 - ADV_Generation_eps_0.0_steps_0_Added_Noise_uniform_Eps_48.0_Tau_Type_normal_anchors - INFO - Batch 467/2465: Clean accuracy 0.9872 | Adv accuracy: 0.9872 | Counter-attack accuracy: 0.9979
2026-02-07 14:55:52,258 - ADV_Generation_eps_0.0_steps_0_Added_Noise_uniform_Eps_48.0_Tau_Type_normal_anchors - INFO - Batch 468/2465: Clean accuracy 0.9872 | Adv accuracy: 0.9872 | Counter-attack accuracy: 0.9979
2026-02-07 14:55:52,567 - ADV_Generation_eps_0.0_steps_0_Added_Noise_uniform_Eps_48.0_Tau_Type_normal_anchors - INFO - Batch 469/2465: Clean accuracy 0.9872 | Adv accuracy: 0.9872 | Counter-attack accuracy: 0.9979
2026-02-07 14:55:52,876 - ADV_Generation_eps_0.0_steps_0_Added_Noise_uniform_Eps_48.0_Tau_Type_normal_anchors - INFO - Batch 470/2465: Clean accuracy 0.9872 | Adv accuracy: 0.9872 | Counter-attack accuracy: 0.9979
2026-02-07 14:55:53,185 - ADV_Generation_eps_0.0_steps_0_Added_Noise_uniform_Eps_48.0_Tau_Type_normal_anchors - INFO - Batch 471/2465: Clean accuracy 0.9873 | Adv accuracy: 0.9873 | Counter-attack accuracy: 0.9979
2026-02-07 14:55:53,493 - ADV_Generation_eps_0.0_steps_0_Added_Noise_uniform_Eps_48.0_Tau_Type_normal_anchors - INFO - Batch 472/2465: Clean accuracy 0.9873 | Adv accuracy: 0.9873 | Counter-attack accuracy: 0.9979
2026-02-07 14:55:53,802 - ADV_Generation_eps_0.0_steps_0_Added_Noise_uniform_Eps_48.0_Tau_Type_normal_anchors - INFO - Batch 473/2465: Clean accuracy 0.9873 | Adv accuracy: 0.9873 | Counter-attack accuracy: 0.9979
2026-02-07 14:55:54,111 - ADV_Generation_eps_0.0_steps_0_Added_Noise_uniform_Eps_48.0_Tau_Type_normal_anchors - INFO - Batch 474/2465: Clean accuracy 0.9873 | Adv accuracy: 0.9873 | Counter-attack accuracy: 0.9979
2026-02-07 14:55:54,420 - ADV_Generation_eps_0.0_steps_0_Added_Noise_uniform_Eps_48.0_Tau_Type_normal_anchors - INFO - Batch 475/2465: Clean accuracy 0.9874 | Adv accuracy: 0.9874 | Counter-attack accuracy: 0.9979
2026-02-07 14:55:54,729 - ADV_Generation_eps_0.0_steps_0_Added_Noise_uniform_Eps_48.0_Tau_Type_normal_anchors - INFO - Batch 476/2465: Clean accuracy 0.9874 | Adv accuracy: 0.9874 | Counter-attack accuracy: 0.9979
2026-02-07 14:55:55,038 - ADV_Generation_eps_0.0_steps_0_Added_Noise_uniform_Eps_48.0_Tau_Type_normal_anchors - INFO - Batch 477/2465: Clean accuracy 0.9874 | Adv accuracy: 0.9874 | Counter-attack accuracy: 0.9979
2026-02-07 14:55:55,347 - ADV_Generation_eps_0.0_steps_0_Added_Noise_uniform_Eps_48.0_Tau_Type_normal_anchors - INFO - Batch 478/2465: Clean accuracy 0.9874 | Adv accuracy: 0.9874 | Counter-attack accuracy: 0.9979
2026-02-07 14:55:55,656 - ADV_Generation_eps_0.0_steps_0_Added_Noise_uniform_Eps_48.0_Tau_Type_normal_anchors - INFO - Batch 479/2465: Clean accuracy 0.9875 | Adv accuracy: 0.9875 | Counter-attack accuracy: 0.9979
2026-02-07 14:55:55,965 - ADV_Generation_eps_0.0_steps_0_Added_Noise_uniform_Eps_48.0_Tau_Type_normal_anchors - INFO - Batch 480/2465: Clean accuracy 0.9875 | Adv accuracy: 0.9875 | Counter-attack accuracy: 0.9958
2026-02-07 14:55:56,280 - ADV_Generation_eps_0.0_steps_0_Added_Noise_uniform_Eps_48.0_Tau_Type_normal_anchors - INFO - Batch 481/2465: Clean accuracy 0.9875 | Adv accuracy: 0.9875 | Counter-attack accuracy: 0.9958
2026-02-07 14:55:56,589 - ADV_Generation_eps_0.0_steps_0_Added_Noise_uniform_Eps_48.0_Tau_Type_normal_anchors - INFO - Batch 482/2465: Clean accuracy 0.9876 | Adv accuracy: 0.9876 | Counter-attack accuracy: 0.9959
2026-02-07 14:55:56,898 - ADV_Generation_eps_0.0_steps_0_Added_Noise_uniform_Eps_48.0_Tau_Type_normal_anchors - INFO - Batch 483/2465: Clean accuracy 0.9876 | Adv accuracy: 0.9876 | Counter-attack accuracy: 0.9959
2026-02-07 14:55:57,207 - ADV_Generation_eps_0.0_steps_0_Added_Noise_uniform_Eps_48.0_Tau_Type_normal_anchors - INFO - Batch 484/2465: Clean accuracy 0.9876 | Adv accuracy: 0.9876 | Counter-attack accuracy: 0.9959
2026-02-07 14:55:57,516 - ADV_Generation_eps_0.0_steps_0_Added_Noise_uniform_Eps_48.0_Tau_Type_normal_anchors - INFO - Batch 485/2465: Clean accuracy 0.9876 | Adv accuracy: 0.9876 | Counter-attack accuracy: 0.9959
2026-02-07 14:55:57,825 - ADV_Generation_eps_0.0_steps_0_Added_Noise_uniform_Eps_48.0_Tau_Type_normal_anchors - INFO - Batch 486/2465: Clean accuracy 0.9877 | Adv accuracy: 0.9877 | Counter-attack accuracy: 0.9959
2026-02-07 14:55:58,134 - ADV_Generation_eps_0.0_steps_0_Added_Noise_uniform_Eps_48.0_Tau_Type_normal_anchors - INFO - Batch 487/2465: Clean accuracy 0.9877 | Adv accuracy: 0.9877 | Counter-attack accuracy: 0.9959
2026-02-07 14:55:58,443 - ADV_Generation_eps_0.0_steps_0_Added_Noise_uniform_Eps_48.0_Tau_Type_normal_anchors - INFO - Batch 488/2465: Clean accuracy 0.9877 | Adv accuracy: 0.9877 | Counter-attack accuracy: 0.9959
2026-02-07 14:55:58,752 - ADV_Generation_eps_0.0_steps_0_Added_Noise_uniform_Eps_48.0_Tau_Type_normal_anchors - INFO - Batch 489/2465: Clean accuracy 0.9877 | Adv accuracy: 0.9877 | Counter-attack accuracy: 0.9959
2026-02-07 14:55:59,061 - ADV_Generation_eps_0.0_steps_0_Added_Noise_uniform_Eps_48.0_Tau_Type_normal_anchors - INFO - Batch 490/2465: Clean accuracy 0.9878 | Adv accuracy: 0.9878 | Counter-attack accuracy: 0.9959
2026-02-07 14:55:59,369 - ADV_Generation_eps_0.0_steps_0_Added_Noise_uniform_Eps_48.0_Tau_Type_normal_anchors - INFO - Batch 491/2465: Clean accuracy 0.9878 | Adv accuracy: 0.9878 | Counter-attack accuracy: 0.9959
2026-02-07 14:55:59,678 - ADV_Generation_eps_0.0_steps_0_Added_Noise_uniform_Eps_48.0_Tau_Type_normal_anchors - INFO - Batch 492/2465: Clean accuracy 0.9878 | Adv accuracy: 0.9878 | Counter-attack accuracy: 0.9959
2026-02-07 14:55:59,987 - ADV_Generation_eps_0.0_steps_0_Added_Noise_uniform_Eps_48.0_Tau_Type_normal_anchors - INFO - Batch 493/2465: Clean accuracy 0.9878 | Adv accuracy: 0.9878 | Counter-attack accuracy: 0.9959
2026-02-07 14:56:00,296 - ADV_Generation_eps_0.0_steps_0_Added_Noise_uniform_Eps_48.0_Tau_Type_normal_anchors - INFO - Batch 494/2465: Clean accuracy 0.9879 | Adv accuracy: 0.9879 | Counter-attack accuracy: 0.9960
2026-02-07 14:56:00,605 - ADV_Generation_eps_0.0_steps_0_Added_Noise_uniform_Eps_48.0_Tau_Type_normal_anchors - INFO - Batch 495/2465: Clean accuracy 0.9879 | Adv accuracy: 0.9879 | Counter-attack accuracy: 0.9960
2026-02-07 14:56:00,914 - ADV_Generation_eps_0.0_steps_0_Added_Noise_uniform_Eps_48.0_Tau_Type_normal_anchors - INFO - Batch 496/2465: Clean accuracy 0.9879 | Adv accuracy: 0.9879 | Counter-attack accuracy: 0.9960
2026-02-07 14:56:01,223 - ADV_Generation_eps_0.0_steps_0_Added_Noise_uniform_Eps_48.0_Tau_Type_normal_anchors - INFO - Batch 497/2465: Clean accuracy 0.9879 | Adv accuracy: 0.9879 | Counter-attack accuracy: 0.9960
2026-02-07 14:56:01,532 - ADV_Generation_eps_0.0_steps_0_Added_Noise_uniform_Eps_48.0_Tau_Type_normal_anchors - INFO - Batch 498/2465: Clean accuracy 0.9880 | Adv accuracy: 0.9880 | Counter-attack accuracy: 0.9960
2026-02-07 14:56:01,841 - ADV_Generation_eps_0.0_steps_0_Added_Noise_uniform_Eps_48.0_Tau_Type_normal_anchors - INFO - Batch 499/2465: Clean accuracy 0.9880 | Adv accuracy: 0.9880 | Counter-attack accuracy: 0.9960
2026-02-07 14:56:02,150 - ADV_Generation_eps_0.0_steps_0_Added_Noise_uniform_Eps_48.0_Tau_Type_normal_anchors - INFO - Batch 500/2465: Clean accuracy 0.9880 | Adv accuracy: 0.9880 | Counter-attack accuracy: 0.9960
2026-02-07 14:56:02,459 - ADV_Generation_eps_0.0_steps_0_Added_Noise_uniform_Eps_48.0_Tau_Type_normal_anchors - INFO - Batch 501/2465: Clean accuracy 0.9880 | Adv accuracy: 0.9880 | Counter-attack accuracy: 0.9960
2026-02-07 14:56:02,767 - ADV_Generation_eps_0.0_steps_0_Added_Noise_uniform_Eps_48.0_Tau_Type_normal_anchors - INFO - Batch 502/2465: Clean accuracy 0.9880 | Adv accuracy: 0.9880 | Counter-attack accuracy: 0.9960
2026-02-07 14:56:03,076 - ADV_Generation_eps_0.0_steps_0_Added_Noise_uniform_Eps_48.0_Tau_Type_normal_anchors - INFO - Batch 503/2465: Clean accuracy 0.9881 | Adv accuracy: 0.9881 | Counter-attack accuracy: 0.9960
2026-02-07 14:56:03,386 - ADV_Generation_eps_0.0_steps_0_Added_Noise_uniform_Eps_48.0_Tau_Type_normal_anchors - INFO - Batch 504/2465: Clean accuracy 0.9881 | Adv accuracy: 0.9881 | Counter-attack accuracy: 0.9960
2026-02-07 14:56:03,694 - ADV_Generation_eps_0.0_steps_0_Added_Noise_uniform_Eps_48.0_Tau_Type_normal_anchors - INFO - Batch 505/2465: Clean accuracy 0.9881 | Adv accuracy: 0.9881 | Counter-attack accuracy: 0.9960
2026-02-07 14:56:04,003 - ADV_Generation_eps_0.0_steps_0_Added_Noise_uniform_Eps_48.0_Tau_Type_normal_anchors - INFO - Batch 506/2465: Clean accuracy 0.9881 | Adv accuracy: 0.9881 | Counter-attack accuracy: 0.9960
2026-02-07 14:56:04,312 - ADV_Generation_eps_0.0_steps_0_Added_Noise_uniform_Eps_48.0_Tau_Type_normal_anchors - INFO - Batch 507/2465: Clean accuracy 0.9882 | Adv accuracy: 0.9882 | Counter-attack accuracy: 0.9961
2026-02-07 14:56:04,621 - ADV_Generation_eps_0.0_steps_0_Added_Noise_uniform_Eps_48.0_Tau_Type_normal_anchors - INFO - Batch 508/2465: Clean accuracy 0.9882 | Adv accuracy: 0.9882 | Counter-attack accuracy: 0.9961
2026-02-07 14:56:04,930 - ADV_Generation_eps_0.0_steps_0_Added_Noise_uniform_Eps_48.0_Tau_Type_normal_anchors - INFO - Batch 509/2465: Clean accuracy 0.9882 | Adv accuracy: 0.9882 | Counter-attack accuracy: 0.9961
2026-02-07 14:56:05,239 - ADV_Generation_eps_0.0_steps_0_Added_Noise_uniform_Eps_48.0_Tau_Type_normal_anchors - INFO - Batch 510/2465: Clean accuracy 0.9882 | Adv accuracy: 0.9882 | Counter-attack accuracy: 0.9961
2026-02-07 14:56:05,548 - ADV_Generation_eps_0.0_steps_0_Added_Noise_uniform_Eps_48.0_Tau_Type_normal_anchors - INFO - Batch 511/2465: Clean accuracy 0.9883 | Adv accuracy: 0.9883 | Counter-attack accuracy: 0.9961
2026-02-07 14:56:05,857 - ADV_Generation_eps_0.0_steps_0_Added_Noise_uniform_Eps_48.0_Tau_Type_normal_anchors - INFO - Batch 512/2465: Clean accuracy 0.9883 | Adv accuracy: 0.9883 | Counter-attack accuracy: 0.9961
2026-02-07 14:56:06,165 - ADV_Generation_eps_0.0_steps_0_Added_Noise_uniform_Eps_48.0_Tau_Type_normal_anchors - INFO - Batch 513/2465: Clean accuracy 0.9883 | Adv accuracy: 0.9883 | Counter-attack accuracy: 0.9961
2026-02-07 14:56:06,474 - ADV_Generation_eps_0.0_steps_0_Added_Noise_uniform_Eps_48.0_Tau_Type_normal_anchors - INFO - Batch 514/2465: Clean accuracy 0.9883 | Adv accuracy: 0.9883 | Counter-attack accuracy: 0.9961
2026-02-07 14:56:06,783 - ADV_Generation_eps_0.0_steps_0_Added_Noise_uniform_Eps_48.0_Tau_Type_normal_anchors - INFO - Batch 515/2465: Clean accuracy 0.9883 | Adv accuracy: 0.9883 | Counter-attack accuracy: 0.9961
2026-02-07 14:56:07,092 - ADV_Generation_eps_0.0_steps_0_Added_Noise_uniform_Eps_48.0_Tau_Type_normal_anchors - INFO - Batch 516/2465: Clean accuracy 0.9884 | Adv accuracy: 0.9884 | Counter-attack accuracy: 0.9961
2026-02-07 14:56:07,401 - ADV_Generation_eps_0.0_steps_0_Added_Noise_uniform_Eps_48.0_Tau_Type_normal_anchors - INFO - Batch 517/2465: Clean accuracy 0.9884 | Adv accuracy: 0.9884 | Counter-attack accuracy: 0.9961
2026-02-07 14:56:07,710 - ADV_Generation_eps_0.0_steps_0_Added_Noise_uniform_Eps_48.0_Tau_Type_normal_anchors - INFO - Batch 518/2465: Clean accuracy 0.9884 | Adv accuracy: 0.9884 | Counter-attack accuracy: 0.9961
2026-02-07 14:56:08,035 - ADV_Generation_eps_0.0_steps_0_Added_Noise_uniform_Eps_48.0_Tau_Type_normal_anchors - INFO - Batch 519/2465: Clean accuracy 0.9884 | Adv accuracy: 0.9884 | Counter-attack accuracy: 0.9961
2026-02-07 14:56:08,344 - ADV_Generation_eps_0.0_steps_0_Added_Noise_uniform_Eps_48.0_Tau_Type_normal_anchors - INFO - Batch 520/2465: Clean accuracy 0.9885 | Adv accuracy: 0.9885 | Counter-attack accuracy: 0.9962
2026-02-07 14:56:08,653 - ADV_Generation_eps_0.0_steps_0_Added_Noise_uniform_Eps_48.0_Tau_Type_normal_anchors - INFO - Batch 521/2465: Clean accuracy 0.9885 | Adv accuracy: 0.9885 | Counter-attack accuracy: 0.9962
2026-02-07 14:56:08,962 - ADV_Generation_eps_0.0_steps_0_Added_Noise_uniform_Eps_48.0_Tau_Type_normal_anchors - INFO - Batch 522/2465: Clean accuracy 0.9885 | Adv accuracy: 0.9885 | Counter-attack accuracy: 0.9962
2026-02-07 14:56:09,271 - ADV_Generation_eps_0.0_steps_0_Added_Noise_uniform_Eps_48.0_Tau_Type_normal_anchors - INFO - Batch 523/2465: Clean accuracy 0.9885 | Adv accuracy: 0.9885 | Counter-attack accuracy: 0.9962
2026-02-07 14:56:09,580 - ADV_Generation_eps_0.0_steps_0_Added_Noise_uniform_Eps_48.0_Tau_Type_normal_anchors - INFO - Batch 524/2465: Clean accuracy 0.9885 | Adv accuracy: 0.9885 | Counter-attack accuracy: 0.9962
2026-02-07 14:56:09,889 - ADV_Generation_eps_0.0_steps_0_Added_Noise_uniform_Eps_48.0_Tau_Type_normal_anchors - INFO - Batch 525/2465: Clean accuracy 0.9886 | Adv accuracy: 0.9886 | Counter-attack accuracy: 0.9962
2026-02-07 14:56:10,198 - ADV_Generation_eps_0.0_steps_0_Added_Noise_uniform_Eps_48.0_Tau_Type_normal_anchors - INFO - Batch 526/2465: Clean accuracy 0.9886 | Adv accuracy: 0.9886 | Counter-attack accuracy: 0.9962
2026-02-07 14:56:10,507 - ADV_Generation_eps_0.0_steps_0_Added_Noise_uniform_Eps_48.0_Tau_Type_normal_anchors - INFO - Batch 527/2465: Clean accuracy 0.9886 | Adv accuracy: 0.9886 | Counter-attack accuracy: 0.9962
2026-02-07 14:56:10,816 - ADV_Generation_eps_0.0_steps_0_Added_Noise_uniform_Eps_48.0_Tau_Type_normal_anchors - INFO - Batch 528/2465: Clean accuracy 0.9886 | Adv accuracy: 0.9886 | Counter-attack accuracy: 0.9962
2026-02-07 14:56:11,125 - ADV_Generation_eps_0.0_steps_0_Added_Noise_uniform_Eps_48.0_Tau_Type_normal_anchors - INFO - Batch 529/2465: Clean accuracy 0.9887 | Adv accuracy: 0.9887 | Counter-attack accuracy: 0.9962
2026-02-07 14:56:11,434 - ADV_Generation_eps_0.0_steps_0_Added_Noise_uniform_Eps_48.0_Tau_Type_normal_anchors - INFO - Batch 530/2465: Clean accuracy 0.9887 | Adv accuracy: 0.9887 | Counter-attack accuracy: 0.9962
2026-02-07 14:56:11,743 - ADV_Generation_eps_0.0_steps_0_Added_Noise_uniform_Eps_48.0_Tau_Type_normal_anchors - INFO - Batch 531/2465: Clean accuracy 0.9887 | Adv accuracy: 0.9887 | Counter-attack accuracy: 0.9962
2026-02-07 14:56:12,052 - ADV_Generation_eps_0.0_steps_0_Added_Noise_uniform_Eps_48.0_Tau_Type_normal_anchors - INFO - Batch 532/2465: Clean accuracy 0.9887 | Adv accuracy: 0.9887 | Counter-attack accuracy: 0.9962
2026-02-07 14:56:12,361 - ADV_Generation_eps_0.0_steps_0_Added_Noise_uniform_Eps_48.0_Tau_Type_normal_anchors - INFO - Batch 533/2465: Clean accuracy 0.9887 | Adv accuracy: 0.9887 | Counter-attack accuracy: 0.9962
2026-02-07 14:56:12,670 - ADV_Generation_eps_0.0_steps_0_Added_Noise_uniform_Eps_48.0_Tau_Type_normal_anchors - INFO - Batch 534/2465: Clean accuracy 0.9888 | Adv accuracy: 0.9888 | Counter-attack accuracy: 0.9963
2026-02-07 14:56:12,978 - ADV_Generation_eps_0.0_steps_0_Added_Noise_uniform_Eps_48.0_Tau_Type_normal_anchors - INFO - Batch 535/2465: Clean accuracy 0.9888 | Adv accuracy: 0.9888 | Counter-attack accuracy: 0.9963
2026-02-07 14:56:13,287 - ADV_Generation_eps_0.0_steps_0_Added_Noise_uniform_Eps_48.0_Tau_Type_normal_anchors - INFO - Batch 536/2465: Clean accuracy 0.9888 | Adv accuracy: 0.9888 | Counter-attack accuracy: 0.9963
2026-02-07 14:56:13,596 - ADV_Generation_eps_0.0_steps_0_Added_Noise_uniform_Eps_48.0_Tau_Type_normal_anchors - INFO - Batch 537/2465: Clean accuracy 0.9888 | Adv accuracy: 0.9888 | Counter-attack accuracy: 0.9963
2026-02-07 14:56:13,905 - ADV_Generation_eps_0.0_steps_0_Added_Noise_uniform_Eps_48.0_Tau_Type_normal_anchors - INFO - Batch 538/2465: Clean accuracy 0.9888 | Adv accuracy: 0.9888 | Counter-attack accuracy: 0.9963
2026-02-07 14:56:14,214 - ADV_Generation_eps_0.0_steps_0_Added_Noise_uniform_Eps_48.0_Tau_Type_normal_anchors - INFO - Batch 539/2465: Clean accuracy 0.9889 | Adv accuracy: 0.9889 | Counter-attack accuracy: 0.9963
2026-02-07 14:56:14,524 - ADV_Generation_eps_0.0_steps_0_Added_Noise_uniform_Eps_48.0_Tau_Type_normal_anchors - INFO - Batch 540/2465: Clean accuracy 0.9889 | Adv accuracy: 0.9889 | Counter-attack accuracy: 0.9963
2026-02-07 14:56:14,833 - ADV_Generation_eps_0.0_steps_0_Added_Noise_uniform_Eps_48.0_Tau_Type_normal_anchors - INFO - Batch 541/2465: Clean accuracy 0.9889 | Adv accuracy: 0.9889 | Counter-attack accuracy: 0.9963
2026-02-07 14:56:15,142 - ADV_Generation_eps_0.0_steps_0_Added_Noise_uniform_Eps_48.0_Tau_Type_normal_anchors - INFO - Batch 542/2465: Clean accuracy 0.9889 | Adv accuracy: 0.9889 | Counter-attack accuracy: 0.9963
2026-02-07 14:56:15,451 - ADV_Generation_eps_0.0_steps_0_Added_Noise_uniform_Eps_48.0_Tau_Type_normal_anchors - INFO - Batch 543/2465: Clean accuracy 0.9890 | Adv accuracy: 0.9890 | Counter-attack accuracy: 0.9963
2026-02-07 14:56:15,760 - ADV_Generation_eps_0.0_steps_0_Added_Noise_uniform_Eps_48.0_Tau_Type_normal_anchors - INFO - Batch 544/2465: Clean accuracy 0.9890 | Adv accuracy: 0.9890 | Counter-attack accuracy: 0.9963
2026-02-07 14:56:16,069 - ADV_Generation_eps_0.0_steps_0_Added_Noise_uniform_Eps_48.0_Tau_Type_normal_anchors - INFO - Batch 545/2465: Clean accuracy 0.9890 | Adv accuracy: 0.9890 | Counter-attack accuracy: 0.9963
2026-02-07 14:56:16,379 - ADV_Generation_eps_0.0_steps_0_Added_Noise_uniform_Eps_48.0_Tau_Type_normal_anchors - INFO - Batch 546/2465: Clean accuracy 0.9890 | Adv accuracy: 0.9890 | Counter-attack accuracy: 0.9963
2026-02-07 14:56:16,688 - ADV_Generation_eps_0.0_steps_0_Added_Noise_uniform_Eps_48.0_Tau_Type_normal_anchors - INFO - Batch 547/2465: Clean accuracy 0.9890 | Adv accuracy: 0.9890 | Counter-attack accuracy: 0.9963
2026-02-07 14:56:16,997 - ADV_Generation_eps_0.0_steps_0_Added_Noise_uniform_Eps_48.0_Tau_Type_normal_anchors - INFO - Batch 548/2465: Clean accuracy 0.9891 | Adv accuracy: 0.9891 | Counter-attack accuracy: 0.9964
2026-02-07 14:56:17,305 - ADV_Generation_eps_0.0_steps_0_Added_Noise_uniform_Eps_48.0_Tau_Type_normal_anchors - INFO - Batch 549/2465: Clean accuracy 0.9891 | Adv accuracy: 0.9891 | Counter-attack accuracy: 0.9964
2026-02-07 14:56:17,614 - ADV_Generation_eps_0.0_steps_0_Added_Noise_uniform_Eps_48.0_Tau_Type_normal_anchors - INFO - Batch 550/2465: Clean accuracy 0.9891 | Adv accuracy: 0.9891 | Counter-attack accuracy: 0.9964
2026-02-07 14:56:17,923 - ADV_Generation_eps_0.0_steps_0_Added_Noise_uniform_Eps_48.0_Tau_Type_normal_anchors - INFO - Batch 551/2465: Clean accuracy 0.9891 | Adv accuracy: 0.9891 | Counter-attack accuracy: 0.9964
2026-02-07 14:56:18,232 - ADV_Generation_eps_0.0_steps_0_Added_Noise_uniform_Eps_48.0_Tau_Type_normal_anchors - INFO - Batch 552/2465: Clean accuracy 0.9891 | Adv accuracy: 0.9891 | Counter-attack accuracy: 0.9964
2026-02-07 14:56:18,541 - ADV_Generation_eps_0.0_steps_0_Added_Noise_uniform_Eps_48.0_Tau_Type_normal_anchors - INFO - Batch 553/2465: Clean accuracy 0.9892 | Adv accuracy: 0.9892 | Counter-attack accuracy: 0.9964
2026-02-07 14:56:18,850 - ADV_Generation_eps_0.0_steps_0_Added_Noise_uniform_Eps_48.0_Tau_Type_normal_anchors - INFO - Batch 554/2465: Clean accuracy 0.9892 | Adv accuracy: 0.9892 | Counter-attack accuracy: 0.9964
2026-02-07 14:56:19,159 - ADV_Generation_eps_0.0_steps_0_Added_Noise_uniform_Eps_48.0_Tau_Type_normal_anchors - INFO - Batch 555/2465: Clean accuracy 0.9892 | Adv accuracy: 0.9892 | Counter-attack accuracy: 0.9964
2026-02-07 14:56:19,558 - ADV_Generation_eps_0.0_steps_0_Added_Noise_uniform_Eps_48.0_Tau_Type_normal_anchors - INFO - Batch 556/2465: Clean accuracy 0.9892 | Adv accuracy: 0.9892 | Counter-attack accuracy: 0.9964
2026-02-07 14:56:19,867 - ADV_Generation_eps_0.0_steps_0_Added_Noise_uniform_Eps_48.0_Tau_Type_normal_anchors - INFO - Batch 557/2465: Clean accuracy 0.9892 | Adv accuracy: 0.9892 | Counter-attack accuracy: 0.9964
2026-02-07 14:56:20,176 - ADV_Generation_eps_0.0_steps_0_Added_Noise_uniform_Eps_48.0_Tau_Type_normal_anchors - INFO - Batch 558/2465: Clean accuracy 0.9892 | Adv accuracy: 0.9892 | Counter-attack accuracy: 0.9964
2026-02-07 14:56:20,485 - ADV_Generation_eps_0.0_steps_0_Added_Noise_uniform_Eps_48.0_Tau_Type_normal_anchors - INFO - Batch 559/2465: Clean accuracy 0.9893 | Adv accuracy: 0.9893 | Counter-attack accuracy: 0.9964
2026-02-07 14:56:20,793 - ADV_Generation_eps_0.0_steps_0_Added_Noise_uniform_Eps_48.0_Tau_Type_normal_anchors - INFO - Batch 560/2465: Clean accuracy 0.9893 | Adv accuracy: 0.9893 | Counter-attack accuracy: 0.9964
2026-02-07 14:56:21,102 - ADV_Generation_eps_0.0_steps_0_Added_Noise_uniform_Eps_48.0_Tau_Type_normal_anchors - INFO - Batch 561/2465: Clean accuracy 0.9893 | Adv accuracy: 0.9893 | Counter-attack accuracy: 0.9964
2026-02-07 14:56:21,411 - ADV_Generation_eps_0.0_steps_0_Added_Noise_uniform_Eps_48.0_Tau_Type_normal_anchors - INFO - Batch 562/2465: Clean accuracy 0.9893 | Adv accuracy: 0.9893 | Counter-attack accuracy: 0.9964
2026-02-07 14:56:21,720 - ADV_Generation_eps_0.0_steps_0_Added_Noise_uniform_Eps_48.0_Tau_Type_normal_anchors - INFO - Batch 563/2465: Clean accuracy 0.9893 | Adv accuracy: 0.9893 | Counter-attack accuracy: 0.9964
2026-02-07 14:56:22,029 - ADV_Generation_eps_0.0_steps_0_Added_Noise_uniform_Eps_48.0_Tau_Type_normal_anchors - INFO - Batch 564/2465: Clean accuracy 0.9894 | Adv accuracy: 0.9894 | Counter-attack accuracy: 0.9965
2026-02-07 14:56:22,338 - ADV_Generation_eps_0.0_steps_0_Added_Noise_uniform_Eps_48.0_Tau_Type_normal_anchors - INFO - Batch 565/2465: Clean accuracy 0.9894 | Adv accuracy: 0.9894 | Counter-attack accuracy: 0.9965
2026-02-07 14:56:22,647 - ADV_Generation_eps_0.0_steps_0_Added_Noise_uniform_Eps_48.0_Tau_Type_normal_anchors - INFO - Batch 566/2465: Clean accuracy 0.9894 | Adv accuracy: 0.9894 | Counter-attack accuracy: 0.9965
2026-02-07 14:56:22,956 - ADV_Generation_eps_0.0_steps_0_Added_Noise_uniform_Eps_48.0_Tau_Type_normal_anchors - INFO - Batch 567/2465: Clean accuracy 0.9894 | Adv accuracy: 0.9894 | Counter-attack accuracy: 0.9965
2026-02-07 14:56:23,264 - ADV_Generation_eps_0.0_steps_0_Added_Noise_uniform_Eps_48.0_Tau_Type_normal_anchors - INFO - Batch 568/2465: Clean accuracy 0.9894 | Adv accuracy: 0.9894 | Counter-attack accuracy: 0.9965
2026-02-07 14:56:23,573 - ADV_Generation_eps_0.0_steps_0_Added_Noise_uniform_Eps_48.0_Tau_Type_normal_anchors - INFO - Batch 569/2465: Clean accuracy 0.9895 | Adv accuracy: 0.9895 | Counter-attack accuracy: 0.9965
2026-02-07 14:56:23,882 - ADV_Generation_eps_0.0_steps_0_Added_Noise_uniform_Eps_48.0_Tau_Type_normal_anchors - INFO - Batch 570/2465: Clean accuracy 0.9895 | Adv accuracy: 0.9895 | Counter-attack accuracy: 0.9965
2026-02-07 14:56:24,191 - ADV_Generation_eps_0.0_steps_0_Added_Noise_uniform_Eps_48.0_Tau_Type_normal_anchors - INFO - Batch 571/2465: Clean accuracy 0.9895 | Adv accuracy: 0.9895 | Counter-attack accuracy: 0.9965
2026-02-07 14:56:24,500 - ADV_Generation_eps_0.0_steps_0_Added_Noise_uniform_Eps_48.0_Tau_Type_normal_anchors - INFO - Batch 572/2465: Clean accuracy 0.9895 | Adv accuracy: 0.9895 | Counter-attack accuracy: 0.9965
2026-02-07 14:56:24,809 - ADV_Generation_eps_0.0_steps_0_Added_Noise_uniform_Eps_48.0_Tau_Type_normal_anchors - INFO - Batch 573/2465: Clean accuracy 0.9895 | Adv accuracy: 0.9895 | Counter-attack accuracy: 0.9965
2026-02-07 14:56:25,118 - ADV_Generation_eps_0.0_steps_0_Added_Noise_uniform_Eps_48.0_Tau_Type_normal_anchors - INFO - Batch 574/2465: Clean accuracy 0.9895 | Adv accuracy: 0.9895 | Counter-attack accuracy: 0.9965
2026-02-07 14:56:25,427 - ADV_Generation_eps_0.0_steps_0_Added_Noise_uniform_Eps_48.0_Tau_Type_normal_anchors - INFO - Batch 575/2465: Clean accuracy 0.9896 | Adv accuracy: 0.9896 | Counter-attack accuracy: 0.9965
2026-02-07 14:56:25,736 - ADV_Generation_eps_0.0_steps_0_Added_Noise_uniform_Eps_48.0_Tau_Type_normal_anchors - INFO - Batch 576/2465: Clean accuracy 0.9896 | Adv accuracy: 0.9896 | Counter-attack accuracy: 0.9965
2026-02-07 14:56:26,045 - ADV_Generation_eps_0.0_steps_0_Added_Noise_uniform_Eps_48.0_Tau_Type_normal_anchors - INFO - Batch 577/2465: Clean accuracy 0.9896 | Adv accuracy: 0.9896 | Counter-attack accuracy: 0.9965
2026-02-07 14:56:26,353 - ADV_Generation_eps_0.0_steps_0_Added_Noise_uniform_Eps_48.0_Tau_Type_normal_anchors - INFO - Batch 578/2465: Clean accuracy 0.9896 | Adv accuracy: 0.9896 | Counter-attack accuracy: 0.9965
2026-02-07 14:56:26,662 - ADV_Generation_eps_0.0_steps_0_Added_Noise_uniform_Eps_48.0_Tau_Type_normal_anchors - INFO - Batch 579/2465: Clean accuracy 0.9896 | Adv accuracy: 0.9896 | Counter-attack accuracy: 0.9965
2026-02-07 14:56:26,971 - ADV_Generation_eps_0.0_steps_0_Added_Noise_uniform_Eps_48.0_Tau_Type_normal_anchors - INFO - Batch 580/2465: Clean accuracy 0.9897 | Adv accuracy: 0.9897 | Counter-attack accuracy: 0.9966
2026-02-07 14:56:27,280 - ADV_Generation_eps_0.0_steps_0_Added_Noise_uniform_Eps_48.0_Tau_Type_normal_anchors - INFO - Batch 581/2465: Clean accuracy 0.9897 | Adv accuracy: 0.9897 | Counter-attack accuracy: 0.9966
2026-02-07 14:56:27,589 - ADV_Generation_eps_0.0_steps_0_Added_Noise_uniform_Eps_48.0_Tau_Type_normal_anchors - INFO - Batch 582/2465: Clean accuracy 0.9897 | Adv accuracy: 0.9897 | Counter-attack accuracy: 0.9966
2026-02-07 14:56:27,898 - ADV_Generation_eps_0.0_steps_0_Added_Noise_uniform_Eps_48.0_Tau_Type_normal_anchors - INFO - Batch 583/2465: Clean accuracy 0.9897 | Adv accuracy: 0.9897 | Counter-attack accuracy: 0.9966
2026-02-07 14:56:28,207 - ADV_Generation_eps_0.0_steps_0_Added_Noise_uniform_Eps_48.0_Tau_Type_normal_anchors - INFO - Batch 584/2465: Clean accuracy 0.9897 | Adv accuracy: 0.9897 | Counter-attack accuracy: 0.9966
2026-02-07 14:56:28,515 - ADV_Generation_eps_0.0_steps_0_Added_Noise_uniform_Eps_48.0_Tau_Type_normal_anchors - INFO - Batch 585/2465: Clean accuracy 0.9897 | Adv accuracy: 0.9897 | Counter-attack accuracy: 0.9966
2026-02-07 14:56:28,830 - ADV_Generation_eps_0.0_steps_0_Added_Noise_uniform_Eps_48.0_Tau_Type_normal_anchors - INFO - Batch 586/2465: Clean accuracy 0.9898 | Adv accuracy: 0.9898 | Counter-attack accuracy: 0.9966
2026-02-07 14:56:29,139 - ADV_Generation_eps_0.0_steps_0_Added_Noise_uniform_Eps_48.0_Tau_Type_normal_anchors - INFO - Batch 587/2465: Clean accuracy 0.9898 | Adv accuracy: 0.9898 | Counter-attack accuracy: 0.9966
2026-02-07 14:56:29,448 - ADV_Generation_eps_0.0_steps_0_Added_Noise_uniform_Eps_48.0_Tau_Type_normal_anchors - INFO - Batch 588/2465: Clean accuracy 0.9898 | Adv accuracy: 0.9898 | Counter-attack accuracy: 0.9966
2026-02-07 14:56:29,757 - ADV_Generation_eps_0.0_steps_0_Added_Noise_uniform_Eps_48.0_Tau_Type_normal_anchors - INFO - Batch 589/2465: Clean accuracy 0.9898 | Adv accuracy: 0.9898 | Counter-attack accuracy: 0.9966
2026-02-07 14:56:30,066 - ADV_Generation_eps_0.0_steps_0_Added_Noise_uniform_Eps_48.0_Tau_Type_normal_anchors - INFO - Batch 590/2465: Clean accuracy 0.9898 | Adv accuracy: 0.9898 | Counter-attack accuracy: 0.9966
2026-02-07 14:56:30,375 - ADV_Generation_eps_0.0_steps_0_Added_Noise_uniform_Eps_48.0_Tau_Type_normal_anchors - INFO - Batch 591/2465: Clean accuracy 0.9898 | Adv accuracy: 0.9898 | Counter-attack accuracy: 0.9966
2026-02-07 14:56:30,684 - ADV_Generation_eps_0.0_steps_0_Added_Noise_uniform_Eps_48.0_Tau_Type_normal_anchors - INFO - Batch 592/2465: Clean accuracy 0.9899 | Adv accuracy: 0.9899 | Counter-attack accuracy: 0.9966
2026-02-07 14:56:30,993 - ADV_Generation_eps_0.0_steps_0_Added_Noise_uniform_Eps_48.0_Tau_Type_normal_anchors - INFO - Batch 593/2465: Clean accuracy 0.9899 | Adv accuracy: 0.9899 | Counter-attack accuracy: 0.9966
2026-02-07 14:56:31,302 - ADV_Generation_eps_0.0_steps_0_Added_Noise_uniform_Eps_48.0_Tau_Type_normal_anchors - INFO - Batch 594/2465: Clean accuracy 0.9899 | Adv accuracy: 0.9899 | Counter-attack accuracy: 0.9966
2026-02-07 14:56:31,610 - ADV_Generation_eps_0.0_steps_0_Added_Noise_uniform_Eps_48.0_Tau_Type_normal_anchors - INFO - Batch 595/2465: Clean accuracy 0.9899 | Adv accuracy: 0.9899 | Counter-attack accuracy: 0.9966
2026-02-07 14:56:31,919 - ADV_Generation_eps_0.0_steps_0_Added_Noise_uniform_Eps_48.0_Tau_Type_normal_anchors - INFO - Batch 596/2465: Clean accuracy 0.9899 | Adv accuracy: 0.9899 | Counter-attack accuracy: 0.9966
2026-02-07 14:56:32,228 - ADV_Generation_eps_0.0_steps_0_Added_Noise_uniform_Eps_48.0_Tau_Type_normal_anchors - INFO - Batch 597/2465: Clean accuracy 0.9899 | Adv accuracy: 0.9899 | Counter-attack accuracy: 0.9966
2026-02-07 14:56:32,537 - ADV_Generation_eps_0.0_steps_0_Added_Noise_uniform_Eps_48.0_Tau_Type_normal_anchors - INFO - Batch 598/2465: Clean accuracy 0.9900 | Adv accuracy: 0.9900 | Counter-attack accuracy: 0.9967
2026-02-07 14:56:32,846 - ADV_Generation_eps_0.0_steps_0_Added_Noise_uniform_Eps_48.0_Tau_Type_normal_anchors - INFO - Batch 599/2465: Clean accuracy 0.9900 | Adv accuracy: 0.9900 | Counter-attack accuracy: 0.9967
2026-02-07 14:56:33,155 - ADV_Generation_eps_0.0_steps_0_Added_Noise_uniform_Eps_48.0_Tau_Type_normal_anchors - INFO - Batch 600/2465: Clean accuracy 0.9900 | Adv accuracy: 0.9900 | Counter-attack accuracy: 0.9967
2026-02-07 14:56:33,464 - ADV_Generation_eps_0.0_steps_0_Added_Noise_uniform_Eps_48.0_Tau_Type_normal_anchors - INFO - Batch 601/2465: Clean accuracy 0.9900 | Adv accuracy: 0.9900 | Counter-attack accuracy: 0.9967
2026-02-07 14:56:33,773 - ADV_Generation_eps_0.0_steps_0_Added_Noise_uniform_Eps_48.0_Tau_Type_normal_anchors - INFO - Batch 602/2465: Clean accuracy 0.9900 | Adv accuracy: 0.9900 | Counter-attack accuracy: 0.9967
2026-02-07 14:56:34,083 - ADV_Generation_eps_0.0_steps_0_Added_Noise_uniform_Eps_48.0_Tau_Type_normal_anchors - INFO - Batch 603/2465: Clean accuracy 0.9900 | Adv accuracy: 0.9900 | Counter-attack accuracy: 0.9967
2026-02-07 14:56:34,391 - ADV_Generation_eps_0.0_steps_0_Added_Noise_uniform_Eps_48.0_Tau_Type_normal_anchors - INFO - Batch 604/2465: Clean accuracy 0.9901 | Adv accuracy: 0.9901 | Counter-attack accuracy: 0.9967
2026-02-07 14:56:34,700 - ADV_Generation_eps_0.0_steps_0_Added_Noise_uniform_Eps_48.0_Tau_Type_normal_anchors - INFO - Batch 605/2465: Clean accuracy 0.9901 | Adv accuracy: 0.9901 | Counter-attack accuracy: 0.9967
2026-02-07 14:56:35,009 - ADV_Generation_eps_0.0_steps_0_Added_Noise_uniform_Eps_48.0_Tau_Type_normal_anchors - INFO - Batch 606/2465: Clean accuracy 0.9901 | Adv accuracy: 0.9901 | Counter-attack accuracy: 0.9967
2026-02-07 14:56:35,318 - ADV_Generation_eps_0.0_steps_0_Added_Noise_uniform_Eps_48.0_Tau_Type_normal_anchors - INFO - Batch 607/2465: Clean accuracy 0.9901 | Adv accuracy: 0.9901 | Counter-attack accuracy: 0.9967
2026-02-07 14:56:35,627 - ADV_Generation_eps_0.0_steps_0_Added_Noise_uniform_Eps_48.0_Tau_Type_normal_anchors - INFO - Batch 608/2465: Clean accuracy 0.9901 | Adv accuracy: 0.9901 | Counter-attack accuracy: 0.9967
2026-02-07 14:56:35,936 - ADV_Generation_eps_0.0_steps_0_Added_Noise_uniform_Eps_48.0_Tau_Type_normal_anchors - INFO - Batch 609/2465: Clean accuracy 0.9901 | Adv accuracy: 0.9901 | Counter-attack accuracy: 0.9967
2026-02-07 14:56:36,245 - ADV_Generation_eps_0.0_steps_0_Added_Noise_uniform_Eps_48.0_Tau_Type_normal_anchors - INFO - Batch 610/2465: Clean accuracy 0.9902 | Adv accuracy: 0.9902 | Counter-attack accuracy: 0.9967
2026-02-07 14:56:36,554 - ADV_Generation_eps_0.0_steps_0_Added_Noise_uniform_Eps_48.0_Tau_Type_normal_anchors - INFO - Batch 611/2465: Clean accuracy 0.9902 | Adv accuracy: 0.9902 | Counter-attack accuracy: 0.9967
2026-02-07 14:56:36,863 - ADV_Generation_eps_0.0_steps_0_Added_Noise_uniform_Eps_48.0_Tau_Type_normal_anchors - INFO - Batch 612/2465: Clean accuracy 0.9902 | Adv accuracy: 0.9902 | Counter-attack accuracy: 0.9967
2026-02-07 14:56:37,172 - ADV_Generation_eps_0.0_steps_0_Added_Noise_uniform_Eps_48.0_Tau_Type_normal_anchors - INFO - Batch 613/2465: Clean accuracy 0.9902 | Adv accuracy: 0.9902 | Counter-attack accuracy: 0.9967
2026-02-07 14:56:37,480 - ADV_Generation_eps_0.0_steps_0_Added_Noise_uniform_Eps_48.0_Tau_Type_normal_anchors - INFO - Batch 614/2465: Clean accuracy 0.9902 | Adv accuracy: 0.9902 | Counter-attack accuracy: 0.9967
2026-02-07 14:56:37,789 - ADV_Generation_eps_0.0_steps_0_Added_Noise_uniform_Eps_48.0_Tau_Type_normal_anchors - INFO - Batch 615/2465: Clean accuracy 0.9902 | Adv accuracy: 0.9902 | Counter-attack accuracy: 0.9967
2026-02-07 14:56:38,098 - ADV_Generation_eps_0.0_steps_0_Added_Noise_uniform_Eps_48.0_Tau_Type_normal_anchors - INFO - Batch 616/2465: Clean accuracy 0.9903 | Adv accuracy: 0.9903 | Counter-attack accuracy: 0.9968
2026-02-07 14:56:38,407 - ADV_Generation_eps_0.0_steps_0_Added_Noise_uniform_Eps_48.0_Tau_Type_normal_anchors - INFO - Batch 617/2465: Clean accuracy 0.9903 | Adv accuracy: 0.9903 | Counter-attack accuracy: 0.9968
2026-02-07 14:56:38,716 - ADV_Generation_eps_0.0_steps_0_Added_Noise_uniform_Eps_48.0_Tau_Type_normal_anchors - INFO - Batch 618/2465: Clean accuracy 0.9903 | Adv accuracy: 0.9903 | Counter-attack accuracy: 0.9968
2026-02-07 14:56:39,025 - ADV_Generation_eps_0.0_steps_0_Added_Noise_uniform_Eps_48.0_Tau_Type_normal_anchors - INFO - Batch 619/2465: Clean accuracy 0.9903 | Adv accuracy: 0.9903 | Counter-attack accuracy: 0.9968
2026-02-07 14:56:39,334 - ADV_Generation_eps_0.0_steps_0_Added_Noise_uniform_Eps_48.0_Tau_Type_normal_anchors - INFO - Batch 620/2465: Clean accuracy 0.9903 | Adv accuracy: 0.9903 | Counter-attack accuracy: 0.9968
2026-02-07 14:56:39,643 - ADV_Generation_eps_0.0_steps_0_Added_Noise_uniform_Eps_48.0_Tau_Type_normal_anchors - INFO - Batch 621/2465: Clean accuracy 0.9903 | Adv accuracy: 0.9903 | Counter-attack accuracy: 0.9968
2026-02-07 14:56:39,952 - ADV_Generation_eps_0.0_steps_0_Added_Noise_uniform_Eps_48.0_Tau_Type_normal_anchors - INFO - Batch 622/2465: Clean accuracy 0.9904 | Adv accuracy: 0.9904 | Counter-attack accuracy: 0.9968
2026-02-07 14:56:40,261 - ADV_Generation_eps_0.0_steps_0_Added_Noise_uniform_Eps_48.0_Tau_Type_normal_anchors - INFO - Batch 623/2465: Clean accuracy 0.9904 | Adv accuracy: 0.9904 | Counter-attack accuracy: 0.9968
2026-02-07 14:56:40,570 - ADV_Generation_eps_0.0_steps_0_Added_Noise_uniform_Eps_48.0_Tau_Type_normal_anchors - INFO - Batch 624/2465: Clean accuracy 0.9904 | Adv accuracy: 0.9904 | Counter-attack accuracy: 0.9968
2026-02-07 14:56:40,879 - ADV_Generation_eps_0.0_steps_0_Added_Noise_uniform_Eps_48.0_Tau_Type_normal_anchors - INFO - Batch 625/2465: Clean accuracy 0.9904 | Adv accuracy: 0.9904 | Counter-attack accuracy: 0.9968
2026-02-07 14:56:41,188 - ADV_Generation_eps_0.0_steps_0_Added_Noise_uniform_Eps_48.0_Tau_Type_normal_anchors - INFO - Batch 626/2465: Clean accuracy 0.9904 | Adv accuracy: 0.9904 | Counter-attack accuracy: 0.9968
2026-02-07 14:56:41,496 - ADV_Generation_eps_0.0_steps_0_Added_Noise_uniform_Eps_48.0_Tau_Type_normal_anchors - INFO - Batch 627/2465: Clean accuracy 0.9904 | Adv accuracy: 0.9904 | Counter-attack accuracy: 0.9968
2026-02-07 14:56:41,806 - ADV_Generation_eps_0.0_steps_0_Added_Noise_uniform_Eps_48.0_Tau_Type_normal_anchors - INFO - Batch 628/2465: Clean accuracy 0.9904 | Adv accuracy: 0.9904 | Counter-attack accuracy: 0.9968
2026-02-07 14:56:42,115 - ADV_Generation_eps_0.0_steps_0_Added_Noise_uniform_Eps_48.0_Tau_Type_normal_anchors - INFO - Batch 629/2465: Clean accuracy 0.9905 | Adv accuracy: 0.9905 | Counter-attack accuracy: 0.9968
2026-02-07 14:56:42,423 - ADV_Generation_eps_0.0_steps_0_Added_Noise_uniform_Eps_48.0_Tau_Type_normal_anchors - INFO - Batch 630/2465: Clean accuracy 0.9905 | Adv accuracy: 0.9905 | Counter-attack accuracy: 0.9968
2026-02-07 14:56:42,732 - ADV_Generation_eps_0.0_steps_0_Added_Noise_uniform_Eps_48.0_Tau_Type_normal_anchors - INFO - Batch 631/2465: Clean accuracy 0.9905 | Adv accuracy: 0.9905 | Counter-attack accuracy: 0.9968
2026-02-07 14:56:43,041 - ADV_Generation_eps_0.0_steps_0_Added_Noise_uniform_Eps_48.0_Tau_Type_normal_anchors - INFO - Batch 632/2465: Clean accuracy 0.9905 | Adv accuracy: 0.9905 | Counter-attack accuracy: 0.9968
2026-02-07 14:56:43,350 - ADV_Generation_eps_0.0_steps_0_Added_Noise_uniform_Eps_48.0_Tau_Type_normal_anchors - INFO - Batch 633/2465: Clean accuracy 0.9905 | Adv accuracy: 0.9905 | Counter-attack accuracy: 0.9968
2026-02-07 14:56:43,659 - ADV_Generation_eps_0.0_steps_0_Added_Noise_uniform_Eps_48.0_Tau_Type_normal_anchors - INFO - Batch 634/2465: Clean accuracy 0.9905 | Adv accuracy: 0.9905 | Counter-attack accuracy: 0.9968
2026-02-07 14:56:43,968 - ADV_Generation_eps_0.0_steps_0_Added_Noise_uniform_Eps_48.0_Tau_Type_normal_anchors - INFO - Batch 635/2465: Clean accuracy 0.9906 | Adv accuracy: 0.9906 | Counter-attack accuracy: 0.9969
2026-02-07 14:56:44,277 - ADV_Generation_eps_0.0_steps_0_Added_Noise_uniform_Eps_48.0_Tau_Type_normal_anchors - INFO - Batch 636/2465: Clean accuracy 0.9906 | Adv accuracy: 0.9906 | Counter-attack accuracy: 0.9969
2026-02-07 14:56:44,586 - ADV_Generation_eps_0.0_steps_0_Added_Noise_uniform_Eps_48.0_Tau_Type_normal_anchors - INFO - Batch 637/2465: Clean accuracy 0.9906 | Adv accuracy: 0.9906 | Counter-attack accuracy: 0.9969
2026-02-07 14:56:44,896 - ADV_Generation_eps_0.0_steps_0_Added_Noise_uniform_Eps_48.0_Tau_Type_normal_anchors - INFO - Batch 638/2465: Clean accuracy 0.9906 | Adv accuracy: 0.9906 | Counter-attack accuracy: 0.9969
2026-02-07 14:56:45,205 - ADV_Generation_eps_0.0_steps_0_Added_Noise_uniform_Eps_48.0_Tau_Type_normal_anchors - INFO - Batch 639/2465: Clean accuracy 0.9906 | Adv accuracy: 0.9906 | Counter-attack accuracy: 0.9969
2026-02-07 14:56:45,514 - ADV_Generation_eps_0.0_steps_0_Added_Noise_uniform_Eps_48.0_Tau_Type_normal_anchors - INFO - Batch 640/2465: Clean accuracy 0.9906 | Adv accuracy: 0.9906 | Counter-attack accuracy: 0.9969
2026-02-07 14:56:45,823 - ADV_Generation_eps_0.0_steps_0_Added_Noise_uniform_Eps_48.0_Tau_Type_normal_anchors - INFO - Batch 641/2465: Clean accuracy 0.9906 | Adv accuracy: 0.9906 | Counter-attack accuracy: 0.9969
2026-02-07 14:56:46,132 - ADV_Generation_eps_0.0_steps_0_Added_Noise_uniform_Eps_48.0_Tau_Type_normal_anchors - INFO - Batch 642/2465: Clean accuracy 0.9907 | Adv accuracy: 0.9907 | Counter-attack accuracy: 0.9969
2026-02-07 14:56:46,441 - ADV_Generation_eps_0.0_steps_0_Added_Noise_uniform_Eps_48.0_Tau_Type_normal_anchors - INFO - Batch 643/2465: Clean accuracy 0.9907 | Adv accuracy: 0.9907 | Counter-attack accuracy: 0.9969
2026-02-07 14:56:46,749 - ADV_Generation_eps_0.0_steps_0_Added_Noise_uniform_Eps_48.0_Tau_Type_normal_anchors - INFO - Batch 644/2465: Clean accuracy 0.9907 | Adv accuracy: 0.9907 | Counter-attack accuracy: 0.9969
2026-02-07 14:56:47,058 - ADV_Generation_eps_0.0_steps_0_Added_Noise_uniform_Eps_48.0_Tau_Type_normal_anchors - INFO - Batch 645/2465: Clean accuracy 0.9907 | Adv accuracy: 0.9907 | Counter-attack accuracy: 0.9969
2026-02-07 14:56:47,367 - ADV_Generation_eps_0.0_steps_0_Added_Noise_uniform_Eps_48.0_Tau_Type_normal_anchors - INFO - Batch 646/2465: Clean accuracy 0.9907 | Adv accuracy: 0.9907 | Counter-attack accuracy: 0.9969
2026-02-07 14:56:47,676 - ADV_Generation_eps_0.0_steps_0_Added_Noise_uniform_Eps_48.0_Tau_Type_normal_anchors - INFO - Batch 647/2465: Clean accuracy 0.9907 | Adv accuracy: 0.9907 | Counter-attack accuracy: 0.9969
2026-02-07 14:56:47,985 - ADV_Generation_eps_0.0_steps_0_Added_Noise_uniform_Eps_48.0_Tau_Type_normal_anchors - INFO - Batch 648/2465: Clean accuracy 0.9907 | Adv accuracy: 0.9907 | Counter-attack accuracy: 0.9969
2026-02-07 14:56:48,294 - ADV_Generation_eps_0.0_steps_0_Added_Noise_uniform_Eps_48.0_Tau_Type_normal_anchors - INFO - Batch 649/2465: Clean accuracy 0.9908 | Adv accuracy: 0.9908 | Counter-attack accuracy: 0.9969
2026-02-07 14:56:48,603 - ADV_Generation_eps_0.0_steps_0_Added_Noise_uniform_Eps_48.0_Tau_Type_normal_anchors - INFO - Batch 650/2465: Clean accuracy 0.9908 | Adv accuracy: 0.9908 | Counter-attack accuracy: 0.9969
2026-02-07 14:56:48,911 - ADV_Generation_eps_0.0_steps_0_Added_Noise_uniform_Eps_48.0_Tau_Type_normal_anchors - INFO - Batch 651/2465: Clean accuracy 0.9908 | Adv accuracy: 0.9908 | Counter-attack accuracy: 0.9969
2026-02-07 14:56:49,220 - ADV_Generation_eps_0.0_steps_0_Added_Noise_uniform_Eps_48.0_Tau_Type_normal_anchors - INFO - Batch 652/2465: Clean accuracy 0.9908 | Adv accuracy: 0.9908 | Counter-attack accuracy: 0.9969
2026-02-07 14:56:49,529 - ADV_Generation_eps_0.0_steps_0_Added_Noise_uniform_Eps_48.0_Tau_Type_normal_anchors - INFO - Batch 653/2465: Clean accuracy 0.9908 | Adv accuracy: 0.9908 | Counter-attack accuracy: 0.9969
2026-02-07 14:56:49,838 - ADV_Generation_eps_0.0_steps_0_Added_Noise_uniform_Eps_48.0_Tau_Type_normal_anchors - INFO - Batch 654/2465: Clean accuracy 0.9908 | Adv accuracy: 0.9908 | Counter-attack accuracy: 0.9969
2026-02-07 14:56:50,147 - ADV_Generation_eps_0.0_steps_0_Added_Noise_uniform_Eps_48.0_Tau_Type_normal_anchors - INFO - Batch 655/2465: Clean accuracy 0.9908 | Adv accuracy: 0.9908 | Counter-attack accuracy: 0.9969
2026-02-07 14:56:50,456 - ADV_Generation_eps_0.0_steps_0_Added_Noise_uniform_Eps_48.0_Tau_Type_normal_anchors - INFO - Batch 656/2465: Clean accuracy 0.9909 | Adv accuracy: 0.9909 | Counter-attack accuracy: 0.9970
2026-02-07 14:56:50,765 - ADV_Generation_eps_0.0_steps_0_Added_Noise_uniform_Eps_48.0_Tau_Type_normal_anchors - INFO - Batch 657/2465: Clean accuracy 0.9909 | Adv accuracy: 0.9909 | Counter-attack accuracy: 0.9970
2026-02-07 14:56:51,074 - ADV_Generation_eps_0.0_steps_0_Added_Noise_uniform_Eps_48.0_Tau_Type_normal_anchors - INFO - Batch 658/2465: Clean accuracy 0.9909 | Adv accuracy: 0.9909 | Counter-attack accuracy: 0.9970
2026-02-07 14:56:51,382 - ADV_Generation_eps_0.0_steps_0_Added_Noise_uniform_Eps_48.0_Tau_Type_normal_anchors - INFO - Batch 659/2465: Clean accuracy 0.9909 | Adv accuracy: 0.9909 | Counter-attack accuracy: 0.9970
2026-02-07 14:56:51,691 - ADV_Generation_eps_0.0_steps_0_Added_Noise_uniform_Eps_48.0_Tau_Type_normal_anchors - INFO - Batch 660/2465: Clean accuracy 0.9909 | Adv accuracy: 0.9909 | Counter-attack accuracy: 0.9970
2026-02-07 14:56:52,005 - ADV_Generation_eps_0.0_steps_0_Added_Noise_uniform_Eps_48.0_Tau_Type_normal_anchors - INFO - Batch 661/2465: Clean accuracy 0.9909 | Adv accuracy: 0.9909 | Counter-attack accuracy: 0.9970
2026-02-07 14:56:52,314 - ADV_Generation_eps_0.0_steps_0_Added_Noise_uniform_Eps_48.0_Tau_Type_normal_anchors - INFO - Batch 662/2465: Clean accuracy 0.9909 | Adv accuracy: 0.9909 | Counter-attack accuracy: 0.9970
2026-02-07 14:56:52,623 - ADV_Generation_eps_0.0_steps_0_Added_Noise_uniform_Eps_48.0_Tau_Type_normal_anchors - INFO - Batch 663/2465: Clean accuracy 0.9910 | Adv accuracy: 0.9910 | Counter-attack accuracy: 0.9970
2026-02-07 14:56:52,932 - ADV_Generation_eps_0.0_steps_0_Added_Noise_uniform_Eps_48.0_Tau_Type_normal_anchors - INFO - Batch 664/2465: Clean accuracy 0.9910 | Adv accuracy: 0.9910 | Counter-attack accuracy: 0.9970
2026-02-07 14:56:53,241 - ADV_Generation_eps_0.0_steps_0_Added_Noise_uniform_Eps_48.0_Tau_Type_normal_anchors - INFO - Batch 665/2465: Clean accuracy 0.9910 | Adv accuracy: 0.9910 | Counter-attack accuracy: 0.9970
2026-02-07 14:56:53,550 - ADV_Generation_eps_0.0_steps_0_Added_Noise_uniform_Eps_48.0_Tau_Type_normal_anchors - INFO - Batch 666/2465: Clean accuracy 0.9910 | Adv accuracy: 0.9910 | Counter-attack accuracy: 0.9970
2026-02-07 14:56:53,858 - ADV_Generation_eps_0.0_steps_0_Added_Noise_uniform_Eps_48.0_Tau_Type_normal_anchors - INFO - Batch 667/2465: Clean accuracy 0.9910 | Adv accuracy: 0.9910 | Counter-attack accuracy: 0.9970
2026-02-07 14:56:54,167 - ADV_Generation_eps_0.0_steps_0_Added_Noise_uniform_Eps_48.0_Tau_Type_normal_anchors - INFO - Batch 668/2465: Clean accuracy 0.9910 | Adv accuracy: 0.9910 | Counter-attack accuracy: 0.9970
2026-02-07 14:56:54,476 - ADV_Generation_eps_0.0_steps_0_Added_Noise_uniform_Eps_48.0_Tau_Type_normal_anchors - INFO - Batch 669/2465: Clean accuracy 0.9910 | Adv accuracy: 0.9910 | Counter-attack accuracy: 0.9970
2026-02-07 14:56:54,785 - ADV_Generation_eps_0.0_steps_0_Added_Noise_uniform_Eps_48.0_Tau_Type_normal_anchors - INFO - Batch 670/2465: Clean accuracy 0.9910 | Adv accuracy: 0.9910 | Counter-attack accuracy: 0.9970
2026-02-07 14:56:55,094 - ADV_Generation_eps_0.0_steps_0_Added_Noise_uniform_Eps_48.0_Tau_Type_normal_anchors - INFO - Batch 671/2465: Clean accuracy 0.9911 | Adv accuracy: 0.9911 | Counter-attack accuracy: 0.9970
2026-02-07 14:56:55,403 - ADV_Generation_eps_0.0_steps_0_Added_Noise_uniform_Eps_48.0_Tau_Type_normal_anchors - INFO - Batch 672/2465: Clean accuracy 0.9911 | Adv accuracy: 0.9911 | Counter-attack accuracy: 0.9970
2026-02-07 14:56:55,712 - ADV_Generation_eps_0.0_steps_0_Added_Noise_uniform_Eps_48.0_Tau_Type_normal_anchors - INFO - Batch 673/2465: Clean accuracy 0.9911 | Adv accuracy: 0.9911 | Counter-attack accuracy: 0.9970
2026-02-07 14:56:56,021 - ADV_Generation_eps_0.0_steps_0_Added_Noise_uniform_Eps_48.0_Tau_Type_normal_anchors - INFO - Batch 674/2465: Clean accuracy 0.9911 | Adv accuracy: 0.9911 | Counter-attack accuracy: 0.9970
2026-02-07 14:56:56,329 - ADV_Generation_eps_0.0_steps_0_Added_Noise_uniform_Eps_48.0_Tau_Type_normal_anchors - INFO - Batch 675/2465: Clean accuracy 0.9911 | Adv accuracy: 0.9911 | Counter-attack accuracy: 0.9970
2026-02-07 14:56:56,638 - ADV_Generation_eps_0.0_steps_0_Added_Noise_uniform_Eps_48.0_Tau_Type_normal_anchors - INFO - Batch 676/2465: Clean accuracy 0.9911 | Adv accuracy: 0.9911 | Counter-attack accuracy: 0.9970
2026-02-07 14:56:56,947 - ADV_Generation_eps_0.0_steps_0_Added_Noise_uniform_Eps_48.0_Tau_Type_normal_anchors - INFO - Batch 677/2465: Clean accuracy 0.9911 | Adv accuracy: 0.9911 | Counter-attack accuracy: 0.9970
2026-02-07 14:56:57,256 - ADV_Generation_eps_0.0_steps_0_Added_Noise_uniform_Eps_48.0_Tau_Type_normal_anchors - INFO - Batch 678/2465: Clean accuracy 0.9912 | Adv accuracy: 0.9912 | Counter-attack accuracy: 0.9971
2026-02-07 14:56:57,565 - ADV_Generation_eps_0.0_steps_0_Added_Noise_uniform_Eps_48.0_Tau_Type_normal_anchors - INFO - Batch 679/2465: Clean accuracy 0.9912 | Adv accuracy: 0.9912 | Counter-attack accuracy: 0.9971
2026-02-07 14:56:57,874 - ADV_Generation_eps_0.0_steps_0_Added_Noise_uniform_Eps_48.0_Tau_Type_normal_anchors - INFO - Batch 680/2465: Clean accuracy 0.9912 | Adv accuracy: 0.9912 | Counter-attack accuracy: 0.9971
2026-02-07 14:56:58,183 - ADV_Generation_eps_0.0_steps_0_Added_Noise_uniform_Eps_48.0_Tau_Type_normal_anchors - INFO - Batch 681/2465: Clean accuracy 0.9912 | Adv accuracy: 0.9912 | Counter-attack accuracy: 0.9971
2026-02-07 14:56:58,492 - ADV_Generation_eps_0.0_steps_0_Added_Noise_uniform_Eps_48.0_Tau_Type_normal_anchors - INFO - Batch 682/2465: Clean accuracy 0.9912 | Adv accuracy: 0.9912 | Counter-attack accuracy: 0.9971
2026-02-07 14:56:58,801 - ADV_Generation_eps_0.0_steps_0_Added_Noise_uniform_Eps_48.0_Tau_Type_normal_anchors - INFO - Batch 683/2465: Clean accuracy 0.9912 | Adv accuracy: 0.9912 | Counter-attack accuracy: 0.9971
2026-02-07 14:56:59,110 - ADV_Generation_eps_0.0_steps_0_Added_Noise_uniform_Eps_48.0_Tau_Type_normal_anchors - INFO - Batch 684/2465: Clean accuracy 0.9912 | Adv accuracy: 0.9912 | Counter-attack accuracy: 0.9971
2026-02-07 14:56:59,419 - ADV_Generation_eps_0.0_steps_0_Added_Noise_uniform_Eps_48.0_Tau_Type_normal_anchors - INFO - Batch 685/2465: Clean accuracy 0.9912 | Adv accuracy: 0.9912 | Counter-attack accuracy: 0.9971
2026-02-07 14:56:59,728 - ADV_Generation_eps_0.0_steps_0_Added_Noise_uniform_Eps_48.0_Tau_Type_normal_anchors - INFO - Batch 686/2465: Clean accuracy 0.9913 | Adv accuracy: 0.9913 | Counter-attack accuracy: 0.9971
2026-02-07 14:57:00,037 - ADV_Generation_eps_0.0_steps_0_Added_Noise_uniform_Eps_48.0_Tau_Type_normal_anchors - INFO - Batch 687/2465: Clean accuracy 0.9913 | Adv accuracy: 0.9913 | Counter-attack accuracy: 0.9971
2026-02-07 14:57:00,346 - ADV_Generation_eps_0.0_steps_0_Added_Noise_uniform_Eps_48.0_Tau_Type_normal_anchors - INFO - Batch 688/2465: Clean accuracy 0.9913 | Adv accuracy: 0.9913 | Counter-attack accuracy: 0.9971
2026-02-07 14:57:00,655 - ADV_Generation_eps_0.0_steps_0_Added_Noise_uniform_Eps_48.0_Tau_Type_normal_anchors - INFO - Batch 689/2465: Clean accuracy 0.9913 | Adv accuracy: 0.9913 | Counter-attack accuracy: 0.9971
2026-02-07 14:57:00,963 - ADV_Generation_eps_0.0_steps_0_Added_Noise_uniform_Eps_48.0_Tau_Type_normal_anchors - INFO - Batch 690/2465: Clean accuracy 0.9913 | Adv accuracy: 0.9913 | Counter-attack accuracy: 0.9971
2026-02-07 14:57:01,272 - ADV_Generation_eps_0.0_steps_0_Added_Noise_uniform_Eps_48.0_Tau_Type_normal_anchors - INFO - Batch 691/2465: Clean accuracy 0.9913 | Adv accuracy: 0.9913 | Counter-attack accuracy: 0.9971
2026-02-07 14:57:01,581 - ADV_Generation_eps_0.0_steps_0_Added_Noise_uniform_Eps_48.0_Tau_Type_normal_anchors - INFO - Batch 692/2465: Clean accuracy 0.9913 | Adv accuracy: 0.9913 | Counter-attack accuracy: 0.9971
2026-02-07 14:57:01,893 - ADV_Generation_eps_0.0_steps_0_Added_Noise_uniform_Eps_48.0_Tau_Type_normal_anchors - INFO - Batch 693/2465: Clean accuracy 0.9913 | Adv accuracy: 0.9913 | Counter-attack accuracy: 0.9957
2026-02-07 14:57:02,202 - ADV_Generation_eps_0.0_steps_0_Added_Noise_uniform_Eps_48.0_Tau_Type_normal_anchors - INFO - Batch 694/2465: Clean accuracy 0.9914 | Adv accuracy: 0.9914 | Counter-attack accuracy: 0.9957
2026-02-07 14:57:02,511 - ADV_Generation_eps_0.0_steps_0_Added_Noise_uniform_Eps_48.0_Tau_Type_normal_anchors - INFO - Batch 695/2465: Clean accuracy 0.9914 | Adv accuracy: 0.9914 | Counter-attack accuracy: 0.9957
2026-02-07 14:57:02,894 - ADV_Generation_eps_0.0_steps_0_Added_Noise_uniform_Eps_48.0_Tau_Type_normal_anchors - INFO - Batch 696/2465: Clean accuracy 0.9914 | Adv accuracy: 0.9914 | Counter-attack accuracy: 0.9957
2026-02-07 14:57:03,203 - ADV_Generation_eps_0.0_steps_0_Added_Noise_uniform_Eps_48.0_Tau_Type_normal_anchors - INFO - Batch 697/2465: Clean accuracy 0.9914 | Adv accuracy: 0.9914 | Counter-attack accuracy: 0.9957
2026-02-07 14:57:03,512 - ADV_Generation_eps_0.0_steps_0_Added_Noise_uniform_Eps_48.0_Tau_Type_normal_anchors - INFO - Batch 698/2465: Clean accuracy 0.9914 | Adv accuracy: 0.9914 | Counter-attack accuracy: 0.9957
2026-02-07 14:57:03,821 - ADV_Generation_eps_0.0_steps_0_Added_Noise_uniform_Eps_48.0_Tau_Type_normal_anchors - INFO - Batch 699/2465: Clean accuracy 0.9914 | Adv accuracy: 0.9914 | Counter-attack accuracy: 0.9957
2026-02-07 14:57:04,130 - ADV_Generation_eps_0.0_steps_0_Added_Noise_uniform_Eps_48.0_Tau_Type_normal_anchors - INFO - Batch 700/2465: Clean accuracy 0.9914 | Adv accuracy: 0.9914 | Counter-attack accuracy: 0.9957
2026-02-07 14:57:04,439 - ADV_Generation_eps_0.0_steps_0_Added_Noise_uniform_Eps_48.0_Tau_Type_normal_anchors - INFO - Batch 701/2465: Clean accuracy 0.9914 | Adv accuracy: 0.9914 | Counter-attack accuracy: 0.9957
2026-02-07 14:57:04,747 - ADV_Generation_eps_0.0_steps_0_Added_Noise_uniform_Eps_48.0_Tau_Type_normal_anchors - INFO - Batch 702/2465: Clean accuracy 0.9915 | Adv accuracy: 0.9915 | Counter-attack accuracy: 0.9957
2026-02-07 14:57:05,056 - ADV_Generation_eps_0.0_steps_0_Added_Noise_uniform_Eps_48.0_Tau_Type_normal_anchors - INFO - Batch 703/2465: Clean accuracy 0.9915 | Adv accuracy: 0.9915 | Counter-attack accuracy: 0.9957
2026-02-07 14:57:05,365 - ADV_Generation_eps_0.0_steps_0_Added_Noise_uniform_Eps_48.0_Tau_Type_normal_anchors - INFO - Batch 704/2465: Clean accuracy 0.9915 | Adv accuracy: 0.9915 | Counter-attack accuracy: 0.9957
2026-02-07 14:57:05,674 - ADV_Generation_eps_0.0_steps_0_Added_Noise_uniform_Eps_48.0_Tau_Type_normal_anchors - INFO - Batch 705/2465: Clean accuracy 0.9915 | Adv accuracy: 0.9915 | Counter-attack accuracy: 0.9957
2026-02-07 14:57:05,983 - ADV_Generation_eps_0.0_steps_0_Added_Noise_uniform_Eps_48.0_Tau_Type_normal_anchors - INFO - Batch 706/2465: Clean accuracy 0.9915 | Adv accuracy: 0.9915 | Counter-attack accuracy: 0.9958
2026-02-07 14:57:06,292 - ADV_Generation_eps_0.0_steps_0_Added_Noise_uniform_Eps_48.0_Tau_Type_normal_anchors - INFO - Batch 707/2465: Clean accuracy 0.9915 | Adv accuracy: 0.9915 | Counter-attack accuracy: 0.9958
2026-02-07 14:57:06,601 - ADV_Generation_eps_0.0_steps_0_Added_Noise_uniform_Eps_48.0_Tau_Type_normal_anchors - INFO - Batch 708/2465: Clean accuracy 0.9901 | Adv accuracy: 0.9901 | Counter-attack accuracy: 0.9958
2026-02-07 14:57:06,910 - ADV_Generation_eps_0.0_steps_0_Added_Noise_uniform_Eps_48.0_Tau_Type_normal_anchors - INFO - Batch 709/2465: Clean accuracy 0.9901 | Adv accuracy: 0.9901 | Counter-attack accuracy: 0.9958
2026-02-07 14:57:07,219 - ADV_Generation_eps_0.0_steps_0_Added_Noise_uniform_Eps_48.0_Tau_Type_normal_anchors - INFO - Batch 710/2465: Clean accuracy 0.9901 | Adv accuracy: 0.9901 | Counter-attack accuracy: 0.9958
2026-02-07 14:57:07,528 - ADV_Generation_eps_0.0_steps_0_Added_Noise_uniform_Eps_48.0_Tau_Type_normal_anchors - INFO - Batch 711/2465: Clean accuracy 0.9902 | Adv accuracy: 0.9902 | Counter-attack accuracy: 0.9958
2026-02-07 14:57:07,837 - ADV_Generation_eps_0.0_steps_0_Added_Noise_uniform_Eps_48.0_Tau_Type_normal_anchors - INFO - Batch 712/2465: Clean accuracy 0.9902 | Adv accuracy: 0.9902 | Counter-attack accuracy: 0.9958
2026-02-07 14:57:08,146 - ADV_Generation_eps_0.0_steps_0_Added_Noise_uniform_Eps_48.0_Tau_Type_normal_anchors - INFO - Batch 713/2465: Clean accuracy 0.9902 | Adv accuracy: 0.9902 | Counter-attack accuracy: 0.9958
2026-02-07 14:57:08,455 - ADV_Generation_eps_0.0_steps_0_Added_Noise_uniform_Eps_48.0_Tau_Type_normal_anchors - INFO - Batch 714/2465: Clean accuracy 0.9902 | Adv accuracy: 0.9902 | Counter-attack accuracy: 0.9958
2026-02-07 14:57:08,763 - ADV_Generation_eps_0.0_steps_0_Added_Noise_uniform_Eps_48.0_Tau_Type_normal_anchors - INFO - Batch 715/2465: Clean accuracy 0.9902 | Adv accuracy: 0.9902 | Counter-attack accuracy: 0.9958
2026-02-07 14:57:09,072 - ADV_Generation_eps_0.0_steps_0_Added_Noise_uniform_Eps_48.0_Tau_Type_normal_anchors - INFO - Batch 716/2465: Clean accuracy 0.9902 | Adv accuracy: 0.9902 | Counter-attack accuracy: 0.9958
2026-02-07 14:57:09,381 - ADV_Generation_eps_0.0_steps_0_Added_Noise_uniform_Eps_48.0_Tau_Type_normal_anchors - INFO - Batch 717/2465: Clean accuracy 0.9902 | Adv accuracy: 0.9902 | Counter-attack accuracy: 0.9958
2026-02-07 14:57:09,690 - ADV_Generation_eps_0.0_steps_0_Added_Noise_uniform_Eps_48.0_Tau_Type_normal_anchors - INFO - Batch 718/2465: Clean accuracy 0.9903 | Adv accuracy: 0.9903 | Counter-attack accuracy: 0.9958
2026-02-07 14:57:09,999 - ADV_Generation_eps_0.0_steps_0_Added_Noise_uniform_Eps_48.0_Tau_Type_normal_anchors - INFO - Batch 719/2465: Clean accuracy 0.9903 | Adv accuracy: 0.9903 | Counter-attack accuracy: 0.9958
2026-02-07 14:57:10,308 - ADV_Generation_eps_0.0_steps_0_Added_Noise_uniform_Eps_48.0_Tau_Type_normal_anchors - INFO - Batch 720/2465: Clean accuracy 0.9903 | Adv accuracy: 0.9903 | Counter-attack accuracy: 0.9958
2026-02-07 14:57:10,617 - ADV_Generation_eps_0.0_steps_0_Added_Noise_uniform_Eps_48.0_Tau_Type_normal_anchors - INFO - Batch 721/2465: Clean accuracy 0.9903 | Adv accuracy: 0.9903 | Counter-attack accuracy: 0.9958
2026-02-07 14:57:10,925 - ADV_Generation_eps_0.0_steps_0_Added_Noise_uniform_Eps_48.0_Tau_Type_normal_anchors - INFO - Batch 722/2465: Clean accuracy 0.9903 | Adv accuracy: 0.9903 | Counter-attack accuracy: 0.9958
2026-02-07 14:57:11,234 - ADV_Generation_eps_0.0_steps_0_Added_Noise_uniform_Eps_48.0_Tau_Type_normal_anchors - INFO - Batch 723/2465: Clean accuracy 0.9903 | Adv accuracy: 0.9903 | Counter-attack accuracy: 0.9959
2026-02-07 14:57:11,543 - ADV_Generation_eps_0.0_steps_0_Added_Noise_uniform_Eps_48.0_Tau_Type_normal_anchors - INFO - Batch 724/2465: Clean accuracy 0.9903 | Adv accuracy: 0.9903 | Counter-attack accuracy: 0.9959
2026-02-07 14:57:11,874 - ADV_Generation_eps_0.0_steps_0_Added_Noise_uniform_Eps_48.0_Tau_Type_normal_anchors - INFO - Batch 725/2465: Clean accuracy 0.9903 | Adv accuracy: 0.9903 | Counter-attack accuracy: 0.9959
2026-02-07 14:57:12,182 - ADV_Generation_eps_0.0_steps_0_Added_Noise_uniform_Eps_48.0_Tau_Type_normal_anchors - INFO - Batch 726/2465: Clean accuracy 0.9904 | Adv accuracy: 0.9904 | Counter-attack accuracy: 0.9959
2026-02-07 14:57:12,491 - ADV_Generation_eps_0.0_steps_0_Added_Noise_uniform_Eps_48.0_Tau_Type_normal_anchors - INFO - Batch 727/2465: Clean accuracy 0.9904 | Adv accuracy: 0.9904 | Counter-attack accuracy: 0.9959
2026-02-07 14:57:12,801 - ADV_Generation_eps_0.0_steps_0_Added_Noise_uniform_Eps_48.0_Tau_Type_normal_anchors - INFO - Batch 728/2465: Clean accuracy 0.9904 | Adv accuracy: 0.9904 | Counter-attack accuracy: 0.9959
2026-02-07 14:57:13,109 - ADV_Generation_eps_0.0_steps_0_Added_Noise_uniform_Eps_48.0_Tau_Type_normal_anchors - INFO - Batch 729/2465: Clean accuracy 0.9904 | Adv accuracy: 0.9904 | Counter-attack accuracy: 0.9959
2026-02-07 14:57:13,418 - ADV_Generation_eps_0.0_steps_0_Added_Noise_uniform_Eps_48.0_Tau_Type_normal_anchors - INFO - Batch 730/2465: Clean accuracy 0.9904 | Adv accuracy: 0.9904 | Counter-attack accuracy: 0.9959
2026-02-07 14:57:13,727 - ADV_Generation_eps_0.0_steps_0_Added_Noise_uniform_Eps_48.0_Tau_Type_normal_anchors - INFO - Batch 731/2465: Clean accuracy 0.9904 | Adv accuracy: 0.9904 | Counter-attack accuracy: 0.9959
2026-02-07 14:57:14,036 - ADV_Generation_eps_0.0_steps_0_Added_Noise_uniform_Eps_48.0_Tau_Type_normal_anchors - INFO - Batch 732/2465: Clean accuracy 0.9904 | Adv accuracy: 0.9904 | Counter-attack accuracy: 0.9959
2026-02-07 14:57:14,345 - ADV_Generation_eps_0.0_steps_0_Added_Noise_uniform_Eps_48.0_Tau_Type_normal_anchors - INFO - Batch 733/2465: Clean accuracy 0.9905 | Adv accuracy: 0.9905 | Counter-attack accuracy: 0.9959
2026-02-07 14:57:14,654 - ADV_Generation_eps_0.0_steps_0_Added_Noise_uniform_Eps_48.0_Tau_Type_normal_anchors - INFO - Batch 734/2465: Clean accuracy 0.9905 | Adv accuracy: 0.9905 | Counter-attack accuracy: 0.9959
2026-02-07 14:57:14,963 - ADV_Generation_eps_0.0_steps_0_Added_Noise_uniform_Eps_48.0_Tau_Type_normal_anchors - INFO - Batch 735/2465: Clean accuracy 0.9905 | Adv accuracy: 0.9905 | Counter-attack accuracy: 0.9959
2026-02-07 14:57:15,272 - ADV_Generation_eps_0.0_steps_0_Added_Noise_uniform_Eps_48.0_Tau_Type_normal_anchors - INFO - Batch 736/2465: Clean accuracy 0.9905 | Adv accuracy: 0.9905 | Counter-attack accuracy: 0.9959
2026-02-07 14:57:15,587 - ADV_Generation_eps_0.0_steps_0_Added_Noise_uniform_Eps_48.0_Tau_Type_normal_anchors - INFO - Batch 737/2465: Clean accuracy 0.9905 | Adv accuracy: 0.9905 | Counter-attack accuracy: 0.9959
2026-02-07 14:57:15,897 - ADV_Generation_eps_0.0_steps_0_Added_Noise_uniform_Eps_48.0_Tau_Type_normal_anchors - INFO - Batch 738/2465: Clean accuracy 0.9905 | Adv accuracy: 0.9905 | Counter-attack accuracy: 0.9959
2026-02-07 14:57:16,206 - ADV_Generation_eps_0.0_steps_0_Added_Noise_uniform_Eps_48.0_Tau_Type_normal_anchors - INFO - Batch 739/2465: Clean accuracy 0.9905 | Adv accuracy: 0.9905 | Counter-attack accuracy: 0.9959
2026-02-07 14:57:16,515 - ADV_Generation_eps_0.0_steps_0_Added_Noise_uniform_Eps_48.0_Tau_Type_normal_anchors - INFO - Batch 740/2465: Clean accuracy 0.9905 | Adv accuracy: 0.9905 | Counter-attack accuracy: 0.9959
2026-02-07 14:57:16,823 - ADV_Generation_eps_0.0_steps_0_Added_Noise_uniform_Eps_48.0_Tau_Type_normal_anchors - INFO - Batch 741/2465: Clean accuracy 0.9906 | Adv accuracy: 0.9906 | Counter-attack accuracy: 0.9960
2026-02-07 14:57:17,133 - ADV_Generation_eps_0.0_steps_0_Added_Noise_uniform_Eps_48.0_Tau_Type_normal_anchors - INFO - Batch 742/2465: Clean accuracy 0.9906 | Adv accuracy: 0.9906 | Counter-attack accuracy: 0.9960
2026-02-07 14:57:17,441 - ADV_Generation_eps_0.0_steps_0_Added_Noise_uniform_Eps_48.0_Tau_Type_normal_anchors - INFO - Batch 743/2465: Clean accuracy 0.9906 | Adv accuracy: 0.9906 | Counter-attack accuracy: 0.9960
2026-02-07 14:57:17,750 - ADV_Generation_eps_0.0_steps_0_Added_Noise_uniform_Eps_48.0_Tau_Type_normal_anchors - INFO - Batch 744/2465: Clean accuracy 0.9906 | Adv accuracy: 0.9906 | Counter-attack accuracy: 0.9960
2026-02-07 14:57:18,059 - ADV_Generation_eps_0.0_steps_0_Added_Noise_uniform_Eps_48.0_Tau_Type_normal_anchors - INFO - Batch 745/2465: Clean accuracy 0.9906 | Adv accuracy: 0.9906 | Counter-attack accuracy: 0.9960
2026-02-07 14:57:18,368 - ADV_Generation_eps_0.0_steps_0_Added_Noise_uniform_Eps_48.0_Tau_Type_normal_anchors - INFO - Batch 746/2465: Clean accuracy 0.9906 | Adv accuracy: 0.9906 | Counter-attack accuracy: 0.9960
2026-02-07 14:57:18,677 - ADV_Generation_eps_0.0_steps_0_Added_Noise_uniform_Eps_48.0_Tau_Type_normal_anchors - INFO - Batch 747/2465: Clean accuracy 0.9906 | Adv accuracy: 0.9906 | Counter-attack accuracy: 0.9960
2026-02-07 14:57:18,996 - ADV_Generation_eps_0.0_steps_0_Added_Noise_uniform_Eps_48.0_Tau_Type_normal_anchors - INFO - Batch 748/2465: Clean accuracy 0.9906 | Adv accuracy: 0.9906 | Counter-attack accuracy: 0.9960
2026-02-07 14:57:19,305 - ADV_Generation_eps_0.0_steps_0_Added_Noise_uniform_Eps_48.0_Tau_Type_normal_anchors - INFO - Batch 749/2465: Clean accuracy 0.9907 | Adv accuracy: 0.9907 | Counter-attack accuracy: 0.9960
2026-02-07 14:57:19,614 - ADV_Generation_eps_0.0_steps_0_Added_Noise_uniform_Eps_48.0_Tau_Type_normal_anchors - INFO - Batch 750/2465: Clean accuracy 0.9907 | Adv accuracy: 0.9907 | Counter-attack accuracy: 0.9960
2026-02-07 14:57:19,923 - ADV_Generation_eps_0.0_steps_0_Added_Noise_uniform_Eps_48.0_Tau_Type_normal_anchors - INFO - Batch 751/2465: Clean accuracy 0.9907 | Adv accuracy: 0.9907 | Counter-attack accuracy: 0.9960
2026-02-07 14:57:20,232 - ADV_Generation_eps_0.0_steps_0_Added_Noise_uniform_Eps_48.0_Tau_Type_normal_anchors - INFO - Batch 752/2465: Clean accuracy 0.9907 | Adv accuracy: 0.9907 | Counter-attack accuracy: 0.9947
2026-02-07 14:57:20,541 - ADV_Generation_eps_0.0_steps_0_Added_Noise_uniform_Eps_48.0_Tau_Type_normal_anchors - INFO - Batch 753/2465: Clean accuracy 0.9907 | Adv accuracy: 0.9907 | Counter-attack accuracy: 0.9947
2026-02-07 14:57:20,849 - ADV_Generation_eps_0.0_steps_0_Added_Noise_uniform_Eps_48.0_Tau_Type_normal_anchors - INFO - Batch 754/2465: Clean accuracy 0.9907 | Adv accuracy: 0.9907 | Counter-attack accuracy: 0.9947
2026-02-07 14:57:21,158 - ADV_Generation_eps_0.0_steps_0_Added_Noise_uniform_Eps_48.0_Tau_Type_normal_anchors - INFO - Batch 755/2465: Clean accuracy 0.9894 | Adv accuracy: 0.9894 | Counter-attack accuracy: 0.9934
2026-02-07 14:57:21,467 - ADV_Generation_eps_0.0_steps_0_Added_Noise_uniform_Eps_48.0_Tau_Type_normal_anchors - INFO - Batch 756/2465: Clean accuracy 0.9894 | Adv accuracy: 0.9894 | Counter-attack accuracy: 0.9934
2026-02-07 14:57:21,776 - ADV_Generation_eps_0.0_steps_0_Added_Noise_uniform_Eps_48.0_Tau_Type_normal_anchors - INFO - Batch 757/2465: Clean accuracy 0.9894 | Adv accuracy: 0.9894 | Counter-attack accuracy: 0.9934
2026-02-07 14:57:22,085 - ADV_Generation_eps_0.0_steps_0_Added_Noise_uniform_Eps_48.0_Tau_Type_normal_anchors - INFO - Batch 758/2465: Clean accuracy 0.9894 | Adv accuracy: 0.9894 | Counter-attack accuracy: 0.9934
2026-02-07 14:57:22,394 - ADV_Generation_eps_0.0_steps_0_Added_Noise_uniform_Eps_48.0_Tau_Type_normal_anchors - INFO - Batch 759/2465: Clean accuracy 0.9895 | Adv accuracy: 0.9895 | Counter-attack accuracy: 0.9934
2026-02-07 14:57:22,703 - ADV_Generation_eps_0.0_steps_0_Added_Noise_uniform_Eps_48.0_Tau_Type_normal_anchors - INFO - Batch 760/2465: Clean accuracy 0.9895 | Adv accuracy: 0.9895 | Counter-attack accuracy: 0.9934
2026-02-07 14:57:23,011 - ADV_Generation_eps_0.0_steps_0_Added_Noise_uniform_Eps_48.0_Tau_Type_normal_anchors - INFO - Batch 761/2465: Clean accuracy 0.9895 | Adv accuracy: 0.9895 | Counter-attack accuracy: 0.9934
2026-02-07 14:57:23,321 - ADV_Generation_eps_0.0_steps_0_Added_Noise_uniform_Eps_48.0_Tau_Type_normal_anchors - INFO - Batch 762/2465: Clean accuracy 0.9895 | Adv accuracy: 0.9895 | Counter-attack accuracy: 0.9934
2026-02-07 14:57:23,630 - ADV_Generation_eps_0.0_steps_0_Added_Noise_uniform_Eps_48.0_Tau_Type_normal_anchors - INFO - Batch 763/2465: Clean accuracy 0.9895 | Adv accuracy: 0.9895 | Counter-attack accuracy: 0.9934
2026-02-07 14:57:23,938 - ADV_Generation_eps_0.0_steps_0_Added_Noise_uniform_Eps_48.0_Tau_Type_normal_anchors - INFO - Batch 764/2465: Clean accuracy 0.9895 | Adv accuracy: 0.9895 | Counter-attack accuracy: 0.9935
2026-02-07 14:57:24,247 - ADV_Generation_eps_0.0_steps_0_Added_Noise_uniform_Eps_48.0_Tau_Type_normal_anchors - INFO - Batch 765/2465: Clean accuracy 0.9895 | Adv accuracy: 0.9895 | Counter-attack accuracy: 0.9935
2026-02-07 14:57:24,556 - ADV_Generation_eps_0.0_steps_0_Added_Noise_uniform_Eps_48.0_Tau_Type_normal_anchors - INFO - Batch 766/2465: Clean accuracy 0.9896 | Adv accuracy: 0.9896 | Counter-attack accuracy: 0.9935
2026-02-07 14:57:24,865 - ADV_Generation_eps_0.0_steps_0_Added_Noise_uniform_Eps_48.0_Tau_Type_normal_anchors - INFO - Batch 767/2465: Clean accuracy 0.9896 | Adv accuracy: 0.9896 | Counter-attack accuracy: 0.9935
2026-02-07 14:57:25,174 - ADV_Generation_eps_0.0_steps_0_Added_Noise_uniform_Eps_48.0_Tau_Type_normal_anchors - INFO - Batch 768/2465: Clean accuracy 0.9896 | Adv accuracy: 0.9896 | Counter-attack accuracy: 0.9935
2026-02-07 14:57:25,483 - ADV_Generation_eps_0.0_steps_0_Added_Noise_uniform_Eps_48.0_Tau_Type_normal_anchors - INFO - Batch 769/2465: Clean accuracy 0.9896 | Adv accuracy: 0.9896 | Counter-attack accuracy: 0.9935
2026-02-07 14:57:25,792 - ADV_Generation_eps_0.0_steps_0_Added_Noise_uniform_Eps_48.0_Tau_Type_normal_anchors - INFO - Batch 770/2465: Clean accuracy 0.9896 | Adv accuracy: 0.9896 | Counter-attack accuracy: 0.9935
2026-02-07 14:57:26,100 - ADV_Generation_eps_0.0_steps_0_Added_Noise_uniform_Eps_48.0_Tau_Type_normal_anchors - INFO - Batch 771/2465: Clean accuracy 0.9896 | Adv accuracy: 0.9896 | Counter-attack accuracy: 0.9935
2026-02-07 14:57:26,409 - ADV_Generation_eps_0.0_steps_0_Added_Noise_uniform_Eps_48.0_Tau_Type_normal_anchors - INFO - Batch 772/2465: Clean accuracy 0.9896 | Adv accuracy: 0.9896 | Counter-attack accuracy: 0.9935
2026-02-07 14:57:26,718 - ADV_Generation_eps_0.0_steps_0_Added_Noise_uniform_Eps_48.0_Tau_Type_normal_anchors - INFO - Batch 773/2465: Clean accuracy 0.9897 | Adv accuracy: 0.9897 | Counter-attack accuracy: 0.9935
2026-02-07 14:57:27,027 - ADV_Generation_eps_0.0_steps_0_Added_Noise_uniform_Eps_48.0_Tau_Type_normal_anchors - INFO - Batch 774/2465: Clean accuracy 0.9897 | Adv accuracy: 0.9897 | Counter-attack accuracy: 0.9935
2026-02-07 14:57:27,336 - ADV_Generation_eps_0.0_steps_0_Added_Noise_uniform_Eps_48.0_Tau_Type_normal_anchors - INFO - Batch 775/2465: Clean accuracy 0.9897 | Adv accuracy: 0.9897 | Counter-attack accuracy: 0.9935
2026-02-07 14:57:27,645 - ADV_Generation_eps_0.0_steps_0_Added_Noise_uniform_Eps_48.0_Tau_Type_normal_anchors - INFO - Batch 776/2465: Clean accuracy 0.9897 | Adv accuracy: 0.9897 | Counter-attack accuracy: 0.9936
2026-02-07 14:57:27,954 - ADV_Generation_eps_0.0_steps_0_Added_Noise_uniform_Eps_48.0_Tau_Type_normal_anchors - INFO - Batch 777/2465: Clean accuracy 0.9897 | Adv accuracy: 0.9897 | Counter-attack accuracy: 0.9936
2026-02-07 14:57:28,263 - ADV_Generation_eps_0.0_steps_0_Added_Noise_uniform_Eps_48.0_Tau_Type_normal_anchors - INFO - Batch 778/2465: Clean accuracy 0.9897 | Adv accuracy: 0.9897 | Counter-attack accuracy: 0.9936
2026-02-07 14:57:28,572 - ADV_Generation_eps_0.0_steps_0_Added_Noise_uniform_Eps_48.0_Tau_Type_normal_anchors - INFO - Batch 779/2465: Clean accuracy 0.9897 | Adv accuracy: 0.9897 | Counter-attack accuracy: 0.9936
2026-02-07 14:57:28,881 - ADV_Generation_eps_0.0_steps_0_Added_Noise_uniform_Eps_48.0_Tau_Type_normal_anchors - INFO - Batch 780/2465: Clean accuracy 0.9897 | Adv accuracy: 0.9897 | Counter-attack accuracy: 0.9936
2026-02-07 14:57:29,189 - ADV_Generation_eps_0.0_steps_0_Added_Noise_uniform_Eps_48.0_Tau_Type_normal_anchors - INFO - Batch 781/2465: Clean accuracy 0.9898 | Adv accuracy: 0.9898 | Counter-attack accuracy: 0.9936
2026-02-07 14:57:29,498 - ADV_Generation_eps_0.0_steps_0_Added_Noise_uniform_Eps_48.0_Tau_Type_normal_anchors - INFO - Batch 782/2465: Clean accuracy 0.9898 | Adv accuracy: 0.9898 | Counter-attack accuracy: 0.9936
2026-02-07 14:57:29,807 - ADV_Generation_eps_0.0_steps_0_Added_Noise_uniform_Eps_48.0_Tau_Type_normal_anchors - INFO - Batch 783/2465: Clean accuracy 0.9898 | Adv accuracy: 0.9898 | Counter-attack accuracy: 0.9936
2026-02-07 14:57:30,116 - ADV_Generation_eps_0.0_steps_0_Added_Noise_uniform_Eps_48.0_Tau_Type_normal_anchors - INFO - Batch 784/2465: Clean accuracy 0.9898 | Adv accuracy: 0.9898 | Counter-attack accuracy: 0.9936
2026-02-07 14:57:30,425 - ADV_Generation_eps_0.0_steps_0_Added_Noise_uniform_Eps_48.0_Tau_Type_normal_anchors - INFO - Batch 785/2465: Clean accuracy 0.9898 | Adv accuracy: 0.9898 | Counter-attack accuracy: 0.9936
2026-02-07 14:57:30,734 - ADV_Generation_eps_0.0_steps_0_Added_Noise_uniform_Eps_48.0_Tau_Type_normal_anchors - INFO - Batch 786/2465: Clean accuracy 0.9898 | Adv accuracy: 0.9898 | Counter-attack accuracy: 0.9936
2026-02-07 14:57:31,043 - ADV_Generation_eps_0.0_steps_0_Added_Noise_uniform_Eps_48.0_Tau_Type_normal_anchors - INFO - Batch 787/2465: Clean accuracy 0.9898 | Adv accuracy: 0.9898 | Counter-attack accuracy: 0.9936
2026-02-07 14:57:31,351 - ADV_Generation_eps_0.0_steps_0_Added_Noise_uniform_Eps_48.0_Tau_Type_normal_anchors - INFO - Batch 788/2465: Clean accuracy 0.9898 | Adv accuracy: 0.9898 | Counter-attack accuracy: 0.9937
2026-02-07 14:57:31,660 - ADV_Generation_eps_0.0_steps_0_Added_Noise_uniform_Eps_48.0_Tau_Type_normal_anchors - INFO - Batch 789/2465: Clean accuracy 0.9899 | Adv accuracy: 0.9899 | Counter-attack accuracy: 0.9937
2026-02-07 14:57:31,969 - ADV_Generation_eps_0.0_steps_0_Added_Noise_uniform_Eps_48.0_Tau_Type_normal_anchors - INFO - Batch 790/2465: Clean accuracy 0.9899 | Adv accuracy: 0.9899 | Counter-attack accuracy: 0.9937
2026-02-07 14:57:32,278 - ADV_Generation_eps_0.0_steps_0_Added_Noise_uniform_Eps_48.0_Tau_Type_normal_anchors - INFO - Batch 791/2465: Clean accuracy 0.9899 | Adv accuracy: 0.9899 | Counter-attack accuracy: 0.9937
2026-02-07 14:57:32,587 - ADV_Generation_eps_0.0_steps_0_Added_Noise_uniform_Eps_48.0_Tau_Type_normal_anchors - INFO - Batch 792/2465: Clean accuracy 0.9899 | Adv accuracy: 0.9899 | Counter-attack accuracy: 0.9937
2026-02-07 14:57:32,896 - ADV_Generation_eps_0.0_steps_0_Added_Noise_uniform_Eps_48.0_Tau_Type_normal_anchors - INFO - Batch 793/2465: Clean accuracy 0.9899 | Adv accuracy: 0.9899 | Counter-attack accuracy: 0.9937
2026-02-07 14:57:33,205 - ADV_Generation_eps_0.0_steps_0_Added_Noise_uniform_Eps_48.0_Tau_Type_normal_anchors - INFO - Batch 794/2465: Clean accuracy 0.9899 | Adv accuracy: 0.9899 | Counter-attack accuracy: 0.9937
2026-02-07 14:57:33,514 - ADV_Generation_eps_0.0_steps_0_Added_Noise_uniform_Eps_48.0_Tau_Type_normal_anchors - INFO - Batch 795/2465: Clean accuracy 0.9899 | Adv accuracy: 0.9899 | Counter-attack accuracy: 0.9937
2026-02-07 14:57:33,822 - ADV_Generation_eps_0.0_steps_0_Added_Noise_uniform_Eps_48.0_Tau_Type_normal_anchors - INFO - Batch 796/2465: Clean accuracy 0.9899 | Adv accuracy: 0.9899 | Counter-attack accuracy: 0.9937
2026-02-07 14:57:34,131 - ADV_Generation_eps_0.0_steps_0_Added_Noise_uniform_Eps_48.0_Tau_Type_normal_anchors - INFO - Batch 797/2465: Clean accuracy 0.9900 | Adv accuracy: 0.9900 | Counter-attack accuracy: 0.9937
2026-02-07 14:57:34,440 - ADV_Generation_eps_0.0_steps_0_Added_Noise_uniform_Eps_48.0_Tau_Type_normal_anchors - INFO - Batch 798/2465: Clean accuracy 0.9900 | Adv accuracy: 0.9900 | Counter-attack accuracy: 0.9937
2026-02-07 14:57:34,749 - ADV_Generation_eps_0.0_steps_0_Added_Noise_uniform_Eps_48.0_Tau_Type_normal_anchors - INFO - Batch 799/2465: Clean accuracy 0.9900 | Adv accuracy: 0.9900 | Counter-attack accuracy: 0.9937
2026-02-07 14:57:35,058 - ADV_Generation_eps_0.0_steps_0_Added_Noise_uniform_Eps_48.0_Tau_Type_normal_anchors - INFO - Batch 800/2465: Clean accuracy 0.9900 | Adv accuracy: 0.9900 | Counter-attack accuracy: 0.9938
2026-02-07 14:57:35,367 - ADV_Generation_eps_0.0_steps_0_Added_Noise_uniform_Eps_48.0_Tau_Type_normal_anchors - INFO - Batch 801/2465: Clean accuracy 0.9900 | Adv accuracy: 0.9900 | Counter-attack accuracy: 0.9938
2026-02-07 14:57:35,676 - ADV_Generation_eps_0.0_steps_0_Added_Noise_uniform_Eps_48.0_Tau_Type_normal_anchors - INFO - Batch 802/2465: Clean accuracy 0.9900 | Adv accuracy: 0.9900 | Counter-attack accuracy: 0.9938
2026-02-07 14:57:35,985 - ADV_Generation_eps_0.0_steps_0_Added_Noise_uniform_Eps_48.0_Tau_Type_normal_anchors - INFO - Batch 803/2465: Clean accuracy 0.9900 | Adv accuracy: 0.9900 | Counter-attack accuracy: 0.9938
2026-02-07 14:57:36,293 - ADV_Generation_eps_0.0_steps_0_Added_Noise_uniform_Eps_48.0_Tau_Type_normal_anchors - INFO - Batch 804/2465: Clean accuracy 0.9900 | Adv accuracy: 0.9900 | Counter-attack accuracy: 0.9938
2026-02-07 14:57:36,608 - ADV_Generation_eps_0.0_steps_0_Added_Noise_uniform_Eps_48.0_Tau_Type_normal_anchors - INFO - Batch 805/2465: Clean accuracy 0.9901 | Adv accuracy: 0.9901 | Counter-attack accuracy: 0.9938
2026-02-07 14:57:36,917 - ADV_Generation_eps_0.0_steps_0_Added_Noise_uniform_Eps_48.0_Tau_Type_normal_anchors - INFO - Batch 806/2465: Clean accuracy 0.9901 | Adv accuracy: 0.9901 | Counter-attack accuracy: 0.9938
2026-02-07 14:57:37,226 - ADV_Generation_eps_0.0_steps_0_Added_Noise_uniform_Eps_48.0_Tau_Type_normal_anchors - INFO - Batch 807/2465: Clean accuracy 0.9901 | Adv accuracy: 0.9901 | Counter-attack accuracy: 0.9938
2026-02-07 14:57:37,534 - ADV_Generation_eps_0.0_steps_0_Added_Noise_uniform_Eps_48.0_Tau_Type_normal_anchors - INFO - Batch 808/2465: Clean accuracy 0.9901 | Adv accuracy: 0.9901 | Counter-attack accuracy: 0.9938
2026-02-07 14:57:37,843 - ADV_Generation_eps_0.0_steps_0_Added_Noise_uniform_Eps_48.0_Tau_Type_normal_anchors - INFO - Batch 809/2465: Clean accuracy 0.9901 | Adv accuracy: 0.9901 | Counter-attack accuracy: 0.9938
2026-02-07 14:57:38,153 - ADV_Generation_eps_0.0_steps_0_Added_Noise_uniform_Eps_48.0_Tau_Type_normal_anchors - INFO - Batch 810/2465: Clean accuracy 0.9901 | Adv accuracy: 0.9901 | Counter-attack accuracy: 0.9938
2026-02-07 14:57:38,461 - ADV_Generation_eps_0.0_steps_0_Added_Noise_uniform_Eps_48.0_Tau_Type_normal_anchors - INFO - Batch 811/2465: Clean accuracy 0.9901 | Adv accuracy: 0.9901 | Counter-attack accuracy: 0.9938
2026-02-07 14:57:38,770 - ADV_Generation_eps_0.0_steps_0_Added_Noise_uniform_Eps_48.0_Tau_Type_normal_anchors - INFO - Batch 812/2465: Clean accuracy 0.9901 | Adv accuracy: 0.9901 | Counter-attack accuracy: 0.9938
2026-02-07 14:57:39,079 - ADV_Generation_eps_0.0_steps_0_Added_Noise_uniform_Eps_48.0_Tau_Type_normal_anchors - INFO - Batch 813/2465: Clean accuracy 0.9902 | Adv accuracy: 0.9902 | Counter-attack accuracy: 0.9938
2026-02-07 14:57:39,388 - ADV_Generation_eps_0.0_steps_0_Added_Noise_uniform_Eps_48.0_Tau_Type_normal_anchors - INFO - Batch 814/2465: Clean accuracy 0.9902 | Adv accuracy: 0.9902 | Counter-attack accuracy: 0.9939
2026-02-07 14:57:39,697 - ADV_Generation_eps_0.0_steps_0_Added_Noise_uniform_Eps_48.0_Tau_Type_normal_anchors - INFO - Batch 815/2465: Clean accuracy 0.9902 | Adv accuracy: 0.9902 | Counter-attack accuracy: 0.9939
2026-02-07 14:57:40,015 - ADV_Generation_eps_0.0_steps_0_Added_Noise_uniform_Eps_48.0_Tau_Type_normal_anchors - INFO - Batch 816/2465: Clean accuracy 0.9902 | Adv accuracy: 0.9902 | Counter-attack accuracy: 0.9939
2026-02-07 14:57:40,324 - ADV_Generation_eps_0.0_steps_0_Added_Noise_uniform_Eps_48.0_Tau_Type_normal_anchors - INFO - Batch 817/2465: Clean accuracy 0.9902 | Adv accuracy: 0.9902 | Counter-attack accuracy: 0.9939
2026-02-07 14:57:40,633 - ADV_Generation_eps_0.0_steps_0_Added_Noise_uniform_Eps_48.0_Tau_Type_normal_anchors - INFO - Batch 818/2465: Clean accuracy 0.9902 | Adv accuracy: 0.9902 | Counter-attack accuracy: 0.9939
2026-02-07 14:57:40,942 - ADV_Generation_eps_0.0_steps_0_Added_Noise_uniform_Eps_48.0_Tau_Type_normal_anchors - INFO - Batch 819/2465: Clean accuracy 0.9902 | Adv accuracy: 0.9902 | Counter-attack accuracy: 0.9939
2026-02-07 14:57:41,251 - ADV_Generation_eps_0.0_steps_0_Added_Noise_uniform_Eps_48.0_Tau_Type_normal_anchors - INFO - Batch 820/2465: Clean accuracy 0.9902 | Adv accuracy: 0.9902 | Counter-attack accuracy: 0.9939
2026-02-07 14:57:41,560 - ADV_Generation_eps_0.0_steps_0_Added_Noise_uniform_Eps_48.0_Tau_Type_normal_anchors - INFO - Batch 821/2465: Clean accuracy 0.9903 | Adv accuracy: 0.9903 | Counter-attack accuracy: 0.9939
2026-02-07 14:57:41,869 - ADV_Generation_eps_0.0_steps_0_Added_Noise_uniform_Eps_48.0_Tau_Type_normal_anchors - INFO - Batch 822/2465: Clean accuracy 0.9903 | Adv accuracy: 0.9903 | Counter-attack accuracy: 0.9939
2026-02-07 14:57:42,177 - ADV_Generation_eps_0.0_steps_0_Added_Noise_uniform_Eps_48.0_Tau_Type_normal_anchors - INFO - Batch 823/2465: Clean accuracy 0.9903 | Adv accuracy: 0.9903 | Counter-attack accuracy: 0.9939
2026-02-07 14:57:42,486 - ADV_Generation_eps_0.0_steps_0_Added_Noise_uniform_Eps_48.0_Tau_Type_normal_anchors - INFO - Batch 824/2465: Clean accuracy 0.9903 | Adv accuracy: 0.9903 | Counter-attack accuracy: 0.9939
2026-02-07 14:57:42,795 - ADV_Generation_eps_0.0_steps_0_Added_Noise_uniform_Eps_48.0_Tau_Type_normal_anchors - INFO - Batch 825/2465: Clean accuracy 0.9903 | Adv accuracy: 0.9903 | Counter-attack accuracy: 0.9939
2026-02-07 14:57:43,104 - ADV_Generation_eps_0.0_steps_0_Added_Noise_uniform_Eps_48.0_Tau_Type_normal_anchors - INFO - Batch 826/2465: Clean accuracy 0.9903 | Adv accuracy: 0.9903 | Counter-attack accuracy: 0.9939
2026-02-07 14:57:43,413 - ADV_Generation_eps_0.0_steps_0_Added_Noise_uniform_Eps_48.0_Tau_Type_normal_anchors - INFO - Batch 827/2465: Clean accuracy 0.9903 | Adv accuracy: 0.9903 | Counter-attack accuracy: 0.9940
2026-02-07 14:57:43,722 - ADV_Generation_eps_0.0_steps_0_Added_Noise_uniform_Eps_48.0_Tau_Type_normal_anchors - INFO - Batch 828/2465: Clean accuracy 0.9903 | Adv accuracy: 0.9903 | Counter-attack accuracy: 0.9940
2026-02-07 14:57:44,031 - ADV_Generation_eps_0.0_steps_0_Added_Noise_uniform_Eps_48.0_Tau_Type_normal_anchors - INFO - Batch 829/2465: Clean accuracy 0.9903 | Adv accuracy: 0.9903 | Counter-attack accuracy: 0.9940
2026-02-07 14:57:44,340 - ADV_Generation_eps_0.0_steps_0_Added_Noise_uniform_Eps_48.0_Tau_Type_normal_anchors - INFO - Batch 830/2465: Clean accuracy 0.9904 | Adv accuracy: 0.9904 | Counter-attack accuracy: 0.9940
2026-02-07 14:57:44,648 - ADV_Generation_eps_0.0_steps_0_Added_Noise_uniform_Eps_48.0_Tau_Type_normal_anchors - INFO - Batch 831/2465: Clean accuracy 0.9904 | Adv accuracy: 0.9904 | Counter-attack accuracy: 0.9940
2026-02-07 14:57:44,957 - ADV_Generation_eps_0.0_steps_0_Added_Noise_uniform_Eps_48.0_Tau_Type_normal_anchors - INFO - Batch 832/2465: Clean accuracy 0.9904 | Adv accuracy: 0.9904 | Counter-attack accuracy: 0.9940
2026-02-07 14:57:45,266 - ADV_Generation_eps_0.0_steps_0_Added_Noise_uniform_Eps_48.0_Tau_Type_normal_anchors - INFO - Batch 833/2465: Clean accuracy 0.9904 | Adv accuracy: 0.9904 | Counter-attack accuracy: 0.9940
2026-02-07 14:57:45,575 - ADV_Generation_eps_0.0_steps_0_Added_Noise_uniform_Eps_48.0_Tau_Type_normal_anchors - INFO - Batch 834/2465: Clean accuracy 0.9904 | Adv accuracy: 0.9904 | Counter-attack accuracy: 0.9940
2026-02-07 14:57:45,884 - ADV_Generation_eps_0.0_steps_0_Added_Noise_uniform_Eps_48.0_Tau_Type_normal_anchors - INFO - Batch 835/2465: Clean accuracy 0.9904 | Adv accuracy: 0.9904 | Counter-attack accuracy: 0.9940
2026-02-07 14:57:46,193 - ADV_Generation_eps_0.0_steps_0_Added_Noise_uniform_Eps_48.0_Tau_Type_normal_anchors - INFO - Batch 836/2465: Clean accuracy 0.9904 | Adv accuracy: 0.9904 | Counter-attack accuracy: 0.9940
2026-02-07 14:57:46,502 - ADV_Generation_eps_0.0_steps_0_Added_Noise_uniform_Eps_48.0_Tau_Type_normal_anchors - INFO - Batch 837/2465: Clean accuracy 0.9904 | Adv accuracy: 0.9904 | Counter-attack accuracy: 0.9940
2026-02-07 14:57:46,811 - ADV_Generation_eps_0.0_steps_0_Added_Noise_uniform_Eps_48.0_Tau_Type_normal_anchors - INFO - Batch 838/2465: Clean accuracy 0.9905 | Adv accuracy: 0.9905 | Counter-attack accuracy: 0.9940
2026-02-07 14:57:47,120 - ADV_Generation_eps_0.0_steps_0_Added_Noise_uniform_Eps_48.0_Tau_Type_normal_anchors - INFO - Batch 839/2465: Clean accuracy 0.9905 | Adv accuracy: 0.9905 | Counter-attack accuracy: 0.9940
2026-02-07 14:57:47,429 - ADV_Generation_eps_0.0_steps_0_Added_Noise_uniform_Eps_48.0_Tau_Type_normal_anchors - INFO - Batch 840/2465: Clean accuracy 0.9893 | Adv accuracy: 0.9893 | Counter-attack accuracy: 0.9929
2026-02-07 14:57:47,737 - ADV_Generation_eps_0.0_steps_0_Added_Noise_uniform_Eps_48.0_Tau_Type_normal_anchors - INFO - Batch 841/2465: Clean accuracy 0.9893 | Adv accuracy: 0.9893 | Counter-attack accuracy: 0.9929
2026-02-07 14:57:48,046 - ADV_Generation_eps_0.0_steps_0_Added_Noise_uniform_Eps_48.0_Tau_Type_normal_anchors - INFO - Batch 842/2465: Clean accuracy 0.9893 | Adv accuracy: 0.9893 | Counter-attack accuracy: 0.9929
2026-02-07 14:57:48,355 - ADV_Generation_eps_0.0_steps_0_Added_Noise_uniform_Eps_48.0_Tau_Type_normal_anchors - INFO - Batch 843/2465: Clean accuracy 0.9893 | Adv accuracy: 0.9893 | Counter-attack accuracy: 0.9929
2026-02-07 14:57:48,664 - ADV_Generation_eps_0.0_steps_0_Added_Noise_uniform_Eps_48.0_Tau_Type_normal_anchors - INFO - Batch 844/2465: Clean accuracy 0.9893 | Adv accuracy: 0.9893 | Counter-attack accuracy: 0.9929
2026-02-07 14:57:48,973 - ADV_Generation_eps_0.0_steps_0_Added_Noise_uniform_Eps_48.0_Tau_Type_normal_anchors - INFO - Batch 845/2465: Clean accuracy 0.9893 | Adv accuracy: 0.9893 | Counter-attack accuracy: 0.9929
2026-02-07 14:57:49,282 - ADV_Generation_eps_0.0_steps_0_Added_Noise_uniform_Eps_48.0_Tau_Type_normal_anchors - INFO - Batch 846/2465: Clean accuracy 0.9894 | Adv accuracy: 0.9894 | Counter-attack accuracy: 0.9929
2026-02-07 14:57:49,591 - ADV_Generation_eps_0.0_steps_0_Added_Noise_uniform_Eps_48.0_Tau_Type_normal_anchors - INFO - Batch 847/2465: Clean accuracy 0.9894 | Adv accuracy: 0.9894 | Counter-attack accuracy: 0.9929
2026-02-07 14:57:49,900 - ADV_Generation_eps_0.0_steps_0_Added_Noise_uniform_Eps_48.0_Tau_Type_normal_anchors - INFO - Batch 848/2465: Clean accuracy 0.9894 | Adv accuracy: 0.9894 | Counter-attack accuracy: 0.9929
2026-02-07 14:57:50,208 - ADV_Generation_eps_0.0_steps_0_Added_Noise_uniform_Eps_48.0_Tau_Type_normal_anchors - INFO - Batch 849/2465: Clean accuracy 0.9894 | Adv accuracy: 0.9894 | Counter-attack accuracy: 0.9929
2026-02-07 14:57:50,517 - ADV_Generation_eps_0.0_steps_0_Added_Noise_uniform_Eps_48.0_Tau_Type_normal_anchors - INFO - Batch 850/2465: Clean accuracy 0.9894 | Adv accuracy: 0.9894 | Counter-attack accuracy: 0.9929
2026-02-07 14:57:50,826 - ADV_Generation_eps_0.0_steps_0_Added_Noise_uniform_Eps_48.0_Tau_Type_normal_anchors - INFO - Batch 851/2465: Clean accuracy 0.9894 | Adv accuracy: 0.9894 | Counter-attack accuracy: 0.9929
2026-02-07 14:57:51,135 - ADV_Generation_eps_0.0_steps_0_Added_Noise_uniform_Eps_48.0_Tau_Type_normal_anchors - INFO - Batch 852/2465: Clean accuracy 0.9894 | Adv accuracy: 0.9894 | Counter-attack accuracy: 0.9930
2026-02-07 14:57:51,450 - ADV_Generation_eps_0.0_steps_0_Added_Noise_uniform_Eps_48.0_Tau_Type_normal_anchors - INFO - Batch 853/2465: Clean accuracy 0.9894 | Adv accuracy: 0.9894 | Counter-attack accuracy: 0.9930
2026-02-07 14:57:51,759 - ADV_Generation_eps_0.0_steps_0_Added_Noise_uniform_Eps_48.0_Tau_Type_normal_anchors - INFO - Batch 854/2465: Clean accuracy 0.9895 | Adv accuracy: 0.9895 | Counter-attack accuracy: 0.9930
2026-02-07 14:57:52,068 - ADV_Generation_eps_0.0_steps_0_Added_Noise_uniform_Eps_48.0_Tau_Type_normal_anchors - INFO - Batch 855/2465: Clean accuracy 0.9895 | Adv accuracy: 0.9895 | Counter-attack accuracy: 0.9930
2026-02-07 14:57:52,377 - ADV_Generation_eps_0.0_steps_0_Added_Noise_uniform_Eps_48.0_Tau_Type_normal_anchors - INFO - Batch 856/2465: Clean accuracy 0.9895 | Adv accuracy: 0.9895 | Counter-attack accuracy: 0.9930
2026-02-07 14:57:52,761 - ADV_Generation_eps_0.0_steps_0_Added_Noise_uniform_Eps_48.0_Tau_Type_normal_anchors - INFO - Batch 857/2465: Clean accuracy 0.9895 | Adv accuracy: 0.9895 | Counter-attack accuracy: 0.9930
2026-02-07 14:57:53,072 - ADV_Generation_eps_0.0_steps_0_Added_Noise_uniform_Eps_48.0_Tau_Type_normal_anchors - INFO - Batch 858/2465: Clean accuracy 0.9895 | Adv accuracy: 0.9895 | Counter-attack accuracy: 0.9930
2026-02-07 14:57:53,381 - ADV_Generation_eps_0.0_steps_0_Added_Noise_uniform_Eps_48.0_Tau_Type_normal_anchors - INFO - Batch 859/2465: Clean accuracy 0.9895 | Adv accuracy: 0.9895 | Counter-attack accuracy: 0.9930
2026-02-07 14:57:53,690 - ADV_Generation_eps_0.0_steps_0_Added_Noise_uniform_Eps_48.0_Tau_Type_normal_anchors - INFO - Batch 860/2465: Clean accuracy 0.9895 | Adv accuracy: 0.9895 | Counter-attack accuracy: 0.9930
2026-02-07 14:57:53,999 - ADV_Generation_eps_0.0_steps_0_Added_Noise_uniform_Eps_48.0_Tau_Type_normal_anchors - INFO - Batch 861/2465: Clean accuracy 0.9895 | Adv accuracy: 0.9895 | Counter-attack accuracy: 0.9930
2026-02-07 14:57:54,308 - ADV_Generation_eps_0.0_steps_0_Added_Noise_uniform_Eps_48.0_Tau_Type_normal_anchors - INFO - Batch 862/2465: Clean accuracy 0.9896 | Adv accuracy: 0.9896 | Counter-attack accuracy: 0.9930
2026-02-07 14:57:54,616 - ADV_Generation_eps_0.0_steps_0_Added_Noise_uniform_Eps_48.0_Tau_Type_normal_anchors - INFO - Batch 863/2465: Clean accuracy 0.9896 | Adv accuracy: 0.9896 | Counter-attack accuracy: 0.9930
2026-02-07 14:57:54,925 - ADV_Generation_eps_0.0_steps_0_Added_Noise_uniform_Eps_48.0_Tau_Type_normal_anchors - INFO - Batch 864/2465: Clean accuracy 0.9896 | Adv accuracy: 0.9896 | Counter-attack accuracy: 0.9931
2026-02-07 14:57:55,234 - ADV_Generation_eps_0.0_steps_0_Added_Noise_uniform_Eps_48.0_Tau_Type_normal_anchors - INFO - Batch 865/2465: Clean accuracy 0.9896 | Adv accuracy: 0.9896 | Counter-attack accuracy: 0.9931
2026-02-07 14:57:55,543 - ADV_Generation_eps_0.0_steps_0_Added_Noise_uniform_Eps_48.0_Tau_Type_normal_anchors - INFO - Batch 866/2465: Clean accuracy 0.9896 | Adv accuracy: 0.9896 | Counter-attack accuracy: 0.9931
2026-02-07 14:57:55,852 - ADV_Generation_eps_0.0_steps_0_Added_Noise_uniform_Eps_48.0_Tau_Type_normal_anchors - INFO - Batch 867/2465: Clean accuracy 0.9896 | Adv accuracy: 0.9896 | Counter-attack accuracy: 0.9931
2026-02-07 14:57:56,161 - ADV_Generation_eps_0.0_steps_0_Added_Noise_uniform_Eps_48.0_Tau_Type_normal_anchors - INFO - Batch 868/2465: Clean accuracy 0.9896 | Adv accuracy: 0.9896 | Counter-attack accuracy: 0.9931
2026-02-07 14:57:56,470 - ADV_Generation_eps_0.0_steps_0_Added_Noise_uniform_Eps_48.0_Tau_Type_normal_anchors - INFO - Batch 869/2465: Clean accuracy 0.9896 | Adv accuracy: 0.9896 | Counter-attack accuracy: 0.9931
2026-02-07 14:57:56,779 - ADV_Generation_eps_0.0_steps_0_Added_Noise_uniform_Eps_48.0_Tau_Type_normal_anchors - INFO - Batch 870/2465: Clean accuracy 0.9897 | Adv accuracy: 0.9897 | Counter-attack accuracy: 0.9931
2026-02-07 14:57:57,087 - ADV_Generation_eps_0.0_steps_0_Added_Noise_uniform_Eps_48.0_Tau_Type_normal_anchors - INFO - Batch 871/2465: Clean accuracy 0.9897 | Adv accuracy: 0.9897 | Counter-attack accuracy: 0.9931
2026-02-07 14:57:57,396 - ADV_Generation_eps_0.0_steps_0_Added_Noise_uniform_Eps_48.0_Tau_Type_normal_anchors - INFO - Batch 872/2465: Clean accuracy 0.9897 | Adv accuracy: 0.9897 | Counter-attack accuracy: 0.9931
2026-02-07 14:57:57,705 - ADV_Generation_eps_0.0_steps_0_Added_Noise_uniform_Eps_48.0_Tau_Type_normal_anchors - INFO - Batch 873/2465: Clean accuracy 0.9897 | Adv accuracy: 0.9897 | Counter-attack accuracy: 0.9931
2026-02-07 14:57:58,014 - ADV_Generation_eps_0.0_steps_0_Added_Noise_uniform_Eps_48.0_Tau_Type_normal_anchors - INFO - Batch 874/2465: Clean accuracy 0.9897 | Adv accuracy: 0.9897 | Counter-attack accuracy: 0.9931
2026-02-07 14:57:58,323 - ADV_Generation_eps_0.0_steps_0_Added_Noise_uniform_Eps_48.0_Tau_Type_normal_anchors - INFO - Batch 875/2465: Clean accuracy 0.9897 | Adv accuracy: 0.9897 | Counter-attack accuracy: 0.9931
2026-02-07 14:57:58,632 - ADV_Generation_eps_0.0_steps_0_Added_Noise_uniform_Eps_48.0_Tau_Type_normal_anchors - INFO - Batch 876/2465: Clean accuracy 0.9897 | Adv accuracy: 0.9897 | Counter-attack accuracy: 0.9932
2026-02-07 14:57:58,941 - ADV_Generation_eps_0.0_steps_0_Added_Noise_uniform_Eps_48.0_Tau_Type_normal_anchors - INFO - Batch 877/2465: Clean accuracy 0.9897 | Adv accuracy: 0.9897 | Counter-attack accuracy: 0.9932
2026-02-07 14:57:59,250 - ADV_Generation_eps_0.0_steps_0_Added_Noise_uniform_Eps_48.0_Tau_Type_normal_anchors - INFO - Batch 878/2465: Clean accuracy 0.9897 | Adv accuracy: 0.9897 | Counter-attack accuracy: 0.9932
2026-02-07 14:57:59,562 - ADV_Generation_eps_0.0_steps_0_Added_Noise_uniform_Eps_48.0_Tau_Type_normal_anchors - INFO - Batch 879/2465: Clean accuracy 0.9898 | Adv accuracy: 0.9898 | Counter-attack accuracy: 0.9932
2026-02-07 14:57:59,871 - ADV_Generation_eps_0.0_steps_0_Added_Noise_uniform_Eps_48.0_Tau_Type_normal_anchors - INFO - Batch 880/2465: Clean accuracy 0.9898 | Adv accuracy: 0.9898 | Counter-attack accuracy: 0.9932
2026-02-07 14:58:00,180 - ADV_Generation_eps_0.0_steps_0_Added_Noise_uniform_Eps_48.0_Tau_Type_normal_anchors - INFO - Batch 881/2465: Clean accuracy 0.9898 | Adv accuracy: 0.9898 | Counter-attack accuracy: 0.9932
2026-02-07 14:58:00,489 - ADV_Generation_eps_0.0_steps_0_Added_Noise_uniform_Eps_48.0_Tau_Type_normal_anchors - INFO - Batch 882/2465: Clean accuracy 0.9898 | Adv accuracy: 0.9898 | Counter-attack accuracy: 0.9932
2026-02-07 14:58:00,798 - ADV_Generation_eps_0.0_steps_0_Added_Noise_uniform_Eps_48.0_Tau_Type_normal_anchors - INFO - Batch 883/2465: Clean accuracy 0.9898 | Adv accuracy: 0.9898 | Counter-attack accuracy: 0.9932
2026-02-07 14:58:01,107 - ADV_Generation_eps_0.0_steps_0_Added_Noise_uniform_Eps_48.0_Tau_Type_normal_anchors - INFO - Batch 884/2465: Clean accuracy 0.9898 | Adv accuracy: 0.9898 | Counter-attack accuracy: 0.9921
2026-02-07 14:58:01,416 - ADV_Generation_eps_0.0_steps_0_Added_Noise_uniform_Eps_48.0_Tau_Type_normal_anchors - INFO - Batch 885/2465: Clean accuracy 0.9898 | Adv accuracy: 0.9898 | Counter-attack accuracy: 0.9921
2026-02-07 14:58:01,725 - ADV_Generation_eps_0.0_steps_0_Added_Noise_uniform_Eps_48.0_Tau_Type_normal_anchors - INFO - Batch 886/2465: Clean accuracy 0.9898 | Adv accuracy: 0.9898 | Counter-attack accuracy: 0.9921
2026-02-07 14:58:02,034 - ADV_Generation_eps_0.0_steps_0_Added_Noise_uniform_Eps_48.0_Tau_Type_normal_anchors - INFO - Batch 887/2465: Clean accuracy 0.9899 | Adv accuracy: 0.9899 | Counter-attack accuracy: 0.9921
2026-02-07 14:58:02,342 - ADV_Generation_eps_0.0_steps_0_Added_Noise_uniform_Eps_48.0_Tau_Type_normal_anchors - INFO - Batch 888/2465: Clean accuracy 0.9899 | Adv accuracy: 0.9899 | Counter-attack accuracy: 0.9921
2026-02-07 14:58:02,652 - ADV_Generation_eps_0.0_steps_0_Added_Noise_uniform_Eps_48.0_Tau_Type_normal_anchors - INFO - Batch 889/2465: Clean accuracy 0.9899 | Adv accuracy: 0.9899 | Counter-attack accuracy: 0.9921
2026-02-07 14:58:02,960 - ADV_Generation_eps_0.0_steps_0_Added_Noise_uniform_Eps_48.0_Tau_Type_normal_anchors - INFO - Batch 890/2465: Clean accuracy 0.9899 | Adv accuracy: 0.9899 | Counter-attack accuracy: 0.9921
2026-02-07 14:58:03,269 - ADV_Generation_eps_0.0_steps_0_Added_Noise_uniform_Eps_48.0_Tau_Type_normal_anchors - INFO - Batch 891/2465: Clean accuracy 0.9899 | Adv accuracy: 0.9899 | Counter-attack accuracy: 0.9921
2026-02-07 14:58:03,578 - ADV_Generation_eps_0.0_steps_0_Added_Noise_uniform_Eps_48.0_Tau_Type_normal_anchors - INFO - Batch 892/2465: Clean accuracy 0.9899 | Adv accuracy: 0.9899 | Counter-attack accuracy: 0.9922
2026-02-07 14:58:03,887 - ADV_Generation_eps_0.0_steps_0_Added_Noise_uniform_Eps_48.0_Tau_Type_normal_anchors - INFO - Batch 893/2465: Clean accuracy 0.9899 | Adv accuracy: 0.9899 | Counter-attack accuracy: 0.9922
2026-02-07 14:58:04,196 - ADV_Generation_eps_0.0_steps_0_Added_Noise_uniform_Eps_48.0_Tau_Type_normal_anchors - INFO - Batch 894/2465: Clean accuracy 0.9899 | Adv accuracy: 0.9899 | Counter-attack accuracy: 0.9922
2026-02-07 14:58:04,505 - ADV_Generation_eps_0.0_steps_0_Added_Noise_uniform_Eps_48.0_Tau_Type_normal_anchors - INFO - Batch 895/2465: Clean accuracy 0.9899 | Adv accuracy: 0.9899 | Counter-attack accuracy: 0.9922
2026-02-07 14:58:04,820 - ADV_Generation_eps_0.0_steps_0_Added_Noise_uniform_Eps_48.0_Tau_Type_normal_anchors - INFO - Batch 896/2465: Clean accuracy 0.9900 | Adv accuracy: 0.9900 | Counter-attack accuracy: 0.9922
2026-02-07 14:58:05,129 - ADV_Generation_eps_0.0_steps_0_Added_Noise_uniform_Eps_48.0_Tau_Type_normal_anchors - INFO - Batch 897/2465: Clean accuracy 0.9900 | Adv accuracy: 0.9900 | Counter-attack accuracy: 0.9922
2026-02-07 14:58:05,438 - ADV_Generation_eps_0.0_steps_0_Added_Noise_uniform_Eps_48.0_Tau_Type_normal_anchors - INFO - Batch 898/2465: Clean accuracy 0.9900 | Adv accuracy: 0.9900 | Counter-attack accuracy: 0.9922
2026-02-07 14:58:05,747 - ADV_Generation_eps_0.0_steps_0_Added_Noise_uniform_Eps_48.0_Tau_Type_normal_anchors - INFO - Batch 899/2465: Clean accuracy 0.9900 | Adv accuracy: 0.9900 | Counter-attack accuracy: 0.9922
2026-02-07 14:58:06,056 - ADV_Generation_eps_0.0_steps_0_Added_Noise_uniform_Eps_48.0_Tau_Type_normal_anchors - INFO - Batch 900/2465: Clean accuracy 0.9900 | Adv accuracy: 0.9900 | Counter-attack accuracy: 0.9922
2026-02-07 14:58:06,365 - ADV_Generation_eps_0.0_steps_0_Added_Noise_uniform_Eps_48.0_Tau_Type_normal_anchors - INFO - Batch 901/2465: Clean accuracy 0.9889 | Adv accuracy: 0.9889 | Counter-attack accuracy: 0.9922
2026-02-07 14:58:06,674 - ADV_Generation_eps_0.0_steps_0_Added_Noise_uniform_Eps_48.0_Tau_Type_normal_anchors - INFO - Batch 902/2465: Clean accuracy 0.9889 | Adv accuracy: 0.9889 | Counter-attack accuracy: 0.9922
2026-02-07 14:58:06,983 - ADV_Generation_eps_0.0_steps_0_Added_Noise_uniform_Eps_48.0_Tau_Type_normal_anchors - INFO - Batch 903/2465: Clean accuracy 0.9889 | Adv accuracy: 0.9889 | Counter-attack accuracy: 0.9922
2026-02-07 14:58:07,292 - ADV_Generation_eps_0.0_steps_0_Added_Noise_uniform_Eps_48.0_Tau_Type_normal_anchors - INFO - Batch 904/2465: Clean accuracy 0.9889 | Adv accuracy: 0.9889 | Counter-attack accuracy: 0.9923
2026-02-07 14:58:07,601 - ADV_Generation_eps_0.0_steps_0_Added_Noise_uniform_Eps_48.0_Tau_Type_normal_anchors - INFO - Batch 905/2465: Clean accuracy 0.9890 | Adv accuracy: 0.9890 | Counter-attack accuracy: 0.9923
2026-02-07 14:58:07,909 - ADV_Generation_eps_0.0_steps_0_Added_Noise_uniform_Eps_48.0_Tau_Type_normal_anchors - INFO - Batch 906/2465: Clean accuracy 0.9890 | Adv accuracy: 0.9890 | Counter-attack accuracy: 0.9923
2026-02-07 14:58:08,226 - ADV_Generation_eps_0.0_steps_0_Added_Noise_uniform_Eps_48.0_Tau_Type_normal_anchors - INFO - Batch 907/2465: Clean accuracy 0.9890 | Adv accuracy: 0.9890 | Counter-attack accuracy: 0.9923
2026-02-07 14:58:08,535 - ADV_Generation_eps_0.0_steps_0_Added_Noise_uniform_Eps_48.0_Tau_Type_normal_anchors - INFO - Batch 908/2465: Clean accuracy 0.9890 | Adv accuracy: 0.9890 | Counter-attack accuracy: 0.9923
2026-02-07 14:58:08,844 - ADV_Generation_eps_0.0_steps_0_Added_Noise_uniform_Eps_48.0_Tau_Type_normal_anchors - INFO - Batch 909/2465: Clean accuracy 0.9890 | Adv accuracy: 0.9890 | Counter-attack accuracy: 0.9923
2026-02-07 14:58:09,153 - ADV_Generation_eps_0.0_steps_0_Added_Noise_uniform_Eps_48.0_Tau_Type_normal_anchors - INFO - Batch 910/2465: Clean accuracy 0.9890 | Adv accuracy: 0.9890 | Counter-attack accuracy: 0.9923
2026-02-07 14:58:09,462 - ADV_Generation_eps_0.0_steps_0_Added_Noise_uniform_Eps_48.0_Tau_Type_normal_anchors - INFO - Batch 911/2465: Clean accuracy 0.9890 | Adv accuracy: 0.9890 | Counter-attack accuracy: 0.9923
2026-02-07 14:58:09,780 - ADV_Generation_eps_0.0_steps_0_Added_Noise_uniform_Eps_48.0_Tau_Type_normal_anchors - INFO - Batch 912/2465: Clean accuracy 0.9890 | Adv accuracy: 0.9890 | Counter-attack accuracy: 0.9923
2026-02-07 14:58:10,089 - ADV_Generation_eps_0.0_steps_0_Added_Noise_uniform_Eps_48.0_Tau_Type_normal_anchors - INFO - Batch 913/2465: Clean accuracy 0.9890 | Adv accuracy: 0.9890 | Counter-attack accuracy: 0.9923
2026-02-07 14:58:10,433 - ADV_Generation_eps_0.0_steps_0_Added_Noise_uniform_Eps_48.0_Tau_Type_normal_anchors - INFO - Batch 914/2465: Clean accuracy 0.9891 | Adv accuracy: 0.9891 | Counter-attack accuracy: 0.9923
2026-02-07 14:58:10,742 - ADV_Generation_eps_0.0_steps_0_Added_Noise_uniform_Eps_48.0_Tau_Type_normal_anchors - INFO - Batch 915/2465: Clean accuracy 0.9891 | Adv accuracy: 0.9891 | Counter-attack accuracy: 0.9923
2026-02-07 14:58:11,051 - ADV_Generation_eps_0.0_steps_0_Added_Noise_uniform_Eps_48.0_Tau_Type_normal_anchors - INFO - Batch 916/2465: Clean accuracy 0.9891 | Adv accuracy: 0.9891 | Counter-attack accuracy: 0.9924
2026-02-07 14:58:11,368 - ADV_Generation_eps_0.0_steps_0_Added_Noise_uniform_Eps_48.0_Tau_Type_normal_anchors - INFO - Batch 917/2465: Clean accuracy 0.9891 | Adv accuracy: 0.9891 | Counter-attack accuracy: 0.9924
2026-02-07 14:58:11,677 - ADV_Generation_eps_0.0_steps_0_Added_Noise_uniform_Eps_48.0_Tau_Type_normal_anchors - INFO - Batch 918/2465: Clean accuracy 0.9891 | Adv accuracy: 0.9891 | Counter-attack accuracy: 0.9924
2026-02-07 14:58:11,986 - ADV_Generation_eps_0.0_steps_0_Added_Noise_uniform_Eps_48.0_Tau_Type_normal_anchors - INFO - Batch 919/2465: Clean accuracy 0.9891 | Adv accuracy: 0.9891 | Counter-attack accuracy: 0.9924
2026-02-07 14:58:12,295 - ADV_Generation_eps_0.0_steps_0_Added_Noise_uniform_Eps_48.0_Tau_Type_normal_anchors - INFO - Batch 920/2465: Clean accuracy 0.9891 | Adv accuracy: 0.9891 | Counter-attack accuracy: 0.9924
2026-02-07 14:58:12,603 - ADV_Generation_eps_0.0_steps_0_Added_Noise_uniform_Eps_48.0_Tau_Type_normal_anchors - INFO - Batch 921/2465: Clean accuracy 0.9891 | Adv accuracy: 0.9891 | Counter-attack accuracy: 0.9913
2026-02-07 14:58:12,912 - ADV_Generation_eps_0.0_steps_0_Added_Noise_uniform_Eps_48.0_Tau_Type_normal_anchors - INFO - Batch 922/2465: Clean accuracy 0.9892 | Adv accuracy: 0.9892 | Counter-attack accuracy: 0.9913
2026-02-07 14:58:13,221 - ADV_Generation_eps_0.0_steps_0_Added_Noise_uniform_Eps_48.0_Tau_Type_normal_anchors - INFO - Batch 923/2465: Clean accuracy 0.9892 | Adv accuracy: 0.9892 | Counter-attack accuracy: 0.9913
2026-02-07 14:58:13,530 - ADV_Generation_eps_0.0_steps_0_Added_Noise_uniform_Eps_48.0_Tau_Type_normal_anchors - INFO - Batch 924/2465: Clean accuracy 0.9892 | Adv accuracy: 0.9892 | Counter-attack accuracy: 0.9913
2026-02-07 14:58:13,839 - ADV_Generation_eps_0.0_steps_0_Added_Noise_uniform_Eps_48.0_Tau_Type_normal_anchors - INFO - Batch 925/2465: Clean accuracy 0.9892 | Adv accuracy: 0.9892 | Counter-attack accuracy: 0.9914
2026-02-07 14:58:14,148 - ADV_Generation_eps_0.0_steps_0_Added_Noise_uniform_Eps_48.0_Tau_Type_normal_anchors - INFO - Batch 926/2465: Clean accuracy 0.9892 | Adv accuracy: 0.9892 | Counter-attack accuracy: 0.9914
2026-02-07 14:58:14,457 - ADV_Generation_eps_0.0_steps_0_Added_Noise_uniform_Eps_48.0_Tau_Type_normal_anchors - INFO - Batch 927/2465: Clean accuracy 0.9892 | Adv accuracy: 0.9892 | Counter-attack accuracy: 0.9914
2026-02-07 14:58:14,766 - ADV_Generation_eps_0.0_steps_0_Added_Noise_uniform_Eps_48.0_Tau_Type_normal_anchors - INFO - Batch 928/2465: Clean accuracy 0.9892 | Adv accuracy: 0.9892 | Counter-attack accuracy: 0.9914
2026-02-07 14:58:15,075 - ADV_Generation_eps_0.0_steps_0_Added_Noise_uniform_Eps_48.0_Tau_Type_normal_anchors - INFO - Batch 929/2465: Clean accuracy 0.9892 | Adv accuracy: 0.9892 | Counter-attack accuracy: 0.9914
2026-02-07 14:58:15,383 - ADV_Generation_eps_0.0_steps_0_Added_Noise_uniform_Eps_48.0_Tau_Type_normal_anchors - INFO - Batch 930/2465: Clean accuracy 0.9892 | Adv accuracy: 0.9892 | Counter-attack accuracy: 0.9914
2026-02-07 14:58:15,693 - ADV_Generation_eps_0.0_steps_0_Added_Noise_uniform_Eps_48.0_Tau_Type_normal_anchors - INFO - Batch 931/2465: Clean accuracy 0.9893 | Adv accuracy: 0.9893 | Counter-attack accuracy: 0.9914
2026-02-07 14:58:16,002 - ADV_Generation_eps_0.0_steps_0_Added_Noise_uniform_Eps_48.0_Tau_Type_normal_anchors - INFO - Batch 932/2465: Clean accuracy 0.9893 | Adv accuracy: 0.9893 | Counter-attack accuracy: 0.9914
2026-02-07 14:58:16,310 - ADV_Generation_eps_0.0_steps_0_Added_Noise_uniform_Eps_48.0_Tau_Type_normal_anchors - INFO - Batch 933/2465: Clean accuracy 0.9893 | Adv accuracy: 0.9893 | Counter-attack accuracy: 0.9914
2026-02-07 14:58:16,619 - ADV_Generation_eps_0.0_steps_0_Added_Noise_uniform_Eps_48.0_Tau_Type_normal_anchors - INFO - Batch 934/2465: Clean accuracy 0.9893 | Adv accuracy: 0.9893 | Counter-attack accuracy: 0.9914
2026-02-07 14:58:16,928 - ADV_Generation_eps_0.0_steps_0_Added_Noise_uniform_Eps_48.0_Tau_Type_normal_anchors - INFO - Batch 935/2465: Clean accuracy 0.9893 | Adv accuracy: 0.9893 | Counter-attack accuracy: 0.9914
2026-02-07 14:58:17,237 - ADV_Generation_eps_0.0_steps_0_Added_Noise_uniform_Eps_48.0_Tau_Type_normal_anchors - INFO - Batch 936/2465: Clean accuracy 0.9893 | Adv accuracy: 0.9893 | Counter-attack accuracy: 0.9915
2026-02-07 14:58:17,546 - ADV_Generation_eps_0.0_steps_0_Added_Noise_uniform_Eps_48.0_Tau_Type_normal_anchors - INFO - Batch 937/2465: Clean accuracy 0.9893 | Adv accuracy: 0.9893 | Counter-attack accuracy: 0.9915
2026-02-07 14:58:17,855 - ADV_Generation_eps_0.0_steps_0_Added_Noise_uniform_Eps_48.0_Tau_Type_normal_anchors - INFO - Batch 938/2465: Clean accuracy 0.9893 | Adv accuracy: 0.9893 | Counter-attack accuracy: 0.9915
2026-02-07 14:58:18,164 - ADV_Generation_eps_0.0_steps_0_Added_Noise_uniform_Eps_48.0_Tau_Type_normal_anchors - INFO - Batch 939/2465: Clean accuracy 0.9894 | Adv accuracy: 0.9894 | Counter-attack accuracy: 0.9915
2026-02-07 14:58:18,473 - ADV_Generation_eps_0.0_steps_0_Added_Noise_uniform_Eps_48.0_Tau_Type_normal_anchors - INFO - Batch 940/2465: Clean accuracy 0.9894 | Adv accuracy: 0.9894 | Counter-attack accuracy: 0.9915
2026-02-07 14:58:18,782 - ADV_Generation_eps_0.0_steps_0_Added_Noise_uniform_Eps_48.0_Tau_Type_normal_anchors - INFO - Batch 941/2465: Clean accuracy 0.9894 | Adv accuracy: 0.9894 | Counter-attack accuracy: 0.9915
2026-02-07 14:58:19,090 - ADV_Generation_eps_0.0_steps_0_Added_Noise_uniform_Eps_48.0_Tau_Type_normal_anchors - INFO - Batch 942/2465: Clean accuracy 0.9894 | Adv accuracy: 0.9894 | Counter-attack accuracy: 0.9915
2026-02-07 14:58:19,399 - ADV_Generation_eps_0.0_steps_0_Added_Noise_uniform_Eps_48.0_Tau_Type_normal_anchors - INFO - Batch 943/2465: Clean accuracy 0.9894 | Adv accuracy: 0.9894 | Counter-attack accuracy: 0.9915
2026-02-07 14:58:19,708 - ADV_Generation_eps_0.0_steps_0_Added_Noise_uniform_Eps_48.0_Tau_Type_normal_anchors - INFO - Batch 944/2465: Clean accuracy 0.9894 | Adv accuracy: 0.9894 | Counter-attack accuracy: 0.9915
2026-02-07 14:58:20,017 - ADV_Generation_eps_0.0_steps_0_Added_Noise_uniform_Eps_48.0_Tau_Type_normal_anchors - INFO - Batch 945/2465: Clean accuracy 0.9894 | Adv accuracy: 0.9894 | Counter-attack accuracy: 0.9915
2026-02-07 14:58:20,326 - ADV_Generation_eps_0.0_steps_0_Added_Noise_uniform_Eps_48.0_Tau_Type_normal_anchors - INFO - Batch 946/2465: Clean accuracy 0.9894 | Adv accuracy: 0.9894 | Counter-attack accuracy: 0.9915
2026-02-07 14:58:20,635 - ADV_Generation_eps_0.0_steps_0_Added_Noise_uniform_Eps_48.0_Tau_Type_normal_anchors - INFO - Batch 947/2465: Clean accuracy 0.9894 | Adv accuracy: 0.9894 | Counter-attack accuracy: 0.9916
2026-02-07 14:58:20,944 - ADV_Generation_eps_0.0_steps_0_Added_Noise_uniform_Eps_48.0_Tau_Type_normal_anchors - INFO - Batch 948/2465: Clean accuracy 0.9895 | Adv accuracy: 0.9895 | Counter-attack accuracy: 0.9916
2026-02-07 14:58:21,253 - ADV_Generation_eps_0.0_steps_0_Added_Noise_uniform_Eps_48.0_Tau_Type_normal_anchors - INFO - Batch 949/2465: Clean accuracy 0.9895 | Adv accuracy: 0.9895 | Counter-attack accuracy: 0.9916
2026-02-07 14:58:21,561 - ADV_Generation_eps_0.0_steps_0_Added_Noise_uniform_Eps_48.0_Tau_Type_normal_anchors - INFO - Batch 950/2465: Clean accuracy 0.9895 | Adv accuracy: 0.9895 | Counter-attack accuracy: 0.9916
2026-02-07 14:58:21,870 - ADV_Generation_eps_0.0_steps_0_Added_Noise_uniform_Eps_48.0_Tau_Type_normal_anchors - INFO - Batch 951/2465: Clean accuracy 0.9895 | Adv accuracy: 0.9895 | Counter-attack accuracy: 0.9916
2026-02-07 14:58:22,179 - ADV_Generation_eps_0.0_steps_0_Added_Noise_uniform_Eps_48.0_Tau_Type_normal_anchors - INFO - Batch 952/2465: Clean accuracy 0.9895 | Adv accuracy: 0.9895 | Counter-attack accuracy: 0.9916
2026-02-07 14:58:22,488 - ADV_Generation_eps_0.0_steps_0_Added_Noise_uniform_Eps_48.0_Tau_Type_normal_anchors - INFO - Batch 953/2465: Clean accuracy 0.9895 | Adv accuracy: 0.9895 | Counter-attack accuracy: 0.9916
2026-02-07 14:58:22,797 - ADV_Generation_eps_0.0_steps_0_Added_Noise_uniform_Eps_48.0_Tau_Type_normal_anchors - INFO - Batch 954/2465: Clean accuracy 0.9895 | Adv accuracy: 0.9895 | Counter-attack accuracy: 0.9916
2026-02-07 14:58:23,106 - ADV_Generation_eps_0.0_steps_0_Added_Noise_uniform_Eps_48.0_Tau_Type_normal_anchors - INFO - Batch 955/2465: Clean accuracy 0.9895 | Adv accuracy: 0.9895 | Counter-attack accuracy: 0.9916
2026-02-07 14:58:23,415 - ADV_Generation_eps_0.0_steps_0_Added_Noise_uniform_Eps_48.0_Tau_Type_normal_anchors - INFO - Batch 956/2465: Clean accuracy 0.9895 | Adv accuracy: 0.9895 | Counter-attack accuracy: 0.9916
2026-02-07 14:58:23,724 - ADV_Generation_eps_0.0_steps_0_Added_Noise_uniform_Eps_48.0_Tau_Type_normal_anchors - INFO - Batch 957/2465: Clean accuracy 0.9896 | Adv accuracy: 0.9896 | Counter-attack accuracy: 0.9916
2026-02-07 14:58:24,033 - ADV_Generation_eps_0.0_steps_0_Added_Noise_uniform_Eps_48.0_Tau_Type_normal_anchors - INFO - Batch 958/2465: Clean accuracy 0.9896 | Adv accuracy: 0.9896 | Counter-attack accuracy: 0.9916
2026-02-07 14:58:24,342 - ADV_Generation_eps_0.0_steps_0_Added_Noise_uniform_Eps_48.0_Tau_Type_normal_anchors - INFO - Batch 959/2465: Clean accuracy 0.9896 | Adv accuracy: 0.9896 | Counter-attack accuracy: 0.9917
2026-02-07 14:58:24,651 - ADV_Generation_eps_0.0_steps_0_Added_Noise_uniform_Eps_48.0_Tau_Type_normal_anchors - INFO - Batch 960/2465: Clean accuracy 0.9896 | Adv accuracy: 0.9896 | Counter-attack accuracy: 0.9917
2026-02-07 14:58:24,960 - ADV_Generation_eps_0.0_steps_0_Added_Noise_uniform_Eps_48.0_Tau_Type_normal_anchors - INFO - Batch 961/2465: Clean accuracy 0.9896 | Adv accuracy: 0.9896 | Counter-attack accuracy: 0.9917
2026-02-07 14:58:25,272 - ADV_Generation_eps_0.0_steps_0_Added_Noise_uniform_Eps_48.0_Tau_Type_normal_anchors - INFO - Batch 962/2465: Clean accuracy 0.9896 | Adv accuracy: 0.9896 | Counter-attack accuracy: 0.9917
2026-02-07 14:58:25,581 - ADV_Generation_eps_0.0_steps_0_Added_Noise_uniform_Eps_48.0_Tau_Type_normal_anchors - INFO - Batch 963/2465: Clean accuracy 0.9896 | Adv accuracy: 0.9896 | Counter-attack accuracy: 0.9917
2026-02-07 14:58:25,890 - ADV_Generation_eps_0.0_steps_0_Added_Noise_uniform_Eps_48.0_Tau_Type_normal_anchors - INFO - Batch 964/2465: Clean accuracy 0.9896 | Adv accuracy: 0.9896 | Counter-attack accuracy: 0.9917
2026-02-07 14:58:26,199 - ADV_Generation_eps_0.0_steps_0_Added_Noise_uniform_Eps_48.0_Tau_Type_normal_anchors - INFO - Batch 965/2465: Clean accuracy 0.9896 | Adv accuracy: 0.9896 | Counter-attack accuracy: 0.9917
2026-02-07 14:58:26,508 - ADV_Generation_eps_0.0_steps_0_Added_Noise_uniform_Eps_48.0_Tau_Type_normal_anchors - INFO - Batch 966/2465: Clean accuracy 0.9896 | Adv accuracy: 0.9896 | Counter-attack accuracy: 0.9917
2026-02-07 14:58:26,817 - ADV_Generation_eps_0.0_steps_0_Added_Noise_uniform_Eps_48.0_Tau_Type_normal_anchors - INFO - Batch 967/2465: Clean accuracy 0.9897 | Adv accuracy: 0.9897 | Counter-attack accuracy: 0.9917
2026-02-07 14:58:27,126 - ADV_Generation_eps_0.0_steps_0_Added_Noise_uniform_Eps_48.0_Tau_Type_normal_anchors - INFO - Batch 968/2465: Clean accuracy 0.9897 | Adv accuracy: 0.9897 | Counter-attack accuracy: 0.9917
2026-02-07 14:58:27,434 - ADV_Generation_eps_0.0_steps_0_Added_Noise_uniform_Eps_48.0_Tau_Type_normal_anchors - INFO - Batch 969/2465: Clean accuracy 0.9897 | Adv accuracy: 0.9897 | Counter-attack accuracy: 0.9917
2026-02-07 14:58:27,743 - ADV_Generation_eps_0.0_steps_0_Added_Noise_uniform_Eps_48.0_Tau_Type_normal_anchors - INFO - Batch 970/2465: Clean accuracy 0.9897 | Adv accuracy: 0.9897 | Counter-attack accuracy: 0.9918
2026-02-07 14:58:28,052 - ADV_Generation_eps_0.0_steps_0_Added_Noise_uniform_Eps_48.0_Tau_Type_normal_anchors - INFO - Batch 971/2465: Clean accuracy 0.9897 | Adv accuracy: 0.9897 | Counter-attack accuracy: 0.9918
2026-02-07 14:58:28,361 - ADV_Generation_eps_0.0_steps_0_Added_Noise_uniform_Eps_48.0_Tau_Type_normal_anchors - INFO - Batch 972/2465: Clean accuracy 0.9897 | Adv accuracy: 0.9897 | Counter-attack accuracy: 0.9918
2026-02-07 14:58:28,670 - ADV_Generation_eps_0.0_steps_0_Added_Noise_uniform_Eps_48.0_Tau_Type_normal_anchors - INFO - Batch 973/2465: Clean accuracy 0.9897 | Adv accuracy: 0.9897 | Counter-attack accuracy: 0.9918
2026-02-07 14:58:28,979 - ADV_Generation_eps_0.0_steps_0_Added_Noise_uniform_Eps_48.0_Tau_Type_normal_anchors - INFO - Batch 974/2465: Clean accuracy 0.9897 | Adv accuracy: 0.9897 | Counter-attack accuracy: 0.9918
2026-02-07 14:58:29,288 - ADV_Generation_eps_0.0_steps_0_Added_Noise_uniform_Eps_48.0_Tau_Type_normal_anchors - INFO - Batch 975/2465: Clean accuracy 0.9897 | Adv accuracy: 0.9897 | Counter-attack accuracy: 0.9918
2026-02-07 14:58:29,597 - ADV_Generation_eps_0.0_steps_0_Added_Noise_uniform_Eps_48.0_Tau_Type_normal_anchors - INFO - Batch 976/2465: Clean accuracy 0.9898 | Adv accuracy: 0.9898 | Counter-attack accuracy: 0.9918
2026-02-07 14:58:29,906 - ADV_Generation_eps_0.0_steps_0_Added_Noise_uniform_Eps_48.0_Tau_Type_normal_anchors - INFO - Batch 977/2465: Clean accuracy 0.9898 | Adv accuracy: 0.9898 | Counter-attack accuracy: 0.9918
2026-02-07 14:58:30,214 - ADV_Generation_eps_0.0_steps_0_Added_Noise_uniform_Eps_48.0_Tau_Type_normal_anchors - INFO - Batch 978/2465: Clean accuracy 0.9898 | Adv accuracy: 0.9898 | Counter-attack accuracy: 0.9918
2026-02-07 14:58:30,523 - ADV_Generation_eps_0.0_steps_0_Added_Noise_uniform_Eps_48.0_Tau_Type_normal_anchors - INFO - Batch 979/2465: Clean accuracy 0.9898 | Adv accuracy: 0.9898 | Counter-attack accuracy: 0.9918
2026-02-07 14:58:30,832 - ADV_Generation_eps_0.0_steps_0_Added_Noise_uniform_Eps_48.0_Tau_Type_normal_anchors - INFO - Batch 980/2465: Clean accuracy 0.9898 | Adv accuracy: 0.9898 | Counter-attack accuracy: 0.9918
2026-02-07 14:58:31,141 - ADV_Generation_eps_0.0_steps_0_Added_Noise_uniform_Eps_48.0_Tau_Type_normal_anchors - INFO - Batch 981/2465: Clean accuracy 0.9898 | Adv accuracy: 0.9898 | Counter-attack accuracy: 0.9918
2026-02-07 14:58:31,450 - ADV_Generation_eps_0.0_steps_0_Added_Noise_uniform_Eps_48.0_Tau_Type_normal_anchors - INFO - Batch 982/2465: Clean accuracy 0.9898 | Adv accuracy: 0.9898 | Counter-attack accuracy: 0.9919
2026-02-07 14:58:31,759 - ADV_Generation_eps_0.0_steps_0_Added_Noise_uniform_Eps_48.0_Tau_Type_normal_anchors - INFO - Batch 983/2465: Clean accuracy 0.9898 | Adv accuracy: 0.9898 | Counter-attack accuracy: 0.9919
2026-02-07 14:58:32,068 - ADV_Generation_eps_0.0_steps_0_Added_Noise_uniform_Eps_48.0_Tau_Type_normal_anchors - INFO - Batch 984/2465: Clean accuracy 0.9898 | Adv accuracy: 0.9898 | Counter-attack accuracy: 0.9919
2026-02-07 14:58:32,377 - ADV_Generation_eps_0.0_steps_0_Added_Noise_uniform_Eps_48.0_Tau_Type_normal_anchors - INFO - Batch 985/2465: Clean accuracy 0.9898 | Adv accuracy: 0.9898 | Counter-attack accuracy: 0.9919
2026-02-07 14:58:32,686 - ADV_Generation_eps_0.0_steps_0_Added_Noise_uniform_Eps_48.0_Tau_Type_normal_anchors - INFO - Batch 986/2465: Clean accuracy 0.9899 | Adv accuracy: 0.9899 | Counter-attack accuracy: 0.9919
2026-02-07 14:58:32,995 - ADV_Generation_eps_0.0_steps_0_Added_Noise_uniform_Eps_48.0_Tau_Type_normal_anchors - INFO - Batch 987/2465: Clean accuracy 0.9899 | Adv accuracy: 0.9899 | Counter-attack accuracy: 0.9919
2026-02-07 14:58:33,304 - ADV_Generation_eps_0.0_steps_0_Added_Noise_uniform_Eps_48.0_Tau_Type_normal_anchors - INFO - Batch 988/2465: Clean accuracy 0.9899 | Adv accuracy: 0.9899 | Counter-attack accuracy: 0.9919
2026-02-07 14:58:33,612 - ADV_Generation_eps_0.0_steps_0_Added_Noise_uniform_Eps_48.0_Tau_Type_normal_anchors - INFO - Batch 989/2465: Clean accuracy 0.9899 | Adv accuracy: 0.9899 | Counter-attack accuracy: 0.9919
2026-02-07 14:58:33,921 - ADV_Generation_eps_0.0_steps_0_Added_Noise_uniform_Eps_48.0_Tau_Type_normal_anchors - INFO - Batch 990/2465: Clean accuracy 0.9899 | Adv accuracy: 0.9899 | Counter-attack accuracy: 0.9919
2026-02-07 14:58:34,230 - ADV_Generation_eps_0.0_steps_0_Added_Noise_uniform_Eps_48.0_Tau_Type_normal_anchors - INFO - Batch 991/2465: Clean accuracy 0.9899 | Adv accuracy: 0.9899 | Counter-attack accuracy: 0.9919
2026-02-07 14:58:34,539 - ADV_Generation_eps_0.0_steps_0_Added_Noise_uniform_Eps_48.0_Tau_Type_normal_anchors - INFO - Batch 992/2465: Clean accuracy 0.9899 | Adv accuracy: 0.9899 | Counter-attack accuracy: 0.9919
2026-02-07 14:58:34,848 - ADV_Generation_eps_0.0_steps_0_Added_Noise_uniform_Eps_48.0_Tau_Type_normal_anchors - INFO - Batch 993/2465: Clean accuracy 0.9899 | Adv accuracy: 0.9899 | Counter-attack accuracy: 0.9919
2026-02-07 14:58:35,156 - ADV_Generation_eps_0.0_steps_0_Added_Noise_uniform_Eps_48.0_Tau_Type_normal_anchors - INFO - Batch 994/2465: Clean accuracy 0.9899 | Adv accuracy: 0.9899 | Counter-attack accuracy: 0.9920
2026-02-07 14:58:35,465 - ADV_Generation_eps_0.0_steps_0_Added_Noise_uniform_Eps_48.0_Tau_Type_normal_anchors - INFO - Batch 995/2465: Clean accuracy 0.9899 | Adv accuracy: 0.9899 | Counter-attack accuracy: 0.9920
2026-02-07 14:58:35,774 - ADV_Generation_eps_0.0_steps_0_Added_Noise_uniform_Eps_48.0_Tau_Type_normal_anchors - INFO - Batch 996/2465: Clean accuracy 0.9900 | Adv accuracy: 0.9900 | Counter-attack accuracy: 0.9920
2026-02-07 14:58:36,083 - ADV_Generation_eps_0.0_steps_0_Added_Noise_uniform_Eps_48.0_Tau_Type_normal_anchors - INFO - Batch 997/2465: Clean accuracy 0.9900 | Adv accuracy: 0.9900 | Counter-attack accuracy: 0.9920
2026-02-07 14:58:36,392 - ADV_Generation_eps_0.0_steps_0_Added_Noise_uniform_Eps_48.0_Tau_Type_normal_anchors - INFO - Batch 998/2465: Clean accuracy 0.9900 | Adv accuracy: 0.9900 | Counter-attack accuracy: 0.9920
2026-02-07 14:58:36,701 - ADV_Generation_eps_0.0_steps_0_Added_Noise_uniform_Eps_48.0_Tau_Type_normal_anchors - INFO - Batch 999/2465: Clean accuracy 0.9900 | Adv accuracy: 0.9900 | Counter-attack accuracy: 0.9920
2026-02-07 14:58:37,010 - ADV_Generation_eps_0.0_steps_0_Added_Noise_uniform_Eps_48.0_Tau_Type_normal_anchors - INFO - Batch 1000/2465: Clean accuracy 0.9900 | Adv accuracy: 0.9900 | Counter-attack accuracy: 0.9920
2026-02-07 14:58:37,318 - ADV_Generation_eps_0.0_steps_0_Added_Noise_uniform_Eps_48.0_Tau_Type_normal_anchors - INFO - Batch 1001/2465: Clean accuracy 0.9900 | Adv accuracy: 0.9900 | Counter-attack accuracy: 0.9920
2026-02-07 14:58:37,628 - ADV_Generation_eps_0.0_steps_0_Added_Noise_uniform_Eps_48.0_Tau_Type_normal_anchors - INFO - Batch 1002/2465: Clean accuracy 0.9900 | Adv accuracy: 0.9900 | Counter-attack accuracy: 0.9920
2026-02-07 14:58:37,936 - ADV_Generation_eps_0.0_steps_0_Added_Noise_uniform_Eps_48.0_Tau_Type_normal_anchors - INFO - Batch 1003/2465: Clean accuracy 0.9900 | Adv accuracy: 0.9900 | Counter-attack accuracy: 0.9920
2026-02-07 14:58:38,249 - ADV_Generation_eps_0.0_steps_0_Added_Noise_uniform_Eps_48.0_Tau_Type_normal_anchors - INFO - Batch 1004/2465: Clean accuracy 0.9900 | Adv accuracy: 0.9900 | Counter-attack accuracy: 0.9920
2026-02-07 14:58:38,560 - ADV_Generation_eps_0.0_steps_0_Added_Noise_uniform_Eps_48.0_Tau_Type_normal_anchors - INFO - Batch 1005/2465: Clean accuracy 0.9900 | Adv accuracy: 0.9900 | Counter-attack accuracy: 0.9920
2026-02-07 14:58:38,869 - ADV_Generation_eps_0.0_steps_0_Added_Noise_uniform_Eps_48.0_Tau_Type_normal_anchors - INFO - Batch 1006/2465: Clean accuracy 0.9901 | Adv accuracy: 0.9901 | Counter-attack accuracy: 0.9920
2026-02-07 14:58:39,178 - ADV_Generation_eps_0.0_steps_0_Added_Noise_uniform_Eps_48.0_Tau_Type_normal_anchors - INFO - Batch 1007/2465: Clean accuracy 0.9901 | Adv accuracy: 0.9901 | Counter-attack accuracy: 0.9921
2026-02-07 14:58:39,487 - ADV_Generation_eps_0.0_steps_0_Added_Noise_uniform_Eps_48.0_Tau_Type_normal_anchors - INFO - Batch 1008/2465: Clean accuracy 0.9901 | Adv accuracy: 0.9901 | Counter-attack accuracy: 0.9921
2026-02-07 14:58:39,795 - ADV_Generation_eps_0.0_steps_0_Added_Noise_uniform_Eps_48.0_Tau_Type_normal_anchors - INFO - Batch 1009/2465: Clean accuracy 0.9901 | Adv accuracy: 0.9901 | Counter-attack accuracy: 0.9921
2026-02-07 14:58:40,104 - ADV_Generation_eps_0.0_steps_0_Added_Noise_uniform_Eps_48.0_Tau_Type_normal_anchors - INFO - Batch 1010/2465: Clean accuracy 0.9901 | Adv accuracy: 0.9901 | Counter-attack accuracy: 0.9921
2026-02-07 14:58:40,413 - ADV_Generation_eps_0.0_steps_0_Added_Noise_uniform_Eps_48.0_Tau_Type_normal_anchors - INFO - Batch 1011/2465: Clean accuracy 0.9901 | Adv accuracy: 0.9901 | Counter-attack accuracy: 0.9921
2026-02-07 14:58:40,722 - ADV_Generation_eps_0.0_steps_0_Added_Noise_uniform_Eps_48.0_Tau_Type_normal_anchors - INFO - Batch 1012/2465: Clean accuracy 0.9901 | Adv accuracy: 0.9901 | Counter-attack accuracy: 0.9921
2026-02-07 14:58:41,031 - ADV_Generation_eps_0.0_steps_0_Added_Noise_uniform_Eps_48.0_Tau_Type_normal_anchors - INFO - Batch 1013/2465: Clean accuracy 0.9901 | Adv accuracy: 0.9901 | Counter-attack accuracy: 0.9921
2026-02-07 14:58:41,340 - ADV_Generation_eps_0.0_steps_0_Added_Noise_uniform_Eps_48.0_Tau_Type_normal_anchors - INFO - Batch 1014/2465: Clean accuracy 0.9901 | Adv accuracy: 0.9901 | Counter-attack accuracy: 0.9921
2026-02-07 14:58:41,649 - ADV_Generation_eps_0.0_steps_0_Added_Noise_uniform_Eps_48.0_Tau_Type_normal_anchors - INFO - Batch 1015/2465: Clean accuracy 0.9901 | Adv accuracy: 0.9901 | Counter-attack accuracy: 0.9921
2026-02-07 14:58:41,958 - ADV_Generation_eps_0.0_steps_0_Added_Noise_uniform_Eps_48.0_Tau_Type_normal_anchors - INFO - Batch 1016/2465: Clean accuracy 0.9902 | Adv accuracy: 0.9902 | Counter-attack accuracy: 0.9921
2026-02-07 14:58:42,266 - ADV_Generation_eps_0.0_steps_0_Added_Noise_uniform_Eps_48.0_Tau_Type_normal_anchors - INFO - Batch 1017/2465: Clean accuracy 0.9902 | Adv accuracy: 0.9902 | Counter-attack accuracy: 0.9921
2026-02-07 14:58:42,575 - ADV_Generation_eps_0.0_steps_0_Added_Noise_uniform_Eps_48.0_Tau_Type_normal_anchors - INFO - Batch 1018/2465: Clean accuracy 0.9902 | Adv accuracy: 0.9902 | Counter-attack accuracy: 0.9921
2026-02-07 14:58:42,884 - ADV_Generation_eps_0.0_steps_0_Added_Noise_uniform_Eps_48.0_Tau_Type_normal_anchors - INFO - Batch 1019/2465: Clean accuracy 0.9902 | Adv accuracy: 0.9902 | Counter-attack accuracy: 0.9921
2026-02-07 14:58:43,193 - ADV_Generation_eps_0.0_steps_0_Added_Noise_uniform_Eps_48.0_Tau_Type_normal_anchors - INFO - Batch 1020/2465: Clean accuracy 0.9902 | Adv accuracy: 0.9902 | Counter-attack accuracy: 0.9922
2026-02-07 14:58:43,502 - ADV_Generation_eps_0.0_steps_0_Added_Noise_uniform_Eps_48.0_Tau_Type_normal_anchors - INFO - Batch 1021/2465: Clean accuracy 0.9902 | Adv accuracy: 0.9902 | Counter-attack accuracy: 0.9922
2026-02-07 14:58:43,811 - ADV_Generation_eps_0.0_steps_0_Added_Noise_uniform_Eps_48.0_Tau_Type_normal_anchors - INFO - Batch 1022/2465: Clean accuracy 0.9902 | Adv accuracy: 0.9902 | Counter-attack accuracy: 0.9922
2026-02-07 14:58:44,119 - ADV_Generation_eps_0.0_steps_0_Added_Noise_uniform_Eps_48.0_Tau_Type_normal_anchors - INFO - Batch 1023/2465: Clean accuracy 0.9902 | Adv accuracy: 0.9902 | Counter-attack accuracy: 0.9922
2026-02-07 14:58:44,428 - ADV_Generation_eps_0.0_steps_0_Added_Noise_uniform_Eps_48.0_Tau_Type_normal_anchors - INFO - Batch 1024/2465: Clean accuracy 0.9902 | Adv accuracy: 0.9902 | Counter-attack accuracy: 0.9922
2026-02-07 14:58:44,737 - ADV_Generation_eps_0.0_steps_0_Added_Noise_uniform_Eps_48.0_Tau_Type_normal_anchors - INFO - Batch 1025/2465: Clean accuracy 0.9902 | Adv accuracy: 0.9902 | Counter-attack accuracy: 0.9922
2026-02-07 14:58:45,046 - ADV_Generation_eps_0.0_steps_0_Added_Noise_uniform_Eps_48.0_Tau_Type_normal_anchors - INFO - Batch 1026/2465: Clean accuracy 0.9903 | Adv accuracy: 0.9903 | Counter-attack accuracy: 0.9922
2026-02-07 14:58:45,355 - ADV_Generation_eps_0.0_steps_0_Added_Noise_uniform_Eps_48.0_Tau_Type_normal_anchors - INFO - Batch 1027/2465: Clean accuracy 0.9903 | Adv accuracy: 0.9903 | Counter-attack accuracy: 0.9922
2026-02-07 14:58:45,664 - ADV_Generation_eps_0.0_steps_0_Added_Noise_uniform_Eps_48.0_Tau_Type_normal_anchors - INFO - Batch 1028/2465: Clean accuracy 0.9903 | Adv accuracy: 0.9903 | Counter-attack accuracy: 0.9922
2026-02-07 14:58:45,973 - ADV_Generation_eps_0.0_steps_0_Added_Noise_uniform_Eps_48.0_Tau_Type_normal_anchors - INFO - Batch 1029/2465: Clean accuracy 0.9903 | Adv accuracy: 0.9903 | Counter-attack accuracy: 0.9922
2026-02-07 14:58:46,282 - ADV_Generation_eps_0.0_steps_0_Added_Noise_uniform_Eps_48.0_Tau_Type_normal_anchors - INFO - Batch 1030/2465: Clean accuracy 0.9903 | Adv accuracy: 0.9903 | Counter-attack accuracy: 0.9922
2026-02-07 14:58:46,591 - ADV_Generation_eps_0.0_steps_0_Added_Noise_uniform_Eps_48.0_Tau_Type_normal_anchors - INFO - Batch 1031/2465: Clean accuracy 0.9903 | Adv accuracy: 0.9903 | Counter-attack accuracy: 0.9922
2026-02-07 14:58:46,899 - ADV_Generation_eps_0.0_steps_0_Added_Noise_uniform_Eps_48.0_Tau_Type_normal_anchors - INFO - Batch 1032/2465: Clean accuracy 0.9903 | Adv accuracy: 0.9903 | Counter-attack accuracy: 0.9922
2026-02-07 14:58:47,208 - ADV_Generation_eps_0.0_steps_0_Added_Noise_uniform_Eps_48.0_Tau_Type_normal_anchors - INFO - Batch 1033/2465: Clean accuracy 0.9903 | Adv accuracy: 0.9903 | Counter-attack accuracy: 0.9923
2026-02-07 14:58:47,517 - ADV_Generation_eps_0.0_steps_0_Added_Noise_uniform_Eps_48.0_Tau_Type_normal_anchors - INFO - Batch 1034/2465: Clean accuracy 0.9903 | Adv accuracy: 0.9903 | Counter-attack accuracy: 0.9923
2026-02-07 14:58:47,826 - ADV_Generation_eps_0.0_steps_0_Added_Noise_uniform_Eps_48.0_Tau_Type_normal_anchors - INFO - Batch 1035/2465: Clean accuracy 0.9903 | Adv accuracy: 0.9903 | Counter-attack accuracy: 0.9923
2026-02-07 14:58:48,135 - ADV_Generation_eps_0.0_steps_0_Added_Noise_uniform_Eps_48.0_Tau_Type_normal_anchors - INFO - Batch 1036/2465: Clean accuracy 0.9903 | Adv accuracy: 0.9903 | Counter-attack accuracy: 0.9923
2026-02-07 14:58:48,444 - ADV_Generation_eps_0.0_steps_0_Added_Noise_uniform_Eps_48.0_Tau_Type_normal_anchors - INFO - Batch 1037/2465: Clean accuracy 0.9904 | Adv accuracy: 0.9904 | Counter-attack accuracy: 0.9923
2026-02-07 14:58:48,753 - ADV_Generation_eps_0.0_steps_0_Added_Noise_uniform_Eps_48.0_Tau_Type_normal_anchors - INFO - Batch 1038/2465: Clean accuracy 0.9904 | Adv accuracy: 0.9904 | Counter-attack accuracy: 0.9923
2026-02-07 14:58:49,062 - ADV_Generation_eps_0.0_steps_0_Added_Noise_uniform_Eps_48.0_Tau_Type_normal_anchors - INFO - Batch 1039/2465: Clean accuracy 0.9904 | Adv accuracy: 0.9904 | Counter-attack accuracy: 0.9923
2026-02-07 14:58:49,371 - ADV_Generation_eps_0.0_steps_0_Added_Noise_uniform_Eps_48.0_Tau_Type_normal_anchors - INFO - Batch 1040/2465: Clean accuracy 0.9904 | Adv accuracy: 0.9904 | Counter-attack accuracy: 0.9923
2026-02-07 14:58:49,679 - ADV_Generation_eps_0.0_steps_0_Added_Noise_uniform_Eps_48.0_Tau_Type_normal_anchors - INFO - Batch 1041/2465: Clean accuracy 0.9904 | Adv accuracy: 0.9904 | Counter-attack accuracy: 0.9923
2026-02-07 14:58:49,988 - ADV_Generation_eps_0.0_steps_0_Added_Noise_uniform_Eps_48.0_Tau_Type_normal_anchors - INFO - Batch 1042/2465: Clean accuracy 0.9904 | Adv accuracy: 0.9904 | Counter-attack accuracy: 0.9923
2026-02-07 14:58:50,297 - ADV_Generation_eps_0.0_steps_0_Added_Noise_uniform_Eps_48.0_Tau_Type_normal_anchors - INFO - Batch 1043/2465: Clean accuracy 0.9904 | Adv accuracy: 0.9904 | Counter-attack accuracy: 0.9923
2026-02-07 14:58:50,606 - ADV_Generation_eps_0.0_steps_0_Added_Noise_uniform_Eps_48.0_Tau_Type_normal_anchors - INFO - Batch 1044/2465: Clean accuracy 0.9904 | Adv accuracy: 0.9904 | Counter-attack accuracy: 0.9923
2026-02-07 14:58:50,915 - ADV_Generation_eps_0.0_steps_0_Added_Noise_uniform_Eps_48.0_Tau_Type_normal_anchors - INFO - Batch 1045/2465: Clean accuracy 0.9904 | Adv accuracy: 0.9904 | Counter-attack accuracy: 0.9923
2026-02-07 14:58:51,224 - ADV_Generation_eps_0.0_steps_0_Added_Noise_uniform_Eps_48.0_Tau_Type_normal_anchors - INFO - Batch 1046/2465: Clean accuracy 0.9904 | Adv accuracy: 0.9904 | Counter-attack accuracy: 0.9924
2026-02-07 14:58:51,533 - ADV_Generation_eps_0.0_steps_0_Added_Noise_uniform_Eps_48.0_Tau_Type_normal_anchors - INFO - Batch 1047/2465: Clean accuracy 0.9904 | Adv accuracy: 0.9904 | Counter-attack accuracy: 0.9924
2026-02-07 14:58:51,842 - ADV_Generation_eps_0.0_steps_0_Added_Noise_uniform_Eps_48.0_Tau_Type_normal_anchors - INFO - Batch 1048/2465: Clean accuracy 0.9905 | Adv accuracy: 0.9905 | Counter-attack accuracy: 0.9924
2026-02-07 14:58:52,151 - ADV_Generation_eps_0.0_steps_0_Added_Noise_uniform_Eps_48.0_Tau_Type_normal_anchors - INFO - Batch 1049/2465: Clean accuracy 0.9905 | Adv accuracy: 0.9905 | Counter-attack accuracy: 0.9924
2026-02-07 14:58:52,460 - ADV_Generation_eps_0.0_steps_0_Added_Noise_uniform_Eps_48.0_Tau_Type_normal_anchors - INFO - Batch 1050/2465: Clean accuracy 0.9905 | Adv accuracy: 0.9905 | Counter-attack accuracy: 0.9924
2026-02-07 14:58:52,768 - ADV_Generation_eps_0.0_steps_0_Added_Noise_uniform_Eps_48.0_Tau_Type_normal_anchors - INFO - Batch 1051/2465: Clean accuracy 0.9905 | Adv accuracy: 0.9905 | Counter-attack accuracy: 0.9924
2026-02-07 14:58:53,077 - ADV_Generation_eps_0.0_steps_0_Added_Noise_uniform_Eps_48.0_Tau_Type_normal_anchors - INFO - Batch 1052/2465: Clean accuracy 0.9905 | Adv accuracy: 0.9905 | Counter-attack accuracy: 0.9924
2026-02-07 14:58:53,388 - ADV_Generation_eps_0.0_steps_0_Added_Noise_uniform_Eps_48.0_Tau_Type_normal_anchors - INFO - Batch 1053/2465: Clean accuracy 0.9905 | Adv accuracy: 0.9905 | Counter-attack accuracy: 0.9924
2026-02-07 14:58:53,697 - ADV_Generation_eps_0.0_steps_0_Added_Noise_uniform_Eps_48.0_Tau_Type_normal_anchors - INFO - Batch 1054/2465: Clean accuracy 0.9905 | Adv accuracy: 0.9905 | Counter-attack accuracy: 0.9924
2026-02-07 14:58:54,006 - ADV_Generation_eps_0.0_steps_0_Added_Noise_uniform_Eps_48.0_Tau_Type_normal_anchors - INFO - Batch 1055/2465: Clean accuracy 0.9905 | Adv accuracy: 0.9905 | Counter-attack accuracy: 0.9924
2026-02-07 14:58:54,315 - ADV_Generation_eps_0.0_steps_0_Added_Noise_uniform_Eps_48.0_Tau_Type_normal_anchors - INFO - Batch 1056/2465: Clean accuracy 0.9905 | Adv accuracy: 0.9905 | Counter-attack accuracy: 0.9924
2026-02-07 14:58:54,624 - ADV_Generation_eps_0.0_steps_0_Added_Noise_uniform_Eps_48.0_Tau_Type_normal_anchors - INFO - Batch 1057/2465: Clean accuracy 0.9905 | Adv accuracy: 0.9905 | Counter-attack accuracy: 0.9924
2026-02-07 14:58:54,932 - ADV_Generation_eps_0.0_steps_0_Added_Noise_uniform_Eps_48.0_Tau_Type_normal_anchors - INFO - Batch 1058/2465: Clean accuracy 0.9905 | Adv accuracy: 0.9905 | Counter-attack accuracy: 0.9924
2026-02-07 14:58:55,247 - ADV_Generation_eps_0.0_steps_0_Added_Noise_uniform_Eps_48.0_Tau_Type_normal_anchors - INFO - Batch 1059/2465: Clean accuracy 0.9906 | Adv accuracy: 0.9906 | Counter-attack accuracy: 0.9924
2026-02-07 14:58:55,556 - ADV_Generation_eps_0.0_steps_0_Added_Noise_uniform_Eps_48.0_Tau_Type_normal_anchors - INFO - Batch 1060/2465: Clean accuracy 0.9906 | Adv accuracy: 0.9906 | Counter-attack accuracy: 0.9925
2026-02-07 14:58:55,865 - ADV_Generation_eps_0.0_steps_0_Added_Noise_uniform_Eps_48.0_Tau_Type_normal_anchors - INFO - Batch 1061/2465: Clean accuracy 0.9906 | Adv accuracy: 0.9906 | Counter-attack accuracy: 0.9925
2026-02-07 14:58:56,174 - ADV_Generation_eps_0.0_steps_0_Added_Noise_uniform_Eps_48.0_Tau_Type_normal_anchors - INFO - Batch 1062/2465: Clean accuracy 0.9906 | Adv accuracy: 0.9906 | Counter-attack accuracy: 0.9925
2026-02-07 14:58:56,483 - ADV_Generation_eps_0.0_steps_0_Added_Noise_uniform_Eps_48.0_Tau_Type_normal_anchors - INFO - Batch 1063/2465: Clean accuracy 0.9906 | Adv accuracy: 0.9906 | Counter-attack accuracy: 0.9925
2026-02-07 14:58:56,792 - ADV_Generation_eps_0.0_steps_0_Added_Noise_uniform_Eps_48.0_Tau_Type_normal_anchors - INFO - Batch 1064/2465: Clean accuracy 0.9906 | Adv accuracy: 0.9906 | Counter-attack accuracy: 0.9925
2026-02-07 14:58:57,100 - ADV_Generation_eps_0.0_steps_0_Added_Noise_uniform_Eps_48.0_Tau_Type_normal_anchors - INFO - Batch 1065/2465: Clean accuracy 0.9906 | Adv accuracy: 0.9906 | Counter-attack accuracy: 0.9925
2026-02-07 14:58:57,409 - ADV_Generation_eps_0.0_steps_0_Added_Noise_uniform_Eps_48.0_Tau_Type_normal_anchors - INFO - Batch 1066/2465: Clean accuracy 0.9906 | Adv accuracy: 0.9906 | Counter-attack accuracy: 0.9925
2026-02-07 14:58:57,718 - ADV_Generation_eps_0.0_steps_0_Added_Noise_uniform_Eps_48.0_Tau_Type_normal_anchors - INFO - Batch 1067/2465: Clean accuracy 0.9906 | Adv accuracy: 0.9906 | Counter-attack accuracy: 0.9925
2026-02-07 14:58:58,027 - ADV_Generation_eps_0.0_steps_0_Added_Noise_uniform_Eps_48.0_Tau_Type_normal_anchors - INFO - Batch 1068/2465: Clean accuracy 0.9906 | Adv accuracy: 0.9906 | Counter-attack accuracy: 0.9925
2026-02-07 14:58:58,336 - ADV_Generation_eps_0.0_steps_0_Added_Noise_uniform_Eps_48.0_Tau_Type_normal_anchors - INFO - Batch 1069/2465: Clean accuracy 0.9906 | Adv accuracy: 0.9906 | Counter-attack accuracy: 0.9925
2026-02-07 14:58:58,645 - ADV_Generation_eps_0.0_steps_0_Added_Noise_uniform_Eps_48.0_Tau_Type_normal_anchors - INFO - Batch 1070/2465: Clean accuracy 0.9907 | Adv accuracy: 0.9907 | Counter-attack accuracy: 0.9925
2026-02-07 14:58:58,953 - ADV_Generation_eps_0.0_steps_0_Added_Noise_uniform_Eps_48.0_Tau_Type_normal_anchors - INFO - Batch 1071/2465: Clean accuracy 0.9907 | Adv accuracy: 0.9907 | Counter-attack accuracy: 0.9925
2026-02-07 14:58:59,262 - ADV_Generation_eps_0.0_steps_0_Added_Noise_uniform_Eps_48.0_Tau_Type_normal_anchors - INFO - Batch 1072/2465: Clean accuracy 0.9907 | Adv accuracy: 0.9907 | Counter-attack accuracy: 0.9925
2026-02-07 14:58:59,572 - ADV_Generation_eps_0.0_steps_0_Added_Noise_uniform_Eps_48.0_Tau_Type_normal_anchors - INFO - Batch 1073/2465: Clean accuracy 0.9907 | Adv accuracy: 0.9907 | Counter-attack accuracy: 0.9925
2026-02-07 14:58:59,880 - ADV_Generation_eps_0.0_steps_0_Added_Noise_uniform_Eps_48.0_Tau_Type_normal_anchors - INFO - Batch 1074/2465: Clean accuracy 0.9907 | Adv accuracy: 0.9907 | Counter-attack accuracy: 0.9926
2026-02-07 14:59:00,189 - ADV_Generation_eps_0.0_steps_0_Added_Noise_uniform_Eps_48.0_Tau_Type_normal_anchors - INFO - Batch 1075/2465: Clean accuracy 0.9907 | Adv accuracy: 0.9907 | Counter-attack accuracy: 0.9926
2026-02-07 14:59:00,498 - ADV_Generation_eps_0.0_steps_0_Added_Noise_uniform_Eps_48.0_Tau_Type_normal_anchors - INFO - Batch 1076/2465: Clean accuracy 0.9907 | Adv accuracy: 0.9907 | Counter-attack accuracy: 0.9926
2026-02-07 14:59:00,807 - ADV_Generation_eps_0.0_steps_0_Added_Noise_uniform_Eps_48.0_Tau_Type_normal_anchors - INFO - Batch 1077/2465: Clean accuracy 0.9898 | Adv accuracy: 0.9898 | Counter-attack accuracy: 0.9916
2026-02-07 14:59:01,116 - ADV_Generation_eps_0.0_steps_0_Added_Noise_uniform_Eps_48.0_Tau_Type_normal_anchors - INFO - Batch 1078/2465: Clean accuracy 0.9898 | Adv accuracy: 0.9898 | Counter-attack accuracy: 0.9917
2026-02-07 14:59:01,425 - ADV_Generation_eps_0.0_steps_0_Added_Noise_uniform_Eps_48.0_Tau_Type_normal_anchors - INFO - Batch 1079/2465: Clean accuracy 0.9898 | Adv accuracy: 0.9898 | Counter-attack accuracy: 0.9917
2026-02-07 14:59:01,734 - ADV_Generation_eps_0.0_steps_0_Added_Noise_uniform_Eps_48.0_Tau_Type_normal_anchors - INFO - Batch 1080/2465: Clean accuracy 0.9898 | Adv accuracy: 0.9898 | Counter-attack accuracy: 0.9917
2026-02-07 14:59:02,042 - ADV_Generation_eps_0.0_steps_0_Added_Noise_uniform_Eps_48.0_Tau_Type_normal_anchors - INFO - Batch 1081/2465: Clean accuracy 0.9898 | Adv accuracy: 0.9898 | Counter-attack accuracy: 0.9917
2026-02-07 14:59:02,351 - ADV_Generation_eps_0.0_steps_0_Added_Noise_uniform_Eps_48.0_Tau_Type_normal_anchors - INFO - Batch 1082/2465: Clean accuracy 0.9898 | Adv accuracy: 0.9898 | Counter-attack accuracy: 0.9917
2026-02-07 14:59:02,660 - ADV_Generation_eps_0.0_steps_0_Added_Noise_uniform_Eps_48.0_Tau_Type_normal_anchors - INFO - Batch 1083/2465: Clean accuracy 0.9898 | Adv accuracy: 0.9898 | Counter-attack accuracy: 0.9917
2026-02-07 14:59:02,969 - ADV_Generation_eps_0.0_steps_0_Added_Noise_uniform_Eps_48.0_Tau_Type_normal_anchors - INFO - Batch 1084/2465: Clean accuracy 0.9899 | Adv accuracy: 0.9899 | Counter-attack accuracy: 0.9917
2026-02-07 14:59:03,278 - ADV_Generation_eps_0.0_steps_0_Added_Noise_uniform_Eps_48.0_Tau_Type_normal_anchors - INFO - Batch 1085/2465: Clean accuracy 0.9899 | Adv accuracy: 0.9899 | Counter-attack accuracy: 0.9908
2026-02-07 14:59:03,587 - ADV_Generation_eps_0.0_steps_0_Added_Noise_uniform_Eps_48.0_Tau_Type_normal_anchors - INFO - Batch 1086/2465: Clean accuracy 0.9899 | Adv accuracy: 0.9899 | Counter-attack accuracy: 0.9899
2026-02-07 14:59:03,896 - ADV_Generation_eps_0.0_steps_0_Added_Noise_uniform_Eps_48.0_Tau_Type_normal_anchors - INFO - Batch 1087/2465: Clean accuracy 0.9899 | Adv accuracy: 0.9899 | Counter-attack accuracy: 0.9899
2026-02-07 14:59:04,205 - ADV_Generation_eps_0.0_steps_0_Added_Noise_uniform_Eps_48.0_Tau_Type_normal_anchors - INFO - Batch 1088/2465: Clean accuracy 0.9899 | Adv accuracy: 0.9899 | Counter-attack accuracy: 0.9899
2026-02-07 14:59:04,514 - ADV_Generation_eps_0.0_steps_0_Added_Noise_uniform_Eps_48.0_Tau_Type_normal_anchors - INFO - Batch 1089/2465: Clean accuracy 0.9899 | Adv accuracy: 0.9899 | Counter-attack accuracy: 0.9899
2026-02-07 14:59:04,822 - ADV_Generation_eps_0.0_steps_0_Added_Noise_uniform_Eps_48.0_Tau_Type_normal_anchors - INFO - Batch 1090/2465: Clean accuracy 0.9899 | Adv accuracy: 0.9899 | Counter-attack accuracy: 0.9899
2026-02-07 14:59:05,131 - ADV_Generation_eps_0.0_steps_0_Added_Noise_uniform_Eps_48.0_Tau_Type_normal_anchors - INFO - Batch 1091/2465: Clean accuracy 0.9899 | Adv accuracy: 0.9899 | Counter-attack accuracy: 0.9899
2026-02-07 14:59:05,440 - ADV_Generation_eps_0.0_steps_0_Added_Noise_uniform_Eps_48.0_Tau_Type_normal_anchors - INFO - Batch 1092/2465: Clean accuracy 0.9899 | Adv accuracy: 0.9899 | Counter-attack accuracy: 0.9899
2026-02-07 14:59:05,749 - ADV_Generation_eps_0.0_steps_0_Added_Noise_uniform_Eps_48.0_Tau_Type_normal_anchors - INFO - Batch 1093/2465: Clean accuracy 0.9899 | Adv accuracy: 0.9899 | Counter-attack accuracy: 0.9899
2026-02-07 14:59:06,058 - ADV_Generation_eps_0.0_steps_0_Added_Noise_uniform_Eps_48.0_Tau_Type_normal_anchors - INFO - Batch 1094/2465: Clean accuracy 0.9899 | Adv accuracy: 0.9899 | Counter-attack accuracy: 0.9899
2026-02-07 14:59:06,367 - ADV_Generation_eps_0.0_steps_0_Added_Noise_uniform_Eps_48.0_Tau_Type_normal_anchors - INFO - Batch 1095/2465: Clean accuracy 0.9900 | Adv accuracy: 0.9900 | Counter-attack accuracy: 0.9900
2026-02-07 14:59:06,676 - ADV_Generation_eps_0.0_steps_0_Added_Noise_uniform_Eps_48.0_Tau_Type_normal_anchors - INFO - Batch 1096/2465: Clean accuracy 0.9900 | Adv accuracy: 0.9900 | Counter-attack accuracy: 0.9900
2026-02-07 14:59:06,985 - ADV_Generation_eps_0.0_steps_0_Added_Noise_uniform_Eps_48.0_Tau_Type_normal_anchors - INFO - Batch 1097/2465: Clean accuracy 0.9900 | Adv accuracy: 0.9900 | Counter-attack accuracy: 0.9900
2026-02-07 14:59:07,295 - ADV_Generation_eps_0.0_steps_0_Added_Noise_uniform_Eps_48.0_Tau_Type_normal_anchors - INFO - Batch 1098/2465: Clean accuracy 0.9900 | Adv accuracy: 0.9900 | Counter-attack accuracy: 0.9900
2026-02-07 14:59:07,603 - ADV_Generation_eps_0.0_steps_0_Added_Noise_uniform_Eps_48.0_Tau_Type_normal_anchors - INFO - Batch 1099/2465: Clean accuracy 0.9900 | Adv accuracy: 0.9900 | Counter-attack accuracy: 0.9900
2026-02-07 14:59:07,913 - ADV_Generation_eps_0.0_steps_0_Added_Noise_uniform_Eps_48.0_Tau_Type_normal_anchors - INFO - Batch 1100/2465: Clean accuracy 0.9900 | Adv accuracy: 0.9900 | Counter-attack accuracy: 0.9900
2026-02-07 14:59:08,273 - ADV_Generation_eps_0.0_steps_0_Added_Noise_uniform_Eps_48.0_Tau_Type_normal_anchors - INFO - Batch 1101/2465: Clean accuracy 0.9891 | Adv accuracy: 0.9891 | Counter-attack accuracy: 0.9891
2026-02-07 14:59:08,582 - ADV_Generation_eps_0.0_steps_0_Added_Noise_uniform_Eps_48.0_Tau_Type_normal_anchors - INFO - Batch 1102/2465: Clean accuracy 0.9891 | Adv accuracy: 0.9891 | Counter-attack accuracy: 0.9891
2026-02-07 14:59:08,891 - ADV_Generation_eps_0.0_steps_0_Added_Noise_uniform_Eps_48.0_Tau_Type_normal_anchors - INFO - Batch 1103/2465: Clean accuracy 0.9882 | Adv accuracy: 0.9882 | Counter-attack accuracy: 0.9891
2026-02-07 14:59:09,200 - ADV_Generation_eps_0.0_steps_0_Added_Noise_uniform_Eps_48.0_Tau_Type_normal_anchors - INFO - Batch 1104/2465: Clean accuracy 0.9882 | Adv accuracy: 0.9882 | Counter-attack accuracy: 0.9891
2026-02-07 14:59:09,509 - ADV_Generation_eps_0.0_steps_0_Added_Noise_uniform_Eps_48.0_Tau_Type_normal_anchors - INFO - Batch 1105/2465: Clean accuracy 0.9882 | Adv accuracy: 0.9882 | Counter-attack accuracy: 0.9882
2026-02-07 14:59:09,818 - ADV_Generation_eps_0.0_steps_0_Added_Noise_uniform_Eps_48.0_Tau_Type_normal_anchors - INFO - Batch 1106/2465: Clean accuracy 0.9882 | Adv accuracy: 0.9882 | Counter-attack accuracy: 0.9882
2026-02-07 14:59:10,127 - ADV_Generation_eps_0.0_steps_0_Added_Noise_uniform_Eps_48.0_Tau_Type_normal_anchors - INFO - Batch 1107/2465: Clean accuracy 0.9874 | Adv accuracy: 0.9874 | Counter-attack accuracy: 0.9874
2026-02-07 14:59:10,436 - ADV_Generation_eps_0.0_steps_0_Added_Noise_uniform_Eps_48.0_Tau_Type_normal_anchors - INFO - Batch 1108/2465: Clean accuracy 0.9874 | Adv accuracy: 0.9874 | Counter-attack accuracy: 0.9874
2026-02-07 14:59:10,744 - ADV_Generation_eps_0.0_steps_0_Added_Noise_uniform_Eps_48.0_Tau_Type_normal_anchors - INFO - Batch 1109/2465: Clean accuracy 0.9874 | Adv accuracy: 0.9874 | Counter-attack accuracy: 0.9865
2026-02-07 14:59:11,053 - ADV_Generation_eps_0.0_steps_0_Added_Noise_uniform_Eps_48.0_Tau_Type_normal_anchors - INFO - Batch 1110/2465: Clean accuracy 0.9865 | Adv accuracy: 0.9865 | Counter-attack accuracy: 0.9856
2026-02-07 14:59:11,362 - ADV_Generation_eps_0.0_steps_0_Added_Noise_uniform_Eps_48.0_Tau_Type_normal_anchors - INFO - Batch 1111/2465: Clean accuracy 0.9865 | Adv accuracy: 0.9865 | Counter-attack accuracy: 0.9847
2026-02-07 14:59:11,671 - ADV_Generation_eps_0.0_steps_0_Added_Noise_uniform_Eps_48.0_Tau_Type_normal_anchors - INFO - Batch 1112/2465: Clean accuracy 0.9865 | Adv accuracy: 0.9865 | Counter-attack accuracy: 0.9847
2026-02-07 14:59:11,980 - ADV_Generation_eps_0.0_steps_0_Added_Noise_uniform_Eps_48.0_Tau_Type_normal_anchors - INFO - Batch 1113/2465: Clean accuracy 0.9865 | Adv accuracy: 0.9865 | Counter-attack accuracy: 0.9847
2026-02-07 14:59:12,289 - ADV_Generation_eps_0.0_steps_0_Added_Noise_uniform_Eps_48.0_Tau_Type_normal_anchors - INFO - Batch 1114/2465: Clean accuracy 0.9865 | Adv accuracy: 0.9865 | Counter-attack accuracy: 0.9847
2026-02-07 14:59:12,598 - ADV_Generation_eps_0.0_steps_0_Added_Noise_uniform_Eps_48.0_Tau_Type_normal_anchors - INFO - Batch 1115/2465: Clean accuracy 0.9865 | Adv accuracy: 0.9865 | Counter-attack accuracy: 0.9848
2026-02-07 14:59:12,906 - ADV_Generation_eps_0.0_steps_0_Added_Noise_uniform_Eps_48.0_Tau_Type_normal_anchors - INFO - Batch 1116/2465: Clean accuracy 0.9866 | Adv accuracy: 0.9866 | Counter-attack accuracy: 0.9848
2026-02-07 14:59:13,215 - ADV_Generation_eps_0.0_steps_0_Added_Noise_uniform_Eps_48.0_Tau_Type_normal_anchors - INFO - Batch 1117/2465: Clean accuracy 0.9866 | Adv accuracy: 0.9866 | Counter-attack accuracy: 0.9848
2026-02-07 14:59:13,524 - ADV_Generation_eps_0.0_steps_0_Added_Noise_uniform_Eps_48.0_Tau_Type_normal_anchors - INFO - Batch 1118/2465: Clean accuracy 0.9866 | Adv accuracy: 0.9866 | Counter-attack accuracy: 0.9848
2026-02-07 14:59:13,833 - ADV_Generation_eps_0.0_steps_0_Added_Noise_uniform_Eps_48.0_Tau_Type_normal_anchors - INFO - Batch 1119/2465: Clean accuracy 0.9866 | Adv accuracy: 0.9866 | Counter-attack accuracy: 0.9839
2026-02-07 14:59:14,142 - ADV_Generation_eps_0.0_steps_0_Added_Noise_uniform_Eps_48.0_Tau_Type_normal_anchors - INFO - Batch 1120/2465: Clean accuracy 0.9866 | Adv accuracy: 0.9866 | Counter-attack accuracy: 0.9839
2026-02-07 14:59:14,451 - ADV_Generation_eps_0.0_steps_0_Added_Noise_uniform_Eps_48.0_Tau_Type_normal_anchors - INFO - Batch 1121/2465: Clean accuracy 0.9866 | Adv accuracy: 0.9866 | Counter-attack accuracy: 0.9839
2026-02-07 14:59:14,760 - ADV_Generation_eps_0.0_steps_0_Added_Noise_uniform_Eps_48.0_Tau_Type_normal_anchors - INFO - Batch 1122/2465: Clean accuracy 0.9866 | Adv accuracy: 0.9866 | Counter-attack accuracy: 0.9840
2026-02-07 14:59:15,068 - ADV_Generation_eps_0.0_steps_0_Added_Noise_uniform_Eps_48.0_Tau_Type_normal_anchors - INFO - Batch 1123/2465: Clean accuracy 0.9866 | Adv accuracy: 0.9866 | Counter-attack accuracy: 0.9831
2026-02-07 14:59:15,377 - ADV_Generation_eps_0.0_steps_0_Added_Noise_uniform_Eps_48.0_Tau_Type_normal_anchors - INFO - Batch 1124/2465: Clean accuracy 0.9867 | Adv accuracy: 0.9867 | Counter-attack accuracy: 0.9831
2026-02-07 14:59:15,686 - ADV_Generation_eps_0.0_steps_0_Added_Noise_uniform_Eps_48.0_Tau_Type_normal_anchors - INFO - Batch 1125/2465: Clean accuracy 0.9867 | Adv accuracy: 0.9867 | Counter-attack accuracy: 0.9831
2026-02-07 14:59:15,995 - ADV_Generation_eps_0.0_steps_0_Added_Noise_uniform_Eps_48.0_Tau_Type_normal_anchors - INFO - Batch 1126/2465: Clean accuracy 0.9867 | Adv accuracy: 0.9867 | Counter-attack accuracy: 0.9831
2026-02-07 14:59:16,304 - ADV_Generation_eps_0.0_steps_0_Added_Noise_uniform_Eps_48.0_Tau_Type_normal_anchors - INFO - Batch 1127/2465: Clean accuracy 0.9867 | Adv accuracy: 0.9867 | Counter-attack accuracy: 0.9831
2026-02-07 14:59:16,613 - ADV_Generation_eps_0.0_steps_0_Added_Noise_uniform_Eps_48.0_Tau_Type_normal_anchors - INFO - Batch 1128/2465: Clean accuracy 0.9867 | Adv accuracy: 0.9867 | Counter-attack accuracy: 0.9823
2026-02-07 14:59:16,922 - ADV_Generation_eps_0.0_steps_0_Added_Noise_uniform_Eps_48.0_Tau_Type_normal_anchors - INFO - Batch 1129/2465: Clean accuracy 0.9867 | Adv accuracy: 0.9867 | Counter-attack accuracy: 0.9814
2026-02-07 14:59:17,230 - ADV_Generation_eps_0.0_steps_0_Added_Noise_uniform_Eps_48.0_Tau_Type_normal_anchors - INFO - Batch 1130/2465: Clean accuracy 0.9867 | Adv accuracy: 0.9867 | Counter-attack accuracy: 0.9814
2026-02-07 14:59:17,539 - ADV_Generation_eps_0.0_steps_0_Added_Noise_uniform_Eps_48.0_Tau_Type_normal_anchors - INFO - Batch 1131/2465: Clean accuracy 0.9867 | Adv accuracy: 0.9867 | Counter-attack accuracy: 0.9814
2026-02-07 14:59:17,848 - ADV_Generation_eps_0.0_steps_0_Added_Noise_uniform_Eps_48.0_Tau_Type_normal_anchors - INFO - Batch 1132/2465: Clean accuracy 0.9867 | Adv accuracy: 0.9867 | Counter-attack accuracy: 0.9814
2026-02-07 14:59:18,157 - ADV_Generation_eps_0.0_steps_0_Added_Noise_uniform_Eps_48.0_Tau_Type_normal_anchors - INFO - Batch 1133/2465: Clean accuracy 0.9868 | Adv accuracy: 0.9868 | Counter-attack accuracy: 0.9815
2026-02-07 14:59:18,466 - ADV_Generation_eps_0.0_steps_0_Added_Noise_uniform_Eps_48.0_Tau_Type_normal_anchors - INFO - Batch 1134/2465: Clean accuracy 0.9868 | Adv accuracy: 0.9868 | Counter-attack accuracy: 0.9815
2026-02-07 14:59:18,775 - ADV_Generation_eps_0.0_steps_0_Added_Noise_uniform_Eps_48.0_Tau_Type_normal_anchors - INFO - Batch 1135/2465: Clean accuracy 0.9868 | Adv accuracy: 0.9868 | Counter-attack accuracy: 0.9815
2026-02-07 14:59:19,084 - ADV_Generation_eps_0.0_steps_0_Added_Noise_uniform_Eps_48.0_Tau_Type_normal_anchors - INFO - Batch 1136/2465: Clean accuracy 0.9868 | Adv accuracy: 0.9868 | Counter-attack accuracy: 0.9815
2026-02-07 14:59:19,393 - ADV_Generation_eps_0.0_steps_0_Added_Noise_uniform_Eps_48.0_Tau_Type_normal_anchors - INFO - Batch 1137/2465: Clean accuracy 0.9859 | Adv accuracy: 0.9859 | Counter-attack accuracy: 0.9815
2026-02-07 14:59:19,701 - ADV_Generation_eps_0.0_steps_0_Added_Noise_uniform_Eps_48.0_Tau_Type_normal_anchors - INFO - Batch 1138/2465: Clean accuracy 0.9851 | Adv accuracy: 0.9851 | Counter-attack accuracy: 0.9807
2026-02-07 14:59:20,010 - ADV_Generation_eps_0.0_steps_0_Added_Noise_uniform_Eps_48.0_Tau_Type_normal_anchors - INFO - Batch 1139/2465: Clean accuracy 0.9842 | Adv accuracy: 0.9842 | Counter-attack accuracy: 0.9798
2026-02-07 14:59:20,319 - ADV_Generation_eps_0.0_steps_0_Added_Noise_uniform_Eps_48.0_Tau_Type_normal_anchors - INFO - Batch 1140/2465: Clean accuracy 0.9842 | Adv accuracy: 0.9842 | Counter-attack accuracy: 0.9798
2026-02-07 14:59:20,628 - ADV_Generation_eps_0.0_steps_0_Added_Noise_uniform_Eps_48.0_Tau_Type_normal_anchors - INFO - Batch 1141/2465: Clean accuracy 0.9842 | Adv accuracy: 0.9842 | Counter-attack accuracy: 0.9798
2026-02-07 14:59:20,937 - ADV_Generation_eps_0.0_steps_0_Added_Noise_uniform_Eps_48.0_Tau_Type_normal_anchors - INFO - Batch 1142/2465: Clean accuracy 0.9842 | Adv accuracy: 0.9842 | Counter-attack accuracy: 0.9799
2026-02-07 14:59:21,246 - ADV_Generation_eps_0.0_steps_0_Added_Noise_uniform_Eps_48.0_Tau_Type_normal_anchors - INFO - Batch 1143/2465: Clean accuracy 0.9843 | Adv accuracy: 0.9843 | Counter-attack accuracy: 0.9799
2026-02-07 14:59:21,555 - ADV_Generation_eps_0.0_steps_0_Added_Noise_uniform_Eps_48.0_Tau_Type_normal_anchors - INFO - Batch 1144/2465: Clean accuracy 0.9843 | Adv accuracy: 0.9843 | Counter-attack accuracy: 0.9799
2026-02-07 14:59:21,871 - ADV_Generation_eps_0.0_steps_0_Added_Noise_uniform_Eps_48.0_Tau_Type_normal_anchors - INFO - Batch 1145/2465: Clean accuracy 0.9843 | Adv accuracy: 0.9843 | Counter-attack accuracy: 0.9799
2026-02-07 14:59:22,180 - ADV_Generation_eps_0.0_steps_0_Added_Noise_uniform_Eps_48.0_Tau_Type_normal_anchors - INFO - Batch 1146/2465: Clean accuracy 0.9834 | Adv accuracy: 0.9834 | Counter-attack accuracy: 0.9799
2026-02-07 14:59:22,489 - ADV_Generation_eps_0.0_steps_0_Added_Noise_uniform_Eps_48.0_Tau_Type_normal_anchors - INFO - Batch 1147/2465: Clean accuracy 0.9834 | Adv accuracy: 0.9834 | Counter-attack accuracy: 0.9799
2026-02-07 14:59:22,798 - ADV_Generation_eps_0.0_steps_0_Added_Noise_uniform_Eps_48.0_Tau_Type_normal_anchors - INFO - Batch 1148/2465: Clean accuracy 0.9826 | Adv accuracy: 0.9826 | Counter-attack accuracy: 0.9800
2026-02-07 14:59:23,107 - ADV_Generation_eps_0.0_steps_0_Added_Noise_uniform_Eps_48.0_Tau_Type_normal_anchors - INFO - Batch 1149/2465: Clean accuracy 0.9826 | Adv accuracy: 0.9826 | Counter-attack accuracy: 0.9800
2026-02-07 14:59:23,416 - ADV_Generation_eps_0.0_steps_0_Added_Noise_uniform_Eps_48.0_Tau_Type_normal_anchors - INFO - Batch 1150/2465: Clean accuracy 0.9826 | Adv accuracy: 0.9826 | Counter-attack accuracy: 0.9800
2026-02-07 14:59:23,724 - ADV_Generation_eps_0.0_steps_0_Added_Noise_uniform_Eps_48.0_Tau_Type_normal_anchors - INFO - Batch 1151/2465: Clean accuracy 0.9826 | Adv accuracy: 0.9826 | Counter-attack accuracy: 0.9800
2026-02-07 14:59:24,033 - ADV_Generation_eps_0.0_steps_0_Added_Noise_uniform_Eps_48.0_Tau_Type_normal_anchors - INFO - Batch 1152/2465: Clean accuracy 0.9826 | Adv accuracy: 0.9826 | Counter-attack accuracy: 0.9800
2026-02-07 14:59:24,342 - ADV_Generation_eps_0.0_steps_0_Added_Noise_uniform_Eps_48.0_Tau_Type_normal_anchors - INFO - Batch 1153/2465: Clean accuracy 0.9827 | Adv accuracy: 0.9827 | Counter-attack accuracy: 0.9801
2026-02-07 14:59:24,651 - ADV_Generation_eps_0.0_steps_0_Added_Noise_uniform_Eps_48.0_Tau_Type_normal_anchors - INFO - Batch 1154/2465: Clean accuracy 0.9827 | Adv accuracy: 0.9827 | Counter-attack accuracy: 0.9801
2026-02-07 14:59:24,960 - ADV_Generation_eps_0.0_steps_0_Added_Noise_uniform_Eps_48.0_Tau_Type_normal_anchors - INFO - Batch 1155/2465: Clean accuracy 0.9827 | Adv accuracy: 0.9827 | Counter-attack accuracy: 0.9801
2026-02-07 14:59:25,269 - ADV_Generation_eps_0.0_steps_0_Added_Noise_uniform_Eps_48.0_Tau_Type_normal_anchors - INFO - Batch 1156/2465: Clean accuracy 0.9827 | Adv accuracy: 0.9827 | Counter-attack accuracy: 0.9801
2026-02-07 14:59:25,578 - ADV_Generation_eps_0.0_steps_0_Added_Noise_uniform_Eps_48.0_Tau_Type_normal_anchors - INFO - Batch 1157/2465: Clean accuracy 0.9827 | Adv accuracy: 0.9827 | Counter-attack accuracy: 0.9801
2026-02-07 14:59:25,887 - ADV_Generation_eps_0.0_steps_0_Added_Noise_uniform_Eps_48.0_Tau_Type_normal_anchors - INFO - Batch 1158/2465: Clean accuracy 0.9827 | Adv accuracy: 0.9827 | Counter-attack accuracy: 0.9801
2026-02-07 14:59:26,195 - ADV_Generation_eps_0.0_steps_0_Added_Noise_uniform_Eps_48.0_Tau_Type_normal_anchors - INFO - Batch 1159/2465: Clean accuracy 0.9827 | Adv accuracy: 0.9827 | Counter-attack accuracy: 0.9802
2026-02-07 14:59:26,504 - ADV_Generation_eps_0.0_steps_0_Added_Noise_uniform_Eps_48.0_Tau_Type_normal_anchors - INFO - Batch 1160/2465: Clean accuracy 0.9828 | Adv accuracy: 0.9828 | Counter-attack accuracy: 0.9802
2026-02-07 14:59:26,813 - ADV_Generation_eps_0.0_steps_0_Added_Noise_uniform_Eps_48.0_Tau_Type_normal_anchors - INFO - Batch 1161/2465: Clean accuracy 0.9828 | Adv accuracy: 0.9828 | Counter-attack accuracy: 0.9802
2026-02-07 14:59:27,122 - ADV_Generation_eps_0.0_steps_0_Added_Noise_uniform_Eps_48.0_Tau_Type_normal_anchors - INFO - Batch 1162/2465: Clean accuracy 0.9828 | Adv accuracy: 0.9828 | Counter-attack accuracy: 0.9802
2026-02-07 14:59:27,431 - ADV_Generation_eps_0.0_steps_0_Added_Noise_uniform_Eps_48.0_Tau_Type_normal_anchors - INFO - Batch 1163/2465: Clean accuracy 0.9828 | Adv accuracy: 0.9828 | Counter-attack accuracy: 0.9794
2026-02-07 14:59:27,740 - ADV_Generation_eps_0.0_steps_0_Added_Noise_uniform_Eps_48.0_Tau_Type_normal_anchors - INFO - Batch 1164/2465: Clean accuracy 0.9828 | Adv accuracy: 0.9828 | Counter-attack accuracy: 0.9794
2026-02-07 14:59:28,049 - ADV_Generation_eps_0.0_steps_0_Added_Noise_uniform_Eps_48.0_Tau_Type_normal_anchors - INFO - Batch 1165/2465: Clean accuracy 0.9828 | Adv accuracy: 0.9828 | Counter-attack accuracy: 0.9794
2026-02-07 14:59:28,358 - ADV_Generation_eps_0.0_steps_0_Added_Noise_uniform_Eps_48.0_Tau_Type_normal_anchors - INFO - Batch 1166/2465: Clean accuracy 0.9828 | Adv accuracy: 0.9828 | Counter-attack accuracy: 0.9794
2026-02-07 14:59:28,667 - ADV_Generation_eps_0.0_steps_0_Added_Noise_uniform_Eps_48.0_Tau_Type_normal_anchors - INFO - Batch 1167/2465: Clean accuracy 0.9829 | Adv accuracy: 0.9829 | Counter-attack accuracy: 0.9794
2026-02-07 14:59:28,976 - ADV_Generation_eps_0.0_steps_0_Added_Noise_uniform_Eps_48.0_Tau_Type_normal_anchors - INFO - Batch 1168/2465: Clean accuracy 0.9829 | Adv accuracy: 0.9829 | Counter-attack accuracy: 0.9795
2026-02-07 14:59:29,285 - ADV_Generation_eps_0.0_steps_0_Added_Noise_uniform_Eps_48.0_Tau_Type_normal_anchors - INFO - Batch 1169/2465: Clean accuracy 0.9829 | Adv accuracy: 0.9829 | Counter-attack accuracy: 0.9795
2026-02-07 14:59:29,593 - ADV_Generation_eps_0.0_steps_0_Added_Noise_uniform_Eps_48.0_Tau_Type_normal_anchors - INFO - Batch 1170/2465: Clean accuracy 0.9829 | Adv accuracy: 0.9829 | Counter-attack accuracy: 0.9795
2026-02-07 14:59:29,903 - ADV_Generation_eps_0.0_steps_0_Added_Noise_uniform_Eps_48.0_Tau_Type_normal_anchors - INFO - Batch 1171/2465: Clean accuracy 0.9829 | Adv accuracy: 0.9829 | Counter-attack accuracy: 0.9795
2026-02-07 14:59:30,211 - ADV_Generation_eps_0.0_steps_0_Added_Noise_uniform_Eps_48.0_Tau_Type_normal_anchors - INFO - Batch 1172/2465: Clean accuracy 0.9829 | Adv accuracy: 0.9829 | Counter-attack accuracy: 0.9795
2026-02-07 14:59:30,520 - ADV_Generation_eps_0.0_steps_0_Added_Noise_uniform_Eps_48.0_Tau_Type_normal_anchors - INFO - Batch 1173/2465: Clean accuracy 0.9829 | Adv accuracy: 0.9829 | Counter-attack accuracy: 0.9795
2026-02-07 14:59:30,829 - ADV_Generation_eps_0.0_steps_0_Added_Noise_uniform_Eps_48.0_Tau_Type_normal_anchors - INFO - Batch 1174/2465: Clean accuracy 0.9830 | Adv accuracy: 0.9830 | Counter-attack accuracy: 0.9796
2026-02-07 14:59:31,138 - ADV_Generation_eps_0.0_steps_0_Added_Noise_uniform_Eps_48.0_Tau_Type_normal_anchors - INFO - Batch 1175/2465: Clean accuracy 0.9830 | Adv accuracy: 0.9830 | Counter-attack accuracy: 0.9796
2026-02-07 14:59:31,447 - ADV_Generation_eps_0.0_steps_0_Added_Noise_uniform_Eps_48.0_Tau_Type_normal_anchors - INFO - Batch 1176/2465: Clean accuracy 0.9830 | Adv accuracy: 0.9830 | Counter-attack accuracy: 0.9796
2026-02-07 14:59:31,762 - ADV_Generation_eps_0.0_steps_0_Added_Noise_uniform_Eps_48.0_Tau_Type_normal_anchors - INFO - Batch 1177/2465: Clean accuracy 0.9830 | Adv accuracy: 0.9830 | Counter-attack accuracy: 0.9796
2026-02-07 14:59:32,071 - ADV_Generation_eps_0.0_steps_0_Added_Noise_uniform_Eps_48.0_Tau_Type_normal_anchors - INFO - Batch 1178/2465: Clean accuracy 0.9830 | Adv accuracy: 0.9830 | Counter-attack accuracy: 0.9796
2026-02-07 14:59:32,380 - ADV_Generation_eps_0.0_steps_0_Added_Noise_uniform_Eps_48.0_Tau_Type_normal_anchors - INFO - Batch 1179/2465: Clean accuracy 0.9830 | Adv accuracy: 0.9830 | Counter-attack accuracy: 0.9796
2026-02-07 14:59:32,688 - ADV_Generation_eps_0.0_steps_0_Added_Noise_uniform_Eps_48.0_Tau_Type_normal_anchors - INFO - Batch 1180/2465: Clean accuracy 0.9831 | Adv accuracy: 0.9831 | Counter-attack accuracy: 0.9797
2026-02-07 14:59:32,997 - ADV_Generation_eps_0.0_steps_0_Added_Noise_uniform_Eps_48.0_Tau_Type_normal_anchors - INFO - Batch 1181/2465: Clean accuracy 0.9831 | Adv accuracy: 0.9831 | Counter-attack accuracy: 0.9797
2026-02-07 14:59:33,306 - ADV_Generation_eps_0.0_steps_0_Added_Noise_uniform_Eps_48.0_Tau_Type_normal_anchors - INFO - Batch 1182/2465: Clean accuracy 0.9831 | Adv accuracy: 0.9831 | Counter-attack accuracy: 0.9797
2026-02-07 14:59:33,615 - ADV_Generation_eps_0.0_steps_0_Added_Noise_uniform_Eps_48.0_Tau_Type_normal_anchors - INFO - Batch 1183/2465: Clean accuracy 0.9831 | Adv accuracy: 0.9831 | Counter-attack accuracy: 0.9797
2026-02-07 14:59:33,924 - ADV_Generation_eps_0.0_steps_0_Added_Noise_uniform_Eps_48.0_Tau_Type_normal_anchors - INFO - Batch 1184/2465: Clean accuracy 0.9831 | Adv accuracy: 0.9831 | Counter-attack accuracy: 0.9797
2026-02-07 14:59:34,233 - ADV_Generation_eps_0.0_steps_0_Added_Noise_uniform_Eps_48.0_Tau_Type_normal_anchors - INFO - Batch 1185/2465: Clean accuracy 0.9831 | Adv accuracy: 0.9831 | Counter-attack accuracy: 0.9797
2026-02-07 14:59:34,542 - ADV_Generation_eps_0.0_steps_0_Added_Noise_uniform_Eps_48.0_Tau_Type_normal_anchors - INFO - Batch 1186/2465: Clean accuracy 0.9831 | Adv accuracy: 0.9831 | Counter-attack accuracy: 0.9798
2026-02-07 14:59:34,850 - ADV_Generation_eps_0.0_steps_0_Added_Noise_uniform_Eps_48.0_Tau_Type_normal_anchors - INFO - Batch 1187/2465: Clean accuracy 0.9832 | Adv accuracy: 0.9832 | Counter-attack accuracy: 0.9798
2026-02-07 14:59:35,159 - ADV_Generation_eps_0.0_steps_0_Added_Noise_uniform_Eps_48.0_Tau_Type_normal_anchors - INFO - Batch 1188/2465: Clean accuracy 0.9832 | Adv accuracy: 0.9832 | Counter-attack accuracy: 0.9798
2026-02-07 14:59:35,468 - ADV_Generation_eps_0.0_steps_0_Added_Noise_uniform_Eps_48.0_Tau_Type_normal_anchors - INFO - Batch 1189/2465: Clean accuracy 0.9832 | Adv accuracy: 0.9832 | Counter-attack accuracy: 0.9798
2026-02-07 14:59:35,777 - ADV_Generation_eps_0.0_steps_0_Added_Noise_uniform_Eps_48.0_Tau_Type_normal_anchors - INFO - Batch 1190/2465: Clean accuracy 0.9832 | Adv accuracy: 0.9832 | Counter-attack accuracy: 0.9798
2026-02-07 14:59:36,086 - ADV_Generation_eps_0.0_steps_0_Added_Noise_uniform_Eps_48.0_Tau_Type_normal_anchors - INFO - Batch 1191/2465: Clean accuracy 0.9832 | Adv accuracy: 0.9832 | Counter-attack accuracy: 0.9798
2026-02-07 14:59:36,395 - ADV_Generation_eps_0.0_steps_0_Added_Noise_uniform_Eps_48.0_Tau_Type_normal_anchors - INFO - Batch 1192/2465: Clean accuracy 0.9832 | Adv accuracy: 0.9832 | Counter-attack accuracy: 0.9799
2026-02-07 14:59:36,704 - ADV_Generation_eps_0.0_steps_0_Added_Noise_uniform_Eps_48.0_Tau_Type_normal_anchors - INFO - Batch 1193/2465: Clean accuracy 0.9832 | Adv accuracy: 0.9832 | Counter-attack accuracy: 0.9799
2026-02-07 14:59:37,013 - ADV_Generation_eps_0.0_steps_0_Added_Noise_uniform_Eps_48.0_Tau_Type_normal_anchors - INFO - Batch 1194/2465: Clean accuracy 0.9832 | Adv accuracy: 0.9832 | Counter-attack accuracy: 0.9799
2026-02-07 14:59:37,321 - ADV_Generation_eps_0.0_steps_0_Added_Noise_uniform_Eps_48.0_Tau_Type_normal_anchors - INFO - Batch 1195/2465: Clean accuracy 0.9833 | Adv accuracy: 0.9833 | Counter-attack accuracy: 0.9799
2026-02-07 14:59:37,630 - ADV_Generation_eps_0.0_steps_0_Added_Noise_uniform_Eps_48.0_Tau_Type_normal_anchors - INFO - Batch 1196/2465: Clean accuracy 0.9833 | Adv accuracy: 0.9833 | Counter-attack accuracy: 0.9799
2026-02-07 14:59:37,939 - ADV_Generation_eps_0.0_steps_0_Added_Noise_uniform_Eps_48.0_Tau_Type_normal_anchors - INFO - Batch 1197/2465: Clean accuracy 0.9833 | Adv accuracy: 0.9833 | Counter-attack accuracy: 0.9799
2026-02-07 14:59:38,248 - ADV_Generation_eps_0.0_steps_0_Added_Noise_uniform_Eps_48.0_Tau_Type_normal_anchors - INFO - Batch 1198/2465: Clean accuracy 0.9833 | Adv accuracy: 0.9833 | Counter-attack accuracy: 0.9800
2026-02-07 14:59:38,557 - ADV_Generation_eps_0.0_steps_0_Added_Noise_uniform_Eps_48.0_Tau_Type_normal_anchors - INFO - Batch 1199/2465: Clean accuracy 0.9833 | Adv accuracy: 0.9833 | Counter-attack accuracy: 0.9800
2026-02-07 14:59:38,866 - ADV_Generation_eps_0.0_steps_0_Added_Noise_uniform_Eps_48.0_Tau_Type_normal_anchors - INFO - Batch 1200/2465: Clean accuracy 0.9833 | Adv accuracy: 0.9833 | Counter-attack accuracy: 0.9800
2026-02-07 14:59:39,175 - ADV_Generation_eps_0.0_steps_0_Added_Noise_uniform_Eps_48.0_Tau_Type_normal_anchors - INFO - Batch 1201/2465: Clean accuracy 0.9833 | Adv accuracy: 0.9833 | Counter-attack accuracy: 0.9800
2026-02-07 14:59:39,484 - ADV_Generation_eps_0.0_steps_0_Added_Noise_uniform_Eps_48.0_Tau_Type_normal_anchors - INFO - Batch 1202/2465: Clean accuracy 0.9834 | Adv accuracy: 0.9834 | Counter-attack accuracy: 0.9800
2026-02-07 14:59:39,792 - ADV_Generation_eps_0.0_steps_0_Added_Noise_uniform_Eps_48.0_Tau_Type_normal_anchors - INFO - Batch 1203/2465: Clean accuracy 0.9834 | Adv accuracy: 0.9834 | Counter-attack accuracy: 0.9800
2026-02-07 14:59:40,109 - ADV_Generation_eps_0.0_steps_0_Added_Noise_uniform_Eps_48.0_Tau_Type_normal_anchors - INFO - Batch 1204/2465: Clean accuracy 0.9834 | Adv accuracy: 0.9834 | Counter-attack accuracy: 0.9801
2026-02-07 14:59:40,418 - ADV_Generation_eps_0.0_steps_0_Added_Noise_uniform_Eps_48.0_Tau_Type_normal_anchors - INFO - Batch 1205/2465: Clean accuracy 0.9834 | Adv accuracy: 0.9834 | Counter-attack accuracy: 0.9801
2026-02-07 14:59:40,727 - ADV_Generation_eps_0.0_steps_0_Added_Noise_uniform_Eps_48.0_Tau_Type_normal_anchors - INFO - Batch 1206/2465: Clean accuracy 0.9834 | Adv accuracy: 0.9834 | Counter-attack accuracy: 0.9801
2026-02-07 14:59:41,036 - ADV_Generation_eps_0.0_steps_0_Added_Noise_uniform_Eps_48.0_Tau_Type_normal_anchors - INFO - Batch 1207/2465: Clean accuracy 0.9834 | Adv accuracy: 0.9834 | Counter-attack accuracy: 0.9801
2026-02-07 14:59:41,345 - ADV_Generation_eps_0.0_steps_0_Added_Noise_uniform_Eps_48.0_Tau_Type_normal_anchors - INFO - Batch 1208/2465: Clean accuracy 0.9834 | Adv accuracy: 0.9834 | Counter-attack accuracy: 0.9801
2026-02-07 14:59:41,654 - ADV_Generation_eps_0.0_steps_0_Added_Noise_uniform_Eps_48.0_Tau_Type_normal_anchors - INFO - Batch 1209/2465: Clean accuracy 0.9835 | Adv accuracy: 0.9835 | Counter-attack accuracy: 0.9801
2026-02-07 14:59:41,962 - ADV_Generation_eps_0.0_steps_0_Added_Noise_uniform_Eps_48.0_Tau_Type_normal_anchors - INFO - Batch 1210/2465: Clean accuracy 0.9835 | Adv accuracy: 0.9835 | Counter-attack accuracy: 0.9802
2026-02-07 14:59:42,271 - ADV_Generation_eps_0.0_steps_0_Added_Noise_uniform_Eps_48.0_Tau_Type_normal_anchors - INFO - Batch 1211/2465: Clean accuracy 0.9835 | Adv accuracy: 0.9835 | Counter-attack accuracy: 0.9802
2026-02-07 14:59:42,580 - ADV_Generation_eps_0.0_steps_0_Added_Noise_uniform_Eps_48.0_Tau_Type_normal_anchors - INFO - Batch 1212/2465: Clean accuracy 0.9835 | Adv accuracy: 0.9835 | Counter-attack accuracy: 0.9802
2026-02-07 14:59:42,889 - ADV_Generation_eps_0.0_steps_0_Added_Noise_uniform_Eps_48.0_Tau_Type_normal_anchors - INFO - Batch 1213/2465: Clean accuracy 0.9835 | Adv accuracy: 0.9835 | Counter-attack accuracy: 0.9802
2026-02-07 14:59:43,198 - ADV_Generation_eps_0.0_steps_0_Added_Noise_uniform_Eps_48.0_Tau_Type_normal_anchors - INFO - Batch 1214/2465: Clean accuracy 0.9835 | Adv accuracy: 0.9835 | Counter-attack accuracy: 0.9802
2026-02-07 14:59:43,507 - ADV_Generation_eps_0.0_steps_0_Added_Noise_uniform_Eps_48.0_Tau_Type_normal_anchors - INFO - Batch 1215/2465: Clean accuracy 0.9835 | Adv accuracy: 0.9835 | Counter-attack accuracy: 0.9802
2026-02-07 14:59:43,816 - ADV_Generation_eps_0.0_steps_0_Added_Noise_uniform_Eps_48.0_Tau_Type_normal_anchors - INFO - Batch 1216/2465: Clean accuracy 0.9836 | Adv accuracy: 0.9836 | Counter-attack accuracy: 0.9803
2026-02-07 14:59:44,124 - ADV_Generation_eps_0.0_steps_0_Added_Noise_uniform_Eps_48.0_Tau_Type_normal_anchors - INFO - Batch 1217/2465: Clean accuracy 0.9836 | Adv accuracy: 0.9836 | Counter-attack accuracy: 0.9803
2026-02-07 14:59:44,433 - ADV_Generation_eps_0.0_steps_0_Added_Noise_uniform_Eps_48.0_Tau_Type_normal_anchors - INFO - Batch 1218/2465: Clean accuracy 0.9836 | Adv accuracy: 0.9836 | Counter-attack accuracy: 0.9803
2026-02-07 14:59:44,742 - ADV_Generation_eps_0.0_steps_0_Added_Noise_uniform_Eps_48.0_Tau_Type_normal_anchors - INFO - Batch 1219/2465: Clean accuracy 0.9836 | Adv accuracy: 0.9836 | Counter-attack accuracy: 0.9803
2026-02-07 14:59:45,051 - ADV_Generation_eps_0.0_steps_0_Added_Noise_uniform_Eps_48.0_Tau_Type_normal_anchors - INFO - Batch 1220/2465: Clean accuracy 0.9836 | Adv accuracy: 0.9836 | Counter-attack accuracy: 0.9803
2026-02-07 14:59:45,360 - ADV_Generation_eps_0.0_steps_0_Added_Noise_uniform_Eps_48.0_Tau_Type_normal_anchors - INFO - Batch 1221/2465: Clean accuracy 0.9836 | Adv accuracy: 0.9836 | Counter-attack accuracy: 0.9803
2026-02-07 14:59:45,669 - ADV_Generation_eps_0.0_steps_0_Added_Noise_uniform_Eps_48.0_Tau_Type_normal_anchors - INFO - Batch 1222/2465: Clean accuracy 0.9836 | Adv accuracy: 0.9836 | Counter-attack accuracy: 0.9804
2026-02-07 14:59:45,978 - ADV_Generation_eps_0.0_steps_0_Added_Noise_uniform_Eps_48.0_Tau_Type_normal_anchors - INFO - Batch 1223/2465: Clean accuracy 0.9836 | Adv accuracy: 0.9836 | Counter-attack accuracy: 0.9804
2026-02-07 14:59:46,287 - ADV_Generation_eps_0.0_steps_0_Added_Noise_uniform_Eps_48.0_Tau_Type_normal_anchors - INFO - Batch 1224/2465: Clean accuracy 0.9837 | Adv accuracy: 0.9837 | Counter-attack accuracy: 0.9804
2026-02-07 14:59:46,596 - ADV_Generation_eps_0.0_steps_0_Added_Noise_uniform_Eps_48.0_Tau_Type_normal_anchors - INFO - Batch 1225/2465: Clean accuracy 0.9837 | Adv accuracy: 0.9837 | Counter-attack accuracy: 0.9804
2026-02-07 14:59:46,904 - ADV_Generation_eps_0.0_steps_0_Added_Noise_uniform_Eps_48.0_Tau_Type_normal_anchors - INFO - Batch 1226/2465: Clean accuracy 0.9837 | Adv accuracy: 0.9837 | Counter-attack accuracy: 0.9804
2026-02-07 14:59:47,213 - ADV_Generation_eps_0.0_steps_0_Added_Noise_uniform_Eps_48.0_Tau_Type_normal_anchors - INFO - Batch 1227/2465: Clean accuracy 0.9837 | Adv accuracy: 0.9837 | Counter-attack accuracy: 0.9804
2026-02-07 14:59:47,522 - ADV_Generation_eps_0.0_steps_0_Added_Noise_uniform_Eps_48.0_Tau_Type_normal_anchors - INFO - Batch 1228/2465: Clean accuracy 0.9837 | Adv accuracy: 0.9837 | Counter-attack accuracy: 0.9805
2026-02-07 14:59:47,831 - ADV_Generation_eps_0.0_steps_0_Added_Noise_uniform_Eps_48.0_Tau_Type_normal_anchors - INFO - Batch 1229/2465: Clean accuracy 0.9837 | Adv accuracy: 0.9837 | Counter-attack accuracy: 0.9805
2026-02-07 14:59:48,140 - ADV_Generation_eps_0.0_steps_0_Added_Noise_uniform_Eps_48.0_Tau_Type_normal_anchors - INFO - Batch 1230/2465: Clean accuracy 0.9837 | Adv accuracy: 0.9837 | Counter-attack accuracy: 0.9805
2026-02-07 14:59:48,449 - ADV_Generation_eps_0.0_steps_0_Added_Noise_uniform_Eps_48.0_Tau_Type_normal_anchors - INFO - Batch 1231/2465: Clean accuracy 0.9838 | Adv accuracy: 0.9838 | Counter-attack accuracy: 0.9797
2026-02-07 14:59:48,757 - ADV_Generation_eps_0.0_steps_0_Added_Noise_uniform_Eps_48.0_Tau_Type_normal_anchors - INFO - Batch 1232/2465: Clean accuracy 0.9838 | Adv accuracy: 0.9838 | Counter-attack accuracy: 0.9797
2026-02-07 14:59:49,066 - ADV_Generation_eps_0.0_steps_0_Added_Noise_uniform_Eps_48.0_Tau_Type_normal_anchors - INFO - Batch 1233/2465: Clean accuracy 0.9838 | Adv accuracy: 0.9838 | Counter-attack accuracy: 0.9797
2026-02-07 14:59:49,375 - ADV_Generation_eps_0.0_steps_0_Added_Noise_uniform_Eps_48.0_Tau_Type_normal_anchors - INFO - Batch 1234/2465: Clean accuracy 0.9838 | Adv accuracy: 0.9838 | Counter-attack accuracy: 0.9797
2026-02-07 14:59:49,684 - ADV_Generation_eps_0.0_steps_0_Added_Noise_uniform_Eps_48.0_Tau_Type_normal_anchors - INFO - Batch 1235/2465: Clean accuracy 0.9838 | Adv accuracy: 0.9838 | Counter-attack accuracy: 0.9798
2026-02-07 14:59:49,993 - ADV_Generation_eps_0.0_steps_0_Added_Noise_uniform_Eps_48.0_Tau_Type_normal_anchors - INFO - Batch 1236/2465: Clean accuracy 0.9838 | Adv accuracy: 0.9838 | Counter-attack accuracy: 0.9798
2026-02-07 14:59:50,302 - ADV_Generation_eps_0.0_steps_0_Added_Noise_uniform_Eps_48.0_Tau_Type_normal_anchors - INFO - Batch 1237/2465: Clean accuracy 0.9838 | Adv accuracy: 0.9838 | Counter-attack accuracy: 0.9798
2026-02-07 14:59:50,611 - ADV_Generation_eps_0.0_steps_0_Added_Noise_uniform_Eps_48.0_Tau_Type_normal_anchors - INFO - Batch 1238/2465: Clean accuracy 0.9838 | Adv accuracy: 0.9838 | Counter-attack accuracy: 0.9798
2026-02-07 14:59:50,921 - ADV_Generation_eps_0.0_steps_0_Added_Noise_uniform_Eps_48.0_Tau_Type_normal_anchors - INFO - Batch 1239/2465: Clean accuracy 0.9839 | Adv accuracy: 0.9839 | Counter-attack accuracy: 0.9798
2026-02-07 14:59:51,241 - ADV_Generation_eps_0.0_steps_0_Added_Noise_uniform_Eps_48.0_Tau_Type_normal_anchors - INFO - Batch 1240/2465: Clean accuracy 0.9839 | Adv accuracy: 0.9839 | Counter-attack accuracy: 0.9798
2026-02-07 14:59:51,549 - ADV_Generation_eps_0.0_steps_0_Added_Noise_uniform_Eps_48.0_Tau_Type_normal_anchors - INFO - Batch 1241/2465: Clean accuracy 0.9839 | Adv accuracy: 0.9839 | Counter-attack accuracy: 0.9799
2026-02-07 14:59:51,858 - ADV_Generation_eps_0.0_steps_0_Added_Noise_uniform_Eps_48.0_Tau_Type_normal_anchors - INFO - Batch 1242/2465: Clean accuracy 0.9839 | Adv accuracy: 0.9839 | Counter-attack accuracy: 0.9799
2026-02-07 14:59:52,167 - ADV_Generation_eps_0.0_steps_0_Added_Noise_uniform_Eps_48.0_Tau_Type_normal_anchors - INFO - Batch 1243/2465: Clean accuracy 0.9839 | Adv accuracy: 0.9839 | Counter-attack accuracy: 0.9799
2026-02-07 14:59:52,476 - ADV_Generation_eps_0.0_steps_0_Added_Noise_uniform_Eps_48.0_Tau_Type_normal_anchors - INFO - Batch 1244/2465: Clean accuracy 0.9839 | Adv accuracy: 0.9839 | Counter-attack accuracy: 0.9799
2026-02-07 14:59:52,785 - ADV_Generation_eps_0.0_steps_0_Added_Noise_uniform_Eps_48.0_Tau_Type_normal_anchors - INFO - Batch 1245/2465: Clean accuracy 0.9839 | Adv accuracy: 0.9839 | Counter-attack accuracy: 0.9799
2026-02-07 14:59:53,184 - ADV_Generation_eps_0.0_steps_0_Added_Noise_uniform_Eps_48.0_Tau_Type_normal_anchors - INFO - Batch 1246/2465: Clean accuracy 0.9839 | Adv accuracy: 0.9839 | Counter-attack accuracy: 0.9799
2026-02-07 14:59:53,493 - ADV_Generation_eps_0.0_steps_0_Added_Noise_uniform_Eps_48.0_Tau_Type_normal_anchors - INFO - Batch 1247/2465: Clean accuracy 0.9840 | Adv accuracy: 0.9840 | Counter-attack accuracy: 0.9800
2026-02-07 14:59:53,802 - ADV_Generation_eps_0.0_steps_0_Added_Noise_uniform_Eps_48.0_Tau_Type_normal_anchors - INFO - Batch 1248/2465: Clean accuracy 0.9832 | Adv accuracy: 0.9832 | Counter-attack accuracy: 0.9800
2026-02-07 14:59:54,111 - ADV_Generation_eps_0.0_steps_0_Added_Noise_uniform_Eps_48.0_Tau_Type_normal_anchors - INFO - Batch 1249/2465: Clean accuracy 0.9832 | Adv accuracy: 0.9832 | Counter-attack accuracy: 0.9800
2026-02-07 14:59:54,420 - ADV_Generation_eps_0.0_steps_0_Added_Noise_uniform_Eps_48.0_Tau_Type_normal_anchors - INFO - Batch 1250/2465: Clean accuracy 0.9832 | Adv accuracy: 0.9832 | Counter-attack accuracy: 0.9800
2026-02-07 14:59:54,729 - ADV_Generation_eps_0.0_steps_0_Added_Noise_uniform_Eps_48.0_Tau_Type_normal_anchors - INFO - Batch 1251/2465: Clean accuracy 0.9832 | Adv accuracy: 0.9832 | Counter-attack accuracy: 0.9800
2026-02-07 14:59:55,037 - ADV_Generation_eps_0.0_steps_0_Added_Noise_uniform_Eps_48.0_Tau_Type_normal_anchors - INFO - Batch 1252/2465: Clean accuracy 0.9832 | Adv accuracy: 0.9832 | Counter-attack accuracy: 0.9800
2026-02-07 14:59:55,346 - ADV_Generation_eps_0.0_steps_0_Added_Noise_uniform_Eps_48.0_Tau_Type_normal_anchors - INFO - Batch 1253/2465: Clean accuracy 0.9832 | Adv accuracy: 0.9832 | Counter-attack accuracy: 0.9800
2026-02-07 14:59:55,655 - ADV_Generation_eps_0.0_steps_0_Added_Noise_uniform_Eps_48.0_Tau_Type_normal_anchors - INFO - Batch 1254/2465: Clean accuracy 0.9833 | Adv accuracy: 0.9833 | Counter-attack accuracy: 0.9801
2026-02-07 14:59:55,964 - ADV_Generation_eps_0.0_steps_0_Added_Noise_uniform_Eps_48.0_Tau_Type_normal_anchors - INFO - Batch 1255/2465: Clean accuracy 0.9833 | Adv accuracy: 0.9833 | Counter-attack accuracy: 0.9801
2026-02-07 14:59:56,273 - ADV_Generation_eps_0.0_steps_0_Added_Noise_uniform_Eps_48.0_Tau_Type_normal_anchors - INFO - Batch 1256/2465: Clean accuracy 0.9833 | Adv accuracy: 0.9833 | Counter-attack accuracy: 0.9801
2026-02-07 14:59:56,582 - ADV_Generation_eps_0.0_steps_0_Added_Noise_uniform_Eps_48.0_Tau_Type_normal_anchors - INFO - Batch 1257/2465: Clean accuracy 0.9833 | Adv accuracy: 0.9833 | Counter-attack accuracy: 0.9801
2026-02-07 14:59:56,891 - ADV_Generation_eps_0.0_steps_0_Added_Noise_uniform_Eps_48.0_Tau_Type_normal_anchors - INFO - Batch 1258/2465: Clean accuracy 0.9833 | Adv accuracy: 0.9833 | Counter-attack accuracy: 0.9801
2026-02-07 14:59:57,200 - ADV_Generation_eps_0.0_steps_0_Added_Noise_uniform_Eps_48.0_Tau_Type_normal_anchors - INFO - Batch 1259/2465: Clean accuracy 0.9833 | Adv accuracy: 0.9833 | Counter-attack accuracy: 0.9801
2026-02-07 14:59:57,509 - ADV_Generation_eps_0.0_steps_0_Added_Noise_uniform_Eps_48.0_Tau_Type_normal_anchors - INFO - Batch 1260/2465: Clean accuracy 0.9833 | Adv accuracy: 0.9833 | Counter-attack accuracy: 0.9802
2026-02-07 14:59:57,817 - ADV_Generation_eps_0.0_steps_0_Added_Noise_uniform_Eps_48.0_Tau_Type_normal_anchors - INFO - Batch 1261/2465: Clean accuracy 0.9833 | Adv accuracy: 0.9833 | Counter-attack accuracy: 0.9802
2026-02-07 14:59:58,126 - ADV_Generation_eps_0.0_steps_0_Added_Noise_uniform_Eps_48.0_Tau_Type_normal_anchors - INFO - Batch 1262/2465: Clean accuracy 0.9834 | Adv accuracy: 0.9834 | Counter-attack accuracy: 0.9802
2026-02-07 14:59:58,441 - ADV_Generation_eps_0.0_steps_0_Added_Noise_uniform_Eps_48.0_Tau_Type_normal_anchors - INFO - Batch 1263/2465: Clean accuracy 0.9834 | Adv accuracy: 0.9834 | Counter-attack accuracy: 0.9802
2026-02-07 14:59:58,750 - ADV_Generation_eps_0.0_steps_0_Added_Noise_uniform_Eps_48.0_Tau_Type_normal_anchors - INFO - Batch 1264/2465: Clean accuracy 0.9834 | Adv accuracy: 0.9834 | Counter-attack accuracy: 0.9802
2026-02-07 14:59:59,059 - ADV_Generation_eps_0.0_steps_0_Added_Noise_uniform_Eps_48.0_Tau_Type_normal_anchors - INFO - Batch 1265/2465: Clean accuracy 0.9834 | Adv accuracy: 0.9834 | Counter-attack accuracy: 0.9802
2026-02-07 14:59:59,367 - ADV_Generation_eps_0.0_steps_0_Added_Noise_uniform_Eps_48.0_Tau_Type_normal_anchors - INFO - Batch 1266/2465: Clean accuracy 0.9834 | Adv accuracy: 0.9834 | Counter-attack accuracy: 0.9803
2026-02-07 14:59:59,676 - ADV_Generation_eps_0.0_steps_0_Added_Noise_uniform_Eps_48.0_Tau_Type_normal_anchors - INFO - Batch 1267/2465: Clean accuracy 0.9834 | Adv accuracy: 0.9834 | Counter-attack accuracy: 0.9803
2026-02-07 14:59:59,985 - ADV_Generation_eps_0.0_steps_0_Added_Noise_uniform_Eps_48.0_Tau_Type_normal_anchors - INFO - Batch 1268/2465: Clean accuracy 0.9834 | Adv accuracy: 0.9834 | Counter-attack accuracy: 0.9803
2026-02-07 15:00:00,294 - ADV_Generation_eps_0.0_steps_0_Added_Noise_uniform_Eps_48.0_Tau_Type_normal_anchors - INFO - Batch 1269/2465: Clean accuracy 0.9835 | Adv accuracy: 0.9835 | Counter-attack accuracy: 0.9803
2026-02-07 15:00:00,603 - ADV_Generation_eps_0.0_steps_0_Added_Noise_uniform_Eps_48.0_Tau_Type_normal_anchors - INFO - Batch 1270/2465: Clean accuracy 0.9835 | Adv accuracy: 0.9835 | Counter-attack accuracy: 0.9803
2026-02-07 15:00:00,912 - ADV_Generation_eps_0.0_steps_0_Added_Noise_uniform_Eps_48.0_Tau_Type_normal_anchors - INFO - Batch 1271/2465: Clean accuracy 0.9835 | Adv accuracy: 0.9835 | Counter-attack accuracy: 0.9803
2026-02-07 15:00:01,221 - ADV_Generation_eps_0.0_steps_0_Added_Noise_uniform_Eps_48.0_Tau_Type_normal_anchors - INFO - Batch 1272/2465: Clean accuracy 0.9835 | Adv accuracy: 0.9835 | Counter-attack accuracy: 0.9803
2026-02-07 15:00:01,530 - ADV_Generation_eps_0.0_steps_0_Added_Noise_uniform_Eps_48.0_Tau_Type_normal_anchors - INFO - Batch 1273/2465: Clean accuracy 0.9835 | Adv accuracy: 0.9835 | Counter-attack accuracy: 0.9804
2026-02-07 15:00:01,838 - ADV_Generation_eps_0.0_steps_0_Added_Noise_uniform_Eps_48.0_Tau_Type_normal_anchors - INFO - Batch 1274/2465: Clean accuracy 0.9835 | Adv accuracy: 0.9835 | Counter-attack accuracy: 0.9804
2026-02-07 15:00:02,148 - ADV_Generation_eps_0.0_steps_0_Added_Noise_uniform_Eps_48.0_Tau_Type_normal_anchors - INFO - Batch 1275/2465: Clean accuracy 0.9835 | Adv accuracy: 0.9835 | Counter-attack accuracy: 0.9804
2026-02-07 15:00:02,464 - ADV_Generation_eps_0.0_steps_0_Added_Noise_uniform_Eps_48.0_Tau_Type_normal_anchors - INFO - Batch 1276/2465: Clean accuracy 0.9835 | Adv accuracy: 0.9835 | Counter-attack accuracy: 0.9804
2026-02-07 15:00:02,773 - ADV_Generation_eps_0.0_steps_0_Added_Noise_uniform_Eps_48.0_Tau_Type_normal_anchors - INFO - Batch 1277/2465: Clean accuracy 0.9836 | Adv accuracy: 0.9836 | Counter-attack accuracy: 0.9804
2026-02-07 15:00:03,082 - ADV_Generation_eps_0.0_steps_0_Added_Noise_uniform_Eps_48.0_Tau_Type_normal_anchors - INFO - Batch 1278/2465: Clean accuracy 0.9836 | Adv accuracy: 0.9836 | Counter-attack accuracy: 0.9804
2026-02-07 15:00:03,391 - ADV_Generation_eps_0.0_steps_0_Added_Noise_uniform_Eps_48.0_Tau_Type_normal_anchors - INFO - Batch 1279/2465: Clean accuracy 0.9836 | Adv accuracy: 0.9836 | Counter-attack accuracy: 0.9805
2026-02-07 15:00:03,700 - ADV_Generation_eps_0.0_steps_0_Added_Noise_uniform_Eps_48.0_Tau_Type_normal_anchors - INFO - Batch 1280/2465: Clean accuracy 0.9836 | Adv accuracy: 0.9836 | Counter-attack accuracy: 0.9805
2026-02-07 15:00:04,009 - ADV_Generation_eps_0.0_steps_0_Added_Noise_uniform_Eps_48.0_Tau_Type_normal_anchors - INFO - Batch 1281/2465: Clean accuracy 0.9836 | Adv accuracy: 0.9836 | Counter-attack accuracy: 0.9805
2026-02-07 15:00:04,318 - ADV_Generation_eps_0.0_steps_0_Added_Noise_uniform_Eps_48.0_Tau_Type_normal_anchors - INFO - Batch 1282/2465: Clean accuracy 0.9836 | Adv accuracy: 0.9836 | Counter-attack accuracy: 0.9805
2026-02-07 15:00:04,626 - ADV_Generation_eps_0.0_steps_0_Added_Noise_uniform_Eps_48.0_Tau_Type_normal_anchors - INFO - Batch 1283/2465: Clean accuracy 0.9836 | Adv accuracy: 0.9836 | Counter-attack accuracy: 0.9805
2026-02-07 15:00:04,935 - ADV_Generation_eps_0.0_steps_0_Added_Noise_uniform_Eps_48.0_Tau_Type_normal_anchors - INFO - Batch 1284/2465: Clean accuracy 0.9836 | Adv accuracy: 0.9836 | Counter-attack accuracy: 0.9805
2026-02-07 15:00:05,244 - ADV_Generation_eps_0.0_steps_0_Added_Noise_uniform_Eps_48.0_Tau_Type_normal_anchors - INFO - Batch 1285/2465: Clean accuracy 0.9837 | Adv accuracy: 0.9837 | Counter-attack accuracy: 0.9805
2026-02-07 15:00:05,553 - ADV_Generation_eps_0.0_steps_0_Added_Noise_uniform_Eps_48.0_Tau_Type_normal_anchors - INFO - Batch 1286/2465: Clean accuracy 0.9837 | Adv accuracy: 0.9837 | Counter-attack accuracy: 0.9806
2026-02-07 15:00:05,862 - ADV_Generation_eps_0.0_steps_0_Added_Noise_uniform_Eps_48.0_Tau_Type_normal_anchors - INFO - Batch 1287/2465: Clean accuracy 0.9837 | Adv accuracy: 0.9837 | Counter-attack accuracy: 0.9806
2026-02-07 15:00:06,171 - ADV_Generation_eps_0.0_steps_0_Added_Noise_uniform_Eps_48.0_Tau_Type_normal_anchors - INFO - Batch 1288/2465: Clean accuracy 0.9837 | Adv accuracy: 0.9837 | Counter-attack accuracy: 0.9806
2026-02-07 15:00:06,480 - ADV_Generation_eps_0.0_steps_0_Added_Noise_uniform_Eps_48.0_Tau_Type_normal_anchors - INFO - Batch 1289/2465: Clean accuracy 0.9837 | Adv accuracy: 0.9837 | Counter-attack accuracy: 0.9806
2026-02-07 15:00:06,788 - ADV_Generation_eps_0.0_steps_0_Added_Noise_uniform_Eps_48.0_Tau_Type_normal_anchors - INFO - Batch 1290/2465: Clean accuracy 0.9837 | Adv accuracy: 0.9837 | Counter-attack accuracy: 0.9806
2026-02-07 15:00:07,097 - ADV_Generation_eps_0.0_steps_0_Added_Noise_uniform_Eps_48.0_Tau_Type_normal_anchors - INFO - Batch 1291/2465: Clean accuracy 0.9837 | Adv accuracy: 0.9837 | Counter-attack accuracy: 0.9806
2026-02-07 15:00:07,406 - ADV_Generation_eps_0.0_steps_0_Added_Noise_uniform_Eps_48.0_Tau_Type_normal_anchors - INFO - Batch 1292/2465: Clean accuracy 0.9837 | Adv accuracy: 0.9837 | Counter-attack accuracy: 0.9807
2026-02-07 15:00:07,715 - ADV_Generation_eps_0.0_steps_0_Added_Noise_uniform_Eps_48.0_Tau_Type_normal_anchors - INFO - Batch 1293/2465: Clean accuracy 0.9838 | Adv accuracy: 0.9838 | Counter-attack accuracy: 0.9807
2026-02-07 15:00:08,024 - ADV_Generation_eps_0.0_steps_0_Added_Noise_uniform_Eps_48.0_Tau_Type_normal_anchors - INFO - Batch 1294/2465: Clean accuracy 0.9838 | Adv accuracy: 0.9838 | Counter-attack accuracy: 0.9807
2026-02-07 15:00:08,333 - ADV_Generation_eps_0.0_steps_0_Added_Noise_uniform_Eps_48.0_Tau_Type_normal_anchors - INFO - Batch 1295/2465: Clean accuracy 0.9838 | Adv accuracy: 0.9838 | Counter-attack accuracy: 0.9807
2026-02-07 15:00:08,642 - ADV_Generation_eps_0.0_steps_0_Added_Noise_uniform_Eps_48.0_Tau_Type_normal_anchors - INFO - Batch 1296/2465: Clean accuracy 0.9838 | Adv accuracy: 0.9838 | Counter-attack accuracy: 0.9807
2026-02-07 15:00:08,951 - ADV_Generation_eps_0.0_steps_0_Added_Noise_uniform_Eps_48.0_Tau_Type_normal_anchors - INFO - Batch 1297/2465: Clean accuracy 0.9838 | Adv accuracy: 0.9838 | Counter-attack accuracy: 0.9807
2026-02-07 15:00:09,260 - ADV_Generation_eps_0.0_steps_0_Added_Noise_uniform_Eps_48.0_Tau_Type_normal_anchors - INFO - Batch 1298/2465: Clean accuracy 0.9838 | Adv accuracy: 0.9838 | Counter-attack accuracy: 0.9807
2026-02-07 15:00:09,568 - ADV_Generation_eps_0.0_steps_0_Added_Noise_uniform_Eps_48.0_Tau_Type_normal_anchors - INFO - Batch 1299/2465: Clean accuracy 0.9838 | Adv accuracy: 0.9838 | Counter-attack accuracy: 0.9808
2026-02-07 15:00:09,883 - ADV_Generation_eps_0.0_steps_0_Added_Noise_uniform_Eps_48.0_Tau_Type_normal_anchors - INFO - Batch 1300/2465: Clean accuracy 0.9838 | Adv accuracy: 0.9838 | Counter-attack accuracy: 0.9808
2026-02-07 15:00:10,192 - ADV_Generation_eps_0.0_steps_0_Added_Noise_uniform_Eps_48.0_Tau_Type_normal_anchors - INFO - Batch 1301/2465: Clean accuracy 0.9839 | Adv accuracy: 0.9839 | Counter-attack accuracy: 0.9800
2026-02-07 15:00:10,501 - ADV_Generation_eps_0.0_steps_0_Added_Noise_uniform_Eps_48.0_Tau_Type_normal_anchors - INFO - Batch 1302/2465: Clean accuracy 0.9839 | Adv accuracy: 0.9839 | Counter-attack accuracy: 0.9800
2026-02-07 15:00:10,810 - ADV_Generation_eps_0.0_steps_0_Added_Noise_uniform_Eps_48.0_Tau_Type_normal_anchors - INFO - Batch 1303/2465: Clean accuracy 0.9839 | Adv accuracy: 0.9839 | Counter-attack accuracy: 0.9800
2026-02-07 15:00:11,119 - ADV_Generation_eps_0.0_steps_0_Added_Noise_uniform_Eps_48.0_Tau_Type_normal_anchors - INFO - Batch 1304/2465: Clean accuracy 0.9839 | Adv accuracy: 0.9839 | Counter-attack accuracy: 0.9801
2026-02-07 15:00:11,428 - ADV_Generation_eps_0.0_steps_0_Added_Noise_uniform_Eps_48.0_Tau_Type_normal_anchors - INFO - Batch 1305/2465: Clean accuracy 0.9839 | Adv accuracy: 0.9839 | Counter-attack accuracy: 0.9801
2026-02-07 15:00:11,737 - ADV_Generation_eps_0.0_steps_0_Added_Noise_uniform_Eps_48.0_Tau_Type_normal_anchors - INFO - Batch 1306/2465: Clean accuracy 0.9839 | Adv accuracy: 0.9839 | Counter-attack accuracy: 0.9801
2026-02-07 15:00:12,046 - ADV_Generation_eps_0.0_steps_0_Added_Noise_uniform_Eps_48.0_Tau_Type_normal_anchors - INFO - Batch 1307/2465: Clean accuracy 0.9839 | Adv accuracy: 0.9839 | Counter-attack accuracy: 0.9801
2026-02-07 15:00:12,355 - ADV_Generation_eps_0.0_steps_0_Added_Noise_uniform_Eps_48.0_Tau_Type_normal_anchors - INFO - Batch 1308/2465: Clean accuracy 0.9839 | Adv accuracy: 0.9839 | Counter-attack accuracy: 0.9801
2026-02-07 15:00:12,664 - ADV_Generation_eps_0.0_steps_0_Added_Noise_uniform_Eps_48.0_Tau_Type_normal_anchors - INFO - Batch 1309/2465: Clean accuracy 0.9840 | Adv accuracy: 0.9840 | Counter-attack accuracy: 0.9801
2026-02-07 15:00:12,973 - ADV_Generation_eps_0.0_steps_0_Added_Noise_uniform_Eps_48.0_Tau_Type_normal_anchors - INFO - Batch 1310/2465: Clean accuracy 0.9840 | Adv accuracy: 0.9840 | Counter-attack accuracy: 0.9802
2026-02-07 15:00:13,282 - ADV_Generation_eps_0.0_steps_0_Added_Noise_uniform_Eps_48.0_Tau_Type_normal_anchors - INFO - Batch 1311/2465: Clean accuracy 0.9840 | Adv accuracy: 0.9840 | Counter-attack accuracy: 0.9802
2026-02-07 15:00:13,591 - ADV_Generation_eps_0.0_steps_0_Added_Noise_uniform_Eps_48.0_Tau_Type_normal_anchors - INFO - Batch 1312/2465: Clean accuracy 0.9840 | Adv accuracy: 0.9840 | Counter-attack accuracy: 0.9802
2026-02-07 15:00:13,899 - ADV_Generation_eps_0.0_steps_0_Added_Noise_uniform_Eps_48.0_Tau_Type_normal_anchors - INFO - Batch 1313/2465: Clean accuracy 0.9840 | Adv accuracy: 0.9840 | Counter-attack accuracy: 0.9802
2026-02-07 15:00:14,208 - ADV_Generation_eps_0.0_steps_0_Added_Noise_uniform_Eps_48.0_Tau_Type_normal_anchors - INFO - Batch 1314/2465: Clean accuracy 0.9840 | Adv accuracy: 0.9840 | Counter-attack accuracy: 0.9802
2026-02-07 15:00:14,517 - ADV_Generation_eps_0.0_steps_0_Added_Noise_uniform_Eps_48.0_Tau_Type_normal_anchors - INFO - Batch 1315/2465: Clean accuracy 0.9840 | Adv accuracy: 0.9840 | Counter-attack accuracy: 0.9802
2026-02-07 15:00:14,826 - ADV_Generation_eps_0.0_steps_0_Added_Noise_uniform_Eps_48.0_Tau_Type_normal_anchors - INFO - Batch 1316/2465: Clean accuracy 0.9840 | Adv accuracy: 0.9840 | Counter-attack accuracy: 0.9802
2026-02-07 15:00:15,135 - ADV_Generation_eps_0.0_steps_0_Added_Noise_uniform_Eps_48.0_Tau_Type_normal_anchors - INFO - Batch 1317/2465: Clean accuracy 0.9841 | Adv accuracy: 0.9841 | Counter-attack accuracy: 0.9803
2026-02-07 15:00:15,444 - ADV_Generation_eps_0.0_steps_0_Added_Noise_uniform_Eps_48.0_Tau_Type_normal_anchors - INFO - Batch 1318/2465: Clean accuracy 0.9841 | Adv accuracy: 0.9841 | Counter-attack accuracy: 0.9803
2026-02-07 15:00:15,753 - ADV_Generation_eps_0.0_steps_0_Added_Noise_uniform_Eps_48.0_Tau_Type_normal_anchors - INFO - Batch 1319/2465: Clean accuracy 0.9841 | Adv accuracy: 0.9841 | Counter-attack accuracy: 0.9803
2026-02-07 15:00:16,062 - ADV_Generation_eps_0.0_steps_0_Added_Noise_uniform_Eps_48.0_Tau_Type_normal_anchors - INFO - Batch 1320/2465: Clean accuracy 0.9841 | Adv accuracy: 0.9841 | Counter-attack accuracy: 0.9803
2026-02-07 15:00:16,372 - ADV_Generation_eps_0.0_steps_0_Added_Noise_uniform_Eps_48.0_Tau_Type_normal_anchors - INFO - Batch 1321/2465: Clean accuracy 0.9841 | Adv accuracy: 0.9841 | Counter-attack accuracy: 0.9803
2026-02-07 15:00:16,681 - ADV_Generation_eps_0.0_steps_0_Added_Noise_uniform_Eps_48.0_Tau_Type_normal_anchors - INFO - Batch 1322/2465: Clean accuracy 0.9841 | Adv accuracy: 0.9841 | Counter-attack accuracy: 0.9803
2026-02-07 15:00:16,990 - ADV_Generation_eps_0.0_steps_0_Added_Noise_uniform_Eps_48.0_Tau_Type_normal_anchors - INFO - Batch 1323/2465: Clean accuracy 0.9841 | Adv accuracy: 0.9841 | Counter-attack accuracy: 0.9803
2026-02-07 15:00:17,299 - ADV_Generation_eps_0.0_steps_0_Added_Noise_uniform_Eps_48.0_Tau_Type_normal_anchors - INFO - Batch 1324/2465: Clean accuracy 0.9841 | Adv accuracy: 0.9841 | Counter-attack accuracy: 0.9804
2026-02-07 15:00:17,608 - ADV_Generation_eps_0.0_steps_0_Added_Noise_uniform_Eps_48.0_Tau_Type_normal_anchors - INFO - Batch 1325/2465: Clean accuracy 0.9842 | Adv accuracy: 0.9842 | Counter-attack accuracy: 0.9804
2026-02-07 15:00:17,917 - ADV_Generation_eps_0.0_steps_0_Added_Noise_uniform_Eps_48.0_Tau_Type_normal_anchors - INFO - Batch 1326/2465: Clean accuracy 0.9842 | Adv accuracy: 0.9842 | Counter-attack accuracy: 0.9804
2026-02-07 15:00:18,226 - ADV_Generation_eps_0.0_steps_0_Added_Noise_uniform_Eps_48.0_Tau_Type_normal_anchors - INFO - Batch 1327/2465: Clean accuracy 0.9842 | Adv accuracy: 0.9842 | Counter-attack accuracy: 0.9804
2026-02-07 15:00:18,535 - ADV_Generation_eps_0.0_steps_0_Added_Noise_uniform_Eps_48.0_Tau_Type_normal_anchors - INFO - Batch 1328/2465: Clean accuracy 0.9842 | Adv accuracy: 0.9842 | Counter-attack accuracy: 0.9804
2026-02-07 15:00:18,844 - ADV_Generation_eps_0.0_steps_0_Added_Noise_uniform_Eps_48.0_Tau_Type_normal_anchors - INFO - Batch 1329/2465: Clean accuracy 0.9842 | Adv accuracy: 0.9842 | Counter-attack accuracy: 0.9804
2026-02-07 15:00:19,153 - ADV_Generation_eps_0.0_steps_0_Added_Noise_uniform_Eps_48.0_Tau_Type_normal_anchors - INFO - Batch 1330/2465: Clean accuracy 0.9842 | Adv accuracy: 0.9842 | Counter-attack accuracy: 0.9805
2026-02-07 15:00:19,462 - ADV_Generation_eps_0.0_steps_0_Added_Noise_uniform_Eps_48.0_Tau_Type_normal_anchors - INFO - Batch 1331/2465: Clean accuracy 0.9842 | Adv accuracy: 0.9842 | Counter-attack accuracy: 0.9805
2026-02-07 15:00:19,771 - ADV_Generation_eps_0.0_steps_0_Added_Noise_uniform_Eps_48.0_Tau_Type_normal_anchors - INFO - Batch 1332/2465: Clean accuracy 0.9842 | Adv accuracy: 0.9842 | Counter-attack accuracy: 0.9805
2026-02-07 15:00:20,079 - ADV_Generation_eps_0.0_steps_0_Added_Noise_uniform_Eps_48.0_Tau_Type_normal_anchors - INFO - Batch 1333/2465: Clean accuracy 0.9842 | Adv accuracy: 0.9842 | Counter-attack accuracy: 0.9805
2026-02-07 15:00:20,388 - ADV_Generation_eps_0.0_steps_0_Added_Noise_uniform_Eps_48.0_Tau_Type_normal_anchors - INFO - Batch 1334/2465: Clean accuracy 0.9843 | Adv accuracy: 0.9843 | Counter-attack accuracy: 0.9805
2026-02-07 15:00:20,697 - ADV_Generation_eps_0.0_steps_0_Added_Noise_uniform_Eps_48.0_Tau_Type_normal_anchors - INFO - Batch 1335/2465: Clean accuracy 0.9843 | Adv accuracy: 0.9843 | Counter-attack accuracy: 0.9805
2026-02-07 15:00:21,006 - ADV_Generation_eps_0.0_steps_0_Added_Noise_uniform_Eps_48.0_Tau_Type_normal_anchors - INFO - Batch 1336/2465: Clean accuracy 0.9843 | Adv accuracy: 0.9843 | Counter-attack accuracy: 0.9805
2026-02-07 15:00:21,315 - ADV_Generation_eps_0.0_steps_0_Added_Noise_uniform_Eps_48.0_Tau_Type_normal_anchors - INFO - Batch 1337/2465: Clean accuracy 0.9843 | Adv accuracy: 0.9843 | Counter-attack accuracy: 0.9806
2026-02-07 15:00:21,624 - ADV_Generation_eps_0.0_steps_0_Added_Noise_uniform_Eps_48.0_Tau_Type_normal_anchors - INFO - Batch 1338/2465: Clean accuracy 0.9843 | Adv accuracy: 0.9843 | Counter-attack accuracy: 0.9806
2026-02-07 15:00:21,932 - ADV_Generation_eps_0.0_steps_0_Added_Noise_uniform_Eps_48.0_Tau_Type_normal_anchors - INFO - Batch 1339/2465: Clean accuracy 0.9843 | Adv accuracy: 0.9843 | Counter-attack accuracy: 0.9806
2026-02-07 15:00:22,241 - ADV_Generation_eps_0.0_steps_0_Added_Noise_uniform_Eps_48.0_Tau_Type_normal_anchors - INFO - Batch 1340/2465: Clean accuracy 0.9843 | Adv accuracy: 0.9843 | Counter-attack accuracy: 0.9806
2026-02-07 15:00:22,550 - ADV_Generation_eps_0.0_steps_0_Added_Noise_uniform_Eps_48.0_Tau_Type_normal_anchors - INFO - Batch 1341/2465: Clean accuracy 0.9843 | Adv accuracy: 0.9843 | Counter-attack accuracy: 0.9806
2026-02-07 15:00:22,859 - ADV_Generation_eps_0.0_steps_0_Added_Noise_uniform_Eps_48.0_Tau_Type_normal_anchors - INFO - Batch 1342/2465: Clean accuracy 0.9844 | Adv accuracy: 0.9844 | Counter-attack accuracy: 0.9806
2026-02-07 15:00:23,168 - ADV_Generation_eps_0.0_steps_0_Added_Noise_uniform_Eps_48.0_Tau_Type_normal_anchors - INFO - Batch 1343/2465: Clean accuracy 0.9844 | Adv accuracy: 0.9844 | Counter-attack accuracy: 0.9806
2026-02-07 15:00:23,477 - ADV_Generation_eps_0.0_steps_0_Added_Noise_uniform_Eps_48.0_Tau_Type_normal_anchors - INFO - Batch 1344/2465: Clean accuracy 0.9844 | Adv accuracy: 0.9844 | Counter-attack accuracy: 0.9807
2026-02-07 15:00:23,786 - ADV_Generation_eps_0.0_steps_0_Added_Noise_uniform_Eps_48.0_Tau_Type_normal_anchors - INFO - Batch 1345/2465: Clean accuracy 0.9844 | Adv accuracy: 0.9844 | Counter-attack accuracy: 0.9807
2026-02-07 15:00:24,095 - ADV_Generation_eps_0.0_steps_0_Added_Noise_uniform_Eps_48.0_Tau_Type_normal_anchors - INFO - Batch 1346/2465: Clean accuracy 0.9844 | Adv accuracy: 0.9844 | Counter-attack accuracy: 0.9807
2026-02-07 15:00:24,404 - ADV_Generation_eps_0.0_steps_0_Added_Noise_uniform_Eps_48.0_Tau_Type_normal_anchors - INFO - Batch 1347/2465: Clean accuracy 0.9844 | Adv accuracy: 0.9844 | Counter-attack accuracy: 0.9807
2026-02-07 15:00:24,712 - ADV_Generation_eps_0.0_steps_0_Added_Noise_uniform_Eps_48.0_Tau_Type_normal_anchors - INFO - Batch 1348/2465: Clean accuracy 0.9844 | Adv accuracy: 0.9844 | Counter-attack accuracy: 0.9807
2026-02-07 15:00:25,021 - ADV_Generation_eps_0.0_steps_0_Added_Noise_uniform_Eps_48.0_Tau_Type_normal_anchors - INFO - Batch 1349/2465: Clean accuracy 0.9844 | Adv accuracy: 0.9844 | Counter-attack accuracy: 0.9807
2026-02-07 15:00:25,330 - ADV_Generation_eps_0.0_steps_0_Added_Noise_uniform_Eps_48.0_Tau_Type_normal_anchors - INFO - Batch 1350/2465: Clean accuracy 0.9844 | Adv accuracy: 0.9844 | Counter-attack accuracy: 0.9807
2026-02-07 15:00:25,639 - ADV_Generation_eps_0.0_steps_0_Added_Noise_uniform_Eps_48.0_Tau_Type_normal_anchors - INFO - Batch 1351/2465: Clean accuracy 0.9845 | Adv accuracy: 0.9845 | Counter-attack accuracy: 0.9808
2026-02-07 15:00:25,948 - ADV_Generation_eps_0.0_steps_0_Added_Noise_uniform_Eps_48.0_Tau_Type_normal_anchors - INFO - Batch 1352/2465: Clean accuracy 0.9845 | Adv accuracy: 0.9845 | Counter-attack accuracy: 0.9800
2026-02-07 15:00:26,257 - ADV_Generation_eps_0.0_steps_0_Added_Noise_uniform_Eps_48.0_Tau_Type_normal_anchors - INFO - Batch 1353/2465: Clean accuracy 0.9845 | Adv accuracy: 0.9845 | Counter-attack accuracy: 0.9800
2026-02-07 15:00:26,566 - ADV_Generation_eps_0.0_steps_0_Added_Noise_uniform_Eps_48.0_Tau_Type_normal_anchors - INFO - Batch 1354/2465: Clean accuracy 0.9845 | Adv accuracy: 0.9845 | Counter-attack accuracy: 0.9801
2026-02-07 15:00:26,875 - ADV_Generation_eps_0.0_steps_0_Added_Noise_uniform_Eps_48.0_Tau_Type_normal_anchors - INFO - Batch 1355/2465: Clean accuracy 0.9845 | Adv accuracy: 0.9845 | Counter-attack accuracy: 0.9801
2026-02-07 15:00:27,183 - ADV_Generation_eps_0.0_steps_0_Added_Noise_uniform_Eps_48.0_Tau_Type_normal_anchors - INFO - Batch 1356/2465: Clean accuracy 0.9845 | Adv accuracy: 0.9845 | Counter-attack accuracy: 0.9801
2026-02-07 15:00:27,492 - ADV_Generation_eps_0.0_steps_0_Added_Noise_uniform_Eps_48.0_Tau_Type_normal_anchors - INFO - Batch 1357/2465: Clean accuracy 0.9845 | Adv accuracy: 0.9845 | Counter-attack accuracy: 0.9801
2026-02-07 15:00:27,801 - ADV_Generation_eps_0.0_steps_0_Added_Noise_uniform_Eps_48.0_Tau_Type_normal_anchors - INFO - Batch 1358/2465: Clean accuracy 0.9845 | Adv accuracy: 0.9845 | Counter-attack accuracy: 0.9801
2026-02-07 15:00:28,153 - ADV_Generation_eps_0.0_steps_0_Added_Noise_uniform_Eps_48.0_Tau_Type_normal_anchors - INFO - Batch 1359/2465: Clean accuracy 0.9845 | Adv accuracy: 0.9845 | Counter-attack accuracy: 0.9801
2026-02-07 15:00:28,463 - ADV_Generation_eps_0.0_steps_0_Added_Noise_uniform_Eps_48.0_Tau_Type_normal_anchors - INFO - Batch 1360/2465: Clean accuracy 0.9846 | Adv accuracy: 0.9846 | Counter-attack accuracy: 0.9801
2026-02-07 15:00:28,772 - ADV_Generation_eps_0.0_steps_0_Added_Noise_uniform_Eps_48.0_Tau_Type_normal_anchors - INFO - Batch 1361/2465: Clean accuracy 0.9846 | Adv accuracy: 0.9846 | Counter-attack accuracy: 0.9802
2026-02-07 15:00:29,080 - ADV_Generation_eps_0.0_steps_0_Added_Noise_uniform_Eps_48.0_Tau_Type_normal_anchors - INFO - Batch 1362/2465: Clean accuracy 0.9846 | Adv accuracy: 0.9846 | Counter-attack accuracy: 0.9802
2026-02-07 15:00:29,389 - ADV_Generation_eps_0.0_steps_0_Added_Noise_uniform_Eps_48.0_Tau_Type_normal_anchors - INFO - Batch 1363/2465: Clean accuracy 0.9846 | Adv accuracy: 0.9846 | Counter-attack accuracy: 0.9802
2026-02-07 15:00:29,698 - ADV_Generation_eps_0.0_steps_0_Added_Noise_uniform_Eps_48.0_Tau_Type_normal_anchors - INFO - Batch 1364/2465: Clean accuracy 0.9846 | Adv accuracy: 0.9846 | Counter-attack accuracy: 0.9802
2026-02-07 15:00:30,009 - ADV_Generation_eps_0.0_steps_0_Added_Noise_uniform_Eps_48.0_Tau_Type_normal_anchors - INFO - Batch 1365/2465: Clean accuracy 0.9846 | Adv accuracy: 0.9846 | Counter-attack accuracy: 0.9802
2026-02-07 15:00:30,318 - ADV_Generation_eps_0.0_steps_0_Added_Noise_uniform_Eps_48.0_Tau_Type_normal_anchors - INFO - Batch 1366/2465: Clean accuracy 0.9846 | Adv accuracy: 0.9846 | Counter-attack accuracy: 0.9802
2026-02-07 15:00:30,627 - ADV_Generation_eps_0.0_steps_0_Added_Noise_uniform_Eps_48.0_Tau_Type_normal_anchors - INFO - Batch 1367/2465: Clean accuracy 0.9846 | Adv accuracy: 0.9846 | Counter-attack accuracy: 0.9802
2026-02-07 15:00:30,936 - ADV_Generation_eps_0.0_steps_0_Added_Noise_uniform_Eps_48.0_Tau_Type_normal_anchors - INFO - Batch 1368/2465: Clean accuracy 0.9846 | Adv accuracy: 0.9846 | Counter-attack accuracy: 0.9803
2026-02-07 15:00:31,245 - ADV_Generation_eps_0.0_steps_0_Added_Noise_uniform_Eps_48.0_Tau_Type_normal_anchors - INFO - Batch 1369/2465: Clean accuracy 0.9847 | Adv accuracy: 0.9847 | Counter-attack accuracy: 0.9803
2026-02-07 15:00:31,554 - ADV_Generation_eps_0.0_steps_0_Added_Noise_uniform_Eps_48.0_Tau_Type_normal_anchors - INFO - Batch 1370/2465: Clean accuracy 0.9847 | Adv accuracy: 0.9847 | Counter-attack accuracy: 0.9803
2026-02-07 15:00:31,863 - ADV_Generation_eps_0.0_steps_0_Added_Noise_uniform_Eps_48.0_Tau_Type_normal_anchors - INFO - Batch 1371/2465: Clean accuracy 0.9847 | Adv accuracy: 0.9847 | Counter-attack accuracy: 0.9803
2026-02-07 15:00:32,171 - ADV_Generation_eps_0.0_steps_0_Added_Noise_uniform_Eps_48.0_Tau_Type_normal_anchors - INFO - Batch 1372/2465: Clean accuracy 0.9847 | Adv accuracy: 0.9847 | Counter-attack accuracy: 0.9803
2026-02-07 15:00:32,480 - ADV_Generation_eps_0.0_steps_0_Added_Noise_uniform_Eps_48.0_Tau_Type_normal_anchors - INFO - Batch 1373/2465: Clean accuracy 0.9847 | Adv accuracy: 0.9847 | Counter-attack accuracy: 0.9803
2026-02-07 15:00:32,789 - ADV_Generation_eps_0.0_steps_0_Added_Noise_uniform_Eps_48.0_Tau_Type_normal_anchors - INFO - Batch 1374/2465: Clean accuracy 0.9847 | Adv accuracy: 0.9847 | Counter-attack accuracy: 0.9803
2026-02-07 15:00:33,098 - ADV_Generation_eps_0.0_steps_0_Added_Noise_uniform_Eps_48.0_Tau_Type_normal_anchors - INFO - Batch 1375/2465: Clean accuracy 0.9847 | Adv accuracy: 0.9847 | Counter-attack accuracy: 0.9804
2026-02-07 15:00:33,416 - ADV_Generation_eps_0.0_steps_0_Added_Noise_uniform_Eps_48.0_Tau_Type_normal_anchors - INFO - Batch 1376/2465: Clean accuracy 0.9847 | Adv accuracy: 0.9847 | Counter-attack accuracy: 0.9804
2026-02-07 15:00:33,725 - ADV_Generation_eps_0.0_steps_0_Added_Noise_uniform_Eps_48.0_Tau_Type_normal_anchors - INFO - Batch 1377/2465: Clean accuracy 0.9847 | Adv accuracy: 0.9847 | Counter-attack accuracy: 0.9804
2026-02-07 15:00:34,034 - ADV_Generation_eps_0.0_steps_0_Added_Noise_uniform_Eps_48.0_Tau_Type_normal_anchors - INFO - Batch 1378/2465: Clean accuracy 0.9848 | Adv accuracy: 0.9848 | Counter-attack accuracy: 0.9804
2026-02-07 15:00:34,343 - ADV_Generation_eps_0.0_steps_0_Added_Noise_uniform_Eps_48.0_Tau_Type_normal_anchors - INFO - Batch 1379/2465: Clean accuracy 0.9848 | Adv accuracy: 0.9848 | Counter-attack accuracy: 0.9804
2026-02-07 15:00:34,652 - ADV_Generation_eps_0.0_steps_0_Added_Noise_uniform_Eps_48.0_Tau_Type_normal_anchors - INFO - Batch 1380/2465: Clean accuracy 0.9848 | Adv accuracy: 0.9848 | Counter-attack accuracy: 0.9804
2026-02-07 15:00:34,961 - ADV_Generation_eps_0.0_steps_0_Added_Noise_uniform_Eps_48.0_Tau_Type_normal_anchors - INFO - Batch 1381/2465: Clean accuracy 0.9848 | Adv accuracy: 0.9848 | Counter-attack accuracy: 0.9804
2026-02-07 15:00:35,270 - ADV_Generation_eps_0.0_steps_0_Added_Noise_uniform_Eps_48.0_Tau_Type_normal_anchors - INFO - Batch 1382/2465: Clean accuracy 0.9848 | Adv accuracy: 0.9848 | Counter-attack accuracy: 0.9805
2026-02-07 15:00:35,579 - ADV_Generation_eps_0.0_steps_0_Added_Noise_uniform_Eps_48.0_Tau_Type_normal_anchors - INFO - Batch 1383/2465: Clean accuracy 0.9848 | Adv accuracy: 0.9848 | Counter-attack accuracy: 0.9805
2026-02-07 15:00:35,888 - ADV_Generation_eps_0.0_steps_0_Added_Noise_uniform_Eps_48.0_Tau_Type_normal_anchors - INFO - Batch 1384/2465: Clean accuracy 0.9848 | Adv accuracy: 0.9848 | Counter-attack accuracy: 0.9805
2026-02-07 15:00:36,196 - ADV_Generation_eps_0.0_steps_0_Added_Noise_uniform_Eps_48.0_Tau_Type_normal_anchors - INFO - Batch 1385/2465: Clean accuracy 0.9848 | Adv accuracy: 0.9848 | Counter-attack accuracy: 0.9805
2026-02-07 15:00:36,505 - ADV_Generation_eps_0.0_steps_0_Added_Noise_uniform_Eps_48.0_Tau_Type_normal_anchors - INFO - Batch 1386/2465: Clean accuracy 0.9848 | Adv accuracy: 0.9848 | Counter-attack accuracy: 0.9805
2026-02-07 15:00:36,814 - ADV_Generation_eps_0.0_steps_0_Added_Noise_uniform_Eps_48.0_Tau_Type_normal_anchors - INFO - Batch 1387/2465: Clean accuracy 0.9841 | Adv accuracy: 0.9841 | Counter-attack accuracy: 0.9805
2026-02-07 15:00:37,123 - ADV_Generation_eps_0.0_steps_0_Added_Noise_uniform_Eps_48.0_Tau_Type_normal_anchors - INFO - Batch 1388/2465: Clean accuracy 0.9834 | Adv accuracy: 0.9834 | Counter-attack accuracy: 0.9798
2026-02-07 15:00:37,432 - ADV_Generation_eps_0.0_steps_0_Added_Noise_uniform_Eps_48.0_Tau_Type_normal_anchors - INFO - Batch 1389/2465: Clean accuracy 0.9827 | Adv accuracy: 0.9827 | Counter-attack accuracy: 0.9798
2026-02-07 15:00:37,741 - ADV_Generation_eps_0.0_steps_0_Added_Noise_uniform_Eps_48.0_Tau_Type_normal_anchors - INFO - Batch 1390/2465: Clean accuracy 0.9820 | Adv accuracy: 0.9820 | Counter-attack accuracy: 0.9799
2026-02-07 15:00:38,050 - ADV_Generation_eps_0.0_steps_0_Added_Noise_uniform_Eps_48.0_Tau_Type_normal_anchors - INFO - Batch 1391/2465: Clean accuracy 0.9820 | Adv accuracy: 0.9820 | Counter-attack accuracy: 0.9799
2026-02-07 15:00:38,359 - ADV_Generation_eps_0.0_steps_0_Added_Noise_uniform_Eps_48.0_Tau_Type_normal_anchors - INFO - Batch 1392/2465: Clean accuracy 0.9820 | Adv accuracy: 0.9820 | Counter-attack accuracy: 0.9799
2026-02-07 15:00:38,667 - ADV_Generation_eps_0.0_steps_0_Added_Noise_uniform_Eps_48.0_Tau_Type_normal_anchors - INFO - Batch 1393/2465: Clean accuracy 0.9821 | Adv accuracy: 0.9821 | Counter-attack accuracy: 0.9799
2026-02-07 15:00:38,976 - ADV_Generation_eps_0.0_steps_0_Added_Noise_uniform_Eps_48.0_Tau_Type_normal_anchors - INFO - Batch 1394/2465: Clean accuracy 0.9813 | Adv accuracy: 0.9813 | Counter-attack accuracy: 0.9799
2026-02-07 15:00:39,285 - ADV_Generation_eps_0.0_steps_0_Added_Noise_uniform_Eps_48.0_Tau_Type_normal_anchors - INFO - Batch 1395/2465: Clean accuracy 0.9814 | Adv accuracy: 0.9814 | Counter-attack accuracy: 0.9799
2026-02-07 15:00:39,594 - ADV_Generation_eps_0.0_steps_0_Added_Noise_uniform_Eps_48.0_Tau_Type_normal_anchors - INFO - Batch 1396/2465: Clean accuracy 0.9807 | Adv accuracy: 0.9807 | Counter-attack accuracy: 0.9792
2026-02-07 15:00:39,903 - ADV_Generation_eps_0.0_steps_0_Added_Noise_uniform_Eps_48.0_Tau_Type_normal_anchors - INFO - Batch 1397/2465: Clean accuracy 0.9800 | Adv accuracy: 0.9800 | Counter-attack accuracy: 0.9792
2026-02-07 15:00:40,212 - ADV_Generation_eps_0.0_steps_0_Added_Noise_uniform_Eps_48.0_Tau_Type_normal_anchors - INFO - Batch 1398/2465: Clean accuracy 0.9793 | Adv accuracy: 0.9793 | Counter-attack accuracy: 0.9793
2026-02-07 15:00:40,521 - ADV_Generation_eps_0.0_steps_0_Added_Noise_uniform_Eps_48.0_Tau_Type_normal_anchors - INFO - Batch 1399/2465: Clean accuracy 0.9786 | Adv accuracy: 0.9786 | Counter-attack accuracy: 0.9786
2026-02-07 15:00:40,830 - ADV_Generation_eps_0.0_steps_0_Added_Noise_uniform_Eps_48.0_Tau_Type_normal_anchors - INFO - Batch 1400/2465: Clean accuracy 0.9786 | Adv accuracy: 0.9786 | Counter-attack accuracy: 0.9786
2026-02-07 15:00:41,139 - ADV_Generation_eps_0.0_steps_0_Added_Noise_uniform_Eps_48.0_Tau_Type_normal_anchors - INFO - Batch 1401/2465: Clean accuracy 0.9786 | Adv accuracy: 0.9786 | Counter-attack accuracy: 0.9786
2026-02-07 15:00:41,448 - ADV_Generation_eps_0.0_steps_0_Added_Noise_uniform_Eps_48.0_Tau_Type_normal_anchors - INFO - Batch 1402/2465: Clean accuracy 0.9786 | Adv accuracy: 0.9786 | Counter-attack accuracy: 0.9786
2026-02-07 15:00:41,757 - ADV_Generation_eps_0.0_steps_0_Added_Noise_uniform_Eps_48.0_Tau_Type_normal_anchors - INFO - Batch 1403/2465: Clean accuracy 0.9786 | Adv accuracy: 0.9786 | Counter-attack accuracy: 0.9786
2026-02-07 15:00:42,066 - ADV_Generation_eps_0.0_steps_0_Added_Noise_uniform_Eps_48.0_Tau_Type_normal_anchors - INFO - Batch 1404/2465: Clean accuracy 0.9786 | Adv accuracy: 0.9786 | Counter-attack accuracy: 0.9786
2026-02-07 15:00:42,375 - ADV_Generation_eps_0.0_steps_0_Added_Noise_uniform_Eps_48.0_Tau_Type_normal_anchors - INFO - Batch 1405/2465: Clean accuracy 0.9786 | Adv accuracy: 0.9786 | Counter-attack accuracy: 0.9786
2026-02-07 15:00:42,683 - ADV_Generation_eps_0.0_steps_0_Added_Noise_uniform_Eps_48.0_Tau_Type_normal_anchors - INFO - Batch 1406/2465: Clean accuracy 0.9787 | Adv accuracy: 0.9787 | Counter-attack accuracy: 0.9787
2026-02-07 15:00:42,992 - ADV_Generation_eps_0.0_steps_0_Added_Noise_uniform_Eps_48.0_Tau_Type_normal_anchors - INFO - Batch 1407/2465: Clean accuracy 0.9787 | Adv accuracy: 0.9787 | Counter-attack accuracy: 0.9787
2026-02-07 15:00:43,301 - ADV_Generation_eps_0.0_steps_0_Added_Noise_uniform_Eps_48.0_Tau_Type_normal_anchors - INFO - Batch 1408/2465: Clean accuracy 0.9787 | Adv accuracy: 0.9787 | Counter-attack accuracy: 0.9787
2026-02-07 15:00:43,610 - ADV_Generation_eps_0.0_steps_0_Added_Noise_uniform_Eps_48.0_Tau_Type_normal_anchors - INFO - Batch 1409/2465: Clean accuracy 0.9787 | Adv accuracy: 0.9787 | Counter-attack accuracy: 0.9787
2026-02-07 15:00:43,919 - ADV_Generation_eps_0.0_steps_0_Added_Noise_uniform_Eps_48.0_Tau_Type_normal_anchors - INFO - Batch 1410/2465: Clean accuracy 0.9787 | Adv accuracy: 0.9787 | Counter-attack accuracy: 0.9787
2026-02-07 15:00:44,228 - ADV_Generation_eps_0.0_steps_0_Added_Noise_uniform_Eps_48.0_Tau_Type_normal_anchors - INFO - Batch 1411/2465: Clean accuracy 0.9787 | Adv accuracy: 0.9787 | Counter-attack accuracy: 0.9787
2026-02-07 15:00:44,537 - ADV_Generation_eps_0.0_steps_0_Added_Noise_uniform_Eps_48.0_Tau_Type_normal_anchors - INFO - Batch 1412/2465: Clean accuracy 0.9788 | Adv accuracy: 0.9788 | Counter-attack accuracy: 0.9788
2026-02-07 15:00:44,845 - ADV_Generation_eps_0.0_steps_0_Added_Noise_uniform_Eps_48.0_Tau_Type_normal_anchors - INFO - Batch 1413/2465: Clean accuracy 0.9788 | Adv accuracy: 0.9788 | Counter-attack accuracy: 0.9788
2026-02-07 15:00:45,154 - ADV_Generation_eps_0.0_steps_0_Added_Noise_uniform_Eps_48.0_Tau_Type_normal_anchors - INFO - Batch 1414/2465: Clean accuracy 0.9788 | Adv accuracy: 0.9788 | Counter-attack accuracy: 0.9788
2026-02-07 15:00:45,463 - ADV_Generation_eps_0.0_steps_0_Added_Noise_uniform_Eps_48.0_Tau_Type_normal_anchors - INFO - Batch 1415/2465: Clean accuracy 0.9781 | Adv accuracy: 0.9781 | Counter-attack accuracy: 0.9781
2026-02-07 15:00:45,772 - ADV_Generation_eps_0.0_steps_0_Added_Noise_uniform_Eps_48.0_Tau_Type_normal_anchors - INFO - Batch 1416/2465: Clean accuracy 0.9781 | Adv accuracy: 0.9781 | Counter-attack accuracy: 0.9781
2026-02-07 15:00:46,081 - ADV_Generation_eps_0.0_steps_0_Added_Noise_uniform_Eps_48.0_Tau_Type_normal_anchors - INFO - Batch 1417/2465: Clean accuracy 0.9781 | Adv accuracy: 0.9781 | Counter-attack accuracy: 0.9781
2026-02-07 15:00:46,390 - ADV_Generation_eps_0.0_steps_0_Added_Noise_uniform_Eps_48.0_Tau_Type_normal_anchors - INFO - Batch 1418/2465: Clean accuracy 0.9781 | Adv accuracy: 0.9781 | Counter-attack accuracy: 0.9781
2026-02-07 15:00:46,699 - ADV_Generation_eps_0.0_steps_0_Added_Noise_uniform_Eps_48.0_Tau_Type_normal_anchors - INFO - Batch 1419/2465: Clean accuracy 0.9782 | Adv accuracy: 0.9782 | Counter-attack accuracy: 0.9782
2026-02-07 15:00:47,008 - ADV_Generation_eps_0.0_steps_0_Added_Noise_uniform_Eps_48.0_Tau_Type_normal_anchors - INFO - Batch 1420/2465: Clean accuracy 0.9775 | Adv accuracy: 0.9775 | Counter-attack accuracy: 0.9775
2026-02-07 15:00:47,317 - ADV_Generation_eps_0.0_steps_0_Added_Noise_uniform_Eps_48.0_Tau_Type_normal_anchors - INFO - Batch 1421/2465: Clean accuracy 0.9775 | Adv accuracy: 0.9775 | Counter-attack accuracy: 0.9775
2026-02-07 15:00:47,626 - ADV_Generation_eps_0.0_steps_0_Added_Noise_uniform_Eps_48.0_Tau_Type_normal_anchors - INFO - Batch 1422/2465: Clean accuracy 0.9775 | Adv accuracy: 0.9775 | Counter-attack accuracy: 0.9775
2026-02-07 15:00:47,934 - ADV_Generation_eps_0.0_steps_0_Added_Noise_uniform_Eps_48.0_Tau_Type_normal_anchors - INFO - Batch 1423/2465: Clean accuracy 0.9775 | Adv accuracy: 0.9775 | Counter-attack accuracy: 0.9775
2026-02-07 15:00:48,243 - ADV_Generation_eps_0.0_steps_0_Added_Noise_uniform_Eps_48.0_Tau_Type_normal_anchors - INFO - Batch 1424/2465: Clean accuracy 0.9775 | Adv accuracy: 0.9775 | Counter-attack accuracy: 0.9775
2026-02-07 15:00:48,552 - ADV_Generation_eps_0.0_steps_0_Added_Noise_uniform_Eps_48.0_Tau_Type_normal_anchors - INFO - Batch 1425/2465: Clean accuracy 0.9775 | Adv accuracy: 0.9775 | Counter-attack accuracy: 0.9775
2026-02-07 15:00:48,861 - ADV_Generation_eps_0.0_steps_0_Added_Noise_uniform_Eps_48.0_Tau_Type_normal_anchors - INFO - Batch 1426/2465: Clean accuracy 0.9776 | Adv accuracy: 0.9776 | Counter-attack accuracy: 0.9776
2026-02-07 15:00:49,170 - ADV_Generation_eps_0.0_steps_0_Added_Noise_uniform_Eps_48.0_Tau_Type_normal_anchors - INFO - Batch 1427/2465: Clean accuracy 0.9776 | Adv accuracy: 0.9776 | Counter-attack accuracy: 0.9776
2026-02-07 15:00:49,479 - ADV_Generation_eps_0.0_steps_0_Added_Noise_uniform_Eps_48.0_Tau_Type_normal_anchors - INFO - Batch 1428/2465: Clean accuracy 0.9776 | Adv accuracy: 0.9776 | Counter-attack accuracy: 0.9776
2026-02-07 15:00:49,788 - ADV_Generation_eps_0.0_steps_0_Added_Noise_uniform_Eps_48.0_Tau_Type_normal_anchors - INFO - Batch 1429/2465: Clean accuracy 0.9776 | Adv accuracy: 0.9776 | Counter-attack accuracy: 0.9776
2026-02-07 15:00:50,097 - ADV_Generation_eps_0.0_steps_0_Added_Noise_uniform_Eps_48.0_Tau_Type_normal_anchors - INFO - Batch 1430/2465: Clean accuracy 0.9776 | Adv accuracy: 0.9776 | Counter-attack accuracy: 0.9776
2026-02-07 15:00:50,406 - ADV_Generation_eps_0.0_steps_0_Added_Noise_uniform_Eps_48.0_Tau_Type_normal_anchors - INFO - Batch 1431/2465: Clean accuracy 0.9776 | Adv accuracy: 0.9776 | Counter-attack accuracy: 0.9776
2026-02-07 15:00:50,714 - ADV_Generation_eps_0.0_steps_0_Added_Noise_uniform_Eps_48.0_Tau_Type_normal_anchors - INFO - Batch 1432/2465: Clean accuracy 0.9777 | Adv accuracy: 0.9777 | Counter-attack accuracy: 0.9777
2026-02-07 15:00:51,023 - ADV_Generation_eps_0.0_steps_0_Added_Noise_uniform_Eps_48.0_Tau_Type_normal_anchors - INFO - Batch 1433/2465: Clean accuracy 0.9777 | Adv accuracy: 0.9777 | Counter-attack accuracy: 0.9777
2026-02-07 15:00:51,332 - ADV_Generation_eps_0.0_steps_0_Added_Noise_uniform_Eps_48.0_Tau_Type_normal_anchors - INFO - Batch 1434/2465: Clean accuracy 0.9777 | Adv accuracy: 0.9777 | Counter-attack accuracy: 0.9777
2026-02-07 15:00:51,641 - ADV_Generation_eps_0.0_steps_0_Added_Noise_uniform_Eps_48.0_Tau_Type_normal_anchors - INFO - Batch 1435/2465: Clean accuracy 0.9777 | Adv accuracy: 0.9777 | Counter-attack accuracy: 0.9777
2026-02-07 15:00:51,950 - ADV_Generation_eps_0.0_steps_0_Added_Noise_uniform_Eps_48.0_Tau_Type_normal_anchors - INFO - Batch 1436/2465: Clean accuracy 0.9777 | Adv accuracy: 0.9777 | Counter-attack accuracy: 0.9777
2026-02-07 15:00:52,259 - ADV_Generation_eps_0.0_steps_0_Added_Noise_uniform_Eps_48.0_Tau_Type_normal_anchors - INFO - Batch 1437/2465: Clean accuracy 0.9777 | Adv accuracy: 0.9777 | Counter-attack accuracy: 0.9777
2026-02-07 15:00:52,568 - ADV_Generation_eps_0.0_steps_0_Added_Noise_uniform_Eps_48.0_Tau_Type_normal_anchors - INFO - Batch 1438/2465: Clean accuracy 0.9777 | Adv accuracy: 0.9777 | Counter-attack accuracy: 0.9777
2026-02-07 15:00:52,876 - ADV_Generation_eps_0.0_steps_0_Added_Noise_uniform_Eps_48.0_Tau_Type_normal_anchors - INFO - Batch 1439/2465: Clean accuracy 0.9778 | Adv accuracy: 0.9778 | Counter-attack accuracy: 0.9778
2026-02-07 15:00:53,185 - ADV_Generation_eps_0.0_steps_0_Added_Noise_uniform_Eps_48.0_Tau_Type_normal_anchors - INFO - Batch 1440/2465: Clean accuracy 0.9778 | Adv accuracy: 0.9778 | Counter-attack accuracy: 0.9778
2026-02-07 15:00:53,494 - ADV_Generation_eps_0.0_steps_0_Added_Noise_uniform_Eps_48.0_Tau_Type_normal_anchors - INFO - Batch 1441/2465: Clean accuracy 0.9778 | Adv accuracy: 0.9778 | Counter-attack accuracy: 0.9778
2026-02-07 15:00:53,803 - ADV_Generation_eps_0.0_steps_0_Added_Noise_uniform_Eps_48.0_Tau_Type_normal_anchors - INFO - Batch 1442/2465: Clean accuracy 0.9778 | Adv accuracy: 0.9778 | Counter-attack accuracy: 0.9778
2026-02-07 15:00:54,112 - ADV_Generation_eps_0.0_steps_0_Added_Noise_uniform_Eps_48.0_Tau_Type_normal_anchors - INFO - Batch 1443/2465: Clean accuracy 0.9778 | Adv accuracy: 0.9778 | Counter-attack accuracy: 0.9778
2026-02-07 15:00:54,421 - ADV_Generation_eps_0.0_steps_0_Added_Noise_uniform_Eps_48.0_Tau_Type_normal_anchors - INFO - Batch 1444/2465: Clean accuracy 0.9778 | Adv accuracy: 0.9778 | Counter-attack accuracy: 0.9778
2026-02-07 15:00:54,730 - ADV_Generation_eps_0.0_steps_0_Added_Noise_uniform_Eps_48.0_Tau_Type_normal_anchors - INFO - Batch 1445/2465: Clean accuracy 0.9779 | Adv accuracy: 0.9779 | Counter-attack accuracy: 0.9779
2026-02-07 15:00:55,039 - ADV_Generation_eps_0.0_steps_0_Added_Noise_uniform_Eps_48.0_Tau_Type_normal_anchors - INFO - Batch 1446/2465: Clean accuracy 0.9779 | Adv accuracy: 0.9779 | Counter-attack accuracy: 0.9779
2026-02-07 15:00:55,348 - ADV_Generation_eps_0.0_steps_0_Added_Noise_uniform_Eps_48.0_Tau_Type_normal_anchors - INFO - Batch 1447/2465: Clean accuracy 0.9779 | Adv accuracy: 0.9779 | Counter-attack accuracy: 0.9779
2026-02-07 15:00:55,657 - ADV_Generation_eps_0.0_steps_0_Added_Noise_uniform_Eps_48.0_Tau_Type_normal_anchors - INFO - Batch 1448/2465: Clean accuracy 0.9779 | Adv accuracy: 0.9779 | Counter-attack accuracy: 0.9779
2026-02-07 15:00:55,965 - ADV_Generation_eps_0.0_steps_0_Added_Noise_uniform_Eps_48.0_Tau_Type_normal_anchors - INFO - Batch 1449/2465: Clean accuracy 0.9779 | Adv accuracy: 0.9779 | Counter-attack accuracy: 0.9779
2026-02-07 15:00:56,274 - ADV_Generation_eps_0.0_steps_0_Added_Noise_uniform_Eps_48.0_Tau_Type_normal_anchors - INFO - Batch 1450/2465: Clean accuracy 0.9779 | Adv accuracy: 0.9779 | Counter-attack accuracy: 0.9779
2026-02-07 15:00:56,583 - ADV_Generation_eps_0.0_steps_0_Added_Noise_uniform_Eps_48.0_Tau_Type_normal_anchors - INFO - Batch 1451/2465: Clean accuracy 0.9779 | Adv accuracy: 0.9779 | Counter-attack accuracy: 0.9779
2026-02-07 15:00:56,892 - ADV_Generation_eps_0.0_steps_0_Added_Noise_uniform_Eps_48.0_Tau_Type_normal_anchors - INFO - Batch 1452/2465: Clean accuracy 0.9780 | Adv accuracy: 0.9780 | Counter-attack accuracy: 0.9780
2026-02-07 15:00:57,201 - ADV_Generation_eps_0.0_steps_0_Added_Noise_uniform_Eps_48.0_Tau_Type_normal_anchors - INFO - Batch 1453/2465: Clean accuracy 0.9780 | Adv accuracy: 0.9780 | Counter-attack accuracy: 0.9780
2026-02-07 15:00:57,510 - ADV_Generation_eps_0.0_steps_0_Added_Noise_uniform_Eps_48.0_Tau_Type_normal_anchors - INFO - Batch 1454/2465: Clean accuracy 0.9780 | Adv accuracy: 0.9780 | Counter-attack accuracy: 0.9780
2026-02-07 15:00:57,819 - ADV_Generation_eps_0.0_steps_0_Added_Noise_uniform_Eps_48.0_Tau_Type_normal_anchors - INFO - Batch 1455/2465: Clean accuracy 0.9780 | Adv accuracy: 0.9780 | Counter-attack accuracy: 0.9780
2026-02-07 15:00:58,128 - ADV_Generation_eps_0.0_steps_0_Added_Noise_uniform_Eps_48.0_Tau_Type_normal_anchors - INFO - Batch 1456/2465: Clean accuracy 0.9780 | Adv accuracy: 0.9780 | Counter-attack accuracy: 0.9780
2026-02-07 15:00:58,436 - ADV_Generation_eps_0.0_steps_0_Added_Noise_uniform_Eps_48.0_Tau_Type_normal_anchors - INFO - Batch 1457/2465: Clean accuracy 0.9780 | Adv accuracy: 0.9780 | Counter-attack accuracy: 0.9780
2026-02-07 15:00:58,745 - ADV_Generation_eps_0.0_steps_0_Added_Noise_uniform_Eps_48.0_Tau_Type_normal_anchors - INFO - Batch 1458/2465: Clean accuracy 0.9781 | Adv accuracy: 0.9781 | Counter-attack accuracy: 0.9781
2026-02-07 15:00:59,054 - ADV_Generation_eps_0.0_steps_0_Added_Noise_uniform_Eps_48.0_Tau_Type_normal_anchors - INFO - Batch 1459/2465: Clean accuracy 0.9781 | Adv accuracy: 0.9781 | Counter-attack accuracy: 0.9781
2026-02-07 15:00:59,363 - ADV_Generation_eps_0.0_steps_0_Added_Noise_uniform_Eps_48.0_Tau_Type_normal_anchors - INFO - Batch 1460/2465: Clean accuracy 0.9781 | Adv accuracy: 0.9781 | Counter-attack accuracy: 0.9781
2026-02-07 15:00:59,672 - ADV_Generation_eps_0.0_steps_0_Added_Noise_uniform_Eps_48.0_Tau_Type_normal_anchors - INFO - Batch 1461/2465: Clean accuracy 0.9781 | Adv accuracy: 0.9781 | Counter-attack accuracy: 0.9781
2026-02-07 15:00:59,981 - ADV_Generation_eps_0.0_steps_0_Added_Noise_uniform_Eps_48.0_Tau_Type_normal_anchors - INFO - Batch 1462/2465: Clean accuracy 0.9781 | Adv accuracy: 0.9781 | Counter-attack accuracy: 0.9781
2026-02-07 15:01:00,290 - ADV_Generation_eps_0.0_steps_0_Added_Noise_uniform_Eps_48.0_Tau_Type_normal_anchors - INFO - Batch 1463/2465: Clean accuracy 0.9781 | Adv accuracy: 0.9781 | Counter-attack accuracy: 0.9781
2026-02-07 15:01:00,599 - ADV_Generation_eps_0.0_steps_0_Added_Noise_uniform_Eps_48.0_Tau_Type_normal_anchors - INFO - Batch 1464/2465: Clean accuracy 0.9781 | Adv accuracy: 0.9781 | Counter-attack accuracy: 0.9781
2026-02-07 15:01:00,908 - ADV_Generation_eps_0.0_steps_0_Added_Noise_uniform_Eps_48.0_Tau_Type_normal_anchors - INFO - Batch 1465/2465: Clean accuracy 0.9782 | Adv accuracy: 0.9782 | Counter-attack accuracy: 0.9782
2026-02-07 15:01:01,217 - ADV_Generation_eps_0.0_steps_0_Added_Noise_uniform_Eps_48.0_Tau_Type_normal_anchors - INFO - Batch 1466/2465: Clean accuracy 0.9782 | Adv accuracy: 0.9782 | Counter-attack accuracy: 0.9782
2026-02-07 15:01:01,525 - ADV_Generation_eps_0.0_steps_0_Added_Noise_uniform_Eps_48.0_Tau_Type_normal_anchors - INFO - Batch 1467/2465: Clean accuracy 0.9782 | Adv accuracy: 0.9782 | Counter-attack accuracy: 0.9782
2026-02-07 15:01:01,834 - ADV_Generation_eps_0.0_steps_0_Added_Noise_uniform_Eps_48.0_Tau_Type_normal_anchors - INFO - Batch 1468/2465: Clean accuracy 0.9782 | Adv accuracy: 0.9782 | Counter-attack accuracy: 0.9782
2026-02-07 15:01:02,143 - ADV_Generation_eps_0.0_steps_0_Added_Noise_uniform_Eps_48.0_Tau_Type_normal_anchors - INFO - Batch 1469/2465: Clean accuracy 0.9782 | Adv accuracy: 0.9782 | Counter-attack accuracy: 0.9782
2026-02-07 15:01:02,452 - ADV_Generation_eps_0.0_steps_0_Added_Noise_uniform_Eps_48.0_Tau_Type_normal_anchors - INFO - Batch 1470/2465: Clean accuracy 0.9782 | Adv accuracy: 0.9782 | Counter-attack accuracy: 0.9782
2026-02-07 15:01:02,761 - ADV_Generation_eps_0.0_steps_0_Added_Noise_uniform_Eps_48.0_Tau_Type_normal_anchors - INFO - Batch 1471/2465: Clean accuracy 0.9782 | Adv accuracy: 0.9782 | Counter-attack accuracy: 0.9782
2026-02-07 15:01:03,070 - ADV_Generation_eps_0.0_steps_0_Added_Noise_uniform_Eps_48.0_Tau_Type_normal_anchors - INFO - Batch 1472/2465: Clean accuracy 0.9783 | Adv accuracy: 0.9783 | Counter-attack accuracy: 0.9783
2026-02-07 15:01:03,378 - ADV_Generation_eps_0.0_steps_0_Added_Noise_uniform_Eps_48.0_Tau_Type_normal_anchors - INFO - Batch 1473/2465: Clean accuracy 0.9783 | Adv accuracy: 0.9783 | Counter-attack accuracy: 0.9783
2026-02-07 15:01:03,687 - ADV_Generation_eps_0.0_steps_0_Added_Noise_uniform_Eps_48.0_Tau_Type_normal_anchors - INFO - Batch 1474/2465: Clean accuracy 0.9783 | Adv accuracy: 0.9783 | Counter-attack accuracy: 0.9776
2026-02-07 15:01:03,996 - ADV_Generation_eps_0.0_steps_0_Added_Noise_uniform_Eps_48.0_Tau_Type_normal_anchors - INFO - Batch 1475/2465: Clean accuracy 0.9783 | Adv accuracy: 0.9783 | Counter-attack accuracy: 0.9776
2026-02-07 15:01:04,305 - ADV_Generation_eps_0.0_steps_0_Added_Noise_uniform_Eps_48.0_Tau_Type_normal_anchors - INFO - Batch 1476/2465: Clean accuracy 0.9783 | Adv accuracy: 0.9783 | Counter-attack accuracy: 0.9776
2026-02-07 15:01:04,614 - ADV_Generation_eps_0.0_steps_0_Added_Noise_uniform_Eps_48.0_Tau_Type_normal_anchors - INFO - Batch 1477/2465: Clean accuracy 0.9783 | Adv accuracy: 0.9783 | Counter-attack accuracy: 0.9777
2026-02-07 15:01:04,923 - ADV_Generation_eps_0.0_steps_0_Added_Noise_uniform_Eps_48.0_Tau_Type_normal_anchors - INFO - Batch 1478/2465: Clean accuracy 0.9783 | Adv accuracy: 0.9783 | Counter-attack accuracy: 0.9777
2026-02-07 15:01:05,232 - ADV_Generation_eps_0.0_steps_0_Added_Noise_uniform_Eps_48.0_Tau_Type_normal_anchors - INFO - Batch 1479/2465: Clean accuracy 0.9784 | Adv accuracy: 0.9784 | Counter-attack accuracy: 0.9777
2026-02-07 15:01:05,540 - ADV_Generation_eps_0.0_steps_0_Added_Noise_uniform_Eps_48.0_Tau_Type_normal_anchors - INFO - Batch 1480/2465: Clean accuracy 0.9784 | Adv accuracy: 0.9784 | Counter-attack accuracy: 0.9770
2026-02-07 15:01:05,850 - ADV_Generation_eps_0.0_steps_0_Added_Noise_uniform_Eps_48.0_Tau_Type_normal_anchors - INFO - Batch 1481/2465: Clean accuracy 0.9784 | Adv accuracy: 0.9784 | Counter-attack accuracy: 0.9770
2026-02-07 15:01:06,158 - ADV_Generation_eps_0.0_steps_0_Added_Noise_uniform_Eps_48.0_Tau_Type_normal_anchors - INFO - Batch 1482/2465: Clean accuracy 0.9784 | Adv accuracy: 0.9784 | Counter-attack accuracy: 0.9771
2026-02-07 15:01:06,467 - ADV_Generation_eps_0.0_steps_0_Added_Noise_uniform_Eps_48.0_Tau_Type_normal_anchors - INFO - Batch 1483/2465: Clean accuracy 0.9784 | Adv accuracy: 0.9784 | Counter-attack accuracy: 0.9771
2026-02-07 15:01:06,776 - ADV_Generation_eps_0.0_steps_0_Added_Noise_uniform_Eps_48.0_Tau_Type_normal_anchors - INFO - Batch 1484/2465: Clean accuracy 0.9784 | Adv accuracy: 0.9784 | Counter-attack accuracy: 0.9771
2026-02-07 15:01:07,085 - ADV_Generation_eps_0.0_steps_0_Added_Noise_uniform_Eps_48.0_Tau_Type_normal_anchors - INFO - Batch 1485/2465: Clean accuracy 0.9785 | Adv accuracy: 0.9785 | Counter-attack accuracy: 0.9771
2026-02-07 15:01:07,394 - ADV_Generation_eps_0.0_steps_0_Added_Noise_uniform_Eps_48.0_Tau_Type_normal_anchors - INFO - Batch 1486/2465: Clean accuracy 0.9785 | Adv accuracy: 0.9785 | Counter-attack accuracy: 0.9771
2026-02-07 15:01:07,703 - ADV_Generation_eps_0.0_steps_0_Added_Noise_uniform_Eps_48.0_Tau_Type_normal_anchors - INFO - Batch 1487/2465: Clean accuracy 0.9785 | Adv accuracy: 0.9785 | Counter-attack accuracy: 0.9771
2026-02-07 15:01:08,012 - ADV_Generation_eps_0.0_steps_0_Added_Noise_uniform_Eps_48.0_Tau_Type_normal_anchors - INFO - Batch 1488/2465: Clean accuracy 0.9785 | Adv accuracy: 0.9785 | Counter-attack accuracy: 0.9772
2026-02-07 15:01:08,320 - ADV_Generation_eps_0.0_steps_0_Added_Noise_uniform_Eps_48.0_Tau_Type_normal_anchors - INFO - Batch 1489/2465: Clean accuracy 0.9785 | Adv accuracy: 0.9785 | Counter-attack accuracy: 0.9772
2026-02-07 15:01:08,629 - ADV_Generation_eps_0.0_steps_0_Added_Noise_uniform_Eps_48.0_Tau_Type_normal_anchors - INFO - Batch 1490/2465: Clean accuracy 0.9785 | Adv accuracy: 0.9785 | Counter-attack accuracy: 0.9772
2026-02-07 15:01:08,938 - ADV_Generation_eps_0.0_steps_0_Added_Noise_uniform_Eps_48.0_Tau_Type_normal_anchors - INFO - Batch 1491/2465: Clean accuracy 0.9785 | Adv accuracy: 0.9785 | Counter-attack accuracy: 0.9772
2026-02-07 15:01:09,247 - ADV_Generation_eps_0.0_steps_0_Added_Noise_uniform_Eps_48.0_Tau_Type_normal_anchors - INFO - Batch 1492/2465: Clean accuracy 0.9786 | Adv accuracy: 0.9786 | Counter-attack accuracy: 0.9772
2026-02-07 15:01:09,556 - ADV_Generation_eps_0.0_steps_0_Added_Noise_uniform_Eps_48.0_Tau_Type_normal_anchors - INFO - Batch 1493/2465: Clean accuracy 0.9786 | Adv accuracy: 0.9786 | Counter-attack accuracy: 0.9772
2026-02-07 15:01:09,865 - ADV_Generation_eps_0.0_steps_0_Added_Noise_uniform_Eps_48.0_Tau_Type_normal_anchors - INFO - Batch 1494/2465: Clean accuracy 0.9786 | Adv accuracy: 0.9786 | Counter-attack accuracy: 0.9772
2026-02-07 15:01:10,175 - ADV_Generation_eps_0.0_steps_0_Added_Noise_uniform_Eps_48.0_Tau_Type_normal_anchors - INFO - Batch 1495/2465: Clean accuracy 0.9786 | Adv accuracy: 0.9786 | Counter-attack accuracy: 0.9773
2026-02-07 15:01:10,484 - ADV_Generation_eps_0.0_steps_0_Added_Noise_uniform_Eps_48.0_Tau_Type_normal_anchors - INFO - Batch 1496/2465: Clean accuracy 0.9786 | Adv accuracy: 0.9786 | Counter-attack accuracy: 0.9773
2026-02-07 15:01:10,793 - ADV_Generation_eps_0.0_steps_0_Added_Noise_uniform_Eps_48.0_Tau_Type_normal_anchors - INFO - Batch 1497/2465: Clean accuracy 0.9786 | Adv accuracy: 0.9786 | Counter-attack accuracy: 0.9773
2026-02-07 15:01:11,102 - ADV_Generation_eps_0.0_steps_0_Added_Noise_uniform_Eps_48.0_Tau_Type_normal_anchors - INFO - Batch 1498/2465: Clean accuracy 0.9786 | Adv accuracy: 0.9786 | Counter-attack accuracy: 0.9773
2026-02-07 15:01:11,411 - ADV_Generation_eps_0.0_steps_0_Added_Noise_uniform_Eps_48.0_Tau_Type_normal_anchors - INFO - Batch 1499/2465: Clean accuracy 0.9787 | Adv accuracy: 0.9787 | Counter-attack accuracy: 0.9773
2026-02-07 15:01:11,720 - ADV_Generation_eps_0.0_steps_0_Added_Noise_uniform_Eps_48.0_Tau_Type_normal_anchors - INFO - Batch 1500/2465: Clean accuracy 0.9787 | Adv accuracy: 0.9787 | Counter-attack accuracy: 0.9773
2026-02-07 15:01:12,029 - ADV_Generation_eps_0.0_steps_0_Added_Noise_uniform_Eps_48.0_Tau_Type_normal_anchors - INFO - Batch 1501/2465: Clean accuracy 0.9787 | Adv accuracy: 0.9787 | Counter-attack accuracy: 0.9773
2026-02-07 15:01:12,338 - ADV_Generation_eps_0.0_steps_0_Added_Noise_uniform_Eps_48.0_Tau_Type_normal_anchors - INFO - Batch 1502/2465: Clean accuracy 0.9787 | Adv accuracy: 0.9787 | Counter-attack accuracy: 0.9774
2026-02-07 15:01:12,647 - ADV_Generation_eps_0.0_steps_0_Added_Noise_uniform_Eps_48.0_Tau_Type_normal_anchors - INFO - Batch 1503/2465: Clean accuracy 0.9787 | Adv accuracy: 0.9787 | Counter-attack accuracy: 0.9774
2026-02-07 15:01:12,955 - ADV_Generation_eps_0.0_steps_0_Added_Noise_uniform_Eps_48.0_Tau_Type_normal_anchors - INFO - Batch 1504/2465: Clean accuracy 0.9787 | Adv accuracy: 0.9787 | Counter-attack accuracy: 0.9774
2026-02-07 15:01:13,264 - ADV_Generation_eps_0.0_steps_0_Added_Noise_uniform_Eps_48.0_Tau_Type_normal_anchors - INFO - Batch 1505/2465: Clean accuracy 0.9787 | Adv accuracy: 0.9787 | Counter-attack accuracy: 0.9774
2026-02-07 15:01:13,573 - ADV_Generation_eps_0.0_steps_0_Added_Noise_uniform_Eps_48.0_Tau_Type_normal_anchors - INFO - Batch 1506/2465: Clean accuracy 0.9788 | Adv accuracy: 0.9788 | Counter-attack accuracy: 0.9774
2026-02-07 15:01:13,882 - ADV_Generation_eps_0.0_steps_0_Added_Noise_uniform_Eps_48.0_Tau_Type_normal_anchors - INFO - Batch 1507/2465: Clean accuracy 0.9788 | Adv accuracy: 0.9788 | Counter-attack accuracy: 0.9774
2026-02-07 15:01:14,193 - ADV_Generation_eps_0.0_steps_0_Added_Noise_uniform_Eps_48.0_Tau_Type_normal_anchors - INFO - Batch 1508/2465: Clean accuracy 0.9788 | Adv accuracy: 0.9788 | Counter-attack accuracy: 0.9775
2026-02-07 15:01:14,502 - ADV_Generation_eps_0.0_steps_0_Added_Noise_uniform_Eps_48.0_Tau_Type_normal_anchors - INFO - Batch 1509/2465: Clean accuracy 0.9788 | Adv accuracy: 0.9788 | Counter-attack accuracy: 0.9775
2026-02-07 15:01:14,811 - ADV_Generation_eps_0.0_steps_0_Added_Noise_uniform_Eps_48.0_Tau_Type_normal_anchors - INFO - Batch 1510/2465: Clean accuracy 0.9788 | Adv accuracy: 0.9788 | Counter-attack accuracy: 0.9775
2026-02-07 15:01:15,120 - ADV_Generation_eps_0.0_steps_0_Added_Noise_uniform_Eps_48.0_Tau_Type_normal_anchors - INFO - Batch 1511/2465: Clean accuracy 0.9788 | Adv accuracy: 0.9788 | Counter-attack accuracy: 0.9775
2026-02-07 15:01:15,429 - ADV_Generation_eps_0.0_steps_0_Added_Noise_uniform_Eps_48.0_Tau_Type_normal_anchors - INFO - Batch 1512/2465: Clean accuracy 0.9788 | Adv accuracy: 0.9788 | Counter-attack accuracy: 0.9775
2026-02-07 15:01:15,738 - ADV_Generation_eps_0.0_steps_0_Added_Noise_uniform_Eps_48.0_Tau_Type_normal_anchors - INFO - Batch 1513/2465: Clean accuracy 0.9788 | Adv accuracy: 0.9788 | Counter-attack accuracy: 0.9775
2026-02-07 15:01:16,047 - ADV_Generation_eps_0.0_steps_0_Added_Noise_uniform_Eps_48.0_Tau_Type_normal_anchors - INFO - Batch 1514/2465: Clean accuracy 0.9789 | Adv accuracy: 0.9789 | Counter-attack accuracy: 0.9775
2026-02-07 15:01:16,355 - ADV_Generation_eps_0.0_steps_0_Added_Noise_uniform_Eps_48.0_Tau_Type_normal_anchors - INFO - Batch 1515/2465: Clean accuracy 0.9789 | Adv accuracy: 0.9789 | Counter-attack accuracy: 0.9776
2026-02-07 15:01:16,664 - ADV_Generation_eps_0.0_steps_0_Added_Noise_uniform_Eps_48.0_Tau_Type_normal_anchors - INFO - Batch 1516/2465: Clean accuracy 0.9789 | Adv accuracy: 0.9789 | Counter-attack accuracy: 0.9776
2026-02-07 15:01:16,973 - ADV_Generation_eps_0.0_steps_0_Added_Noise_uniform_Eps_48.0_Tau_Type_normal_anchors - INFO - Batch 1517/2465: Clean accuracy 0.9789 | Adv accuracy: 0.9789 | Counter-attack accuracy: 0.9776
2026-02-07 15:01:17,282 - ADV_Generation_eps_0.0_steps_0_Added_Noise_uniform_Eps_48.0_Tau_Type_normal_anchors - INFO - Batch 1518/2465: Clean accuracy 0.9789 | Adv accuracy: 0.9789 | Counter-attack accuracy: 0.9776
2026-02-07 15:01:17,591 - ADV_Generation_eps_0.0_steps_0_Added_Noise_uniform_Eps_48.0_Tau_Type_normal_anchors - INFO - Batch 1519/2465: Clean accuracy 0.9789 | Adv accuracy: 0.9789 | Counter-attack accuracy: 0.9776
2026-02-07 15:01:17,900 - ADV_Generation_eps_0.0_steps_0_Added_Noise_uniform_Eps_48.0_Tau_Type_normal_anchors - INFO - Batch 1520/2465: Clean accuracy 0.9789 | Adv accuracy: 0.9789 | Counter-attack accuracy: 0.9776
2026-02-07 15:01:18,209 - ADV_Generation_eps_0.0_steps_0_Added_Noise_uniform_Eps_48.0_Tau_Type_normal_anchors - INFO - Batch 1521/2465: Clean accuracy 0.9790 | Adv accuracy: 0.9790 | Counter-attack accuracy: 0.9776
2026-02-07 15:01:18,518 - ADV_Generation_eps_0.0_steps_0_Added_Noise_uniform_Eps_48.0_Tau_Type_normal_anchors - INFO - Batch 1522/2465: Clean accuracy 0.9790 | Adv accuracy: 0.9790 | Counter-attack accuracy: 0.9777
2026-02-07 15:01:18,826 - ADV_Generation_eps_0.0_steps_0_Added_Noise_uniform_Eps_48.0_Tau_Type_normal_anchors - INFO - Batch 1523/2465: Clean accuracy 0.9790 | Adv accuracy: 0.9790 | Counter-attack accuracy: 0.9777
2026-02-07 15:01:19,135 - ADV_Generation_eps_0.0_steps_0_Added_Noise_uniform_Eps_48.0_Tau_Type_normal_anchors - INFO - Batch 1524/2465: Clean accuracy 0.9790 | Adv accuracy: 0.9790 | Counter-attack accuracy: 0.9777
2026-02-07 15:01:19,444 - ADV_Generation_eps_0.0_steps_0_Added_Noise_uniform_Eps_48.0_Tau_Type_normal_anchors - INFO - Batch 1525/2465: Clean accuracy 0.9790 | Adv accuracy: 0.9790 | Counter-attack accuracy: 0.9777
2026-02-07 15:01:19,753 - ADV_Generation_eps_0.0_steps_0_Added_Noise_uniform_Eps_48.0_Tau_Type_normal_anchors - INFO - Batch 1526/2465: Clean accuracy 0.9790 | Adv accuracy: 0.9790 | Counter-attack accuracy: 0.9777
2026-02-07 15:01:20,062 - ADV_Generation_eps_0.0_steps_0_Added_Noise_uniform_Eps_48.0_Tau_Type_normal_anchors - INFO - Batch 1527/2465: Clean accuracy 0.9790 | Adv accuracy: 0.9790 | Counter-attack accuracy: 0.9777
2026-02-07 15:01:20,371 - ADV_Generation_eps_0.0_steps_0_Added_Noise_uniform_Eps_48.0_Tau_Type_normal_anchors - INFO - Batch 1528/2465: Clean accuracy 0.9791 | Adv accuracy: 0.9791 | Counter-attack accuracy: 0.9777
2026-02-07 15:01:20,680 - ADV_Generation_eps_0.0_steps_0_Added_Noise_uniform_Eps_48.0_Tau_Type_normal_anchors - INFO - Batch 1529/2465: Clean accuracy 0.9791 | Adv accuracy: 0.9791 | Counter-attack accuracy: 0.9778
2026-02-07 15:01:20,989 - ADV_Generation_eps_0.0_steps_0_Added_Noise_uniform_Eps_48.0_Tau_Type_normal_anchors - INFO - Batch 1530/2465: Clean accuracy 0.9791 | Adv accuracy: 0.9791 | Counter-attack accuracy: 0.9778
2026-02-07 15:01:21,298 - ADV_Generation_eps_0.0_steps_0_Added_Noise_uniform_Eps_48.0_Tau_Type_normal_anchors - INFO - Batch 1531/2465: Clean accuracy 0.9791 | Adv accuracy: 0.9791 | Counter-attack accuracy: 0.9778
2026-02-07 15:01:21,607 - ADV_Generation_eps_0.0_steps_0_Added_Noise_uniform_Eps_48.0_Tau_Type_normal_anchors - INFO - Batch 1532/2465: Clean accuracy 0.9791 | Adv accuracy: 0.9791 | Counter-attack accuracy: 0.9778
2026-02-07 15:01:21,916 - ADV_Generation_eps_0.0_steps_0_Added_Noise_uniform_Eps_48.0_Tau_Type_normal_anchors - INFO - Batch 1533/2465: Clean accuracy 0.9791 | Adv accuracy: 0.9791 | Counter-attack accuracy: 0.9778
2026-02-07 15:01:22,225 - ADV_Generation_eps_0.0_steps_0_Added_Noise_uniform_Eps_48.0_Tau_Type_normal_anchors - INFO - Batch 1534/2465: Clean accuracy 0.9791 | Adv accuracy: 0.9791 | Counter-attack accuracy: 0.9778
2026-02-07 15:01:22,534 - ADV_Generation_eps_0.0_steps_0_Added_Noise_uniform_Eps_48.0_Tau_Type_normal_anchors - INFO - Batch 1535/2465: Clean accuracy 0.9792 | Adv accuracy: 0.9792 | Counter-attack accuracy: 0.9779
2026-02-07 15:01:22,842 - ADV_Generation_eps_0.0_steps_0_Added_Noise_uniform_Eps_48.0_Tau_Type_normal_anchors - INFO - Batch 1536/2465: Clean accuracy 0.9792 | Adv accuracy: 0.9792 | Counter-attack accuracy: 0.9779
2026-02-07 15:01:23,151 - ADV_Generation_eps_0.0_steps_0_Added_Noise_uniform_Eps_48.0_Tau_Type_normal_anchors - INFO - Batch 1537/2465: Clean accuracy 0.9792 | Adv accuracy: 0.9792 | Counter-attack accuracy: 0.9779
2026-02-07 15:01:23,460 - ADV_Generation_eps_0.0_steps_0_Added_Noise_uniform_Eps_48.0_Tau_Type_normal_anchors - INFO - Batch 1538/2465: Clean accuracy 0.9792 | Adv accuracy: 0.9792 | Counter-attack accuracy: 0.9779
2026-02-07 15:01:23,769 - ADV_Generation_eps_0.0_steps_0_Added_Noise_uniform_Eps_48.0_Tau_Type_normal_anchors - INFO - Batch 1539/2465: Clean accuracy 0.9792 | Adv accuracy: 0.9792 | Counter-attack accuracy: 0.9779
2026-02-07 15:01:24,078 - ADV_Generation_eps_0.0_steps_0_Added_Noise_uniform_Eps_48.0_Tau_Type_normal_anchors - INFO - Batch 1540/2465: Clean accuracy 0.9792 | Adv accuracy: 0.9792 | Counter-attack accuracy: 0.9779
2026-02-07 15:01:24,387 - ADV_Generation_eps_0.0_steps_0_Added_Noise_uniform_Eps_48.0_Tau_Type_normal_anchors - INFO - Batch 1541/2465: Clean accuracy 0.9792 | Adv accuracy: 0.9792 | Counter-attack accuracy: 0.9779
2026-02-07 15:01:24,696 - ADV_Generation_eps_0.0_steps_0_Added_Noise_uniform_Eps_48.0_Tau_Type_normal_anchors - INFO - Batch 1542/2465: Clean accuracy 0.9792 | Adv accuracy: 0.9792 | Counter-attack accuracy: 0.9780
2026-02-07 15:01:25,004 - ADV_Generation_eps_0.0_steps_0_Added_Noise_uniform_Eps_48.0_Tau_Type_normal_anchors - INFO - Batch 1543/2465: Clean accuracy 0.9793 | Adv accuracy: 0.9793 | Counter-attack accuracy: 0.9780
2026-02-07 15:01:25,313 - ADV_Generation_eps_0.0_steps_0_Added_Noise_uniform_Eps_48.0_Tau_Type_normal_anchors - INFO - Batch 1544/2465: Clean accuracy 0.9793 | Adv accuracy: 0.9793 | Counter-attack accuracy: 0.9780
2026-02-07 15:01:25,622 - ADV_Generation_eps_0.0_steps_0_Added_Noise_uniform_Eps_48.0_Tau_Type_normal_anchors - INFO - Batch 1545/2465: Clean accuracy 0.9793 | Adv accuracy: 0.9793 | Counter-attack accuracy: 0.9780
2026-02-07 15:01:25,931 - ADV_Generation_eps_0.0_steps_0_Added_Noise_uniform_Eps_48.0_Tau_Type_normal_anchors - INFO - Batch 1546/2465: Clean accuracy 0.9793 | Adv accuracy: 0.9793 | Counter-attack accuracy: 0.9780
2026-02-07 15:01:26,240 - ADV_Generation_eps_0.0_steps_0_Added_Noise_uniform_Eps_48.0_Tau_Type_normal_anchors - INFO - Batch 1547/2465: Clean accuracy 0.9793 | Adv accuracy: 0.9793 | Counter-attack accuracy: 0.9780
2026-02-07 15:01:26,549 - ADV_Generation_eps_0.0_steps_0_Added_Noise_uniform_Eps_48.0_Tau_Type_normal_anchors - INFO - Batch 1548/2465: Clean accuracy 0.9793 | Adv accuracy: 0.9793 | Counter-attack accuracy: 0.9780
2026-02-07 15:01:26,858 - ADV_Generation_eps_0.0_steps_0_Added_Noise_uniform_Eps_48.0_Tau_Type_normal_anchors - INFO - Batch 1549/2465: Clean accuracy 0.9793 | Adv accuracy: 0.9793 | Counter-attack accuracy: 0.9781
2026-02-07 15:01:27,167 - ADV_Generation_eps_0.0_steps_0_Added_Noise_uniform_Eps_48.0_Tau_Type_normal_anchors - INFO - Batch 1550/2465: Clean accuracy 0.9794 | Adv accuracy: 0.9794 | Counter-attack accuracy: 0.9781
2026-02-07 15:01:27,476 - ADV_Generation_eps_0.0_steps_0_Added_Noise_uniform_Eps_48.0_Tau_Type_normal_anchors - INFO - Batch 1551/2465: Clean accuracy 0.9794 | Adv accuracy: 0.9794 | Counter-attack accuracy: 0.9781
2026-02-07 15:01:27,785 - ADV_Generation_eps_0.0_steps_0_Added_Noise_uniform_Eps_48.0_Tau_Type_normal_anchors - INFO - Batch 1552/2465: Clean accuracy 0.9794 | Adv accuracy: 0.9794 | Counter-attack accuracy: 0.9781
2026-02-07 15:01:28,093 - ADV_Generation_eps_0.0_steps_0_Added_Noise_uniform_Eps_48.0_Tau_Type_normal_anchors - INFO - Batch 1553/2465: Clean accuracy 0.9794 | Adv accuracy: 0.9794 | Counter-attack accuracy: 0.9781
2026-02-07 15:01:28,402 - ADV_Generation_eps_0.0_steps_0_Added_Noise_uniform_Eps_48.0_Tau_Type_normal_anchors - INFO - Batch 1554/2465: Clean accuracy 0.9794 | Adv accuracy: 0.9794 | Counter-attack accuracy: 0.9781
2026-02-07 15:01:28,711 - ADV_Generation_eps_0.0_steps_0_Added_Noise_uniform_Eps_48.0_Tau_Type_normal_anchors - INFO - Batch 1555/2465: Clean accuracy 0.9794 | Adv accuracy: 0.9794 | Counter-attack accuracy: 0.9781
2026-02-07 15:01:29,020 - ADV_Generation_eps_0.0_steps_0_Added_Noise_uniform_Eps_48.0_Tau_Type_normal_anchors - INFO - Batch 1556/2465: Clean accuracy 0.9794 | Adv accuracy: 0.9794 | Counter-attack accuracy: 0.9781
2026-02-07 15:01:29,329 - ADV_Generation_eps_0.0_steps_0_Added_Noise_uniform_Eps_48.0_Tau_Type_normal_anchors - INFO - Batch 1557/2465: Clean accuracy 0.9794 | Adv accuracy: 0.9794 | Counter-attack accuracy: 0.9782
2026-02-07 15:01:29,638 - ADV_Generation_eps_0.0_steps_0_Added_Noise_uniform_Eps_48.0_Tau_Type_normal_anchors - INFO - Batch 1558/2465: Clean accuracy 0.9795 | Adv accuracy: 0.9795 | Counter-attack accuracy: 0.9782
2026-02-07 15:01:29,947 - ADV_Generation_eps_0.0_steps_0_Added_Noise_uniform_Eps_48.0_Tau_Type_normal_anchors - INFO - Batch 1559/2465: Clean accuracy 0.9795 | Adv accuracy: 0.9795 | Counter-attack accuracy: 0.9782
2026-02-07 15:01:30,255 - ADV_Generation_eps_0.0_steps_0_Added_Noise_uniform_Eps_48.0_Tau_Type_normal_anchors - INFO - Batch 1560/2465: Clean accuracy 0.9795 | Adv accuracy: 0.9795 | Counter-attack accuracy: 0.9782
2026-02-07 15:01:30,564 - ADV_Generation_eps_0.0_steps_0_Added_Noise_uniform_Eps_48.0_Tau_Type_normal_anchors - INFO - Batch 1561/2465: Clean accuracy 0.9795 | Adv accuracy: 0.9795 | Counter-attack accuracy: 0.9782
2026-02-07 15:01:30,873 - ADV_Generation_eps_0.0_steps_0_Added_Noise_uniform_Eps_48.0_Tau_Type_normal_anchors - INFO - Batch 1562/2465: Clean accuracy 0.9795 | Adv accuracy: 0.9795 | Counter-attack accuracy: 0.9782
2026-02-07 15:01:31,182 - ADV_Generation_eps_0.0_steps_0_Added_Noise_uniform_Eps_48.0_Tau_Type_normal_anchors - INFO - Batch 1563/2465: Clean accuracy 0.9795 | Adv accuracy: 0.9795 | Counter-attack accuracy: 0.9782
2026-02-07 15:01:31,491 - ADV_Generation_eps_0.0_steps_0_Added_Noise_uniform_Eps_48.0_Tau_Type_normal_anchors - INFO - Batch 1564/2465: Clean accuracy 0.9795 | Adv accuracy: 0.9795 | Counter-attack accuracy: 0.9783
2026-02-07 15:01:31,880 - ADV_Generation_eps_0.0_steps_0_Added_Noise_uniform_Eps_48.0_Tau_Type_normal_anchors - INFO - Batch 1565/2465: Clean accuracy 0.9796 | Adv accuracy: 0.9796 | Counter-attack accuracy: 0.9783
2026-02-07 15:01:32,188 - ADV_Generation_eps_0.0_steps_0_Added_Noise_uniform_Eps_48.0_Tau_Type_normal_anchors - INFO - Batch 1566/2465: Clean accuracy 0.9796 | Adv accuracy: 0.9796 | Counter-attack accuracy: 0.9783
2026-02-07 15:01:32,497 - ADV_Generation_eps_0.0_steps_0_Added_Noise_uniform_Eps_48.0_Tau_Type_normal_anchors - INFO - Batch 1567/2465: Clean accuracy 0.9796 | Adv accuracy: 0.9796 | Counter-attack accuracy: 0.9783
2026-02-07 15:01:32,806 - ADV_Generation_eps_0.0_steps_0_Added_Noise_uniform_Eps_48.0_Tau_Type_normal_anchors - INFO - Batch 1568/2465: Clean accuracy 0.9796 | Adv accuracy: 0.9796 | Counter-attack accuracy: 0.9783
2026-02-07 15:01:33,115 - ADV_Generation_eps_0.0_steps_0_Added_Noise_uniform_Eps_48.0_Tau_Type_normal_anchors - INFO - Batch 1569/2465: Clean accuracy 0.9796 | Adv accuracy: 0.9796 | Counter-attack accuracy: 0.9783
2026-02-07 15:01:33,423 - ADV_Generation_eps_0.0_steps_0_Added_Noise_uniform_Eps_48.0_Tau_Type_normal_anchors - INFO - Batch 1570/2465: Clean accuracy 0.9796 | Adv accuracy: 0.9796 | Counter-attack accuracy: 0.9783
2026-02-07 15:01:33,732 - ADV_Generation_eps_0.0_steps_0_Added_Noise_uniform_Eps_48.0_Tau_Type_normal_anchors - INFO - Batch 1571/2465: Clean accuracy 0.9796 | Adv accuracy: 0.9796 | Counter-attack accuracy: 0.9784
2026-02-07 15:01:34,041 - ADV_Generation_eps_0.0_steps_0_Added_Noise_uniform_Eps_48.0_Tau_Type_normal_anchors - INFO - Batch 1572/2465: Clean accuracy 0.9796 | Adv accuracy: 0.9796 | Counter-attack accuracy: 0.9784
2026-02-07 15:01:34,428 - ADV_Generation_eps_0.0_steps_0_Added_Noise_uniform_Eps_48.0_Tau_Type_normal_anchors - INFO - Batch 1573/2465: Clean accuracy 0.9797 | Adv accuracy: 0.9797 | Counter-attack accuracy: 0.9784
2026-02-07 15:01:34,737 - ADV_Generation_eps_0.0_steps_0_Added_Noise_uniform_Eps_48.0_Tau_Type_normal_anchors - INFO - Batch 1574/2465: Clean accuracy 0.9797 | Adv accuracy: 0.9797 | Counter-attack accuracy: 0.9784
2026-02-07 15:01:35,046 - ADV_Generation_eps_0.0_steps_0_Added_Noise_uniform_Eps_48.0_Tau_Type_normal_anchors - INFO - Batch 1575/2465: Clean accuracy 0.9797 | Adv accuracy: 0.9797 | Counter-attack accuracy: 0.9784
2026-02-07 15:01:35,355 - ADV_Generation_eps_0.0_steps_0_Added_Noise_uniform_Eps_48.0_Tau_Type_normal_anchors - INFO - Batch 1576/2465: Clean accuracy 0.9797 | Adv accuracy: 0.9797 | Counter-attack accuracy: 0.9784
2026-02-07 15:01:35,663 - ADV_Generation_eps_0.0_steps_0_Added_Noise_uniform_Eps_48.0_Tau_Type_normal_anchors - INFO - Batch 1577/2465: Clean accuracy 0.9797 | Adv accuracy: 0.9797 | Counter-attack accuracy: 0.9784
2026-02-07 15:01:35,972 - ADV_Generation_eps_0.0_steps_0_Added_Noise_uniform_Eps_48.0_Tau_Type_normal_anchors - INFO - Batch 1578/2465: Clean accuracy 0.9797 | Adv accuracy: 0.9797 | Counter-attack accuracy: 0.9785
2026-02-07 15:01:36,281 - ADV_Generation_eps_0.0_steps_0_Added_Noise_uniform_Eps_48.0_Tau_Type_normal_anchors - INFO - Batch 1579/2465: Clean accuracy 0.9797 | Adv accuracy: 0.9797 | Counter-attack accuracy: 0.9785
2026-02-07 15:01:36,590 - ADV_Generation_eps_0.0_steps_0_Added_Noise_uniform_Eps_48.0_Tau_Type_normal_anchors - INFO - Batch 1580/2465: Clean accuracy 0.9797 | Adv accuracy: 0.9797 | Counter-attack accuracy: 0.9785
2026-02-07 15:01:36,899 - ADV_Generation_eps_0.0_steps_0_Added_Noise_uniform_Eps_48.0_Tau_Type_normal_anchors - INFO - Batch 1581/2465: Clean accuracy 0.9798 | Adv accuracy: 0.9798 | Counter-attack accuracy: 0.9785
2026-02-07 15:01:37,213 - ADV_Generation_eps_0.0_steps_0_Added_Noise_uniform_Eps_48.0_Tau_Type_normal_anchors - INFO - Batch 1582/2465: Clean accuracy 0.9798 | Adv accuracy: 0.9798 | Counter-attack accuracy: 0.9785
2026-02-07 15:01:37,522 - ADV_Generation_eps_0.0_steps_0_Added_Noise_uniform_Eps_48.0_Tau_Type_normal_anchors - INFO - Batch 1583/2465: Clean accuracy 0.9798 | Adv accuracy: 0.9798 | Counter-attack accuracy: 0.9785
2026-02-07 15:01:37,830 - ADV_Generation_eps_0.0_steps_0_Added_Noise_uniform_Eps_48.0_Tau_Type_normal_anchors - INFO - Batch 1584/2465: Clean accuracy 0.9798 | Adv accuracy: 0.9798 | Counter-attack accuracy: 0.9785
2026-02-07 15:01:38,139 - ADV_Generation_eps_0.0_steps_0_Added_Noise_uniform_Eps_48.0_Tau_Type_normal_anchors - INFO - Batch 1585/2465: Clean accuracy 0.9798 | Adv accuracy: 0.9798 | Counter-attack accuracy: 0.9785
2026-02-07 15:01:38,448 - ADV_Generation_eps_0.0_steps_0_Added_Noise_uniform_Eps_48.0_Tau_Type_normal_anchors - INFO - Batch 1586/2465: Clean accuracy 0.9798 | Adv accuracy: 0.9798 | Counter-attack accuracy: 0.9786
2026-02-07 15:01:38,757 - ADV_Generation_eps_0.0_steps_0_Added_Noise_uniform_Eps_48.0_Tau_Type_normal_anchors - INFO - Batch 1587/2465: Clean accuracy 0.9798 | Adv accuracy: 0.9798 | Counter-attack accuracy: 0.9786
2026-02-07 15:01:39,066 - ADV_Generation_eps_0.0_steps_0_Added_Noise_uniform_Eps_48.0_Tau_Type_normal_anchors - INFO - Batch 1588/2465: Clean accuracy 0.9798 | Adv accuracy: 0.9798 | Counter-attack accuracy: 0.9786
2026-02-07 15:01:39,375 - ADV_Generation_eps_0.0_steps_0_Added_Noise_uniform_Eps_48.0_Tau_Type_normal_anchors - INFO - Batch 1589/2465: Clean accuracy 0.9799 | Adv accuracy: 0.9799 | Counter-attack accuracy: 0.9786
2026-02-07 15:01:39,684 - ADV_Generation_eps_0.0_steps_0_Added_Noise_uniform_Eps_48.0_Tau_Type_normal_anchors - INFO - Batch 1590/2465: Clean accuracy 0.9799 | Adv accuracy: 0.9799 | Counter-attack accuracy: 0.9786
2026-02-07 15:01:39,993 - ADV_Generation_eps_0.0_steps_0_Added_Noise_uniform_Eps_48.0_Tau_Type_normal_anchors - INFO - Batch 1591/2465: Clean accuracy 0.9799 | Adv accuracy: 0.9799 | Counter-attack accuracy: 0.9786
2026-02-07 15:01:40,301 - ADV_Generation_eps_0.0_steps_0_Added_Noise_uniform_Eps_48.0_Tau_Type_normal_anchors - INFO - Batch 1592/2465: Clean accuracy 0.9799 | Adv accuracy: 0.9799 | Counter-attack accuracy: 0.9786
2026-02-07 15:01:40,610 - ADV_Generation_eps_0.0_steps_0_Added_Noise_uniform_Eps_48.0_Tau_Type_normal_anchors - INFO - Batch 1593/2465: Clean accuracy 0.9799 | Adv accuracy: 0.9799 | Counter-attack accuracy: 0.9787
2026-02-07 15:01:40,919 - ADV_Generation_eps_0.0_steps_0_Added_Noise_uniform_Eps_48.0_Tau_Type_normal_anchors - INFO - Batch 1594/2465: Clean accuracy 0.9799 | Adv accuracy: 0.9799 | Counter-attack accuracy: 0.9787
2026-02-07 15:01:41,228 - ADV_Generation_eps_0.0_steps_0_Added_Noise_uniform_Eps_48.0_Tau_Type_normal_anchors - INFO - Batch 1595/2465: Clean accuracy 0.9799 | Adv accuracy: 0.9799 | Counter-attack accuracy: 0.9787
2026-02-07 15:01:41,609 - ADV_Generation_eps_0.0_steps_0_Added_Noise_uniform_Eps_48.0_Tau_Type_normal_anchors - INFO - Batch 1596/2465: Clean accuracy 0.9799 | Adv accuracy: 0.9799 | Counter-attack accuracy: 0.9787
2026-02-07 15:01:41,919 - ADV_Generation_eps_0.0_steps_0_Added_Noise_uniform_Eps_48.0_Tau_Type_normal_anchors - INFO - Batch 1597/2465: Clean accuracy 0.9800 | Adv accuracy: 0.9800 | Counter-attack accuracy: 0.9787
2026-02-07 15:01:42,228 - ADV_Generation_eps_0.0_steps_0_Added_Noise_uniform_Eps_48.0_Tau_Type_normal_anchors - INFO - Batch 1598/2465: Clean accuracy 0.9800 | Adv accuracy: 0.9800 | Counter-attack accuracy: 0.9787
2026-02-07 15:01:42,537 - ADV_Generation_eps_0.0_steps_0_Added_Noise_uniform_Eps_48.0_Tau_Type_normal_anchors - INFO - Batch 1599/2465: Clean accuracy 0.9800 | Adv accuracy: 0.9800 | Counter-attack accuracy: 0.9787
2026-02-07 15:01:42,845 - ADV_Generation_eps_0.0_steps_0_Added_Noise_uniform_Eps_48.0_Tau_Type_normal_anchors - INFO - Batch 1600/2465: Clean accuracy 0.9800 | Adv accuracy: 0.9800 | Counter-attack accuracy: 0.9788
2026-02-07 15:01:43,154 - ADV_Generation_eps_0.0_steps_0_Added_Noise_uniform_Eps_48.0_Tau_Type_normal_anchors - INFO - Batch 1601/2465: Clean accuracy 0.9800 | Adv accuracy: 0.9800 | Counter-attack accuracy: 0.9788
2026-02-07 15:01:43,463 - ADV_Generation_eps_0.0_steps_0_Added_Noise_uniform_Eps_48.0_Tau_Type_normal_anchors - INFO - Batch 1602/2465: Clean accuracy 0.9800 | Adv accuracy: 0.9800 | Counter-attack accuracy: 0.9788
2026-02-07 15:01:43,772 - ADV_Generation_eps_0.0_steps_0_Added_Noise_uniform_Eps_48.0_Tau_Type_normal_anchors - INFO - Batch 1603/2465: Clean accuracy 0.9800 | Adv accuracy: 0.9800 | Counter-attack accuracy: 0.9788
2026-02-07 15:01:44,081 - ADV_Generation_eps_0.0_steps_0_Added_Noise_uniform_Eps_48.0_Tau_Type_normal_anchors - INFO - Batch 1604/2465: Clean accuracy 0.9800 | Adv accuracy: 0.9800 | Counter-attack accuracy: 0.9788
2026-02-07 15:01:44,390 - ADV_Generation_eps_0.0_steps_0_Added_Noise_uniform_Eps_48.0_Tau_Type_normal_anchors - INFO - Batch 1605/2465: Clean accuracy 0.9801 | Adv accuracy: 0.9801 | Counter-attack accuracy: 0.9788
2026-02-07 15:01:44,699 - ADV_Generation_eps_0.0_steps_0_Added_Noise_uniform_Eps_48.0_Tau_Type_normal_anchors - INFO - Batch 1606/2465: Clean accuracy 0.9801 | Adv accuracy: 0.9801 | Counter-attack accuracy: 0.9788
2026-02-07 15:01:45,008 - ADV_Generation_eps_0.0_steps_0_Added_Noise_uniform_Eps_48.0_Tau_Type_normal_anchors - INFO - Batch 1607/2465: Clean accuracy 0.9801 | Adv accuracy: 0.9801 | Counter-attack accuracy: 0.9788
2026-02-07 15:01:45,317 - ADV_Generation_eps_0.0_steps_0_Added_Noise_uniform_Eps_48.0_Tau_Type_normal_anchors - INFO - Batch 1608/2465: Clean accuracy 0.9801 | Adv accuracy: 0.9801 | Counter-attack accuracy: 0.9789
2026-02-07 15:01:45,625 - ADV_Generation_eps_0.0_steps_0_Added_Noise_uniform_Eps_48.0_Tau_Type_normal_anchors - INFO - Batch 1609/2465: Clean accuracy 0.9801 | Adv accuracy: 0.9801 | Counter-attack accuracy: 0.9789
2026-02-07 15:01:45,934 - ADV_Generation_eps_0.0_steps_0_Added_Noise_uniform_Eps_48.0_Tau_Type_normal_anchors - INFO - Batch 1610/2465: Clean accuracy 0.9801 | Adv accuracy: 0.9801 | Counter-attack accuracy: 0.9789
2026-02-07 15:01:46,243 - ADV_Generation_eps_0.0_steps_0_Added_Noise_uniform_Eps_48.0_Tau_Type_normal_anchors - INFO - Batch 1611/2465: Clean accuracy 0.9801 | Adv accuracy: 0.9801 | Counter-attack accuracy: 0.9789
2026-02-07 15:01:46,552 - ADV_Generation_eps_0.0_steps_0_Added_Noise_uniform_Eps_48.0_Tau_Type_normal_anchors - INFO - Batch 1612/2465: Clean accuracy 0.9801 | Adv accuracy: 0.9801 | Counter-attack accuracy: 0.9789
2026-02-07 15:01:46,861 - ADV_Generation_eps_0.0_steps_0_Added_Noise_uniform_Eps_48.0_Tau_Type_normal_anchors - INFO - Batch 1613/2465: Clean accuracy 0.9802 | Adv accuracy: 0.9802 | Counter-attack accuracy: 0.9789
2026-02-07 15:01:47,170 - ADV_Generation_eps_0.0_steps_0_Added_Noise_uniform_Eps_48.0_Tau_Type_normal_anchors - INFO - Batch 1614/2465: Clean accuracy 0.9802 | Adv accuracy: 0.9802 | Counter-attack accuracy: 0.9789
2026-02-07 15:01:47,479 - ADV_Generation_eps_0.0_steps_0_Added_Noise_uniform_Eps_48.0_Tau_Type_normal_anchors - INFO - Batch 1615/2465: Clean accuracy 0.9802 | Adv accuracy: 0.9802 | Counter-attack accuracy: 0.9789
2026-02-07 15:01:47,788 - ADV_Generation_eps_0.0_steps_0_Added_Noise_uniform_Eps_48.0_Tau_Type_normal_anchors - INFO - Batch 1616/2465: Clean accuracy 0.9802 | Adv accuracy: 0.9802 | Counter-attack accuracy: 0.9790
2026-02-07 15:01:48,097 - ADV_Generation_eps_0.0_steps_0_Added_Noise_uniform_Eps_48.0_Tau_Type_normal_anchors - INFO - Batch 1617/2465: Clean accuracy 0.9802 | Adv accuracy: 0.9802 | Counter-attack accuracy: 0.9790
2026-02-07 15:01:48,405 - ADV_Generation_eps_0.0_steps_0_Added_Noise_uniform_Eps_48.0_Tau_Type_normal_anchors - INFO - Batch 1618/2465: Clean accuracy 0.9802 | Adv accuracy: 0.9802 | Counter-attack accuracy: 0.9790
2026-02-07 15:01:48,722 - ADV_Generation_eps_0.0_steps_0_Added_Noise_uniform_Eps_48.0_Tau_Type_normal_anchors - INFO - Batch 1619/2465: Clean accuracy 0.9802 | Adv accuracy: 0.9802 | Counter-attack accuracy: 0.9790
2026-02-07 15:01:49,031 - ADV_Generation_eps_0.0_steps_0_Added_Noise_uniform_Eps_48.0_Tau_Type_normal_anchors - INFO - Batch 1620/2465: Clean accuracy 0.9802 | Adv accuracy: 0.9802 | Counter-attack accuracy: 0.9790
2026-02-07 15:01:49,340 - ADV_Generation_eps_0.0_steps_0_Added_Noise_uniform_Eps_48.0_Tau_Type_normal_anchors - INFO - Batch 1621/2465: Clean accuracy 0.9803 | Adv accuracy: 0.9803 | Counter-attack accuracy: 0.9790
2026-02-07 15:01:49,692 - ADV_Generation_eps_0.0_steps_0_Added_Noise_uniform_Eps_48.0_Tau_Type_normal_anchors - INFO - Batch 1622/2465: Clean accuracy 0.9803 | Adv accuracy: 0.9803 | Counter-attack accuracy: 0.9790
2026-02-07 15:01:50,003 - ADV_Generation_eps_0.0_steps_0_Added_Noise_uniform_Eps_48.0_Tau_Type_normal_anchors - INFO - Batch 1623/2465: Clean accuracy 0.9803 | Adv accuracy: 0.9803 | Counter-attack accuracy: 0.9791
2026-02-07 15:01:50,311 - ADV_Generation_eps_0.0_steps_0_Added_Noise_uniform_Eps_48.0_Tau_Type_normal_anchors - INFO - Batch 1624/2465: Clean accuracy 0.9803 | Adv accuracy: 0.9803 | Counter-attack accuracy: 0.9791
2026-02-07 15:01:50,620 - ADV_Generation_eps_0.0_steps_0_Added_Noise_uniform_Eps_48.0_Tau_Type_normal_anchors - INFO - Batch 1625/2465: Clean accuracy 0.9803 | Adv accuracy: 0.9803 | Counter-attack accuracy: 0.9791
2026-02-07 15:01:50,929 - ADV_Generation_eps_0.0_steps_0_Added_Noise_uniform_Eps_48.0_Tau_Type_normal_anchors - INFO - Batch 1626/2465: Clean accuracy 0.9803 | Adv accuracy: 0.9803 | Counter-attack accuracy: 0.9791
2026-02-07 15:01:51,238 - ADV_Generation_eps_0.0_steps_0_Added_Noise_uniform_Eps_48.0_Tau_Type_normal_anchors - INFO - Batch 1627/2465: Clean accuracy 0.9803 | Adv accuracy: 0.9803 | Counter-attack accuracy: 0.9791
2026-02-07 15:01:51,547 - ADV_Generation_eps_0.0_steps_0_Added_Noise_uniform_Eps_48.0_Tau_Type_normal_anchors - INFO - Batch 1628/2465: Clean accuracy 0.9803 | Adv accuracy: 0.9803 | Counter-attack accuracy: 0.9791
2026-02-07 15:01:51,856 - ADV_Generation_eps_0.0_steps_0_Added_Noise_uniform_Eps_48.0_Tau_Type_normal_anchors - INFO - Batch 1629/2465: Clean accuracy 0.9797 | Adv accuracy: 0.9797 | Counter-attack accuracy: 0.9791
2026-02-07 15:01:52,165 - ADV_Generation_eps_0.0_steps_0_Added_Noise_uniform_Eps_48.0_Tau_Type_normal_anchors - INFO - Batch 1630/2465: Clean accuracy 0.9798 | Adv accuracy: 0.9798 | Counter-attack accuracy: 0.9791
2026-02-07 15:01:52,474 - ADV_Generation_eps_0.0_steps_0_Added_Noise_uniform_Eps_48.0_Tau_Type_normal_anchors - INFO - Batch 1631/2465: Clean accuracy 0.9792 | Adv accuracy: 0.9792 | Counter-attack accuracy: 0.9792
2026-02-07 15:01:52,782 - ADV_Generation_eps_0.0_steps_0_Added_Noise_uniform_Eps_48.0_Tau_Type_normal_anchors - INFO - Batch 1632/2465: Clean accuracy 0.9792 | Adv accuracy: 0.9792 | Counter-attack accuracy: 0.9792
2026-02-07 15:01:53,091 - ADV_Generation_eps_0.0_steps_0_Added_Noise_uniform_Eps_48.0_Tau_Type_normal_anchors - INFO - Batch 1633/2465: Clean accuracy 0.9792 | Adv accuracy: 0.9792 | Counter-attack accuracy: 0.9792
2026-02-07 15:01:53,400 - ADV_Generation_eps_0.0_steps_0_Added_Noise_uniform_Eps_48.0_Tau_Type_normal_anchors - INFO - Batch 1634/2465: Clean accuracy 0.9792 | Adv accuracy: 0.9792 | Counter-attack accuracy: 0.9792
2026-02-07 15:01:53,709 - ADV_Generation_eps_0.0_steps_0_Added_Noise_uniform_Eps_48.0_Tau_Type_normal_anchors - INFO - Batch 1635/2465: Clean accuracy 0.9792 | Adv accuracy: 0.9792 | Counter-attack accuracy: 0.9792
2026-02-07 15:01:54,023 - ADV_Generation_eps_0.0_steps_0_Added_Noise_uniform_Eps_48.0_Tau_Type_normal_anchors - INFO - Batch 1636/2465: Clean accuracy 0.9792 | Adv accuracy: 0.9792 | Counter-attack accuracy: 0.9792
2026-02-07 15:01:54,332 - ADV_Generation_eps_0.0_steps_0_Added_Noise_uniform_Eps_48.0_Tau_Type_normal_anchors - INFO - Batch 1637/2465: Clean accuracy 0.9792 | Adv accuracy: 0.9792 | Counter-attack accuracy: 0.9792
2026-02-07 15:01:54,641 - ADV_Generation_eps_0.0_steps_0_Added_Noise_uniform_Eps_48.0_Tau_Type_normal_anchors - INFO - Batch 1638/2465: Clean accuracy 0.9792 | Adv accuracy: 0.9792 | Counter-attack accuracy: 0.9792
2026-02-07 15:01:54,950 - ADV_Generation_eps_0.0_steps_0_Added_Noise_uniform_Eps_48.0_Tau_Type_normal_anchors - INFO - Batch 1639/2465: Clean accuracy 0.9793 | Adv accuracy: 0.9793 | Counter-attack accuracy: 0.9793
2026-02-07 15:01:55,259 - ADV_Generation_eps_0.0_steps_0_Added_Noise_uniform_Eps_48.0_Tau_Type_normal_anchors - INFO - Batch 1640/2465: Clean accuracy 0.9793 | Adv accuracy: 0.9793 | Counter-attack accuracy: 0.9793
2026-02-07 15:01:55,568 - ADV_Generation_eps_0.0_steps_0_Added_Noise_uniform_Eps_48.0_Tau_Type_normal_anchors - INFO - Batch 1641/2465: Clean accuracy 0.9793 | Adv accuracy: 0.9793 | Counter-attack accuracy: 0.9793
2026-02-07 15:01:55,877 - ADV_Generation_eps_0.0_steps_0_Added_Noise_uniform_Eps_48.0_Tau_Type_normal_anchors - INFO - Batch 1642/2465: Clean accuracy 0.9793 | Adv accuracy: 0.9793 | Counter-attack accuracy: 0.9793
2026-02-07 15:01:56,185 - ADV_Generation_eps_0.0_steps_0_Added_Noise_uniform_Eps_48.0_Tau_Type_normal_anchors - INFO - Batch 1643/2465: Clean accuracy 0.9793 | Adv accuracy: 0.9793 | Counter-attack accuracy: 0.9793
2026-02-07 15:01:56,494 - ADV_Generation_eps_0.0_steps_0_Added_Noise_uniform_Eps_48.0_Tau_Type_normal_anchors - INFO - Batch 1644/2465: Clean accuracy 0.9793 | Adv accuracy: 0.9793 | Counter-attack accuracy: 0.9793
2026-02-07 15:01:56,803 - ADV_Generation_eps_0.0_steps_0_Added_Noise_uniform_Eps_48.0_Tau_Type_normal_anchors - INFO - Batch 1645/2465: Clean accuracy 0.9793 | Adv accuracy: 0.9793 | Counter-attack accuracy: 0.9793
2026-02-07 15:01:57,112 - ADV_Generation_eps_0.0_steps_0_Added_Noise_uniform_Eps_48.0_Tau_Type_normal_anchors - INFO - Batch 1646/2465: Clean accuracy 0.9793 | Adv accuracy: 0.9793 | Counter-attack accuracy: 0.9793
2026-02-07 15:01:57,421 - ADV_Generation_eps_0.0_steps_0_Added_Noise_uniform_Eps_48.0_Tau_Type_normal_anchors - INFO - Batch 1647/2465: Clean accuracy 0.9794 | Adv accuracy: 0.9794 | Counter-attack accuracy: 0.9794
2026-02-07 15:01:57,730 - ADV_Generation_eps_0.0_steps_0_Added_Noise_uniform_Eps_48.0_Tau_Type_normal_anchors - INFO - Batch 1648/2465: Clean accuracy 0.9794 | Adv accuracy: 0.9794 | Counter-attack accuracy: 0.9794
2026-02-07 15:01:58,039 - ADV_Generation_eps_0.0_steps_0_Added_Noise_uniform_Eps_48.0_Tau_Type_normal_anchors - INFO - Batch 1649/2465: Clean accuracy 0.9794 | Adv accuracy: 0.9794 | Counter-attack accuracy: 0.9794
2026-02-07 15:01:58,348 - ADV_Generation_eps_0.0_steps_0_Added_Noise_uniform_Eps_48.0_Tau_Type_normal_anchors - INFO - Batch 1650/2465: Clean accuracy 0.9788 | Adv accuracy: 0.9788 | Counter-attack accuracy: 0.9794
2026-02-07 15:01:58,657 - ADV_Generation_eps_0.0_steps_0_Added_Noise_uniform_Eps_48.0_Tau_Type_normal_anchors - INFO - Batch 1651/2465: Clean accuracy 0.9782 | Adv accuracy: 0.9782 | Counter-attack accuracy: 0.9788
2026-02-07 15:01:58,966 - ADV_Generation_eps_0.0_steps_0_Added_Noise_uniform_Eps_48.0_Tau_Type_normal_anchors - INFO - Batch 1652/2465: Clean accuracy 0.9782 | Adv accuracy: 0.9782 | Counter-attack accuracy: 0.9788
2026-02-07 15:01:59,278 - ADV_Generation_eps_0.0_steps_0_Added_Noise_uniform_Eps_48.0_Tau_Type_normal_anchors - INFO - Batch 1653/2465: Clean accuracy 0.9782 | Adv accuracy: 0.9782 | Counter-attack accuracy: 0.9788
2026-02-07 15:01:59,587 - ADV_Generation_eps_0.0_steps_0_Added_Noise_uniform_Eps_48.0_Tau_Type_normal_anchors - INFO - Batch 1654/2465: Clean accuracy 0.9782 | Adv accuracy: 0.9782 | Counter-attack accuracy: 0.9788
2026-02-07 15:01:59,896 - ADV_Generation_eps_0.0_steps_0_Added_Noise_uniform_Eps_48.0_Tau_Type_normal_anchors - INFO - Batch 1655/2465: Clean accuracy 0.9782 | Adv accuracy: 0.9782 | Counter-attack accuracy: 0.9789
2026-02-07 15:02:00,205 - ADV_Generation_eps_0.0_steps_0_Added_Noise_uniform_Eps_48.0_Tau_Type_normal_anchors - INFO - Batch 1656/2465: Clean accuracy 0.9783 | Adv accuracy: 0.9783 | Counter-attack accuracy: 0.9789
2026-02-07 15:02:00,514 - ADV_Generation_eps_0.0_steps_0_Added_Noise_uniform_Eps_48.0_Tau_Type_normal_anchors - INFO - Batch 1657/2465: Clean accuracy 0.9783 | Adv accuracy: 0.9783 | Counter-attack accuracy: 0.9789
2026-02-07 15:02:00,825 - ADV_Generation_eps_0.0_steps_0_Added_Noise_uniform_Eps_48.0_Tau_Type_normal_anchors - INFO - Batch 1658/2465: Clean accuracy 0.9783 | Adv accuracy: 0.9783 | Counter-attack accuracy: 0.9789
2026-02-07 15:02:01,134 - ADV_Generation_eps_0.0_steps_0_Added_Noise_uniform_Eps_48.0_Tau_Type_normal_anchors - INFO - Batch 1659/2465: Clean accuracy 0.9777 | Adv accuracy: 0.9777 | Counter-attack accuracy: 0.9783
2026-02-07 15:02:01,443 - ADV_Generation_eps_0.0_steps_0_Added_Noise_uniform_Eps_48.0_Tau_Type_normal_anchors - INFO - Batch 1660/2465: Clean accuracy 0.9777 | Adv accuracy: 0.9777 | Counter-attack accuracy: 0.9783
2026-02-07 15:02:01,752 - ADV_Generation_eps_0.0_steps_0_Added_Noise_uniform_Eps_48.0_Tau_Type_normal_anchors - INFO - Batch 1661/2465: Clean accuracy 0.9777 | Adv accuracy: 0.9777 | Counter-attack accuracy: 0.9783
2026-02-07 15:02:02,060 - ADV_Generation_eps_0.0_steps_0_Added_Noise_uniform_Eps_48.0_Tau_Type_normal_anchors - INFO - Batch 1662/2465: Clean accuracy 0.9777 | Adv accuracy: 0.9777 | Counter-attack accuracy: 0.9783
2026-02-07 15:02:02,369 - ADV_Generation_eps_0.0_steps_0_Added_Noise_uniform_Eps_48.0_Tau_Type_normal_anchors - INFO - Batch 1663/2465: Clean accuracy 0.9778 | Adv accuracy: 0.9778 | Counter-attack accuracy: 0.9784
2026-02-07 15:02:02,678 - ADV_Generation_eps_0.0_steps_0_Added_Noise_uniform_Eps_48.0_Tau_Type_normal_anchors - INFO - Batch 1664/2465: Clean accuracy 0.9778 | Adv accuracy: 0.9778 | Counter-attack accuracy: 0.9784
2026-02-07 15:02:02,987 - ADV_Generation_eps_0.0_steps_0_Added_Noise_uniform_Eps_48.0_Tau_Type_normal_anchors - INFO - Batch 1665/2465: Clean accuracy 0.9778 | Adv accuracy: 0.9778 | Counter-attack accuracy: 0.9784
2026-02-07 15:02:03,296 - ADV_Generation_eps_0.0_steps_0_Added_Noise_uniform_Eps_48.0_Tau_Type_normal_anchors - INFO - Batch 1666/2465: Clean accuracy 0.9778 | Adv accuracy: 0.9778 | Counter-attack accuracy: 0.9784
2026-02-07 15:02:03,605 - ADV_Generation_eps_0.0_steps_0_Added_Noise_uniform_Eps_48.0_Tau_Type_normal_anchors - INFO - Batch 1667/2465: Clean accuracy 0.9778 | Adv accuracy: 0.9778 | Counter-attack accuracy: 0.9784
2026-02-07 15:02:03,914 - ADV_Generation_eps_0.0_steps_0_Added_Noise_uniform_Eps_48.0_Tau_Type_normal_anchors - INFO - Batch 1668/2465: Clean accuracy 0.9778 | Adv accuracy: 0.9778 | Counter-attack accuracy: 0.9778
2026-02-07 15:02:04,223 - ADV_Generation_eps_0.0_steps_0_Added_Noise_uniform_Eps_48.0_Tau_Type_normal_anchors - INFO - Batch 1669/2465: Clean accuracy 0.9778 | Adv accuracy: 0.9778 | Counter-attack accuracy: 0.9778
2026-02-07 15:02:04,532 - ADV_Generation_eps_0.0_steps_0_Added_Noise_uniform_Eps_48.0_Tau_Type_normal_anchors - INFO - Batch 1670/2465: Clean accuracy 0.9778 | Adv accuracy: 0.9778 | Counter-attack accuracy: 0.9778
2026-02-07 15:02:04,841 - ADV_Generation_eps_0.0_steps_0_Added_Noise_uniform_Eps_48.0_Tau_Type_normal_anchors - INFO - Batch 1671/2465: Clean accuracy 0.9779 | Adv accuracy: 0.9779 | Counter-attack accuracy: 0.9779
2026-02-07 15:02:05,150 - ADV_Generation_eps_0.0_steps_0_Added_Noise_uniform_Eps_48.0_Tau_Type_normal_anchors - INFO - Batch 1672/2465: Clean accuracy 0.9779 | Adv accuracy: 0.9779 | Counter-attack accuracy: 0.9779
2026-02-07 15:02:05,459 - ADV_Generation_eps_0.0_steps_0_Added_Noise_uniform_Eps_48.0_Tau_Type_normal_anchors - INFO - Batch 1673/2465: Clean accuracy 0.9779 | Adv accuracy: 0.9779 | Counter-attack accuracy: 0.9779
2026-02-07 15:02:05,767 - ADV_Generation_eps_0.0_steps_0_Added_Noise_uniform_Eps_48.0_Tau_Type_normal_anchors - INFO - Batch 1674/2465: Clean accuracy 0.9779 | Adv accuracy: 0.9779 | Counter-attack accuracy: 0.9773
2026-02-07 15:02:06,076 - ADV_Generation_eps_0.0_steps_0_Added_Noise_uniform_Eps_48.0_Tau_Type_normal_anchors - INFO - Batch 1675/2465: Clean accuracy 0.9779 | Adv accuracy: 0.9779 | Counter-attack accuracy: 0.9773
2026-02-07 15:02:06,385 - ADV_Generation_eps_0.0_steps_0_Added_Noise_uniform_Eps_48.0_Tau_Type_normal_anchors - INFO - Batch 1676/2465: Clean accuracy 0.9779 | Adv accuracy: 0.9779 | Counter-attack accuracy: 0.9773
2026-02-07 15:02:06,694 - ADV_Generation_eps_0.0_steps_0_Added_Noise_uniform_Eps_48.0_Tau_Type_normal_anchors - INFO - Batch 1677/2465: Clean accuracy 0.9779 | Adv accuracy: 0.9779 | Counter-attack accuracy: 0.9773
2026-02-07 15:02:07,003 - ADV_Generation_eps_0.0_steps_0_Added_Noise_uniform_Eps_48.0_Tau_Type_normal_anchors - INFO - Batch 1678/2465: Clean accuracy 0.9779 | Adv accuracy: 0.9779 | Counter-attack accuracy: 0.9774
2026-02-07 15:02:07,311 - ADV_Generation_eps_0.0_steps_0_Added_Noise_uniform_Eps_48.0_Tau_Type_normal_anchors - INFO - Batch 1679/2465: Clean accuracy 0.9780 | Adv accuracy: 0.9780 | Counter-attack accuracy: 0.9774
2026-02-07 15:02:07,620 - ADV_Generation_eps_0.0_steps_0_Added_Noise_uniform_Eps_48.0_Tau_Type_normal_anchors - INFO - Batch 1680/2465: Clean accuracy 0.9780 | Adv accuracy: 0.9780 | Counter-attack accuracy: 0.9774
2026-02-07 15:02:07,929 - ADV_Generation_eps_0.0_steps_0_Added_Noise_uniform_Eps_48.0_Tau_Type_normal_anchors - INFO - Batch 1681/2465: Clean accuracy 0.9780 | Adv accuracy: 0.9780 | Counter-attack accuracy: 0.9774
2026-02-07 15:02:08,238 - ADV_Generation_eps_0.0_steps_0_Added_Noise_uniform_Eps_48.0_Tau_Type_normal_anchors - INFO - Batch 1682/2465: Clean accuracy 0.9780 | Adv accuracy: 0.9780 | Counter-attack accuracy: 0.9774
2026-02-07 15:02:08,547 - ADV_Generation_eps_0.0_steps_0_Added_Noise_uniform_Eps_48.0_Tau_Type_normal_anchors - INFO - Batch 1683/2465: Clean accuracy 0.9780 | Adv accuracy: 0.9780 | Counter-attack accuracy: 0.9774
2026-02-07 15:02:08,856 - ADV_Generation_eps_0.0_steps_0_Added_Noise_uniform_Eps_48.0_Tau_Type_normal_anchors - INFO - Batch 1684/2465: Clean accuracy 0.9780 | Adv accuracy: 0.9780 | Counter-attack accuracy: 0.9774
2026-02-07 15:02:09,165 - ADV_Generation_eps_0.0_steps_0_Added_Noise_uniform_Eps_48.0_Tau_Type_normal_anchors - INFO - Batch 1685/2465: Clean accuracy 0.9780 | Adv accuracy: 0.9780 | Counter-attack accuracy: 0.9774
2026-02-07 15:02:09,474 - ADV_Generation_eps_0.0_steps_0_Added_Noise_uniform_Eps_48.0_Tau_Type_normal_anchors - INFO - Batch 1686/2465: Clean accuracy 0.9781 | Adv accuracy: 0.9781 | Counter-attack accuracy: 0.9775
2026-02-07 15:02:09,783 - ADV_Generation_eps_0.0_steps_0_Added_Noise_uniform_Eps_48.0_Tau_Type_normal_anchors - INFO - Batch 1687/2465: Clean accuracy 0.9781 | Adv accuracy: 0.9781 | Counter-attack accuracy: 0.9775
2026-02-07 15:02:10,092 - ADV_Generation_eps_0.0_steps_0_Added_Noise_uniform_Eps_48.0_Tau_Type_normal_anchors - INFO - Batch 1688/2465: Clean accuracy 0.9781 | Adv accuracy: 0.9781 | Counter-attack accuracy: 0.9775
2026-02-07 15:02:10,400 - ADV_Generation_eps_0.0_steps_0_Added_Noise_uniform_Eps_48.0_Tau_Type_normal_anchors - INFO - Batch 1689/2465: Clean accuracy 0.9781 | Adv accuracy: 0.9781 | Counter-attack accuracy: 0.9775
2026-02-07 15:02:10,709 - ADV_Generation_eps_0.0_steps_0_Added_Noise_uniform_Eps_48.0_Tau_Type_normal_anchors - INFO - Batch 1690/2465: Clean accuracy 0.9781 | Adv accuracy: 0.9781 | Counter-attack accuracy: 0.9775
2026-02-07 15:02:11,018 - ADV_Generation_eps_0.0_steps_0_Added_Noise_uniform_Eps_48.0_Tau_Type_normal_anchors - INFO - Batch 1691/2465: Clean accuracy 0.9781 | Adv accuracy: 0.9781 | Counter-attack accuracy: 0.9775
2026-02-07 15:02:11,327 - ADV_Generation_eps_0.0_steps_0_Added_Noise_uniform_Eps_48.0_Tau_Type_normal_anchors - INFO - Batch 1692/2465: Clean accuracy 0.9781 | Adv accuracy: 0.9781 | Counter-attack accuracy: 0.9775
2026-02-07 15:02:11,709 - ADV_Generation_eps_0.0_steps_0_Added_Noise_uniform_Eps_48.0_Tau_Type_normal_anchors - INFO - Batch 1693/2465: Clean accuracy 0.9781 | Adv accuracy: 0.9781 | Counter-attack accuracy: 0.9776
2026-02-07 15:02:12,018 - ADV_Generation_eps_0.0_steps_0_Added_Noise_uniform_Eps_48.0_Tau_Type_normal_anchors - INFO - Batch 1694/2465: Clean accuracy 0.9782 | Adv accuracy: 0.9782 | Counter-attack accuracy: 0.9776
2026-02-07 15:02:12,327 - ADV_Generation_eps_0.0_steps_0_Added_Noise_uniform_Eps_48.0_Tau_Type_normal_anchors - INFO - Batch 1695/2465: Clean accuracy 0.9782 | Adv accuracy: 0.9782 | Counter-attack accuracy: 0.9776
2026-02-07 15:02:12,636 - ADV_Generation_eps_0.0_steps_0_Added_Noise_uniform_Eps_48.0_Tau_Type_normal_anchors - INFO - Batch 1696/2465: Clean accuracy 0.9782 | Adv accuracy: 0.9782 | Counter-attack accuracy: 0.9776
2026-02-07 15:02:12,945 - ADV_Generation_eps_0.0_steps_0_Added_Noise_uniform_Eps_48.0_Tau_Type_normal_anchors - INFO - Batch 1697/2465: Clean accuracy 0.9782 | Adv accuracy: 0.9782 | Counter-attack accuracy: 0.9776
2026-02-07 15:02:13,253 - ADV_Generation_eps_0.0_steps_0_Added_Noise_uniform_Eps_48.0_Tau_Type_normal_anchors - INFO - Batch 1698/2465: Clean accuracy 0.9782 | Adv accuracy: 0.9782 | Counter-attack accuracy: 0.9776
2026-02-07 15:02:13,562 - ADV_Generation_eps_0.0_steps_0_Added_Noise_uniform_Eps_48.0_Tau_Type_normal_anchors - INFO - Batch 1699/2465: Clean accuracy 0.9782 | Adv accuracy: 0.9782 | Counter-attack accuracy: 0.9776
2026-02-07 15:02:13,871 - ADV_Generation_eps_0.0_steps_0_Added_Noise_uniform_Eps_48.0_Tau_Type_normal_anchors - INFO - Batch 1700/2465: Clean accuracy 0.9782 | Adv accuracy: 0.9782 | Counter-attack accuracy: 0.9776
2026-02-07 15:02:14,180 - ADV_Generation_eps_0.0_steps_0_Added_Noise_uniform_Eps_48.0_Tau_Type_normal_anchors - INFO - Batch 1701/2465: Clean accuracy 0.9782 | Adv accuracy: 0.9782 | Counter-attack accuracy: 0.9777
2026-02-07 15:02:14,489 - ADV_Generation_eps_0.0_steps_0_Added_Noise_uniform_Eps_48.0_Tau_Type_normal_anchors - INFO - Batch 1702/2465: Clean accuracy 0.9783 | Adv accuracy: 0.9783 | Counter-attack accuracy: 0.9777
2026-02-07 15:02:14,798 - ADV_Generation_eps_0.0_steps_0_Added_Noise_uniform_Eps_48.0_Tau_Type_normal_anchors - INFO - Batch 1703/2465: Clean accuracy 0.9783 | Adv accuracy: 0.9783 | Counter-attack accuracy: 0.9777
2026-02-07 15:02:15,107 - ADV_Generation_eps_0.0_steps_0_Added_Noise_uniform_Eps_48.0_Tau_Type_normal_anchors - INFO - Batch 1704/2465: Clean accuracy 0.9783 | Adv accuracy: 0.9783 | Counter-attack accuracy: 0.9777
2026-02-07 15:02:15,416 - ADV_Generation_eps_0.0_steps_0_Added_Noise_uniform_Eps_48.0_Tau_Type_normal_anchors - INFO - Batch 1705/2465: Clean accuracy 0.9783 | Adv accuracy: 0.9783 | Counter-attack accuracy: 0.9777
2026-02-07 15:02:15,725 - ADV_Generation_eps_0.0_steps_0_Added_Noise_uniform_Eps_48.0_Tau_Type_normal_anchors - INFO - Batch 1706/2465: Clean accuracy 0.9783 | Adv accuracy: 0.9783 | Counter-attack accuracy: 0.9777
2026-02-07 15:02:16,033 - ADV_Generation_eps_0.0_steps_0_Added_Noise_uniform_Eps_48.0_Tau_Type_normal_anchors - INFO - Batch 1707/2465: Clean accuracy 0.9783 | Adv accuracy: 0.9783 | Counter-attack accuracy: 0.9777
2026-02-07 15:02:16,342 - ADV_Generation_eps_0.0_steps_0_Added_Noise_uniform_Eps_48.0_Tau_Type_normal_anchors - INFO - Batch 1708/2465: Clean accuracy 0.9783 | Adv accuracy: 0.9783 | Counter-attack accuracy: 0.9778
2026-02-07 15:02:16,651 - ADV_Generation_eps_0.0_steps_0_Added_Noise_uniform_Eps_48.0_Tau_Type_normal_anchors - INFO - Batch 1709/2465: Clean accuracy 0.9783 | Adv accuracy: 0.9783 | Counter-attack accuracy: 0.9778
2026-02-07 15:02:16,960 - ADV_Generation_eps_0.0_steps_0_Added_Noise_uniform_Eps_48.0_Tau_Type_normal_anchors - INFO - Batch 1710/2465: Clean accuracy 0.9784 | Adv accuracy: 0.9784 | Counter-attack accuracy: 0.9778
2026-02-07 15:02:17,270 - ADV_Generation_eps_0.0_steps_0_Added_Noise_uniform_Eps_48.0_Tau_Type_normal_anchors - INFO - Batch 1711/2465: Clean accuracy 0.9784 | Adv accuracy: 0.9784 | Counter-attack accuracy: 0.9778
2026-02-07 15:02:17,579 - ADV_Generation_eps_0.0_steps_0_Added_Noise_uniform_Eps_48.0_Tau_Type_normal_anchors - INFO - Batch 1712/2465: Clean accuracy 0.9778 | Adv accuracy: 0.9778 | Counter-attack accuracy: 0.9772
2026-02-07 15:02:17,888 - ADV_Generation_eps_0.0_steps_0_Added_Noise_uniform_Eps_48.0_Tau_Type_normal_anchors - INFO - Batch 1713/2465: Clean accuracy 0.9778 | Adv accuracy: 0.9778 | Counter-attack accuracy: 0.9772
2026-02-07 15:02:18,197 - ADV_Generation_eps_0.0_steps_0_Added_Noise_uniform_Eps_48.0_Tau_Type_normal_anchors - INFO - Batch 1714/2465: Clean accuracy 0.9778 | Adv accuracy: 0.9778 | Counter-attack accuracy: 0.9772
2026-02-07 15:02:18,506 - ADV_Generation_eps_0.0_steps_0_Added_Noise_uniform_Eps_48.0_Tau_Type_normal_anchors - INFO - Batch 1715/2465: Clean accuracy 0.9778 | Adv accuracy: 0.9778 | Counter-attack accuracy: 0.9773
2026-02-07 15:02:18,814 - ADV_Generation_eps_0.0_steps_0_Added_Noise_uniform_Eps_48.0_Tau_Type_normal_anchors - INFO - Batch 1716/2465: Clean accuracy 0.9779 | Adv accuracy: 0.9779 | Counter-attack accuracy: 0.9773
2026-02-07 15:02:19,123 - ADV_Generation_eps_0.0_steps_0_Added_Noise_uniform_Eps_48.0_Tau_Type_normal_anchors - INFO - Batch 1717/2465: Clean accuracy 0.9779 | Adv accuracy: 0.9779 | Counter-attack accuracy: 0.9773
2026-02-07 15:02:19,432 - ADV_Generation_eps_0.0_steps_0_Added_Noise_uniform_Eps_48.0_Tau_Type_normal_anchors - INFO - Batch 1718/2465: Clean accuracy 0.9779 | Adv accuracy: 0.9779 | Counter-attack accuracy: 0.9773
2026-02-07 15:02:19,741 - ADV_Generation_eps_0.0_steps_0_Added_Noise_uniform_Eps_48.0_Tau_Type_normal_anchors - INFO - Batch 1719/2465: Clean accuracy 0.9779 | Adv accuracy: 0.9779 | Counter-attack accuracy: 0.9773
2026-02-07 15:02:20,050 - ADV_Generation_eps_0.0_steps_0_Added_Noise_uniform_Eps_48.0_Tau_Type_normal_anchors - INFO - Batch 1720/2465: Clean accuracy 0.9779 | Adv accuracy: 0.9779 | Counter-attack accuracy: 0.9773
2026-02-07 15:02:20,362 - ADV_Generation_eps_0.0_steps_0_Added_Noise_uniform_Eps_48.0_Tau_Type_normal_anchors - INFO - Batch 1721/2465: Clean accuracy 0.9779 | Adv accuracy: 0.9779 | Counter-attack accuracy: 0.9773
2026-02-07 15:02:20,671 - ADV_Generation_eps_0.0_steps_0_Added_Noise_uniform_Eps_48.0_Tau_Type_normal_anchors - INFO - Batch 1722/2465: Clean accuracy 0.9779 | Adv accuracy: 0.9779 | Counter-attack accuracy: 0.9774
2026-02-07 15:02:20,980 - ADV_Generation_eps_0.0_steps_0_Added_Noise_uniform_Eps_48.0_Tau_Type_normal_anchors - INFO - Batch 1723/2465: Clean accuracy 0.9779 | Adv accuracy: 0.9779 | Counter-attack accuracy: 0.9774
2026-02-07 15:02:21,288 - ADV_Generation_eps_0.0_steps_0_Added_Noise_uniform_Eps_48.0_Tau_Type_normal_anchors - INFO - Batch 1724/2465: Clean accuracy 0.9780 | Adv accuracy: 0.9780 | Counter-attack accuracy: 0.9774
2026-02-07 15:02:21,597 - ADV_Generation_eps_0.0_steps_0_Added_Noise_uniform_Eps_48.0_Tau_Type_normal_anchors - INFO - Batch 1725/2465: Clean accuracy 0.9780 | Adv accuracy: 0.9780 | Counter-attack accuracy: 0.9774
2026-02-07 15:02:21,906 - ADV_Generation_eps_0.0_steps_0_Added_Noise_uniform_Eps_48.0_Tau_Type_normal_anchors - INFO - Batch 1726/2465: Clean accuracy 0.9780 | Adv accuracy: 0.9780 | Counter-attack accuracy: 0.9768
2026-02-07 15:02:22,215 - ADV_Generation_eps_0.0_steps_0_Added_Noise_uniform_Eps_48.0_Tau_Type_normal_anchors - INFO - Batch 1727/2465: Clean accuracy 0.9780 | Adv accuracy: 0.9780 | Counter-attack accuracy: 0.9768
2026-02-07 15:02:22,524 - ADV_Generation_eps_0.0_steps_0_Added_Noise_uniform_Eps_48.0_Tau_Type_normal_anchors - INFO - Batch 1728/2465: Clean accuracy 0.9780 | Adv accuracy: 0.9780 | Counter-attack accuracy: 0.9769
2026-02-07 15:02:22,890 - ADV_Generation_eps_0.0_steps_0_Added_Noise_uniform_Eps_48.0_Tau_Type_normal_anchors - INFO - Batch 1729/2465: Clean accuracy 0.9780 | Adv accuracy: 0.9780 | Counter-attack accuracy: 0.9769
2026-02-07 15:02:23,298 - ADV_Generation_eps_0.0_steps_0_Added_Noise_uniform_Eps_48.0_Tau_Type_normal_anchors - INFO - Batch 1730/2465: Clean accuracy 0.9780 | Adv accuracy: 0.9780 | Counter-attack accuracy: 0.9769
2026-02-07 15:02:23,607 - ADV_Generation_eps_0.0_steps_0_Added_Noise_uniform_Eps_48.0_Tau_Type_normal_anchors - INFO - Batch 1731/2465: Clean accuracy 0.9780 | Adv accuracy: 0.9780 | Counter-attack accuracy: 0.9769
2026-02-07 15:02:23,916 - ADV_Generation_eps_0.0_steps_0_Added_Noise_uniform_Eps_48.0_Tau_Type_normal_anchors - INFO - Batch 1732/2465: Clean accuracy 0.9781 | Adv accuracy: 0.9781 | Counter-attack accuracy: 0.9769
2026-02-07 15:02:24,225 - ADV_Generation_eps_0.0_steps_0_Added_Noise_uniform_Eps_48.0_Tau_Type_normal_anchors - INFO - Batch 1733/2465: Clean accuracy 0.9781 | Adv accuracy: 0.9781 | Counter-attack accuracy: 0.9763
2026-02-07 15:02:24,533 - ADV_Generation_eps_0.0_steps_0_Added_Noise_uniform_Eps_48.0_Tau_Type_normal_anchors - INFO - Batch 1734/2465: Clean accuracy 0.9781 | Adv accuracy: 0.9781 | Counter-attack accuracy: 0.9764
2026-02-07 15:02:24,842 - ADV_Generation_eps_0.0_steps_0_Added_Noise_uniform_Eps_48.0_Tau_Type_normal_anchors - INFO - Batch 1735/2465: Clean accuracy 0.9781 | Adv accuracy: 0.9781 | Counter-attack accuracy: 0.9764
2026-02-07 15:02:25,151 - ADV_Generation_eps_0.0_steps_0_Added_Noise_uniform_Eps_48.0_Tau_Type_normal_anchors - INFO - Batch 1736/2465: Clean accuracy 0.9775 | Adv accuracy: 0.9775 | Counter-attack accuracy: 0.9758
2026-02-07 15:02:25,460 - ADV_Generation_eps_0.0_steps_0_Added_Noise_uniform_Eps_48.0_Tau_Type_normal_anchors - INFO - Batch 1737/2465: Clean accuracy 0.9775 | Adv accuracy: 0.9775 | Counter-attack accuracy: 0.9758
2026-02-07 15:02:25,769 - ADV_Generation_eps_0.0_steps_0_Added_Noise_uniform_Eps_48.0_Tau_Type_normal_anchors - INFO - Batch 1738/2465: Clean accuracy 0.9770 | Adv accuracy: 0.9770 | Counter-attack accuracy: 0.9753
2026-02-07 15:02:26,078 - ADV_Generation_eps_0.0_steps_0_Added_Noise_uniform_Eps_48.0_Tau_Type_normal_anchors - INFO - Batch 1739/2465: Clean accuracy 0.9770 | Adv accuracy: 0.9770 | Counter-attack accuracy: 0.9753
2026-02-07 15:02:26,387 - ADV_Generation_eps_0.0_steps_0_Added_Noise_uniform_Eps_48.0_Tau_Type_normal_anchors - INFO - Batch 1740/2465: Clean accuracy 0.9764 | Adv accuracy: 0.9764 | Counter-attack accuracy: 0.9747
2026-02-07 15:02:26,696 - ADV_Generation_eps_0.0_steps_0_Added_Noise_uniform_Eps_48.0_Tau_Type_normal_anchors - INFO - Batch 1741/2465: Clean accuracy 0.9765 | Adv accuracy: 0.9765 | Counter-attack accuracy: 0.9747
2026-02-07 15:02:27,011 - ADV_Generation_eps_0.0_steps_0_Added_Noise_uniform_Eps_48.0_Tau_Type_normal_anchors - INFO - Batch 1742/2465: Clean accuracy 0.9765 | Adv accuracy: 0.9765 | Counter-attack accuracy: 0.9747
2026-02-07 15:02:27,320 - ADV_Generation_eps_0.0_steps_0_Added_Noise_uniform_Eps_48.0_Tau_Type_normal_anchors - INFO - Batch 1743/2465: Clean accuracy 0.9759 | Adv accuracy: 0.9759 | Counter-attack accuracy: 0.9742
2026-02-07 15:02:27,629 - ADV_Generation_eps_0.0_steps_0_Added_Noise_uniform_Eps_48.0_Tau_Type_normal_anchors - INFO - Batch 1744/2465: Clean accuracy 0.9753 | Adv accuracy: 0.9753 | Counter-attack accuracy: 0.9736
2026-02-07 15:02:27,938 - ADV_Generation_eps_0.0_steps_0_Added_Noise_uniform_Eps_48.0_Tau_Type_normal_anchors - INFO - Batch 1745/2465: Clean accuracy 0.9754 | Adv accuracy: 0.9754 | Counter-attack accuracy: 0.9736
2026-02-07 15:02:28,247 - ADV_Generation_eps_0.0_steps_0_Added_Noise_uniform_Eps_48.0_Tau_Type_normal_anchors - INFO - Batch 1746/2465: Clean accuracy 0.9754 | Adv accuracy: 0.9754 | Counter-attack accuracy: 0.9737
2026-02-07 15:02:28,556 - ADV_Generation_eps_0.0_steps_0_Added_Noise_uniform_Eps_48.0_Tau_Type_normal_anchors - INFO - Batch 1747/2465: Clean accuracy 0.9748 | Adv accuracy: 0.9748 | Counter-attack accuracy: 0.9731
2026-02-07 15:02:28,865 - ADV_Generation_eps_0.0_steps_0_Added_Noise_uniform_Eps_48.0_Tau_Type_normal_anchors - INFO - Batch 1748/2465: Clean accuracy 0.9748 | Adv accuracy: 0.9748 | Counter-attack accuracy: 0.9731
2026-02-07 15:02:29,174 - ADV_Generation_eps_0.0_steps_0_Added_Noise_uniform_Eps_48.0_Tau_Type_normal_anchors - INFO - Batch 1749/2465: Clean accuracy 0.9748 | Adv accuracy: 0.9748 | Counter-attack accuracy: 0.9731
2026-02-07 15:02:29,483 - ADV_Generation_eps_0.0_steps_0_Added_Noise_uniform_Eps_48.0_Tau_Type_normal_anchors - INFO - Batch 1750/2465: Clean accuracy 0.9743 | Adv accuracy: 0.9743 | Counter-attack accuracy: 0.9726
2026-02-07 15:02:29,792 - ADV_Generation_eps_0.0_steps_0_Added_Noise_uniform_Eps_48.0_Tau_Type_normal_anchors - INFO - Batch 1751/2465: Clean accuracy 0.9737 | Adv accuracy: 0.9737 | Counter-attack accuracy: 0.9720
2026-02-07 15:02:30,101 - ADV_Generation_eps_0.0_steps_0_Added_Noise_uniform_Eps_48.0_Tau_Type_normal_anchors - INFO - Batch 1752/2465: Clean accuracy 0.9732 | Adv accuracy: 0.9732 | Counter-attack accuracy: 0.9715
2026-02-07 15:02:30,410 - ADV_Generation_eps_0.0_steps_0_Added_Noise_uniform_Eps_48.0_Tau_Type_normal_anchors - INFO - Batch 1753/2465: Clean accuracy 0.9732 | Adv accuracy: 0.9732 | Counter-attack accuracy: 0.9715
2026-02-07 15:02:30,719 - ADV_Generation_eps_0.0_steps_0_Added_Noise_uniform_Eps_48.0_Tau_Type_normal_anchors - INFO - Batch 1754/2465: Clean accuracy 0.9732 | Adv accuracy: 0.9732 | Counter-attack accuracy: 0.9715
2026-02-07 15:02:31,028 - ADV_Generation_eps_0.0_steps_0_Added_Noise_uniform_Eps_48.0_Tau_Type_normal_anchors - INFO - Batch 1755/2465: Clean accuracy 0.9732 | Adv accuracy: 0.9732 | Counter-attack accuracy: 0.9715
2026-02-07 15:02:31,337 - ADV_Generation_eps_0.0_steps_0_Added_Noise_uniform_Eps_48.0_Tau_Type_normal_anchors - INFO - Batch 1756/2465: Clean accuracy 0.9732 | Adv accuracy: 0.9732 | Counter-attack accuracy: 0.9715
2026-02-07 15:02:31,646 - ADV_Generation_eps_0.0_steps_0_Added_Noise_uniform_Eps_48.0_Tau_Type_normal_anchors - INFO - Batch 1757/2465: Clean accuracy 0.9732 | Adv accuracy: 0.9732 | Counter-attack accuracy: 0.9715
2026-02-07 15:02:31,955 - ADV_Generation_eps_0.0_steps_0_Added_Noise_uniform_Eps_48.0_Tau_Type_normal_anchors - INFO - Batch 1758/2465: Clean accuracy 0.9733 | Adv accuracy: 0.9733 | Counter-attack accuracy: 0.9716
2026-02-07 15:02:32,263 - ADV_Generation_eps_0.0_steps_0_Added_Noise_uniform_Eps_48.0_Tau_Type_normal_anchors - INFO - Batch 1759/2465: Clean accuracy 0.9733 | Adv accuracy: 0.9733 | Counter-attack accuracy: 0.9716
2026-02-07 15:02:32,572 - ADV_Generation_eps_0.0_steps_0_Added_Noise_uniform_Eps_48.0_Tau_Type_normal_anchors - INFO - Batch 1760/2465: Clean accuracy 0.9733 | Adv accuracy: 0.9733 | Counter-attack accuracy: 0.9716
2026-02-07 15:02:32,881 - ADV_Generation_eps_0.0_steps_0_Added_Noise_uniform_Eps_48.0_Tau_Type_normal_anchors - INFO - Batch 1761/2465: Clean accuracy 0.9727 | Adv accuracy: 0.9727 | Counter-attack accuracy: 0.9710
2026-02-07 15:02:33,190 - ADV_Generation_eps_0.0_steps_0_Added_Noise_uniform_Eps_48.0_Tau_Type_normal_anchors - INFO - Batch 1762/2465: Clean accuracy 0.9728 | Adv accuracy: 0.9728 | Counter-attack accuracy: 0.9711
2026-02-07 15:02:33,499 - ADV_Generation_eps_0.0_steps_0_Added_Noise_uniform_Eps_48.0_Tau_Type_normal_anchors - INFO - Batch 1763/2465: Clean accuracy 0.9728 | Adv accuracy: 0.9728 | Counter-attack accuracy: 0.9711
2026-02-07 15:02:33,808 - ADV_Generation_eps_0.0_steps_0_Added_Noise_uniform_Eps_48.0_Tau_Type_normal_anchors - INFO - Batch 1764/2465: Clean accuracy 0.9728 | Adv accuracy: 0.9728 | Counter-attack accuracy: 0.9711
2026-02-07 15:02:34,116 - ADV_Generation_eps_0.0_steps_0_Added_Noise_uniform_Eps_48.0_Tau_Type_normal_anchors - INFO - Batch 1765/2465: Clean accuracy 0.9728 | Adv accuracy: 0.9728 | Counter-attack accuracy: 0.9711
2026-02-07 15:02:34,425 - ADV_Generation_eps_0.0_steps_0_Added_Noise_uniform_Eps_48.0_Tau_Type_normal_anchors - INFO - Batch 1766/2465: Clean accuracy 0.9728 | Adv accuracy: 0.9728 | Counter-attack accuracy: 0.9711
2026-02-07 15:02:34,734 - ADV_Generation_eps_0.0_steps_0_Added_Noise_uniform_Eps_48.0_Tau_Type_normal_anchors - INFO - Batch 1767/2465: Clean accuracy 0.9728 | Adv accuracy: 0.9728 | Counter-attack accuracy: 0.9711
2026-02-07 15:02:35,043 - ADV_Generation_eps_0.0_steps_0_Added_Noise_uniform_Eps_48.0_Tau_Type_normal_anchors - INFO - Batch 1768/2465: Clean accuracy 0.9729 | Adv accuracy: 0.9729 | Counter-attack accuracy: 0.9712
2026-02-07 15:02:35,352 - ADV_Generation_eps_0.0_steps_0_Added_Noise_uniform_Eps_48.0_Tau_Type_normal_anchors - INFO - Batch 1769/2465: Clean accuracy 0.9729 | Adv accuracy: 0.9729 | Counter-attack accuracy: 0.9712
2026-02-07 15:02:35,661 - ADV_Generation_eps_0.0_steps_0_Added_Noise_uniform_Eps_48.0_Tau_Type_normal_anchors - INFO - Batch 1770/2465: Clean accuracy 0.9729 | Adv accuracy: 0.9729 | Counter-attack accuracy: 0.9712
2026-02-07 15:02:35,969 - ADV_Generation_eps_0.0_steps_0_Added_Noise_uniform_Eps_48.0_Tau_Type_normal_anchors - INFO - Batch 1771/2465: Clean accuracy 0.9729 | Adv accuracy: 0.9729 | Counter-attack accuracy: 0.9712
2026-02-07 15:02:36,278 - ADV_Generation_eps_0.0_steps_0_Added_Noise_uniform_Eps_48.0_Tau_Type_normal_anchors - INFO - Batch 1772/2465: Clean accuracy 0.9729 | Adv accuracy: 0.9729 | Counter-attack accuracy: 0.9712
2026-02-07 15:02:36,587 - ADV_Generation_eps_0.0_steps_0_Added_Noise_uniform_Eps_48.0_Tau_Type_normal_anchors - INFO - Batch 1773/2465: Clean accuracy 0.9729 | Adv accuracy: 0.9729 | Counter-attack accuracy: 0.9712
2026-02-07 15:02:36,896 - ADV_Generation_eps_0.0_steps_0_Added_Noise_uniform_Eps_48.0_Tau_Type_normal_anchors - INFO - Batch 1774/2465: Clean accuracy 0.9729 | Adv accuracy: 0.9729 | Counter-attack accuracy: 0.9713
2026-02-07 15:02:37,205 - ADV_Generation_eps_0.0_steps_0_Added_Noise_uniform_Eps_48.0_Tau_Type_normal_anchors - INFO - Batch 1775/2465: Clean accuracy 0.9730 | Adv accuracy: 0.9730 | Counter-attack accuracy: 0.9713
2026-02-07 15:02:37,514 - ADV_Generation_eps_0.0_steps_0_Added_Noise_uniform_Eps_48.0_Tau_Type_normal_anchors - INFO - Batch 1776/2465: Clean accuracy 0.9730 | Adv accuracy: 0.9730 | Counter-attack accuracy: 0.9713
2026-02-07 15:02:37,823 - ADV_Generation_eps_0.0_steps_0_Added_Noise_uniform_Eps_48.0_Tau_Type_normal_anchors - INFO - Batch 1777/2465: Clean accuracy 0.9724 | Adv accuracy: 0.9724 | Counter-attack accuracy: 0.9707
2026-02-07 15:02:38,132 - ADV_Generation_eps_0.0_steps_0_Added_Noise_uniform_Eps_48.0_Tau_Type_normal_anchors - INFO - Batch 1778/2465: Clean accuracy 0.9724 | Adv accuracy: 0.9724 | Counter-attack accuracy: 0.9708
2026-02-07 15:02:38,441 - ADV_Generation_eps_0.0_steps_0_Added_Noise_uniform_Eps_48.0_Tau_Type_normal_anchors - INFO - Batch 1779/2465: Clean accuracy 0.9725 | Adv accuracy: 0.9725 | Counter-attack accuracy: 0.9708
2026-02-07 15:02:38,749 - ADV_Generation_eps_0.0_steps_0_Added_Noise_uniform_Eps_48.0_Tau_Type_normal_anchors - INFO - Batch 1780/2465: Clean accuracy 0.9725 | Adv accuracy: 0.9725 | Counter-attack accuracy: 0.9708
2026-02-07 15:02:39,058 - ADV_Generation_eps_0.0_steps_0_Added_Noise_uniform_Eps_48.0_Tau_Type_normal_anchors - INFO - Batch 1781/2465: Clean accuracy 0.9725 | Adv accuracy: 0.9725 | Counter-attack accuracy: 0.9708
2026-02-07 15:02:39,367 - ADV_Generation_eps_0.0_steps_0_Added_Noise_uniform_Eps_48.0_Tau_Type_normal_anchors - INFO - Batch 1782/2465: Clean accuracy 0.9725 | Adv accuracy: 0.9725 | Counter-attack accuracy: 0.9708
2026-02-07 15:02:39,676 - ADV_Generation_eps_0.0_steps_0_Added_Noise_uniform_Eps_48.0_Tau_Type_normal_anchors - INFO - Batch 1783/2465: Clean accuracy 0.9725 | Adv accuracy: 0.9725 | Counter-attack accuracy: 0.9708
2026-02-07 15:02:39,984 - ADV_Generation_eps_0.0_steps_0_Added_Noise_uniform_Eps_48.0_Tau_Type_normal_anchors - INFO - Batch 1784/2465: Clean accuracy 0.9725 | Adv accuracy: 0.9725 | Counter-attack accuracy: 0.9709
2026-02-07 15:02:40,293 - ADV_Generation_eps_0.0_steps_0_Added_Noise_uniform_Eps_48.0_Tau_Type_normal_anchors - INFO - Batch 1785/2465: Clean accuracy 0.9725 | Adv accuracy: 0.9725 | Counter-attack accuracy: 0.9703
2026-02-07 15:02:40,602 - ADV_Generation_eps_0.0_steps_0_Added_Noise_uniform_Eps_48.0_Tau_Type_normal_anchors - INFO - Batch 1786/2465: Clean accuracy 0.9726 | Adv accuracy: 0.9726 | Counter-attack accuracy: 0.9703
2026-02-07 15:02:40,911 - ADV_Generation_eps_0.0_steps_0_Added_Noise_uniform_Eps_48.0_Tau_Type_normal_anchors - INFO - Batch 1787/2465: Clean accuracy 0.9726 | Adv accuracy: 0.9726 | Counter-attack accuracy: 0.9703
2026-02-07 15:02:41,220 - ADV_Generation_eps_0.0_steps_0_Added_Noise_uniform_Eps_48.0_Tau_Type_normal_anchors - INFO - Batch 1788/2465: Clean accuracy 0.9726 | Adv accuracy: 0.9726 | Counter-attack accuracy: 0.9704
2026-02-07 15:02:41,529 - ADV_Generation_eps_0.0_steps_0_Added_Noise_uniform_Eps_48.0_Tau_Type_normal_anchors - INFO - Batch 1789/2465: Clean accuracy 0.9726 | Adv accuracy: 0.9726 | Counter-attack accuracy: 0.9704
2026-02-07 15:02:41,837 - ADV_Generation_eps_0.0_steps_0_Added_Noise_uniform_Eps_48.0_Tau_Type_normal_anchors - INFO - Batch 1790/2465: Clean accuracy 0.9726 | Adv accuracy: 0.9726 | Counter-attack accuracy: 0.9704
2026-02-07 15:02:42,146 - ADV_Generation_eps_0.0_steps_0_Added_Noise_uniform_Eps_48.0_Tau_Type_normal_anchors - INFO - Batch 1791/2465: Clean accuracy 0.9726 | Adv accuracy: 0.9726 | Counter-attack accuracy: 0.9704
2026-02-07 15:02:42,455 - ADV_Generation_eps_0.0_steps_0_Added_Noise_uniform_Eps_48.0_Tau_Type_normal_anchors - INFO - Batch 1792/2465: Clean accuracy 0.9727 | Adv accuracy: 0.9727 | Counter-attack accuracy: 0.9704
2026-02-07 15:02:42,764 - ADV_Generation_eps_0.0_steps_0_Added_Noise_uniform_Eps_48.0_Tau_Type_normal_anchors - INFO - Batch 1793/2465: Clean accuracy 0.9727 | Adv accuracy: 0.9727 | Counter-attack accuracy: 0.9704
2026-02-07 15:02:43,073 - ADV_Generation_eps_0.0_steps_0_Added_Noise_uniform_Eps_48.0_Tau_Type_normal_anchors - INFO - Batch 1794/2465: Clean accuracy 0.9727 | Adv accuracy: 0.9727 | Counter-attack accuracy: 0.9705
2026-02-07 15:02:43,382 - ADV_Generation_eps_0.0_steps_0_Added_Noise_uniform_Eps_48.0_Tau_Type_normal_anchors - INFO - Batch 1795/2465: Clean accuracy 0.9727 | Adv accuracy: 0.9727 | Counter-attack accuracy: 0.9705
2026-02-07 15:02:43,691 - ADV_Generation_eps_0.0_steps_0_Added_Noise_uniform_Eps_48.0_Tau_Type_normal_anchors - INFO - Batch 1796/2465: Clean accuracy 0.9727 | Adv accuracy: 0.9727 | Counter-attack accuracy: 0.9705
2026-02-07 15:02:44,000 - ADV_Generation_eps_0.0_steps_0_Added_Noise_uniform_Eps_48.0_Tau_Type_normal_anchors - INFO - Batch 1797/2465: Clean accuracy 0.9727 | Adv accuracy: 0.9727 | Counter-attack accuracy: 0.9705
2026-02-07 15:02:44,308 - ADV_Generation_eps_0.0_steps_0_Added_Noise_uniform_Eps_48.0_Tau_Type_normal_anchors - INFO - Batch 1798/2465: Clean accuracy 0.9727 | Adv accuracy: 0.9727 | Counter-attack accuracy: 0.9705
2026-02-07 15:02:44,617 - ADV_Generation_eps_0.0_steps_0_Added_Noise_uniform_Eps_48.0_Tau_Type_normal_anchors - INFO - Batch 1799/2465: Clean accuracy 0.9728 | Adv accuracy: 0.9728 | Counter-attack accuracy: 0.9705
2026-02-07 15:02:44,926 - ADV_Generation_eps_0.0_steps_0_Added_Noise_uniform_Eps_48.0_Tau_Type_normal_anchors - INFO - Batch 1800/2465: Clean accuracy 0.9728 | Adv accuracy: 0.9728 | Counter-attack accuracy: 0.9706
2026-02-07 15:02:45,242 - ADV_Generation_eps_0.0_steps_0_Added_Noise_uniform_Eps_48.0_Tau_Type_normal_anchors - INFO - Batch 1801/2465: Clean accuracy 0.9728 | Adv accuracy: 0.9728 | Counter-attack accuracy: 0.9706
2026-02-07 15:02:45,551 - ADV_Generation_eps_0.0_steps_0_Added_Noise_uniform_Eps_48.0_Tau_Type_normal_anchors - INFO - Batch 1802/2465: Clean accuracy 0.9728 | Adv accuracy: 0.9728 | Counter-attack accuracy: 0.9706
2026-02-07 15:02:45,860 - ADV_Generation_eps_0.0_steps_0_Added_Noise_uniform_Eps_48.0_Tau_Type_normal_anchors - INFO - Batch 1803/2465: Clean accuracy 0.9728 | Adv accuracy: 0.9728 | Counter-attack accuracy: 0.9706
2026-02-07 15:02:46,168 - ADV_Generation_eps_0.0_steps_0_Added_Noise_uniform_Eps_48.0_Tau_Type_normal_anchors - INFO - Batch 1804/2465: Clean accuracy 0.9728 | Adv accuracy: 0.9728 | Counter-attack accuracy: 0.9706
2026-02-07 15:02:46,477 - ADV_Generation_eps_0.0_steps_0_Added_Noise_uniform_Eps_48.0_Tau_Type_normal_anchors - INFO - Batch 1805/2465: Clean accuracy 0.9729 | Adv accuracy: 0.9729 | Counter-attack accuracy: 0.9706
2026-02-07 15:02:46,786 - ADV_Generation_eps_0.0_steps_0_Added_Noise_uniform_Eps_48.0_Tau_Type_normal_anchors - INFO - Batch 1806/2465: Clean accuracy 0.9729 | Adv accuracy: 0.9729 | Counter-attack accuracy: 0.9707
2026-02-07 15:02:47,095 - ADV_Generation_eps_0.0_steps_0_Added_Noise_uniform_Eps_48.0_Tau_Type_normal_anchors - INFO - Batch 1807/2465: Clean accuracy 0.9729 | Adv accuracy: 0.9729 | Counter-attack accuracy: 0.9707
2026-02-07 15:02:47,404 - ADV_Generation_eps_0.0_steps_0_Added_Noise_uniform_Eps_48.0_Tau_Type_normal_anchors - INFO - Batch 1808/2465: Clean accuracy 0.9729 | Adv accuracy: 0.9729 | Counter-attack accuracy: 0.9707
2026-02-07 15:02:47,713 - ADV_Generation_eps_0.0_steps_0_Added_Noise_uniform_Eps_48.0_Tau_Type_normal_anchors - INFO - Batch 1809/2465: Clean accuracy 0.9729 | Adv accuracy: 0.9729 | Counter-attack accuracy: 0.9707
2026-02-07 15:02:48,022 - ADV_Generation_eps_0.0_steps_0_Added_Noise_uniform_Eps_48.0_Tau_Type_normal_anchors - INFO - Batch 1810/2465: Clean accuracy 0.9729 | Adv accuracy: 0.9729 | Counter-attack accuracy: 0.9707
2026-02-07 15:02:48,331 - ADV_Generation_eps_0.0_steps_0_Added_Noise_uniform_Eps_48.0_Tau_Type_normal_anchors - INFO - Batch 1811/2465: Clean accuracy 0.9729 | Adv accuracy: 0.9729 | Counter-attack accuracy: 0.9707
2026-02-07 15:02:48,640 - ADV_Generation_eps_0.0_steps_0_Added_Noise_uniform_Eps_48.0_Tau_Type_normal_anchors - INFO - Batch 1812/2465: Clean accuracy 0.9730 | Adv accuracy: 0.9730 | Counter-attack accuracy: 0.9708
2026-02-07 15:02:48,948 - ADV_Generation_eps_0.0_steps_0_Added_Noise_uniform_Eps_48.0_Tau_Type_normal_anchors - INFO - Batch 1813/2465: Clean accuracy 0.9730 | Adv accuracy: 0.9730 | Counter-attack accuracy: 0.9708
2026-02-07 15:02:49,257 - ADV_Generation_eps_0.0_steps_0_Added_Noise_uniform_Eps_48.0_Tau_Type_normal_anchors - INFO - Batch 1814/2465: Clean accuracy 0.9730 | Adv accuracy: 0.9730 | Counter-attack accuracy: 0.9708
2026-02-07 15:02:49,566 - ADV_Generation_eps_0.0_steps_0_Added_Noise_uniform_Eps_48.0_Tau_Type_normal_anchors - INFO - Batch 1815/2465: Clean accuracy 0.9730 | Adv accuracy: 0.9730 | Counter-attack accuracy: 0.9708
2026-02-07 15:02:49,875 - ADV_Generation_eps_0.0_steps_0_Added_Noise_uniform_Eps_48.0_Tau_Type_normal_anchors - INFO - Batch 1816/2465: Clean accuracy 0.9730 | Adv accuracy: 0.9730 | Counter-attack accuracy: 0.9708
2026-02-07 15:02:50,184 - ADV_Generation_eps_0.0_steps_0_Added_Noise_uniform_Eps_48.0_Tau_Type_normal_anchors - INFO - Batch 1817/2465: Clean accuracy 0.9730 | Adv accuracy: 0.9730 | Counter-attack accuracy: 0.9708
2026-02-07 15:02:50,493 - ADV_Generation_eps_0.0_steps_0_Added_Noise_uniform_Eps_48.0_Tau_Type_normal_anchors - INFO - Batch 1818/2465: Clean accuracy 0.9730 | Adv accuracy: 0.9730 | Counter-attack accuracy: 0.9708
2026-02-07 15:02:50,802 - ADV_Generation_eps_0.0_steps_0_Added_Noise_uniform_Eps_48.0_Tau_Type_normal_anchors - INFO - Batch 1819/2465: Clean accuracy 0.9731 | Adv accuracy: 0.9731 | Counter-attack accuracy: 0.9709
2026-02-07 15:02:51,110 - ADV_Generation_eps_0.0_steps_0_Added_Noise_uniform_Eps_48.0_Tau_Type_normal_anchors - INFO - Batch 1820/2465: Clean accuracy 0.9731 | Adv accuracy: 0.9731 | Counter-attack accuracy: 0.9709
2026-02-07 15:02:51,427 - ADV_Generation_eps_0.0_steps_0_Added_Noise_uniform_Eps_48.0_Tau_Type_normal_anchors - INFO - Batch 1821/2465: Clean accuracy 0.9731 | Adv accuracy: 0.9731 | Counter-attack accuracy: 0.9709
2026-02-07 15:02:51,736 - ADV_Generation_eps_0.0_steps_0_Added_Noise_uniform_Eps_48.0_Tau_Type_normal_anchors - INFO - Batch 1822/2465: Clean accuracy 0.9731 | Adv accuracy: 0.9731 | Counter-attack accuracy: 0.9709
2026-02-07 15:02:52,045 - ADV_Generation_eps_0.0_steps_0_Added_Noise_uniform_Eps_48.0_Tau_Type_normal_anchors - INFO - Batch 1823/2465: Clean accuracy 0.9731 | Adv accuracy: 0.9731 | Counter-attack accuracy: 0.9709
2026-02-07 15:02:52,354 - ADV_Generation_eps_0.0_steps_0_Added_Noise_uniform_Eps_48.0_Tau_Type_normal_anchors - INFO - Batch 1824/2465: Clean accuracy 0.9731 | Adv accuracy: 0.9731 | Counter-attack accuracy: 0.9709
2026-02-07 15:02:52,663 - ADV_Generation_eps_0.0_steps_0_Added_Noise_uniform_Eps_48.0_Tau_Type_normal_anchors - INFO - Batch 1825/2465: Clean accuracy 0.9732 | Adv accuracy: 0.9732 | Counter-attack accuracy: 0.9710
2026-02-07 15:02:52,972 - ADV_Generation_eps_0.0_steps_0_Added_Noise_uniform_Eps_48.0_Tau_Type_normal_anchors - INFO - Batch 1826/2465: Clean accuracy 0.9732 | Adv accuracy: 0.9732 | Counter-attack accuracy: 0.9710
2026-02-07 15:02:53,280 - ADV_Generation_eps_0.0_steps_0_Added_Noise_uniform_Eps_48.0_Tau_Type_normal_anchors - INFO - Batch 1827/2465: Clean accuracy 0.9732 | Adv accuracy: 0.9732 | Counter-attack accuracy: 0.9710
2026-02-07 15:02:53,589 - ADV_Generation_eps_0.0_steps_0_Added_Noise_uniform_Eps_48.0_Tau_Type_normal_anchors - INFO - Batch 1828/2465: Clean accuracy 0.9732 | Adv accuracy: 0.9732 | Counter-attack accuracy: 0.9710
2026-02-07 15:02:53,898 - ADV_Generation_eps_0.0_steps_0_Added_Noise_uniform_Eps_48.0_Tau_Type_normal_anchors - INFO - Batch 1829/2465: Clean accuracy 0.9732 | Adv accuracy: 0.9732 | Counter-attack accuracy: 0.9710
2026-02-07 15:02:54,207 - ADV_Generation_eps_0.0_steps_0_Added_Noise_uniform_Eps_48.0_Tau_Type_normal_anchors - INFO - Batch 1830/2465: Clean accuracy 0.9732 | Adv accuracy: 0.9732 | Counter-attack accuracy: 0.9710
2026-02-07 15:02:54,516 - ADV_Generation_eps_0.0_steps_0_Added_Noise_uniform_Eps_48.0_Tau_Type_normal_anchors - INFO - Batch 1831/2465: Clean accuracy 0.9732 | Adv accuracy: 0.9732 | Counter-attack accuracy: 0.9711
2026-02-07 15:02:54,825 - ADV_Generation_eps_0.0_steps_0_Added_Noise_uniform_Eps_48.0_Tau_Type_normal_anchors - INFO - Batch 1832/2465: Clean accuracy 0.9733 | Adv accuracy: 0.9733 | Counter-attack accuracy: 0.9711
2026-02-07 15:02:55,133 - ADV_Generation_eps_0.0_steps_0_Added_Noise_uniform_Eps_48.0_Tau_Type_normal_anchors - INFO - Batch 1833/2465: Clean accuracy 0.9733 | Adv accuracy: 0.9733 | Counter-attack accuracy: 0.9705
2026-02-07 15:02:55,442 - ADV_Generation_eps_0.0_steps_0_Added_Noise_uniform_Eps_48.0_Tau_Type_normal_anchors - INFO - Batch 1834/2465: Clean accuracy 0.9733 | Adv accuracy: 0.9733 | Counter-attack accuracy: 0.9706
2026-02-07 15:02:55,751 - ADV_Generation_eps_0.0_steps_0_Added_Noise_uniform_Eps_48.0_Tau_Type_normal_anchors - INFO - Batch 1835/2465: Clean accuracy 0.9733 | Adv accuracy: 0.9733 | Counter-attack accuracy: 0.9706
2026-02-07 15:02:56,060 - ADV_Generation_eps_0.0_steps_0_Added_Noise_uniform_Eps_48.0_Tau_Type_normal_anchors - INFO - Batch 1836/2465: Clean accuracy 0.9733 | Adv accuracy: 0.9733 | Counter-attack accuracy: 0.9706
2026-02-07 15:02:56,369 - ADV_Generation_eps_0.0_steps_0_Added_Noise_uniform_Eps_48.0_Tau_Type_normal_anchors - INFO - Batch 1837/2465: Clean accuracy 0.9733 | Adv accuracy: 0.9733 | Counter-attack accuracy: 0.9706
2026-02-07 15:02:56,678 - ADV_Generation_eps_0.0_steps_0_Added_Noise_uniform_Eps_48.0_Tau_Type_normal_anchors - INFO - Batch 1838/2465: Clean accuracy 0.9733 | Adv accuracy: 0.9733 | Counter-attack accuracy: 0.9706
2026-02-07 15:02:56,987 - ADV_Generation_eps_0.0_steps_0_Added_Noise_uniform_Eps_48.0_Tau_Type_normal_anchors - INFO - Batch 1839/2465: Clean accuracy 0.9728 | Adv accuracy: 0.9728 | Counter-attack accuracy: 0.9701
2026-02-07 15:02:57,295 - ADV_Generation_eps_0.0_steps_0_Added_Noise_uniform_Eps_48.0_Tau_Type_normal_anchors - INFO - Batch 1840/2465: Clean accuracy 0.9728 | Adv accuracy: 0.9728 | Counter-attack accuracy: 0.9701
2026-02-07 15:02:57,604 - ADV_Generation_eps_0.0_steps_0_Added_Noise_uniform_Eps_48.0_Tau_Type_normal_anchors - INFO - Batch 1841/2465: Clean accuracy 0.9728 | Adv accuracy: 0.9728 | Counter-attack accuracy: 0.9701
2026-02-07 15:02:57,913 - ADV_Generation_eps_0.0_steps_0_Added_Noise_uniform_Eps_48.0_Tau_Type_normal_anchors - INFO - Batch 1842/2465: Clean accuracy 0.9729 | Adv accuracy: 0.9729 | Counter-attack accuracy: 0.9701
2026-02-07 15:02:58,222 - ADV_Generation_eps_0.0_steps_0_Added_Noise_uniform_Eps_48.0_Tau_Type_normal_anchors - INFO - Batch 1843/2465: Clean accuracy 0.9729 | Adv accuracy: 0.9729 | Counter-attack accuracy: 0.9702
2026-02-07 15:02:58,531 - ADV_Generation_eps_0.0_steps_0_Added_Noise_uniform_Eps_48.0_Tau_Type_normal_anchors - INFO - Batch 1844/2465: Clean accuracy 0.9729 | Adv accuracy: 0.9729 | Counter-attack accuracy: 0.9702
2026-02-07 15:02:58,840 - ADV_Generation_eps_0.0_steps_0_Added_Noise_uniform_Eps_48.0_Tau_Type_normal_anchors - INFO - Batch 1845/2465: Clean accuracy 0.9729 | Adv accuracy: 0.9729 | Counter-attack accuracy: 0.9702
2026-02-07 15:02:59,149 - ADV_Generation_eps_0.0_steps_0_Added_Noise_uniform_Eps_48.0_Tau_Type_normal_anchors - INFO - Batch 1846/2465: Clean accuracy 0.9729 | Adv accuracy: 0.9729 | Counter-attack accuracy: 0.9702
2026-02-07 15:02:59,458 - ADV_Generation_eps_0.0_steps_0_Added_Noise_uniform_Eps_48.0_Tau_Type_normal_anchors - INFO - Batch 1847/2465: Clean accuracy 0.9729 | Adv accuracy: 0.9729 | Counter-attack accuracy: 0.9702
2026-02-07 15:02:59,767 - ADV_Generation_eps_0.0_steps_0_Added_Noise_uniform_Eps_48.0_Tau_Type_normal_anchors - INFO - Batch 1848/2465: Clean accuracy 0.9729 | Adv accuracy: 0.9729 | Counter-attack accuracy: 0.9702
2026-02-07 15:03:00,076 - ADV_Generation_eps_0.0_steps_0_Added_Noise_uniform_Eps_48.0_Tau_Type_normal_anchors - INFO - Batch 1849/2465: Clean accuracy 0.9730 | Adv accuracy: 0.9730 | Counter-attack accuracy: 0.9703
2026-02-07 15:03:00,384 - ADV_Generation_eps_0.0_steps_0_Added_Noise_uniform_Eps_48.0_Tau_Type_normal_anchors - INFO - Batch 1850/2465: Clean accuracy 0.9730 | Adv accuracy: 0.9730 | Counter-attack accuracy: 0.9703
2026-02-07 15:03:00,693 - ADV_Generation_eps_0.0_steps_0_Added_Noise_uniform_Eps_48.0_Tau_Type_normal_anchors - INFO - Batch 1851/2465: Clean accuracy 0.9730 | Adv accuracy: 0.9730 | Counter-attack accuracy: 0.9703
2026-02-07 15:03:01,002 - ADV_Generation_eps_0.0_steps_0_Added_Noise_uniform_Eps_48.0_Tau_Type_normal_anchors - INFO - Batch 1852/2465: Clean accuracy 0.9730 | Adv accuracy: 0.9730 | Counter-attack accuracy: 0.9703
2026-02-07 15:03:01,311 - ADV_Generation_eps_0.0_steps_0_Added_Noise_uniform_Eps_48.0_Tau_Type_normal_anchors - INFO - Batch 1853/2465: Clean accuracy 0.9730 | Adv accuracy: 0.9730 | Counter-attack accuracy: 0.9703
2026-02-07 15:03:01,620 - ADV_Generation_eps_0.0_steps_0_Added_Noise_uniform_Eps_48.0_Tau_Type_normal_anchors - INFO - Batch 1854/2465: Clean accuracy 0.9730 | Adv accuracy: 0.9730 | Counter-attack accuracy: 0.9703
2026-02-07 15:03:01,929 - ADV_Generation_eps_0.0_steps_0_Added_Noise_uniform_Eps_48.0_Tau_Type_normal_anchors - INFO - Batch 1855/2465: Clean accuracy 0.9730 | Adv accuracy: 0.9730 | Counter-attack accuracy: 0.9704
2026-02-07 15:03:02,237 - ADV_Generation_eps_0.0_steps_0_Added_Noise_uniform_Eps_48.0_Tau_Type_normal_anchors - INFO - Batch 1856/2465: Clean accuracy 0.9731 | Adv accuracy: 0.9731 | Counter-attack accuracy: 0.9704
2026-02-07 15:03:02,546 - ADV_Generation_eps_0.0_steps_0_Added_Noise_uniform_Eps_48.0_Tau_Type_normal_anchors - INFO - Batch 1857/2465: Clean accuracy 0.9731 | Adv accuracy: 0.9731 | Counter-attack accuracy: 0.9704
2026-02-07 15:03:02,855 - ADV_Generation_eps_0.0_steps_0_Added_Noise_uniform_Eps_48.0_Tau_Type_normal_anchors - INFO - Batch 1858/2465: Clean accuracy 0.9731 | Adv accuracy: 0.9731 | Counter-attack accuracy: 0.9704
2026-02-07 15:03:03,164 - ADV_Generation_eps_0.0_steps_0_Added_Noise_uniform_Eps_48.0_Tau_Type_normal_anchors - INFO - Batch 1859/2465: Clean accuracy 0.9731 | Adv accuracy: 0.9731 | Counter-attack accuracy: 0.9704
2026-02-07 15:03:03,473 - ADV_Generation_eps_0.0_steps_0_Added_Noise_uniform_Eps_48.0_Tau_Type_normal_anchors - INFO - Batch 1860/2465: Clean accuracy 0.9731 | Adv accuracy: 0.9731 | Counter-attack accuracy: 0.9704
2026-02-07 15:03:03,782 - ADV_Generation_eps_0.0_steps_0_Added_Noise_uniform_Eps_48.0_Tau_Type_normal_anchors - INFO - Batch 1861/2465: Clean accuracy 0.9731 | Adv accuracy: 0.9731 | Counter-attack accuracy: 0.9704
2026-02-07 15:03:04,091 - ADV_Generation_eps_0.0_steps_0_Added_Noise_uniform_Eps_48.0_Tau_Type_normal_anchors - INFO - Batch 1862/2465: Clean accuracy 0.9731 | Adv accuracy: 0.9731 | Counter-attack accuracy: 0.9705
2026-02-07 15:03:04,400 - ADV_Generation_eps_0.0_steps_0_Added_Noise_uniform_Eps_48.0_Tau_Type_normal_anchors - INFO - Batch 1863/2465: Clean accuracy 0.9732 | Adv accuracy: 0.9732 | Counter-attack accuracy: 0.9705
2026-02-07 15:03:04,709 - ADV_Generation_eps_0.0_steps_0_Added_Noise_uniform_Eps_48.0_Tau_Type_normal_anchors - INFO - Batch 1864/2465: Clean accuracy 0.9732 | Adv accuracy: 0.9732 | Counter-attack accuracy: 0.9705
2026-02-07 15:03:05,017 - ADV_Generation_eps_0.0_steps_0_Added_Noise_uniform_Eps_48.0_Tau_Type_normal_anchors - INFO - Batch 1865/2465: Clean accuracy 0.9732 | Adv accuracy: 0.9732 | Counter-attack accuracy: 0.9705
2026-02-07 15:03:05,326 - ADV_Generation_eps_0.0_steps_0_Added_Noise_uniform_Eps_48.0_Tau_Type_normal_anchors - INFO - Batch 1866/2465: Clean accuracy 0.9732 | Adv accuracy: 0.9732 | Counter-attack accuracy: 0.9705
2026-02-07 15:03:05,635 - ADV_Generation_eps_0.0_steps_0_Added_Noise_uniform_Eps_48.0_Tau_Type_normal_anchors - INFO - Batch 1867/2465: Clean accuracy 0.9732 | Adv accuracy: 0.9732 | Counter-attack accuracy: 0.9705
2026-02-07 15:03:05,944 - ADV_Generation_eps_0.0_steps_0_Added_Noise_uniform_Eps_48.0_Tau_Type_normal_anchors - INFO - Batch 1868/2465: Clean accuracy 0.9732 | Adv accuracy: 0.9732 | Counter-attack accuracy: 0.9706
2026-02-07 15:03:06,253 - ADV_Generation_eps_0.0_steps_0_Added_Noise_uniform_Eps_48.0_Tau_Type_normal_anchors - INFO - Batch 1869/2465: Clean accuracy 0.9732 | Adv accuracy: 0.9732 | Counter-attack accuracy: 0.9706
2026-02-07 15:03:06,562 - ADV_Generation_eps_0.0_steps_0_Added_Noise_uniform_Eps_48.0_Tau_Type_normal_anchors - INFO - Batch 1870/2465: Clean accuracy 0.9733 | Adv accuracy: 0.9733 | Counter-attack accuracy: 0.9706
2026-02-07 15:03:06,870 - ADV_Generation_eps_0.0_steps_0_Added_Noise_uniform_Eps_48.0_Tau_Type_normal_anchors - INFO - Batch 1871/2465: Clean accuracy 0.9733 | Adv accuracy: 0.9733 | Counter-attack accuracy: 0.9706
2026-02-07 15:03:07,179 - ADV_Generation_eps_0.0_steps_0_Added_Noise_uniform_Eps_48.0_Tau_Type_normal_anchors - INFO - Batch 1872/2465: Clean accuracy 0.9733 | Adv accuracy: 0.9733 | Counter-attack accuracy: 0.9706
2026-02-07 15:03:07,488 - ADV_Generation_eps_0.0_steps_0_Added_Noise_uniform_Eps_48.0_Tau_Type_normal_anchors - INFO - Batch 1873/2465: Clean accuracy 0.9733 | Adv accuracy: 0.9733 | Counter-attack accuracy: 0.9706
2026-02-07 15:03:07,797 - ADV_Generation_eps_0.0_steps_0_Added_Noise_uniform_Eps_48.0_Tau_Type_normal_anchors - INFO - Batch 1874/2465: Clean accuracy 0.9733 | Adv accuracy: 0.9733 | Counter-attack accuracy: 0.9707
2026-02-07 15:03:08,106 - ADV_Generation_eps_0.0_steps_0_Added_Noise_uniform_Eps_48.0_Tau_Type_normal_anchors - INFO - Batch 1875/2465: Clean accuracy 0.9733 | Adv accuracy: 0.9733 | Counter-attack accuracy: 0.9707
2026-02-07 15:03:08,415 - ADV_Generation_eps_0.0_steps_0_Added_Noise_uniform_Eps_48.0_Tau_Type_normal_anchors - INFO - Batch 1876/2465: Clean accuracy 0.9733 | Adv accuracy: 0.9733 | Counter-attack accuracy: 0.9707
2026-02-07 15:03:08,723 - ADV_Generation_eps_0.0_steps_0_Added_Noise_uniform_Eps_48.0_Tau_Type_normal_anchors - INFO - Batch 1877/2465: Clean accuracy 0.9734 | Adv accuracy: 0.9734 | Counter-attack accuracy: 0.9707
2026-02-07 15:03:09,032 - ADV_Generation_eps_0.0_steps_0_Added_Noise_uniform_Eps_48.0_Tau_Type_normal_anchors - INFO - Batch 1878/2465: Clean accuracy 0.9734 | Adv accuracy: 0.9734 | Counter-attack accuracy: 0.9707
2026-02-07 15:03:09,341 - ADV_Generation_eps_0.0_steps_0_Added_Noise_uniform_Eps_48.0_Tau_Type_normal_anchors - INFO - Batch 1879/2465: Clean accuracy 0.9734 | Adv accuracy: 0.9734 | Counter-attack accuracy: 0.9707
2026-02-07 15:03:09,650 - ADV_Generation_eps_0.0_steps_0_Added_Noise_uniform_Eps_48.0_Tau_Type_normal_anchors - INFO - Batch 1880/2465: Clean accuracy 0.9734 | Adv accuracy: 0.9734 | Counter-attack accuracy: 0.9707
2026-02-07 15:03:09,959 - ADV_Generation_eps_0.0_steps_0_Added_Noise_uniform_Eps_48.0_Tau_Type_normal_anchors - INFO - Batch 1881/2465: Clean accuracy 0.9734 | Adv accuracy: 0.9734 | Counter-attack accuracy: 0.9708
2026-02-07 15:03:10,267 - ADV_Generation_eps_0.0_steps_0_Added_Noise_uniform_Eps_48.0_Tau_Type_normal_anchors - INFO - Batch 1882/2465: Clean accuracy 0.9734 | Adv accuracy: 0.9734 | Counter-attack accuracy: 0.9708
2026-02-07 15:03:10,576 - ADV_Generation_eps_0.0_steps_0_Added_Noise_uniform_Eps_48.0_Tau_Type_normal_anchors - INFO - Batch 1883/2465: Clean accuracy 0.9734 | Adv accuracy: 0.9734 | Counter-attack accuracy: 0.9708
2026-02-07 15:03:10,885 - ADV_Generation_eps_0.0_steps_0_Added_Noise_uniform_Eps_48.0_Tau_Type_normal_anchors - INFO - Batch 1884/2465: Clean accuracy 0.9735 | Adv accuracy: 0.9735 | Counter-attack accuracy: 0.9708
2026-02-07 15:03:11,194 - ADV_Generation_eps_0.0_steps_0_Added_Noise_uniform_Eps_48.0_Tau_Type_normal_anchors - INFO - Batch 1885/2465: Clean accuracy 0.9735 | Adv accuracy: 0.9735 | Counter-attack accuracy: 0.9708
2026-02-07 15:03:11,503 - ADV_Generation_eps_0.0_steps_0_Added_Noise_uniform_Eps_48.0_Tau_Type_normal_anchors - INFO - Batch 1886/2465: Clean accuracy 0.9735 | Adv accuracy: 0.9735 | Counter-attack accuracy: 0.9708
2026-02-07 15:03:11,811 - ADV_Generation_eps_0.0_steps_0_Added_Noise_uniform_Eps_48.0_Tau_Type_normal_anchors - INFO - Batch 1887/2465: Clean accuracy 0.9735 | Adv accuracy: 0.9735 | Counter-attack accuracy: 0.9709
2026-02-07 15:03:12,120 - ADV_Generation_eps_0.0_steps_0_Added_Noise_uniform_Eps_48.0_Tau_Type_normal_anchors - INFO - Batch 1888/2465: Clean accuracy 0.9735 | Adv accuracy: 0.9735 | Counter-attack accuracy: 0.9709
2026-02-07 15:03:12,429 - ADV_Generation_eps_0.0_steps_0_Added_Noise_uniform_Eps_48.0_Tau_Type_normal_anchors - INFO - Batch 1889/2465: Clean accuracy 0.9735 | Adv accuracy: 0.9735 | Counter-attack accuracy: 0.9709
2026-02-07 15:03:12,738 - ADV_Generation_eps_0.0_steps_0_Added_Noise_uniform_Eps_48.0_Tau_Type_normal_anchors - INFO - Batch 1890/2465: Clean accuracy 0.9735 | Adv accuracy: 0.9735 | Counter-attack accuracy: 0.9709
2026-02-07 15:03:13,047 - ADV_Generation_eps_0.0_steps_0_Added_Noise_uniform_Eps_48.0_Tau_Type_normal_anchors - INFO - Batch 1891/2465: Clean accuracy 0.9736 | Adv accuracy: 0.9736 | Counter-attack accuracy: 0.9709
2026-02-07 15:03:13,356 - ADV_Generation_eps_0.0_steps_0_Added_Noise_uniform_Eps_48.0_Tau_Type_normal_anchors - INFO - Batch 1892/2465: Clean accuracy 0.9736 | Adv accuracy: 0.9736 | Counter-attack accuracy: 0.9709
2026-02-07 15:03:13,665 - ADV_Generation_eps_0.0_steps_0_Added_Noise_uniform_Eps_48.0_Tau_Type_normal_anchors - INFO - Batch 1893/2465: Clean accuracy 0.9736 | Adv accuracy: 0.9736 | Counter-attack accuracy: 0.9709
2026-02-07 15:03:13,974 - ADV_Generation_eps_0.0_steps_0_Added_Noise_uniform_Eps_48.0_Tau_Type_normal_anchors - INFO - Batch 1894/2465: Clean accuracy 0.9736 | Adv accuracy: 0.9736 | Counter-attack accuracy: 0.9710
2026-02-07 15:03:14,282 - ADV_Generation_eps_0.0_steps_0_Added_Noise_uniform_Eps_48.0_Tau_Type_normal_anchors - INFO - Batch 1895/2465: Clean accuracy 0.9736 | Adv accuracy: 0.9736 | Counter-attack accuracy: 0.9710
2026-02-07 15:03:14,591 - ADV_Generation_eps_0.0_steps_0_Added_Noise_uniform_Eps_48.0_Tau_Type_normal_anchors - INFO - Batch 1896/2465: Clean accuracy 0.9736 | Adv accuracy: 0.9736 | Counter-attack accuracy: 0.9710
2026-02-07 15:03:14,900 - ADV_Generation_eps_0.0_steps_0_Added_Noise_uniform_Eps_48.0_Tau_Type_normal_anchors - INFO - Batch 1897/2465: Clean accuracy 0.9736 | Adv accuracy: 0.9736 | Counter-attack accuracy: 0.9710
2026-02-07 15:03:15,209 - ADV_Generation_eps_0.0_steps_0_Added_Noise_uniform_Eps_48.0_Tau_Type_normal_anchors - INFO - Batch 1898/2465: Clean accuracy 0.9737 | Adv accuracy: 0.9737 | Counter-attack accuracy: 0.9710
2026-02-07 15:03:15,518 - ADV_Generation_eps_0.0_steps_0_Added_Noise_uniform_Eps_48.0_Tau_Type_normal_anchors - INFO - Batch 1899/2465: Clean accuracy 0.9737 | Adv accuracy: 0.9737 | Counter-attack accuracy: 0.9710
2026-02-07 15:03:15,827 - ADV_Generation_eps_0.0_steps_0_Added_Noise_uniform_Eps_48.0_Tau_Type_normal_anchors - INFO - Batch 1900/2465: Clean accuracy 0.9737 | Adv accuracy: 0.9737 | Counter-attack accuracy: 0.9711
2026-02-07 15:03:16,136 - ADV_Generation_eps_0.0_steps_0_Added_Noise_uniform_Eps_48.0_Tau_Type_normal_anchors - INFO - Batch 1901/2465: Clean accuracy 0.9737 | Adv accuracy: 0.9737 | Counter-attack accuracy: 0.9711
2026-02-07 15:03:16,445 - ADV_Generation_eps_0.0_steps_0_Added_Noise_uniform_Eps_48.0_Tau_Type_normal_anchors - INFO - Batch 1902/2465: Clean accuracy 0.9737 | Adv accuracy: 0.9737 | Counter-attack accuracy: 0.9711
2026-02-07 15:03:16,753 - ADV_Generation_eps_0.0_steps_0_Added_Noise_uniform_Eps_48.0_Tau_Type_normal_anchors - INFO - Batch 1903/2465: Clean accuracy 0.9737 | Adv accuracy: 0.9737 | Counter-attack accuracy: 0.9711
2026-02-07 15:03:17,062 - ADV_Generation_eps_0.0_steps_0_Added_Noise_uniform_Eps_48.0_Tau_Type_normal_anchors - INFO - Batch 1904/2465: Clean accuracy 0.9737 | Adv accuracy: 0.9737 | Counter-attack accuracy: 0.9711
2026-02-07 15:03:17,371 - ADV_Generation_eps_0.0_steps_0_Added_Noise_uniform_Eps_48.0_Tau_Type_normal_anchors - INFO - Batch 1905/2465: Clean accuracy 0.9738 | Adv accuracy: 0.9738 | Counter-attack accuracy: 0.9711
2026-02-07 15:03:17,680 - ADV_Generation_eps_0.0_steps_0_Added_Noise_uniform_Eps_48.0_Tau_Type_normal_anchors - INFO - Batch 1906/2465: Clean accuracy 0.9738 | Adv accuracy: 0.9738 | Counter-attack accuracy: 0.9711
2026-02-07 15:03:17,989 - ADV_Generation_eps_0.0_steps_0_Added_Noise_uniform_Eps_48.0_Tau_Type_normal_anchors - INFO - Batch 1907/2465: Clean accuracy 0.9738 | Adv accuracy: 0.9738 | Counter-attack accuracy: 0.9712
2026-02-07 15:03:18,298 - ADV_Generation_eps_0.0_steps_0_Added_Noise_uniform_Eps_48.0_Tau_Type_normal_anchors - INFO - Batch 1908/2465: Clean accuracy 0.9738 | Adv accuracy: 0.9738 | Counter-attack accuracy: 0.9712
2026-02-07 15:03:18,607 - ADV_Generation_eps_0.0_steps_0_Added_Noise_uniform_Eps_48.0_Tau_Type_normal_anchors - INFO - Batch 1909/2465: Clean accuracy 0.9738 | Adv accuracy: 0.9738 | Counter-attack accuracy: 0.9712
2026-02-07 15:03:18,916 - ADV_Generation_eps_0.0_steps_0_Added_Noise_uniform_Eps_48.0_Tau_Type_normal_anchors - INFO - Batch 1910/2465: Clean accuracy 0.9738 | Adv accuracy: 0.9738 | Counter-attack accuracy: 0.9712
2026-02-07 15:03:19,256 - ADV_Generation_eps_0.0_steps_0_Added_Noise_uniform_Eps_48.0_Tau_Type_normal_anchors - INFO - Batch 1911/2465: Clean accuracy 0.9738 | Adv accuracy: 0.9738 | Counter-attack accuracy: 0.9712
2026-02-07 15:03:19,565 - ADV_Generation_eps_0.0_steps_0_Added_Noise_uniform_Eps_48.0_Tau_Type_normal_anchors - INFO - Batch 1912/2465: Clean accuracy 0.9738 | Adv accuracy: 0.9738 | Counter-attack accuracy: 0.9712
2026-02-07 15:03:19,874 - ADV_Generation_eps_0.0_steps_0_Added_Noise_uniform_Eps_48.0_Tau_Type_normal_anchors - INFO - Batch 1913/2465: Clean accuracy 0.9739 | Adv accuracy: 0.9739 | Counter-attack accuracy: 0.9712
2026-02-07 15:03:20,183 - ADV_Generation_eps_0.0_steps_0_Added_Noise_uniform_Eps_48.0_Tau_Type_normal_anchors - INFO - Batch 1914/2465: Clean accuracy 0.9739 | Adv accuracy: 0.9739 | Counter-attack accuracy: 0.9713
2026-02-07 15:03:20,492 - ADV_Generation_eps_0.0_steps_0_Added_Noise_uniform_Eps_48.0_Tau_Type_normal_anchors - INFO - Batch 1915/2465: Clean accuracy 0.9739 | Adv accuracy: 0.9739 | Counter-attack accuracy: 0.9713
2026-02-07 15:03:20,801 - ADV_Generation_eps_0.0_steps_0_Added_Noise_uniform_Eps_48.0_Tau_Type_normal_anchors - INFO - Batch 1916/2465: Clean accuracy 0.9739 | Adv accuracy: 0.9739 | Counter-attack accuracy: 0.9713
2026-02-07 15:03:21,110 - ADV_Generation_eps_0.0_steps_0_Added_Noise_uniform_Eps_48.0_Tau_Type_normal_anchors - INFO - Batch 1917/2465: Clean accuracy 0.9739 | Adv accuracy: 0.9739 | Counter-attack accuracy: 0.9713
2026-02-07 15:03:21,419 - ADV_Generation_eps_0.0_steps_0_Added_Noise_uniform_Eps_48.0_Tau_Type_normal_anchors - INFO - Batch 1918/2465: Clean accuracy 0.9739 | Adv accuracy: 0.9739 | Counter-attack accuracy: 0.9713
2026-02-07 15:03:21,728 - ADV_Generation_eps_0.0_steps_0_Added_Noise_uniform_Eps_48.0_Tau_Type_normal_anchors - INFO - Batch 1919/2465: Clean accuracy 0.9739 | Adv accuracy: 0.9739 | Counter-attack accuracy: 0.9713
2026-02-07 15:03:22,037 - ADV_Generation_eps_0.0_steps_0_Added_Noise_uniform_Eps_48.0_Tau_Type_normal_anchors - INFO - Batch 1920/2465: Clean accuracy 0.9740 | Adv accuracy: 0.9740 | Counter-attack accuracy: 0.9714
2026-02-07 15:03:22,346 - ADV_Generation_eps_0.0_steps_0_Added_Noise_uniform_Eps_48.0_Tau_Type_normal_anchors - INFO - Batch 1921/2465: Clean accuracy 0.9740 | Adv accuracy: 0.9740 | Counter-attack accuracy: 0.9714
2026-02-07 15:03:22,654 - ADV_Generation_eps_0.0_steps_0_Added_Noise_uniform_Eps_48.0_Tau_Type_normal_anchors - INFO - Batch 1922/2465: Clean accuracy 0.9740 | Adv accuracy: 0.9740 | Counter-attack accuracy: 0.9714
2026-02-07 15:03:22,963 - ADV_Generation_eps_0.0_steps_0_Added_Noise_uniform_Eps_48.0_Tau_Type_normal_anchors - INFO - Batch 1923/2465: Clean accuracy 0.9740 | Adv accuracy: 0.9740 | Counter-attack accuracy: 0.9714
2026-02-07 15:03:23,272 - ADV_Generation_eps_0.0_steps_0_Added_Noise_uniform_Eps_48.0_Tau_Type_normal_anchors - INFO - Batch 1924/2465: Clean accuracy 0.9740 | Adv accuracy: 0.9740 | Counter-attack accuracy: 0.9714
2026-02-07 15:03:23,581 - ADV_Generation_eps_0.0_steps_0_Added_Noise_uniform_Eps_48.0_Tau_Type_normal_anchors - INFO - Batch 1925/2465: Clean accuracy 0.9740 | Adv accuracy: 0.9740 | Counter-attack accuracy: 0.9714
2026-02-07 15:03:23,890 - ADV_Generation_eps_0.0_steps_0_Added_Noise_uniform_Eps_48.0_Tau_Type_normal_anchors - INFO - Batch 1926/2465: Clean accuracy 0.9740 | Adv accuracy: 0.9740 | Counter-attack accuracy: 0.9714
2026-02-07 15:03:24,199 - ADV_Generation_eps_0.0_steps_0_Added_Noise_uniform_Eps_48.0_Tau_Type_normal_anchors - INFO - Batch 1927/2465: Clean accuracy 0.9741 | Adv accuracy: 0.9741 | Counter-attack accuracy: 0.9715
2026-02-07 15:03:24,508 - ADV_Generation_eps_0.0_steps_0_Added_Noise_uniform_Eps_48.0_Tau_Type_normal_anchors - INFO - Batch 1928/2465: Clean accuracy 0.9741 | Adv accuracy: 0.9741 | Counter-attack accuracy: 0.9715
2026-02-07 15:03:24,817 - ADV_Generation_eps_0.0_steps_0_Added_Noise_uniform_Eps_48.0_Tau_Type_normal_anchors - INFO - Batch 1929/2465: Clean accuracy 0.9741 | Adv accuracy: 0.9741 | Counter-attack accuracy: 0.9715
2026-02-07 15:03:25,126 - ADV_Generation_eps_0.0_steps_0_Added_Noise_uniform_Eps_48.0_Tau_Type_normal_anchors - INFO - Batch 1930/2465: Clean accuracy 0.9741 | Adv accuracy: 0.9741 | Counter-attack accuracy: 0.9715
2026-02-07 15:03:25,435 - ADV_Generation_eps_0.0_steps_0_Added_Noise_uniform_Eps_48.0_Tau_Type_normal_anchors - INFO - Batch 1931/2465: Clean accuracy 0.9741 | Adv accuracy: 0.9741 | Counter-attack accuracy: 0.9715
2026-02-07 15:03:25,743 - ADV_Generation_eps_0.0_steps_0_Added_Noise_uniform_Eps_48.0_Tau_Type_normal_anchors - INFO - Batch 1932/2465: Clean accuracy 0.9741 | Adv accuracy: 0.9741 | Counter-attack accuracy: 0.9715
2026-02-07 15:03:26,052 - ADV_Generation_eps_0.0_steps_0_Added_Noise_uniform_Eps_48.0_Tau_Type_normal_anchors - INFO - Batch 1933/2465: Clean accuracy 0.9741 | Adv accuracy: 0.9741 | Counter-attack accuracy: 0.9715
2026-02-07 15:03:26,361 - ADV_Generation_eps_0.0_steps_0_Added_Noise_uniform_Eps_48.0_Tau_Type_normal_anchors - INFO - Batch 1934/2465: Clean accuracy 0.9741 | Adv accuracy: 0.9741 | Counter-attack accuracy: 0.9716
2026-02-07 15:03:26,670 - ADV_Generation_eps_0.0_steps_0_Added_Noise_uniform_Eps_48.0_Tau_Type_normal_anchors - INFO - Batch 1935/2465: Clean accuracy 0.9742 | Adv accuracy: 0.9742 | Counter-attack accuracy: 0.9716
2026-02-07 15:03:26,979 - ADV_Generation_eps_0.0_steps_0_Added_Noise_uniform_Eps_48.0_Tau_Type_normal_anchors - INFO - Batch 1936/2465: Clean accuracy 0.9742 | Adv accuracy: 0.9742 | Counter-attack accuracy: 0.9716
2026-02-07 15:03:27,287 - ADV_Generation_eps_0.0_steps_0_Added_Noise_uniform_Eps_48.0_Tau_Type_normal_anchors - INFO - Batch 1937/2465: Clean accuracy 0.9742 | Adv accuracy: 0.9742 | Counter-attack accuracy: 0.9716
2026-02-07 15:03:27,596 - ADV_Generation_eps_0.0_steps_0_Added_Noise_uniform_Eps_48.0_Tau_Type_normal_anchors - INFO - Batch 1938/2465: Clean accuracy 0.9742 | Adv accuracy: 0.9742 | Counter-attack accuracy: 0.9716
2026-02-07 15:03:27,905 - ADV_Generation_eps_0.0_steps_0_Added_Noise_uniform_Eps_48.0_Tau_Type_normal_anchors - INFO - Batch 1939/2465: Clean accuracy 0.9742 | Adv accuracy: 0.9742 | Counter-attack accuracy: 0.9716
2026-02-07 15:03:28,214 - ADV_Generation_eps_0.0_steps_0_Added_Noise_uniform_Eps_48.0_Tau_Type_normal_anchors - INFO - Batch 1940/2465: Clean accuracy 0.9742 | Adv accuracy: 0.9742 | Counter-attack accuracy: 0.9716
2026-02-07 15:03:28,523 - ADV_Generation_eps_0.0_steps_0_Added_Noise_uniform_Eps_48.0_Tau_Type_normal_anchors - INFO - Batch 1941/2465: Clean accuracy 0.9742 | Adv accuracy: 0.9742 | Counter-attack accuracy: 0.9711
2026-02-07 15:03:28,832 - ADV_Generation_eps_0.0_steps_0_Added_Noise_uniform_Eps_48.0_Tau_Type_normal_anchors - INFO - Batch 1942/2465: Clean accuracy 0.9743 | Adv accuracy: 0.9743 | Counter-attack accuracy: 0.9712
2026-02-07 15:03:29,141 - ADV_Generation_eps_0.0_steps_0_Added_Noise_uniform_Eps_48.0_Tau_Type_normal_anchors - INFO - Batch 1943/2465: Clean accuracy 0.9743 | Adv accuracy: 0.9743 | Counter-attack accuracy: 0.9712
2026-02-07 15:03:29,449 - ADV_Generation_eps_0.0_steps_0_Added_Noise_uniform_Eps_48.0_Tau_Type_normal_anchors - INFO - Batch 1944/2465: Clean accuracy 0.9743 | Adv accuracy: 0.9743 | Counter-attack accuracy: 0.9712
2026-02-07 15:03:29,758 - ADV_Generation_eps_0.0_steps_0_Added_Noise_uniform_Eps_48.0_Tau_Type_normal_anchors - INFO - Batch 1945/2465: Clean accuracy 0.9743 | Adv accuracy: 0.9743 | Counter-attack accuracy: 0.9712
2026-02-07 15:03:30,067 - ADV_Generation_eps_0.0_steps_0_Added_Noise_uniform_Eps_48.0_Tau_Type_normal_anchors - INFO - Batch 1946/2465: Clean accuracy 0.9743 | Adv accuracy: 0.9743 | Counter-attack accuracy: 0.9712
2026-02-07 15:03:30,376 - ADV_Generation_eps_0.0_steps_0_Added_Noise_uniform_Eps_48.0_Tau_Type_normal_anchors - INFO - Batch 1947/2465: Clean accuracy 0.9743 | Adv accuracy: 0.9743 | Counter-attack accuracy: 0.9712
2026-02-07 15:03:30,685 - ADV_Generation_eps_0.0_steps_0_Added_Noise_uniform_Eps_48.0_Tau_Type_normal_anchors - INFO - Batch 1948/2465: Clean accuracy 0.9743 | Adv accuracy: 0.9743 | Counter-attack accuracy: 0.9713
2026-02-07 15:03:30,994 - ADV_Generation_eps_0.0_steps_0_Added_Noise_uniform_Eps_48.0_Tau_Type_normal_anchors - INFO - Batch 1949/2465: Clean accuracy 0.9743 | Adv accuracy: 0.9743 | Counter-attack accuracy: 0.9713
2026-02-07 15:03:31,303 - ADV_Generation_eps_0.0_steps_0_Added_Noise_uniform_Eps_48.0_Tau_Type_normal_anchors - INFO - Batch 1950/2465: Clean accuracy 0.9744 | Adv accuracy: 0.9744 | Counter-attack accuracy: 0.9713
2026-02-07 15:03:31,612 - ADV_Generation_eps_0.0_steps_0_Added_Noise_uniform_Eps_48.0_Tau_Type_normal_anchors - INFO - Batch 1951/2465: Clean accuracy 0.9744 | Adv accuracy: 0.9744 | Counter-attack accuracy: 0.9713
2026-02-07 15:03:31,921 - ADV_Generation_eps_0.0_steps_0_Added_Noise_uniform_Eps_48.0_Tau_Type_normal_anchors - INFO - Batch 1952/2465: Clean accuracy 0.9744 | Adv accuracy: 0.9744 | Counter-attack accuracy: 0.9713
2026-02-07 15:03:32,229 - ADV_Generation_eps_0.0_steps_0_Added_Noise_uniform_Eps_48.0_Tau_Type_normal_anchors - INFO - Batch 1953/2465: Clean accuracy 0.9744 | Adv accuracy: 0.9744 | Counter-attack accuracy: 0.9713
2026-02-07 15:03:32,538 - ADV_Generation_eps_0.0_steps_0_Added_Noise_uniform_Eps_48.0_Tau_Type_normal_anchors - INFO - Batch 1954/2465: Clean accuracy 0.9744 | Adv accuracy: 0.9744 | Counter-attack accuracy: 0.9713
2026-02-07 15:03:32,847 - ADV_Generation_eps_0.0_steps_0_Added_Noise_uniform_Eps_48.0_Tau_Type_normal_anchors - INFO - Batch 1955/2465: Clean accuracy 0.9744 | Adv accuracy: 0.9744 | Counter-attack accuracy: 0.9714
2026-02-07 15:03:33,156 - ADV_Generation_eps_0.0_steps_0_Added_Noise_uniform_Eps_48.0_Tau_Type_normal_anchors - INFO - Batch 1956/2465: Clean accuracy 0.9744 | Adv accuracy: 0.9744 | Counter-attack accuracy: 0.9714
2026-02-07 15:03:33,465 - ADV_Generation_eps_0.0_steps_0_Added_Noise_uniform_Eps_48.0_Tau_Type_normal_anchors - INFO - Batch 1957/2465: Clean accuracy 0.9745 | Adv accuracy: 0.9745 | Counter-attack accuracy: 0.9714
2026-02-07 15:03:33,774 - ADV_Generation_eps_0.0_steps_0_Added_Noise_uniform_Eps_48.0_Tau_Type_normal_anchors - INFO - Batch 1958/2465: Clean accuracy 0.9745 | Adv accuracy: 0.9745 | Counter-attack accuracy: 0.9714
2026-02-07 15:03:34,083 - ADV_Generation_eps_0.0_steps_0_Added_Noise_uniform_Eps_48.0_Tau_Type_normal_anchors - INFO - Batch 1959/2465: Clean accuracy 0.9745 | Adv accuracy: 0.9745 | Counter-attack accuracy: 0.9714
2026-02-07 15:03:34,392 - ADV_Generation_eps_0.0_steps_0_Added_Noise_uniform_Eps_48.0_Tau_Type_normal_anchors - INFO - Batch 1960/2465: Clean accuracy 0.9745 | Adv accuracy: 0.9745 | Counter-attack accuracy: 0.9714
2026-02-07 15:03:34,709 - ADV_Generation_eps_0.0_steps_0_Added_Noise_uniform_Eps_48.0_Tau_Type_normal_anchors - INFO - Batch 1961/2465: Clean accuracy 0.9745 | Adv accuracy: 0.9745 | Counter-attack accuracy: 0.9714
2026-02-07 15:03:35,018 - ADV_Generation_eps_0.0_steps_0_Added_Noise_uniform_Eps_48.0_Tau_Type_normal_anchors - INFO - Batch 1962/2465: Clean accuracy 0.9745 | Adv accuracy: 0.9745 | Counter-attack accuracy: 0.9715
2026-02-07 15:03:35,327 - ADV_Generation_eps_0.0_steps_0_Added_Noise_uniform_Eps_48.0_Tau_Type_normal_anchors - INFO - Batch 1963/2465: Clean accuracy 0.9745 | Adv accuracy: 0.9745 | Counter-attack accuracy: 0.9715
2026-02-07 15:03:35,636 - ADV_Generation_eps_0.0_steps_0_Added_Noise_uniform_Eps_48.0_Tau_Type_normal_anchors - INFO - Batch 1964/2465: Clean accuracy 0.9745 | Adv accuracy: 0.9745 | Counter-attack accuracy: 0.9715
2026-02-07 15:03:35,945 - ADV_Generation_eps_0.0_steps_0_Added_Noise_uniform_Eps_48.0_Tau_Type_normal_anchors - INFO - Batch 1965/2465: Clean accuracy 0.9746 | Adv accuracy: 0.9746 | Counter-attack accuracy: 0.9715
2026-02-07 15:03:36,254 - ADV_Generation_eps_0.0_steps_0_Added_Noise_uniform_Eps_48.0_Tau_Type_normal_anchors - INFO - Batch 1966/2465: Clean accuracy 0.9746 | Adv accuracy: 0.9746 | Counter-attack accuracy: 0.9715
2026-02-07 15:03:36,563 - ADV_Generation_eps_0.0_steps_0_Added_Noise_uniform_Eps_48.0_Tau_Type_normal_anchors - INFO - Batch 1967/2465: Clean accuracy 0.9746 | Adv accuracy: 0.9746 | Counter-attack accuracy: 0.9715
2026-02-07 15:03:36,872 - ADV_Generation_eps_0.0_steps_0_Added_Noise_uniform_Eps_48.0_Tau_Type_normal_anchors - INFO - Batch 1968/2465: Clean accuracy 0.9746 | Adv accuracy: 0.9746 | Counter-attack accuracy: 0.9715
2026-02-07 15:03:37,180 - ADV_Generation_eps_0.0_steps_0_Added_Noise_uniform_Eps_48.0_Tau_Type_normal_anchors - INFO - Batch 1969/2465: Clean accuracy 0.9746 | Adv accuracy: 0.9746 | Counter-attack accuracy: 0.9716
2026-02-07 15:03:37,489 - ADV_Generation_eps_0.0_steps_0_Added_Noise_uniform_Eps_48.0_Tau_Type_normal_anchors - INFO - Batch 1970/2465: Clean accuracy 0.9746 | Adv accuracy: 0.9746 | Counter-attack accuracy: 0.9716
2026-02-07 15:03:37,798 - ADV_Generation_eps_0.0_steps_0_Added_Noise_uniform_Eps_48.0_Tau_Type_normal_anchors - INFO - Batch 1971/2465: Clean accuracy 0.9746 | Adv accuracy: 0.9746 | Counter-attack accuracy: 0.9716
2026-02-07 15:03:38,107 - ADV_Generation_eps_0.0_steps_0_Added_Noise_uniform_Eps_48.0_Tau_Type_normal_anchors - INFO - Batch 1972/2465: Clean accuracy 0.9746 | Adv accuracy: 0.9746 | Counter-attack accuracy: 0.9716
2026-02-07 15:03:38,416 - ADV_Generation_eps_0.0_steps_0_Added_Noise_uniform_Eps_48.0_Tau_Type_normal_anchors - INFO - Batch 1973/2465: Clean accuracy 0.9747 | Adv accuracy: 0.9747 | Counter-attack accuracy: 0.9716
2026-02-07 15:03:38,732 - ADV_Generation_eps_0.0_steps_0_Added_Noise_uniform_Eps_48.0_Tau_Type_normal_anchors - INFO - Batch 1974/2465: Clean accuracy 0.9747 | Adv accuracy: 0.9747 | Counter-attack accuracy: 0.9716
2026-02-07 15:03:39,041 - ADV_Generation_eps_0.0_steps_0_Added_Noise_uniform_Eps_48.0_Tau_Type_normal_anchors - INFO - Batch 1975/2465: Clean accuracy 0.9747 | Adv accuracy: 0.9747 | Counter-attack accuracy: 0.9716
2026-02-07 15:03:39,350 - ADV_Generation_eps_0.0_steps_0_Added_Noise_uniform_Eps_48.0_Tau_Type_normal_anchors - INFO - Batch 1976/2465: Clean accuracy 0.9747 | Adv accuracy: 0.9747 | Counter-attack accuracy: 0.9717
2026-02-07 15:03:39,659 - ADV_Generation_eps_0.0_steps_0_Added_Noise_uniform_Eps_48.0_Tau_Type_normal_anchors - INFO - Batch 1977/2465: Clean accuracy 0.9747 | Adv accuracy: 0.9747 | Counter-attack accuracy: 0.9717
2026-02-07 15:03:39,967 - ADV_Generation_eps_0.0_steps_0_Added_Noise_uniform_Eps_48.0_Tau_Type_normal_anchors - INFO - Batch 1978/2465: Clean accuracy 0.9747 | Adv accuracy: 0.9747 | Counter-attack accuracy: 0.9717
2026-02-07 15:03:40,276 - ADV_Generation_eps_0.0_steps_0_Added_Noise_uniform_Eps_48.0_Tau_Type_normal_anchors - INFO - Batch 1979/2465: Clean accuracy 0.9747 | Adv accuracy: 0.9747 | Counter-attack accuracy: 0.9717
2026-02-07 15:03:40,585 - ADV_Generation_eps_0.0_steps_0_Added_Noise_uniform_Eps_48.0_Tau_Type_normal_anchors - INFO - Batch 1980/2465: Clean accuracy 0.9747 | Adv accuracy: 0.9747 | Counter-attack accuracy: 0.9717
2026-02-07 15:03:40,894 - ADV_Generation_eps_0.0_steps_0_Added_Noise_uniform_Eps_48.0_Tau_Type_normal_anchors - INFO - Batch 1981/2465: Clean accuracy 0.9748 | Adv accuracy: 0.9748 | Counter-attack accuracy: 0.9717
2026-02-07 15:03:41,203 - ADV_Generation_eps_0.0_steps_0_Added_Noise_uniform_Eps_48.0_Tau_Type_normal_anchors - INFO - Batch 1982/2465: Clean accuracy 0.9748 | Adv accuracy: 0.9748 | Counter-attack accuracy: 0.9717
2026-02-07 15:03:41,512 - ADV_Generation_eps_0.0_steps_0_Added_Noise_uniform_Eps_48.0_Tau_Type_normal_anchors - INFO - Batch 1983/2465: Clean accuracy 0.9748 | Adv accuracy: 0.9748 | Counter-attack accuracy: 0.9718
2026-02-07 15:03:41,821 - ADV_Generation_eps_0.0_steps_0_Added_Noise_uniform_Eps_48.0_Tau_Type_normal_anchors - INFO - Batch 1984/2465: Clean accuracy 0.9748 | Adv accuracy: 0.9748 | Counter-attack accuracy: 0.9718
2026-02-07 15:03:42,129 - ADV_Generation_eps_0.0_steps_0_Added_Noise_uniform_Eps_48.0_Tau_Type_normal_anchors - INFO - Batch 1985/2465: Clean accuracy 0.9748 | Adv accuracy: 0.9748 | Counter-attack accuracy: 0.9718
2026-02-07 15:03:42,438 - ADV_Generation_eps_0.0_steps_0_Added_Noise_uniform_Eps_48.0_Tau_Type_normal_anchors - INFO - Batch 1986/2465: Clean accuracy 0.9748 | Adv accuracy: 0.9748 | Counter-attack accuracy: 0.9718
2026-02-07 15:03:42,747 - ADV_Generation_eps_0.0_steps_0_Added_Noise_uniform_Eps_48.0_Tau_Type_normal_anchors - INFO - Batch 1987/2465: Clean accuracy 0.9748 | Adv accuracy: 0.9748 | Counter-attack accuracy: 0.9718
2026-02-07 15:03:43,056 - ADV_Generation_eps_0.0_steps_0_Added_Noise_uniform_Eps_48.0_Tau_Type_normal_anchors - INFO - Batch 1988/2465: Clean accuracy 0.9748 | Adv accuracy: 0.9748 | Counter-attack accuracy: 0.9718
2026-02-07 15:03:43,365 - ADV_Generation_eps_0.0_steps_0_Added_Noise_uniform_Eps_48.0_Tau_Type_normal_anchors - INFO - Batch 1989/2465: Clean accuracy 0.9749 | Adv accuracy: 0.9749 | Counter-attack accuracy: 0.9718
2026-02-07 15:03:43,674 - ADV_Generation_eps_0.0_steps_0_Added_Noise_uniform_Eps_48.0_Tau_Type_normal_anchors - INFO - Batch 1990/2465: Clean accuracy 0.9749 | Adv accuracy: 0.9749 | Counter-attack accuracy: 0.9719
2026-02-07 15:03:43,982 - ADV_Generation_eps_0.0_steps_0_Added_Noise_uniform_Eps_48.0_Tau_Type_normal_anchors - INFO - Batch 1991/2465: Clean accuracy 0.9749 | Adv accuracy: 0.9749 | Counter-attack accuracy: 0.9719
2026-02-07 15:03:44,291 - ADV_Generation_eps_0.0_steps_0_Added_Noise_uniform_Eps_48.0_Tau_Type_normal_anchors - INFO - Batch 1992/2465: Clean accuracy 0.9749 | Adv accuracy: 0.9749 | Counter-attack accuracy: 0.9719
2026-02-07 15:03:44,600 - ADV_Generation_eps_0.0_steps_0_Added_Noise_uniform_Eps_48.0_Tau_Type_normal_anchors - INFO - Batch 1993/2465: Clean accuracy 0.9749 | Adv accuracy: 0.9749 | Counter-attack accuracy: 0.9719
2026-02-07 15:03:44,909 - ADV_Generation_eps_0.0_steps_0_Added_Noise_uniform_Eps_48.0_Tau_Type_normal_anchors - INFO - Batch 1994/2465: Clean accuracy 0.9749 | Adv accuracy: 0.9749 | Counter-attack accuracy: 0.9719
2026-02-07 15:03:45,218 - ADV_Generation_eps_0.0_steps_0_Added_Noise_uniform_Eps_48.0_Tau_Type_normal_anchors - INFO - Batch 1995/2465: Clean accuracy 0.9749 | Adv accuracy: 0.9749 | Counter-attack accuracy: 0.9719
2026-02-07 15:03:45,527 - ADV_Generation_eps_0.0_steps_0_Added_Noise_uniform_Eps_48.0_Tau_Type_normal_anchors - INFO - Batch 1996/2465: Clean accuracy 0.9749 | Adv accuracy: 0.9749 | Counter-attack accuracy: 0.9719
2026-02-07 15:03:45,836 - ADV_Generation_eps_0.0_steps_0_Added_Noise_uniform_Eps_48.0_Tau_Type_normal_anchors - INFO - Batch 1997/2465: Clean accuracy 0.9750 | Adv accuracy: 0.9750 | Counter-attack accuracy: 0.9720
2026-02-07 15:03:46,145 - ADV_Generation_eps_0.0_steps_0_Added_Noise_uniform_Eps_48.0_Tau_Type_normal_anchors - INFO - Batch 1998/2465: Clean accuracy 0.9750 | Adv accuracy: 0.9750 | Counter-attack accuracy: 0.9720
2026-02-07 15:03:46,453 - ADV_Generation_eps_0.0_steps_0_Added_Noise_uniform_Eps_48.0_Tau_Type_normal_anchors - INFO - Batch 1999/2465: Clean accuracy 0.9750 | Adv accuracy: 0.9750 | Counter-attack accuracy: 0.9720
2026-02-07 15:03:46,762 - ADV_Generation_eps_0.0_steps_0_Added_Noise_uniform_Eps_48.0_Tau_Type_normal_anchors - INFO - Batch 2000/2465: Clean accuracy 0.9750 | Adv accuracy: 0.9750 | Counter-attack accuracy: 0.9720
2026-02-07 15:03:47,071 - ADV_Generation_eps_0.0_steps_0_Added_Noise_uniform_Eps_48.0_Tau_Type_normal_anchors - INFO - Batch 2001/2465: Clean accuracy 0.9750 | Adv accuracy: 0.9750 | Counter-attack accuracy: 0.9720
2026-02-07 15:03:47,380 - ADV_Generation_eps_0.0_steps_0_Added_Noise_uniform_Eps_48.0_Tau_Type_normal_anchors - INFO - Batch 2002/2465: Clean accuracy 0.9750 | Adv accuracy: 0.9750 | Counter-attack accuracy: 0.9720
2026-02-07 15:03:47,692 - ADV_Generation_eps_0.0_steps_0_Added_Noise_uniform_Eps_48.0_Tau_Type_normal_anchors - INFO - Batch 2003/2465: Clean accuracy 0.9750 | Adv accuracy: 0.9750 | Counter-attack accuracy: 0.9720
2026-02-07 15:03:48,001 - ADV_Generation_eps_0.0_steps_0_Added_Noise_uniform_Eps_48.0_Tau_Type_normal_anchors - INFO - Batch 2004/2465: Clean accuracy 0.9750 | Adv accuracy: 0.9750 | Counter-attack accuracy: 0.9721
2026-02-07 15:03:48,310 - ADV_Generation_eps_0.0_steps_0_Added_Noise_uniform_Eps_48.0_Tau_Type_normal_anchors - INFO - Batch 2005/2465: Clean accuracy 0.9751 | Adv accuracy: 0.9751 | Counter-attack accuracy: 0.9721
2026-02-07 15:03:48,619 - ADV_Generation_eps_0.0_steps_0_Added_Noise_uniform_Eps_48.0_Tau_Type_normal_anchors - INFO - Batch 2006/2465: Clean accuracy 0.9751 | Adv accuracy: 0.9751 | Counter-attack accuracy: 0.9716
2026-02-07 15:03:48,928 - ADV_Generation_eps_0.0_steps_0_Added_Noise_uniform_Eps_48.0_Tau_Type_normal_anchors - INFO - Batch 2007/2465: Clean accuracy 0.9751 | Adv accuracy: 0.9751 | Counter-attack accuracy: 0.9716
2026-02-07 15:03:49,237 - ADV_Generation_eps_0.0_steps_0_Added_Noise_uniform_Eps_48.0_Tau_Type_normal_anchors - INFO - Batch 2008/2465: Clean accuracy 0.9751 | Adv accuracy: 0.9751 | Counter-attack accuracy: 0.9716
2026-02-07 15:03:49,546 - ADV_Generation_eps_0.0_steps_0_Added_Noise_uniform_Eps_48.0_Tau_Type_normal_anchors - INFO - Batch 2009/2465: Clean accuracy 0.9751 | Adv accuracy: 0.9751 | Counter-attack accuracy: 0.9716
2026-02-07 15:03:49,855 - ADV_Generation_eps_0.0_steps_0_Added_Noise_uniform_Eps_48.0_Tau_Type_normal_anchors - INFO - Batch 2010/2465: Clean accuracy 0.9751 | Adv accuracy: 0.9751 | Counter-attack accuracy: 0.9716
2026-02-07 15:03:50,163 - ADV_Generation_eps_0.0_steps_0_Added_Noise_uniform_Eps_48.0_Tau_Type_normal_anchors - INFO - Batch 2011/2465: Clean accuracy 0.9751 | Adv accuracy: 0.9751 | Counter-attack accuracy: 0.9717
2026-02-07 15:03:50,472 - ADV_Generation_eps_0.0_steps_0_Added_Noise_uniform_Eps_48.0_Tau_Type_normal_anchors - INFO - Batch 2012/2465: Clean accuracy 0.9751 | Adv accuracy: 0.9751 | Counter-attack accuracy: 0.9717
2026-02-07 15:03:50,781 - ADV_Generation_eps_0.0_steps_0_Added_Noise_uniform_Eps_48.0_Tau_Type_normal_anchors - INFO - Batch 2013/2465: Clean accuracy 0.9752 | Adv accuracy: 0.9752 | Counter-attack accuracy: 0.9717
2026-02-07 15:03:51,090 - ADV_Generation_eps_0.0_steps_0_Added_Noise_uniform_Eps_48.0_Tau_Type_normal_anchors - INFO - Batch 2014/2465: Clean accuracy 0.9752 | Adv accuracy: 0.9752 | Counter-attack accuracy: 0.9717
2026-02-07 15:03:51,399 - ADV_Generation_eps_0.0_steps_0_Added_Noise_uniform_Eps_48.0_Tau_Type_normal_anchors - INFO - Batch 2015/2465: Clean accuracy 0.9752 | Adv accuracy: 0.9752 | Counter-attack accuracy: 0.9717
2026-02-07 15:03:51,708 - ADV_Generation_eps_0.0_steps_0_Added_Noise_uniform_Eps_48.0_Tau_Type_normal_anchors - INFO - Batch 2016/2465: Clean accuracy 0.9752 | Adv accuracy: 0.9752 | Counter-attack accuracy: 0.9717
2026-02-07 15:03:52,017 - ADV_Generation_eps_0.0_steps_0_Added_Noise_uniform_Eps_48.0_Tau_Type_normal_anchors - INFO - Batch 2017/2465: Clean accuracy 0.9752 | Adv accuracy: 0.9752 | Counter-attack accuracy: 0.9717
2026-02-07 15:03:52,325 - ADV_Generation_eps_0.0_steps_0_Added_Noise_uniform_Eps_48.0_Tau_Type_normal_anchors - INFO - Batch 2018/2465: Clean accuracy 0.9752 | Adv accuracy: 0.9752 | Counter-attack accuracy: 0.9718
2026-02-07 15:03:52,634 - ADV_Generation_eps_0.0_steps_0_Added_Noise_uniform_Eps_48.0_Tau_Type_normal_anchors - INFO - Batch 2019/2465: Clean accuracy 0.9752 | Adv accuracy: 0.9752 | Counter-attack accuracy: 0.9718
2026-02-07 15:03:52,951 - ADV_Generation_eps_0.0_steps_0_Added_Noise_uniform_Eps_48.0_Tau_Type_normal_anchors - INFO - Batch 2020/2465: Clean accuracy 0.9752 | Adv accuracy: 0.9752 | Counter-attack accuracy: 0.9718
2026-02-07 15:03:53,260 - ADV_Generation_eps_0.0_steps_0_Added_Noise_uniform_Eps_48.0_Tau_Type_normal_anchors - INFO - Batch 2021/2465: Clean accuracy 0.9753 | Adv accuracy: 0.9753 | Counter-attack accuracy: 0.9718
2026-02-07 15:03:53,569 - ADV_Generation_eps_0.0_steps_0_Added_Noise_uniform_Eps_48.0_Tau_Type_normal_anchors - INFO - Batch 2022/2465: Clean accuracy 0.9753 | Adv accuracy: 0.9753 | Counter-attack accuracy: 0.9718
2026-02-07 15:03:53,878 - ADV_Generation_eps_0.0_steps_0_Added_Noise_uniform_Eps_48.0_Tau_Type_normal_anchors - INFO - Batch 2023/2465: Clean accuracy 0.9753 | Adv accuracy: 0.9753 | Counter-attack accuracy: 0.9718
2026-02-07 15:03:54,187 - ADV_Generation_eps_0.0_steps_0_Added_Noise_uniform_Eps_48.0_Tau_Type_normal_anchors - INFO - Batch 2024/2465: Clean accuracy 0.9753 | Adv accuracy: 0.9753 | Counter-attack accuracy: 0.9718
2026-02-07 15:03:54,496 - ADV_Generation_eps_0.0_steps_0_Added_Noise_uniform_Eps_48.0_Tau_Type_normal_anchors - INFO - Batch 2025/2465: Clean accuracy 0.9753 | Adv accuracy: 0.9753 | Counter-attack accuracy: 0.9719
2026-02-07 15:03:54,804 - ADV_Generation_eps_0.0_steps_0_Added_Noise_uniform_Eps_48.0_Tau_Type_normal_anchors - INFO - Batch 2026/2465: Clean accuracy 0.9753 | Adv accuracy: 0.9753 | Counter-attack accuracy: 0.9719
2026-02-07 15:03:55,113 - ADV_Generation_eps_0.0_steps_0_Added_Noise_uniform_Eps_48.0_Tau_Type_normal_anchors - INFO - Batch 2027/2465: Clean accuracy 0.9753 | Adv accuracy: 0.9753 | Counter-attack accuracy: 0.9719
2026-02-07 15:03:55,422 - ADV_Generation_eps_0.0_steps_0_Added_Noise_uniform_Eps_48.0_Tau_Type_normal_anchors - INFO - Batch 2028/2465: Clean accuracy 0.9753 | Adv accuracy: 0.9753 | Counter-attack accuracy: 0.9719
2026-02-07 15:03:55,731 - ADV_Generation_eps_0.0_steps_0_Added_Noise_uniform_Eps_48.0_Tau_Type_normal_anchors - INFO - Batch 2029/2465: Clean accuracy 0.9754 | Adv accuracy: 0.9754 | Counter-attack accuracy: 0.9719
2026-02-07 15:03:56,040 - ADV_Generation_eps_0.0_steps_0_Added_Noise_uniform_Eps_48.0_Tau_Type_normal_anchors - INFO - Batch 2030/2465: Clean accuracy 0.9754 | Adv accuracy: 0.9754 | Counter-attack accuracy: 0.9719
2026-02-07 15:03:56,349 - ADV_Generation_eps_0.0_steps_0_Added_Noise_uniform_Eps_48.0_Tau_Type_normal_anchors - INFO - Batch 2031/2465: Clean accuracy 0.9754 | Adv accuracy: 0.9754 | Counter-attack accuracy: 0.9719
2026-02-07 15:03:56,658 - ADV_Generation_eps_0.0_steps_0_Added_Noise_uniform_Eps_48.0_Tau_Type_normal_anchors - INFO - Batch 2032/2465: Clean accuracy 0.9754 | Adv accuracy: 0.9754 | Counter-attack accuracy: 0.9719
2026-02-07 15:03:56,967 - ADV_Generation_eps_0.0_steps_0_Added_Noise_uniform_Eps_48.0_Tau_Type_normal_anchors - INFO - Batch 2033/2465: Clean accuracy 0.9754 | Adv accuracy: 0.9754 | Counter-attack accuracy: 0.9720
2026-02-07 15:03:57,276 - ADV_Generation_eps_0.0_steps_0_Added_Noise_uniform_Eps_48.0_Tau_Type_normal_anchors - INFO - Batch 2034/2465: Clean accuracy 0.9754 | Adv accuracy: 0.9754 | Counter-attack accuracy: 0.9715
2026-02-07 15:03:57,584 - ADV_Generation_eps_0.0_steps_0_Added_Noise_uniform_Eps_48.0_Tau_Type_normal_anchors - INFO - Batch 2035/2465: Clean accuracy 0.9754 | Adv accuracy: 0.9754 | Counter-attack accuracy: 0.9715
2026-02-07 15:03:57,893 - ADV_Generation_eps_0.0_steps_0_Added_Noise_uniform_Eps_48.0_Tau_Type_normal_anchors - INFO - Batch 2036/2465: Clean accuracy 0.9754 | Adv accuracy: 0.9754 | Counter-attack accuracy: 0.9715
2026-02-07 15:03:58,202 - ADV_Generation_eps_0.0_steps_0_Added_Noise_uniform_Eps_48.0_Tau_Type_normal_anchors - INFO - Batch 2037/2465: Clean accuracy 0.9750 | Adv accuracy: 0.9750 | Counter-attack accuracy: 0.9710
2026-02-07 15:03:58,512 - ADV_Generation_eps_0.0_steps_0_Added_Noise_uniform_Eps_48.0_Tau_Type_normal_anchors - INFO - Batch 2038/2465: Clean accuracy 0.9750 | Adv accuracy: 0.9750 | Counter-attack accuracy: 0.9711
2026-02-07 15:03:58,821 - ADV_Generation_eps_0.0_steps_0_Added_Noise_uniform_Eps_48.0_Tau_Type_normal_anchors - INFO - Batch 2039/2465: Clean accuracy 0.9750 | Adv accuracy: 0.9750 | Counter-attack accuracy: 0.9711
2026-02-07 15:03:59,130 - ADV_Generation_eps_0.0_steps_0_Added_Noise_uniform_Eps_48.0_Tau_Type_normal_anchors - INFO - Batch 2040/2465: Clean accuracy 0.9750 | Adv accuracy: 0.9750 | Counter-attack accuracy: 0.9706
2026-02-07 15:03:59,438 - ADV_Generation_eps_0.0_steps_0_Added_Noise_uniform_Eps_48.0_Tau_Type_normal_anchors - INFO - Batch 2041/2465: Clean accuracy 0.9750 | Adv accuracy: 0.9750 | Counter-attack accuracy: 0.9706
2026-02-07 15:03:59,747 - ADV_Generation_eps_0.0_steps_0_Added_Noise_uniform_Eps_48.0_Tau_Type_normal_anchors - INFO - Batch 2042/2465: Clean accuracy 0.9745 | Adv accuracy: 0.9745 | Counter-attack accuracy: 0.9706
2026-02-07 15:04:00,056 - ADV_Generation_eps_0.0_steps_0_Added_Noise_uniform_Eps_48.0_Tau_Type_normal_anchors - INFO - Batch 2043/2465: Clean accuracy 0.9745 | Adv accuracy: 0.9745 | Counter-attack accuracy: 0.9706
2026-02-07 15:04:00,365 - ADV_Generation_eps_0.0_steps_0_Added_Noise_uniform_Eps_48.0_Tau_Type_normal_anchors - INFO - Batch 2044/2465: Clean accuracy 0.9746 | Adv accuracy: 0.9746 | Counter-attack accuracy: 0.9706
2026-02-07 15:04:00,674 - ADV_Generation_eps_0.0_steps_0_Added_Noise_uniform_Eps_48.0_Tau_Type_normal_anchors - INFO - Batch 2045/2465: Clean accuracy 0.9746 | Adv accuracy: 0.9746 | Counter-attack accuracy: 0.9707
2026-02-07 15:04:00,983 - ADV_Generation_eps_0.0_steps_0_Added_Noise_uniform_Eps_48.0_Tau_Type_normal_anchors - INFO - Batch 2046/2465: Clean accuracy 0.9746 | Adv accuracy: 0.9746 | Counter-attack accuracy: 0.9707
2026-02-07 15:04:01,292 - ADV_Generation_eps_0.0_steps_0_Added_Noise_uniform_Eps_48.0_Tau_Type_normal_anchors - INFO - Batch 2047/2465: Clean accuracy 0.9746 | Adv accuracy: 0.9746 | Counter-attack accuracy: 0.9707
2026-02-07 15:04:01,601 - ADV_Generation_eps_0.0_steps_0_Added_Noise_uniform_Eps_48.0_Tau_Type_normal_anchors - INFO - Batch 2048/2465: Clean accuracy 0.9746 | Adv accuracy: 0.9746 | Counter-attack accuracy: 0.9707
2026-02-07 15:04:01,909 - ADV_Generation_eps_0.0_steps_0_Added_Noise_uniform_Eps_48.0_Tau_Type_normal_anchors - INFO - Batch 2049/2465: Clean accuracy 0.9746 | Adv accuracy: 0.9746 | Counter-attack accuracy: 0.9707
2026-02-07 15:04:02,221 - ADV_Generation_eps_0.0_steps_0_Added_Noise_uniform_Eps_48.0_Tau_Type_normal_anchors - INFO - Batch 2050/2465: Clean accuracy 0.9746 | Adv accuracy: 0.9746 | Counter-attack accuracy: 0.9707
2026-02-07 15:04:02,530 - ADV_Generation_eps_0.0_steps_0_Added_Noise_uniform_Eps_48.0_Tau_Type_normal_anchors - INFO - Batch 2051/2465: Clean accuracy 0.9742 | Adv accuracy: 0.9742 | Counter-attack accuracy: 0.9703
2026-02-07 15:04:02,839 - ADV_Generation_eps_0.0_steps_0_Added_Noise_uniform_Eps_48.0_Tau_Type_normal_anchors - INFO - Batch 2052/2465: Clean accuracy 0.9742 | Adv accuracy: 0.9742 | Counter-attack accuracy: 0.9703
2026-02-07 15:04:03,148 - ADV_Generation_eps_0.0_steps_0_Added_Noise_uniform_Eps_48.0_Tau_Type_normal_anchors - INFO - Batch 2053/2465: Clean accuracy 0.9742 | Adv accuracy: 0.9742 | Counter-attack accuracy: 0.9703
2026-02-07 15:04:03,457 - ADV_Generation_eps_0.0_steps_0_Added_Noise_uniform_Eps_48.0_Tau_Type_normal_anchors - INFO - Batch 2054/2465: Clean accuracy 0.9742 | Adv accuracy: 0.9742 | Counter-attack accuracy: 0.9703
2026-02-07 15:04:03,765 - ADV_Generation_eps_0.0_steps_0_Added_Noise_uniform_Eps_48.0_Tau_Type_normal_anchors - INFO - Batch 2055/2465: Clean accuracy 0.9742 | Adv accuracy: 0.9742 | Counter-attack accuracy: 0.9703
2026-02-07 15:04:04,075 - ADV_Generation_eps_0.0_steps_0_Added_Noise_uniform_Eps_48.0_Tau_Type_normal_anchors - INFO - Batch 2056/2465: Clean accuracy 0.9742 | Adv accuracy: 0.9742 | Counter-attack accuracy: 0.9703
2026-02-07 15:04:04,383 - ADV_Generation_eps_0.0_steps_0_Added_Noise_uniform_Eps_48.0_Tau_Type_normal_anchors - INFO - Batch 2057/2465: Clean accuracy 0.9742 | Adv accuracy: 0.9742 | Counter-attack accuracy: 0.9703
2026-02-07 15:04:04,692 - ADV_Generation_eps_0.0_steps_0_Added_Noise_uniform_Eps_48.0_Tau_Type_normal_anchors - INFO - Batch 2058/2465: Clean accuracy 0.9742 | Adv accuracy: 0.9742 | Counter-attack accuracy: 0.9704
2026-02-07 15:04:05,001 - ADV_Generation_eps_0.0_steps_0_Added_Noise_uniform_Eps_48.0_Tau_Type_normal_anchors - INFO - Batch 2059/2465: Clean accuracy 0.9743 | Adv accuracy: 0.9743 | Counter-attack accuracy: 0.9704
2026-02-07 15:04:05,310 - ADV_Generation_eps_0.0_steps_0_Added_Noise_uniform_Eps_48.0_Tau_Type_normal_anchors - INFO - Batch 2060/2465: Clean accuracy 0.9738 | Adv accuracy: 0.9738 | Counter-attack accuracy: 0.9699
2026-02-07 15:04:05,619 - ADV_Generation_eps_0.0_steps_0_Added_Noise_uniform_Eps_48.0_Tau_Type_normal_anchors - INFO - Batch 2061/2465: Clean accuracy 0.9738 | Adv accuracy: 0.9738 | Counter-attack accuracy: 0.9699
2026-02-07 15:04:05,928 - ADV_Generation_eps_0.0_steps_0_Added_Noise_uniform_Eps_48.0_Tau_Type_normal_anchors - INFO - Batch 2062/2465: Clean accuracy 0.9738 | Adv accuracy: 0.9738 | Counter-attack accuracy: 0.9699
2026-02-07 15:04:06,237 - ADV_Generation_eps_0.0_steps_0_Added_Noise_uniform_Eps_48.0_Tau_Type_normal_anchors - INFO - Batch 2063/2465: Clean accuracy 0.9738 | Adv accuracy: 0.9738 | Counter-attack accuracy: 0.9699
2026-02-07 15:04:06,546 - ADV_Generation_eps_0.0_steps_0_Added_Noise_uniform_Eps_48.0_Tau_Type_normal_anchors - INFO - Batch 2064/2465: Clean accuracy 0.9738 | Adv accuracy: 0.9738 | Counter-attack accuracy: 0.9700
2026-02-07 15:04:06,854 - ADV_Generation_eps_0.0_steps_0_Added_Noise_uniform_Eps_48.0_Tau_Type_normal_anchors - INFO - Batch 2065/2465: Clean accuracy 0.9738 | Adv accuracy: 0.9738 | Counter-attack accuracy: 0.9700
2026-02-07 15:04:07,163 - ADV_Generation_eps_0.0_steps_0_Added_Noise_uniform_Eps_48.0_Tau_Type_normal_anchors - INFO - Batch 2066/2465: Clean accuracy 0.9739 | Adv accuracy: 0.9739 | Counter-attack accuracy: 0.9695
2026-02-07 15:04:07,472 - ADV_Generation_eps_0.0_steps_0_Added_Noise_uniform_Eps_48.0_Tau_Type_normal_anchors - INFO - Batch 2067/2465: Clean accuracy 0.9739 | Adv accuracy: 0.9739 | Counter-attack accuracy: 0.9695
2026-02-07 15:04:07,781 - ADV_Generation_eps_0.0_steps_0_Added_Noise_uniform_Eps_48.0_Tau_Type_normal_anchors - INFO - Batch 2068/2465: Clean accuracy 0.9739 | Adv accuracy: 0.9739 | Counter-attack accuracy: 0.9695
2026-02-07 15:04:08,090 - ADV_Generation_eps_0.0_steps_0_Added_Noise_uniform_Eps_48.0_Tau_Type_normal_anchors - INFO - Batch 2069/2465: Clean accuracy 0.9739 | Adv accuracy: 0.9739 | Counter-attack accuracy: 0.9696
2026-02-07 15:04:08,399 - ADV_Generation_eps_0.0_steps_0_Added_Noise_uniform_Eps_48.0_Tau_Type_normal_anchors - INFO - Batch 2070/2465: Clean accuracy 0.9739 | Adv accuracy: 0.9739 | Counter-attack accuracy: 0.9696
2026-02-07 15:04:08,708 - ADV_Generation_eps_0.0_steps_0_Added_Noise_uniform_Eps_48.0_Tau_Type_normal_anchors - INFO - Batch 2071/2465: Clean accuracy 0.9739 | Adv accuracy: 0.9739 | Counter-attack accuracy: 0.9696
2026-02-07 15:04:09,017 - ADV_Generation_eps_0.0_steps_0_Added_Noise_uniform_Eps_48.0_Tau_Type_normal_anchors - INFO - Batch 2072/2465: Clean accuracy 0.9739 | Adv accuracy: 0.9739 | Counter-attack accuracy: 0.9696
2026-02-07 15:04:09,326 - ADV_Generation_eps_0.0_steps_0_Added_Noise_uniform_Eps_48.0_Tau_Type_normal_anchors - INFO - Batch 2073/2465: Clean accuracy 0.9740 | Adv accuracy: 0.9740 | Counter-attack accuracy: 0.9696
2026-02-07 15:04:09,635 - ADV_Generation_eps_0.0_steps_0_Added_Noise_uniform_Eps_48.0_Tau_Type_normal_anchors - INFO - Batch 2074/2465: Clean accuracy 0.9740 | Adv accuracy: 0.9740 | Counter-attack accuracy: 0.9696
2026-02-07 15:04:09,943 - ADV_Generation_eps_0.0_steps_0_Added_Noise_uniform_Eps_48.0_Tau_Type_normal_anchors - INFO - Batch 2075/2465: Clean accuracy 0.9740 | Adv accuracy: 0.9740 | Counter-attack accuracy: 0.9696
2026-02-07 15:04:10,252 - ADV_Generation_eps_0.0_steps_0_Added_Noise_uniform_Eps_48.0_Tau_Type_normal_anchors - INFO - Batch 2076/2465: Clean accuracy 0.9740 | Adv accuracy: 0.9740 | Counter-attack accuracy: 0.9697
2026-02-07 15:04:10,561 - ADV_Generation_eps_0.0_steps_0_Added_Noise_uniform_Eps_48.0_Tau_Type_normal_anchors - INFO - Batch 2077/2465: Clean accuracy 0.9740 | Adv accuracy: 0.9740 | Counter-attack accuracy: 0.9697
2026-02-07 15:04:10,870 - ADV_Generation_eps_0.0_steps_0_Added_Noise_uniform_Eps_48.0_Tau_Type_normal_anchors - INFO - Batch 2078/2465: Clean accuracy 0.9740 | Adv accuracy: 0.9740 | Counter-attack accuracy: 0.9697
2026-02-07 15:04:11,179 - ADV_Generation_eps_0.0_steps_0_Added_Noise_uniform_Eps_48.0_Tau_Type_normal_anchors - INFO - Batch 2079/2465: Clean accuracy 0.9740 | Adv accuracy: 0.9740 | Counter-attack accuracy: 0.9697
2026-02-07 15:04:11,488 - ADV_Generation_eps_0.0_steps_0_Added_Noise_uniform_Eps_48.0_Tau_Type_normal_anchors - INFO - Batch 2080/2465: Clean accuracy 0.9740 | Adv accuracy: 0.9740 | Counter-attack accuracy: 0.9697
2026-02-07 15:04:11,878 - ADV_Generation_eps_0.0_steps_0_Added_Noise_uniform_Eps_48.0_Tau_Type_normal_anchors - INFO - Batch 2081/2465: Clean accuracy 0.9741 | Adv accuracy: 0.9741 | Counter-attack accuracy: 0.9697
2026-02-07 15:04:12,187 - ADV_Generation_eps_0.0_steps_0_Added_Noise_uniform_Eps_48.0_Tau_Type_normal_anchors - INFO - Batch 2082/2465: Clean accuracy 0.9741 | Adv accuracy: 0.9741 | Counter-attack accuracy: 0.9697
2026-02-07 15:04:12,502 - ADV_Generation_eps_0.0_steps_0_Added_Noise_uniform_Eps_48.0_Tau_Type_normal_anchors - INFO - Batch 2083/2465: Clean accuracy 0.9741 | Adv accuracy: 0.9741 | Counter-attack accuracy: 0.9693
2026-02-07 15:04:12,811 - ADV_Generation_eps_0.0_steps_0_Added_Noise_uniform_Eps_48.0_Tau_Type_normal_anchors - INFO - Batch 2084/2465: Clean accuracy 0.9741 | Adv accuracy: 0.9741 | Counter-attack accuracy: 0.9693
2026-02-07 15:04:13,120 - ADV_Generation_eps_0.0_steps_0_Added_Noise_uniform_Eps_48.0_Tau_Type_normal_anchors - INFO - Batch 2085/2465: Clean accuracy 0.9741 | Adv accuracy: 0.9741 | Counter-attack accuracy: 0.9693
2026-02-07 15:04:13,429 - ADV_Generation_eps_0.0_steps_0_Added_Noise_uniform_Eps_48.0_Tau_Type_normal_anchors - INFO - Batch 2086/2465: Clean accuracy 0.9741 | Adv accuracy: 0.9741 | Counter-attack accuracy: 0.9693
2026-02-07 15:04:13,738 - ADV_Generation_eps_0.0_steps_0_Added_Noise_uniform_Eps_48.0_Tau_Type_normal_anchors - INFO - Batch 2087/2465: Clean accuracy 0.9741 | Adv accuracy: 0.9741 | Counter-attack accuracy: 0.9693
2026-02-07 15:04:14,047 - ADV_Generation_eps_0.0_steps_0_Added_Noise_uniform_Eps_48.0_Tau_Type_normal_anchors - INFO - Batch 2088/2465: Clean accuracy 0.9741 | Adv accuracy: 0.9741 | Counter-attack accuracy: 0.9689
2026-02-07 15:04:14,356 - ADV_Generation_eps_0.0_steps_0_Added_Noise_uniform_Eps_48.0_Tau_Type_normal_anchors - INFO - Batch 2089/2465: Clean accuracy 0.9742 | Adv accuracy: 0.9742 | Counter-attack accuracy: 0.9689
2026-02-07 15:04:14,664 - ADV_Generation_eps_0.0_steps_0_Added_Noise_uniform_Eps_48.0_Tau_Type_normal_anchors - INFO - Batch 2090/2465: Clean accuracy 0.9742 | Adv accuracy: 0.9742 | Counter-attack accuracy: 0.9689
2026-02-07 15:04:14,973 - ADV_Generation_eps_0.0_steps_0_Added_Noise_uniform_Eps_48.0_Tau_Type_normal_anchors - INFO - Batch 2091/2465: Clean accuracy 0.9742 | Adv accuracy: 0.9742 | Counter-attack accuracy: 0.9689
2026-02-07 15:04:15,282 - ADV_Generation_eps_0.0_steps_0_Added_Noise_uniform_Eps_48.0_Tau_Type_normal_anchors - INFO - Batch 2092/2465: Clean accuracy 0.9742 | Adv accuracy: 0.9742 | Counter-attack accuracy: 0.9689
2026-02-07 15:04:15,591 - ADV_Generation_eps_0.0_steps_0_Added_Noise_uniform_Eps_48.0_Tau_Type_normal_anchors - INFO - Batch 2093/2465: Clean accuracy 0.9742 | Adv accuracy: 0.9742 | Counter-attack accuracy: 0.9689
2026-02-07 15:04:15,900 - ADV_Generation_eps_0.0_steps_0_Added_Noise_uniform_Eps_48.0_Tau_Type_normal_anchors - INFO - Batch 2094/2465: Clean accuracy 0.9742 | Adv accuracy: 0.9742 | Counter-attack accuracy: 0.9690
2026-02-07 15:04:16,208 - ADV_Generation_eps_0.0_steps_0_Added_Noise_uniform_Eps_48.0_Tau_Type_normal_anchors - INFO - Batch 2095/2465: Clean accuracy 0.9742 | Adv accuracy: 0.9742 | Counter-attack accuracy: 0.9690
2026-02-07 15:04:16,517 - ADV_Generation_eps_0.0_steps_0_Added_Noise_uniform_Eps_48.0_Tau_Type_normal_anchors - INFO - Batch 2096/2465: Clean accuracy 0.9742 | Adv accuracy: 0.9742 | Counter-attack accuracy: 0.9690
2026-02-07 15:04:16,826 - ADV_Generation_eps_0.0_steps_0_Added_Noise_uniform_Eps_48.0_Tau_Type_normal_anchors - INFO - Batch 2097/2465: Clean accuracy 0.9742 | Adv accuracy: 0.9742 | Counter-attack accuracy: 0.9690
2026-02-07 15:04:17,135 - ADV_Generation_eps_0.0_steps_0_Added_Noise_uniform_Eps_48.0_Tau_Type_normal_anchors - INFO - Batch 2098/2465: Clean accuracy 0.9743 | Adv accuracy: 0.9743 | Counter-attack accuracy: 0.9690
2026-02-07 15:04:17,444 - ADV_Generation_eps_0.0_steps_0_Added_Noise_uniform_Eps_48.0_Tau_Type_normal_anchors - INFO - Batch 2099/2465: Clean accuracy 0.9743 | Adv accuracy: 0.9743 | Counter-attack accuracy: 0.9690
2026-02-07 15:04:17,753 - ADV_Generation_eps_0.0_steps_0_Added_Noise_uniform_Eps_48.0_Tau_Type_normal_anchors - INFO - Batch 2100/2465: Clean accuracy 0.9743 | Adv accuracy: 0.9743 | Counter-attack accuracy: 0.9690
2026-02-07 15:04:18,062 - ADV_Generation_eps_0.0_steps_0_Added_Noise_uniform_Eps_48.0_Tau_Type_normal_anchors - INFO - Batch 2101/2465: Clean accuracy 0.9743 | Adv accuracy: 0.9743 | Counter-attack accuracy: 0.9691
2026-02-07 15:04:18,370 - ADV_Generation_eps_0.0_steps_0_Added_Noise_uniform_Eps_48.0_Tau_Type_normal_anchors - INFO - Batch 2102/2465: Clean accuracy 0.9743 | Adv accuracy: 0.9743 | Counter-attack accuracy: 0.9691
2026-02-07 15:04:18,679 - ADV_Generation_eps_0.0_steps_0_Added_Noise_uniform_Eps_48.0_Tau_Type_normal_anchors - INFO - Batch 2103/2465: Clean accuracy 0.9743 | Adv accuracy: 0.9743 | Counter-attack accuracy: 0.9691
2026-02-07 15:04:18,988 - ADV_Generation_eps_0.0_steps_0_Added_Noise_uniform_Eps_48.0_Tau_Type_normal_anchors - INFO - Batch 2104/2465: Clean accuracy 0.9743 | Adv accuracy: 0.9743 | Counter-attack accuracy: 0.9691
2026-02-07 15:04:19,297 - ADV_Generation_eps_0.0_steps_0_Added_Noise_uniform_Eps_48.0_Tau_Type_normal_anchors - INFO - Batch 2105/2465: Clean accuracy 0.9743 | Adv accuracy: 0.9743 | Counter-attack accuracy: 0.9691
2026-02-07 15:04:19,606 - ADV_Generation_eps_0.0_steps_0_Added_Noise_uniform_Eps_48.0_Tau_Type_normal_anchors - INFO - Batch 2106/2465: Clean accuracy 0.9744 | Adv accuracy: 0.9744 | Counter-attack accuracy: 0.9691
2026-02-07 15:04:19,915 - ADV_Generation_eps_0.0_steps_0_Added_Noise_uniform_Eps_48.0_Tau_Type_normal_anchors - INFO - Batch 2107/2465: Clean accuracy 0.9744 | Adv accuracy: 0.9744 | Counter-attack accuracy: 0.9692
2026-02-07 15:04:20,224 - ADV_Generation_eps_0.0_steps_0_Added_Noise_uniform_Eps_48.0_Tau_Type_normal_anchors - INFO - Batch 2108/2465: Clean accuracy 0.9744 | Adv accuracy: 0.9744 | Counter-attack accuracy: 0.9692
2026-02-07 15:04:20,533 - ADV_Generation_eps_0.0_steps_0_Added_Noise_uniform_Eps_48.0_Tau_Type_normal_anchors - INFO - Batch 2109/2465: Clean accuracy 0.9744 | Adv accuracy: 0.9744 | Counter-attack accuracy: 0.9692
2026-02-07 15:04:20,842 - ADV_Generation_eps_0.0_steps_0_Added_Noise_uniform_Eps_48.0_Tau_Type_normal_anchors - INFO - Batch 2110/2465: Clean accuracy 0.9744 | Adv accuracy: 0.9744 | Counter-attack accuracy: 0.9692
2026-02-07 15:04:21,150 - ADV_Generation_eps_0.0_steps_0_Added_Noise_uniform_Eps_48.0_Tau_Type_normal_anchors - INFO - Batch 2111/2465: Clean accuracy 0.9744 | Adv accuracy: 0.9744 | Counter-attack accuracy: 0.9692
2026-02-07 15:04:21,459 - ADV_Generation_eps_0.0_steps_0_Added_Noise_uniform_Eps_48.0_Tau_Type_normal_anchors - INFO - Batch 2112/2465: Clean accuracy 0.9744 | Adv accuracy: 0.9744 | Counter-attack accuracy: 0.9692
2026-02-07 15:04:21,768 - ADV_Generation_eps_0.0_steps_0_Added_Noise_uniform_Eps_48.0_Tau_Type_normal_anchors - INFO - Batch 2113/2465: Clean accuracy 0.9744 | Adv accuracy: 0.9744 | Counter-attack accuracy: 0.9692
2026-02-07 15:04:22,077 - ADV_Generation_eps_0.0_steps_0_Added_Noise_uniform_Eps_48.0_Tau_Type_normal_anchors - INFO - Batch 2114/2465: Clean accuracy 0.9745 | Adv accuracy: 0.9745 | Counter-attack accuracy: 0.9693
2026-02-07 15:04:22,386 - ADV_Generation_eps_0.0_steps_0_Added_Noise_uniform_Eps_48.0_Tau_Type_normal_anchors - INFO - Batch 2115/2465: Clean accuracy 0.9745 | Adv accuracy: 0.9745 | Counter-attack accuracy: 0.9693
2026-02-07 15:04:22,695 - ADV_Generation_eps_0.0_steps_0_Added_Noise_uniform_Eps_48.0_Tau_Type_normal_anchors - INFO - Batch 2116/2465: Clean accuracy 0.9745 | Adv accuracy: 0.9745 | Counter-attack accuracy: 0.9693
2026-02-07 15:04:23,004 - ADV_Generation_eps_0.0_steps_0_Added_Noise_uniform_Eps_48.0_Tau_Type_normal_anchors - INFO - Batch 2117/2465: Clean accuracy 0.9745 | Adv accuracy: 0.9745 | Counter-attack accuracy: 0.9693
2026-02-07 15:04:23,313 - ADV_Generation_eps_0.0_steps_0_Added_Noise_uniform_Eps_48.0_Tau_Type_normal_anchors - INFO - Batch 2118/2465: Clean accuracy 0.9745 | Adv accuracy: 0.9745 | Counter-attack accuracy: 0.9693
2026-02-07 15:04:23,622 - ADV_Generation_eps_0.0_steps_0_Added_Noise_uniform_Eps_48.0_Tau_Type_normal_anchors - INFO - Batch 2119/2465: Clean accuracy 0.9745 | Adv accuracy: 0.9745 | Counter-attack accuracy: 0.9693
2026-02-07 15:04:23,931 - ADV_Generation_eps_0.0_steps_0_Added_Noise_uniform_Eps_48.0_Tau_Type_normal_anchors - INFO - Batch 2120/2465: Clean accuracy 0.9745 | Adv accuracy: 0.9745 | Counter-attack accuracy: 0.9693
2026-02-07 15:04:24,240 - ADV_Generation_eps_0.0_steps_0_Added_Noise_uniform_Eps_48.0_Tau_Type_normal_anchors - INFO - Batch 2121/2465: Clean accuracy 0.9745 | Adv accuracy: 0.9745 | Counter-attack accuracy: 0.9694
2026-02-07 15:04:24,549 - ADV_Generation_eps_0.0_steps_0_Added_Noise_uniform_Eps_48.0_Tau_Type_normal_anchors - INFO - Batch 2122/2465: Clean accuracy 0.9746 | Adv accuracy: 0.9746 | Counter-attack accuracy: 0.9694
2026-02-07 15:04:24,858 - ADV_Generation_eps_0.0_steps_0_Added_Noise_uniform_Eps_48.0_Tau_Type_normal_anchors - INFO - Batch 2123/2465: Clean accuracy 0.9746 | Adv accuracy: 0.9746 | Counter-attack accuracy: 0.9694
2026-02-07 15:04:25,166 - ADV_Generation_eps_0.0_steps_0_Added_Noise_uniform_Eps_48.0_Tau_Type_normal_anchors - INFO - Batch 2124/2465: Clean accuracy 0.9746 | Adv accuracy: 0.9746 | Counter-attack accuracy: 0.9694
2026-02-07 15:04:25,478 - ADV_Generation_eps_0.0_steps_0_Added_Noise_uniform_Eps_48.0_Tau_Type_normal_anchors - INFO - Batch 2125/2465: Clean accuracy 0.9746 | Adv accuracy: 0.9746 | Counter-attack accuracy: 0.9694
2026-02-07 15:04:25,787 - ADV_Generation_eps_0.0_steps_0_Added_Noise_uniform_Eps_48.0_Tau_Type_normal_anchors - INFO - Batch 2126/2465: Clean accuracy 0.9746 | Adv accuracy: 0.9746 | Counter-attack accuracy: 0.9694
2026-02-07 15:04:26,096 - ADV_Generation_eps_0.0_steps_0_Added_Noise_uniform_Eps_48.0_Tau_Type_normal_anchors - INFO - Batch 2127/2465: Clean accuracy 0.9746 | Adv accuracy: 0.9746 | Counter-attack accuracy: 0.9694
2026-02-07 15:04:26,405 - ADV_Generation_eps_0.0_steps_0_Added_Noise_uniform_Eps_48.0_Tau_Type_normal_anchors - INFO - Batch 2128/2465: Clean accuracy 0.9746 | Adv accuracy: 0.9746 | Counter-attack accuracy: 0.9695
2026-02-07 15:04:26,714 - ADV_Generation_eps_0.0_steps_0_Added_Noise_uniform_Eps_48.0_Tau_Type_normal_anchors - INFO - Batch 2129/2465: Clean accuracy 0.9746 | Adv accuracy: 0.9746 | Counter-attack accuracy: 0.9695
2026-02-07 15:04:27,023 - ADV_Generation_eps_0.0_steps_0_Added_Noise_uniform_Eps_48.0_Tau_Type_normal_anchors - INFO - Batch 2130/2465: Clean accuracy 0.9746 | Adv accuracy: 0.9746 | Counter-attack accuracy: 0.9695
2026-02-07 15:04:27,332 - ADV_Generation_eps_0.0_steps_0_Added_Noise_uniform_Eps_48.0_Tau_Type_normal_anchors - INFO - Batch 2131/2465: Clean accuracy 0.9747 | Adv accuracy: 0.9747 | Counter-attack accuracy: 0.9695
2026-02-07 15:04:27,648 - ADV_Generation_eps_0.0_steps_0_Added_Noise_uniform_Eps_48.0_Tau_Type_normal_anchors - INFO - Batch 2132/2465: Clean accuracy 0.9747 | Adv accuracy: 0.9747 | Counter-attack accuracy: 0.9695
2026-02-07 15:04:27,957 - ADV_Generation_eps_0.0_steps_0_Added_Noise_uniform_Eps_48.0_Tau_Type_normal_anchors - INFO - Batch 2133/2465: Clean accuracy 0.9747 | Adv accuracy: 0.9747 | Counter-attack accuracy: 0.9695
2026-02-07 15:04:28,266 - ADV_Generation_eps_0.0_steps_0_Added_Noise_uniform_Eps_48.0_Tau_Type_normal_anchors - INFO - Batch 2134/2465: Clean accuracy 0.9747 | Adv accuracy: 0.9747 | Counter-attack accuracy: 0.9695
2026-02-07 15:04:28,575 - ADV_Generation_eps_0.0_steps_0_Added_Noise_uniform_Eps_48.0_Tau_Type_normal_anchors - INFO - Batch 2135/2465: Clean accuracy 0.9747 | Adv accuracy: 0.9747 | Counter-attack accuracy: 0.9696
2026-02-07 15:04:28,895 - ADV_Generation_eps_0.0_steps_0_Added_Noise_uniform_Eps_48.0_Tau_Type_normal_anchors - INFO - Batch 2136/2465: Clean accuracy 0.9747 | Adv accuracy: 0.9747 | Counter-attack accuracy: 0.9696
2026-02-07 15:04:29,204 - ADV_Generation_eps_0.0_steps_0_Added_Noise_uniform_Eps_48.0_Tau_Type_normal_anchors - INFO - Batch 2137/2465: Clean accuracy 0.9747 | Adv accuracy: 0.9747 | Counter-attack accuracy: 0.9696
2026-02-07 15:04:29,513 - ADV_Generation_eps_0.0_steps_0_Added_Noise_uniform_Eps_48.0_Tau_Type_normal_anchors - INFO - Batch 2138/2465: Clean accuracy 0.9747 | Adv accuracy: 0.9747 | Counter-attack accuracy: 0.9696
2026-02-07 15:04:29,822 - ADV_Generation_eps_0.0_steps_0_Added_Noise_uniform_Eps_48.0_Tau_Type_normal_anchors - INFO - Batch 2139/2465: Clean accuracy 0.9748 | Adv accuracy: 0.9748 | Counter-attack accuracy: 0.9696
2026-02-07 15:04:30,131 - ADV_Generation_eps_0.0_steps_0_Added_Noise_uniform_Eps_48.0_Tau_Type_normal_anchors - INFO - Batch 2140/2465: Clean accuracy 0.9748 | Adv accuracy: 0.9748 | Counter-attack accuracy: 0.9696
2026-02-07 15:04:30,439 - ADV_Generation_eps_0.0_steps_0_Added_Noise_uniform_Eps_48.0_Tau_Type_normal_anchors - INFO - Batch 2141/2465: Clean accuracy 0.9748 | Adv accuracy: 0.9748 | Counter-attack accuracy: 0.9696
2026-02-07 15:04:30,748 - ADV_Generation_eps_0.0_steps_0_Added_Noise_uniform_Eps_48.0_Tau_Type_normal_anchors - INFO - Batch 2142/2465: Clean accuracy 0.9748 | Adv accuracy: 0.9748 | Counter-attack accuracy: 0.9697
2026-02-07 15:04:31,057 - ADV_Generation_eps_0.0_steps_0_Added_Noise_uniform_Eps_48.0_Tau_Type_normal_anchors - INFO - Batch 2143/2465: Clean accuracy 0.9748 | Adv accuracy: 0.9748 | Counter-attack accuracy: 0.9697
2026-02-07 15:04:31,366 - ADV_Generation_eps_0.0_steps_0_Added_Noise_uniform_Eps_48.0_Tau_Type_normal_anchors - INFO - Batch 2144/2465: Clean accuracy 0.9748 | Adv accuracy: 0.9748 | Counter-attack accuracy: 0.9697
2026-02-07 15:04:31,675 - ADV_Generation_eps_0.0_steps_0_Added_Noise_uniform_Eps_48.0_Tau_Type_normal_anchors - INFO - Batch 2145/2465: Clean accuracy 0.9748 | Adv accuracy: 0.9748 | Counter-attack accuracy: 0.9697
2026-02-07 15:04:31,984 - ADV_Generation_eps_0.0_steps_0_Added_Noise_uniform_Eps_48.0_Tau_Type_normal_anchors - INFO - Batch 2146/2465: Clean accuracy 0.9748 | Adv accuracy: 0.9748 | Counter-attack accuracy: 0.9697
2026-02-07 15:04:32,293 - ADV_Generation_eps_0.0_steps_0_Added_Noise_uniform_Eps_48.0_Tau_Type_normal_anchors - INFO - Batch 2147/2465: Clean accuracy 0.9748 | Adv accuracy: 0.9748 | Counter-attack accuracy: 0.9693
2026-02-07 15:04:32,602 - ADV_Generation_eps_0.0_steps_0_Added_Noise_uniform_Eps_48.0_Tau_Type_normal_anchors - INFO - Batch 2148/2465: Clean accuracy 0.9749 | Adv accuracy: 0.9749 | Counter-attack accuracy: 0.9693
2026-02-07 15:04:32,918 - ADV_Generation_eps_0.0_steps_0_Added_Noise_uniform_Eps_48.0_Tau_Type_normal_anchors - INFO - Batch 2149/2465: Clean accuracy 0.9749 | Adv accuracy: 0.9749 | Counter-attack accuracy: 0.9693
2026-02-07 15:04:33,227 - ADV_Generation_eps_0.0_steps_0_Added_Noise_uniform_Eps_48.0_Tau_Type_normal_anchors - INFO - Batch 2150/2465: Clean accuracy 0.9749 | Adv accuracy: 0.9749 | Counter-attack accuracy: 0.9693
2026-02-07 15:04:33,536 - ADV_Generation_eps_0.0_steps_0_Added_Noise_uniform_Eps_48.0_Tau_Type_normal_anchors - INFO - Batch 2151/2465: Clean accuracy 0.9749 | Adv accuracy: 0.9749 | Counter-attack accuracy: 0.9693
2026-02-07 15:04:33,845 - ADV_Generation_eps_0.0_steps_0_Added_Noise_uniform_Eps_48.0_Tau_Type_normal_anchors - INFO - Batch 2152/2465: Clean accuracy 0.9749 | Adv accuracy: 0.9749 | Counter-attack accuracy: 0.9693
2026-02-07 15:04:34,154 - ADV_Generation_eps_0.0_steps_0_Added_Noise_uniform_Eps_48.0_Tau_Type_normal_anchors - INFO - Batch 2153/2465: Clean accuracy 0.9749 | Adv accuracy: 0.9749 | Counter-attack accuracy: 0.9693
2026-02-07 15:04:34,463 - ADV_Generation_eps_0.0_steps_0_Added_Noise_uniform_Eps_48.0_Tau_Type_normal_anchors - INFO - Batch 2154/2465: Clean accuracy 0.9749 | Adv accuracy: 0.9749 | Counter-attack accuracy: 0.9694
2026-02-07 15:04:34,772 - ADV_Generation_eps_0.0_steps_0_Added_Noise_uniform_Eps_48.0_Tau_Type_normal_anchors - INFO - Batch 2155/2465: Clean accuracy 0.9749 | Adv accuracy: 0.9749 | Counter-attack accuracy: 0.9694
2026-02-07 15:04:35,081 - ADV_Generation_eps_0.0_steps_0_Added_Noise_uniform_Eps_48.0_Tau_Type_normal_anchors - INFO - Batch 2156/2465: Clean accuracy 0.9750 | Adv accuracy: 0.9750 | Counter-attack accuracy: 0.9694
2026-02-07 15:04:35,389 - ADV_Generation_eps_0.0_steps_0_Added_Noise_uniform_Eps_48.0_Tau_Type_normal_anchors - INFO - Batch 2157/2465: Clean accuracy 0.9750 | Adv accuracy: 0.9750 | Counter-attack accuracy: 0.9694
2026-02-07 15:04:35,698 - ADV_Generation_eps_0.0_steps_0_Added_Noise_uniform_Eps_48.0_Tau_Type_normal_anchors - INFO - Batch 2158/2465: Clean accuracy 0.9750 | Adv accuracy: 0.9750 | Counter-attack accuracy: 0.9694
2026-02-07 15:04:36,007 - ADV_Generation_eps_0.0_steps_0_Added_Noise_uniform_Eps_48.0_Tau_Type_normal_anchors - INFO - Batch 2159/2465: Clean accuracy 0.9750 | Adv accuracy: 0.9750 | Counter-attack accuracy: 0.9694
2026-02-07 15:04:36,318 - ADV_Generation_eps_0.0_steps_0_Added_Noise_uniform_Eps_48.0_Tau_Type_normal_anchors - INFO - Batch 2160/2465: Clean accuracy 0.9750 | Adv accuracy: 0.9750 | Counter-attack accuracy: 0.9694
2026-02-07 15:04:36,627 - ADV_Generation_eps_0.0_steps_0_Added_Noise_uniform_Eps_48.0_Tau_Type_normal_anchors - INFO - Batch 2161/2465: Clean accuracy 0.9750 | Adv accuracy: 0.9750 | Counter-attack accuracy: 0.9695
2026-02-07 15:04:36,936 - ADV_Generation_eps_0.0_steps_0_Added_Noise_uniform_Eps_48.0_Tau_Type_normal_anchors - INFO - Batch 2162/2465: Clean accuracy 0.9750 | Adv accuracy: 0.9750 | Counter-attack accuracy: 0.9695
2026-02-07 15:04:37,245 - ADV_Generation_eps_0.0_steps_0_Added_Noise_uniform_Eps_48.0_Tau_Type_normal_anchors - INFO - Batch 2163/2465: Clean accuracy 0.9750 | Adv accuracy: 0.9750 | Counter-attack accuracy: 0.9695
2026-02-07 15:04:37,554 - ADV_Generation_eps_0.0_steps_0_Added_Noise_uniform_Eps_48.0_Tau_Type_normal_anchors - INFO - Batch 2164/2465: Clean accuracy 0.9750 | Adv accuracy: 0.9750 | Counter-attack accuracy: 0.9695
2026-02-07 15:04:37,863 - ADV_Generation_eps_0.0_steps_0_Added_Noise_uniform_Eps_48.0_Tau_Type_normal_anchors - INFO - Batch 2165/2465: Clean accuracy 0.9751 | Adv accuracy: 0.9751 | Counter-attack accuracy: 0.9695
2026-02-07 15:04:38,171 - ADV_Generation_eps_0.0_steps_0_Added_Noise_uniform_Eps_48.0_Tau_Type_normal_anchors - INFO - Batch 2166/2465: Clean accuracy 0.9751 | Adv accuracy: 0.9751 | Counter-attack accuracy: 0.9695
2026-02-07 15:04:38,480 - ADV_Generation_eps_0.0_steps_0_Added_Noise_uniform_Eps_48.0_Tau_Type_normal_anchors - INFO - Batch 2167/2465: Clean accuracy 0.9751 | Adv accuracy: 0.9751 | Counter-attack accuracy: 0.9695
2026-02-07 15:04:38,789 - ADV_Generation_eps_0.0_steps_0_Added_Noise_uniform_Eps_48.0_Tau_Type_normal_anchors - INFO - Batch 2168/2465: Clean accuracy 0.9751 | Adv accuracy: 0.9751 | Counter-attack accuracy: 0.9696
2026-02-07 15:04:39,098 - ADV_Generation_eps_0.0_steps_0_Added_Noise_uniform_Eps_48.0_Tau_Type_normal_anchors - INFO - Batch 2169/2465: Clean accuracy 0.9751 | Adv accuracy: 0.9751 | Counter-attack accuracy: 0.9696
2026-02-07 15:04:39,407 - ADV_Generation_eps_0.0_steps_0_Added_Noise_uniform_Eps_48.0_Tau_Type_normal_anchors - INFO - Batch 2170/2465: Clean accuracy 0.9751 | Adv accuracy: 0.9751 | Counter-attack accuracy: 0.9696
2026-02-07 15:04:39,716 - ADV_Generation_eps_0.0_steps_0_Added_Noise_uniform_Eps_48.0_Tau_Type_normal_anchors - INFO - Batch 2171/2465: Clean accuracy 0.9751 | Adv accuracy: 0.9751 | Counter-attack accuracy: 0.9696
2026-02-07 15:04:40,025 - ADV_Generation_eps_0.0_steps_0_Added_Noise_uniform_Eps_48.0_Tau_Type_normal_anchors - INFO - Batch 2172/2465: Clean accuracy 0.9751 | Adv accuracy: 0.9751 | Counter-attack accuracy: 0.9696
2026-02-07 15:04:40,334 - ADV_Generation_eps_0.0_steps_0_Added_Noise_uniform_Eps_48.0_Tau_Type_normal_anchors - INFO - Batch 2173/2465: Clean accuracy 0.9751 | Adv accuracy: 0.9751 | Counter-attack accuracy: 0.9696
2026-02-07 15:04:40,642 - ADV_Generation_eps_0.0_steps_0_Added_Noise_uniform_Eps_48.0_Tau_Type_normal_anchors - INFO - Batch 2174/2465: Clean accuracy 0.9752 | Adv accuracy: 0.9752 | Counter-attack accuracy: 0.9696
2026-02-07 15:04:40,951 - ADV_Generation_eps_0.0_steps_0_Added_Noise_uniform_Eps_48.0_Tau_Type_normal_anchors - INFO - Batch 2175/2465: Clean accuracy 0.9752 | Adv accuracy: 0.9752 | Counter-attack accuracy: 0.9697
2026-02-07 15:04:41,260 - ADV_Generation_eps_0.0_steps_0_Added_Noise_uniform_Eps_48.0_Tau_Type_normal_anchors - INFO - Batch 2176/2465: Clean accuracy 0.9752 | Adv accuracy: 0.9752 | Counter-attack accuracy: 0.9697
2026-02-07 15:04:41,569 - ADV_Generation_eps_0.0_steps_0_Added_Noise_uniform_Eps_48.0_Tau_Type_normal_anchors - INFO - Batch 2177/2465: Clean accuracy 0.9752 | Adv accuracy: 0.9752 | Counter-attack accuracy: 0.9697
2026-02-07 15:04:41,883 - ADV_Generation_eps_0.0_steps_0_Added_Noise_uniform_Eps_48.0_Tau_Type_normal_anchors - INFO - Batch 2178/2465: Clean accuracy 0.9752 | Adv accuracy: 0.9752 | Counter-attack accuracy: 0.9697
2026-02-07 15:04:42,192 - ADV_Generation_eps_0.0_steps_0_Added_Noise_uniform_Eps_48.0_Tau_Type_normal_anchors - INFO - Batch 2179/2465: Clean accuracy 0.9752 | Adv accuracy: 0.9752 | Counter-attack accuracy: 0.9697
2026-02-07 15:04:42,501 - ADV_Generation_eps_0.0_steps_0_Added_Noise_uniform_Eps_48.0_Tau_Type_normal_anchors - INFO - Batch 2180/2465: Clean accuracy 0.9752 | Adv accuracy: 0.9752 | Counter-attack accuracy: 0.9697
2026-02-07 15:04:42,810 - ADV_Generation_eps_0.0_steps_0_Added_Noise_uniform_Eps_48.0_Tau_Type_normal_anchors - INFO - Batch 2181/2465: Clean accuracy 0.9752 | Adv accuracy: 0.9752 | Counter-attack accuracy: 0.9697
2026-02-07 15:04:43,119 - ADV_Generation_eps_0.0_steps_0_Added_Noise_uniform_Eps_48.0_Tau_Type_normal_anchors - INFO - Batch 2182/2465: Clean accuracy 0.9753 | Adv accuracy: 0.9753 | Counter-attack accuracy: 0.9698
2026-02-07 15:04:43,428 - ADV_Generation_eps_0.0_steps_0_Added_Noise_uniform_Eps_48.0_Tau_Type_normal_anchors - INFO - Batch 2183/2465: Clean accuracy 0.9753 | Adv accuracy: 0.9753 | Counter-attack accuracy: 0.9698
2026-02-07 15:04:43,737 - ADV_Generation_eps_0.0_steps_0_Added_Noise_uniform_Eps_48.0_Tau_Type_normal_anchors - INFO - Batch 2184/2465: Clean accuracy 0.9753 | Adv accuracy: 0.9753 | Counter-attack accuracy: 0.9698
2026-02-07 15:04:44,045 - ADV_Generation_eps_0.0_steps_0_Added_Noise_uniform_Eps_48.0_Tau_Type_normal_anchors - INFO - Batch 2185/2465: Clean accuracy 0.9753 | Adv accuracy: 0.9753 | Counter-attack accuracy: 0.9698
2026-02-07 15:04:44,354 - ADV_Generation_eps_0.0_steps_0_Added_Noise_uniform_Eps_48.0_Tau_Type_normal_anchors - INFO - Batch 2186/2465: Clean accuracy 0.9753 | Adv accuracy: 0.9753 | Counter-attack accuracy: 0.9698
2026-02-07 15:04:44,663 - ADV_Generation_eps_0.0_steps_0_Added_Noise_uniform_Eps_48.0_Tau_Type_normal_anchors - INFO - Batch 2187/2465: Clean accuracy 0.9753 | Adv accuracy: 0.9753 | Counter-attack accuracy: 0.9698
2026-02-07 15:04:44,972 - ADV_Generation_eps_0.0_steps_0_Added_Noise_uniform_Eps_48.0_Tau_Type_normal_anchors - INFO - Batch 2188/2465: Clean accuracy 0.9753 | Adv accuracy: 0.9753 | Counter-attack accuracy: 0.9698
2026-02-07 15:04:45,281 - ADV_Generation_eps_0.0_steps_0_Added_Noise_uniform_Eps_48.0_Tau_Type_normal_anchors - INFO - Batch 2189/2465: Clean accuracy 0.9753 | Adv accuracy: 0.9753 | Counter-attack accuracy: 0.9698
2026-02-07 15:04:45,590 - ADV_Generation_eps_0.0_steps_0_Added_Noise_uniform_Eps_48.0_Tau_Type_normal_anchors - INFO - Batch 2190/2465: Clean accuracy 0.9753 | Adv accuracy: 0.9753 | Counter-attack accuracy: 0.9699
2026-02-07 15:04:45,908 - ADV_Generation_eps_0.0_steps_0_Added_Noise_uniform_Eps_48.0_Tau_Type_normal_anchors - INFO - Batch 2191/2465: Clean accuracy 0.9754 | Adv accuracy: 0.9754 | Counter-attack accuracy: 0.9699
2026-02-07 15:04:46,217 - ADV_Generation_eps_0.0_steps_0_Added_Noise_uniform_Eps_48.0_Tau_Type_normal_anchors - INFO - Batch 2192/2465: Clean accuracy 0.9754 | Adv accuracy: 0.9754 | Counter-attack accuracy: 0.9699
2026-02-07 15:04:46,525 - ADV_Generation_eps_0.0_steps_0_Added_Noise_uniform_Eps_48.0_Tau_Type_normal_anchors - INFO - Batch 2193/2465: Clean accuracy 0.9754 | Adv accuracy: 0.9754 | Counter-attack accuracy: 0.9699
2026-02-07 15:04:46,834 - ADV_Generation_eps_0.0_steps_0_Added_Noise_uniform_Eps_48.0_Tau_Type_normal_anchors - INFO - Batch 2194/2465: Clean accuracy 0.9754 | Adv accuracy: 0.9754 | Counter-attack accuracy: 0.9699
2026-02-07 15:04:47,143 - ADV_Generation_eps_0.0_steps_0_Added_Noise_uniform_Eps_48.0_Tau_Type_normal_anchors - INFO - Batch 2195/2465: Clean accuracy 0.9754 | Adv accuracy: 0.9754 | Counter-attack accuracy: 0.9699
2026-02-07 15:04:47,452 - ADV_Generation_eps_0.0_steps_0_Added_Noise_uniform_Eps_48.0_Tau_Type_normal_anchors - INFO - Batch 2196/2465: Clean accuracy 0.9754 | Adv accuracy: 0.9754 | Counter-attack accuracy: 0.9699
2026-02-07 15:04:47,761 - ADV_Generation_eps_0.0_steps_0_Added_Noise_uniform_Eps_48.0_Tau_Type_normal_anchors - INFO - Batch 2197/2465: Clean accuracy 0.9754 | Adv accuracy: 0.9754 | Counter-attack accuracy: 0.9700
2026-02-07 15:04:48,070 - ADV_Generation_eps_0.0_steps_0_Added_Noise_uniform_Eps_48.0_Tau_Type_normal_anchors - INFO - Batch 2198/2465: Clean accuracy 0.9754 | Adv accuracy: 0.9754 | Counter-attack accuracy: 0.9700
2026-02-07 15:04:48,379 - ADV_Generation_eps_0.0_steps_0_Added_Noise_uniform_Eps_48.0_Tau_Type_normal_anchors - INFO - Batch 2199/2465: Clean accuracy 0.9754 | Adv accuracy: 0.9754 | Counter-attack accuracy: 0.9700
2026-02-07 15:04:48,687 - ADV_Generation_eps_0.0_steps_0_Added_Noise_uniform_Eps_48.0_Tau_Type_normal_anchors - INFO - Batch 2200/2465: Clean accuracy 0.9755 | Adv accuracy: 0.9755 | Counter-attack accuracy: 0.9700
2026-02-07 15:04:48,996 - ADV_Generation_eps_0.0_steps_0_Added_Noise_uniform_Eps_48.0_Tau_Type_normal_anchors - INFO - Batch 2201/2465: Clean accuracy 0.9755 | Adv accuracy: 0.9755 | Counter-attack accuracy: 0.9700
2026-02-07 15:04:49,305 - ADV_Generation_eps_0.0_steps_0_Added_Noise_uniform_Eps_48.0_Tau_Type_normal_anchors - INFO - Batch 2202/2465: Clean accuracy 0.9755 | Adv accuracy: 0.9755 | Counter-attack accuracy: 0.9700
2026-02-07 15:04:49,614 - ADV_Generation_eps_0.0_steps_0_Added_Noise_uniform_Eps_48.0_Tau_Type_normal_anchors - INFO - Batch 2203/2465: Clean accuracy 0.9755 | Adv accuracy: 0.9755 | Counter-attack accuracy: 0.9700
2026-02-07 15:04:49,923 - ADV_Generation_eps_0.0_steps_0_Added_Noise_uniform_Eps_48.0_Tau_Type_normal_anchors - INFO - Batch 2204/2465: Clean accuracy 0.9755 | Adv accuracy: 0.9755 | Counter-attack accuracy: 0.9701
2026-02-07 15:04:50,232 - ADV_Generation_eps_0.0_steps_0_Added_Noise_uniform_Eps_48.0_Tau_Type_normal_anchors - INFO - Batch 2205/2465: Clean accuracy 0.9755 | Adv accuracy: 0.9755 | Counter-attack accuracy: 0.9701
2026-02-07 15:04:50,541 - ADV_Generation_eps_0.0_steps_0_Added_Noise_uniform_Eps_48.0_Tau_Type_normal_anchors - INFO - Batch 2206/2465: Clean accuracy 0.9755 | Adv accuracy: 0.9755 | Counter-attack accuracy: 0.9701
2026-02-07 15:04:50,850 - ADV_Generation_eps_0.0_steps_0_Added_Noise_uniform_Eps_48.0_Tau_Type_normal_anchors - INFO - Batch 2207/2465: Clean accuracy 0.9755 | Adv accuracy: 0.9755 | Counter-attack accuracy: 0.9701
2026-02-07 15:04:51,159 - ADV_Generation_eps_0.0_steps_0_Added_Noise_uniform_Eps_48.0_Tau_Type_normal_anchors - INFO - Batch 2208/2465: Clean accuracy 0.9755 | Adv accuracy: 0.9755 | Counter-attack accuracy: 0.9701
2026-02-07 15:04:51,468 - ADV_Generation_eps_0.0_steps_0_Added_Noise_uniform_Eps_48.0_Tau_Type_normal_anchors - INFO - Batch 2209/2465: Clean accuracy 0.9756 | Adv accuracy: 0.9756 | Counter-attack accuracy: 0.9701
2026-02-07 15:04:51,777 - ADV_Generation_eps_0.0_steps_0_Added_Noise_uniform_Eps_48.0_Tau_Type_normal_anchors - INFO - Batch 2210/2465: Clean accuracy 0.9756 | Adv accuracy: 0.9756 | Counter-attack accuracy: 0.9701
2026-02-07 15:04:52,086 - ADV_Generation_eps_0.0_steps_0_Added_Noise_uniform_Eps_48.0_Tau_Type_normal_anchors - INFO - Batch 2211/2465: Clean accuracy 0.9756 | Adv accuracy: 0.9756 | Counter-attack accuracy: 0.9701
2026-02-07 15:04:52,394 - ADV_Generation_eps_0.0_steps_0_Added_Noise_uniform_Eps_48.0_Tau_Type_normal_anchors - INFO - Batch 2212/2465: Clean accuracy 0.9756 | Adv accuracy: 0.9756 | Counter-attack accuracy: 0.9702
2026-02-07 15:04:52,703 - ADV_Generation_eps_0.0_steps_0_Added_Noise_uniform_Eps_48.0_Tau_Type_normal_anchors - INFO - Batch 2213/2465: Clean accuracy 0.9756 | Adv accuracy: 0.9756 | Counter-attack accuracy: 0.9702
2026-02-07 15:04:53,012 - ADV_Generation_eps_0.0_steps_0_Added_Noise_uniform_Eps_48.0_Tau_Type_normal_anchors - INFO - Batch 2214/2465: Clean accuracy 0.9756 | Adv accuracy: 0.9756 | Counter-attack accuracy: 0.9702
2026-02-07 15:04:53,321 - ADV_Generation_eps_0.0_steps_0_Added_Noise_uniform_Eps_48.0_Tau_Type_normal_anchors - INFO - Batch 2215/2465: Clean accuracy 0.9756 | Adv accuracy: 0.9756 | Counter-attack accuracy: 0.9702
2026-02-07 15:04:53,630 - ADV_Generation_eps_0.0_steps_0_Added_Noise_uniform_Eps_48.0_Tau_Type_normal_anchors - INFO - Batch 2216/2465: Clean accuracy 0.9756 | Adv accuracy: 0.9756 | Counter-attack accuracy: 0.9702
2026-02-07 15:04:53,943 - ADV_Generation_eps_0.0_steps_0_Added_Noise_uniform_Eps_48.0_Tau_Type_normal_anchors - INFO - Batch 2217/2465: Clean accuracy 0.9756 | Adv accuracy: 0.9756 | Counter-attack accuracy: 0.9702
2026-02-07 15:04:54,251 - ADV_Generation_eps_0.0_steps_0_Added_Noise_uniform_Eps_48.0_Tau_Type_normal_anchors - INFO - Batch 2218/2465: Clean accuracy 0.9757 | Adv accuracy: 0.9757 | Counter-attack accuracy: 0.9702
2026-02-07 15:04:54,561 - ADV_Generation_eps_0.0_steps_0_Added_Noise_uniform_Eps_48.0_Tau_Type_normal_anchors - INFO - Batch 2219/2465: Clean accuracy 0.9757 | Adv accuracy: 0.9757 | Counter-attack accuracy: 0.9703
2026-02-07 15:04:54,870 - ADV_Generation_eps_0.0_steps_0_Added_Noise_uniform_Eps_48.0_Tau_Type_normal_anchors - INFO - Batch 2220/2465: Clean accuracy 0.9757 | Adv accuracy: 0.9757 | Counter-attack accuracy: 0.9703
2026-02-07 15:04:55,178 - ADV_Generation_eps_0.0_steps_0_Added_Noise_uniform_Eps_48.0_Tau_Type_normal_anchors - INFO - Batch 2221/2465: Clean accuracy 0.9757 | Adv accuracy: 0.9757 | Counter-attack accuracy: 0.9703
2026-02-07 15:04:55,487 - ADV_Generation_eps_0.0_steps_0_Added_Noise_uniform_Eps_48.0_Tau_Type_normal_anchors - INFO - Batch 2222/2465: Clean accuracy 0.9757 | Adv accuracy: 0.9757 | Counter-attack accuracy: 0.9703
2026-02-07 15:04:55,802 - ADV_Generation_eps_0.0_steps_0_Added_Noise_uniform_Eps_48.0_Tau_Type_normal_anchors - INFO - Batch 2223/2465: Clean accuracy 0.9757 | Adv accuracy: 0.9757 | Counter-attack accuracy: 0.9703
2026-02-07 15:04:56,110 - ADV_Generation_eps_0.0_steps_0_Added_Noise_uniform_Eps_48.0_Tau_Type_normal_anchors - INFO - Batch 2224/2465: Clean accuracy 0.9757 | Adv accuracy: 0.9757 | Counter-attack accuracy: 0.9703
2026-02-07 15:04:56,420 - ADV_Generation_eps_0.0_steps_0_Added_Noise_uniform_Eps_48.0_Tau_Type_normal_anchors - INFO - Batch 2225/2465: Clean accuracy 0.9757 | Adv accuracy: 0.9757 | Counter-attack accuracy: 0.9703
2026-02-07 15:04:56,728 - ADV_Generation_eps_0.0_steps_0_Added_Noise_uniform_Eps_48.0_Tau_Type_normal_anchors - INFO - Batch 2226/2465: Clean accuracy 0.9757 | Adv accuracy: 0.9757 | Counter-attack accuracy: 0.9704
2026-02-07 15:04:57,037 - ADV_Generation_eps_0.0_steps_0_Added_Noise_uniform_Eps_48.0_Tau_Type_normal_anchors - INFO - Batch 2227/2465: Clean accuracy 0.9758 | Adv accuracy: 0.9758 | Counter-attack accuracy: 0.9704
2026-02-07 15:04:57,346 - ADV_Generation_eps_0.0_steps_0_Added_Noise_uniform_Eps_48.0_Tau_Type_normal_anchors - INFO - Batch 2228/2465: Clean accuracy 0.9758 | Adv accuracy: 0.9758 | Counter-attack accuracy: 0.9704
2026-02-07 15:04:57,655 - ADV_Generation_eps_0.0_steps_0_Added_Noise_uniform_Eps_48.0_Tau_Type_normal_anchors - INFO - Batch 2229/2465: Clean accuracy 0.9758 | Adv accuracy: 0.9758 | Counter-attack accuracy: 0.9704
2026-02-07 15:04:57,964 - ADV_Generation_eps_0.0_steps_0_Added_Noise_uniform_Eps_48.0_Tau_Type_normal_anchors - INFO - Batch 2230/2465: Clean accuracy 0.9758 | Adv accuracy: 0.9758 | Counter-attack accuracy: 0.9704
2026-02-07 15:04:58,273 - ADV_Generation_eps_0.0_steps_0_Added_Noise_uniform_Eps_48.0_Tau_Type_normal_anchors - INFO - Batch 2231/2465: Clean accuracy 0.9758 | Adv accuracy: 0.9758 | Counter-attack accuracy: 0.9704
2026-02-07 15:04:58,582 - ADV_Generation_eps_0.0_steps_0_Added_Noise_uniform_Eps_48.0_Tau_Type_normal_anchors - INFO - Batch 2232/2465: Clean accuracy 0.9758 | Adv accuracy: 0.9758 | Counter-attack accuracy: 0.9704
2026-02-07 15:04:58,891 - ADV_Generation_eps_0.0_steps_0_Added_Noise_uniform_Eps_48.0_Tau_Type_normal_anchors - INFO - Batch 2233/2465: Clean accuracy 0.9758 | Adv accuracy: 0.9758 | Counter-attack accuracy: 0.9704
2026-02-07 15:04:59,200 - ADV_Generation_eps_0.0_steps_0_Added_Noise_uniform_Eps_48.0_Tau_Type_normal_anchors - INFO - Batch 2234/2465: Clean accuracy 0.9758 | Adv accuracy: 0.9758 | Counter-attack accuracy: 0.9705
2026-02-07 15:04:59,509 - ADV_Generation_eps_0.0_steps_0_Added_Noise_uniform_Eps_48.0_Tau_Type_normal_anchors - INFO - Batch 2235/2465: Clean accuracy 0.9758 | Adv accuracy: 0.9758 | Counter-attack accuracy: 0.9705
2026-02-07 15:04:59,817 - ADV_Generation_eps_0.0_steps_0_Added_Noise_uniform_Eps_48.0_Tau_Type_normal_anchors - INFO - Batch 2236/2465: Clean accuracy 0.9758 | Adv accuracy: 0.9758 | Counter-attack accuracy: 0.9705
2026-02-07 15:05:00,126 - ADV_Generation_eps_0.0_steps_0_Added_Noise_uniform_Eps_48.0_Tau_Type_normal_anchors - INFO - Batch 2237/2465: Clean accuracy 0.9759 | Adv accuracy: 0.9759 | Counter-attack accuracy: 0.9705
2026-02-07 15:05:00,436 - ADV_Generation_eps_0.0_steps_0_Added_Noise_uniform_Eps_48.0_Tau_Type_normal_anchors - INFO - Batch 2238/2465: Clean accuracy 0.9759 | Adv accuracy: 0.9759 | Counter-attack accuracy: 0.9705
2026-02-07 15:05:00,744 - ADV_Generation_eps_0.0_steps_0_Added_Noise_uniform_Eps_48.0_Tau_Type_normal_anchors - INFO - Batch 2239/2465: Clean accuracy 0.9759 | Adv accuracy: 0.9759 | Counter-attack accuracy: 0.9705
2026-02-07 15:05:01,053 - ADV_Generation_eps_0.0_steps_0_Added_Noise_uniform_Eps_48.0_Tau_Type_normal_anchors - INFO - Batch 2240/2465: Clean accuracy 0.9759 | Adv accuracy: 0.9759 | Counter-attack accuracy: 0.9705
2026-02-07 15:05:01,362 - ADV_Generation_eps_0.0_steps_0_Added_Noise_uniform_Eps_48.0_Tau_Type_normal_anchors - INFO - Batch 2241/2465: Clean accuracy 0.9759 | Adv accuracy: 0.9759 | Counter-attack accuracy: 0.9705
2026-02-07 15:05:01,671 - ADV_Generation_eps_0.0_steps_0_Added_Noise_uniform_Eps_48.0_Tau_Type_normal_anchors - INFO - Batch 2242/2465: Clean accuracy 0.9759 | Adv accuracy: 0.9759 | Counter-attack accuracy: 0.9706
2026-02-07 15:05:01,980 - ADV_Generation_eps_0.0_steps_0_Added_Noise_uniform_Eps_48.0_Tau_Type_normal_anchors - INFO - Batch 2243/2465: Clean accuracy 0.9759 | Adv accuracy: 0.9759 | Counter-attack accuracy: 0.9706
2026-02-07 15:05:02,289 - ADV_Generation_eps_0.0_steps_0_Added_Noise_uniform_Eps_48.0_Tau_Type_normal_anchors - INFO - Batch 2244/2465: Clean accuracy 0.9759 | Adv accuracy: 0.9759 | Counter-attack accuracy: 0.9706
2026-02-07 15:05:02,598 - ADV_Generation_eps_0.0_steps_0_Added_Noise_uniform_Eps_48.0_Tau_Type_normal_anchors - INFO - Batch 2245/2465: Clean accuracy 0.9759 | Adv accuracy: 0.9759 | Counter-attack accuracy: 0.9706
2026-02-07 15:05:02,907 - ADV_Generation_eps_0.0_steps_0_Added_Noise_uniform_Eps_48.0_Tau_Type_normal_anchors - INFO - Batch 2246/2465: Clean accuracy 0.9760 | Adv accuracy: 0.9760 | Counter-attack accuracy: 0.9706
2026-02-07 15:05:03,279 - ADV_Generation_eps_0.0_steps_0_Added_Noise_uniform_Eps_48.0_Tau_Type_normal_anchors - INFO - Batch 2247/2465: Clean accuracy 0.9760 | Adv accuracy: 0.9760 | Counter-attack accuracy: 0.9706
2026-02-07 15:05:03,588 - ADV_Generation_eps_0.0_steps_0_Added_Noise_uniform_Eps_48.0_Tau_Type_normal_anchors - INFO - Batch 2248/2465: Clean accuracy 0.9760 | Adv accuracy: 0.9760 | Counter-attack accuracy: 0.9706
2026-02-07 15:05:03,897 - ADV_Generation_eps_0.0_steps_0_Added_Noise_uniform_Eps_48.0_Tau_Type_normal_anchors - INFO - Batch 2249/2465: Clean accuracy 0.9760 | Adv accuracy: 0.9760 | Counter-attack accuracy: 0.9707
2026-02-07 15:05:04,206 - ADV_Generation_eps_0.0_steps_0_Added_Noise_uniform_Eps_48.0_Tau_Type_normal_anchors - INFO - Batch 2250/2465: Clean accuracy 0.9760 | Adv accuracy: 0.9760 | Counter-attack accuracy: 0.9707
2026-02-07 15:05:04,515 - ADV_Generation_eps_0.0_steps_0_Added_Noise_uniform_Eps_48.0_Tau_Type_normal_anchors - INFO - Batch 2251/2465: Clean accuracy 0.9760 | Adv accuracy: 0.9760 | Counter-attack accuracy: 0.9707
2026-02-07 15:05:04,824 - ADV_Generation_eps_0.0_steps_0_Added_Noise_uniform_Eps_48.0_Tau_Type_normal_anchors - INFO - Batch 2252/2465: Clean accuracy 0.9760 | Adv accuracy: 0.9760 | Counter-attack accuracy: 0.9707
2026-02-07 15:05:05,133 - ADV_Generation_eps_0.0_steps_0_Added_Noise_uniform_Eps_48.0_Tau_Type_normal_anchors - INFO - Batch 2253/2465: Clean accuracy 0.9760 | Adv accuracy: 0.9760 | Counter-attack accuracy: 0.9707
2026-02-07 15:05:05,442 - ADV_Generation_eps_0.0_steps_0_Added_Noise_uniform_Eps_48.0_Tau_Type_normal_anchors - INFO - Batch 2254/2465: Clean accuracy 0.9760 | Adv accuracy: 0.9760 | Counter-attack accuracy: 0.9707
2026-02-07 15:05:05,751 - ADV_Generation_eps_0.0_steps_0_Added_Noise_uniform_Eps_48.0_Tau_Type_normal_anchors - INFO - Batch 2255/2465: Clean accuracy 0.9761 | Adv accuracy: 0.9761 | Counter-attack accuracy: 0.9707
2026-02-07 15:05:06,060 - ADV_Generation_eps_0.0_steps_0_Added_Noise_uniform_Eps_48.0_Tau_Type_normal_anchors - INFO - Batch 2256/2465: Clean accuracy 0.9761 | Adv accuracy: 0.9761 | Counter-attack accuracy: 0.9707
2026-02-07 15:05:06,368 - ADV_Generation_eps_0.0_steps_0_Added_Noise_uniform_Eps_48.0_Tau_Type_normal_anchors - INFO - Batch 2257/2465: Clean accuracy 0.9761 | Adv accuracy: 0.9761 | Counter-attack accuracy: 0.9708
2026-02-07 15:05:06,677 - ADV_Generation_eps_0.0_steps_0_Added_Noise_uniform_Eps_48.0_Tau_Type_normal_anchors - INFO - Batch 2258/2465: Clean accuracy 0.9761 | Adv accuracy: 0.9761 | Counter-attack accuracy: 0.9708
2026-02-07 15:05:06,990 - ADV_Generation_eps_0.0_steps_0_Added_Noise_uniform_Eps_48.0_Tau_Type_normal_anchors - INFO - Batch 2259/2465: Clean accuracy 0.9761 | Adv accuracy: 0.9761 | Counter-attack accuracy: 0.9708
2026-02-07 15:05:07,303 - ADV_Generation_eps_0.0_steps_0_Added_Noise_uniform_Eps_48.0_Tau_Type_normal_anchors - INFO - Batch 2260/2465: Clean accuracy 0.9761 | Adv accuracy: 0.9761 | Counter-attack accuracy: 0.9708
2026-02-07 15:05:07,612 - ADV_Generation_eps_0.0_steps_0_Added_Noise_uniform_Eps_48.0_Tau_Type_normal_anchors - INFO - Batch 2261/2465: Clean accuracy 0.9761 | Adv accuracy: 0.9761 | Counter-attack accuracy: 0.9708
2026-02-07 15:05:07,921 - ADV_Generation_eps_0.0_steps_0_Added_Noise_uniform_Eps_48.0_Tau_Type_normal_anchors - INFO - Batch 2262/2465: Clean accuracy 0.9761 | Adv accuracy: 0.9761 | Counter-attack accuracy: 0.9708
2026-02-07 15:05:08,230 - ADV_Generation_eps_0.0_steps_0_Added_Noise_uniform_Eps_48.0_Tau_Type_normal_anchors - INFO - Batch 2263/2465: Clean accuracy 0.9761 | Adv accuracy: 0.9761 | Counter-attack accuracy: 0.9708
2026-02-07 15:05:08,539 - ADV_Generation_eps_0.0_steps_0_Added_Noise_uniform_Eps_48.0_Tau_Type_normal_anchors - INFO - Batch 2264/2465: Clean accuracy 0.9761 | Adv accuracy: 0.9761 | Counter-attack accuracy: 0.9708
2026-02-07 15:05:08,863 - ADV_Generation_eps_0.0_steps_0_Added_Noise_uniform_Eps_48.0_Tau_Type_normal_anchors - INFO - Batch 2265/2465: Clean accuracy 0.9762 | Adv accuracy: 0.9762 | Counter-attack accuracy: 0.9709
2026-02-07 15:05:09,173 - ADV_Generation_eps_0.0_steps_0_Added_Noise_uniform_Eps_48.0_Tau_Type_normal_anchors - INFO - Batch 2266/2465: Clean accuracy 0.9762 | Adv accuracy: 0.9762 | Counter-attack accuracy: 0.9709
2026-02-07 15:05:09,481 - ADV_Generation_eps_0.0_steps_0_Added_Noise_uniform_Eps_48.0_Tau_Type_normal_anchors - INFO - Batch 2267/2465: Clean accuracy 0.9762 | Adv accuracy: 0.9762 | Counter-attack accuracy: 0.9709
2026-02-07 15:05:09,838 - ADV_Generation_eps_0.0_steps_0_Added_Noise_uniform_Eps_48.0_Tau_Type_normal_anchors - INFO - Batch 2268/2465: Clean accuracy 0.9762 | Adv accuracy: 0.9762 | Counter-attack accuracy: 0.9709
2026-02-07 15:05:10,147 - ADV_Generation_eps_0.0_steps_0_Added_Noise_uniform_Eps_48.0_Tau_Type_normal_anchors - INFO - Batch 2269/2465: Clean accuracy 0.9762 | Adv accuracy: 0.9762 | Counter-attack accuracy: 0.9709
2026-02-07 15:05:10,456 - ADV_Generation_eps_0.0_steps_0_Added_Noise_uniform_Eps_48.0_Tau_Type_normal_anchors - INFO - Batch 2270/2465: Clean accuracy 0.9762 | Adv accuracy: 0.9762 | Counter-attack accuracy: 0.9709
2026-02-07 15:05:10,765 - ADV_Generation_eps_0.0_steps_0_Added_Noise_uniform_Eps_48.0_Tau_Type_normal_anchors - INFO - Batch 2271/2465: Clean accuracy 0.9762 | Adv accuracy: 0.9762 | Counter-attack accuracy: 0.9709
2026-02-07 15:05:11,074 - ADV_Generation_eps_0.0_steps_0_Added_Noise_uniform_Eps_48.0_Tau_Type_normal_anchors - INFO - Batch 2272/2465: Clean accuracy 0.9762 | Adv accuracy: 0.9762 | Counter-attack accuracy: 0.9710
2026-02-07 15:05:11,382 - ADV_Generation_eps_0.0_steps_0_Added_Noise_uniform_Eps_48.0_Tau_Type_normal_anchors - INFO - Batch 2273/2465: Clean accuracy 0.9762 | Adv accuracy: 0.9762 | Counter-attack accuracy: 0.9710
2026-02-07 15:05:11,691 - ADV_Generation_eps_0.0_steps_0_Added_Noise_uniform_Eps_48.0_Tau_Type_normal_anchors - INFO - Batch 2274/2465: Clean accuracy 0.9763 | Adv accuracy: 0.9763 | Counter-attack accuracy: 0.9710
2026-02-07 15:05:12,024 - ADV_Generation_eps_0.0_steps_0_Added_Noise_uniform_Eps_48.0_Tau_Type_normal_anchors - INFO - Batch 2275/2465: Clean accuracy 0.9763 | Adv accuracy: 0.9763 | Counter-attack accuracy: 0.9710
2026-02-07 15:05:12,333 - ADV_Generation_eps_0.0_steps_0_Added_Noise_uniform_Eps_48.0_Tau_Type_normal_anchors - INFO - Batch 2276/2465: Clean accuracy 0.9763 | Adv accuracy: 0.9763 | Counter-attack accuracy: 0.9710
2026-02-07 15:05:12,641 - ADV_Generation_eps_0.0_steps_0_Added_Noise_uniform_Eps_48.0_Tau_Type_normal_anchors - INFO - Batch 2277/2465: Clean accuracy 0.9763 | Adv accuracy: 0.9763 | Counter-attack accuracy: 0.9710
2026-02-07 15:05:12,950 - ADV_Generation_eps_0.0_steps_0_Added_Noise_uniform_Eps_48.0_Tau_Type_normal_anchors - INFO - Batch 2278/2465: Clean accuracy 0.9763 | Adv accuracy: 0.9763 | Counter-attack accuracy: 0.9710
2026-02-07 15:05:13,259 - ADV_Generation_eps_0.0_steps_0_Added_Noise_uniform_Eps_48.0_Tau_Type_normal_anchors - INFO - Batch 2279/2465: Clean accuracy 0.9763 | Adv accuracy: 0.9763 | Counter-attack accuracy: 0.9710
2026-02-07 15:05:13,568 - ADV_Generation_eps_0.0_steps_0_Added_Noise_uniform_Eps_48.0_Tau_Type_normal_anchors - INFO - Batch 2280/2465: Clean accuracy 0.9763 | Adv accuracy: 0.9763 | Counter-attack accuracy: 0.9711
2026-02-07 15:05:13,877 - ADV_Generation_eps_0.0_steps_0_Added_Noise_uniform_Eps_48.0_Tau_Type_normal_anchors - INFO - Batch 2281/2465: Clean accuracy 0.9763 | Adv accuracy: 0.9763 | Counter-attack accuracy: 0.9711
2026-02-07 15:05:14,186 - ADV_Generation_eps_0.0_steps_0_Added_Noise_uniform_Eps_48.0_Tau_Type_normal_anchors - INFO - Batch 2282/2465: Clean accuracy 0.9763 | Adv accuracy: 0.9763 | Counter-attack accuracy: 0.9711
2026-02-07 15:05:14,591 - ADV_Generation_eps_0.0_steps_0_Added_Noise_uniform_Eps_48.0_Tau_Type_normal_anchors - INFO - Batch 2283/2465: Clean accuracy 0.9763 | Adv accuracy: 0.9763 | Counter-attack accuracy: 0.9707
2026-02-07 15:05:14,900 - ADV_Generation_eps_0.0_steps_0_Added_Noise_uniform_Eps_48.0_Tau_Type_normal_anchors - INFO - Batch 2284/2465: Clean accuracy 0.9764 | Adv accuracy: 0.9764 | Counter-attack accuracy: 0.9707
2026-02-07 15:05:15,209 - ADV_Generation_eps_0.0_steps_0_Added_Noise_uniform_Eps_48.0_Tau_Type_normal_anchors - INFO - Batch 2285/2465: Clean accuracy 0.9764 | Adv accuracy: 0.9764 | Counter-attack accuracy: 0.9707
2026-02-07 15:05:15,518 - ADV_Generation_eps_0.0_steps_0_Added_Noise_uniform_Eps_48.0_Tau_Type_normal_anchors - INFO - Batch 2286/2465: Clean accuracy 0.9764 | Adv accuracy: 0.9764 | Counter-attack accuracy: 0.9707
2026-02-07 15:05:15,827 - ADV_Generation_eps_0.0_steps_0_Added_Noise_uniform_Eps_48.0_Tau_Type_normal_anchors - INFO - Batch 2287/2465: Clean accuracy 0.9764 | Adv accuracy: 0.9764 | Counter-attack accuracy: 0.9707
2026-02-07 15:05:16,136 - ADV_Generation_eps_0.0_steps_0_Added_Noise_uniform_Eps_48.0_Tau_Type_normal_anchors - INFO - Batch 2288/2465: Clean accuracy 0.9764 | Adv accuracy: 0.9764 | Counter-attack accuracy: 0.9707
2026-02-07 15:05:16,445 - ADV_Generation_eps_0.0_steps_0_Added_Noise_uniform_Eps_48.0_Tau_Type_normal_anchors - INFO - Batch 2289/2465: Clean accuracy 0.9764 | Adv accuracy: 0.9764 | Counter-attack accuracy: 0.9707
2026-02-07 15:05:16,754 - ADV_Generation_eps_0.0_steps_0_Added_Noise_uniform_Eps_48.0_Tau_Type_normal_anchors - INFO - Batch 2290/2465: Clean accuracy 0.9764 | Adv accuracy: 0.9764 | Counter-attack accuracy: 0.9707
2026-02-07 15:05:17,063 - ADV_Generation_eps_0.0_steps_0_Added_Noise_uniform_Eps_48.0_Tau_Type_normal_anchors - INFO - Batch 2291/2465: Clean accuracy 0.9764 | Adv accuracy: 0.9764 | Counter-attack accuracy: 0.9708
2026-02-07 15:05:17,372 - ADV_Generation_eps_0.0_steps_0_Added_Noise_uniform_Eps_48.0_Tau_Type_normal_anchors - INFO - Batch 2292/2465: Clean accuracy 0.9764 | Adv accuracy: 0.9764 | Counter-attack accuracy: 0.9708
2026-02-07 15:05:17,681 - ADV_Generation_eps_0.0_steps_0_Added_Noise_uniform_Eps_48.0_Tau_Type_normal_anchors - INFO - Batch 2293/2465: Clean accuracy 0.9765 | Adv accuracy: 0.9765 | Counter-attack accuracy: 0.9708
2026-02-07 15:05:17,990 - ADV_Generation_eps_0.0_steps_0_Added_Noise_uniform_Eps_48.0_Tau_Type_normal_anchors - INFO - Batch 2294/2465: Clean accuracy 0.9765 | Adv accuracy: 0.9765 | Counter-attack accuracy: 0.9708
2026-02-07 15:05:18,299 - ADV_Generation_eps_0.0_steps_0_Added_Noise_uniform_Eps_48.0_Tau_Type_normal_anchors - INFO - Batch 2295/2465: Clean accuracy 0.9765 | Adv accuracy: 0.9765 | Counter-attack accuracy: 0.9708
2026-02-07 15:05:18,608 - ADV_Generation_eps_0.0_steps_0_Added_Noise_uniform_Eps_48.0_Tau_Type_normal_anchors - INFO - Batch 2296/2465: Clean accuracy 0.9765 | Adv accuracy: 0.9765 | Counter-attack accuracy: 0.9708
2026-02-07 15:05:18,916 - ADV_Generation_eps_0.0_steps_0_Added_Noise_uniform_Eps_48.0_Tau_Type_normal_anchors - INFO - Batch 2297/2465: Clean accuracy 0.9765 | Adv accuracy: 0.9765 | Counter-attack accuracy: 0.9708
2026-02-07 15:05:19,225 - ADV_Generation_eps_0.0_steps_0_Added_Noise_uniform_Eps_48.0_Tau_Type_normal_anchors - INFO - Batch 2298/2465: Clean accuracy 0.9765 | Adv accuracy: 0.9765 | Counter-attack accuracy: 0.9708
2026-02-07 15:05:19,534 - ADV_Generation_eps_0.0_steps_0_Added_Noise_uniform_Eps_48.0_Tau_Type_normal_anchors - INFO - Batch 2299/2465: Clean accuracy 0.9765 | Adv accuracy: 0.9765 | Counter-attack accuracy: 0.9709
2026-02-07 15:05:19,843 - ADV_Generation_eps_0.0_steps_0_Added_Noise_uniform_Eps_48.0_Tau_Type_normal_anchors - INFO - Batch 2300/2465: Clean accuracy 0.9765 | Adv accuracy: 0.9765 | Counter-attack accuracy: 0.9709
2026-02-07 15:05:20,152 - ADV_Generation_eps_0.0_steps_0_Added_Noise_uniform_Eps_48.0_Tau_Type_normal_anchors - INFO - Batch 2301/2465: Clean accuracy 0.9765 | Adv accuracy: 0.9765 | Counter-attack accuracy: 0.9709
2026-02-07 15:05:20,461 - ADV_Generation_eps_0.0_steps_0_Added_Noise_uniform_Eps_48.0_Tau_Type_normal_anchors - INFO - Batch 2302/2465: Clean accuracy 0.9765 | Adv accuracy: 0.9765 | Counter-attack accuracy: 0.9709
2026-02-07 15:05:20,770 - ADV_Generation_eps_0.0_steps_0_Added_Noise_uniform_Eps_48.0_Tau_Type_normal_anchors - INFO - Batch 2303/2465: Clean accuracy 0.9761 | Adv accuracy: 0.9761 | Counter-attack accuracy: 0.9709
2026-02-07 15:05:21,079 - ADV_Generation_eps_0.0_steps_0_Added_Noise_uniform_Eps_48.0_Tau_Type_normal_anchors - INFO - Batch 2304/2465: Clean accuracy 0.9761 | Adv accuracy: 0.9761 | Counter-attack accuracy: 0.9709
2026-02-07 15:05:21,388 - ADV_Generation_eps_0.0_steps_0_Added_Noise_uniform_Eps_48.0_Tau_Type_normal_anchors - INFO - Batch 2305/2465: Clean accuracy 0.9761 | Adv accuracy: 0.9761 | Counter-attack accuracy: 0.9709
2026-02-07 15:05:21,697 - ADV_Generation_eps_0.0_steps_0_Added_Noise_uniform_Eps_48.0_Tau_Type_normal_anchors - INFO - Batch 2306/2465: Clean accuracy 0.9761 | Adv accuracy: 0.9761 | Counter-attack accuracy: 0.9709
2026-02-07 15:05:22,005 - ADV_Generation_eps_0.0_steps_0_Added_Noise_uniform_Eps_48.0_Tau_Type_normal_anchors - INFO - Batch 2307/2465: Clean accuracy 0.9762 | Adv accuracy: 0.9762 | Counter-attack accuracy: 0.9710
2026-02-07 15:05:22,314 - ADV_Generation_eps_0.0_steps_0_Added_Noise_uniform_Eps_48.0_Tau_Type_normal_anchors - INFO - Batch 2308/2465: Clean accuracy 0.9762 | Adv accuracy: 0.9762 | Counter-attack accuracy: 0.9710
2026-02-07 15:05:22,625 - ADV_Generation_eps_0.0_steps_0_Added_Noise_uniform_Eps_48.0_Tau_Type_normal_anchors - INFO - Batch 2309/2465: Clean accuracy 0.9762 | Adv accuracy: 0.9762 | Counter-attack accuracy: 0.9710
2026-02-07 15:05:22,934 - ADV_Generation_eps_0.0_steps_0_Added_Noise_uniform_Eps_48.0_Tau_Type_normal_anchors - INFO - Batch 2310/2465: Clean accuracy 0.9762 | Adv accuracy: 0.9762 | Counter-attack accuracy: 0.9710
2026-02-07 15:05:23,243 - ADV_Generation_eps_0.0_steps_0_Added_Noise_uniform_Eps_48.0_Tau_Type_normal_anchors - INFO - Batch 2311/2465: Clean accuracy 0.9762 | Adv accuracy: 0.9762 | Counter-attack accuracy: 0.9710
2026-02-07 15:05:23,552 - ADV_Generation_eps_0.0_steps_0_Added_Noise_uniform_Eps_48.0_Tau_Type_normal_anchors - INFO - Batch 2312/2465: Clean accuracy 0.9762 | Adv accuracy: 0.9762 | Counter-attack accuracy: 0.9710
2026-02-07 15:05:23,861 - ADV_Generation_eps_0.0_steps_0_Added_Noise_uniform_Eps_48.0_Tau_Type_normal_anchors - INFO - Batch 2313/2465: Clean accuracy 0.9762 | Adv accuracy: 0.9762 | Counter-attack accuracy: 0.9710
2026-02-07 15:05:24,170 - ADV_Generation_eps_0.0_steps_0_Added_Noise_uniform_Eps_48.0_Tau_Type_normal_anchors - INFO - Batch 2314/2465: Clean accuracy 0.9762 | Adv accuracy: 0.9762 | Counter-attack accuracy: 0.9710
2026-02-07 15:05:24,478 - ADV_Generation_eps_0.0_steps_0_Added_Noise_uniform_Eps_48.0_Tau_Type_normal_anchors - INFO - Batch 2315/2465: Clean accuracy 0.9762 | Adv accuracy: 0.9762 | Counter-attack accuracy: 0.9711
2026-02-07 15:05:24,787 - ADV_Generation_eps_0.0_steps_0_Added_Noise_uniform_Eps_48.0_Tau_Type_normal_anchors - INFO - Batch 2316/2465: Clean accuracy 0.9763 | Adv accuracy: 0.9763 | Counter-attack accuracy: 0.9711
2026-02-07 15:05:25,097 - ADV_Generation_eps_0.0_steps_0_Added_Noise_uniform_Eps_48.0_Tau_Type_normal_anchors - INFO - Batch 2317/2465: Clean accuracy 0.9763 | Adv accuracy: 0.9763 | Counter-attack accuracy: 0.9711
2026-02-07 15:05:25,406 - ADV_Generation_eps_0.0_steps_0_Added_Noise_uniform_Eps_48.0_Tau_Type_normal_anchors - INFO - Batch 2318/2465: Clean accuracy 0.9763 | Adv accuracy: 0.9763 | Counter-attack accuracy: 0.9711
2026-02-07 15:05:25,714 - ADV_Generation_eps_0.0_steps_0_Added_Noise_uniform_Eps_48.0_Tau_Type_normal_anchors - INFO - Batch 2319/2465: Clean accuracy 0.9763 | Adv accuracy: 0.9763 | Counter-attack accuracy: 0.9711
2026-02-07 15:05:26,023 - ADV_Generation_eps_0.0_steps_0_Added_Noise_uniform_Eps_48.0_Tau_Type_normal_anchors - INFO - Batch 2320/2465: Clean accuracy 0.9763 | Adv accuracy: 0.9763 | Counter-attack accuracy: 0.9711
2026-02-07 15:05:26,332 - ADV_Generation_eps_0.0_steps_0_Added_Noise_uniform_Eps_48.0_Tau_Type_normal_anchors - INFO - Batch 2321/2465: Clean accuracy 0.9763 | Adv accuracy: 0.9763 | Counter-attack accuracy: 0.9711
2026-02-07 15:05:26,641 - ADV_Generation_eps_0.0_steps_0_Added_Noise_uniform_Eps_48.0_Tau_Type_normal_anchors - INFO - Batch 2322/2465: Clean accuracy 0.9763 | Adv accuracy: 0.9763 | Counter-attack accuracy: 0.9711
2026-02-07 15:05:26,950 - ADV_Generation_eps_0.0_steps_0_Added_Noise_uniform_Eps_48.0_Tau_Type_normal_anchors - INFO - Batch 2323/2465: Clean accuracy 0.9763 | Adv accuracy: 0.9763 | Counter-attack accuracy: 0.9712
2026-02-07 15:05:27,259 - ADV_Generation_eps_0.0_steps_0_Added_Noise_uniform_Eps_48.0_Tau_Type_normal_anchors - INFO - Batch 2324/2465: Clean accuracy 0.9763 | Adv accuracy: 0.9763 | Counter-attack accuracy: 0.9712
2026-02-07 15:05:27,568 - ADV_Generation_eps_0.0_steps_0_Added_Noise_uniform_Eps_48.0_Tau_Type_normal_anchors - INFO - Batch 2325/2465: Clean accuracy 0.9763 | Adv accuracy: 0.9763 | Counter-attack accuracy: 0.9712
2026-02-07 15:05:27,876 - ADV_Generation_eps_0.0_steps_0_Added_Noise_uniform_Eps_48.0_Tau_Type_normal_anchors - INFO - Batch 2326/2465: Clean accuracy 0.9764 | Adv accuracy: 0.9764 | Counter-attack accuracy: 0.9712
2026-02-07 15:05:28,185 - ADV_Generation_eps_0.0_steps_0_Added_Noise_uniform_Eps_48.0_Tau_Type_normal_anchors - INFO - Batch 2327/2465: Clean accuracy 0.9764 | Adv accuracy: 0.9764 | Counter-attack accuracy: 0.9712
2026-02-07 15:05:28,494 - ADV_Generation_eps_0.0_steps_0_Added_Noise_uniform_Eps_48.0_Tau_Type_normal_anchors - INFO - Batch 2328/2465: Clean accuracy 0.9764 | Adv accuracy: 0.9764 | Counter-attack accuracy: 0.9712
2026-02-07 15:05:28,803 - ADV_Generation_eps_0.0_steps_0_Added_Noise_uniform_Eps_48.0_Tau_Type_normal_anchors - INFO - Batch 2329/2465: Clean accuracy 0.9764 | Adv accuracy: 0.9764 | Counter-attack accuracy: 0.9712
2026-02-07 15:05:29,112 - ADV_Generation_eps_0.0_steps_0_Added_Noise_uniform_Eps_48.0_Tau_Type_normal_anchors - INFO - Batch 2330/2465: Clean accuracy 0.9764 | Adv accuracy: 0.9764 | Counter-attack accuracy: 0.9712
2026-02-07 15:05:29,421 - ADV_Generation_eps_0.0_steps_0_Added_Noise_uniform_Eps_48.0_Tau_Type_normal_anchors - INFO - Batch 2331/2465: Clean accuracy 0.9764 | Adv accuracy: 0.9764 | Counter-attack accuracy: 0.9713
2026-02-07 15:05:29,730 - ADV_Generation_eps_0.0_steps_0_Added_Noise_uniform_Eps_48.0_Tau_Type_normal_anchors - INFO - Batch 2332/2465: Clean accuracy 0.9764 | Adv accuracy: 0.9764 | Counter-attack accuracy: 0.9713
2026-02-07 15:05:30,038 - ADV_Generation_eps_0.0_steps_0_Added_Noise_uniform_Eps_48.0_Tau_Type_normal_anchors - INFO - Batch 2333/2465: Clean accuracy 0.9764 | Adv accuracy: 0.9764 | Counter-attack accuracy: 0.9713
2026-02-07 15:05:30,355 - ADV_Generation_eps_0.0_steps_0_Added_Noise_uniform_Eps_48.0_Tau_Type_normal_anchors - INFO - Batch 2334/2465: Clean accuracy 0.9764 | Adv accuracy: 0.9764 | Counter-attack accuracy: 0.9713
2026-02-07 15:05:30,664 - ADV_Generation_eps_0.0_steps_0_Added_Noise_uniform_Eps_48.0_Tau_Type_normal_anchors - INFO - Batch 2335/2465: Clean accuracy 0.9764 | Adv accuracy: 0.9764 | Counter-attack accuracy: 0.9713
2026-02-07 15:05:30,973 - ADV_Generation_eps_0.0_steps_0_Added_Noise_uniform_Eps_48.0_Tau_Type_normal_anchors - INFO - Batch 2336/2465: Clean accuracy 0.9765 | Adv accuracy: 0.9765 | Counter-attack accuracy: 0.9713
2026-02-07 15:05:31,282 - ADV_Generation_eps_0.0_steps_0_Added_Noise_uniform_Eps_48.0_Tau_Type_normal_anchors - INFO - Batch 2337/2465: Clean accuracy 0.9765 | Adv accuracy: 0.9765 | Counter-attack accuracy: 0.9713
2026-02-07 15:05:31,591 - ADV_Generation_eps_0.0_steps_0_Added_Noise_uniform_Eps_48.0_Tau_Type_normal_anchors - INFO - Batch 2338/2465: Clean accuracy 0.9765 | Adv accuracy: 0.9765 | Counter-attack accuracy: 0.9713
2026-02-07 15:05:31,900 - ADV_Generation_eps_0.0_steps_0_Added_Noise_uniform_Eps_48.0_Tau_Type_normal_anchors - INFO - Batch 2339/2465: Clean accuracy 0.9765 | Adv accuracy: 0.9765 | Counter-attack accuracy: 0.9714
2026-02-07 15:05:32,209 - ADV_Generation_eps_0.0_steps_0_Added_Noise_uniform_Eps_48.0_Tau_Type_normal_anchors - INFO - Batch 2340/2465: Clean accuracy 0.9765 | Adv accuracy: 0.9765 | Counter-attack accuracy: 0.9714
2026-02-07 15:05:32,517 - ADV_Generation_eps_0.0_steps_0_Added_Noise_uniform_Eps_48.0_Tau_Type_normal_anchors - INFO - Batch 2341/2465: Clean accuracy 0.9765 | Adv accuracy: 0.9765 | Counter-attack accuracy: 0.9714
2026-02-07 15:05:32,826 - ADV_Generation_eps_0.0_steps_0_Added_Noise_uniform_Eps_48.0_Tau_Type_normal_anchors - INFO - Batch 2342/2465: Clean accuracy 0.9765 | Adv accuracy: 0.9765 | Counter-attack accuracy: 0.9714
2026-02-07 15:05:33,135 - ADV_Generation_eps_0.0_steps_0_Added_Noise_uniform_Eps_48.0_Tau_Type_normal_anchors - INFO - Batch 2343/2465: Clean accuracy 0.9765 | Adv accuracy: 0.9765 | Counter-attack accuracy: 0.9714
2026-02-07 15:05:33,444 - ADV_Generation_eps_0.0_steps_0_Added_Noise_uniform_Eps_48.0_Tau_Type_normal_anchors - INFO - Batch 2344/2465: Clean accuracy 0.9765 | Adv accuracy: 0.9765 | Counter-attack accuracy: 0.9714
2026-02-07 15:05:33,753 - ADV_Generation_eps_0.0_steps_0_Added_Noise_uniform_Eps_48.0_Tau_Type_normal_anchors - INFO - Batch 2345/2465: Clean accuracy 0.9765 | Adv accuracy: 0.9765 | Counter-attack accuracy: 0.9714
2026-02-07 15:05:34,061 - ADV_Generation_eps_0.0_steps_0_Added_Noise_uniform_Eps_48.0_Tau_Type_normal_anchors - INFO - Batch 2346/2465: Clean accuracy 0.9766 | Adv accuracy: 0.9766 | Counter-attack accuracy: 0.9714
2026-02-07 15:05:34,370 - ADV_Generation_eps_0.0_steps_0_Added_Noise_uniform_Eps_48.0_Tau_Type_normal_anchors - INFO - Batch 2347/2465: Clean accuracy 0.9766 | Adv accuracy: 0.9766 | Counter-attack accuracy: 0.9715
2026-02-07 15:05:34,679 - ADV_Generation_eps_0.0_steps_0_Added_Noise_uniform_Eps_48.0_Tau_Type_normal_anchors - INFO - Batch 2348/2465: Clean accuracy 0.9766 | Adv accuracy: 0.9766 | Counter-attack accuracy: 0.9715
2026-02-07 15:05:34,988 - ADV_Generation_eps_0.0_steps_0_Added_Noise_uniform_Eps_48.0_Tau_Type_normal_anchors - INFO - Batch 2349/2465: Clean accuracy 0.9766 | Adv accuracy: 0.9766 | Counter-attack accuracy: 0.9715
2026-02-07 15:05:35,297 - ADV_Generation_eps_0.0_steps_0_Added_Noise_uniform_Eps_48.0_Tau_Type_normal_anchors - INFO - Batch 2350/2465: Clean accuracy 0.9766 | Adv accuracy: 0.9766 | Counter-attack accuracy: 0.9715
2026-02-07 15:05:35,606 - ADV_Generation_eps_0.0_steps_0_Added_Noise_uniform_Eps_48.0_Tau_Type_normal_anchors - INFO - Batch 2351/2465: Clean accuracy 0.9766 | Adv accuracy: 0.9766 | Counter-attack accuracy: 0.9715
2026-02-07 15:05:35,915 - ADV_Generation_eps_0.0_steps_0_Added_Noise_uniform_Eps_48.0_Tau_Type_normal_anchors - INFO - Batch 2352/2465: Clean accuracy 0.9766 | Adv accuracy: 0.9766 | Counter-attack accuracy: 0.9715
2026-02-07 15:05:36,224 - ADV_Generation_eps_0.0_steps_0_Added_Noise_uniform_Eps_48.0_Tau_Type_normal_anchors - INFO - Batch 2353/2465: Clean accuracy 0.9766 | Adv accuracy: 0.9766 | Counter-attack accuracy: 0.9715
2026-02-07 15:05:36,532 - ADV_Generation_eps_0.0_steps_0_Added_Noise_uniform_Eps_48.0_Tau_Type_normal_anchors - INFO - Batch 2354/2465: Clean accuracy 0.9766 | Adv accuracy: 0.9766 | Counter-attack accuracy: 0.9715
2026-02-07 15:05:36,841 - ADV_Generation_eps_0.0_steps_0_Added_Noise_uniform_Eps_48.0_Tau_Type_normal_anchors - INFO - Batch 2355/2465: Clean accuracy 0.9766 | Adv accuracy: 0.9766 | Counter-attack accuracy: 0.9715
2026-02-07 15:05:37,150 - ADV_Generation_eps_0.0_steps_0_Added_Noise_uniform_Eps_48.0_Tau_Type_normal_anchors - INFO - Batch 2356/2465: Clean accuracy 0.9767 | Adv accuracy: 0.9767 | Counter-attack accuracy: 0.9716
2026-02-07 15:05:37,459 - ADV_Generation_eps_0.0_steps_0_Added_Noise_uniform_Eps_48.0_Tau_Type_normal_anchors - INFO - Batch 2357/2465: Clean accuracy 0.9767 | Adv accuracy: 0.9767 | Counter-attack accuracy: 0.9716
2026-02-07 15:05:37,768 - ADV_Generation_eps_0.0_steps_0_Added_Noise_uniform_Eps_48.0_Tau_Type_normal_anchors - INFO - Batch 2358/2465: Clean accuracy 0.9767 | Adv accuracy: 0.9767 | Counter-attack accuracy: 0.9716
2026-02-07 15:05:38,077 - ADV_Generation_eps_0.0_steps_0_Added_Noise_uniform_Eps_48.0_Tau_Type_normal_anchors - INFO - Batch 2359/2465: Clean accuracy 0.9767 | Adv accuracy: 0.9767 | Counter-attack accuracy: 0.9716
2026-02-07 15:05:38,385 - ADV_Generation_eps_0.0_steps_0_Added_Noise_uniform_Eps_48.0_Tau_Type_normal_anchors - INFO - Batch 2360/2465: Clean accuracy 0.9767 | Adv accuracy: 0.9767 | Counter-attack accuracy: 0.9716
2026-02-07 15:05:38,694 - ADV_Generation_eps_0.0_steps_0_Added_Noise_uniform_Eps_48.0_Tau_Type_normal_anchors - INFO - Batch 2361/2465: Clean accuracy 0.9767 | Adv accuracy: 0.9767 | Counter-attack accuracy: 0.9716
2026-02-07 15:05:39,003 - ADV_Generation_eps_0.0_steps_0_Added_Noise_uniform_Eps_48.0_Tau_Type_normal_anchors - INFO - Batch 2362/2465: Clean accuracy 0.9767 | Adv accuracy: 0.9767 | Counter-attack accuracy: 0.9716
2026-02-07 15:05:39,321 - ADV_Generation_eps_0.0_steps_0_Added_Noise_uniform_Eps_48.0_Tau_Type_normal_anchors - INFO - Batch 2363/2465: Clean accuracy 0.9767 | Adv accuracy: 0.9767 | Counter-attack accuracy: 0.9716
2026-02-07 15:05:39,630 - ADV_Generation_eps_0.0_steps_0_Added_Noise_uniform_Eps_48.0_Tau_Type_normal_anchors - INFO - Batch 2364/2465: Clean accuracy 0.9767 | Adv accuracy: 0.9767 | Counter-attack accuracy: 0.9717
2026-02-07 15:05:39,939 - ADV_Generation_eps_0.0_steps_0_Added_Noise_uniform_Eps_48.0_Tau_Type_normal_anchors - INFO - Batch 2365/2465: Clean accuracy 0.9767 | Adv accuracy: 0.9767 | Counter-attack accuracy: 0.9717
2026-02-07 15:05:40,248 - ADV_Generation_eps_0.0_steps_0_Added_Noise_uniform_Eps_48.0_Tau_Type_normal_anchors - INFO - Batch 2366/2465: Clean accuracy 0.9768 | Adv accuracy: 0.9768 | Counter-attack accuracy: 0.9717
2026-02-07 15:05:40,556 - ADV_Generation_eps_0.0_steps_0_Added_Noise_uniform_Eps_48.0_Tau_Type_normal_anchors - INFO - Batch 2367/2465: Clean accuracy 0.9768 | Adv accuracy: 0.9768 | Counter-attack accuracy: 0.9717
2026-02-07 15:05:40,865 - ADV_Generation_eps_0.0_steps_0_Added_Noise_uniform_Eps_48.0_Tau_Type_normal_anchors - INFO - Batch 2368/2465: Clean accuracy 0.9768 | Adv accuracy: 0.9768 | Counter-attack accuracy: 0.9717
2026-02-07 15:05:41,174 - ADV_Generation_eps_0.0_steps_0_Added_Noise_uniform_Eps_48.0_Tau_Type_normal_anchors - INFO - Batch 2369/2465: Clean accuracy 0.9768 | Adv accuracy: 0.9768 | Counter-attack accuracy: 0.9717
2026-02-07 15:05:41,483 - ADV_Generation_eps_0.0_steps_0_Added_Noise_uniform_Eps_48.0_Tau_Type_normal_anchors - INFO - Batch 2370/2465: Clean accuracy 0.9768 | Adv accuracy: 0.9768 | Counter-attack accuracy: 0.9717
2026-02-07 15:05:41,880 - ADV_Generation_eps_0.0_steps_0_Added_Noise_uniform_Eps_48.0_Tau_Type_normal_anchors - INFO - Batch 2371/2465: Clean accuracy 0.9768 | Adv accuracy: 0.9768 | Counter-attack accuracy: 0.9717
2026-02-07 15:05:42,189 - ADV_Generation_eps_0.0_steps_0_Added_Noise_uniform_Eps_48.0_Tau_Type_normal_anchors - INFO - Batch 2372/2465: Clean accuracy 0.9768 | Adv accuracy: 0.9768 | Counter-attack accuracy: 0.9718
2026-02-07 15:05:42,498 - ADV_Generation_eps_0.0_steps_0_Added_Noise_uniform_Eps_48.0_Tau_Type_normal_anchors - INFO - Batch 2373/2465: Clean accuracy 0.9768 | Adv accuracy: 0.9768 | Counter-attack accuracy: 0.9718
2026-02-07 15:05:42,816 - ADV_Generation_eps_0.0_steps_0_Added_Noise_uniform_Eps_48.0_Tau_Type_normal_anchors - INFO - Batch 2374/2465: Clean accuracy 0.9768 | Adv accuracy: 0.9768 | Counter-attack accuracy: 0.9718
2026-02-07 15:05:43,125 - ADV_Generation_eps_0.0_steps_0_Added_Noise_uniform_Eps_48.0_Tau_Type_normal_anchors - INFO - Batch 2375/2465: Clean accuracy 0.9768 | Adv accuracy: 0.9768 | Counter-attack accuracy: 0.9718
2026-02-07 15:05:43,434 - ADV_Generation_eps_0.0_steps_0_Added_Noise_uniform_Eps_48.0_Tau_Type_normal_anchors - INFO - Batch 2376/2465: Clean accuracy 0.9769 | Adv accuracy: 0.9769 | Counter-attack accuracy: 0.9718
2026-02-07 15:05:43,743 - ADV_Generation_eps_0.0_steps_0_Added_Noise_uniform_Eps_48.0_Tau_Type_normal_anchors - INFO - Batch 2377/2465: Clean accuracy 0.9769 | Adv accuracy: 0.9769 | Counter-attack accuracy: 0.9718
2026-02-07 15:05:44,051 - ADV_Generation_eps_0.0_steps_0_Added_Noise_uniform_Eps_48.0_Tau_Type_normal_anchors - INFO - Batch 2378/2465: Clean accuracy 0.9769 | Adv accuracy: 0.9769 | Counter-attack accuracy: 0.9718
2026-02-07 15:05:44,360 - ADV_Generation_eps_0.0_steps_0_Added_Noise_uniform_Eps_48.0_Tau_Type_normal_anchors - INFO - Batch 2379/2465: Clean accuracy 0.9769 | Adv accuracy: 0.9769 | Counter-attack accuracy: 0.9718
2026-02-07 15:05:44,669 - ADV_Generation_eps_0.0_steps_0_Added_Noise_uniform_Eps_48.0_Tau_Type_normal_anchors - INFO - Batch 2380/2465: Clean accuracy 0.9769 | Adv accuracy: 0.9769 | Counter-attack accuracy: 0.9718
2026-02-07 15:05:44,978 - ADV_Generation_eps_0.0_steps_0_Added_Noise_uniform_Eps_48.0_Tau_Type_normal_anchors - INFO - Batch 2381/2465: Clean accuracy 0.9765 | Adv accuracy: 0.9765 | Counter-attack accuracy: 0.9719
2026-02-07 15:05:45,287 - ADV_Generation_eps_0.0_steps_0_Added_Noise_uniform_Eps_48.0_Tau_Type_normal_anchors - INFO - Batch 2382/2465: Clean accuracy 0.9765 | Adv accuracy: 0.9765 | Counter-attack accuracy: 0.9719
2026-02-07 15:05:45,596 - ADV_Generation_eps_0.0_steps_0_Added_Noise_uniform_Eps_48.0_Tau_Type_normal_anchors - INFO - Batch 2383/2465: Clean accuracy 0.9761 | Adv accuracy: 0.9761 | Counter-attack accuracy: 0.9719
2026-02-07 15:05:45,905 - ADV_Generation_eps_0.0_steps_0_Added_Noise_uniform_Eps_48.0_Tau_Type_normal_anchors - INFO - Batch 2384/2465: Clean accuracy 0.9761 | Adv accuracy: 0.9761 | Counter-attack accuracy: 0.9719
2026-02-07 15:05:46,214 - ADV_Generation_eps_0.0_steps_0_Added_Noise_uniform_Eps_48.0_Tau_Type_normal_anchors - INFO - Batch 2385/2465: Clean accuracy 0.9761 | Adv accuracy: 0.9761 | Counter-attack accuracy: 0.9719
2026-02-07 15:05:46,523 - ADV_Generation_eps_0.0_steps_0_Added_Noise_uniform_Eps_48.0_Tau_Type_normal_anchors - INFO - Batch 2386/2465: Clean accuracy 0.9761 | Adv accuracy: 0.9761 | Counter-attack accuracy: 0.9719
2026-02-07 15:05:46,831 - ADV_Generation_eps_0.0_steps_0_Added_Noise_uniform_Eps_48.0_Tau_Type_normal_anchors - INFO - Batch 2387/2465: Clean accuracy 0.9761 | Adv accuracy: 0.9761 | Counter-attack accuracy: 0.9719
2026-02-07 15:05:47,140 - ADV_Generation_eps_0.0_steps_0_Added_Noise_uniform_Eps_48.0_Tau_Type_normal_anchors - INFO - Batch 2388/2465: Clean accuracy 0.9761 | Adv accuracy: 0.9761 | Counter-attack accuracy: 0.9719
2026-02-07 15:05:47,449 - ADV_Generation_eps_0.0_steps_0_Added_Noise_uniform_Eps_48.0_Tau_Type_normal_anchors - INFO - Batch 2389/2465: Clean accuracy 0.9757 | Adv accuracy: 0.9757 | Counter-attack accuracy: 0.9720
2026-02-07 15:05:47,758 - ADV_Generation_eps_0.0_steps_0_Added_Noise_uniform_Eps_48.0_Tau_Type_normal_anchors - INFO - Batch 2390/2465: Clean accuracy 0.9757 | Adv accuracy: 0.9757 | Counter-attack accuracy: 0.9720
2026-02-07 15:05:48,067 - ADV_Generation_eps_0.0_steps_0_Added_Noise_uniform_Eps_48.0_Tau_Type_normal_anchors - INFO - Batch 2391/2465: Clean accuracy 0.9757 | Adv accuracy: 0.9757 | Counter-attack accuracy: 0.9720
2026-02-07 15:05:48,375 - ADV_Generation_eps_0.0_steps_0_Added_Noise_uniform_Eps_48.0_Tau_Type_normal_anchors - INFO - Batch 2392/2465: Clean accuracy 0.9758 | Adv accuracy: 0.9758 | Counter-attack accuracy: 0.9720
2026-02-07 15:05:48,691 - ADV_Generation_eps_0.0_steps_0_Added_Noise_uniform_Eps_48.0_Tau_Type_normal_anchors - INFO - Batch 2393/2465: Clean accuracy 0.9758 | Adv accuracy: 0.9758 | Counter-attack accuracy: 0.9720
2026-02-07 15:05:49,000 - ADV_Generation_eps_0.0_steps_0_Added_Noise_uniform_Eps_48.0_Tau_Type_normal_anchors - INFO - Batch 2394/2465: Clean accuracy 0.9758 | Adv accuracy: 0.9758 | Counter-attack accuracy: 0.9720
2026-02-07 15:05:49,309 - ADV_Generation_eps_0.0_steps_0_Added_Noise_uniform_Eps_48.0_Tau_Type_normal_anchors - INFO - Batch 2395/2465: Clean accuracy 0.9758 | Adv accuracy: 0.9758 | Counter-attack accuracy: 0.9720
2026-02-07 15:05:49,618 - ADV_Generation_eps_0.0_steps_0_Added_Noise_uniform_Eps_48.0_Tau_Type_normal_anchors - INFO - Batch 2396/2465: Clean accuracy 0.9758 | Adv accuracy: 0.9758 | Counter-attack accuracy: 0.9720
2026-02-07 15:05:49,927 - ADV_Generation_eps_0.0_steps_0_Added_Noise_uniform_Eps_48.0_Tau_Type_normal_anchors - INFO - Batch 2397/2465: Clean accuracy 0.9758 | Adv accuracy: 0.9758 | Counter-attack accuracy: 0.9720
2026-02-07 15:05:50,236 - ADV_Generation_eps_0.0_steps_0_Added_Noise_uniform_Eps_48.0_Tau_Type_normal_anchors - INFO - Batch 2398/2465: Clean accuracy 0.9758 | Adv accuracy: 0.9758 | Counter-attack accuracy: 0.9721
2026-02-07 15:05:50,545 - ADV_Generation_eps_0.0_steps_0_Added_Noise_uniform_Eps_48.0_Tau_Type_normal_anchors - INFO - Batch 2399/2465: Clean accuracy 0.9758 | Adv accuracy: 0.9758 | Counter-attack accuracy: 0.9721
2026-02-07 15:05:50,853 - ADV_Generation_eps_0.0_steps_0_Added_Noise_uniform_Eps_48.0_Tau_Type_normal_anchors - INFO - Batch 2400/2465: Clean accuracy 0.9758 | Adv accuracy: 0.9758 | Counter-attack accuracy: 0.9721
2026-02-07 15:05:51,162 - ADV_Generation_eps_0.0_steps_0_Added_Noise_uniform_Eps_48.0_Tau_Type_normal_anchors - INFO - Batch 2401/2465: Clean accuracy 0.9758 | Adv accuracy: 0.9758 | Counter-attack accuracy: 0.9721
2026-02-07 15:05:51,471 - ADV_Generation_eps_0.0_steps_0_Added_Noise_uniform_Eps_48.0_Tau_Type_normal_anchors - INFO - Batch 2402/2465: Clean accuracy 0.9759 | Adv accuracy: 0.9759 | Counter-attack accuracy: 0.9721
2026-02-07 15:05:51,780 - ADV_Generation_eps_0.0_steps_0_Added_Noise_uniform_Eps_48.0_Tau_Type_normal_anchors - INFO - Batch 2403/2465: Clean accuracy 0.9759 | Adv accuracy: 0.9759 | Counter-attack accuracy: 0.9721
2026-02-07 15:05:52,089 - ADV_Generation_eps_0.0_steps_0_Added_Noise_uniform_Eps_48.0_Tau_Type_normal_anchors - INFO - Batch 2404/2465: Clean accuracy 0.9759 | Adv accuracy: 0.9759 | Counter-attack accuracy: 0.9721
2026-02-07 15:05:52,398 - ADV_Generation_eps_0.0_steps_0_Added_Noise_uniform_Eps_48.0_Tau_Type_normal_anchors - INFO - Batch 2405/2465: Clean accuracy 0.9759 | Adv accuracy: 0.9759 | Counter-attack accuracy: 0.9721
2026-02-07 15:05:52,707 - ADV_Generation_eps_0.0_steps_0_Added_Noise_uniform_Eps_48.0_Tau_Type_normal_anchors - INFO - Batch 2406/2465: Clean accuracy 0.9759 | Adv accuracy: 0.9759 | Counter-attack accuracy: 0.9722
2026-02-07 15:05:53,016 - ADV_Generation_eps_0.0_steps_0_Added_Noise_uniform_Eps_48.0_Tau_Type_normal_anchors - INFO - Batch 2407/2465: Clean accuracy 0.9759 | Adv accuracy: 0.9759 | Counter-attack accuracy: 0.9722
2026-02-07 15:05:53,324 - ADV_Generation_eps_0.0_steps_0_Added_Noise_uniform_Eps_48.0_Tau_Type_normal_anchors - INFO - Batch 2408/2465: Clean accuracy 0.9759 | Adv accuracy: 0.9759 | Counter-attack accuracy: 0.9722
2026-02-07 15:05:53,633 - ADV_Generation_eps_0.0_steps_0_Added_Noise_uniform_Eps_48.0_Tau_Type_normal_anchors - INFO - Batch 2409/2465: Clean accuracy 0.9759 | Adv accuracy: 0.9759 | Counter-attack accuracy: 0.9722
2026-02-07 15:05:53,942 - ADV_Generation_eps_0.0_steps_0_Added_Noise_uniform_Eps_48.0_Tau_Type_normal_anchors - INFO - Batch 2410/2465: Clean accuracy 0.9759 | Adv accuracy: 0.9759 | Counter-attack accuracy: 0.9718
2026-02-07 15:05:54,251 - ADV_Generation_eps_0.0_steps_0_Added_Noise_uniform_Eps_48.0_Tau_Type_normal_anchors - INFO - Batch 2411/2465: Clean accuracy 0.9759 | Adv accuracy: 0.9759 | Counter-attack accuracy: 0.9718
2026-02-07 15:05:54,560 - ADV_Generation_eps_0.0_steps_0_Added_Noise_uniform_Eps_48.0_Tau_Type_normal_anchors - INFO - Batch 2412/2465: Clean accuracy 0.9760 | Adv accuracy: 0.9760 | Counter-attack accuracy: 0.9718
2026-02-07 15:05:54,868 - ADV_Generation_eps_0.0_steps_0_Added_Noise_uniform_Eps_48.0_Tau_Type_normal_anchors - INFO - Batch 2413/2465: Clean accuracy 0.9760 | Adv accuracy: 0.9760 | Counter-attack accuracy: 0.9718
2026-02-07 15:05:55,177 - ADV_Generation_eps_0.0_steps_0_Added_Noise_uniform_Eps_48.0_Tau_Type_normal_anchors - INFO - Batch 2414/2465: Clean accuracy 0.9760 | Adv accuracy: 0.9760 | Counter-attack accuracy: 0.9718
2026-02-07 15:05:55,486 - ADV_Generation_eps_0.0_steps_0_Added_Noise_uniform_Eps_48.0_Tau_Type_normal_anchors - INFO - Batch 2415/2465: Clean accuracy 0.9760 | Adv accuracy: 0.9760 | Counter-attack accuracy: 0.9718
2026-02-07 15:05:55,795 - ADV_Generation_eps_0.0_steps_0_Added_Noise_uniform_Eps_48.0_Tau_Type_normal_anchors - INFO - Batch 2416/2465: Clean accuracy 0.9760 | Adv accuracy: 0.9760 | Counter-attack accuracy: 0.9719
2026-02-07 15:05:56,104 - ADV_Generation_eps_0.0_steps_0_Added_Noise_uniform_Eps_48.0_Tau_Type_normal_anchors - INFO - Batch 2417/2465: Clean accuracy 0.9760 | Adv accuracy: 0.9760 | Counter-attack accuracy: 0.9719
2026-02-07 15:05:56,413 - ADV_Generation_eps_0.0_steps_0_Added_Noise_uniform_Eps_48.0_Tau_Type_normal_anchors - INFO - Batch 2418/2465: Clean accuracy 0.9760 | Adv accuracy: 0.9760 | Counter-attack accuracy: 0.9719
2026-02-07 15:05:56,722 - ADV_Generation_eps_0.0_steps_0_Added_Noise_uniform_Eps_48.0_Tau_Type_normal_anchors - INFO - Batch 2419/2465: Clean accuracy 0.9760 | Adv accuracy: 0.9760 | Counter-attack accuracy: 0.9719
2026-02-07 15:05:57,031 - ADV_Generation_eps_0.0_steps_0_Added_Noise_uniform_Eps_48.0_Tau_Type_normal_anchors - INFO - Batch 2420/2465: Clean accuracy 0.9760 | Adv accuracy: 0.9760 | Counter-attack accuracy: 0.9719
2026-02-07 15:05:57,339 - ADV_Generation_eps_0.0_steps_0_Added_Noise_uniform_Eps_48.0_Tau_Type_normal_anchors - INFO - Batch 2421/2465: Clean accuracy 0.9760 | Adv accuracy: 0.9760 | Counter-attack accuracy: 0.9719
2026-02-07 15:05:57,648 - ADV_Generation_eps_0.0_steps_0_Added_Noise_uniform_Eps_48.0_Tau_Type_normal_anchors - INFO - Batch 2422/2465: Clean accuracy 0.9761 | Adv accuracy: 0.9761 | Counter-attack accuracy: 0.9719
2026-02-07 15:05:57,957 - ADV_Generation_eps_0.0_steps_0_Added_Noise_uniform_Eps_48.0_Tau_Type_normal_anchors - INFO - Batch 2423/2465: Clean accuracy 0.9761 | Adv accuracy: 0.9761 | Counter-attack accuracy: 0.9719
2026-02-07 15:05:58,267 - ADV_Generation_eps_0.0_steps_0_Added_Noise_uniform_Eps_48.0_Tau_Type_normal_anchors - INFO - Batch 2424/2465: Clean accuracy 0.9761 | Adv accuracy: 0.9761 | Counter-attack accuracy: 0.9719
2026-02-07 15:05:58,606 - ADV_Generation_eps_0.0_steps_0_Added_Noise_uniform_Eps_48.0_Tau_Type_normal_anchors - INFO - Batch 2425/2465: Clean accuracy 0.9761 | Adv accuracy: 0.9761 | Counter-attack accuracy: 0.9720
2026-02-07 15:05:58,915 - ADV_Generation_eps_0.0_steps_0_Added_Noise_uniform_Eps_48.0_Tau_Type_normal_anchors - INFO - Batch 2426/2465: Clean accuracy 0.9757 | Adv accuracy: 0.9757 | Counter-attack accuracy: 0.9716
2026-02-07 15:05:59,235 - ADV_Generation_eps_0.0_steps_0_Added_Noise_uniform_Eps_48.0_Tau_Type_normal_anchors - INFO - Batch 2427/2465: Clean accuracy 0.9757 | Adv accuracy: 0.9757 | Counter-attack accuracy: 0.9716
2026-02-07 15:05:59,544 - ADV_Generation_eps_0.0_steps_0_Added_Noise_uniform_Eps_48.0_Tau_Type_normal_anchors - INFO - Batch 2428/2465: Clean accuracy 0.9757 | Adv accuracy: 0.9757 | Counter-attack accuracy: 0.9716
2026-02-07 15:05:59,853 - ADV_Generation_eps_0.0_steps_0_Added_Noise_uniform_Eps_48.0_Tau_Type_normal_anchors - INFO - Batch 2429/2465: Clean accuracy 0.9757 | Adv accuracy: 0.9757 | Counter-attack accuracy: 0.9716
2026-02-07 15:06:00,162 - ADV_Generation_eps_0.0_steps_0_Added_Noise_uniform_Eps_48.0_Tau_Type_normal_anchors - INFO - Batch 2430/2465: Clean accuracy 0.9757 | Adv accuracy: 0.9757 | Counter-attack accuracy: 0.9716
2026-02-07 15:06:00,471 - ADV_Generation_eps_0.0_steps_0_Added_Noise_uniform_Eps_48.0_Tau_Type_normal_anchors - INFO - Batch 2431/2465: Clean accuracy 0.9757 | Adv accuracy: 0.9757 | Counter-attack accuracy: 0.9716
2026-02-07 15:06:00,780 - ADV_Generation_eps_0.0_steps_0_Added_Noise_uniform_Eps_48.0_Tau_Type_normal_anchors - INFO - Batch 2432/2465: Clean accuracy 0.9757 | Adv accuracy: 0.9757 | Counter-attack accuracy: 0.9716
2026-02-07 15:06:01,088 - ADV_Generation_eps_0.0_steps_0_Added_Noise_uniform_Eps_48.0_Tau_Type_normal_anchors - INFO - Batch 2433/2465: Clean accuracy 0.9758 | Adv accuracy: 0.9758 | Counter-attack accuracy: 0.9716
2026-02-07 15:06:01,397 - ADV_Generation_eps_0.0_steps_0_Added_Noise_uniform_Eps_48.0_Tau_Type_normal_anchors - INFO - Batch 2434/2465: Clean accuracy 0.9758 | Adv accuracy: 0.9758 | Counter-attack accuracy: 0.9717
2026-02-07 15:06:01,706 - ADV_Generation_eps_0.0_steps_0_Added_Noise_uniform_Eps_48.0_Tau_Type_normal_anchors - INFO - Batch 2435/2465: Clean accuracy 0.9758 | Adv accuracy: 0.9758 | Counter-attack accuracy: 0.9717
2026-02-07 15:06:02,015 - ADV_Generation_eps_0.0_steps_0_Added_Noise_uniform_Eps_48.0_Tau_Type_normal_anchors - INFO - Batch 2436/2465: Clean accuracy 0.9758 | Adv accuracy: 0.9758 | Counter-attack accuracy: 0.9717
2026-02-07 15:06:02,324 - ADV_Generation_eps_0.0_steps_0_Added_Noise_uniform_Eps_48.0_Tau_Type_normal_anchors - INFO - Batch 2437/2465: Clean accuracy 0.9758 | Adv accuracy: 0.9758 | Counter-attack accuracy: 0.9717
2026-02-07 15:06:02,633 - ADV_Generation_eps_0.0_steps_0_Added_Noise_uniform_Eps_48.0_Tau_Type_normal_anchors - INFO - Batch 2438/2465: Clean accuracy 0.9758 | Adv accuracy: 0.9758 | Counter-attack accuracy: 0.9713
2026-02-07 15:06:02,941 - ADV_Generation_eps_0.0_steps_0_Added_Noise_uniform_Eps_48.0_Tau_Type_normal_anchors - INFO - Batch 2439/2465: Clean accuracy 0.9758 | Adv accuracy: 0.9758 | Counter-attack accuracy: 0.9713
2026-02-07 15:06:03,250 - ADV_Generation_eps_0.0_steps_0_Added_Noise_uniform_Eps_48.0_Tau_Type_normal_anchors - INFO - Batch 2440/2465: Clean accuracy 0.9758 | Adv accuracy: 0.9758 | Counter-attack accuracy: 0.9713
2026-02-07 15:06:03,559 - ADV_Generation_eps_0.0_steps_0_Added_Noise_uniform_Eps_48.0_Tau_Type_normal_anchors - INFO - Batch 2441/2465: Clean accuracy 0.9758 | Adv accuracy: 0.9758 | Counter-attack accuracy: 0.9713
2026-02-07 15:06:03,868 - ADV_Generation_eps_0.0_steps_0_Added_Noise_uniform_Eps_48.0_Tau_Type_normal_anchors - INFO - Batch 2442/2465: Clean accuracy 0.9758 | Adv accuracy: 0.9758 | Counter-attack accuracy: 0.9713
2026-02-07 15:06:04,177 - ADV_Generation_eps_0.0_steps_0_Added_Noise_uniform_Eps_48.0_Tau_Type_normal_anchors - INFO - Batch 2443/2465: Clean accuracy 0.9758 | Adv accuracy: 0.9758 | Counter-attack accuracy: 0.9713
2026-02-07 15:06:04,486 - ADV_Generation_eps_0.0_steps_0_Added_Noise_uniform_Eps_48.0_Tau_Type_normal_anchors - INFO - Batch 2444/2465: Clean accuracy 0.9759 | Adv accuracy: 0.9759 | Counter-attack accuracy: 0.9714
2026-02-07 15:06:04,795 - ADV_Generation_eps_0.0_steps_0_Added_Noise_uniform_Eps_48.0_Tau_Type_normal_anchors - INFO - Batch 2445/2465: Clean accuracy 0.9759 | Adv accuracy: 0.9759 | Counter-attack accuracy: 0.9714
2026-02-07 15:06:05,103 - ADV_Generation_eps_0.0_steps_0_Added_Noise_uniform_Eps_48.0_Tau_Type_normal_anchors - INFO - Batch 2446/2465: Clean accuracy 0.9759 | Adv accuracy: 0.9759 | Counter-attack accuracy: 0.9714
2026-02-07 15:06:05,412 - ADV_Generation_eps_0.0_steps_0_Added_Noise_uniform_Eps_48.0_Tau_Type_normal_anchors - INFO - Batch 2447/2465: Clean accuracy 0.9759 | Adv accuracy: 0.9759 | Counter-attack accuracy: 0.9714
2026-02-07 15:06:05,721 - ADV_Generation_eps_0.0_steps_0_Added_Noise_uniform_Eps_48.0_Tau_Type_normal_anchors - INFO - Batch 2448/2465: Clean accuracy 0.9759 | Adv accuracy: 0.9759 | Counter-attack accuracy: 0.9714
2026-02-07 15:06:06,030 - ADV_Generation_eps_0.0_steps_0_Added_Noise_uniform_Eps_48.0_Tau_Type_normal_anchors - INFO - Batch 2449/2465: Clean accuracy 0.9759 | Adv accuracy: 0.9759 | Counter-attack accuracy: 0.9714
2026-02-07 15:06:06,339 - ADV_Generation_eps_0.0_steps_0_Added_Noise_uniform_Eps_48.0_Tau_Type_normal_anchors - INFO - Batch 2450/2465: Clean accuracy 0.9759 | Adv accuracy: 0.9759 | Counter-attack accuracy: 0.9714
2026-02-07 15:06:06,648 - ADV_Generation_eps_0.0_steps_0_Added_Noise_uniform_Eps_48.0_Tau_Type_normal_anchors - INFO - Batch 2451/2465: Clean accuracy 0.9759 | Adv accuracy: 0.9759 | Counter-attack accuracy: 0.9714
2026-02-07 15:06:06,956 - ADV_Generation_eps_0.0_steps_0_Added_Noise_uniform_Eps_48.0_Tau_Type_normal_anchors - INFO - Batch 2452/2465: Clean accuracy 0.9759 | Adv accuracy: 0.9759 | Counter-attack accuracy: 0.9715
2026-02-07 15:06:07,265 - ADV_Generation_eps_0.0_steps_0_Added_Noise_uniform_Eps_48.0_Tau_Type_normal_anchors - INFO - Batch 2453/2465: Clean accuracy 0.9759 | Adv accuracy: 0.9759 | Counter-attack accuracy: 0.9715
2026-02-07 15:06:07,574 - ADV_Generation_eps_0.0_steps_0_Added_Noise_uniform_Eps_48.0_Tau_Type_normal_anchors - INFO - Batch 2454/2465: Clean accuracy 0.9760 | Adv accuracy: 0.9760 | Counter-attack accuracy: 0.9715
2026-02-07 15:06:07,883 - ADV_Generation_eps_0.0_steps_0_Added_Noise_uniform_Eps_48.0_Tau_Type_normal_anchors - INFO - Batch 2455/2465: Clean accuracy 0.9760 | Adv accuracy: 0.9760 | Counter-attack accuracy: 0.9715
2026-02-07 15:06:08,256 - ADV_Generation_eps_0.0_steps_0_Added_Noise_uniform_Eps_48.0_Tau_Type_normal_anchors - INFO - Batch 2456/2465: Clean accuracy 0.9760 | Adv accuracy: 0.9760 | Counter-attack accuracy: 0.9715
2026-02-07 15:06:08,565 - ADV_Generation_eps_0.0_steps_0_Added_Noise_uniform_Eps_48.0_Tau_Type_normal_anchors - INFO - Batch 2457/2465: Clean accuracy 0.9760 | Adv accuracy: 0.9760 | Counter-attack accuracy: 0.9715
2026-02-07 15:06:08,873 - ADV_Generation_eps_0.0_steps_0_Added_Noise_uniform_Eps_48.0_Tau_Type_normal_anchors - INFO - Batch 2458/2465: Clean accuracy 0.9760 | Adv accuracy: 0.9760 | Counter-attack accuracy: 0.9715
2026-02-07 15:06:09,182 - ADV_Generation_eps_0.0_steps_0_Added_Noise_uniform_Eps_48.0_Tau_Type_normal_anchors - INFO - Batch 2459/2465: Clean accuracy 0.9760 | Adv accuracy: 0.9760 | Counter-attack accuracy: 0.9715
2026-02-07 15:06:09,491 - ADV_Generation_eps_0.0_steps_0_Added_Noise_uniform_Eps_48.0_Tau_Type_normal_anchors - INFO - Batch 2460/2465: Clean accuracy 0.9760 | Adv accuracy: 0.9760 | Counter-attack accuracy: 0.9715
2026-02-07 15:06:09,800 - ADV_Generation_eps_0.0_steps_0_Added_Noise_uniform_Eps_48.0_Tau_Type_normal_anchors - INFO - Batch 2461/2465: Clean accuracy 0.9760 | Adv accuracy: 0.9760 | Counter-attack accuracy: 0.9716
2026-02-07 15:06:10,109 - ADV_Generation_eps_0.0_steps_0_Added_Noise_uniform_Eps_48.0_Tau_Type_normal_anchors - INFO - Batch 2462/2465: Clean accuracy 0.9760 | Adv accuracy: 0.9760 | Counter-attack accuracy: 0.9716
2026-02-07 15:06:10,417 - ADV_Generation_eps_0.0_steps_0_Added_Noise_uniform_Eps_48.0_Tau_Type_normal_anchors - INFO - Batch 2463/2465: Clean accuracy 0.9760 | Adv accuracy: 0.9760 | Counter-attack accuracy: 0.9716
2026-02-07 15:06:10,726 - ADV_Generation_eps_0.0_steps_0_Added_Noise_uniform_Eps_48.0_Tau_Type_normal_anchors - INFO - Batch 2464/2465: Clean accuracy 0.9761 | Adv accuracy: 0.9761 | Counter-attack accuracy: 0.9716
2026-02-07 15:06:11,034 - ADV_Generation_eps_0.0_steps_0_Added_Noise_uniform_Eps_48.0_Tau_Type_normal_anchors - INFO - Batch 2465/2465: Clean accuracy 0.9761 | Adv accuracy: 0.9761 | Counter-attack accuracy: 0.9716
2026-02-07 15:06:11,074 - ADV_Generation_eps_0.0_steps_0_Added_Noise_uniform_Eps_48.0_Tau_Type_normal_anchors - INFO - Verification - Clean Accuracy: 0.9761 vs 0.9761
2026-02-07 15:06:11,074 - ADV_Generation_eps_0.0_steps_0_Added_Noise_uniform_Eps_48.0_Tau_Type_normal_anchors - INFO - Verification - Adversarial Accuracy: 0.9761 vs 0.9761
2026-02-07 15:06:11,074 - ADV_Generation_eps_0.0_steps_0_Added_Noise_uniform_Eps_48.0_Tau_Type_normal_anchors - INFO - Verification - Counter-attack Accuracy: 0.9716 vs 0.9716
2026-02-07 15:06:11,074 - ADV_Generation_eps_0.0_steps_0_Added_Noise_uniform_Eps_48.0_Tau_Type_normal_anchors - INFO - Final Clean accuracy: 0.9761 | Adversarial accuracy: 0.9761 | Counter-attack accuracy: 0.9716
2026-02-07 15:06:11,083 - ADV_Generation_eps_0.0_steps_0_Added_Noise_uniform_Eps_48.0_Tau_Type_normal_anchors - INFO - Adversarial image generation completed. Results
