2026-02-06 17:17:38,834 - ADV_Generation_eps_0.0_steps_0_Added_Noise_uniform_Eps_40.0_Tau_Type_normal_anchors - INFO - ==========================================
data:/leonardo_work/EUHPC_R04_192/fmohamma/Adversarial_Robust_Clip/atpt_data/downstream_datasets
test_sets:DTD
dataset_mode:test
arch:vit_l_14_datacomp_1b
resolution:224
transferability:False
source_model:fare4
workers:4
no_pin_memory:False
batch_size:1
adv_bs:1
print_freq:20
gpu:0
no_cudnn_benchmark:False
n_ctx:4
ctx_init:a_photo_of_a
seed:0
output_dir:/leonardo_work/EUHPC_R04_192/fmohamma/Adversarial_Robust_Clip/atpt_data/vit_l_14_datacomp_1b/DTD
log_output_dir:/leonardo_work/EUHPC_R04_192/fmohamma/Adversarial_Robust_Clip/ATPT/Diffratio_Adv_gen_Results_v2/vit_l_14_datacomp_1b/DTD/ADV_Generation_eps_0.0_steps_0_Added_Noise_uniform_Eps_40.0_Tau_Type_normal_anchors
image_only_attack:False
image_only_attack_type:prm
image_predicted_label_attack:False
eps:0.0
alpha:0.0
alpha_eps_ratio:4.0
steps:0
counter_attack:True
counter_attack_type:pgd
counter_attack_steps:0
counter_attack_eps:40.0
counter_attack_alpha:1.0
counter_attack_tau_thres:0.2
counter_attack_beta:2.0
counter_attack_weighted_perturbations:True
counter_attack_init_noise:uniform
counter_attack_gaussian_sigma:0.03
counter_attack_noisy_tau_num_anchors:10
counter_attack_tau:normal_anchors
pgd_clip_pure_i_text_embeddings:null
pgd_counter_and_clipure_i_lamda:1.0
image_feature_purify:False
image_feature_purify_type:noisy_anchor
image_feature_purify_noisy_anchors:10
image_feature_purify_anchors_alpha:1.2
image_feature_purify_noisy_sigma:0.18
image_feature_purify_diff_threshold:0.0
image_feature_clipure_steps:10
image_feature_clipure_step_size:10.0
save_plots:False
lr:0.005
selection_p:0.1
tta_steps:1
top_k:20
softmax_temp:0.01
load_tecoa:

2026-02-06 17:17:38,835 - ADV_Generation_eps_0.0_steps_0_Added_Noise_uniform_Eps_40.0_Tau_Type_normal_anchors - INFO - Use GPU: 0 for training
2026-02-06 17:19:03,492 - ADV_Generation_eps_0.0_steps_0_Added_Noise_uniform_Eps_40.0_Tau_Type_normal_anchors - INFO - => Model created: visual backbone vit_l_14_datacomp_1b
2026-02-06 17:19:03,497 - ADV_Generation_eps_0.0_steps_0_Added_Noise_uniform_Eps_40.0_Tau_Type_normal_anchors - INFO - Number of test samples: 1692
2026-02-06 17:19:03,498 - ADV_Generation_eps_0.0_steps_0_Added_Noise_uniform_Eps_40.0_Tau_Type_normal_anchors - INFO - Evaluating dataset: DTD
2026-02-06 17:19:03,499 - ADV_Generation_eps_0.0_steps_0_Added_Noise_uniform_Eps_40.0_Tau_Type_normal_anchors - INFO - Starting evaluation with batch size: 1, selection percentage: 0.1
2026-02-06 17:19:03,499 - ADV_Generation_eps_0.0_steps_0_Added_Noise_uniform_Eps_40.0_Tau_Type_normal_anchors - INFO - Using PGD attack with epsilon: 0.000000, alpha: 0.000000, steps: 0 image only attack False image only attack type  prm image predicted label attack False
2026-02-06 17:19:03,499 - ADV_Generation_eps_0.0_steps_0_Added_Noise_uniform_Eps_40.0_Tau_Type_normal_anchors - INFO - Using counter-attack with epsilon: 40.000000, alpha: 1.000000, steps: 0
2026-02-06 17:19:03,499 - ADV_Generation_eps_0.0_steps_0_Added_Noise_uniform_Eps_40.0_Tau_Type_normal_anchors - INFO - Adversarial examples will be loaded from /leonardo_work/EUHPC_R04_192/fmohamma/Adversarial_Robust_Clip/atpt_data/vit_l_14_datacomp_1b/DTD/adv_images_eps_0.0_alpha_0.0_steps_0 and evaluated on vit_l_14_datacomp_1b
2026-02-06 17:19:03,500 - ADV_Generation_eps_0.0_steps_0_Added_Noise_uniform_Eps_40.0_Tau_Type_normal_anchors - INFO - Using directory for adversarial images: /leonardo_work/EUHPC_R04_192/fmohamma/Adversarial_Robust_Clip/atpt_data/vit_l_14_datacomp_1b/DTD/adv_images_eps_0.0_alpha_0.0_steps_0
2026-02-06 17:19:04,236 - ADV_Generation_eps_0.0_steps_0_Added_Noise_uniform_Eps_40.0_Tau_Type_normal_anchors - INFO - Batch 1/1692: Clean accuracy 0.0000 | Adv accuracy: 0.0000 | Counter-attack accuracy: 0.0000
2026-02-06 17:19:04,490 - ADV_Generation_eps_0.0_steps_0_Added_Noise_uniform_Eps_40.0_Tau_Type_normal_anchors - INFO - Batch 2/1692: Clean accuracy 0.0000 | Adv accuracy: 0.0000 | Counter-attack accuracy: 0.0000
2026-02-06 17:19:04,743 - ADV_Generation_eps_0.0_steps_0_Added_Noise_uniform_Eps_40.0_Tau_Type_normal_anchors - INFO - Batch 3/1692: Clean accuracy 0.0000 | Adv accuracy: 0.0000 | Counter-attack accuracy: 0.0000
2026-02-06 17:19:04,997 - ADV_Generation_eps_0.0_steps_0_Added_Noise_uniform_Eps_40.0_Tau_Type_normal_anchors - INFO - Batch 4/1692: Clean accuracy 0.0000 | Adv accuracy: 0.0000 | Counter-attack accuracy: 0.0000
2026-02-06 17:19:05,250 - ADV_Generation_eps_0.0_steps_0_Added_Noise_uniform_Eps_40.0_Tau_Type_normal_anchors - INFO - Batch 5/1692: Clean accuracy 0.0000 | Adv accuracy: 0.0000 | Counter-attack accuracy: 0.0000
2026-02-06 17:19:05,503 - ADV_Generation_eps_0.0_steps_0_Added_Noise_uniform_Eps_40.0_Tau_Type_normal_anchors - INFO - Batch 6/1692: Clean accuracy 0.0000 | Adv accuracy: 0.0000 | Counter-attack accuracy: 0.0000
2026-02-06 17:19:05,757 - ADV_Generation_eps_0.0_steps_0_Added_Noise_uniform_Eps_40.0_Tau_Type_normal_anchors - INFO - Batch 7/1692: Clean accuracy 0.0000 | Adv accuracy: 0.0000 | Counter-attack accuracy: 0.0000
2026-02-06 17:19:06,010 - ADV_Generation_eps_0.0_steps_0_Added_Noise_uniform_Eps_40.0_Tau_Type_normal_anchors - INFO - Batch 8/1692: Clean accuracy 0.0000 | Adv accuracy: 0.0000 | Counter-attack accuracy: 0.0000
2026-02-06 17:19:06,263 - ADV_Generation_eps_0.0_steps_0_Added_Noise_uniform_Eps_40.0_Tau_Type_normal_anchors - INFO - Batch 9/1692: Clean accuracy 0.0000 | Adv accuracy: 0.0000 | Counter-attack accuracy: 0.0000
2026-02-06 17:19:06,517 - ADV_Generation_eps_0.0_steps_0_Added_Noise_uniform_Eps_40.0_Tau_Type_normal_anchors - INFO - Batch 10/1692: Clean accuracy 0.0000 | Adv accuracy: 0.0000 | Counter-attack accuracy: 0.0000
2026-02-06 17:19:06,770 - ADV_Generation_eps_0.0_steps_0_Added_Noise_uniform_Eps_40.0_Tau_Type_normal_anchors - INFO - Batch 11/1692: Clean accuracy 0.0000 | Adv accuracy: 0.0000 | Counter-attack accuracy: 0.0000
2026-02-06 17:19:07,024 - ADV_Generation_eps_0.0_steps_0_Added_Noise_uniform_Eps_40.0_Tau_Type_normal_anchors - INFO - Batch 12/1692: Clean accuracy 0.0000 | Adv accuracy: 0.0000 | Counter-attack accuracy: 0.0000
2026-02-06 17:19:07,277 - ADV_Generation_eps_0.0_steps_0_Added_Noise_uniform_Eps_40.0_Tau_Type_normal_anchors - INFO - Batch 13/1692: Clean accuracy 0.0000 | Adv accuracy: 0.0000 | Counter-attack accuracy: 0.0000
2026-02-06 17:19:07,530 - ADV_Generation_eps_0.0_steps_0_Added_Noise_uniform_Eps_40.0_Tau_Type_normal_anchors - INFO - Batch 14/1692: Clean accuracy 0.0000 | Adv accuracy: 0.0000 | Counter-attack accuracy: 0.0000
2026-02-06 17:19:07,784 - ADV_Generation_eps_0.0_steps_0_Added_Noise_uniform_Eps_40.0_Tau_Type_normal_anchors - INFO - Batch 15/1692: Clean accuracy 0.0000 | Adv accuracy: 0.0000 | Counter-attack accuracy: 0.0000
2026-02-06 17:19:08,037 - ADV_Generation_eps_0.0_steps_0_Added_Noise_uniform_Eps_40.0_Tau_Type_normal_anchors - INFO - Batch 16/1692: Clean accuracy 0.0000 | Adv accuracy: 0.0000 | Counter-attack accuracy: 0.0000
2026-02-06 17:19:08,290 - ADV_Generation_eps_0.0_steps_0_Added_Noise_uniform_Eps_40.0_Tau_Type_normal_anchors - INFO - Batch 17/1692: Clean accuracy 0.0000 | Adv accuracy: 0.0000 | Counter-attack accuracy: 0.0000
2026-02-06 17:19:08,544 - ADV_Generation_eps_0.0_steps_0_Added_Noise_uniform_Eps_40.0_Tau_Type_normal_anchors - INFO - Batch 18/1692: Clean accuracy 0.0000 | Adv accuracy: 0.0000 | Counter-attack accuracy: 0.0000
2026-02-06 17:19:08,797 - ADV_Generation_eps_0.0_steps_0_Added_Noise_uniform_Eps_40.0_Tau_Type_normal_anchors - INFO - Batch 19/1692: Clean accuracy 0.0000 | Adv accuracy: 0.0000 | Counter-attack accuracy: 0.0000
2026-02-06 17:19:09,050 - ADV_Generation_eps_0.0_steps_0_Added_Noise_uniform_Eps_40.0_Tau_Type_normal_anchors - INFO - Batch 20/1692: Clean accuracy 0.0000 | Adv accuracy: 0.0000 | Counter-attack accuracy: 0.0000
2026-02-06 17:19:09,303 - ADV_Generation_eps_0.0_steps_0_Added_Noise_uniform_Eps_40.0_Tau_Type_normal_anchors - INFO - Batch 21/1692: Clean accuracy 0.0000 | Adv accuracy: 0.0000 | Counter-attack accuracy: 0.0000
2026-02-06 17:19:09,557 - ADV_Generation_eps_0.0_steps_0_Added_Noise_uniform_Eps_40.0_Tau_Type_normal_anchors - INFO - Batch 22/1692: Clean accuracy 0.0000 | Adv accuracy: 0.0000 | Counter-attack accuracy: 0.0000
2026-02-06 17:19:09,810 - ADV_Generation_eps_0.0_steps_0_Added_Noise_uniform_Eps_40.0_Tau_Type_normal_anchors - INFO - Batch 23/1692: Clean accuracy 0.0000 | Adv accuracy: 0.0000 | Counter-attack accuracy: 0.0000
2026-02-06 17:19:10,064 - ADV_Generation_eps_0.0_steps_0_Added_Noise_uniform_Eps_40.0_Tau_Type_normal_anchors - INFO - Batch 24/1692: Clean accuracy 0.0000 | Adv accuracy: 0.0000 | Counter-attack accuracy: 0.0000
2026-02-06 17:19:10,317 - ADV_Generation_eps_0.0_steps_0_Added_Noise_uniform_Eps_40.0_Tau_Type_normal_anchors - INFO - Batch 25/1692: Clean accuracy 0.0000 | Adv accuracy: 0.0000 | Counter-attack accuracy: 0.0000
2026-02-06 17:19:10,570 - ADV_Generation_eps_0.0_steps_0_Added_Noise_uniform_Eps_40.0_Tau_Type_normal_anchors - INFO - Batch 26/1692: Clean accuracy 0.0000 | Adv accuracy: 0.0000 | Counter-attack accuracy: 0.0000
2026-02-06 17:19:10,824 - ADV_Generation_eps_0.0_steps_0_Added_Noise_uniform_Eps_40.0_Tau_Type_normal_anchors - INFO - Batch 27/1692: Clean accuracy 0.0000 | Adv accuracy: 0.0000 | Counter-attack accuracy: 0.0000
2026-02-06 17:19:11,077 - ADV_Generation_eps_0.0_steps_0_Added_Noise_uniform_Eps_40.0_Tau_Type_normal_anchors - INFO - Batch 28/1692: Clean accuracy 0.0000 | Adv accuracy: 0.0000 | Counter-attack accuracy: 0.0000
2026-02-06 17:19:11,330 - ADV_Generation_eps_0.0_steps_0_Added_Noise_uniform_Eps_40.0_Tau_Type_normal_anchors - INFO - Batch 29/1692: Clean accuracy 0.0000 | Adv accuracy: 0.0000 | Counter-attack accuracy: 0.0000
2026-02-06 17:19:11,584 - ADV_Generation_eps_0.0_steps_0_Added_Noise_uniform_Eps_40.0_Tau_Type_normal_anchors - INFO - Batch 30/1692: Clean accuracy 0.0000 | Adv accuracy: 0.0000 | Counter-attack accuracy: 0.0000
2026-02-06 17:19:11,837 - ADV_Generation_eps_0.0_steps_0_Added_Noise_uniform_Eps_40.0_Tau_Type_normal_anchors - INFO - Batch 31/1692: Clean accuracy 0.0000 | Adv accuracy: 0.0000 | Counter-attack accuracy: 0.0000
2026-02-06 17:19:12,090 - ADV_Generation_eps_0.0_steps_0_Added_Noise_uniform_Eps_40.0_Tau_Type_normal_anchors - INFO - Batch 32/1692: Clean accuracy 0.0000 | Adv accuracy: 0.0000 | Counter-attack accuracy: 0.0000
2026-02-06 17:19:12,344 - ADV_Generation_eps_0.0_steps_0_Added_Noise_uniform_Eps_40.0_Tau_Type_normal_anchors - INFO - Batch 33/1692: Clean accuracy 0.0000 | Adv accuracy: 0.0000 | Counter-attack accuracy: 0.0000
2026-02-06 17:19:12,597 - ADV_Generation_eps_0.0_steps_0_Added_Noise_uniform_Eps_40.0_Tau_Type_normal_anchors - INFO - Batch 34/1692: Clean accuracy 0.0000 | Adv accuracy: 0.0000 | Counter-attack accuracy: 0.0000
2026-02-06 17:19:12,851 - ADV_Generation_eps_0.0_steps_0_Added_Noise_uniform_Eps_40.0_Tau_Type_normal_anchors - INFO - Batch 35/1692: Clean accuracy 0.0000 | Adv accuracy: 0.0000 | Counter-attack accuracy: 0.0000
2026-02-06 17:19:13,104 - ADV_Generation_eps_0.0_steps_0_Added_Noise_uniform_Eps_40.0_Tau_Type_normal_anchors - INFO - Batch 36/1692: Clean accuracy 0.0000 | Adv accuracy: 0.0000 | Counter-attack accuracy: 0.0000
2026-02-06 17:19:13,357 - ADV_Generation_eps_0.0_steps_0_Added_Noise_uniform_Eps_40.0_Tau_Type_normal_anchors - INFO - Batch 37/1692: Clean accuracy 0.0000 | Adv accuracy: 0.0000 | Counter-attack accuracy: 0.0000
2026-02-06 17:19:13,611 - ADV_Generation_eps_0.0_steps_0_Added_Noise_uniform_Eps_40.0_Tau_Type_normal_anchors - INFO - Batch 38/1692: Clean accuracy 0.0000 | Adv accuracy: 0.0000 | Counter-attack accuracy: 0.0000
2026-02-06 17:19:13,864 - ADV_Generation_eps_0.0_steps_0_Added_Noise_uniform_Eps_40.0_Tau_Type_normal_anchors - INFO - Batch 39/1692: Clean accuracy 0.0000 | Adv accuracy: 0.0000 | Counter-attack accuracy: 0.0000
2026-02-06 17:19:14,117 - ADV_Generation_eps_0.0_steps_0_Added_Noise_uniform_Eps_40.0_Tau_Type_normal_anchors - INFO - Batch 40/1692: Clean accuracy 0.0000 | Adv accuracy: 0.0000 | Counter-attack accuracy: 0.0000
2026-02-06 17:19:14,371 - ADV_Generation_eps_0.0_steps_0_Added_Noise_uniform_Eps_40.0_Tau_Type_normal_anchors - INFO - Batch 41/1692: Clean accuracy 0.0244 | Adv accuracy: 0.0244 | Counter-attack accuracy: 0.0000
2026-02-06 17:19:14,624 - ADV_Generation_eps_0.0_steps_0_Added_Noise_uniform_Eps_40.0_Tau_Type_normal_anchors - INFO - Batch 42/1692: Clean accuracy 0.0238 | Adv accuracy: 0.0238 | Counter-attack accuracy: 0.0000
2026-02-06 17:19:14,877 - ADV_Generation_eps_0.0_steps_0_Added_Noise_uniform_Eps_40.0_Tau_Type_normal_anchors - INFO - Batch 43/1692: Clean accuracy 0.0233 | Adv accuracy: 0.0233 | Counter-attack accuracy: 0.0000
2026-02-06 17:19:15,131 - ADV_Generation_eps_0.0_steps_0_Added_Noise_uniform_Eps_40.0_Tau_Type_normal_anchors - INFO - Batch 44/1692: Clean accuracy 0.0455 | Adv accuracy: 0.0455 | Counter-attack accuracy: 0.0000
2026-02-06 17:19:15,384 - ADV_Generation_eps_0.0_steps_0_Added_Noise_uniform_Eps_40.0_Tau_Type_normal_anchors - INFO - Batch 45/1692: Clean accuracy 0.0444 | Adv accuracy: 0.0444 | Counter-attack accuracy: 0.0000
2026-02-06 17:19:15,638 - ADV_Generation_eps_0.0_steps_0_Added_Noise_uniform_Eps_40.0_Tau_Type_normal_anchors - INFO - Batch 46/1692: Clean accuracy 0.0435 | Adv accuracy: 0.0435 | Counter-attack accuracy: 0.0000
2026-02-06 17:19:15,892 - ADV_Generation_eps_0.0_steps_0_Added_Noise_uniform_Eps_40.0_Tau_Type_normal_anchors - INFO - Batch 47/1692: Clean accuracy 0.0426 | Adv accuracy: 0.0426 | Counter-attack accuracy: 0.0000
2026-02-06 17:19:16,145 - ADV_Generation_eps_0.0_steps_0_Added_Noise_uniform_Eps_40.0_Tau_Type_normal_anchors - INFO - Batch 48/1692: Clean accuracy 0.0417 | Adv accuracy: 0.0417 | Counter-attack accuracy: 0.0000
2026-02-06 17:19:16,399 - ADV_Generation_eps_0.0_steps_0_Added_Noise_uniform_Eps_40.0_Tau_Type_normal_anchors - INFO - Batch 49/1692: Clean accuracy 0.0408 | Adv accuracy: 0.0408 | Counter-attack accuracy: 0.0000
2026-02-06 17:19:16,652 - ADV_Generation_eps_0.0_steps_0_Added_Noise_uniform_Eps_40.0_Tau_Type_normal_anchors - INFO - Batch 50/1692: Clean accuracy 0.0400 | Adv accuracy: 0.0400 | Counter-attack accuracy: 0.0000
2026-02-06 17:19:16,905 - ADV_Generation_eps_0.0_steps_0_Added_Noise_uniform_Eps_40.0_Tau_Type_normal_anchors - INFO - Batch 51/1692: Clean accuracy 0.0392 | Adv accuracy: 0.0392 | Counter-attack accuracy: 0.0000
2026-02-06 17:19:17,159 - ADV_Generation_eps_0.0_steps_0_Added_Noise_uniform_Eps_40.0_Tau_Type_normal_anchors - INFO - Batch 52/1692: Clean accuracy 0.0385 | Adv accuracy: 0.0385 | Counter-attack accuracy: 0.0000
2026-02-06 17:19:17,412 - ADV_Generation_eps_0.0_steps_0_Added_Noise_uniform_Eps_40.0_Tau_Type_normal_anchors - INFO - Batch 53/1692: Clean accuracy 0.0377 | Adv accuracy: 0.0377 | Counter-attack accuracy: 0.0000
2026-02-06 17:19:17,665 - ADV_Generation_eps_0.0_steps_0_Added_Noise_uniform_Eps_40.0_Tau_Type_normal_anchors - INFO - Batch 54/1692: Clean accuracy 0.0370 | Adv accuracy: 0.0370 | Counter-attack accuracy: 0.0000
2026-02-06 17:19:17,919 - ADV_Generation_eps_0.0_steps_0_Added_Noise_uniform_Eps_40.0_Tau_Type_normal_anchors - INFO - Batch 55/1692: Clean accuracy 0.0545 | Adv accuracy: 0.0545 | Counter-attack accuracy: 0.0000
2026-02-06 17:19:18,172 - ADV_Generation_eps_0.0_steps_0_Added_Noise_uniform_Eps_40.0_Tau_Type_normal_anchors - INFO - Batch 56/1692: Clean accuracy 0.0536 | Adv accuracy: 0.0536 | Counter-attack accuracy: 0.0000
2026-02-06 17:19:18,426 - ADV_Generation_eps_0.0_steps_0_Added_Noise_uniform_Eps_40.0_Tau_Type_normal_anchors - INFO - Batch 57/1692: Clean accuracy 0.0526 | Adv accuracy: 0.0526 | Counter-attack accuracy: 0.0000
2026-02-06 17:19:18,679 - ADV_Generation_eps_0.0_steps_0_Added_Noise_uniform_Eps_40.0_Tau_Type_normal_anchors - INFO - Batch 58/1692: Clean accuracy 0.0517 | Adv accuracy: 0.0517 | Counter-attack accuracy: 0.0000
2026-02-06 17:19:18,932 - ADV_Generation_eps_0.0_steps_0_Added_Noise_uniform_Eps_40.0_Tau_Type_normal_anchors - INFO - Batch 59/1692: Clean accuracy 0.0508 | Adv accuracy: 0.0508 | Counter-attack accuracy: 0.0000
2026-02-06 17:19:19,185 - ADV_Generation_eps_0.0_steps_0_Added_Noise_uniform_Eps_40.0_Tau_Type_normal_anchors - INFO - Batch 60/1692: Clean accuracy 0.0500 | Adv accuracy: 0.0500 | Counter-attack accuracy: 0.0000
2026-02-06 17:19:19,439 - ADV_Generation_eps_0.0_steps_0_Added_Noise_uniform_Eps_40.0_Tau_Type_normal_anchors - INFO - Batch 61/1692: Clean accuracy 0.0492 | Adv accuracy: 0.0492 | Counter-attack accuracy: 0.0000
2026-02-06 17:19:19,692 - ADV_Generation_eps_0.0_steps_0_Added_Noise_uniform_Eps_40.0_Tau_Type_normal_anchors - INFO - Batch 62/1692: Clean accuracy 0.0484 | Adv accuracy: 0.0484 | Counter-attack accuracy: 0.0000
2026-02-06 17:19:19,945 - ADV_Generation_eps_0.0_steps_0_Added_Noise_uniform_Eps_40.0_Tau_Type_normal_anchors - INFO - Batch 63/1692: Clean accuracy 0.0476 | Adv accuracy: 0.0476 | Counter-attack accuracy: 0.0000
2026-02-06 17:19:20,199 - ADV_Generation_eps_0.0_steps_0_Added_Noise_uniform_Eps_40.0_Tau_Type_normal_anchors - INFO - Batch 64/1692: Clean accuracy 0.0469 | Adv accuracy: 0.0469 | Counter-attack accuracy: 0.0000
2026-02-06 17:19:20,452 - ADV_Generation_eps_0.0_steps_0_Added_Noise_uniform_Eps_40.0_Tau_Type_normal_anchors - INFO - Batch 65/1692: Clean accuracy 0.0462 | Adv accuracy: 0.0462 | Counter-attack accuracy: 0.0000
2026-02-06 17:19:20,705 - ADV_Generation_eps_0.0_steps_0_Added_Noise_uniform_Eps_40.0_Tau_Type_normal_anchors - INFO - Batch 66/1692: Clean accuracy 0.0455 | Adv accuracy: 0.0455 | Counter-attack accuracy: 0.0000
2026-02-06 17:19:20,959 - ADV_Generation_eps_0.0_steps_0_Added_Noise_uniform_Eps_40.0_Tau_Type_normal_anchors - INFO - Batch 67/1692: Clean accuracy 0.0448 | Adv accuracy: 0.0448 | Counter-attack accuracy: 0.0000
2026-02-06 17:19:21,212 - ADV_Generation_eps_0.0_steps_0_Added_Noise_uniform_Eps_40.0_Tau_Type_normal_anchors - INFO - Batch 68/1692: Clean accuracy 0.0441 | Adv accuracy: 0.0441 | Counter-attack accuracy: 0.0000
2026-02-06 17:19:21,465 - ADV_Generation_eps_0.0_steps_0_Added_Noise_uniform_Eps_40.0_Tau_Type_normal_anchors - INFO - Batch 69/1692: Clean accuracy 0.0435 | Adv accuracy: 0.0435 | Counter-attack accuracy: 0.0000
2026-02-06 17:19:21,719 - ADV_Generation_eps_0.0_steps_0_Added_Noise_uniform_Eps_40.0_Tau_Type_normal_anchors - INFO - Batch 70/1692: Clean accuracy 0.0429 | Adv accuracy: 0.0429 | Counter-attack accuracy: 0.0000
2026-02-06 17:19:21,972 - ADV_Generation_eps_0.0_steps_0_Added_Noise_uniform_Eps_40.0_Tau_Type_normal_anchors - INFO - Batch 71/1692: Clean accuracy 0.0423 | Adv accuracy: 0.0423 | Counter-attack accuracy: 0.0000
2026-02-06 17:19:22,225 - ADV_Generation_eps_0.0_steps_0_Added_Noise_uniform_Eps_40.0_Tau_Type_normal_anchors - INFO - Batch 72/1692: Clean accuracy 0.0417 | Adv accuracy: 0.0417 | Counter-attack accuracy: 0.0000
2026-02-06 17:19:22,479 - ADV_Generation_eps_0.0_steps_0_Added_Noise_uniform_Eps_40.0_Tau_Type_normal_anchors - INFO - Batch 73/1692: Clean accuracy 0.0411 | Adv accuracy: 0.0411 | Counter-attack accuracy: 0.0000
2026-02-06 17:19:22,732 - ADV_Generation_eps_0.0_steps_0_Added_Noise_uniform_Eps_40.0_Tau_Type_normal_anchors - INFO - Batch 74/1692: Clean accuracy 0.0405 | Adv accuracy: 0.0405 | Counter-attack accuracy: 0.0000
2026-02-06 17:19:22,985 - ADV_Generation_eps_0.0_steps_0_Added_Noise_uniform_Eps_40.0_Tau_Type_normal_anchors - INFO - Batch 75/1692: Clean accuracy 0.0533 | Adv accuracy: 0.0533 | Counter-attack accuracy: 0.0133
2026-02-06 17:19:23,239 - ADV_Generation_eps_0.0_steps_0_Added_Noise_uniform_Eps_40.0_Tau_Type_normal_anchors - INFO - Batch 76/1692: Clean accuracy 0.0658 | Adv accuracy: 0.0658 | Counter-attack accuracy: 0.0132
2026-02-06 17:19:23,492 - ADV_Generation_eps_0.0_steps_0_Added_Noise_uniform_Eps_40.0_Tau_Type_normal_anchors - INFO - Batch 77/1692: Clean accuracy 0.0649 | Adv accuracy: 0.0649 | Counter-attack accuracy: 0.0130
2026-02-06 17:19:23,745 - ADV_Generation_eps_0.0_steps_0_Added_Noise_uniform_Eps_40.0_Tau_Type_normal_anchors - INFO - Batch 78/1692: Clean accuracy 0.0641 | Adv accuracy: 0.0641 | Counter-attack accuracy: 0.0128
2026-02-06 17:19:23,999 - ADV_Generation_eps_0.0_steps_0_Added_Noise_uniform_Eps_40.0_Tau_Type_normal_anchors - INFO - Batch 79/1692: Clean accuracy 0.0633 | Adv accuracy: 0.0633 | Counter-attack accuracy: 0.0127
2026-02-06 17:19:24,252 - ADV_Generation_eps_0.0_steps_0_Added_Noise_uniform_Eps_40.0_Tau_Type_normal_anchors - INFO - Batch 80/1692: Clean accuracy 0.0625 | Adv accuracy: 0.0625 | Counter-attack accuracy: 0.0125
2026-02-06 17:19:24,505 - ADV_Generation_eps_0.0_steps_0_Added_Noise_uniform_Eps_40.0_Tau_Type_normal_anchors - INFO - Batch 81/1692: Clean accuracy 0.0617 | Adv accuracy: 0.0617 | Counter-attack accuracy: 0.0123
2026-02-06 17:19:24,759 - ADV_Generation_eps_0.0_steps_0_Added_Noise_uniform_Eps_40.0_Tau_Type_normal_anchors - INFO - Batch 82/1692: Clean accuracy 0.0732 | Adv accuracy: 0.0732 | Counter-attack accuracy: 0.0244
2026-02-06 17:19:25,012 - ADV_Generation_eps_0.0_steps_0_Added_Noise_uniform_Eps_40.0_Tau_Type_normal_anchors - INFO - Batch 83/1692: Clean accuracy 0.0723 | Adv accuracy: 0.0723 | Counter-attack accuracy: 0.0241
2026-02-06 17:19:25,265 - ADV_Generation_eps_0.0_steps_0_Added_Noise_uniform_Eps_40.0_Tau_Type_normal_anchors - INFO - Batch 84/1692: Clean accuracy 0.0833 | Adv accuracy: 0.0833 | Counter-attack accuracy: 0.0357
2026-02-06 17:19:25,519 - ADV_Generation_eps_0.0_steps_0_Added_Noise_uniform_Eps_40.0_Tau_Type_normal_anchors - INFO - Batch 85/1692: Clean accuracy 0.0824 | Adv accuracy: 0.0824 | Counter-attack accuracy: 0.0353
2026-02-06 17:19:25,772 - ADV_Generation_eps_0.0_steps_0_Added_Noise_uniform_Eps_40.0_Tau_Type_normal_anchors - INFO - Batch 86/1692: Clean accuracy 0.0814 | Adv accuracy: 0.0814 | Counter-attack accuracy: 0.0349
2026-02-06 17:19:26,025 - ADV_Generation_eps_0.0_steps_0_Added_Noise_uniform_Eps_40.0_Tau_Type_normal_anchors - INFO - Batch 87/1692: Clean accuracy 0.0805 | Adv accuracy: 0.0805 | Counter-attack accuracy: 0.0345
2026-02-06 17:19:26,279 - ADV_Generation_eps_0.0_steps_0_Added_Noise_uniform_Eps_40.0_Tau_Type_normal_anchors - INFO - Batch 88/1692: Clean accuracy 0.0795 | Adv accuracy: 0.0795 | Counter-attack accuracy: 0.0341
2026-02-06 17:19:26,532 - ADV_Generation_eps_0.0_steps_0_Added_Noise_uniform_Eps_40.0_Tau_Type_normal_anchors - INFO - Batch 89/1692: Clean accuracy 0.0787 | Adv accuracy: 0.0787 | Counter-attack accuracy: 0.0337
2026-02-06 17:19:26,785 - ADV_Generation_eps_0.0_steps_0_Added_Noise_uniform_Eps_40.0_Tau_Type_normal_anchors - INFO - Batch 90/1692: Clean accuracy 0.0778 | Adv accuracy: 0.0778 | Counter-attack accuracy: 0.0333
2026-02-06 17:19:27,039 - ADV_Generation_eps_0.0_steps_0_Added_Noise_uniform_Eps_40.0_Tau_Type_normal_anchors - INFO - Batch 91/1692: Clean accuracy 0.0769 | Adv accuracy: 0.0769 | Counter-attack accuracy: 0.0330
2026-02-06 17:19:27,293 - ADV_Generation_eps_0.0_steps_0_Added_Noise_uniform_Eps_40.0_Tau_Type_normal_anchors - INFO - Batch 92/1692: Clean accuracy 0.0761 | Adv accuracy: 0.0761 | Counter-attack accuracy: 0.0326
2026-02-06 17:19:27,546 - ADV_Generation_eps_0.0_steps_0_Added_Noise_uniform_Eps_40.0_Tau_Type_normal_anchors - INFO - Batch 93/1692: Clean accuracy 0.0860 | Adv accuracy: 0.0860 | Counter-attack accuracy: 0.0430
2026-02-06 17:19:27,799 - ADV_Generation_eps_0.0_steps_0_Added_Noise_uniform_Eps_40.0_Tau_Type_normal_anchors - INFO - Batch 94/1692: Clean accuracy 0.0851 | Adv accuracy: 0.0851 | Counter-attack accuracy: 0.0426
2026-02-06 17:19:28,053 - ADV_Generation_eps_0.0_steps_0_Added_Noise_uniform_Eps_40.0_Tau_Type_normal_anchors - INFO - Batch 95/1692: Clean accuracy 0.0842 | Adv accuracy: 0.0842 | Counter-attack accuracy: 0.0421
2026-02-06 17:19:28,306 - ADV_Generation_eps_0.0_steps_0_Added_Noise_uniform_Eps_40.0_Tau_Type_normal_anchors - INFO - Batch 96/1692: Clean accuracy 0.0833 | Adv accuracy: 0.0833 | Counter-attack accuracy: 0.0417
2026-02-06 17:19:28,559 - ADV_Generation_eps_0.0_steps_0_Added_Noise_uniform_Eps_40.0_Tau_Type_normal_anchors - INFO - Batch 97/1692: Clean accuracy 0.0825 | Adv accuracy: 0.0825 | Counter-attack accuracy: 0.0412
2026-02-06 17:19:28,813 - ADV_Generation_eps_0.0_steps_0_Added_Noise_uniform_Eps_40.0_Tau_Type_normal_anchors - INFO - Batch 98/1692: Clean accuracy 0.0816 | Adv accuracy: 0.0816 | Counter-attack accuracy: 0.0408
2026-02-06 17:19:29,066 - ADV_Generation_eps_0.0_steps_0_Added_Noise_uniform_Eps_40.0_Tau_Type_normal_anchors - INFO - Batch 99/1692: Clean accuracy 0.0808 | Adv accuracy: 0.0808 | Counter-attack accuracy: 0.0404
2026-02-06 17:19:29,320 - ADV_Generation_eps_0.0_steps_0_Added_Noise_uniform_Eps_40.0_Tau_Type_normal_anchors - INFO - Batch 100/1692: Clean accuracy 0.0800 | Adv accuracy: 0.0800 | Counter-attack accuracy: 0.0400
2026-02-06 17:19:29,573 - ADV_Generation_eps_0.0_steps_0_Added_Noise_uniform_Eps_40.0_Tau_Type_normal_anchors - INFO - Batch 101/1692: Clean accuracy 0.0792 | Adv accuracy: 0.0792 | Counter-attack accuracy: 0.0396
2026-02-06 17:19:29,827 - ADV_Generation_eps_0.0_steps_0_Added_Noise_uniform_Eps_40.0_Tau_Type_normal_anchors - INFO - Batch 102/1692: Clean accuracy 0.0882 | Adv accuracy: 0.0882 | Counter-attack accuracy: 0.0490
2026-02-06 17:19:30,080 - ADV_Generation_eps_0.0_steps_0_Added_Noise_uniform_Eps_40.0_Tau_Type_normal_anchors - INFO - Batch 103/1692: Clean accuracy 0.0874 | Adv accuracy: 0.0874 | Counter-attack accuracy: 0.0485
2026-02-06 17:19:30,334 - ADV_Generation_eps_0.0_steps_0_Added_Noise_uniform_Eps_40.0_Tau_Type_normal_anchors - INFO - Batch 104/1692: Clean accuracy 0.0865 | Adv accuracy: 0.0865 | Counter-attack accuracy: 0.0481
2026-02-06 17:19:30,587 - ADV_Generation_eps_0.0_steps_0_Added_Noise_uniform_Eps_40.0_Tau_Type_normal_anchors - INFO - Batch 105/1692: Clean accuracy 0.0952 | Adv accuracy: 0.0952 | Counter-attack accuracy: 0.0571
2026-02-06 17:19:30,840 - ADV_Generation_eps_0.0_steps_0_Added_Noise_uniform_Eps_40.0_Tau_Type_normal_anchors - INFO - Batch 106/1692: Clean accuracy 0.1038 | Adv accuracy: 0.1038 | Counter-attack accuracy: 0.0660
2026-02-06 17:19:31,094 - ADV_Generation_eps_0.0_steps_0_Added_Noise_uniform_Eps_40.0_Tau_Type_normal_anchors - INFO - Batch 107/1692: Clean accuracy 0.1028 | Adv accuracy: 0.1028 | Counter-attack accuracy: 0.0654
2026-02-06 17:19:31,347 - ADV_Generation_eps_0.0_steps_0_Added_Noise_uniform_Eps_40.0_Tau_Type_normal_anchors - INFO - Batch 108/1692: Clean accuracy 0.1111 | Adv accuracy: 0.1111 | Counter-attack accuracy: 0.0741
2026-02-06 17:19:31,600 - ADV_Generation_eps_0.0_steps_0_Added_Noise_uniform_Eps_40.0_Tau_Type_normal_anchors - INFO - Batch 109/1692: Clean accuracy 0.1193 | Adv accuracy: 0.1193 | Counter-attack accuracy: 0.0826
2026-02-06 17:19:31,854 - ADV_Generation_eps_0.0_steps_0_Added_Noise_uniform_Eps_40.0_Tau_Type_normal_anchors - INFO - Batch 110/1692: Clean accuracy 0.1273 | Adv accuracy: 0.1273 | Counter-attack accuracy: 0.0909
2026-02-06 17:19:32,107 - ADV_Generation_eps_0.0_steps_0_Added_Noise_uniform_Eps_40.0_Tau_Type_normal_anchors - INFO - Batch 111/1692: Clean accuracy 0.1351 | Adv accuracy: 0.1351 | Counter-attack accuracy: 0.0991
2026-02-06 17:19:32,360 - ADV_Generation_eps_0.0_steps_0_Added_Noise_uniform_Eps_40.0_Tau_Type_normal_anchors - INFO - Batch 112/1692: Clean accuracy 0.1429 | Adv accuracy: 0.1429 | Counter-attack accuracy: 0.1071
2026-02-06 17:19:32,614 - ADV_Generation_eps_0.0_steps_0_Added_Noise_uniform_Eps_40.0_Tau_Type_normal_anchors - INFO - Batch 113/1692: Clean accuracy 0.1504 | Adv accuracy: 0.1504 | Counter-attack accuracy: 0.1150
2026-02-06 17:19:32,867 - ADV_Generation_eps_0.0_steps_0_Added_Noise_uniform_Eps_40.0_Tau_Type_normal_anchors - INFO - Batch 114/1692: Clean accuracy 0.1579 | Adv accuracy: 0.1579 | Counter-attack accuracy: 0.1140
2026-02-06 17:19:33,120 - ADV_Generation_eps_0.0_steps_0_Added_Noise_uniform_Eps_40.0_Tau_Type_normal_anchors - INFO - Batch 115/1692: Clean accuracy 0.1652 | Adv accuracy: 0.1652 | Counter-attack accuracy: 0.1217
2026-02-06 17:19:33,374 - ADV_Generation_eps_0.0_steps_0_Added_Noise_uniform_Eps_40.0_Tau_Type_normal_anchors - INFO - Batch 116/1692: Clean accuracy 0.1724 | Adv accuracy: 0.1724 | Counter-attack accuracy: 0.1293
2026-02-06 17:19:33,627 - ADV_Generation_eps_0.0_steps_0_Added_Noise_uniform_Eps_40.0_Tau_Type_normal_anchors - INFO - Batch 117/1692: Clean accuracy 0.1795 | Adv accuracy: 0.1795 | Counter-attack accuracy: 0.1368
2026-02-06 17:19:33,880 - ADV_Generation_eps_0.0_steps_0_Added_Noise_uniform_Eps_40.0_Tau_Type_normal_anchors - INFO - Batch 118/1692: Clean accuracy 0.1864 | Adv accuracy: 0.1864 | Counter-attack accuracy: 0.1356
2026-02-06 17:19:34,134 - ADV_Generation_eps_0.0_steps_0_Added_Noise_uniform_Eps_40.0_Tau_Type_normal_anchors - INFO - Batch 119/1692: Clean accuracy 0.1933 | Adv accuracy: 0.1933 | Counter-attack accuracy: 0.1429
2026-02-06 17:19:34,387 - ADV_Generation_eps_0.0_steps_0_Added_Noise_uniform_Eps_40.0_Tau_Type_normal_anchors - INFO - Batch 120/1692: Clean accuracy 0.2000 | Adv accuracy: 0.2000 | Counter-attack accuracy: 0.1417
2026-02-06 17:19:34,640 - ADV_Generation_eps_0.0_steps_0_Added_Noise_uniform_Eps_40.0_Tau_Type_normal_anchors - INFO - Batch 121/1692: Clean accuracy 0.2066 | Adv accuracy: 0.2066 | Counter-attack accuracy: 0.1488
2026-02-06 17:19:34,894 - ADV_Generation_eps_0.0_steps_0_Added_Noise_uniform_Eps_40.0_Tau_Type_normal_anchors - INFO - Batch 122/1692: Clean accuracy 0.2131 | Adv accuracy: 0.2131 | Counter-attack accuracy: 0.1557
2026-02-06 17:19:35,147 - ADV_Generation_eps_0.0_steps_0_Added_Noise_uniform_Eps_40.0_Tau_Type_normal_anchors - INFO - Batch 123/1692: Clean accuracy 0.2195 | Adv accuracy: 0.2195 | Counter-attack accuracy: 0.1626
2026-02-06 17:19:35,400 - ADV_Generation_eps_0.0_steps_0_Added_Noise_uniform_Eps_40.0_Tau_Type_normal_anchors - INFO - Batch 124/1692: Clean accuracy 0.2258 | Adv accuracy: 0.2258 | Counter-attack accuracy: 0.1694
2026-02-06 17:19:35,654 - ADV_Generation_eps_0.0_steps_0_Added_Noise_uniform_Eps_40.0_Tau_Type_normal_anchors - INFO - Batch 125/1692: Clean accuracy 0.2240 | Adv accuracy: 0.2240 | Counter-attack accuracy: 0.1680
2026-02-06 17:19:35,907 - ADV_Generation_eps_0.0_steps_0_Added_Noise_uniform_Eps_40.0_Tau_Type_normal_anchors - INFO - Batch 126/1692: Clean accuracy 0.2302 | Adv accuracy: 0.2302 | Counter-attack accuracy: 0.1746
2026-02-06 17:19:36,160 - ADV_Generation_eps_0.0_steps_0_Added_Noise_uniform_Eps_40.0_Tau_Type_normal_anchors - INFO - Batch 127/1692: Clean accuracy 0.2362 | Adv accuracy: 0.2362 | Counter-attack accuracy: 0.1811
2026-02-06 17:19:36,414 - ADV_Generation_eps_0.0_steps_0_Added_Noise_uniform_Eps_40.0_Tau_Type_normal_anchors - INFO - Batch 128/1692: Clean accuracy 0.2422 | Adv accuracy: 0.2422 | Counter-attack accuracy: 0.1875
2026-02-06 17:19:36,667 - ADV_Generation_eps_0.0_steps_0_Added_Noise_uniform_Eps_40.0_Tau_Type_normal_anchors - INFO - Batch 129/1692: Clean accuracy 0.2481 | Adv accuracy: 0.2481 | Counter-attack accuracy: 0.1938
2026-02-06 17:19:36,920 - ADV_Generation_eps_0.0_steps_0_Added_Noise_uniform_Eps_40.0_Tau_Type_normal_anchors - INFO - Batch 130/1692: Clean accuracy 0.2538 | Adv accuracy: 0.2538 | Counter-attack accuracy: 0.2000
2026-02-06 17:19:37,174 - ADV_Generation_eps_0.0_steps_0_Added_Noise_uniform_Eps_40.0_Tau_Type_normal_anchors - INFO - Batch 131/1692: Clean accuracy 0.2595 | Adv accuracy: 0.2595 | Counter-attack accuracy: 0.2061
2026-02-06 17:19:37,427 - ADV_Generation_eps_0.0_steps_0_Added_Noise_uniform_Eps_40.0_Tau_Type_normal_anchors - INFO - Batch 132/1692: Clean accuracy 0.2652 | Adv accuracy: 0.2652 | Counter-attack accuracy: 0.2045
2026-02-06 17:19:37,680 - ADV_Generation_eps_0.0_steps_0_Added_Noise_uniform_Eps_40.0_Tau_Type_normal_anchors - INFO - Batch 133/1692: Clean accuracy 0.2707 | Adv accuracy: 0.2707 | Counter-attack accuracy: 0.2105
2026-02-06 17:19:37,934 - ADV_Generation_eps_0.0_steps_0_Added_Noise_uniform_Eps_40.0_Tau_Type_normal_anchors - INFO - Batch 134/1692: Clean accuracy 0.2761 | Adv accuracy: 0.2761 | Counter-attack accuracy: 0.2164
2026-02-06 17:19:38,187 - ADV_Generation_eps_0.0_steps_0_Added_Noise_uniform_Eps_40.0_Tau_Type_normal_anchors - INFO - Batch 135/1692: Clean accuracy 0.2815 | Adv accuracy: 0.2815 | Counter-attack accuracy: 0.2222
2026-02-06 17:19:38,440 - ADV_Generation_eps_0.0_steps_0_Added_Noise_uniform_Eps_40.0_Tau_Type_normal_anchors - INFO - Batch 136/1692: Clean accuracy 0.2868 | Adv accuracy: 0.2868 | Counter-attack accuracy: 0.2279
2026-02-06 17:19:38,694 - ADV_Generation_eps_0.0_steps_0_Added_Noise_uniform_Eps_40.0_Tau_Type_normal_anchors - INFO - Batch 137/1692: Clean accuracy 0.2920 | Adv accuracy: 0.2920 | Counter-attack accuracy: 0.2336
2026-02-06 17:19:38,947 - ADV_Generation_eps_0.0_steps_0_Added_Noise_uniform_Eps_40.0_Tau_Type_normal_anchors - INFO - Batch 138/1692: Clean accuracy 0.2971 | Adv accuracy: 0.2971 | Counter-attack accuracy: 0.2391
2026-02-06 17:19:39,200 - ADV_Generation_eps_0.0_steps_0_Added_Noise_uniform_Eps_40.0_Tau_Type_normal_anchors - INFO - Batch 139/1692: Clean accuracy 0.3022 | Adv accuracy: 0.3022 | Counter-attack accuracy: 0.2446
2026-02-06 17:19:39,454 - ADV_Generation_eps_0.0_steps_0_Added_Noise_uniform_Eps_40.0_Tau_Type_normal_anchors - INFO - Batch 140/1692: Clean accuracy 0.3071 | Adv accuracy: 0.3071 | Counter-attack accuracy: 0.2500
2026-02-06 17:19:39,707 - ADV_Generation_eps_0.0_steps_0_Added_Noise_uniform_Eps_40.0_Tau_Type_normal_anchors - INFO - Batch 141/1692: Clean accuracy 0.3121 | Adv accuracy: 0.3121 | Counter-attack accuracy: 0.2553
2026-02-06 17:19:39,960 - ADV_Generation_eps_0.0_steps_0_Added_Noise_uniform_Eps_40.0_Tau_Type_normal_anchors - INFO - Batch 142/1692: Clean accuracy 0.3169 | Adv accuracy: 0.3169 | Counter-attack accuracy: 0.2606
2026-02-06 17:19:40,214 - ADV_Generation_eps_0.0_steps_0_Added_Noise_uniform_Eps_40.0_Tau_Type_normal_anchors - INFO - Batch 143/1692: Clean accuracy 0.3217 | Adv accuracy: 0.3217 | Counter-attack accuracy: 0.2587
2026-02-06 17:19:40,467 - ADV_Generation_eps_0.0_steps_0_Added_Noise_uniform_Eps_40.0_Tau_Type_normal_anchors - INFO - Batch 144/1692: Clean accuracy 0.3264 | Adv accuracy: 0.3264 | Counter-attack accuracy: 0.2569
2026-02-06 17:19:40,721 - ADV_Generation_eps_0.0_steps_0_Added_Noise_uniform_Eps_40.0_Tau_Type_normal_anchors - INFO - Batch 145/1692: Clean accuracy 0.3310 | Adv accuracy: 0.3310 | Counter-attack accuracy: 0.2621
2026-02-06 17:19:40,974 - ADV_Generation_eps_0.0_steps_0_Added_Noise_uniform_Eps_40.0_Tau_Type_normal_anchors - INFO - Batch 146/1692: Clean accuracy 0.3356 | Adv accuracy: 0.3356 | Counter-attack accuracy: 0.2603
2026-02-06 17:19:41,228 - ADV_Generation_eps_0.0_steps_0_Added_Noise_uniform_Eps_40.0_Tau_Type_normal_anchors - INFO - Batch 147/1692: Clean accuracy 0.3333 | Adv accuracy: 0.3333 | Counter-attack accuracy: 0.2585
2026-02-06 17:19:41,482 - ADV_Generation_eps_0.0_steps_0_Added_Noise_uniform_Eps_40.0_Tau_Type_normal_anchors - INFO - Batch 148/1692: Clean accuracy 0.3378 | Adv accuracy: 0.3378 | Counter-attack accuracy: 0.2635
2026-02-06 17:19:41,736 - ADV_Generation_eps_0.0_steps_0_Added_Noise_uniform_Eps_40.0_Tau_Type_normal_anchors - INFO - Batch 149/1692: Clean accuracy 0.3356 | Adv accuracy: 0.3356 | Counter-attack accuracy: 0.2617
2026-02-06 17:19:41,989 - ADV_Generation_eps_0.0_steps_0_Added_Noise_uniform_Eps_40.0_Tau_Type_normal_anchors - INFO - Batch 150/1692: Clean accuracy 0.3400 | Adv accuracy: 0.3400 | Counter-attack accuracy: 0.2667
2026-02-06 17:19:42,243 - ADV_Generation_eps_0.0_steps_0_Added_Noise_uniform_Eps_40.0_Tau_Type_normal_anchors - INFO - Batch 151/1692: Clean accuracy 0.3444 | Adv accuracy: 0.3444 | Counter-attack accuracy: 0.2715
2026-02-06 17:19:42,497 - ADV_Generation_eps_0.0_steps_0_Added_Noise_uniform_Eps_40.0_Tau_Type_normal_anchors - INFO - Batch 152/1692: Clean accuracy 0.3487 | Adv accuracy: 0.3487 | Counter-attack accuracy: 0.2697
2026-02-06 17:19:42,750 - ADV_Generation_eps_0.0_steps_0_Added_Noise_uniform_Eps_40.0_Tau_Type_normal_anchors - INFO - Batch 153/1692: Clean accuracy 0.3464 | Adv accuracy: 0.3464 | Counter-attack accuracy: 0.2680
2026-02-06 17:19:43,004 - ADV_Generation_eps_0.0_steps_0_Added_Noise_uniform_Eps_40.0_Tau_Type_normal_anchors - INFO - Batch 154/1692: Clean accuracy 0.3506 | Adv accuracy: 0.3506 | Counter-attack accuracy: 0.2662
2026-02-06 17:19:43,257 - ADV_Generation_eps_0.0_steps_0_Added_Noise_uniform_Eps_40.0_Tau_Type_normal_anchors - INFO - Batch 155/1692: Clean accuracy 0.3548 | Adv accuracy: 0.3548 | Counter-attack accuracy: 0.2710
2026-02-06 17:19:43,511 - ADV_Generation_eps_0.0_steps_0_Added_Noise_uniform_Eps_40.0_Tau_Type_normal_anchors - INFO - Batch 156/1692: Clean accuracy 0.3590 | Adv accuracy: 0.3590 | Counter-attack accuracy: 0.2756
2026-02-06 17:19:43,764 - ADV_Generation_eps_0.0_steps_0_Added_Noise_uniform_Eps_40.0_Tau_Type_normal_anchors - INFO - Batch 157/1692: Clean accuracy 0.3567 | Adv accuracy: 0.3567 | Counter-attack accuracy: 0.2739
2026-02-06 17:19:44,017 - ADV_Generation_eps_0.0_steps_0_Added_Noise_uniform_Eps_40.0_Tau_Type_normal_anchors - INFO - Batch 158/1692: Clean accuracy 0.3544 | Adv accuracy: 0.3544 | Counter-attack accuracy: 0.2722
2026-02-06 17:19:44,271 - ADV_Generation_eps_0.0_steps_0_Added_Noise_uniform_Eps_40.0_Tau_Type_normal_anchors - INFO - Batch 159/1692: Clean accuracy 0.3585 | Adv accuracy: 0.3585 | Counter-attack accuracy: 0.2704
2026-02-06 17:19:44,525 - ADV_Generation_eps_0.0_steps_0_Added_Noise_uniform_Eps_40.0_Tau_Type_normal_anchors - INFO - Batch 160/1692: Clean accuracy 0.3625 | Adv accuracy: 0.3625 | Counter-attack accuracy: 0.2750
2026-02-06 17:19:44,778 - ADV_Generation_eps_0.0_steps_0_Added_Noise_uniform_Eps_40.0_Tau_Type_normal_anchors - INFO - Batch 161/1692: Clean accuracy 0.3602 | Adv accuracy: 0.3602 | Counter-attack accuracy: 0.2733
2026-02-06 17:19:45,031 - ADV_Generation_eps_0.0_steps_0_Added_Noise_uniform_Eps_40.0_Tau_Type_normal_anchors - INFO - Batch 162/1692: Clean accuracy 0.3580 | Adv accuracy: 0.3580 | Counter-attack accuracy: 0.2716
2026-02-06 17:19:45,285 - ADV_Generation_eps_0.0_steps_0_Added_Noise_uniform_Eps_40.0_Tau_Type_normal_anchors - INFO - Batch 163/1692: Clean accuracy 0.3620 | Adv accuracy: 0.3620 | Counter-attack accuracy: 0.2699
2026-02-06 17:19:45,538 - ADV_Generation_eps_0.0_steps_0_Added_Noise_uniform_Eps_40.0_Tau_Type_normal_anchors - INFO - Batch 164/1692: Clean accuracy 0.3659 | Adv accuracy: 0.3659 | Counter-attack accuracy: 0.2744
2026-02-06 17:19:45,791 - ADV_Generation_eps_0.0_steps_0_Added_Noise_uniform_Eps_40.0_Tau_Type_normal_anchors - INFO - Batch 165/1692: Clean accuracy 0.3697 | Adv accuracy: 0.3697 | Counter-attack accuracy: 0.2788
2026-02-06 17:19:46,045 - ADV_Generation_eps_0.0_steps_0_Added_Noise_uniform_Eps_40.0_Tau_Type_normal_anchors - INFO - Batch 166/1692: Clean accuracy 0.3675 | Adv accuracy: 0.3675 | Counter-attack accuracy: 0.2771
2026-02-06 17:19:46,298 - ADV_Generation_eps_0.0_steps_0_Added_Noise_uniform_Eps_40.0_Tau_Type_normal_anchors - INFO - Batch 167/1692: Clean accuracy 0.3653 | Adv accuracy: 0.3653 | Counter-attack accuracy: 0.2754
2026-02-06 17:19:46,551 - ADV_Generation_eps_0.0_steps_0_Added_Noise_uniform_Eps_40.0_Tau_Type_normal_anchors - INFO - Batch 168/1692: Clean accuracy 0.3631 | Adv accuracy: 0.3631 | Counter-attack accuracy: 0.2738
2026-02-06 17:19:46,804 - ADV_Generation_eps_0.0_steps_0_Added_Noise_uniform_Eps_40.0_Tau_Type_normal_anchors - INFO - Batch 169/1692: Clean accuracy 0.3609 | Adv accuracy: 0.3609 | Counter-attack accuracy: 0.2722
2026-02-06 17:19:47,058 - ADV_Generation_eps_0.0_steps_0_Added_Noise_uniform_Eps_40.0_Tau_Type_normal_anchors - INFO - Batch 170/1692: Clean accuracy 0.3588 | Adv accuracy: 0.3588 | Counter-attack accuracy: 0.2706
2026-02-06 17:19:47,311 - ADV_Generation_eps_0.0_steps_0_Added_Noise_uniform_Eps_40.0_Tau_Type_normal_anchors - INFO - Batch 171/1692: Clean accuracy 0.3567 | Adv accuracy: 0.3567 | Counter-attack accuracy: 0.2690
2026-02-06 17:19:47,565 - ADV_Generation_eps_0.0_steps_0_Added_Noise_uniform_Eps_40.0_Tau_Type_normal_anchors - INFO - Batch 172/1692: Clean accuracy 0.3547 | Adv accuracy: 0.3547 | Counter-attack accuracy: 0.2674
2026-02-06 17:19:47,820 - ADV_Generation_eps_0.0_steps_0_Added_Noise_uniform_Eps_40.0_Tau_Type_normal_anchors - INFO - Batch 173/1692: Clean accuracy 0.3526 | Adv accuracy: 0.3526 | Counter-attack accuracy: 0.2659
2026-02-06 17:19:48,074 - ADV_Generation_eps_0.0_steps_0_Added_Noise_uniform_Eps_40.0_Tau_Type_normal_anchors - INFO - Batch 174/1692: Clean accuracy 0.3563 | Adv accuracy: 0.3563 | Counter-attack accuracy: 0.2644
2026-02-06 17:19:48,328 - ADV_Generation_eps_0.0_steps_0_Added_Noise_uniform_Eps_40.0_Tau_Type_normal_anchors - INFO - Batch 175/1692: Clean accuracy 0.3600 | Adv accuracy: 0.3600 | Counter-attack accuracy: 0.2686
2026-02-06 17:19:48,582 - ADV_Generation_eps_0.0_steps_0_Added_Noise_uniform_Eps_40.0_Tau_Type_normal_anchors - INFO - Batch 176/1692: Clean accuracy 0.3580 | Adv accuracy: 0.3580 | Counter-attack accuracy: 0.2670
2026-02-06 17:19:48,836 - ADV_Generation_eps_0.0_steps_0_Added_Noise_uniform_Eps_40.0_Tau_Type_normal_anchors - INFO - Batch 177/1692: Clean accuracy 0.3616 | Adv accuracy: 0.3616 | Counter-attack accuracy: 0.2712
2026-02-06 17:19:49,090 - ADV_Generation_eps_0.0_steps_0_Added_Noise_uniform_Eps_40.0_Tau_Type_normal_anchors - INFO - Batch 178/1692: Clean accuracy 0.3652 | Adv accuracy: 0.3652 | Counter-attack accuracy: 0.2753
2026-02-06 17:19:49,344 - ADV_Generation_eps_0.0_steps_0_Added_Noise_uniform_Eps_40.0_Tau_Type_normal_anchors - INFO - Batch 179/1692: Clean accuracy 0.3631 | Adv accuracy: 0.3631 | Counter-attack accuracy: 0.2737
2026-02-06 17:19:49,598 - ADV_Generation_eps_0.0_steps_0_Added_Noise_uniform_Eps_40.0_Tau_Type_normal_anchors - INFO - Batch 180/1692: Clean accuracy 0.3667 | Adv accuracy: 0.3667 | Counter-attack accuracy: 0.2778
2026-02-06 17:19:49,852 - ADV_Generation_eps_0.0_steps_0_Added_Noise_uniform_Eps_40.0_Tau_Type_normal_anchors - INFO - Batch 181/1692: Clean accuracy 0.3702 | Adv accuracy: 0.3702 | Counter-attack accuracy: 0.2818
2026-02-06 17:19:50,105 - ADV_Generation_eps_0.0_steps_0_Added_Noise_uniform_Eps_40.0_Tau_Type_normal_anchors - INFO - Batch 182/1692: Clean accuracy 0.3736 | Adv accuracy: 0.3736 | Counter-attack accuracy: 0.2857
2026-02-06 17:19:50,359 - ADV_Generation_eps_0.0_steps_0_Added_Noise_uniform_Eps_40.0_Tau_Type_normal_anchors - INFO - Batch 183/1692: Clean accuracy 0.3770 | Adv accuracy: 0.3770 | Counter-attack accuracy: 0.2896
2026-02-06 17:19:50,612 - ADV_Generation_eps_0.0_steps_0_Added_Noise_uniform_Eps_40.0_Tau_Type_normal_anchors - INFO - Batch 184/1692: Clean accuracy 0.3804 | Adv accuracy: 0.3804 | Counter-attack accuracy: 0.2935
2026-02-06 17:19:50,866 - ADV_Generation_eps_0.0_steps_0_Added_Noise_uniform_Eps_40.0_Tau_Type_normal_anchors - INFO - Batch 185/1692: Clean accuracy 0.3838 | Adv accuracy: 0.3838 | Counter-attack accuracy: 0.2973
2026-02-06 17:19:51,119 - ADV_Generation_eps_0.0_steps_0_Added_Noise_uniform_Eps_40.0_Tau_Type_normal_anchors - INFO - Batch 186/1692: Clean accuracy 0.3871 | Adv accuracy: 0.3871 | Counter-attack accuracy: 0.3011
2026-02-06 17:19:51,373 - ADV_Generation_eps_0.0_steps_0_Added_Noise_uniform_Eps_40.0_Tau_Type_normal_anchors - INFO - Batch 187/1692: Clean accuracy 0.3904 | Adv accuracy: 0.3904 | Counter-attack accuracy: 0.3048
2026-02-06 17:19:51,627 - ADV_Generation_eps_0.0_steps_0_Added_Noise_uniform_Eps_40.0_Tau_Type_normal_anchors - INFO - Batch 188/1692: Clean accuracy 0.3936 | Adv accuracy: 0.3936 | Counter-attack accuracy: 0.3032
2026-02-06 17:19:51,881 - ADV_Generation_eps_0.0_steps_0_Added_Noise_uniform_Eps_40.0_Tau_Type_normal_anchors - INFO - Batch 189/1692: Clean accuracy 0.3968 | Adv accuracy: 0.3968 | Counter-attack accuracy: 0.3069
2026-02-06 17:19:52,135 - ADV_Generation_eps_0.0_steps_0_Added_Noise_uniform_Eps_40.0_Tau_Type_normal_anchors - INFO - Batch 190/1692: Clean accuracy 0.4000 | Adv accuracy: 0.4000 | Counter-attack accuracy: 0.3105
2026-02-06 17:19:52,390 - ADV_Generation_eps_0.0_steps_0_Added_Noise_uniform_Eps_40.0_Tau_Type_normal_anchors - INFO - Batch 191/1692: Clean accuracy 0.4031 | Adv accuracy: 0.4031 | Counter-attack accuracy: 0.3141
2026-02-06 17:19:52,644 - ADV_Generation_eps_0.0_steps_0_Added_Noise_uniform_Eps_40.0_Tau_Type_normal_anchors - INFO - Batch 192/1692: Clean accuracy 0.4062 | Adv accuracy: 0.4062 | Counter-attack accuracy: 0.3177
2026-02-06 17:19:52,898 - ADV_Generation_eps_0.0_steps_0_Added_Noise_uniform_Eps_40.0_Tau_Type_normal_anchors - INFO - Batch 193/1692: Clean accuracy 0.4093 | Adv accuracy: 0.4093 | Counter-attack accuracy: 0.3212
2026-02-06 17:19:53,152 - ADV_Generation_eps_0.0_steps_0_Added_Noise_uniform_Eps_40.0_Tau_Type_normal_anchors - INFO - Batch 194/1692: Clean accuracy 0.4124 | Adv accuracy: 0.4124 | Counter-attack accuracy: 0.3247
2026-02-06 17:19:53,406 - ADV_Generation_eps_0.0_steps_0_Added_Noise_uniform_Eps_40.0_Tau_Type_normal_anchors - INFO - Batch 195/1692: Clean accuracy 0.4154 | Adv accuracy: 0.4154 | Counter-attack accuracy: 0.3282
2026-02-06 17:19:53,660 - ADV_Generation_eps_0.0_steps_0_Added_Noise_uniform_Eps_40.0_Tau_Type_normal_anchors - INFO - Batch 196/1692: Clean accuracy 0.4184 | Adv accuracy: 0.4184 | Counter-attack accuracy: 0.3316
2026-02-06 17:19:53,914 - ADV_Generation_eps_0.0_steps_0_Added_Noise_uniform_Eps_40.0_Tau_Type_normal_anchors - INFO - Batch 197/1692: Clean accuracy 0.4213 | Adv accuracy: 0.4213 | Counter-attack accuracy: 0.3350
2026-02-06 17:19:54,167 - ADV_Generation_eps_0.0_steps_0_Added_Noise_uniform_Eps_40.0_Tau_Type_normal_anchors - INFO - Batch 198/1692: Clean accuracy 0.4242 | Adv accuracy: 0.4242 | Counter-attack accuracy: 0.3384
2026-02-06 17:19:54,420 - ADV_Generation_eps_0.0_steps_0_Added_Noise_uniform_Eps_40.0_Tau_Type_normal_anchors - INFO - Batch 199/1692: Clean accuracy 0.4271 | Adv accuracy: 0.4271 | Counter-attack accuracy: 0.3417
2026-02-06 17:19:54,674 - ADV_Generation_eps_0.0_steps_0_Added_Noise_uniform_Eps_40.0_Tau_Type_normal_anchors - INFO - Batch 200/1692: Clean accuracy 0.4300 | Adv accuracy: 0.4300 | Counter-attack accuracy: 0.3450
2026-02-06 17:19:54,928 - ADV_Generation_eps_0.0_steps_0_Added_Noise_uniform_Eps_40.0_Tau_Type_normal_anchors - INFO - Batch 201/1692: Clean accuracy 0.4328 | Adv accuracy: 0.4328 | Counter-attack accuracy: 0.3483
2026-02-06 17:19:55,182 - ADV_Generation_eps_0.0_steps_0_Added_Noise_uniform_Eps_40.0_Tau_Type_normal_anchors - INFO - Batch 202/1692: Clean accuracy 0.4356 | Adv accuracy: 0.4356 | Counter-attack accuracy: 0.3515
2026-02-06 17:19:55,436 - ADV_Generation_eps_0.0_steps_0_Added_Noise_uniform_Eps_40.0_Tau_Type_normal_anchors - INFO - Batch 203/1692: Clean accuracy 0.4384 | Adv accuracy: 0.4384 | Counter-attack accuracy: 0.3547
2026-02-06 17:19:55,690 - ADV_Generation_eps_0.0_steps_0_Added_Noise_uniform_Eps_40.0_Tau_Type_normal_anchors - INFO - Batch 204/1692: Clean accuracy 0.4412 | Adv accuracy: 0.4412 | Counter-attack accuracy: 0.3578
2026-02-06 17:19:55,944 - ADV_Generation_eps_0.0_steps_0_Added_Noise_uniform_Eps_40.0_Tau_Type_normal_anchors - INFO - Batch 205/1692: Clean accuracy 0.4439 | Adv accuracy: 0.4439 | Counter-attack accuracy: 0.3610
2026-02-06 17:19:56,198 - ADV_Generation_eps_0.0_steps_0_Added_Noise_uniform_Eps_40.0_Tau_Type_normal_anchors - INFO - Batch 206/1692: Clean accuracy 0.4466 | Adv accuracy: 0.4466 | Counter-attack accuracy: 0.3641
2026-02-06 17:19:56,452 - ADV_Generation_eps_0.0_steps_0_Added_Noise_uniform_Eps_40.0_Tau_Type_normal_anchors - INFO - Batch 207/1692: Clean accuracy 0.4493 | Adv accuracy: 0.4493 | Counter-attack accuracy: 0.3671
2026-02-06 17:19:56,706 - ADV_Generation_eps_0.0_steps_0_Added_Noise_uniform_Eps_40.0_Tau_Type_normal_anchors - INFO - Batch 208/1692: Clean accuracy 0.4519 | Adv accuracy: 0.4519 | Counter-attack accuracy: 0.3702
2026-02-06 17:19:56,960 - ADV_Generation_eps_0.0_steps_0_Added_Noise_uniform_Eps_40.0_Tau_Type_normal_anchors - INFO - Batch 209/1692: Clean accuracy 0.4545 | Adv accuracy: 0.4545 | Counter-attack accuracy: 0.3732
2026-02-06 17:19:57,214 - ADV_Generation_eps_0.0_steps_0_Added_Noise_uniform_Eps_40.0_Tau_Type_normal_anchors - INFO - Batch 210/1692: Clean accuracy 0.4571 | Adv accuracy: 0.4571 | Counter-attack accuracy: 0.3762
2026-02-06 17:19:57,468 - ADV_Generation_eps_0.0_steps_0_Added_Noise_uniform_Eps_40.0_Tau_Type_normal_anchors - INFO - Batch 211/1692: Clean accuracy 0.4597 | Adv accuracy: 0.4597 | Counter-attack accuracy: 0.3791
2026-02-06 17:19:57,721 - ADV_Generation_eps_0.0_steps_0_Added_Noise_uniform_Eps_40.0_Tau_Type_normal_anchors - INFO - Batch 212/1692: Clean accuracy 0.4623 | Adv accuracy: 0.4623 | Counter-attack accuracy: 0.3821
2026-02-06 17:19:57,974 - ADV_Generation_eps_0.0_steps_0_Added_Noise_uniform_Eps_40.0_Tau_Type_normal_anchors - INFO - Batch 213/1692: Clean accuracy 0.4648 | Adv accuracy: 0.4648 | Counter-attack accuracy: 0.3850
2026-02-06 17:19:58,228 - ADV_Generation_eps_0.0_steps_0_Added_Noise_uniform_Eps_40.0_Tau_Type_normal_anchors - INFO - Batch 214/1692: Clean accuracy 0.4673 | Adv accuracy: 0.4673 | Counter-attack accuracy: 0.3879
2026-02-06 17:19:58,482 - ADV_Generation_eps_0.0_steps_0_Added_Noise_uniform_Eps_40.0_Tau_Type_normal_anchors - INFO - Batch 215/1692: Clean accuracy 0.4698 | Adv accuracy: 0.4698 | Counter-attack accuracy: 0.3907
2026-02-06 17:19:58,736 - ADV_Generation_eps_0.0_steps_0_Added_Noise_uniform_Eps_40.0_Tau_Type_normal_anchors - INFO - Batch 216/1692: Clean accuracy 0.4722 | Adv accuracy: 0.4722 | Counter-attack accuracy: 0.3935
2026-02-06 17:19:58,991 - ADV_Generation_eps_0.0_steps_0_Added_Noise_uniform_Eps_40.0_Tau_Type_normal_anchors - INFO - Batch 217/1692: Clean accuracy 0.4747 | Adv accuracy: 0.4747 | Counter-attack accuracy: 0.3917
2026-02-06 17:19:59,245 - ADV_Generation_eps_0.0_steps_0_Added_Noise_uniform_Eps_40.0_Tau_Type_normal_anchors - INFO - Batch 218/1692: Clean accuracy 0.4771 | Adv accuracy: 0.4771 | Counter-attack accuracy: 0.3945
2026-02-06 17:19:59,499 - ADV_Generation_eps_0.0_steps_0_Added_Noise_uniform_Eps_40.0_Tau_Type_normal_anchors - INFO - Batch 219/1692: Clean accuracy 0.4795 | Adv accuracy: 0.4795 | Counter-attack accuracy: 0.3973
2026-02-06 17:19:59,753 - ADV_Generation_eps_0.0_steps_0_Added_Noise_uniform_Eps_40.0_Tau_Type_normal_anchors - INFO - Batch 220/1692: Clean accuracy 0.4773 | Adv accuracy: 0.4773 | Counter-attack accuracy: 0.4000
2026-02-06 17:20:00,006 - ADV_Generation_eps_0.0_steps_0_Added_Noise_uniform_Eps_40.0_Tau_Type_normal_anchors - INFO - Batch 221/1692: Clean accuracy 0.4796 | Adv accuracy: 0.4796 | Counter-attack accuracy: 0.4027
2026-02-06 17:20:00,260 - ADV_Generation_eps_0.0_steps_0_Added_Noise_uniform_Eps_40.0_Tau_Type_normal_anchors - INFO - Batch 222/1692: Clean accuracy 0.4820 | Adv accuracy: 0.4820 | Counter-attack accuracy: 0.4054
2026-02-06 17:20:00,514 - ADV_Generation_eps_0.0_steps_0_Added_Noise_uniform_Eps_40.0_Tau_Type_normal_anchors - INFO - Batch 223/1692: Clean accuracy 0.4843 | Adv accuracy: 0.4843 | Counter-attack accuracy: 0.4081
2026-02-06 17:20:00,767 - ADV_Generation_eps_0.0_steps_0_Added_Noise_uniform_Eps_40.0_Tau_Type_normal_anchors - INFO - Batch 224/1692: Clean accuracy 0.4866 | Adv accuracy: 0.4866 | Counter-attack accuracy: 0.4107
2026-02-06 17:20:01,021 - ADV_Generation_eps_0.0_steps_0_Added_Noise_uniform_Eps_40.0_Tau_Type_normal_anchors - INFO - Batch 225/1692: Clean accuracy 0.4889 | Adv accuracy: 0.4889 | Counter-attack accuracy: 0.4133
2026-02-06 17:20:01,275 - ADV_Generation_eps_0.0_steps_0_Added_Noise_uniform_Eps_40.0_Tau_Type_normal_anchors - INFO - Batch 226/1692: Clean accuracy 0.4912 | Adv accuracy: 0.4912 | Counter-attack accuracy: 0.4159
2026-02-06 17:20:01,529 - ADV_Generation_eps_0.0_steps_0_Added_Noise_uniform_Eps_40.0_Tau_Type_normal_anchors - INFO - Batch 227/1692: Clean accuracy 0.4934 | Adv accuracy: 0.4934 | Counter-attack accuracy: 0.4185
2026-02-06 17:20:01,783 - ADV_Generation_eps_0.0_steps_0_Added_Noise_uniform_Eps_40.0_Tau_Type_normal_anchors - INFO - Batch 228/1692: Clean accuracy 0.4956 | Adv accuracy: 0.4956 | Counter-attack accuracy: 0.4211
2026-02-06 17:20:02,038 - ADV_Generation_eps_0.0_steps_0_Added_Noise_uniform_Eps_40.0_Tau_Type_normal_anchors - INFO - Batch 229/1692: Clean accuracy 0.4978 | Adv accuracy: 0.4978 | Counter-attack accuracy: 0.4236
2026-02-06 17:20:02,292 - ADV_Generation_eps_0.0_steps_0_Added_Noise_uniform_Eps_40.0_Tau_Type_normal_anchors - INFO - Batch 230/1692: Clean accuracy 0.5000 | Adv accuracy: 0.5000 | Counter-attack accuracy: 0.4261
2026-02-06 17:20:02,546 - ADV_Generation_eps_0.0_steps_0_Added_Noise_uniform_Eps_40.0_Tau_Type_normal_anchors - INFO - Batch 231/1692: Clean accuracy 0.5022 | Adv accuracy: 0.5022 | Counter-attack accuracy: 0.4242
2026-02-06 17:20:02,801 - ADV_Generation_eps_0.0_steps_0_Added_Noise_uniform_Eps_40.0_Tau_Type_normal_anchors - INFO - Batch 232/1692: Clean accuracy 0.5043 | Adv accuracy: 0.5043 | Counter-attack accuracy: 0.4267
2026-02-06 17:20:03,055 - ADV_Generation_eps_0.0_steps_0_Added_Noise_uniform_Eps_40.0_Tau_Type_normal_anchors - INFO - Batch 233/1692: Clean accuracy 0.5064 | Adv accuracy: 0.5064 | Counter-attack accuracy: 0.4292
2026-02-06 17:20:03,309 - ADV_Generation_eps_0.0_steps_0_Added_Noise_uniform_Eps_40.0_Tau_Type_normal_anchors - INFO - Batch 234/1692: Clean accuracy 0.5085 | Adv accuracy: 0.5085 | Counter-attack accuracy: 0.4316
2026-02-06 17:20:03,563 - ADV_Generation_eps_0.0_steps_0_Added_Noise_uniform_Eps_40.0_Tau_Type_normal_anchors - INFO - Batch 235/1692: Clean accuracy 0.5064 | Adv accuracy: 0.5064 | Counter-attack accuracy: 0.4298
2026-02-06 17:20:03,817 - ADV_Generation_eps_0.0_steps_0_Added_Noise_uniform_Eps_40.0_Tau_Type_normal_anchors - INFO - Batch 236/1692: Clean accuracy 0.5085 | Adv accuracy: 0.5085 | Counter-attack accuracy: 0.4322
2026-02-06 17:20:04,072 - ADV_Generation_eps_0.0_steps_0_Added_Noise_uniform_Eps_40.0_Tau_Type_normal_anchors - INFO - Batch 237/1692: Clean accuracy 0.5105 | Adv accuracy: 0.5105 | Counter-attack accuracy: 0.4346
2026-02-06 17:20:04,326 - ADV_Generation_eps_0.0_steps_0_Added_Noise_uniform_Eps_40.0_Tau_Type_normal_anchors - INFO - Batch 238/1692: Clean accuracy 0.5084 | Adv accuracy: 0.5084 | Counter-attack accuracy: 0.4328
2026-02-06 17:20:04,580 - ADV_Generation_eps_0.0_steps_0_Added_Noise_uniform_Eps_40.0_Tau_Type_normal_anchors - INFO - Batch 239/1692: Clean accuracy 0.5105 | Adv accuracy: 0.5105 | Counter-attack accuracy: 0.4351
2026-02-06 17:20:04,834 - ADV_Generation_eps_0.0_steps_0_Added_Noise_uniform_Eps_40.0_Tau_Type_normal_anchors - INFO - Batch 240/1692: Clean accuracy 0.5125 | Adv accuracy: 0.5125 | Counter-attack accuracy: 0.4375
2026-02-06 17:20:05,088 - ADV_Generation_eps_0.0_steps_0_Added_Noise_uniform_Eps_40.0_Tau_Type_normal_anchors - INFO - Batch 241/1692: Clean accuracy 0.5145 | Adv accuracy: 0.5145 | Counter-attack accuracy: 0.4398
2026-02-06 17:20:05,342 - ADV_Generation_eps_0.0_steps_0_Added_Noise_uniform_Eps_40.0_Tau_Type_normal_anchors - INFO - Batch 242/1692: Clean accuracy 0.5165 | Adv accuracy: 0.5165 | Counter-attack accuracy: 0.4380
2026-02-06 17:20:05,596 - ADV_Generation_eps_0.0_steps_0_Added_Noise_uniform_Eps_40.0_Tau_Type_normal_anchors - INFO - Batch 243/1692: Clean accuracy 0.5185 | Adv accuracy: 0.5185 | Counter-attack accuracy: 0.4403
2026-02-06 17:20:05,850 - ADV_Generation_eps_0.0_steps_0_Added_Noise_uniform_Eps_40.0_Tau_Type_normal_anchors - INFO - Batch 244/1692: Clean accuracy 0.5164 | Adv accuracy: 0.5164 | Counter-attack accuracy: 0.4385
2026-02-06 17:20:06,104 - ADV_Generation_eps_0.0_steps_0_Added_Noise_uniform_Eps_40.0_Tau_Type_normal_anchors - INFO - Batch 245/1692: Clean accuracy 0.5184 | Adv accuracy: 0.5184 | Counter-attack accuracy: 0.4408
2026-02-06 17:20:06,358 - ADV_Generation_eps_0.0_steps_0_Added_Noise_uniform_Eps_40.0_Tau_Type_normal_anchors - INFO - Batch 246/1692: Clean accuracy 0.5203 | Adv accuracy: 0.5203 | Counter-attack accuracy: 0.4431
2026-02-06 17:20:06,612 - ADV_Generation_eps_0.0_steps_0_Added_Noise_uniform_Eps_40.0_Tau_Type_normal_anchors - INFO - Batch 247/1692: Clean accuracy 0.5223 | Adv accuracy: 0.5223 | Counter-attack accuracy: 0.4453
2026-02-06 17:20:06,866 - ADV_Generation_eps_0.0_steps_0_Added_Noise_uniform_Eps_40.0_Tau_Type_normal_anchors - INFO - Batch 248/1692: Clean accuracy 0.5242 | Adv accuracy: 0.5242 | Counter-attack accuracy: 0.4435
2026-02-06 17:20:07,120 - ADV_Generation_eps_0.0_steps_0_Added_Noise_uniform_Eps_40.0_Tau_Type_normal_anchors - INFO - Batch 249/1692: Clean accuracy 0.5261 | Adv accuracy: 0.5261 | Counter-attack accuracy: 0.4458
2026-02-06 17:20:07,374 - ADV_Generation_eps_0.0_steps_0_Added_Noise_uniform_Eps_40.0_Tau_Type_normal_anchors - INFO - Batch 250/1692: Clean accuracy 0.5280 | Adv accuracy: 0.5280 | Counter-attack accuracy: 0.4480
2026-02-06 17:20:07,628 - ADV_Generation_eps_0.0_steps_0_Added_Noise_uniform_Eps_40.0_Tau_Type_normal_anchors - INFO - Batch 251/1692: Clean accuracy 0.5299 | Adv accuracy: 0.5299 | Counter-attack accuracy: 0.4502
2026-02-06 17:20:07,882 - ADV_Generation_eps_0.0_steps_0_Added_Noise_uniform_Eps_40.0_Tau_Type_normal_anchors - INFO - Batch 252/1692: Clean accuracy 0.5278 | Adv accuracy: 0.5278 | Counter-attack accuracy: 0.4484
2026-02-06 17:20:08,136 - ADV_Generation_eps_0.0_steps_0_Added_Noise_uniform_Eps_40.0_Tau_Type_normal_anchors - INFO - Batch 253/1692: Clean accuracy 0.5296 | Adv accuracy: 0.5296 | Counter-attack accuracy: 0.4466
2026-02-06 17:20:08,390 - ADV_Generation_eps_0.0_steps_0_Added_Noise_uniform_Eps_40.0_Tau_Type_normal_anchors - INFO - Batch 254/1692: Clean accuracy 0.5276 | Adv accuracy: 0.5276 | Counter-attack accuracy: 0.4449
2026-02-06 17:20:08,644 - ADV_Generation_eps_0.0_steps_0_Added_Noise_uniform_Eps_40.0_Tau_Type_normal_anchors - INFO - Batch 255/1692: Clean accuracy 0.5255 | Adv accuracy: 0.5255 | Counter-attack accuracy: 0.4431
2026-02-06 17:20:08,898 - ADV_Generation_eps_0.0_steps_0_Added_Noise_uniform_Eps_40.0_Tau_Type_normal_anchors - INFO - Batch 256/1692: Clean accuracy 0.5273 | Adv accuracy: 0.5273 | Counter-attack accuracy: 0.4453
2026-02-06 17:20:09,153 - ADV_Generation_eps_0.0_steps_0_Added_Noise_uniform_Eps_40.0_Tau_Type_normal_anchors - INFO - Batch 257/1692: Clean accuracy 0.5253 | Adv accuracy: 0.5253 | Counter-attack accuracy: 0.4436
2026-02-06 17:20:09,406 - ADV_Generation_eps_0.0_steps_0_Added_Noise_uniform_Eps_40.0_Tau_Type_normal_anchors - INFO - Batch 258/1692: Clean accuracy 0.5271 | Adv accuracy: 0.5271 | Counter-attack accuracy: 0.4457
2026-02-06 17:20:09,661 - ADV_Generation_eps_0.0_steps_0_Added_Noise_uniform_Eps_40.0_Tau_Type_normal_anchors - INFO - Batch 259/1692: Clean accuracy 0.5290 | Adv accuracy: 0.5290 | Counter-attack accuracy: 0.4479
2026-02-06 17:20:09,915 - ADV_Generation_eps_0.0_steps_0_Added_Noise_uniform_Eps_40.0_Tau_Type_normal_anchors - INFO - Batch 260/1692: Clean accuracy 0.5308 | Adv accuracy: 0.5308 | Counter-attack accuracy: 0.4500
2026-02-06 17:20:10,169 - ADV_Generation_eps_0.0_steps_0_Added_Noise_uniform_Eps_40.0_Tau_Type_normal_anchors - INFO - Batch 261/1692: Clean accuracy 0.5326 | Adv accuracy: 0.5326 | Counter-attack accuracy: 0.4521
2026-02-06 17:20:10,423 - ADV_Generation_eps_0.0_steps_0_Added_Noise_uniform_Eps_40.0_Tau_Type_normal_anchors - INFO - Batch 262/1692: Clean accuracy 0.5305 | Adv accuracy: 0.5305 | Counter-attack accuracy: 0.4504
2026-02-06 17:20:10,677 - ADV_Generation_eps_0.0_steps_0_Added_Noise_uniform_Eps_40.0_Tau_Type_normal_anchors - INFO - Batch 263/1692: Clean accuracy 0.5323 | Adv accuracy: 0.5323 | Counter-attack accuracy: 0.4525
2026-02-06 17:20:10,931 - ADV_Generation_eps_0.0_steps_0_Added_Noise_uniform_Eps_40.0_Tau_Type_normal_anchors - INFO - Batch 264/1692: Clean accuracy 0.5303 | Adv accuracy: 0.5303 | Counter-attack accuracy: 0.4508
2026-02-06 17:20:11,185 - ADV_Generation_eps_0.0_steps_0_Added_Noise_uniform_Eps_40.0_Tau_Type_normal_anchors - INFO - Batch 265/1692: Clean accuracy 0.5321 | Adv accuracy: 0.5321 | Counter-attack accuracy: 0.4528
2026-02-06 17:20:11,439 - ADV_Generation_eps_0.0_steps_0_Added_Noise_uniform_Eps_40.0_Tau_Type_normal_anchors - INFO - Batch 266/1692: Clean accuracy 0.5301 | Adv accuracy: 0.5301 | Counter-attack accuracy: 0.4511
2026-02-06 17:20:11,693 - ADV_Generation_eps_0.0_steps_0_Added_Noise_uniform_Eps_40.0_Tau_Type_normal_anchors - INFO - Batch 267/1692: Clean accuracy 0.5318 | Adv accuracy: 0.5318 | Counter-attack accuracy: 0.4494
2026-02-06 17:20:11,947 - ADV_Generation_eps_0.0_steps_0_Added_Noise_uniform_Eps_40.0_Tau_Type_normal_anchors - INFO - Batch 268/1692: Clean accuracy 0.5336 | Adv accuracy: 0.5336 | Counter-attack accuracy: 0.4515
2026-02-06 17:20:12,201 - ADV_Generation_eps_0.0_steps_0_Added_Noise_uniform_Eps_40.0_Tau_Type_normal_anchors - INFO - Batch 269/1692: Clean accuracy 0.5353 | Adv accuracy: 0.5353 | Counter-attack accuracy: 0.4535
2026-02-06 17:20:12,455 - ADV_Generation_eps_0.0_steps_0_Added_Noise_uniform_Eps_40.0_Tau_Type_normal_anchors - INFO - Batch 270/1692: Clean accuracy 0.5370 | Adv accuracy: 0.5370 | Counter-attack accuracy: 0.4556
2026-02-06 17:20:12,709 - ADV_Generation_eps_0.0_steps_0_Added_Noise_uniform_Eps_40.0_Tau_Type_normal_anchors - INFO - Batch 271/1692: Clean accuracy 0.5351 | Adv accuracy: 0.5351 | Counter-attack accuracy: 0.4539
2026-02-06 17:20:12,963 - ADV_Generation_eps_0.0_steps_0_Added_Noise_uniform_Eps_40.0_Tau_Type_normal_anchors - INFO - Batch 272/1692: Clean accuracy 0.5368 | Adv accuracy: 0.5368 | Counter-attack accuracy: 0.4559
2026-02-06 17:20:13,217 - ADV_Generation_eps_0.0_steps_0_Added_Noise_uniform_Eps_40.0_Tau_Type_normal_anchors - INFO - Batch 273/1692: Clean accuracy 0.5385 | Adv accuracy: 0.5385 | Counter-attack accuracy: 0.4542
2026-02-06 17:20:13,471 - ADV_Generation_eps_0.0_steps_0_Added_Noise_uniform_Eps_40.0_Tau_Type_normal_anchors - INFO - Batch 274/1692: Clean accuracy 0.5401 | Adv accuracy: 0.5401 | Counter-attack accuracy: 0.4562
2026-02-06 17:20:13,725 - ADV_Generation_eps_0.0_steps_0_Added_Noise_uniform_Eps_40.0_Tau_Type_normal_anchors - INFO - Batch 275/1692: Clean accuracy 0.5418 | Adv accuracy: 0.5418 | Counter-attack accuracy: 0.4582
2026-02-06 17:20:13,979 - ADV_Generation_eps_0.0_steps_0_Added_Noise_uniform_Eps_40.0_Tau_Type_normal_anchors - INFO - Batch 276/1692: Clean accuracy 0.5435 | Adv accuracy: 0.5435 | Counter-attack accuracy: 0.4601
2026-02-06 17:20:14,234 - ADV_Generation_eps_0.0_steps_0_Added_Noise_uniform_Eps_40.0_Tau_Type_normal_anchors - INFO - Batch 277/1692: Clean accuracy 0.5451 | Adv accuracy: 0.5451 | Counter-attack accuracy: 0.4585
2026-02-06 17:20:14,488 - ADV_Generation_eps_0.0_steps_0_Added_Noise_uniform_Eps_40.0_Tau_Type_normal_anchors - INFO - Batch 278/1692: Clean accuracy 0.5468 | Adv accuracy: 0.5468 | Counter-attack accuracy: 0.4604
2026-02-06 17:20:14,742 - ADV_Generation_eps_0.0_steps_0_Added_Noise_uniform_Eps_40.0_Tau_Type_normal_anchors - INFO - Batch 279/1692: Clean accuracy 0.5484 | Adv accuracy: 0.5484 | Counter-attack accuracy: 0.4624
2026-02-06 17:20:14,996 - ADV_Generation_eps_0.0_steps_0_Added_Noise_uniform_Eps_40.0_Tau_Type_normal_anchors - INFO - Batch 280/1692: Clean accuracy 0.5500 | Adv accuracy: 0.5500 | Counter-attack accuracy: 0.4643
2026-02-06 17:20:15,250 - ADV_Generation_eps_0.0_steps_0_Added_Noise_uniform_Eps_40.0_Tau_Type_normal_anchors - INFO - Batch 281/1692: Clean accuracy 0.5516 | Adv accuracy: 0.5516 | Counter-attack accuracy: 0.4662
2026-02-06 17:20:15,504 - ADV_Generation_eps_0.0_steps_0_Added_Noise_uniform_Eps_40.0_Tau_Type_normal_anchors - INFO - Batch 282/1692: Clean accuracy 0.5496 | Adv accuracy: 0.5496 | Counter-attack accuracy: 0.4645
2026-02-06 17:20:15,758 - ADV_Generation_eps_0.0_steps_0_Added_Noise_uniform_Eps_40.0_Tau_Type_normal_anchors - INFO - Batch 283/1692: Clean accuracy 0.5512 | Adv accuracy: 0.5512 | Counter-attack accuracy: 0.4664
2026-02-06 17:20:16,012 - ADV_Generation_eps_0.0_steps_0_Added_Noise_uniform_Eps_40.0_Tau_Type_normal_anchors - INFO - Batch 284/1692: Clean accuracy 0.5528 | Adv accuracy: 0.5528 | Counter-attack accuracy: 0.4683
2026-02-06 17:20:16,266 - ADV_Generation_eps_0.0_steps_0_Added_Noise_uniform_Eps_40.0_Tau_Type_normal_anchors - INFO - Batch 285/1692: Clean accuracy 0.5544 | Adv accuracy: 0.5544 | Counter-attack accuracy: 0.4702
2026-02-06 17:20:16,520 - ADV_Generation_eps_0.0_steps_0_Added_Noise_uniform_Eps_40.0_Tau_Type_normal_anchors - INFO - Batch 286/1692: Clean accuracy 0.5559 | Adv accuracy: 0.5559 | Counter-attack accuracy: 0.4720
2026-02-06 17:20:16,774 - ADV_Generation_eps_0.0_steps_0_Added_Noise_uniform_Eps_40.0_Tau_Type_normal_anchors - INFO - Batch 287/1692: Clean accuracy 0.5575 | Adv accuracy: 0.5575 | Counter-attack accuracy: 0.4739
2026-02-06 17:20:17,028 - ADV_Generation_eps_0.0_steps_0_Added_Noise_uniform_Eps_40.0_Tau_Type_normal_anchors - INFO - Batch 288/1692: Clean accuracy 0.5590 | Adv accuracy: 0.5590 | Counter-attack accuracy: 0.4757
2026-02-06 17:20:17,282 - ADV_Generation_eps_0.0_steps_0_Added_Noise_uniform_Eps_40.0_Tau_Type_normal_anchors - INFO - Batch 289/1692: Clean accuracy 0.5606 | Adv accuracy: 0.5606 | Counter-attack accuracy: 0.4775
2026-02-06 17:20:17,536 - ADV_Generation_eps_0.0_steps_0_Added_Noise_uniform_Eps_40.0_Tau_Type_normal_anchors - INFO - Batch 290/1692: Clean accuracy 0.5586 | Adv accuracy: 0.5586 | Counter-attack accuracy: 0.4759
2026-02-06 17:20:17,790 - ADV_Generation_eps_0.0_steps_0_Added_Noise_uniform_Eps_40.0_Tau_Type_normal_anchors - INFO - Batch 291/1692: Clean accuracy 0.5601 | Adv accuracy: 0.5601 | Counter-attack accuracy: 0.4777
2026-02-06 17:20:18,044 - ADV_Generation_eps_0.0_steps_0_Added_Noise_uniform_Eps_40.0_Tau_Type_normal_anchors - INFO - Batch 292/1692: Clean accuracy 0.5616 | Adv accuracy: 0.5616 | Counter-attack accuracy: 0.4795
2026-02-06 17:20:18,298 - ADV_Generation_eps_0.0_steps_0_Added_Noise_uniform_Eps_40.0_Tau_Type_normal_anchors - INFO - Batch 293/1692: Clean accuracy 0.5597 | Adv accuracy: 0.5597 | Counter-attack accuracy: 0.4812
2026-02-06 17:20:18,552 - ADV_Generation_eps_0.0_steps_0_Added_Noise_uniform_Eps_40.0_Tau_Type_normal_anchors - INFO - Batch 294/1692: Clean accuracy 0.5612 | Adv accuracy: 0.5612 | Counter-attack accuracy: 0.4830
2026-02-06 17:20:18,806 - ADV_Generation_eps_0.0_steps_0_Added_Noise_uniform_Eps_40.0_Tau_Type_normal_anchors - INFO - Batch 295/1692: Clean accuracy 0.5627 | Adv accuracy: 0.5627 | Counter-attack accuracy: 0.4814
2026-02-06 17:20:19,059 - ADV_Generation_eps_0.0_steps_0_Added_Noise_uniform_Eps_40.0_Tau_Type_normal_anchors - INFO - Batch 296/1692: Clean accuracy 0.5608 | Adv accuracy: 0.5608 | Counter-attack accuracy: 0.4831
2026-02-06 17:20:19,314 - ADV_Generation_eps_0.0_steps_0_Added_Noise_uniform_Eps_40.0_Tau_Type_normal_anchors - INFO - Batch 297/1692: Clean accuracy 0.5589 | Adv accuracy: 0.5589 | Counter-attack accuracy: 0.4848
2026-02-06 17:20:19,568 - ADV_Generation_eps_0.0_steps_0_Added_Noise_uniform_Eps_40.0_Tau_Type_normal_anchors - INFO - Batch 298/1692: Clean accuracy 0.5604 | Adv accuracy: 0.5604 | Counter-attack accuracy: 0.4866
2026-02-06 17:20:19,822 - ADV_Generation_eps_0.0_steps_0_Added_Noise_uniform_Eps_40.0_Tau_Type_normal_anchors - INFO - Batch 299/1692: Clean accuracy 0.5619 | Adv accuracy: 0.5619 | Counter-attack accuracy: 0.4883
2026-02-06 17:20:20,076 - ADV_Generation_eps_0.0_steps_0_Added_Noise_uniform_Eps_40.0_Tau_Type_normal_anchors - INFO - Batch 300/1692: Clean accuracy 0.5600 | Adv accuracy: 0.5600 | Counter-attack accuracy: 0.4900
2026-02-06 17:20:20,330 - ADV_Generation_eps_0.0_steps_0_Added_Noise_uniform_Eps_40.0_Tau_Type_normal_anchors - INFO - Batch 301/1692: Clean accuracy 0.5581 | Adv accuracy: 0.5581 | Counter-attack accuracy: 0.4917
2026-02-06 17:20:20,584 - ADV_Generation_eps_0.0_steps_0_Added_Noise_uniform_Eps_40.0_Tau_Type_normal_anchors - INFO - Batch 302/1692: Clean accuracy 0.5596 | Adv accuracy: 0.5596 | Counter-attack accuracy: 0.4934
2026-02-06 17:20:20,838 - ADV_Generation_eps_0.0_steps_0_Added_Noise_uniform_Eps_40.0_Tau_Type_normal_anchors - INFO - Batch 303/1692: Clean accuracy 0.5611 | Adv accuracy: 0.5611 | Counter-attack accuracy: 0.4950
2026-02-06 17:20:21,093 - ADV_Generation_eps_0.0_steps_0_Added_Noise_uniform_Eps_40.0_Tau_Type_normal_anchors - INFO - Batch 304/1692: Clean accuracy 0.5592 | Adv accuracy: 0.5592 | Counter-attack accuracy: 0.4967
2026-02-06 17:20:21,347 - ADV_Generation_eps_0.0_steps_0_Added_Noise_uniform_Eps_40.0_Tau_Type_normal_anchors - INFO - Batch 305/1692: Clean accuracy 0.5607 | Adv accuracy: 0.5607 | Counter-attack accuracy: 0.4984
2026-02-06 17:20:21,601 - ADV_Generation_eps_0.0_steps_0_Added_Noise_uniform_Eps_40.0_Tau_Type_normal_anchors - INFO - Batch 306/1692: Clean accuracy 0.5621 | Adv accuracy: 0.5621 | Counter-attack accuracy: 0.4967
2026-02-06 17:20:21,855 - ADV_Generation_eps_0.0_steps_0_Added_Noise_uniform_Eps_40.0_Tau_Type_normal_anchors - INFO - Batch 307/1692: Clean accuracy 0.5635 | Adv accuracy: 0.5635 | Counter-attack accuracy: 0.4984
2026-02-06 17:20:22,109 - ADV_Generation_eps_0.0_steps_0_Added_Noise_uniform_Eps_40.0_Tau_Type_normal_anchors - INFO - Batch 308/1692: Clean accuracy 0.5649 | Adv accuracy: 0.5649 | Counter-attack accuracy: 0.5000
2026-02-06 17:20:22,363 - ADV_Generation_eps_0.0_steps_0_Added_Noise_uniform_Eps_40.0_Tau_Type_normal_anchors - INFO - Batch 309/1692: Clean accuracy 0.5663 | Adv accuracy: 0.5663 | Counter-attack accuracy: 0.4984
2026-02-06 17:20:22,617 - ADV_Generation_eps_0.0_steps_0_Added_Noise_uniform_Eps_40.0_Tau_Type_normal_anchors - INFO - Batch 310/1692: Clean accuracy 0.5677 | Adv accuracy: 0.5677 | Counter-attack accuracy: 0.5000
2026-02-06 17:20:22,871 - ADV_Generation_eps_0.0_steps_0_Added_Noise_uniform_Eps_40.0_Tau_Type_normal_anchors - INFO - Batch 311/1692: Clean accuracy 0.5659 | Adv accuracy: 0.5659 | Counter-attack accuracy: 0.4984
2026-02-06 17:20:23,125 - ADV_Generation_eps_0.0_steps_0_Added_Noise_uniform_Eps_40.0_Tau_Type_normal_anchors - INFO - Batch 312/1692: Clean accuracy 0.5673 | Adv accuracy: 0.5673 | Counter-attack accuracy: 0.5000
2026-02-06 17:20:23,379 - ADV_Generation_eps_0.0_steps_0_Added_Noise_uniform_Eps_40.0_Tau_Type_normal_anchors - INFO - Batch 313/1692: Clean accuracy 0.5687 | Adv accuracy: 0.5687 | Counter-attack accuracy: 0.5016
2026-02-06 17:20:23,633 - ADV_Generation_eps_0.0_steps_0_Added_Noise_uniform_Eps_40.0_Tau_Type_normal_anchors - INFO - Batch 314/1692: Clean accuracy 0.5701 | Adv accuracy: 0.5701 | Counter-attack accuracy: 0.5032
2026-02-06 17:20:23,887 - ADV_Generation_eps_0.0_steps_0_Added_Noise_uniform_Eps_40.0_Tau_Type_normal_anchors - INFO - Batch 315/1692: Clean accuracy 0.5714 | Adv accuracy: 0.5714 | Counter-attack accuracy: 0.5048
2026-02-06 17:20:24,141 - ADV_Generation_eps_0.0_steps_0_Added_Noise_uniform_Eps_40.0_Tau_Type_normal_anchors - INFO - Batch 316/1692: Clean accuracy 0.5728 | Adv accuracy: 0.5728 | Counter-attack accuracy: 0.5032
2026-02-06 17:20:24,395 - ADV_Generation_eps_0.0_steps_0_Added_Noise_uniform_Eps_40.0_Tau_Type_normal_anchors - INFO - Batch 317/1692: Clean accuracy 0.5710 | Adv accuracy: 0.5710 | Counter-attack accuracy: 0.5016
2026-02-06 17:20:24,649 - ADV_Generation_eps_0.0_steps_0_Added_Noise_uniform_Eps_40.0_Tau_Type_normal_anchors - INFO - Batch 318/1692: Clean accuracy 0.5692 | Adv accuracy: 0.5692 | Counter-attack accuracy: 0.5000
2026-02-06 17:20:24,903 - ADV_Generation_eps_0.0_steps_0_Added_Noise_uniform_Eps_40.0_Tau_Type_normal_anchors - INFO - Batch 319/1692: Clean accuracy 0.5705 | Adv accuracy: 0.5705 | Counter-attack accuracy: 0.5016
2026-02-06 17:20:25,157 - ADV_Generation_eps_0.0_steps_0_Added_Noise_uniform_Eps_40.0_Tau_Type_normal_anchors - INFO - Batch 320/1692: Clean accuracy 0.5687 | Adv accuracy: 0.5687 | Counter-attack accuracy: 0.5031
2026-02-06 17:20:25,411 - ADV_Generation_eps_0.0_steps_0_Added_Noise_uniform_Eps_40.0_Tau_Type_normal_anchors - INFO - Batch 321/1692: Clean accuracy 0.5701 | Adv accuracy: 0.5701 | Counter-attack accuracy: 0.5016
2026-02-06 17:20:25,665 - ADV_Generation_eps_0.0_steps_0_Added_Noise_uniform_Eps_40.0_Tau_Type_normal_anchors - INFO - Batch 322/1692: Clean accuracy 0.5714 | Adv accuracy: 0.5714 | Counter-attack accuracy: 0.5000
2026-02-06 17:20:25,919 - ADV_Generation_eps_0.0_steps_0_Added_Noise_uniform_Eps_40.0_Tau_Type_normal_anchors - INFO - Batch 323/1692: Clean accuracy 0.5697 | Adv accuracy: 0.5697 | Counter-attack accuracy: 0.4985
2026-02-06 17:20:26,173 - ADV_Generation_eps_0.0_steps_0_Added_Noise_uniform_Eps_40.0_Tau_Type_normal_anchors - INFO - Batch 324/1692: Clean accuracy 0.5679 | Adv accuracy: 0.5679 | Counter-attack accuracy: 0.4969
2026-02-06 17:20:26,427 - ADV_Generation_eps_0.0_steps_0_Added_Noise_uniform_Eps_40.0_Tau_Type_normal_anchors - INFO - Batch 325/1692: Clean accuracy 0.5692 | Adv accuracy: 0.5692 | Counter-attack accuracy: 0.4985
2026-02-06 17:20:26,681 - ADV_Generation_eps_0.0_steps_0_Added_Noise_uniform_Eps_40.0_Tau_Type_normal_anchors - INFO - Batch 326/1692: Clean accuracy 0.5706 | Adv accuracy: 0.5706 | Counter-attack accuracy: 0.5000
2026-02-06 17:20:26,935 - ADV_Generation_eps_0.0_steps_0_Added_Noise_uniform_Eps_40.0_Tau_Type_normal_anchors - INFO - Batch 327/1692: Clean accuracy 0.5719 | Adv accuracy: 0.5719 | Counter-attack accuracy: 0.4985
2026-02-06 17:20:27,189 - ADV_Generation_eps_0.0_steps_0_Added_Noise_uniform_Eps_40.0_Tau_Type_normal_anchors - INFO - Batch 328/1692: Clean accuracy 0.5732 | Adv accuracy: 0.5732 | Counter-attack accuracy: 0.5000
2026-02-06 17:20:27,443 - ADV_Generation_eps_0.0_steps_0_Added_Noise_uniform_Eps_40.0_Tau_Type_normal_anchors - INFO - Batch 329/1692: Clean accuracy 0.5714 | Adv accuracy: 0.5714 | Counter-attack accuracy: 0.4985
2026-02-06 17:20:27,697 - ADV_Generation_eps_0.0_steps_0_Added_Noise_uniform_Eps_40.0_Tau_Type_normal_anchors - INFO - Batch 330/1692: Clean accuracy 0.5727 | Adv accuracy: 0.5727 | Counter-attack accuracy: 0.4970
2026-02-06 17:20:27,951 - ADV_Generation_eps_0.0_steps_0_Added_Noise_uniform_Eps_40.0_Tau_Type_normal_anchors - INFO - Batch 331/1692: Clean accuracy 0.5740 | Adv accuracy: 0.5740 | Counter-attack accuracy: 0.4955
2026-02-06 17:20:28,205 - ADV_Generation_eps_0.0_steps_0_Added_Noise_uniform_Eps_40.0_Tau_Type_normal_anchors - INFO - Batch 332/1692: Clean accuracy 0.5753 | Adv accuracy: 0.5753 | Counter-attack accuracy: 0.4970
2026-02-06 17:20:28,459 - ADV_Generation_eps_0.0_steps_0_Added_Noise_uniform_Eps_40.0_Tau_Type_normal_anchors - INFO - Batch 333/1692: Clean accuracy 0.5766 | Adv accuracy: 0.5766 | Counter-attack accuracy: 0.4955
2026-02-06 17:20:28,713 - ADV_Generation_eps_0.0_steps_0_Added_Noise_uniform_Eps_40.0_Tau_Type_normal_anchors - INFO - Batch 334/1692: Clean accuracy 0.5778 | Adv accuracy: 0.5778 | Counter-attack accuracy: 0.4970
2026-02-06 17:20:28,967 - ADV_Generation_eps_0.0_steps_0_Added_Noise_uniform_Eps_40.0_Tau_Type_normal_anchors - INFO - Batch 335/1692: Clean accuracy 0.5791 | Adv accuracy: 0.5791 | Counter-attack accuracy: 0.4985
2026-02-06 17:20:29,221 - ADV_Generation_eps_0.0_steps_0_Added_Noise_uniform_Eps_40.0_Tau_Type_normal_anchors - INFO - Batch 336/1692: Clean accuracy 0.5804 | Adv accuracy: 0.5804 | Counter-attack accuracy: 0.5000
2026-02-06 17:20:29,475 - ADV_Generation_eps_0.0_steps_0_Added_Noise_uniform_Eps_40.0_Tau_Type_normal_anchors - INFO - Batch 337/1692: Clean accuracy 0.5816 | Adv accuracy: 0.5816 | Counter-attack accuracy: 0.5015
2026-02-06 17:20:29,729 - ADV_Generation_eps_0.0_steps_0_Added_Noise_uniform_Eps_40.0_Tau_Type_normal_anchors - INFO - Batch 338/1692: Clean accuracy 0.5828 | Adv accuracy: 0.5828 | Counter-attack accuracy: 0.5030
2026-02-06 17:20:29,983 - ADV_Generation_eps_0.0_steps_0_Added_Noise_uniform_Eps_40.0_Tau_Type_normal_anchors - INFO - Batch 339/1692: Clean accuracy 0.5841 | Adv accuracy: 0.5841 | Counter-attack accuracy: 0.5015
2026-02-06 17:20:30,237 - ADV_Generation_eps_0.0_steps_0_Added_Noise_uniform_Eps_40.0_Tau_Type_normal_anchors - INFO - Batch 340/1692: Clean accuracy 0.5853 | Adv accuracy: 0.5853 | Counter-attack accuracy: 0.5029
2026-02-06 17:20:30,491 - ADV_Generation_eps_0.0_steps_0_Added_Noise_uniform_Eps_40.0_Tau_Type_normal_anchors - INFO - Batch 341/1692: Clean accuracy 0.5865 | Adv accuracy: 0.5865 | Counter-attack accuracy: 0.5015
2026-02-06 17:20:30,745 - ADV_Generation_eps_0.0_steps_0_Added_Noise_uniform_Eps_40.0_Tau_Type_normal_anchors - INFO - Batch 342/1692: Clean accuracy 0.5848 | Adv accuracy: 0.5848 | Counter-attack accuracy: 0.5000
2026-02-06 17:20:30,999 - ADV_Generation_eps_0.0_steps_0_Added_Noise_uniform_Eps_40.0_Tau_Type_normal_anchors - INFO - Batch 343/1692: Clean accuracy 0.5860 | Adv accuracy: 0.5860 | Counter-attack accuracy: 0.5015
2026-02-06 17:20:31,253 - ADV_Generation_eps_0.0_steps_0_Added_Noise_uniform_Eps_40.0_Tau_Type_normal_anchors - INFO - Batch 344/1692: Clean accuracy 0.5872 | Adv accuracy: 0.5872 | Counter-attack accuracy: 0.5029
2026-02-06 17:20:31,507 - ADV_Generation_eps_0.0_steps_0_Added_Noise_uniform_Eps_40.0_Tau_Type_normal_anchors - INFO - Batch 345/1692: Clean accuracy 0.5884 | Adv accuracy: 0.5884 | Counter-attack accuracy: 0.5043
2026-02-06 17:20:31,761 - ADV_Generation_eps_0.0_steps_0_Added_Noise_uniform_Eps_40.0_Tau_Type_normal_anchors - INFO - Batch 346/1692: Clean accuracy 0.5896 | Adv accuracy: 0.5896 | Counter-attack accuracy: 0.5058
2026-02-06 17:20:32,015 - ADV_Generation_eps_0.0_steps_0_Added_Noise_uniform_Eps_40.0_Tau_Type_normal_anchors - INFO - Batch 347/1692: Clean accuracy 0.5908 | Adv accuracy: 0.5908 | Counter-attack accuracy: 0.5043
2026-02-06 17:20:32,269 - ADV_Generation_eps_0.0_steps_0_Added_Noise_uniform_Eps_40.0_Tau_Type_normal_anchors - INFO - Batch 348/1692: Clean accuracy 0.5920 | Adv accuracy: 0.5920 | Counter-attack accuracy: 0.5057
2026-02-06 17:20:32,523 - ADV_Generation_eps_0.0_steps_0_Added_Noise_uniform_Eps_40.0_Tau_Type_normal_anchors - INFO - Batch 349/1692: Clean accuracy 0.5931 | Adv accuracy: 0.5931 | Counter-attack accuracy: 0.5072
2026-02-06 17:20:32,777 - ADV_Generation_eps_0.0_steps_0_Added_Noise_uniform_Eps_40.0_Tau_Type_normal_anchors - INFO - Batch 350/1692: Clean accuracy 0.5943 | Adv accuracy: 0.5943 | Counter-attack accuracy: 0.5086
2026-02-06 17:20:33,032 - ADV_Generation_eps_0.0_steps_0_Added_Noise_uniform_Eps_40.0_Tau_Type_normal_anchors - INFO - Batch 351/1692: Clean accuracy 0.5954 | Adv accuracy: 0.5954 | Counter-attack accuracy: 0.5100
2026-02-06 17:20:33,286 - ADV_Generation_eps_0.0_steps_0_Added_Noise_uniform_Eps_40.0_Tau_Type_normal_anchors - INFO - Batch 352/1692: Clean accuracy 0.5966 | Adv accuracy: 0.5966 | Counter-attack accuracy: 0.5114
2026-02-06 17:20:33,540 - ADV_Generation_eps_0.0_steps_0_Added_Noise_uniform_Eps_40.0_Tau_Type_normal_anchors - INFO - Batch 353/1692: Clean accuracy 0.5977 | Adv accuracy: 0.5977 | Counter-attack accuracy: 0.5127
2026-02-06 17:20:33,794 - ADV_Generation_eps_0.0_steps_0_Added_Noise_uniform_Eps_40.0_Tau_Type_normal_anchors - INFO - Batch 354/1692: Clean accuracy 0.5989 | Adv accuracy: 0.5989 | Counter-attack accuracy: 0.5113
2026-02-06 17:20:34,048 - ADV_Generation_eps_0.0_steps_0_Added_Noise_uniform_Eps_40.0_Tau_Type_normal_anchors - INFO - Batch 355/1692: Clean accuracy 0.6000 | Adv accuracy: 0.6000 | Counter-attack accuracy: 0.5099
2026-02-06 17:20:34,302 - ADV_Generation_eps_0.0_steps_0_Added_Noise_uniform_Eps_40.0_Tau_Type_normal_anchors - INFO - Batch 356/1692: Clean accuracy 0.6011 | Adv accuracy: 0.6011 | Counter-attack accuracy: 0.5112
2026-02-06 17:20:34,557 - ADV_Generation_eps_0.0_steps_0_Added_Noise_uniform_Eps_40.0_Tau_Type_normal_anchors - INFO - Batch 357/1692: Clean accuracy 0.6022 | Adv accuracy: 0.6022 | Counter-attack accuracy: 0.5126
2026-02-06 17:20:34,810 - ADV_Generation_eps_0.0_steps_0_Added_Noise_uniform_Eps_40.0_Tau_Type_normal_anchors - INFO - Batch 358/1692: Clean accuracy 0.6034 | Adv accuracy: 0.6034 | Counter-attack accuracy: 0.5112
2026-02-06 17:20:35,064 - ADV_Generation_eps_0.0_steps_0_Added_Noise_uniform_Eps_40.0_Tau_Type_normal_anchors - INFO - Batch 359/1692: Clean accuracy 0.6045 | Adv accuracy: 0.6045 | Counter-attack accuracy: 0.5097
2026-02-06 17:20:35,318 - ADV_Generation_eps_0.0_steps_0_Added_Noise_uniform_Eps_40.0_Tau_Type_normal_anchors - INFO - Batch 360/1692: Clean accuracy 0.6028 | Adv accuracy: 0.6028 | Counter-attack accuracy: 0.5083
2026-02-06 17:20:35,573 - ADV_Generation_eps_0.0_steps_0_Added_Noise_uniform_Eps_40.0_Tau_Type_normal_anchors - INFO - Batch 361/1692: Clean accuracy 0.6011 | Adv accuracy: 0.6011 | Counter-attack accuracy: 0.5069
2026-02-06 17:20:35,827 - ADV_Generation_eps_0.0_steps_0_Added_Noise_uniform_Eps_40.0_Tau_Type_normal_anchors - INFO - Batch 362/1692: Clean accuracy 0.5994 | Adv accuracy: 0.5994 | Counter-attack accuracy: 0.5083
2026-02-06 17:20:36,081 - ADV_Generation_eps_0.0_steps_0_Added_Noise_uniform_Eps_40.0_Tau_Type_normal_anchors - INFO - Batch 363/1692: Clean accuracy 0.5978 | Adv accuracy: 0.5978 | Counter-attack accuracy: 0.5096
2026-02-06 17:20:36,335 - ADV_Generation_eps_0.0_steps_0_Added_Noise_uniform_Eps_40.0_Tau_Type_normal_anchors - INFO - Batch 364/1692: Clean accuracy 0.5962 | Adv accuracy: 0.5962 | Counter-attack accuracy: 0.5110
2026-02-06 17:20:36,589 - ADV_Generation_eps_0.0_steps_0_Added_Noise_uniform_Eps_40.0_Tau_Type_normal_anchors - INFO - Batch 365/1692: Clean accuracy 0.5973 | Adv accuracy: 0.5973 | Counter-attack accuracy: 0.5123
2026-02-06 17:20:36,843 - ADV_Generation_eps_0.0_steps_0_Added_Noise_uniform_Eps_40.0_Tau_Type_normal_anchors - INFO - Batch 366/1692: Clean accuracy 0.5956 | Adv accuracy: 0.5956 | Counter-attack accuracy: 0.5109
2026-02-06 17:20:37,097 - ADV_Generation_eps_0.0_steps_0_Added_Noise_uniform_Eps_40.0_Tau_Type_normal_anchors - INFO - Batch 367/1692: Clean accuracy 0.5940 | Adv accuracy: 0.5940 | Counter-attack accuracy: 0.5095
2026-02-06 17:20:37,351 - ADV_Generation_eps_0.0_steps_0_Added_Noise_uniform_Eps_40.0_Tau_Type_normal_anchors - INFO - Batch 368/1692: Clean accuracy 0.5924 | Adv accuracy: 0.5924 | Counter-attack accuracy: 0.5082
2026-02-06 17:20:37,605 - ADV_Generation_eps_0.0_steps_0_Added_Noise_uniform_Eps_40.0_Tau_Type_normal_anchors - INFO - Batch 369/1692: Clean accuracy 0.5908 | Adv accuracy: 0.5908 | Counter-attack accuracy: 0.5068
2026-02-06 17:20:37,859 - ADV_Generation_eps_0.0_steps_0_Added_Noise_uniform_Eps_40.0_Tau_Type_normal_anchors - INFO - Batch 370/1692: Clean accuracy 0.5892 | Adv accuracy: 0.5892 | Counter-attack accuracy: 0.5054
2026-02-06 17:20:38,113 - ADV_Generation_eps_0.0_steps_0_Added_Noise_uniform_Eps_40.0_Tau_Type_normal_anchors - INFO - Batch 371/1692: Clean accuracy 0.5876 | Adv accuracy: 0.5876 | Counter-attack accuracy: 0.5040
2026-02-06 17:20:38,367 - ADV_Generation_eps_0.0_steps_0_Added_Noise_uniform_Eps_40.0_Tau_Type_normal_anchors - INFO - Batch 372/1692: Clean accuracy 0.5860 | Adv accuracy: 0.5860 | Counter-attack accuracy: 0.5027
2026-02-06 17:20:38,622 - ADV_Generation_eps_0.0_steps_0_Added_Noise_uniform_Eps_40.0_Tau_Type_normal_anchors - INFO - Batch 373/1692: Clean accuracy 0.5871 | Adv accuracy: 0.5871 | Counter-attack accuracy: 0.5040
2026-02-06 17:20:38,876 - ADV_Generation_eps_0.0_steps_0_Added_Noise_uniform_Eps_40.0_Tau_Type_normal_anchors - INFO - Batch 374/1692: Clean accuracy 0.5856 | Adv accuracy: 0.5856 | Counter-attack accuracy: 0.5053
2026-02-06 17:20:39,130 - ADV_Generation_eps_0.0_steps_0_Added_Noise_uniform_Eps_40.0_Tau_Type_normal_anchors - INFO - Batch 375/1692: Clean accuracy 0.5840 | Adv accuracy: 0.5840 | Counter-attack accuracy: 0.5040
2026-02-06 17:20:39,384 - ADV_Generation_eps_0.0_steps_0_Added_Noise_uniform_Eps_40.0_Tau_Type_normal_anchors - INFO - Batch 376/1692: Clean accuracy 0.5824 | Adv accuracy: 0.5824 | Counter-attack accuracy: 0.5027
2026-02-06 17:20:39,638 - ADV_Generation_eps_0.0_steps_0_Added_Noise_uniform_Eps_40.0_Tau_Type_normal_anchors - INFO - Batch 377/1692: Clean accuracy 0.5836 | Adv accuracy: 0.5836 | Counter-attack accuracy: 0.5040
2026-02-06 17:20:39,892 - ADV_Generation_eps_0.0_steps_0_Added_Noise_uniform_Eps_40.0_Tau_Type_normal_anchors - INFO - Batch 378/1692: Clean accuracy 0.5820 | Adv accuracy: 0.5820 | Counter-attack accuracy: 0.5053
2026-02-06 17:20:40,146 - ADV_Generation_eps_0.0_steps_0_Added_Noise_uniform_Eps_40.0_Tau_Type_normal_anchors - INFO - Batch 379/1692: Clean accuracy 0.5805 | Adv accuracy: 0.5805 | Counter-attack accuracy: 0.5040
2026-02-06 17:20:40,400 - ADV_Generation_eps_0.0_steps_0_Added_Noise_uniform_Eps_40.0_Tau_Type_normal_anchors - INFO - Batch 380/1692: Clean accuracy 0.5789 | Adv accuracy: 0.5789 | Counter-attack accuracy: 0.5026
2026-02-06 17:20:40,654 - ADV_Generation_eps_0.0_steps_0_Added_Noise_uniform_Eps_40.0_Tau_Type_normal_anchors - INFO - Batch 381/1692: Clean accuracy 0.5774 | Adv accuracy: 0.5774 | Counter-attack accuracy: 0.5013
2026-02-06 17:20:40,908 - ADV_Generation_eps_0.0_steps_0_Added_Noise_uniform_Eps_40.0_Tau_Type_normal_anchors - INFO - Batch 382/1692: Clean accuracy 0.5759 | Adv accuracy: 0.5759 | Counter-attack accuracy: 0.5000
2026-02-06 17:20:41,162 - ADV_Generation_eps_0.0_steps_0_Added_Noise_uniform_Eps_40.0_Tau_Type_normal_anchors - INFO - Batch 383/1692: Clean accuracy 0.5744 | Adv accuracy: 0.5744 | Counter-attack accuracy: 0.4987
2026-02-06 17:20:41,416 - ADV_Generation_eps_0.0_steps_0_Added_Noise_uniform_Eps_40.0_Tau_Type_normal_anchors - INFO - Batch 384/1692: Clean accuracy 0.5729 | Adv accuracy: 0.5729 | Counter-attack accuracy: 0.4974
2026-02-06 17:20:41,670 - ADV_Generation_eps_0.0_steps_0_Added_Noise_uniform_Eps_40.0_Tau_Type_normal_anchors - INFO - Batch 385/1692: Clean accuracy 0.5714 | Adv accuracy: 0.5714 | Counter-attack accuracy: 0.4961
2026-02-06 17:20:41,924 - ADV_Generation_eps_0.0_steps_0_Added_Noise_uniform_Eps_40.0_Tau_Type_normal_anchors - INFO - Batch 386/1692: Clean accuracy 0.5699 | Adv accuracy: 0.5699 | Counter-attack accuracy: 0.4948
2026-02-06 17:20:42,178 - ADV_Generation_eps_0.0_steps_0_Added_Noise_uniform_Eps_40.0_Tau_Type_normal_anchors - INFO - Batch 387/1692: Clean accuracy 0.5685 | Adv accuracy: 0.5685 | Counter-attack accuracy: 0.4935
2026-02-06 17:20:42,432 - ADV_Generation_eps_0.0_steps_0_Added_Noise_uniform_Eps_40.0_Tau_Type_normal_anchors - INFO - Batch 388/1692: Clean accuracy 0.5670 | Adv accuracy: 0.5670 | Counter-attack accuracy: 0.4923
2026-02-06 17:20:42,686 - ADV_Generation_eps_0.0_steps_0_Added_Noise_uniform_Eps_40.0_Tau_Type_normal_anchors - INFO - Batch 389/1692: Clean accuracy 0.5656 | Adv accuracy: 0.5656 | Counter-attack accuracy: 0.4936
2026-02-06 17:20:42,940 - ADV_Generation_eps_0.0_steps_0_Added_Noise_uniform_Eps_40.0_Tau_Type_normal_anchors - INFO - Batch 390/1692: Clean accuracy 0.5641 | Adv accuracy: 0.5641 | Counter-attack accuracy: 0.4923
2026-02-06 17:20:43,194 - ADV_Generation_eps_0.0_steps_0_Added_Noise_uniform_Eps_40.0_Tau_Type_normal_anchors - INFO - Batch 391/1692: Clean accuracy 0.5627 | Adv accuracy: 0.5627 | Counter-attack accuracy: 0.4910
2026-02-06 17:20:43,448 - ADV_Generation_eps_0.0_steps_0_Added_Noise_uniform_Eps_40.0_Tau_Type_normal_anchors - INFO - Batch 392/1692: Clean accuracy 0.5612 | Adv accuracy: 0.5612 | Counter-attack accuracy: 0.4898
2026-02-06 17:20:43,702 - ADV_Generation_eps_0.0_steps_0_Added_Noise_uniform_Eps_40.0_Tau_Type_normal_anchors - INFO - Batch 393/1692: Clean accuracy 0.5623 | Adv accuracy: 0.5623 | Counter-attack accuracy: 0.4885
2026-02-06 17:20:43,956 - ADV_Generation_eps_0.0_steps_0_Added_Noise_uniform_Eps_40.0_Tau_Type_normal_anchors - INFO - Batch 394/1692: Clean accuracy 0.5609 | Adv accuracy: 0.5609 | Counter-attack accuracy: 0.4873
2026-02-06 17:20:44,210 - ADV_Generation_eps_0.0_steps_0_Added_Noise_uniform_Eps_40.0_Tau_Type_normal_anchors - INFO - Batch 395/1692: Clean accuracy 0.5595 | Adv accuracy: 0.5595 | Counter-attack accuracy: 0.4886
2026-02-06 17:20:44,464 - ADV_Generation_eps_0.0_steps_0_Added_Noise_uniform_Eps_40.0_Tau_Type_normal_anchors - INFO - Batch 396/1692: Clean accuracy 0.5581 | Adv accuracy: 0.5581 | Counter-attack accuracy: 0.4874
2026-02-06 17:20:44,718 - ADV_Generation_eps_0.0_steps_0_Added_Noise_uniform_Eps_40.0_Tau_Type_normal_anchors - INFO - Batch 397/1692: Clean accuracy 0.5592 | Adv accuracy: 0.5592 | Counter-attack accuracy: 0.4887
2026-02-06 17:20:44,972 - ADV_Generation_eps_0.0_steps_0_Added_Noise_uniform_Eps_40.0_Tau_Type_normal_anchors - INFO - Batch 398/1692: Clean accuracy 0.5603 | Adv accuracy: 0.5603 | Counter-attack accuracy: 0.4874
2026-02-06 17:20:45,226 - ADV_Generation_eps_0.0_steps_0_Added_Noise_uniform_Eps_40.0_Tau_Type_normal_anchors - INFO - Batch 399/1692: Clean accuracy 0.5614 | Adv accuracy: 0.5614 | Counter-attack accuracy: 0.4862
2026-02-06 17:20:45,480 - ADV_Generation_eps_0.0_steps_0_Added_Noise_uniform_Eps_40.0_Tau_Type_normal_anchors - INFO - Batch 400/1692: Clean accuracy 0.5625 | Adv accuracy: 0.5625 | Counter-attack accuracy: 0.4850
2026-02-06 17:20:45,734 - ADV_Generation_eps_0.0_steps_0_Added_Noise_uniform_Eps_40.0_Tau_Type_normal_anchors - INFO - Batch 401/1692: Clean accuracy 0.5636 | Adv accuracy: 0.5636 | Counter-attack accuracy: 0.4863
2026-02-06 17:20:45,988 - ADV_Generation_eps_0.0_steps_0_Added_Noise_uniform_Eps_40.0_Tau_Type_normal_anchors - INFO - Batch 402/1692: Clean accuracy 0.5622 | Adv accuracy: 0.5622 | Counter-attack accuracy: 0.4851
2026-02-06 17:20:46,242 - ADV_Generation_eps_0.0_steps_0_Added_Noise_uniform_Eps_40.0_Tau_Type_normal_anchors - INFO - Batch 403/1692: Clean accuracy 0.5633 | Adv accuracy: 0.5633 | Counter-attack accuracy: 0.4839
2026-02-06 17:20:46,496 - ADV_Generation_eps_0.0_steps_0_Added_Noise_uniform_Eps_40.0_Tau_Type_normal_anchors - INFO - Batch 404/1692: Clean accuracy 0.5644 | Adv accuracy: 0.5644 | Counter-attack accuracy: 0.4851
2026-02-06 17:20:46,749 - ADV_Generation_eps_0.0_steps_0_Added_Noise_uniform_Eps_40.0_Tau_Type_normal_anchors - INFO - Batch 405/1692: Clean accuracy 0.5654 | Adv accuracy: 0.5654 | Counter-attack accuracy: 0.4840
2026-02-06 17:20:47,003 - ADV_Generation_eps_0.0_steps_0_Added_Noise_uniform_Eps_40.0_Tau_Type_normal_anchors - INFO - Batch 406/1692: Clean accuracy 0.5665 | Adv accuracy: 0.5665 | Counter-attack accuracy: 0.4852
2026-02-06 17:20:47,257 - ADV_Generation_eps_0.0_steps_0_Added_Noise_uniform_Eps_40.0_Tau_Type_normal_anchors - INFO - Batch 407/1692: Clean accuracy 0.5676 | Adv accuracy: 0.5676 | Counter-attack accuracy: 0.4865
2026-02-06 17:20:47,511 - ADV_Generation_eps_0.0_steps_0_Added_Noise_uniform_Eps_40.0_Tau_Type_normal_anchors - INFO - Batch 408/1692: Clean accuracy 0.5686 | Adv accuracy: 0.5686 | Counter-attack accuracy: 0.4877
2026-02-06 17:20:47,765 - ADV_Generation_eps_0.0_steps_0_Added_Noise_uniform_Eps_40.0_Tau_Type_normal_anchors - INFO - Batch 409/1692: Clean accuracy 0.5697 | Adv accuracy: 0.5697 | Counter-attack accuracy: 0.4890
2026-02-06 17:20:48,019 - ADV_Generation_eps_0.0_steps_0_Added_Noise_uniform_Eps_40.0_Tau_Type_normal_anchors - INFO - Batch 410/1692: Clean accuracy 0.5683 | Adv accuracy: 0.5683 | Counter-attack accuracy: 0.4902
2026-02-06 17:20:48,273 - ADV_Generation_eps_0.0_steps_0_Added_Noise_uniform_Eps_40.0_Tau_Type_normal_anchors - INFO - Batch 411/1692: Clean accuracy 0.5669 | Adv accuracy: 0.5669 | Counter-attack accuracy: 0.4891
2026-02-06 17:20:48,527 - ADV_Generation_eps_0.0_steps_0_Added_Noise_uniform_Eps_40.0_Tau_Type_normal_anchors - INFO - Batch 412/1692: Clean accuracy 0.5680 | Adv accuracy: 0.5680 | Counter-attack accuracy: 0.4903
2026-02-06 17:20:48,781 - ADV_Generation_eps_0.0_steps_0_Added_Noise_uniform_Eps_40.0_Tau_Type_normal_anchors - INFO - Batch 413/1692: Clean accuracy 0.5690 | Adv accuracy: 0.5690 | Counter-attack accuracy: 0.4915
2026-02-06 17:20:49,035 - ADV_Generation_eps_0.0_steps_0_Added_Noise_uniform_Eps_40.0_Tau_Type_normal_anchors - INFO - Batch 414/1692: Clean accuracy 0.5700 | Adv accuracy: 0.5700 | Counter-attack accuracy: 0.4903
2026-02-06 17:20:49,289 - ADV_Generation_eps_0.0_steps_0_Added_Noise_uniform_Eps_40.0_Tau_Type_normal_anchors - INFO - Batch 415/1692: Clean accuracy 0.5711 | Adv accuracy: 0.5711 | Counter-attack accuracy: 0.4916
2026-02-06 17:20:49,543 - ADV_Generation_eps_0.0_steps_0_Added_Noise_uniform_Eps_40.0_Tau_Type_normal_anchors - INFO - Batch 416/1692: Clean accuracy 0.5721 | Adv accuracy: 0.5721 | Counter-attack accuracy: 0.4904
2026-02-06 17:20:49,797 - ADV_Generation_eps_0.0_steps_0_Added_Noise_uniform_Eps_40.0_Tau_Type_normal_anchors - INFO - Batch 417/1692: Clean accuracy 0.5731 | Adv accuracy: 0.5731 | Counter-attack accuracy: 0.4916
2026-02-06 17:20:50,051 - ADV_Generation_eps_0.0_steps_0_Added_Noise_uniform_Eps_40.0_Tau_Type_normal_anchors - INFO - Batch 418/1692: Clean accuracy 0.5742 | Adv accuracy: 0.5742 | Counter-attack accuracy: 0.4928
2026-02-06 17:20:50,305 - ADV_Generation_eps_0.0_steps_0_Added_Noise_uniform_Eps_40.0_Tau_Type_normal_anchors - INFO - Batch 419/1692: Clean accuracy 0.5752 | Adv accuracy: 0.5752 | Counter-attack accuracy: 0.4940
2026-02-06 17:20:50,559 - ADV_Generation_eps_0.0_steps_0_Added_Noise_uniform_Eps_40.0_Tau_Type_normal_anchors - INFO - Batch 420/1692: Clean accuracy 0.5762 | Adv accuracy: 0.5762 | Counter-attack accuracy: 0.4952
2026-02-06 17:20:50,813 - ADV_Generation_eps_0.0_steps_0_Added_Noise_uniform_Eps_40.0_Tau_Type_normal_anchors - INFO - Batch 421/1692: Clean accuracy 0.5772 | Adv accuracy: 0.5772 | Counter-attack accuracy: 0.4941
2026-02-06 17:20:51,067 - ADV_Generation_eps_0.0_steps_0_Added_Noise_uniform_Eps_40.0_Tau_Type_normal_anchors - INFO - Batch 422/1692: Clean accuracy 0.5782 | Adv accuracy: 0.5782 | Counter-attack accuracy: 0.4953
2026-02-06 17:20:51,321 - ADV_Generation_eps_0.0_steps_0_Added_Noise_uniform_Eps_40.0_Tau_Type_normal_anchors - INFO - Batch 423/1692: Clean accuracy 0.5792 | Adv accuracy: 0.5792 | Counter-attack accuracy: 0.4965
2026-02-06 17:20:51,575 - ADV_Generation_eps_0.0_steps_0_Added_Noise_uniform_Eps_40.0_Tau_Type_normal_anchors - INFO - Batch 424/1692: Clean accuracy 0.5802 | Adv accuracy: 0.5802 | Counter-attack accuracy: 0.4953
2026-02-06 17:20:51,829 - ADV_Generation_eps_0.0_steps_0_Added_Noise_uniform_Eps_40.0_Tau_Type_normal_anchors - INFO - Batch 425/1692: Clean accuracy 0.5812 | Adv accuracy: 0.5812 | Counter-attack accuracy: 0.4965
2026-02-06 17:20:52,083 - ADV_Generation_eps_0.0_steps_0_Added_Noise_uniform_Eps_40.0_Tau_Type_normal_anchors - INFO - Batch 426/1692: Clean accuracy 0.5822 | Adv accuracy: 0.5822 | Counter-attack accuracy: 0.4977
2026-02-06 17:20:52,337 - ADV_Generation_eps_0.0_steps_0_Added_Noise_uniform_Eps_40.0_Tau_Type_normal_anchors - INFO - Batch 427/1692: Clean accuracy 0.5831 | Adv accuracy: 0.5831 | Counter-attack accuracy: 0.4965
2026-02-06 17:20:52,591 - ADV_Generation_eps_0.0_steps_0_Added_Noise_uniform_Eps_40.0_Tau_Type_normal_anchors - INFO - Batch 428/1692: Clean accuracy 0.5841 | Adv accuracy: 0.5841 | Counter-attack accuracy: 0.4977
2026-02-06 17:20:52,845 - ADV_Generation_eps_0.0_steps_0_Added_Noise_uniform_Eps_40.0_Tau_Type_normal_anchors - INFO - Batch 429/1692: Clean accuracy 0.5851 | Adv accuracy: 0.5851 | Counter-attack accuracy: 0.4965
2026-02-06 17:20:53,099 - ADV_Generation_eps_0.0_steps_0_Added_Noise_uniform_Eps_40.0_Tau_Type_normal_anchors - INFO - Batch 430/1692: Clean accuracy 0.5860 | Adv accuracy: 0.5860 | Counter-attack accuracy: 0.4977
2026-02-06 17:20:53,353 - ADV_Generation_eps_0.0_steps_0_Added_Noise_uniform_Eps_40.0_Tau_Type_normal_anchors - INFO - Batch 431/1692: Clean accuracy 0.5870 | Adv accuracy: 0.5870 | Counter-attack accuracy: 0.4988
2026-02-06 17:20:53,607 - ADV_Generation_eps_0.0_steps_0_Added_Noise_uniform_Eps_40.0_Tau_Type_normal_anchors - INFO - Batch 432/1692: Clean accuracy 0.5856 | Adv accuracy: 0.5856 | Counter-attack accuracy: 0.4977
2026-02-06 17:20:53,861 - ADV_Generation_eps_0.0_steps_0_Added_Noise_uniform_Eps_40.0_Tau_Type_normal_anchors - INFO - Batch 433/1692: Clean accuracy 0.5866 | Adv accuracy: 0.5866 | Counter-attack accuracy: 0.4988
2026-02-06 17:20:54,115 - ADV_Generation_eps_0.0_steps_0_Added_Noise_uniform_Eps_40.0_Tau_Type_normal_anchors - INFO - Batch 434/1692: Clean accuracy 0.5853 | Adv accuracy: 0.5853 | Counter-attack accuracy: 0.4977
2026-02-06 17:20:54,369 - ADV_Generation_eps_0.0_steps_0_Added_Noise_uniform_Eps_40.0_Tau_Type_normal_anchors - INFO - Batch 435/1692: Clean accuracy 0.5839 | Adv accuracy: 0.5839 | Counter-attack accuracy: 0.4966
2026-02-06 17:20:54,622 - ADV_Generation_eps_0.0_steps_0_Added_Noise_uniform_Eps_40.0_Tau_Type_normal_anchors - INFO - Batch 436/1692: Clean accuracy 0.5826 | Adv accuracy: 0.5826 | Counter-attack accuracy: 0.4977
2026-02-06 17:20:54,876 - ADV_Generation_eps_0.0_steps_0_Added_Noise_uniform_Eps_40.0_Tau_Type_normal_anchors - INFO - Batch 437/1692: Clean accuracy 0.5812 | Adv accuracy: 0.5812 | Counter-attack accuracy: 0.4966
2026-02-06 17:20:55,130 - ADV_Generation_eps_0.0_steps_0_Added_Noise_uniform_Eps_40.0_Tau_Type_normal_anchors - INFO - Batch 438/1692: Clean accuracy 0.5799 | Adv accuracy: 0.5799 | Counter-attack accuracy: 0.4954
2026-02-06 17:20:55,384 - ADV_Generation_eps_0.0_steps_0_Added_Noise_uniform_Eps_40.0_Tau_Type_normal_anchors - INFO - Batch 439/1692: Clean accuracy 0.5809 | Adv accuracy: 0.5809 | Counter-attack accuracy: 0.4943
2026-02-06 17:20:55,638 - ADV_Generation_eps_0.0_steps_0_Added_Noise_uniform_Eps_40.0_Tau_Type_normal_anchors - INFO - Batch 440/1692: Clean accuracy 0.5818 | Adv accuracy: 0.5818 | Counter-attack accuracy: 0.4955
2026-02-06 17:20:55,892 - ADV_Generation_eps_0.0_steps_0_Added_Noise_uniform_Eps_40.0_Tau_Type_normal_anchors - INFO - Batch 441/1692: Clean accuracy 0.5828 | Adv accuracy: 0.5828 | Counter-attack accuracy: 0.4966
2026-02-06 17:20:56,146 - ADV_Generation_eps_0.0_steps_0_Added_Noise_uniform_Eps_40.0_Tau_Type_normal_anchors - INFO - Batch 442/1692: Clean accuracy 0.5814 | Adv accuracy: 0.5814 | Counter-attack accuracy: 0.4955
2026-02-06 17:20:56,400 - ADV_Generation_eps_0.0_steps_0_Added_Noise_uniform_Eps_40.0_Tau_Type_normal_anchors - INFO - Batch 443/1692: Clean accuracy 0.5801 | Adv accuracy: 0.5801 | Counter-attack accuracy: 0.4944
2026-02-06 17:20:56,654 - ADV_Generation_eps_0.0_steps_0_Added_Noise_uniform_Eps_40.0_Tau_Type_normal_anchors - INFO - Batch 444/1692: Clean accuracy 0.5788 | Adv accuracy: 0.5788 | Counter-attack accuracy: 0.4932
2026-02-06 17:20:56,908 - ADV_Generation_eps_0.0_steps_0_Added_Noise_uniform_Eps_40.0_Tau_Type_normal_anchors - INFO - Batch 445/1692: Clean accuracy 0.5775 | Adv accuracy: 0.5775 | Counter-attack accuracy: 0.4921
2026-02-06 17:20:57,162 - ADV_Generation_eps_0.0_steps_0_Added_Noise_uniform_Eps_40.0_Tau_Type_normal_anchors - INFO - Batch 446/1692: Clean accuracy 0.5762 | Adv accuracy: 0.5762 | Counter-attack accuracy: 0.4910
2026-02-06 17:20:57,416 - ADV_Generation_eps_0.0_steps_0_Added_Noise_uniform_Eps_40.0_Tau_Type_normal_anchors - INFO - Batch 447/1692: Clean accuracy 0.5772 | Adv accuracy: 0.5772 | Counter-attack accuracy: 0.4899
2026-02-06 17:20:57,670 - ADV_Generation_eps_0.0_steps_0_Added_Noise_uniform_Eps_40.0_Tau_Type_normal_anchors - INFO - Batch 448/1692: Clean accuracy 0.5759 | Adv accuracy: 0.5759 | Counter-attack accuracy: 0.4888
2026-02-06 17:20:57,924 - ADV_Generation_eps_0.0_steps_0_Added_Noise_uniform_Eps_40.0_Tau_Type_normal_anchors - INFO - Batch 449/1692: Clean accuracy 0.5768 | Adv accuracy: 0.5768 | Counter-attack accuracy: 0.4900
2026-02-06 17:20:58,178 - ADV_Generation_eps_0.0_steps_0_Added_Noise_uniform_Eps_40.0_Tau_Type_normal_anchors - INFO - Batch 450/1692: Clean accuracy 0.5756 | Adv accuracy: 0.5756 | Counter-attack accuracy: 0.4889
2026-02-06 17:20:58,432 - ADV_Generation_eps_0.0_steps_0_Added_Noise_uniform_Eps_40.0_Tau_Type_normal_anchors - INFO - Batch 451/1692: Clean accuracy 0.5743 | Adv accuracy: 0.5743 | Counter-attack accuracy: 0.4900
2026-02-06 17:20:58,686 - ADV_Generation_eps_0.0_steps_0_Added_Noise_uniform_Eps_40.0_Tau_Type_normal_anchors - INFO - Batch 452/1692: Clean accuracy 0.5730 | Adv accuracy: 0.5730 | Counter-attack accuracy: 0.4912
2026-02-06 17:20:58,940 - ADV_Generation_eps_0.0_steps_0_Added_Noise_uniform_Eps_40.0_Tau_Type_normal_anchors - INFO - Batch 453/1692: Clean accuracy 0.5717 | Adv accuracy: 0.5717 | Counter-attack accuracy: 0.4923
2026-02-06 17:20:59,194 - ADV_Generation_eps_0.0_steps_0_Added_Noise_uniform_Eps_40.0_Tau_Type_normal_anchors - INFO - Batch 454/1692: Clean accuracy 0.5705 | Adv accuracy: 0.5705 | Counter-attack accuracy: 0.4912
2026-02-06 17:20:59,448 - ADV_Generation_eps_0.0_steps_0_Added_Noise_uniform_Eps_40.0_Tau_Type_normal_anchors - INFO - Batch 455/1692: Clean accuracy 0.5714 | Adv accuracy: 0.5714 | Counter-attack accuracy: 0.4923
2026-02-06 17:20:59,702 - ADV_Generation_eps_0.0_steps_0_Added_Noise_uniform_Eps_40.0_Tau_Type_normal_anchors - INFO - Batch 456/1692: Clean accuracy 0.5702 | Adv accuracy: 0.5702 | Counter-attack accuracy: 0.4912
2026-02-06 17:20:59,956 - ADV_Generation_eps_0.0_steps_0_Added_Noise_uniform_Eps_40.0_Tau_Type_normal_anchors - INFO - Batch 457/1692: Clean accuracy 0.5711 | Adv accuracy: 0.5711 | Counter-attack accuracy: 0.4923
2026-02-06 17:21:00,210 - ADV_Generation_eps_0.0_steps_0_Added_Noise_uniform_Eps_40.0_Tau_Type_normal_anchors - INFO - Batch 458/1692: Clean accuracy 0.5721 | Adv accuracy: 0.5721 | Counter-attack accuracy: 0.4934
2026-02-06 17:21:00,464 - ADV_Generation_eps_0.0_steps_0_Added_Noise_uniform_Eps_40.0_Tau_Type_normal_anchors - INFO - Batch 459/1692: Clean accuracy 0.5730 | Adv accuracy: 0.5730 | Counter-attack accuracy: 0.4946
2026-02-06 17:21:00,718 - ADV_Generation_eps_0.0_steps_0_Added_Noise_uniform_Eps_40.0_Tau_Type_normal_anchors - INFO - Batch 460/1692: Clean accuracy 0.5717 | Adv accuracy: 0.5717 | Counter-attack accuracy: 0.4935
2026-02-06 17:21:00,972 - ADV_Generation_eps_0.0_steps_0_Added_Noise_uniform_Eps_40.0_Tau_Type_normal_anchors - INFO - Batch 461/1692: Clean accuracy 0.5727 | Adv accuracy: 0.5727 | Counter-attack accuracy: 0.4946
2026-02-06 17:21:01,226 - ADV_Generation_eps_0.0_steps_0_Added_Noise_uniform_Eps_40.0_Tau_Type_normal_anchors - INFO - Batch 462/1692: Clean accuracy 0.5736 | Adv accuracy: 0.5736 | Counter-attack accuracy: 0.4957
2026-02-06 17:21:01,480 - ADV_Generation_eps_0.0_steps_0_Added_Noise_uniform_Eps_40.0_Tau_Type_normal_anchors - INFO - Batch 463/1692: Clean accuracy 0.5724 | Adv accuracy: 0.5724 | Counter-attack accuracy: 0.4946
2026-02-06 17:21:01,733 - ADV_Generation_eps_0.0_steps_0_Added_Noise_uniform_Eps_40.0_Tau_Type_normal_anchors - INFO - Batch 464/1692: Clean accuracy 0.5711 | Adv accuracy: 0.5711 | Counter-attack accuracy: 0.4935
2026-02-06 17:21:01,987 - ADV_Generation_eps_0.0_steps_0_Added_Noise_uniform_Eps_40.0_Tau_Type_normal_anchors - INFO - Batch 465/1692: Clean accuracy 0.5720 | Adv accuracy: 0.5720 | Counter-attack accuracy: 0.4946
2026-02-06 17:21:02,241 - ADV_Generation_eps_0.0_steps_0_Added_Noise_uniform_Eps_40.0_Tau_Type_normal_anchors - INFO - Batch 466/1692: Clean accuracy 0.5708 | Adv accuracy: 0.5708 | Counter-attack accuracy: 0.4936
2026-02-06 17:21:02,495 - ADV_Generation_eps_0.0_steps_0_Added_Noise_uniform_Eps_40.0_Tau_Type_normal_anchors - INFO - Batch 467/1692: Clean accuracy 0.5717 | Adv accuracy: 0.5717 | Counter-attack accuracy: 0.4946
2026-02-06 17:21:02,749 - ADV_Generation_eps_0.0_steps_0_Added_Noise_uniform_Eps_40.0_Tau_Type_normal_anchors - INFO - Batch 468/1692: Clean accuracy 0.5705 | Adv accuracy: 0.5705 | Counter-attack accuracy: 0.4936
2026-02-06 17:21:03,003 - ADV_Generation_eps_0.0_steps_0_Added_Noise_uniform_Eps_40.0_Tau_Type_normal_anchors - INFO - Batch 469/1692: Clean accuracy 0.5714 | Adv accuracy: 0.5714 | Counter-attack accuracy: 0.4947
2026-02-06 17:21:03,257 - ADV_Generation_eps_0.0_steps_0_Added_Noise_uniform_Eps_40.0_Tau_Type_normal_anchors - INFO - Batch 470/1692: Clean accuracy 0.5723 | Adv accuracy: 0.5723 | Counter-attack accuracy: 0.4957
2026-02-06 17:21:03,511 - ADV_Generation_eps_0.0_steps_0_Added_Noise_uniform_Eps_40.0_Tau_Type_normal_anchors - INFO - Batch 471/1692: Clean accuracy 0.5732 | Adv accuracy: 0.5732 | Counter-attack accuracy: 0.4968
2026-02-06 17:21:03,765 - ADV_Generation_eps_0.0_steps_0_Added_Noise_uniform_Eps_40.0_Tau_Type_normal_anchors - INFO - Batch 472/1692: Clean accuracy 0.5720 | Adv accuracy: 0.5720 | Counter-attack accuracy: 0.4958
2026-02-06 17:21:04,019 - ADV_Generation_eps_0.0_steps_0_Added_Noise_uniform_Eps_40.0_Tau_Type_normal_anchors - INFO - Batch 473/1692: Clean accuracy 0.5708 | Adv accuracy: 0.5708 | Counter-attack accuracy: 0.4947
2026-02-06 17:21:04,273 - ADV_Generation_eps_0.0_steps_0_Added_Noise_uniform_Eps_40.0_Tau_Type_normal_anchors - INFO - Batch 474/1692: Clean accuracy 0.5717 | Adv accuracy: 0.5717 | Counter-attack accuracy: 0.4958
2026-02-06 17:21:04,527 - ADV_Generation_eps_0.0_steps_0_Added_Noise_uniform_Eps_40.0_Tau_Type_normal_anchors - INFO - Batch 475/1692: Clean accuracy 0.5726 | Adv accuracy: 0.5726 | Counter-attack accuracy: 0.4968
2026-02-06 17:21:04,781 - ADV_Generation_eps_0.0_steps_0_Added_Noise_uniform_Eps_40.0_Tau_Type_normal_anchors - INFO - Batch 476/1692: Clean accuracy 0.5735 | Adv accuracy: 0.5735 | Counter-attack accuracy: 0.4958
2026-02-06 17:21:05,035 - ADV_Generation_eps_0.0_steps_0_Added_Noise_uniform_Eps_40.0_Tau_Type_normal_anchors - INFO - Batch 477/1692: Clean accuracy 0.5744 | Adv accuracy: 0.5744 | Counter-attack accuracy: 0.4969
2026-02-06 17:21:05,289 - ADV_Generation_eps_0.0_steps_0_Added_Noise_uniform_Eps_40.0_Tau_Type_normal_anchors - INFO - Batch 478/1692: Clean accuracy 0.5753 | Adv accuracy: 0.5753 | Counter-attack accuracy: 0.4979
2026-02-06 17:21:05,543 - ADV_Generation_eps_0.0_steps_0_Added_Noise_uniform_Eps_40.0_Tau_Type_normal_anchors - INFO - Batch 479/1692: Clean accuracy 0.5741 | Adv accuracy: 0.5741 | Counter-attack accuracy: 0.4969
2026-02-06 17:21:05,797 - ADV_Generation_eps_0.0_steps_0_Added_Noise_uniform_Eps_40.0_Tau_Type_normal_anchors - INFO - Batch 480/1692: Clean accuracy 0.5750 | Adv accuracy: 0.5750 | Counter-attack accuracy: 0.4979
2026-02-06 17:21:06,051 - ADV_Generation_eps_0.0_steps_0_Added_Noise_uniform_Eps_40.0_Tau_Type_normal_anchors - INFO - Batch 481/1692: Clean accuracy 0.5759 | Adv accuracy: 0.5759 | Counter-attack accuracy: 0.4990
2026-02-06 17:21:06,305 - ADV_Generation_eps_0.0_steps_0_Added_Noise_uniform_Eps_40.0_Tau_Type_normal_anchors - INFO - Batch 482/1692: Clean accuracy 0.5768 | Adv accuracy: 0.5768 | Counter-attack accuracy: 0.5000
2026-02-06 17:21:06,559 - ADV_Generation_eps_0.0_steps_0_Added_Noise_uniform_Eps_40.0_Tau_Type_normal_anchors - INFO - Batch 483/1692: Clean accuracy 0.5776 | Adv accuracy: 0.5776 | Counter-attack accuracy: 0.5010
2026-02-06 17:21:06,813 - ADV_Generation_eps_0.0_steps_0_Added_Noise_uniform_Eps_40.0_Tau_Type_normal_anchors - INFO - Batch 484/1692: Clean accuracy 0.5764 | Adv accuracy: 0.5764 | Counter-attack accuracy: 0.5000
2026-02-06 17:21:07,066 - ADV_Generation_eps_0.0_steps_0_Added_Noise_uniform_Eps_40.0_Tau_Type_normal_anchors - INFO - Batch 485/1692: Clean accuracy 0.5773 | Adv accuracy: 0.5773 | Counter-attack accuracy: 0.5010
2026-02-06 17:21:07,320 - ADV_Generation_eps_0.0_steps_0_Added_Noise_uniform_Eps_40.0_Tau_Type_normal_anchors - INFO - Batch 486/1692: Clean accuracy 0.5761 | Adv accuracy: 0.5761 | Counter-attack accuracy: 0.5000
2026-02-06 17:21:07,574 - ADV_Generation_eps_0.0_steps_0_Added_Noise_uniform_Eps_40.0_Tau_Type_normal_anchors - INFO - Batch 487/1692: Clean accuracy 0.5749 | Adv accuracy: 0.5749 | Counter-attack accuracy: 0.4990
2026-02-06 17:21:07,828 - ADV_Generation_eps_0.0_steps_0_Added_Noise_uniform_Eps_40.0_Tau_Type_normal_anchors - INFO - Batch 488/1692: Clean accuracy 0.5738 | Adv accuracy: 0.5738 | Counter-attack accuracy: 0.4980
2026-02-06 17:21:08,082 - ADV_Generation_eps_0.0_steps_0_Added_Noise_uniform_Eps_40.0_Tau_Type_normal_anchors - INFO - Batch 489/1692: Clean accuracy 0.5746 | Adv accuracy: 0.5746 | Counter-attack accuracy: 0.4990
2026-02-06 17:21:08,336 - ADV_Generation_eps_0.0_steps_0_Added_Noise_uniform_Eps_40.0_Tau_Type_normal_anchors - INFO - Batch 490/1692: Clean accuracy 0.5755 | Adv accuracy: 0.5755 | Counter-attack accuracy: 0.4980
2026-02-06 17:21:08,590 - ADV_Generation_eps_0.0_steps_0_Added_Noise_uniform_Eps_40.0_Tau_Type_normal_anchors - INFO - Batch 491/1692: Clean accuracy 0.5764 | Adv accuracy: 0.5764 | Counter-attack accuracy: 0.4990
2026-02-06 17:21:08,844 - ADV_Generation_eps_0.0_steps_0_Added_Noise_uniform_Eps_40.0_Tau_Type_normal_anchors - INFO - Batch 492/1692: Clean accuracy 0.5772 | Adv accuracy: 0.5772 | Counter-attack accuracy: 0.5000
2026-02-06 17:21:09,098 - ADV_Generation_eps_0.0_steps_0_Added_Noise_uniform_Eps_40.0_Tau_Type_normal_anchors - INFO - Batch 493/1692: Clean accuracy 0.5781 | Adv accuracy: 0.5781 | Counter-attack accuracy: 0.5010
2026-02-06 17:21:09,352 - ADV_Generation_eps_0.0_steps_0_Added_Noise_uniform_Eps_40.0_Tau_Type_normal_anchors - INFO - Batch 494/1692: Clean accuracy 0.5769 | Adv accuracy: 0.5769 | Counter-attack accuracy: 0.5000
2026-02-06 17:21:09,606 - ADV_Generation_eps_0.0_steps_0_Added_Noise_uniform_Eps_40.0_Tau_Type_normal_anchors - INFO - Batch 495/1692: Clean accuracy 0.5778 | Adv accuracy: 0.5778 | Counter-attack accuracy: 0.5010
2026-02-06 17:21:09,860 - ADV_Generation_eps_0.0_steps_0_Added_Noise_uniform_Eps_40.0_Tau_Type_normal_anchors - INFO - Batch 496/1692: Clean accuracy 0.5766 | Adv accuracy: 0.5766 | Counter-attack accuracy: 0.5000
2026-02-06 17:21:10,114 - ADV_Generation_eps_0.0_steps_0_Added_Noise_uniform_Eps_40.0_Tau_Type_normal_anchors - INFO - Batch 497/1692: Clean accuracy 0.5755 | Adv accuracy: 0.5755 | Counter-attack accuracy: 0.4990
2026-02-06 17:21:10,367 - ADV_Generation_eps_0.0_steps_0_Added_Noise_uniform_Eps_40.0_Tau_Type_normal_anchors - INFO - Batch 498/1692: Clean accuracy 0.5743 | Adv accuracy: 0.5743 | Counter-attack accuracy: 0.4980
2026-02-06 17:21:10,621 - ADV_Generation_eps_0.0_steps_0_Added_Noise_uniform_Eps_40.0_Tau_Type_normal_anchors - INFO - Batch 499/1692: Clean accuracy 0.5752 | Adv accuracy: 0.5752 | Counter-attack accuracy: 0.4970
2026-02-06 17:21:10,875 - ADV_Generation_eps_0.0_steps_0_Added_Noise_uniform_Eps_40.0_Tau_Type_normal_anchors - INFO - Batch 500/1692: Clean accuracy 0.5740 | Adv accuracy: 0.5740 | Counter-attack accuracy: 0.4960
2026-02-06 17:21:11,129 - ADV_Generation_eps_0.0_steps_0_Added_Noise_uniform_Eps_40.0_Tau_Type_normal_anchors - INFO - Batch 501/1692: Clean accuracy 0.5729 | Adv accuracy: 0.5729 | Counter-attack accuracy: 0.4950
2026-02-06 17:21:11,383 - ADV_Generation_eps_0.0_steps_0_Added_Noise_uniform_Eps_40.0_Tau_Type_normal_anchors - INFO - Batch 502/1692: Clean accuracy 0.5717 | Adv accuracy: 0.5717 | Counter-attack accuracy: 0.4940
2026-02-06 17:21:11,637 - ADV_Generation_eps_0.0_steps_0_Added_Noise_uniform_Eps_40.0_Tau_Type_normal_anchors - INFO - Batch 503/1692: Clean accuracy 0.5726 | Adv accuracy: 0.5726 | Counter-attack accuracy: 0.4930
2026-02-06 17:21:11,891 - ADV_Generation_eps_0.0_steps_0_Added_Noise_uniform_Eps_40.0_Tau_Type_normal_anchors - INFO - Batch 504/1692: Clean accuracy 0.5714 | Adv accuracy: 0.5714 | Counter-attack accuracy: 0.4921
2026-02-06 17:21:12,145 - ADV_Generation_eps_0.0_steps_0_Added_Noise_uniform_Eps_40.0_Tau_Type_normal_anchors - INFO - Batch 505/1692: Clean accuracy 0.5703 | Adv accuracy: 0.5703 | Counter-attack accuracy: 0.4931
2026-02-06 17:21:12,399 - ADV_Generation_eps_0.0_steps_0_Added_Noise_uniform_Eps_40.0_Tau_Type_normal_anchors - INFO - Batch 506/1692: Clean accuracy 0.5711 | Adv accuracy: 0.5711 | Counter-attack accuracy: 0.4941
2026-02-06 17:21:12,653 - ADV_Generation_eps_0.0_steps_0_Added_Noise_uniform_Eps_40.0_Tau_Type_normal_anchors - INFO - Batch 507/1692: Clean accuracy 0.5700 | Adv accuracy: 0.5700 | Counter-attack accuracy: 0.4931
2026-02-06 17:21:12,906 - ADV_Generation_eps_0.0_steps_0_Added_Noise_uniform_Eps_40.0_Tau_Type_normal_anchors - INFO - Batch 508/1692: Clean accuracy 0.5689 | Adv accuracy: 0.5689 | Counter-attack accuracy: 0.4921
2026-02-06 17:21:13,160 - ADV_Generation_eps_0.0_steps_0_Added_Noise_uniform_Eps_40.0_Tau_Type_normal_anchors - INFO - Batch 509/1692: Clean accuracy 0.5678 | Adv accuracy: 0.5678 | Counter-attack accuracy: 0.4912
2026-02-06 17:21:13,414 - ADV_Generation_eps_0.0_steps_0_Added_Noise_uniform_Eps_40.0_Tau_Type_normal_anchors - INFO - Batch 510/1692: Clean accuracy 0.5667 | Adv accuracy: 0.5667 | Counter-attack accuracy: 0.4902
2026-02-06 17:21:13,668 - ADV_Generation_eps_0.0_steps_0_Added_Noise_uniform_Eps_40.0_Tau_Type_normal_anchors - INFO - Batch 511/1692: Clean accuracy 0.5656 | Adv accuracy: 0.5656 | Counter-attack accuracy: 0.4892
2026-02-06 17:21:13,922 - ADV_Generation_eps_0.0_steps_0_Added_Noise_uniform_Eps_40.0_Tau_Type_normal_anchors - INFO - Batch 512/1692: Clean accuracy 0.5645 | Adv accuracy: 0.5645 | Counter-attack accuracy: 0.4883
2026-02-06 17:21:14,176 - ADV_Generation_eps_0.0_steps_0_Added_Noise_uniform_Eps_40.0_Tau_Type_normal_anchors - INFO - Batch 513/1692: Clean accuracy 0.5653 | Adv accuracy: 0.5653 | Counter-attack accuracy: 0.4873
2026-02-06 17:21:14,430 - ADV_Generation_eps_0.0_steps_0_Added_Noise_uniform_Eps_40.0_Tau_Type_normal_anchors - INFO - Batch 514/1692: Clean accuracy 0.5642 | Adv accuracy: 0.5642 | Counter-attack accuracy: 0.4864
2026-02-06 17:21:14,684 - ADV_Generation_eps_0.0_steps_0_Added_Noise_uniform_Eps_40.0_Tau_Type_normal_anchors - INFO - Batch 515/1692: Clean accuracy 0.5650 | Adv accuracy: 0.5650 | Counter-attack accuracy: 0.4874
2026-02-06 17:21:14,938 - ADV_Generation_eps_0.0_steps_0_Added_Noise_uniform_Eps_40.0_Tau_Type_normal_anchors - INFO - Batch 516/1692: Clean accuracy 0.5640 | Adv accuracy: 0.5640 | Counter-attack accuracy: 0.4864
2026-02-06 17:21:15,192 - ADV_Generation_eps_0.0_steps_0_Added_Noise_uniform_Eps_40.0_Tau_Type_normal_anchors - INFO - Batch 517/1692: Clean accuracy 0.5629 | Adv accuracy: 0.5629 | Counter-attack accuracy: 0.4855
2026-02-06 17:21:15,446 - ADV_Generation_eps_0.0_steps_0_Added_Noise_uniform_Eps_40.0_Tau_Type_normal_anchors - INFO - Batch 518/1692: Clean accuracy 0.5618 | Adv accuracy: 0.5618 | Counter-attack accuracy: 0.4846
2026-02-06 17:21:15,700 - ADV_Generation_eps_0.0_steps_0_Added_Noise_uniform_Eps_40.0_Tau_Type_normal_anchors - INFO - Batch 519/1692: Clean accuracy 0.5607 | Adv accuracy: 0.5607 | Counter-attack accuracy: 0.4836
2026-02-06 17:21:15,954 - ADV_Generation_eps_0.0_steps_0_Added_Noise_uniform_Eps_40.0_Tau_Type_normal_anchors - INFO - Batch 520/1692: Clean accuracy 0.5596 | Adv accuracy: 0.5596 | Counter-attack accuracy: 0.4827
2026-02-06 17:21:16,208 - ADV_Generation_eps_0.0_steps_0_Added_Noise_uniform_Eps_40.0_Tau_Type_normal_anchors - INFO - Batch 521/1692: Clean accuracy 0.5585 | Adv accuracy: 0.5585 | Counter-attack accuracy: 0.4818
2026-02-06 17:21:16,462 - ADV_Generation_eps_0.0_steps_0_Added_Noise_uniform_Eps_40.0_Tau_Type_normal_anchors - INFO - Batch 522/1692: Clean accuracy 0.5594 | Adv accuracy: 0.5594 | Counter-attack accuracy: 0.4828
2026-02-06 17:21:16,716 - ADV_Generation_eps_0.0_steps_0_Added_Noise_uniform_Eps_40.0_Tau_Type_normal_anchors - INFO - Batch 523/1692: Clean accuracy 0.5602 | Adv accuracy: 0.5602 | Counter-attack accuracy: 0.4818
2026-02-06 17:21:16,970 - ADV_Generation_eps_0.0_steps_0_Added_Noise_uniform_Eps_40.0_Tau_Type_normal_anchors - INFO - Batch 524/1692: Clean accuracy 0.5611 | Adv accuracy: 0.5611 | Counter-attack accuracy: 0.4828
2026-02-06 17:21:17,224 - ADV_Generation_eps_0.0_steps_0_Added_Noise_uniform_Eps_40.0_Tau_Type_normal_anchors - INFO - Batch 525/1692: Clean accuracy 0.5600 | Adv accuracy: 0.5600 | Counter-attack accuracy: 0.4819
2026-02-06 17:21:17,478 - ADV_Generation_eps_0.0_steps_0_Added_Noise_uniform_Eps_40.0_Tau_Type_normal_anchors - INFO - Batch 526/1692: Clean accuracy 0.5589 | Adv accuracy: 0.5589 | Counter-attack accuracy: 0.4829
2026-02-06 17:21:17,732 - ADV_Generation_eps_0.0_steps_0_Added_Noise_uniform_Eps_40.0_Tau_Type_normal_anchors - INFO - Batch 527/1692: Clean accuracy 0.5579 | Adv accuracy: 0.5579 | Counter-attack accuracy: 0.4839
2026-02-06 17:21:17,986 - ADV_Generation_eps_0.0_steps_0_Added_Noise_uniform_Eps_40.0_Tau_Type_normal_anchors - INFO - Batch 528/1692: Clean accuracy 0.5568 | Adv accuracy: 0.5568 | Counter-attack accuracy: 0.4848
2026-02-06 17:21:18,240 - ADV_Generation_eps_0.0_steps_0_Added_Noise_uniform_Eps_40.0_Tau_Type_normal_anchors - INFO - Batch 529/1692: Clean accuracy 0.5577 | Adv accuracy: 0.5577 | Counter-attack accuracy: 0.4858
2026-02-06 17:21:18,494 - ADV_Generation_eps_0.0_steps_0_Added_Noise_uniform_Eps_40.0_Tau_Type_normal_anchors - INFO - Batch 530/1692: Clean accuracy 0.5566 | Adv accuracy: 0.5566 | Counter-attack accuracy: 0.4849
2026-02-06 17:21:18,748 - ADV_Generation_eps_0.0_steps_0_Added_Noise_uniform_Eps_40.0_Tau_Type_normal_anchors - INFO - Batch 531/1692: Clean accuracy 0.5574 | Adv accuracy: 0.5574 | Counter-attack accuracy: 0.4840
2026-02-06 17:21:19,002 - ADV_Generation_eps_0.0_steps_0_Added_Noise_uniform_Eps_40.0_Tau_Type_normal_anchors - INFO - Batch 532/1692: Clean accuracy 0.5583 | Adv accuracy: 0.5583 | Counter-attack accuracy: 0.4831
2026-02-06 17:21:19,255 - ADV_Generation_eps_0.0_steps_0_Added_Noise_uniform_Eps_40.0_Tau_Type_normal_anchors - INFO - Batch 533/1692: Clean accuracy 0.5572 | Adv accuracy: 0.5572 | Counter-attack accuracy: 0.4822
2026-02-06 17:21:19,509 - ADV_Generation_eps_0.0_steps_0_Added_Noise_uniform_Eps_40.0_Tau_Type_normal_anchors - INFO - Batch 534/1692: Clean accuracy 0.5581 | Adv accuracy: 0.5581 | Counter-attack accuracy: 0.4831
2026-02-06 17:21:19,763 - ADV_Generation_eps_0.0_steps_0_Added_Noise_uniform_Eps_40.0_Tau_Type_normal_anchors - INFO - Batch 535/1692: Clean accuracy 0.5589 | Adv accuracy: 0.5589 | Counter-attack accuracy: 0.4841
2026-02-06 17:21:20,017 - ADV_Generation_eps_0.0_steps_0_Added_Noise_uniform_Eps_40.0_Tau_Type_normal_anchors - INFO - Batch 536/1692: Clean accuracy 0.5597 | Adv accuracy: 0.5597 | Counter-attack accuracy: 0.4851
2026-02-06 17:21:20,271 - ADV_Generation_eps_0.0_steps_0_Added_Noise_uniform_Eps_40.0_Tau_Type_normal_anchors - INFO - Batch 537/1692: Clean accuracy 0.5605 | Adv accuracy: 0.5605 | Counter-attack accuracy: 0.4842
2026-02-06 17:21:20,525 - ADV_Generation_eps_0.0_steps_0_Added_Noise_uniform_Eps_40.0_Tau_Type_normal_anchors - INFO - Batch 538/1692: Clean accuracy 0.5613 | Adv accuracy: 0.5613 | Counter-attack accuracy: 0.4851
2026-02-06 17:21:20,779 - ADV_Generation_eps_0.0_steps_0_Added_Noise_uniform_Eps_40.0_Tau_Type_normal_anchors - INFO - Batch 539/1692: Clean accuracy 0.5603 | Adv accuracy: 0.5603 | Counter-attack accuracy: 0.4842
2026-02-06 17:21:21,033 - ADV_Generation_eps_0.0_steps_0_Added_Noise_uniform_Eps_40.0_Tau_Type_normal_anchors - INFO - Batch 540/1692: Clean accuracy 0.5593 | Adv accuracy: 0.5593 | Counter-attack accuracy: 0.4833
2026-02-06 17:21:21,287 - ADV_Generation_eps_0.0_steps_0_Added_Noise_uniform_Eps_40.0_Tau_Type_normal_anchors - INFO - Batch 541/1692: Clean accuracy 0.5601 | Adv accuracy: 0.5601 | Counter-attack accuracy: 0.4824
2026-02-06 17:21:21,540 - ADV_Generation_eps_0.0_steps_0_Added_Noise_uniform_Eps_40.0_Tau_Type_normal_anchors - INFO - Batch 542/1692: Clean accuracy 0.5590 | Adv accuracy: 0.5590 | Counter-attack accuracy: 0.4815
2026-02-06 17:21:21,794 - ADV_Generation_eps_0.0_steps_0_Added_Noise_uniform_Eps_40.0_Tau_Type_normal_anchors - INFO - Batch 543/1692: Clean accuracy 0.5599 | Adv accuracy: 0.5599 | Counter-attack accuracy: 0.4825
2026-02-06 17:21:22,048 - ADV_Generation_eps_0.0_steps_0_Added_Noise_uniform_Eps_40.0_Tau_Type_normal_anchors - INFO - Batch 544/1692: Clean accuracy 0.5588 | Adv accuracy: 0.5588 | Counter-attack accuracy: 0.4816
2026-02-06 17:21:22,302 - ADV_Generation_eps_0.0_steps_0_Added_Noise_uniform_Eps_40.0_Tau_Type_normal_anchors - INFO - Batch 545/1692: Clean accuracy 0.5596 | Adv accuracy: 0.5596 | Counter-attack accuracy: 0.4826
2026-02-06 17:21:22,556 - ADV_Generation_eps_0.0_steps_0_Added_Noise_uniform_Eps_40.0_Tau_Type_normal_anchors - INFO - Batch 546/1692: Clean accuracy 0.5586 | Adv accuracy: 0.5586 | Counter-attack accuracy: 0.4835
2026-02-06 17:21:22,810 - ADV_Generation_eps_0.0_steps_0_Added_Noise_uniform_Eps_40.0_Tau_Type_normal_anchors - INFO - Batch 547/1692: Clean accuracy 0.5594 | Adv accuracy: 0.5594 | Counter-attack accuracy: 0.4826
2026-02-06 17:21:23,064 - ADV_Generation_eps_0.0_steps_0_Added_Noise_uniform_Eps_40.0_Tau_Type_normal_anchors - INFO - Batch 548/1692: Clean accuracy 0.5584 | Adv accuracy: 0.5584 | Counter-attack accuracy: 0.4818
2026-02-06 17:21:23,318 - ADV_Generation_eps_0.0_steps_0_Added_Noise_uniform_Eps_40.0_Tau_Type_normal_anchors - INFO - Batch 549/1692: Clean accuracy 0.5592 | Adv accuracy: 0.5592 | Counter-attack accuracy: 0.4809
2026-02-06 17:21:23,572 - ADV_Generation_eps_0.0_steps_0_Added_Noise_uniform_Eps_40.0_Tau_Type_normal_anchors - INFO - Batch 550/1692: Clean accuracy 0.5600 | Adv accuracy: 0.5600 | Counter-attack accuracy: 0.4818
2026-02-06 17:21:23,826 - ADV_Generation_eps_0.0_steps_0_Added_Noise_uniform_Eps_40.0_Tau_Type_normal_anchors - INFO - Batch 551/1692: Clean accuracy 0.5608 | Adv accuracy: 0.5608 | Counter-attack accuracy: 0.4828
2026-02-06 17:21:24,080 - ADV_Generation_eps_0.0_steps_0_Added_Noise_uniform_Eps_40.0_Tau_Type_normal_anchors - INFO - Batch 552/1692: Clean accuracy 0.5616 | Adv accuracy: 0.5616 | Counter-attack accuracy: 0.4837
2026-02-06 17:21:24,333 - ADV_Generation_eps_0.0_steps_0_Added_Noise_uniform_Eps_40.0_Tau_Type_normal_anchors - INFO - Batch 553/1692: Clean accuracy 0.5606 | Adv accuracy: 0.5606 | Counter-attack accuracy: 0.4828
2026-02-06 17:21:24,587 - ADV_Generation_eps_0.0_steps_0_Added_Noise_uniform_Eps_40.0_Tau_Type_normal_anchors - INFO - Batch 554/1692: Clean accuracy 0.5614 | Adv accuracy: 0.5614 | Counter-attack accuracy: 0.4819
2026-02-06 17:21:24,841 - ADV_Generation_eps_0.0_steps_0_Added_Noise_uniform_Eps_40.0_Tau_Type_normal_anchors - INFO - Batch 555/1692: Clean accuracy 0.5622 | Adv accuracy: 0.5622 | Counter-attack accuracy: 0.4829
2026-02-06 17:21:25,095 - ADV_Generation_eps_0.0_steps_0_Added_Noise_uniform_Eps_40.0_Tau_Type_normal_anchors - INFO - Batch 556/1692: Clean accuracy 0.5629 | Adv accuracy: 0.5629 | Counter-attack accuracy: 0.4820
2026-02-06 17:21:25,349 - ADV_Generation_eps_0.0_steps_0_Added_Noise_uniform_Eps_40.0_Tau_Type_normal_anchors - INFO - Batch 557/1692: Clean accuracy 0.5619 | Adv accuracy: 0.5619 | Counter-attack accuracy: 0.4811
2026-02-06 17:21:25,603 - ADV_Generation_eps_0.0_steps_0_Added_Noise_uniform_Eps_40.0_Tau_Type_normal_anchors - INFO - Batch 558/1692: Clean accuracy 0.5609 | Adv accuracy: 0.5609 | Counter-attack accuracy: 0.4803
2026-02-06 17:21:25,857 - ADV_Generation_eps_0.0_steps_0_Added_Noise_uniform_Eps_40.0_Tau_Type_normal_anchors - INFO - Batch 559/1692: Clean accuracy 0.5617 | Adv accuracy: 0.5617 | Counter-attack accuracy: 0.4812
2026-02-06 17:21:26,111 - ADV_Generation_eps_0.0_steps_0_Added_Noise_uniform_Eps_40.0_Tau_Type_normal_anchors - INFO - Batch 560/1692: Clean accuracy 0.5625 | Adv accuracy: 0.5625 | Counter-attack accuracy: 0.4804
2026-02-06 17:21:26,365 - ADV_Generation_eps_0.0_steps_0_Added_Noise_uniform_Eps_40.0_Tau_Type_normal_anchors - INFO - Batch 561/1692: Clean accuracy 0.5633 | Adv accuracy: 0.5633 | Counter-attack accuracy: 0.4795
2026-02-06 17:21:26,619 - ADV_Generation_eps_0.0_steps_0_Added_Noise_uniform_Eps_40.0_Tau_Type_normal_anchors - INFO - Batch 562/1692: Clean accuracy 0.5641 | Adv accuracy: 0.5641 | Counter-attack accuracy: 0.4786
2026-02-06 17:21:26,873 - ADV_Generation_eps_0.0_steps_0_Added_Noise_uniform_Eps_40.0_Tau_Type_normal_anchors - INFO - Batch 563/1692: Clean accuracy 0.5631 | Adv accuracy: 0.5631 | Counter-attack accuracy: 0.4778
2026-02-06 17:21:27,126 - ADV_Generation_eps_0.0_steps_0_Added_Noise_uniform_Eps_40.0_Tau_Type_normal_anchors - INFO - Batch 564/1692: Clean accuracy 0.5638 | Adv accuracy: 0.5638 | Counter-attack accuracy: 0.4770
2026-02-06 17:21:27,380 - ADV_Generation_eps_0.0_steps_0_Added_Noise_uniform_Eps_40.0_Tau_Type_normal_anchors - INFO - Batch 565/1692: Clean accuracy 0.5646 | Adv accuracy: 0.5646 | Counter-attack accuracy: 0.4779
2026-02-06 17:21:27,634 - ADV_Generation_eps_0.0_steps_0_Added_Noise_uniform_Eps_40.0_Tau_Type_normal_anchors - INFO - Batch 566/1692: Clean accuracy 0.5636 | Adv accuracy: 0.5636 | Counter-attack accuracy: 0.4770
2026-02-06 17:21:27,888 - ADV_Generation_eps_0.0_steps_0_Added_Noise_uniform_Eps_40.0_Tau_Type_normal_anchors - INFO - Batch 567/1692: Clean accuracy 0.5626 | Adv accuracy: 0.5626 | Counter-attack accuracy: 0.4762
2026-02-06 17:21:28,142 - ADV_Generation_eps_0.0_steps_0_Added_Noise_uniform_Eps_40.0_Tau_Type_normal_anchors - INFO - Batch 568/1692: Clean accuracy 0.5634 | Adv accuracy: 0.5634 | Counter-attack accuracy: 0.4754
2026-02-06 17:21:28,396 - ADV_Generation_eps_0.0_steps_0_Added_Noise_uniform_Eps_40.0_Tau_Type_normal_anchors - INFO - Batch 569/1692: Clean accuracy 0.5641 | Adv accuracy: 0.5641 | Counter-attack accuracy: 0.4745
2026-02-06 17:21:28,650 - ADV_Generation_eps_0.0_steps_0_Added_Noise_uniform_Eps_40.0_Tau_Type_normal_anchors - INFO - Batch 570/1692: Clean accuracy 0.5632 | Adv accuracy: 0.5632 | Counter-attack accuracy: 0.4737
2026-02-06 17:21:28,904 - ADV_Generation_eps_0.0_steps_0_Added_Noise_uniform_Eps_40.0_Tau_Type_normal_anchors - INFO - Batch 571/1692: Clean accuracy 0.5639 | Adv accuracy: 0.5639 | Counter-attack accuracy: 0.4729
2026-02-06 17:21:29,158 - ADV_Generation_eps_0.0_steps_0_Added_Noise_uniform_Eps_40.0_Tau_Type_normal_anchors - INFO - Batch 572/1692: Clean accuracy 0.5647 | Adv accuracy: 0.5647 | Counter-attack accuracy: 0.4720
2026-02-06 17:21:29,412 - ADV_Generation_eps_0.0_steps_0_Added_Noise_uniform_Eps_40.0_Tau_Type_normal_anchors - INFO - Batch 573/1692: Clean accuracy 0.5637 | Adv accuracy: 0.5637 | Counter-attack accuracy: 0.4712
2026-02-06 17:21:29,665 - ADV_Generation_eps_0.0_steps_0_Added_Noise_uniform_Eps_40.0_Tau_Type_normal_anchors - INFO - Batch 574/1692: Clean accuracy 0.5645 | Adv accuracy: 0.5645 | Counter-attack accuracy: 0.4721
2026-02-06 17:21:29,919 - ADV_Generation_eps_0.0_steps_0_Added_Noise_uniform_Eps_40.0_Tau_Type_normal_anchors - INFO - Batch 575/1692: Clean accuracy 0.5652 | Adv accuracy: 0.5652 | Counter-attack accuracy: 0.4730
2026-02-06 17:21:30,174 - ADV_Generation_eps_0.0_steps_0_Added_Noise_uniform_Eps_40.0_Tau_Type_normal_anchors - INFO - Batch 576/1692: Clean accuracy 0.5642 | Adv accuracy: 0.5642 | Counter-attack accuracy: 0.4722
2026-02-06 17:21:30,427 - ADV_Generation_eps_0.0_steps_0_Added_Noise_uniform_Eps_40.0_Tau_Type_normal_anchors - INFO - Batch 577/1692: Clean accuracy 0.5650 | Adv accuracy: 0.5650 | Counter-attack accuracy: 0.4731
2026-02-06 17:21:30,681 - ADV_Generation_eps_0.0_steps_0_Added_Noise_uniform_Eps_40.0_Tau_Type_normal_anchors - INFO - Batch 578/1692: Clean accuracy 0.5657 | Adv accuracy: 0.5657 | Counter-attack accuracy: 0.4740
2026-02-06 17:21:30,935 - ADV_Generation_eps_0.0_steps_0_Added_Noise_uniform_Eps_40.0_Tau_Type_normal_anchors - INFO - Batch 579/1692: Clean accuracy 0.5665 | Adv accuracy: 0.5665 | Counter-attack accuracy: 0.4750
2026-02-06 17:21:31,189 - ADV_Generation_eps_0.0_steps_0_Added_Noise_uniform_Eps_40.0_Tau_Type_normal_anchors - INFO - Batch 580/1692: Clean accuracy 0.5672 | Adv accuracy: 0.5672 | Counter-attack accuracy: 0.4759
2026-02-06 17:21:31,443 - ADV_Generation_eps_0.0_steps_0_Added_Noise_uniform_Eps_40.0_Tau_Type_normal_anchors - INFO - Batch 581/1692: Clean accuracy 0.5663 | Adv accuracy: 0.5663 | Counter-attack accuracy: 0.4750
2026-02-06 17:21:31,697 - ADV_Generation_eps_0.0_steps_0_Added_Noise_uniform_Eps_40.0_Tau_Type_normal_anchors - INFO - Batch 582/1692: Clean accuracy 0.5670 | Adv accuracy: 0.5670 | Counter-attack accuracy: 0.4742
2026-02-06 17:21:31,951 - ADV_Generation_eps_0.0_steps_0_Added_Noise_uniform_Eps_40.0_Tau_Type_normal_anchors - INFO - Batch 583/1692: Clean accuracy 0.5678 | Adv accuracy: 0.5678 | Counter-attack accuracy: 0.4751
2026-02-06 17:21:32,205 - ADV_Generation_eps_0.0_steps_0_Added_Noise_uniform_Eps_40.0_Tau_Type_normal_anchors - INFO - Batch 584/1692: Clean accuracy 0.5668 | Adv accuracy: 0.5668 | Counter-attack accuracy: 0.4743
2026-02-06 17:21:32,458 - ADV_Generation_eps_0.0_steps_0_Added_Noise_uniform_Eps_40.0_Tau_Type_normal_anchors - INFO - Batch 585/1692: Clean accuracy 0.5658 | Adv accuracy: 0.5658 | Counter-attack accuracy: 0.4735
2026-02-06 17:21:32,712 - ADV_Generation_eps_0.0_steps_0_Added_Noise_uniform_Eps_40.0_Tau_Type_normal_anchors - INFO - Batch 586/1692: Clean accuracy 0.5648 | Adv accuracy: 0.5648 | Counter-attack accuracy: 0.4727
2026-02-06 17:21:32,966 - ADV_Generation_eps_0.0_steps_0_Added_Noise_uniform_Eps_40.0_Tau_Type_normal_anchors - INFO - Batch 587/1692: Clean accuracy 0.5656 | Adv accuracy: 0.5656 | Counter-attack accuracy: 0.4736
2026-02-06 17:21:33,220 - ADV_Generation_eps_0.0_steps_0_Added_Noise_uniform_Eps_40.0_Tau_Type_normal_anchors - INFO - Batch 588/1692: Clean accuracy 0.5646 | Adv accuracy: 0.5646 | Counter-attack accuracy: 0.4728
2026-02-06 17:21:33,474 - ADV_Generation_eps_0.0_steps_0_Added_Noise_uniform_Eps_40.0_Tau_Type_normal_anchors - INFO - Batch 589/1692: Clean accuracy 0.5637 | Adv accuracy: 0.5637 | Counter-attack accuracy: 0.4720
2026-02-06 17:21:33,728 - ADV_Generation_eps_0.0_steps_0_Added_Noise_uniform_Eps_40.0_Tau_Type_normal_anchors - INFO - Batch 590/1692: Clean accuracy 0.5627 | Adv accuracy: 0.5627 | Counter-attack accuracy: 0.4712
2026-02-06 17:21:33,991 - ADV_Generation_eps_0.0_steps_0_Added_Noise_uniform_Eps_40.0_Tau_Type_normal_anchors - INFO - Batch 591/1692: Clean accuracy 0.5635 | Adv accuracy: 0.5635 | Counter-attack accuracy: 0.4721
2026-02-06 17:21:34,245 - ADV_Generation_eps_0.0_steps_0_Added_Noise_uniform_Eps_40.0_Tau_Type_normal_anchors - INFO - Batch 592/1692: Clean accuracy 0.5625 | Adv accuracy: 0.5625 | Counter-attack accuracy: 0.4713
2026-02-06 17:21:34,499 - ADV_Generation_eps_0.0_steps_0_Added_Noise_uniform_Eps_40.0_Tau_Type_normal_anchors - INFO - Batch 593/1692: Clean accuracy 0.5632 | Adv accuracy: 0.5632 | Counter-attack accuracy: 0.4722
2026-02-06 17:21:34,752 - ADV_Generation_eps_0.0_steps_0_Added_Noise_uniform_Eps_40.0_Tau_Type_normal_anchors - INFO - Batch 594/1692: Clean accuracy 0.5640 | Adv accuracy: 0.5640 | Counter-attack accuracy: 0.4731
2026-02-06 17:21:35,006 - ADV_Generation_eps_0.0_steps_0_Added_Noise_uniform_Eps_40.0_Tau_Type_normal_anchors - INFO - Batch 595/1692: Clean accuracy 0.5630 | Adv accuracy: 0.5630 | Counter-attack accuracy: 0.4723
2026-02-06 17:21:35,260 - ADV_Generation_eps_0.0_steps_0_Added_Noise_uniform_Eps_40.0_Tau_Type_normal_anchors - INFO - Batch 596/1692: Clean accuracy 0.5621 | Adv accuracy: 0.5621 | Counter-attack accuracy: 0.4715
2026-02-06 17:21:35,514 - ADV_Generation_eps_0.0_steps_0_Added_Noise_uniform_Eps_40.0_Tau_Type_normal_anchors - INFO - Batch 597/1692: Clean accuracy 0.5611 | Adv accuracy: 0.5611 | Counter-attack accuracy: 0.4707
2026-02-06 17:21:35,768 - ADV_Generation_eps_0.0_steps_0_Added_Noise_uniform_Eps_40.0_Tau_Type_normal_anchors - INFO - Batch 598/1692: Clean accuracy 0.5602 | Adv accuracy: 0.5602 | Counter-attack accuracy: 0.4699
2026-02-06 17:21:36,022 - ADV_Generation_eps_0.0_steps_0_Added_Noise_uniform_Eps_40.0_Tau_Type_normal_anchors - INFO - Batch 599/1692: Clean accuracy 0.5609 | Adv accuracy: 0.5609 | Counter-attack accuracy: 0.4708
2026-02-06 17:21:36,276 - ADV_Generation_eps_0.0_steps_0_Added_Noise_uniform_Eps_40.0_Tau_Type_normal_anchors - INFO - Batch 600/1692: Clean accuracy 0.5617 | Adv accuracy: 0.5617 | Counter-attack accuracy: 0.4717
2026-02-06 17:21:36,530 - ADV_Generation_eps_0.0_steps_0_Added_Noise_uniform_Eps_40.0_Tau_Type_normal_anchors - INFO - Batch 601/1692: Clean accuracy 0.5624 | Adv accuracy: 0.5624 | Counter-attack accuracy: 0.4725
2026-02-06 17:21:36,784 - ADV_Generation_eps_0.0_steps_0_Added_Noise_uniform_Eps_40.0_Tau_Type_normal_anchors - INFO - Batch 602/1692: Clean accuracy 0.5615 | Adv accuracy: 0.5615 | Counter-attack accuracy: 0.4718
2026-02-06 17:21:37,038 - ADV_Generation_eps_0.0_steps_0_Added_Noise_uniform_Eps_40.0_Tau_Type_normal_anchors - INFO - Batch 603/1692: Clean accuracy 0.5605 | Adv accuracy: 0.5605 | Counter-attack accuracy: 0.4710
2026-02-06 17:21:37,292 - ADV_Generation_eps_0.0_steps_0_Added_Noise_uniform_Eps_40.0_Tau_Type_normal_anchors - INFO - Batch 604/1692: Clean accuracy 0.5613 | Adv accuracy: 0.5613 | Counter-attack accuracy: 0.4719
2026-02-06 17:21:37,546 - ADV_Generation_eps_0.0_steps_0_Added_Noise_uniform_Eps_40.0_Tau_Type_normal_anchors - INFO - Batch 605/1692: Clean accuracy 0.5620 | Adv accuracy: 0.5620 | Counter-attack accuracy: 0.4727
2026-02-06 17:21:37,799 - ADV_Generation_eps_0.0_steps_0_Added_Noise_uniform_Eps_40.0_Tau_Type_normal_anchors - INFO - Batch 606/1692: Clean accuracy 0.5611 | Adv accuracy: 0.5611 | Counter-attack accuracy: 0.4719
2026-02-06 17:21:38,053 - ADV_Generation_eps_0.0_steps_0_Added_Noise_uniform_Eps_40.0_Tau_Type_normal_anchors - INFO - Batch 607/1692: Clean accuracy 0.5618 | Adv accuracy: 0.5618 | Counter-attack accuracy: 0.4728
2026-02-06 17:21:38,307 - ADV_Generation_eps_0.0_steps_0_Added_Noise_uniform_Eps_40.0_Tau_Type_normal_anchors - INFO - Batch 608/1692: Clean accuracy 0.5609 | Adv accuracy: 0.5609 | Counter-attack accuracy: 0.4720
2026-02-06 17:21:38,561 - ADV_Generation_eps_0.0_steps_0_Added_Noise_uniform_Eps_40.0_Tau_Type_normal_anchors - INFO - Batch 609/1692: Clean accuracy 0.5599 | Adv accuracy: 0.5599 | Counter-attack accuracy: 0.4729
2026-02-06 17:21:38,815 - ADV_Generation_eps_0.0_steps_0_Added_Noise_uniform_Eps_40.0_Tau_Type_normal_anchors - INFO - Batch 610/1692: Clean accuracy 0.5590 | Adv accuracy: 0.5590 | Counter-attack accuracy: 0.4721
2026-02-06 17:21:39,069 - ADV_Generation_eps_0.0_steps_0_Added_Noise_uniform_Eps_40.0_Tau_Type_normal_anchors - INFO - Batch 611/1692: Clean accuracy 0.5597 | Adv accuracy: 0.5597 | Counter-attack accuracy: 0.4730
2026-02-06 17:21:39,322 - ADV_Generation_eps_0.0_steps_0_Added_Noise_uniform_Eps_40.0_Tau_Type_normal_anchors - INFO - Batch 612/1692: Clean accuracy 0.5588 | Adv accuracy: 0.5588 | Counter-attack accuracy: 0.4722
2026-02-06 17:21:39,576 - ADV_Generation_eps_0.0_steps_0_Added_Noise_uniform_Eps_40.0_Tau_Type_normal_anchors - INFO - Batch 613/1692: Clean accuracy 0.5579 | Adv accuracy: 0.5579 | Counter-attack accuracy: 0.4715
2026-02-06 17:21:39,830 - ADV_Generation_eps_0.0_steps_0_Added_Noise_uniform_Eps_40.0_Tau_Type_normal_anchors - INFO - Batch 614/1692: Clean accuracy 0.5570 | Adv accuracy: 0.5570 | Counter-attack accuracy: 0.4707
2026-02-06 17:21:40,084 - ADV_Generation_eps_0.0_steps_0_Added_Noise_uniform_Eps_40.0_Tau_Type_normal_anchors - INFO - Batch 615/1692: Clean accuracy 0.5561 | Adv accuracy: 0.5561 | Counter-attack accuracy: 0.4699
2026-02-06 17:21:40,338 - ADV_Generation_eps_0.0_steps_0_Added_Noise_uniform_Eps_40.0_Tau_Type_normal_anchors - INFO - Batch 616/1692: Clean accuracy 0.5568 | Adv accuracy: 0.5568 | Counter-attack accuracy: 0.4692
2026-02-06 17:21:40,592 - ADV_Generation_eps_0.0_steps_0_Added_Noise_uniform_Eps_40.0_Tau_Type_normal_anchors - INFO - Batch 617/1692: Clean accuracy 0.5575 | Adv accuracy: 0.5575 | Counter-attack accuracy: 0.4684
2026-02-06 17:21:40,846 - ADV_Generation_eps_0.0_steps_0_Added_Noise_uniform_Eps_40.0_Tau_Type_normal_anchors - INFO - Batch 618/1692: Clean accuracy 0.5583 | Adv accuracy: 0.5583 | Counter-attack accuracy: 0.4676
2026-02-06 17:21:41,099 - ADV_Generation_eps_0.0_steps_0_Added_Noise_uniform_Eps_40.0_Tau_Type_normal_anchors - INFO - Batch 619/1692: Clean accuracy 0.5590 | Adv accuracy: 0.5590 | Counter-attack accuracy: 0.4669
2026-02-06 17:21:41,353 - ADV_Generation_eps_0.0_steps_0_Added_Noise_uniform_Eps_40.0_Tau_Type_normal_anchors - INFO - Batch 620/1692: Clean accuracy 0.5581 | Adv accuracy: 0.5581 | Counter-attack accuracy: 0.4661
2026-02-06 17:21:41,607 - ADV_Generation_eps_0.0_steps_0_Added_Noise_uniform_Eps_40.0_Tau_Type_normal_anchors - INFO - Batch 621/1692: Clean accuracy 0.5588 | Adv accuracy: 0.5588 | Counter-attack accuracy: 0.4670
2026-02-06 17:21:41,861 - ADV_Generation_eps_0.0_steps_0_Added_Noise_uniform_Eps_40.0_Tau_Type_normal_anchors - INFO - Batch 622/1692: Clean accuracy 0.5595 | Adv accuracy: 0.5595 | Counter-attack accuracy: 0.4662
2026-02-06 17:21:42,115 - ADV_Generation_eps_0.0_steps_0_Added_Noise_uniform_Eps_40.0_Tau_Type_normal_anchors - INFO - Batch 623/1692: Clean accuracy 0.5586 | Adv accuracy: 0.5586 | Counter-attack accuracy: 0.4655
2026-02-06 17:21:42,369 - ADV_Generation_eps_0.0_steps_0_Added_Noise_uniform_Eps_40.0_Tau_Type_normal_anchors - INFO - Batch 624/1692: Clean accuracy 0.5593 | Adv accuracy: 0.5593 | Counter-attack accuracy: 0.4647
2026-02-06 17:21:42,623 - ADV_Generation_eps_0.0_steps_0_Added_Noise_uniform_Eps_40.0_Tau_Type_normal_anchors - INFO - Batch 625/1692: Clean accuracy 0.5600 | Adv accuracy: 0.5600 | Counter-attack accuracy: 0.4640
2026-02-06 17:21:42,876 - ADV_Generation_eps_0.0_steps_0_Added_Noise_uniform_Eps_40.0_Tau_Type_normal_anchors - INFO - Batch 626/1692: Clean accuracy 0.5607 | Adv accuracy: 0.5607 | Counter-attack accuracy: 0.4649
2026-02-06 17:21:43,130 - ADV_Generation_eps_0.0_steps_0_Added_Noise_uniform_Eps_40.0_Tau_Type_normal_anchors - INFO - Batch 627/1692: Clean accuracy 0.5614 | Adv accuracy: 0.5614 | Counter-attack accuracy: 0.4657
2026-02-06 17:21:43,384 - ADV_Generation_eps_0.0_steps_0_Added_Noise_uniform_Eps_40.0_Tau_Type_normal_anchors - INFO - Batch 628/1692: Clean accuracy 0.5621 | Adv accuracy: 0.5621 | Counter-attack accuracy: 0.4650
2026-02-06 17:21:43,638 - ADV_Generation_eps_0.0_steps_0_Added_Noise_uniform_Eps_40.0_Tau_Type_normal_anchors - INFO - Batch 629/1692: Clean accuracy 0.5628 | Adv accuracy: 0.5628 | Counter-attack accuracy: 0.4642
2026-02-06 17:21:43,892 - ADV_Generation_eps_0.0_steps_0_Added_Noise_uniform_Eps_40.0_Tau_Type_normal_anchors - INFO - Batch 630/1692: Clean accuracy 0.5619 | Adv accuracy: 0.5619 | Counter-attack accuracy: 0.4651
2026-02-06 17:21:44,146 - ADV_Generation_eps_0.0_steps_0_Added_Noise_uniform_Eps_40.0_Tau_Type_normal_anchors - INFO - Batch 631/1692: Clean accuracy 0.5610 | Adv accuracy: 0.5610 | Counter-attack accuracy: 0.4643
2026-02-06 17:21:44,399 - ADV_Generation_eps_0.0_steps_0_Added_Noise_uniform_Eps_40.0_Tau_Type_normal_anchors - INFO - Batch 632/1692: Clean accuracy 0.5617 | Adv accuracy: 0.5617 | Counter-attack accuracy: 0.4652
2026-02-06 17:21:44,653 - ADV_Generation_eps_0.0_steps_0_Added_Noise_uniform_Eps_40.0_Tau_Type_normal_anchors - INFO - Batch 633/1692: Clean accuracy 0.5624 | Adv accuracy: 0.5624 | Counter-attack accuracy: 0.4645
2026-02-06 17:21:44,907 - ADV_Generation_eps_0.0_steps_0_Added_Noise_uniform_Eps_40.0_Tau_Type_normal_anchors - INFO - Batch 634/1692: Clean accuracy 0.5631 | Adv accuracy: 0.5631 | Counter-attack accuracy: 0.4637
2026-02-06 17:21:45,161 - ADV_Generation_eps_0.0_steps_0_Added_Noise_uniform_Eps_40.0_Tau_Type_normal_anchors - INFO - Batch 635/1692: Clean accuracy 0.5622 | Adv accuracy: 0.5622 | Counter-attack accuracy: 0.4630
2026-02-06 17:21:45,415 - ADV_Generation_eps_0.0_steps_0_Added_Noise_uniform_Eps_40.0_Tau_Type_normal_anchors - INFO - Batch 636/1692: Clean accuracy 0.5613 | Adv accuracy: 0.5613 | Counter-attack accuracy: 0.4623
2026-02-06 17:21:45,668 - ADV_Generation_eps_0.0_steps_0_Added_Noise_uniform_Eps_40.0_Tau_Type_normal_anchors - INFO - Batch 637/1692: Clean accuracy 0.5604 | Adv accuracy: 0.5604 | Counter-attack accuracy: 0.4615
2026-02-06 17:21:45,922 - ADV_Generation_eps_0.0_steps_0_Added_Noise_uniform_Eps_40.0_Tau_Type_normal_anchors - INFO - Batch 638/1692: Clean accuracy 0.5611 | Adv accuracy: 0.5611 | Counter-attack accuracy: 0.4608
2026-02-06 17:21:46,176 - ADV_Generation_eps_0.0_steps_0_Added_Noise_uniform_Eps_40.0_Tau_Type_normal_anchors - INFO - Batch 639/1692: Clean accuracy 0.5618 | Adv accuracy: 0.5618 | Counter-attack accuracy: 0.4617
2026-02-06 17:21:46,430 - ADV_Generation_eps_0.0_steps_0_Added_Noise_uniform_Eps_40.0_Tau_Type_normal_anchors - INFO - Batch 640/1692: Clean accuracy 0.5625 | Adv accuracy: 0.5625 | Counter-attack accuracy: 0.4625
2026-02-06 17:21:46,684 - ADV_Generation_eps_0.0_steps_0_Added_Noise_uniform_Eps_40.0_Tau_Type_normal_anchors - INFO - Batch 641/1692: Clean accuracy 0.5616 | Adv accuracy: 0.5616 | Counter-attack accuracy: 0.4618
2026-02-06 17:21:46,937 - ADV_Generation_eps_0.0_steps_0_Added_Noise_uniform_Eps_40.0_Tau_Type_normal_anchors - INFO - Batch 642/1692: Clean accuracy 0.5623 | Adv accuracy: 0.5623 | Counter-attack accuracy: 0.4611
2026-02-06 17:21:47,191 - ADV_Generation_eps_0.0_steps_0_Added_Noise_uniform_Eps_40.0_Tau_Type_normal_anchors - INFO - Batch 643/1692: Clean accuracy 0.5630 | Adv accuracy: 0.5630 | Counter-attack accuracy: 0.4603
2026-02-06 17:21:47,445 - ADV_Generation_eps_0.0_steps_0_Added_Noise_uniform_Eps_40.0_Tau_Type_normal_anchors - INFO - Batch 644/1692: Clean accuracy 0.5637 | Adv accuracy: 0.5637 | Counter-attack accuracy: 0.4596
2026-02-06 17:21:47,699 - ADV_Generation_eps_0.0_steps_0_Added_Noise_uniform_Eps_40.0_Tau_Type_normal_anchors - INFO - Batch 645/1692: Clean accuracy 0.5643 | Adv accuracy: 0.5643 | Counter-attack accuracy: 0.4589
2026-02-06 17:21:47,953 - ADV_Generation_eps_0.0_steps_0_Added_Noise_uniform_Eps_40.0_Tau_Type_normal_anchors - INFO - Batch 646/1692: Clean accuracy 0.5635 | Adv accuracy: 0.5635 | Counter-attack accuracy: 0.4582
2026-02-06 17:21:48,206 - ADV_Generation_eps_0.0_steps_0_Added_Noise_uniform_Eps_40.0_Tau_Type_normal_anchors - INFO - Batch 647/1692: Clean accuracy 0.5626 | Adv accuracy: 0.5626 | Counter-attack accuracy: 0.4575
2026-02-06 17:21:48,460 - ADV_Generation_eps_0.0_steps_0_Added_Noise_uniform_Eps_40.0_Tau_Type_normal_anchors - INFO - Batch 648/1692: Clean accuracy 0.5617 | Adv accuracy: 0.5617 | Counter-attack accuracy: 0.4568
2026-02-06 17:21:48,714 - ADV_Generation_eps_0.0_steps_0_Added_Noise_uniform_Eps_40.0_Tau_Type_normal_anchors - INFO - Batch 649/1692: Clean accuracy 0.5609 | Adv accuracy: 0.5609 | Counter-attack accuracy: 0.4561
2026-02-06 17:21:48,968 - ADV_Generation_eps_0.0_steps_0_Added_Noise_uniform_Eps_40.0_Tau_Type_normal_anchors - INFO - Batch 650/1692: Clean accuracy 0.5600 | Adv accuracy: 0.5600 | Counter-attack accuracy: 0.4554
2026-02-06 17:21:49,222 - ADV_Generation_eps_0.0_steps_0_Added_Noise_uniform_Eps_40.0_Tau_Type_normal_anchors - INFO - Batch 651/1692: Clean accuracy 0.5607 | Adv accuracy: 0.5607 | Counter-attack accuracy: 0.4547
2026-02-06 17:21:49,476 - ADV_Generation_eps_0.0_steps_0_Added_Noise_uniform_Eps_40.0_Tau_Type_normal_anchors - INFO - Batch 652/1692: Clean accuracy 0.5598 | Adv accuracy: 0.5598 | Counter-attack accuracy: 0.4555
2026-02-06 17:21:49,730 - ADV_Generation_eps_0.0_steps_0_Added_Noise_uniform_Eps_40.0_Tau_Type_normal_anchors - INFO - Batch 653/1692: Clean accuracy 0.5605 | Adv accuracy: 0.5605 | Counter-attack accuracy: 0.4564
2026-02-06 17:21:49,983 - ADV_Generation_eps_0.0_steps_0_Added_Noise_uniform_Eps_40.0_Tau_Type_normal_anchors - INFO - Batch 654/1692: Clean accuracy 0.5596 | Adv accuracy: 0.5596 | Counter-attack accuracy: 0.4557
2026-02-06 17:21:50,237 - ADV_Generation_eps_0.0_steps_0_Added_Noise_uniform_Eps_40.0_Tau_Type_normal_anchors - INFO - Batch 655/1692: Clean accuracy 0.5603 | Adv accuracy: 0.5603 | Counter-attack accuracy: 0.4565
2026-02-06 17:21:50,491 - ADV_Generation_eps_0.0_steps_0_Added_Noise_uniform_Eps_40.0_Tau_Type_normal_anchors - INFO - Batch 656/1692: Clean accuracy 0.5610 | Adv accuracy: 0.5610 | Counter-attack accuracy: 0.4573
2026-02-06 17:21:50,745 - ADV_Generation_eps_0.0_steps_0_Added_Noise_uniform_Eps_40.0_Tau_Type_normal_anchors - INFO - Batch 657/1692: Clean accuracy 0.5616 | Adv accuracy: 0.5616 | Counter-attack accuracy: 0.4581
2026-02-06 17:21:50,999 - ADV_Generation_eps_0.0_steps_0_Added_Noise_uniform_Eps_40.0_Tau_Type_normal_anchors - INFO - Batch 658/1692: Clean accuracy 0.5608 | Adv accuracy: 0.5608 | Counter-attack accuracy: 0.4590
2026-02-06 17:21:51,253 - ADV_Generation_eps_0.0_steps_0_Added_Noise_uniform_Eps_40.0_Tau_Type_normal_anchors - INFO - Batch 659/1692: Clean accuracy 0.5599 | Adv accuracy: 0.5599 | Counter-attack accuracy: 0.4583
2026-02-06 17:21:51,507 - ADV_Generation_eps_0.0_steps_0_Added_Noise_uniform_Eps_40.0_Tau_Type_normal_anchors - INFO - Batch 660/1692: Clean accuracy 0.5591 | Adv accuracy: 0.5591 | Counter-attack accuracy: 0.4576
2026-02-06 17:21:51,761 - ADV_Generation_eps_0.0_steps_0_Added_Noise_uniform_Eps_40.0_Tau_Type_normal_anchors - INFO - Batch 661/1692: Clean accuracy 0.5598 | Adv accuracy: 0.5598 | Counter-attack accuracy: 0.4584
2026-02-06 17:21:52,014 - ADV_Generation_eps_0.0_steps_0_Added_Noise_uniform_Eps_40.0_Tau_Type_normal_anchors - INFO - Batch 662/1692: Clean accuracy 0.5604 | Adv accuracy: 0.5604 | Counter-attack accuracy: 0.4577
2026-02-06 17:21:52,269 - ADV_Generation_eps_0.0_steps_0_Added_Noise_uniform_Eps_40.0_Tau_Type_normal_anchors - INFO - Batch 663/1692: Clean accuracy 0.5596 | Adv accuracy: 0.5596 | Counter-attack accuracy: 0.4570
2026-02-06 17:21:52,522 - ADV_Generation_eps_0.0_steps_0_Added_Noise_uniform_Eps_40.0_Tau_Type_normal_anchors - INFO - Batch 664/1692: Clean accuracy 0.5602 | Adv accuracy: 0.5602 | Counter-attack accuracy: 0.4578
2026-02-06 17:21:52,777 - ADV_Generation_eps_0.0_steps_0_Added_Noise_uniform_Eps_40.0_Tau_Type_normal_anchors - INFO - Batch 665/1692: Clean accuracy 0.5609 | Adv accuracy: 0.5609 | Counter-attack accuracy: 0.4571
2026-02-06 17:21:53,031 - ADV_Generation_eps_0.0_steps_0_Added_Noise_uniform_Eps_40.0_Tau_Type_normal_anchors - INFO - Batch 666/1692: Clean accuracy 0.5601 | Adv accuracy: 0.5601 | Counter-attack accuracy: 0.4565
2026-02-06 17:21:53,285 - ADV_Generation_eps_0.0_steps_0_Added_Noise_uniform_Eps_40.0_Tau_Type_normal_anchors - INFO - Batch 667/1692: Clean accuracy 0.5592 | Adv accuracy: 0.5592 | Counter-attack accuracy: 0.4558
2026-02-06 17:21:53,539 - ADV_Generation_eps_0.0_steps_0_Added_Noise_uniform_Eps_40.0_Tau_Type_normal_anchors - INFO - Batch 668/1692: Clean accuracy 0.5599 | Adv accuracy: 0.5599 | Counter-attack accuracy: 0.4566
2026-02-06 17:21:53,793 - ADV_Generation_eps_0.0_steps_0_Added_Noise_uniform_Eps_40.0_Tau_Type_normal_anchors - INFO - Batch 669/1692: Clean accuracy 0.5590 | Adv accuracy: 0.5590 | Counter-attack accuracy: 0.4559
2026-02-06 17:21:54,046 - ADV_Generation_eps_0.0_steps_0_Added_Noise_uniform_Eps_40.0_Tau_Type_normal_anchors - INFO - Batch 670/1692: Clean accuracy 0.5597 | Adv accuracy: 0.5597 | Counter-attack accuracy: 0.4567
2026-02-06 17:21:54,301 - ADV_Generation_eps_0.0_steps_0_Added_Noise_uniform_Eps_40.0_Tau_Type_normal_anchors - INFO - Batch 671/1692: Clean accuracy 0.5589 | Adv accuracy: 0.5589 | Counter-attack accuracy: 0.4560
2026-02-06 17:21:54,554 - ADV_Generation_eps_0.0_steps_0_Added_Noise_uniform_Eps_40.0_Tau_Type_normal_anchors - INFO - Batch 672/1692: Clean accuracy 0.5580 | Adv accuracy: 0.5580 | Counter-attack accuracy: 0.4554
2026-02-06 17:21:54,808 - ADV_Generation_eps_0.0_steps_0_Added_Noise_uniform_Eps_40.0_Tau_Type_normal_anchors - INFO - Batch 673/1692: Clean accuracy 0.5587 | Adv accuracy: 0.5587 | Counter-attack accuracy: 0.4562
2026-02-06 17:21:55,062 - ADV_Generation_eps_0.0_steps_0_Added_Noise_uniform_Eps_40.0_Tau_Type_normal_anchors - INFO - Batch 674/1692: Clean accuracy 0.5579 | Adv accuracy: 0.5579 | Counter-attack accuracy: 0.4555
2026-02-06 17:21:55,316 - ADV_Generation_eps_0.0_steps_0_Added_Noise_uniform_Eps_40.0_Tau_Type_normal_anchors - INFO - Batch 675/1692: Clean accuracy 0.5585 | Adv accuracy: 0.5585 | Counter-attack accuracy: 0.4563
2026-02-06 17:21:55,569 - ADV_Generation_eps_0.0_steps_0_Added_Noise_uniform_Eps_40.0_Tau_Type_normal_anchors - INFO - Batch 676/1692: Clean accuracy 0.5577 | Adv accuracy: 0.5577 | Counter-attack accuracy: 0.4556
2026-02-06 17:21:55,823 - ADV_Generation_eps_0.0_steps_0_Added_Noise_uniform_Eps_40.0_Tau_Type_normal_anchors - INFO - Batch 677/1692: Clean accuracy 0.5583 | Adv accuracy: 0.5583 | Counter-attack accuracy: 0.4549
2026-02-06 17:21:56,077 - ADV_Generation_eps_0.0_steps_0_Added_Noise_uniform_Eps_40.0_Tau_Type_normal_anchors - INFO - Batch 678/1692: Clean accuracy 0.5590 | Adv accuracy: 0.5590 | Counter-attack accuracy: 0.4558
2026-02-06 17:21:56,331 - ADV_Generation_eps_0.0_steps_0_Added_Noise_uniform_Eps_40.0_Tau_Type_normal_anchors - INFO - Batch 679/1692: Clean accuracy 0.5596 | Adv accuracy: 0.5596 | Counter-attack accuracy: 0.4566
2026-02-06 17:21:56,585 - ADV_Generation_eps_0.0_steps_0_Added_Noise_uniform_Eps_40.0_Tau_Type_normal_anchors - INFO - Batch 680/1692: Clean accuracy 0.5603 | Adv accuracy: 0.5603 | Counter-attack accuracy: 0.4574
2026-02-06 17:21:56,839 - ADV_Generation_eps_0.0_steps_0_Added_Noise_uniform_Eps_40.0_Tau_Type_normal_anchors - INFO - Batch 681/1692: Clean accuracy 0.5609 | Adv accuracy: 0.5609 | Counter-attack accuracy: 0.4581
2026-02-06 17:21:57,093 - ADV_Generation_eps_0.0_steps_0_Added_Noise_uniform_Eps_40.0_Tau_Type_normal_anchors - INFO - Batch 682/1692: Clean accuracy 0.5601 | Adv accuracy: 0.5601 | Counter-attack accuracy: 0.4575
2026-02-06 17:21:57,346 - ADV_Generation_eps_0.0_steps_0_Added_Noise_uniform_Eps_40.0_Tau_Type_normal_anchors - INFO - Batch 683/1692: Clean accuracy 0.5593 | Adv accuracy: 0.5593 | Counter-attack accuracy: 0.4568
2026-02-06 17:21:57,600 - ADV_Generation_eps_0.0_steps_0_Added_Noise_uniform_Eps_40.0_Tau_Type_normal_anchors - INFO - Batch 684/1692: Clean accuracy 0.5585 | Adv accuracy: 0.5585 | Counter-attack accuracy: 0.4561
2026-02-06 17:21:57,854 - ADV_Generation_eps_0.0_steps_0_Added_Noise_uniform_Eps_40.0_Tau_Type_normal_anchors - INFO - Batch 685/1692: Clean accuracy 0.5577 | Adv accuracy: 0.5577 | Counter-attack accuracy: 0.4555
2026-02-06 17:21:58,108 - ADV_Generation_eps_0.0_steps_0_Added_Noise_uniform_Eps_40.0_Tau_Type_normal_anchors - INFO - Batch 686/1692: Clean accuracy 0.5583 | Adv accuracy: 0.5583 | Counter-attack accuracy: 0.4563
2026-02-06 17:21:58,362 - ADV_Generation_eps_0.0_steps_0_Added_Noise_uniform_Eps_40.0_Tau_Type_normal_anchors - INFO - Batch 687/1692: Clean accuracy 0.5575 | Adv accuracy: 0.5575 | Counter-attack accuracy: 0.4571
2026-02-06 17:21:58,616 - ADV_Generation_eps_0.0_steps_0_Added_Noise_uniform_Eps_40.0_Tau_Type_normal_anchors - INFO - Batch 688/1692: Clean accuracy 0.5567 | Adv accuracy: 0.5567 | Counter-attack accuracy: 0.4564
2026-02-06 17:21:58,870 - ADV_Generation_eps_0.0_steps_0_Added_Noise_uniform_Eps_40.0_Tau_Type_normal_anchors - INFO - Batch 689/1692: Clean accuracy 0.5573 | Adv accuracy: 0.5573 | Counter-attack accuracy: 0.4572
2026-02-06 17:21:59,124 - ADV_Generation_eps_0.0_steps_0_Added_Noise_uniform_Eps_40.0_Tau_Type_normal_anchors - INFO - Batch 690/1692: Clean accuracy 0.5580 | Adv accuracy: 0.5580 | Counter-attack accuracy: 0.4580
2026-02-06 17:21:59,378 - ADV_Generation_eps_0.0_steps_0_Added_Noise_uniform_Eps_40.0_Tau_Type_normal_anchors - INFO - Batch 691/1692: Clean accuracy 0.5586 | Adv accuracy: 0.5586 | Counter-attack accuracy: 0.4573
2026-02-06 17:21:59,632 - ADV_Generation_eps_0.0_steps_0_Added_Noise_uniform_Eps_40.0_Tau_Type_normal_anchors - INFO - Batch 692/1692: Clean accuracy 0.5578 | Adv accuracy: 0.5578 | Counter-attack accuracy: 0.4566
2026-02-06 17:21:59,885 - ADV_Generation_eps_0.0_steps_0_Added_Noise_uniform_Eps_40.0_Tau_Type_normal_anchors - INFO - Batch 693/1692: Clean accuracy 0.5570 | Adv accuracy: 0.5570 | Counter-attack accuracy: 0.4560
2026-02-06 17:22:00,139 - ADV_Generation_eps_0.0_steps_0_Added_Noise_uniform_Eps_40.0_Tau_Type_normal_anchors - INFO - Batch 694/1692: Clean accuracy 0.5576 | Adv accuracy: 0.5576 | Counter-attack accuracy: 0.4553
2026-02-06 17:22:00,393 - ADV_Generation_eps_0.0_steps_0_Added_Noise_uniform_Eps_40.0_Tau_Type_normal_anchors - INFO - Batch 695/1692: Clean accuracy 0.5583 | Adv accuracy: 0.5583 | Counter-attack accuracy: 0.4547
2026-02-06 17:22:00,647 - ADV_Generation_eps_0.0_steps_0_Added_Noise_uniform_Eps_40.0_Tau_Type_normal_anchors - INFO - Batch 696/1692: Clean accuracy 0.5589 | Adv accuracy: 0.5589 | Counter-attack accuracy: 0.4540
2026-02-06 17:22:00,901 - ADV_Generation_eps_0.0_steps_0_Added_Noise_uniform_Eps_40.0_Tau_Type_normal_anchors - INFO - Batch 697/1692: Clean accuracy 0.5595 | Adv accuracy: 0.5595 | Counter-attack accuracy: 0.4548
2026-02-06 17:22:01,154 - ADV_Generation_eps_0.0_steps_0_Added_Noise_uniform_Eps_40.0_Tau_Type_normal_anchors - INFO - Batch 698/1692: Clean accuracy 0.5602 | Adv accuracy: 0.5602 | Counter-attack accuracy: 0.4556
2026-02-06 17:22:01,408 - ADV_Generation_eps_0.0_steps_0_Added_Noise_uniform_Eps_40.0_Tau_Type_normal_anchors - INFO - Batch 699/1692: Clean accuracy 0.5608 | Adv accuracy: 0.5608 | Counter-attack accuracy: 0.4564
2026-02-06 17:22:01,662 - ADV_Generation_eps_0.0_steps_0_Added_Noise_uniform_Eps_40.0_Tau_Type_normal_anchors - INFO - Batch 700/1692: Clean accuracy 0.5614 | Adv accuracy: 0.5614 | Counter-attack accuracy: 0.4571
2026-02-06 17:22:01,916 - ADV_Generation_eps_0.0_steps_0_Added_Noise_uniform_Eps_40.0_Tau_Type_normal_anchors - INFO - Batch 701/1692: Clean accuracy 0.5621 | Adv accuracy: 0.5621 | Counter-attack accuracy: 0.4579
2026-02-06 17:22:02,170 - ADV_Generation_eps_0.0_steps_0_Added_Noise_uniform_Eps_40.0_Tau_Type_normal_anchors - INFO - Batch 702/1692: Clean accuracy 0.5627 | Adv accuracy: 0.5627 | Counter-attack accuracy: 0.4587
2026-02-06 17:22:02,424 - ADV_Generation_eps_0.0_steps_0_Added_Noise_uniform_Eps_40.0_Tau_Type_normal_anchors - INFO - Batch 703/1692: Clean accuracy 0.5619 | Adv accuracy: 0.5619 | Counter-attack accuracy: 0.4580
2026-02-06 17:22:02,677 - ADV_Generation_eps_0.0_steps_0_Added_Noise_uniform_Eps_40.0_Tau_Type_normal_anchors - INFO - Batch 704/1692: Clean accuracy 0.5625 | Adv accuracy: 0.5625 | Counter-attack accuracy: 0.4588
2026-02-06 17:22:02,931 - ADV_Generation_eps_0.0_steps_0_Added_Noise_uniform_Eps_40.0_Tau_Type_normal_anchors - INFO - Batch 705/1692: Clean accuracy 0.5617 | Adv accuracy: 0.5617 | Counter-attack accuracy: 0.4596
2026-02-06 17:22:03,185 - ADV_Generation_eps_0.0_steps_0_Added_Noise_uniform_Eps_40.0_Tau_Type_normal_anchors - INFO - Batch 706/1692: Clean accuracy 0.5623 | Adv accuracy: 0.5623 | Counter-attack accuracy: 0.4603
2026-02-06 17:22:03,439 - ADV_Generation_eps_0.0_steps_0_Added_Noise_uniform_Eps_40.0_Tau_Type_normal_anchors - INFO - Batch 707/1692: Clean accuracy 0.5629 | Adv accuracy: 0.5629 | Counter-attack accuracy: 0.4611
2026-02-06 17:22:03,693 - ADV_Generation_eps_0.0_steps_0_Added_Noise_uniform_Eps_40.0_Tau_Type_normal_anchors - INFO - Batch 708/1692: Clean accuracy 0.5636 | Adv accuracy: 0.5636 | Counter-attack accuracy: 0.4619
2026-02-06 17:22:03,947 - ADV_Generation_eps_0.0_steps_0_Added_Noise_uniform_Eps_40.0_Tau_Type_normal_anchors - INFO - Batch 709/1692: Clean accuracy 0.5642 | Adv accuracy: 0.5642 | Counter-attack accuracy: 0.4626
2026-02-06 17:22:04,200 - ADV_Generation_eps_0.0_steps_0_Added_Noise_uniform_Eps_40.0_Tau_Type_normal_anchors - INFO - Batch 710/1692: Clean accuracy 0.5648 | Adv accuracy: 0.5648 | Counter-attack accuracy: 0.4634
2026-02-06 17:22:04,454 - ADV_Generation_eps_0.0_steps_0_Added_Noise_uniform_Eps_40.0_Tau_Type_normal_anchors - INFO - Batch 711/1692: Clean accuracy 0.5654 | Adv accuracy: 0.5654 | Counter-attack accuracy: 0.4641
2026-02-06 17:22:04,708 - ADV_Generation_eps_0.0_steps_0_Added_Noise_uniform_Eps_40.0_Tau_Type_normal_anchors - INFO - Batch 712/1692: Clean accuracy 0.5660 | Adv accuracy: 0.5660 | Counter-attack accuracy: 0.4649
2026-02-06 17:22:04,962 - ADV_Generation_eps_0.0_steps_0_Added_Noise_uniform_Eps_40.0_Tau_Type_normal_anchors - INFO - Batch 713/1692: Clean accuracy 0.5666 | Adv accuracy: 0.5666 | Counter-attack accuracy: 0.4656
2026-02-06 17:22:05,216 - ADV_Generation_eps_0.0_steps_0_Added_Noise_uniform_Eps_40.0_Tau_Type_normal_anchors - INFO - Batch 714/1692: Clean accuracy 0.5672 | Adv accuracy: 0.5672 | Counter-attack accuracy: 0.4664
2026-02-06 17:22:05,470 - ADV_Generation_eps_0.0_steps_0_Added_Noise_uniform_Eps_40.0_Tau_Type_normal_anchors - INFO - Batch 715/1692: Clean accuracy 0.5678 | Adv accuracy: 0.5678 | Counter-attack accuracy: 0.4671
2026-02-06 17:22:05,723 - ADV_Generation_eps_0.0_steps_0_Added_Noise_uniform_Eps_40.0_Tau_Type_normal_anchors - INFO - Batch 716/1692: Clean accuracy 0.5684 | Adv accuracy: 0.5684 | Counter-attack accuracy: 0.4679
2026-02-06 17:22:05,977 - ADV_Generation_eps_0.0_steps_0_Added_Noise_uniform_Eps_40.0_Tau_Type_normal_anchors - INFO - Batch 717/1692: Clean accuracy 0.5676 | Adv accuracy: 0.5676 | Counter-attack accuracy: 0.4672
2026-02-06 17:22:06,231 - ADV_Generation_eps_0.0_steps_0_Added_Noise_uniform_Eps_40.0_Tau_Type_normal_anchors - INFO - Batch 718/1692: Clean accuracy 0.5669 | Adv accuracy: 0.5669 | Counter-attack accuracy: 0.4666
2026-02-06 17:22:06,485 - ADV_Generation_eps_0.0_steps_0_Added_Noise_uniform_Eps_40.0_Tau_Type_normal_anchors - INFO - Batch 719/1692: Clean accuracy 0.5661 | Adv accuracy: 0.5661 | Counter-attack accuracy: 0.4659
2026-02-06 17:22:06,739 - ADV_Generation_eps_0.0_steps_0_Added_Noise_uniform_Eps_40.0_Tau_Type_normal_anchors - INFO - Batch 720/1692: Clean accuracy 0.5667 | Adv accuracy: 0.5667 | Counter-attack accuracy: 0.4667
2026-02-06 17:22:06,993 - ADV_Generation_eps_0.0_steps_0_Added_Noise_uniform_Eps_40.0_Tau_Type_normal_anchors - INFO - Batch 721/1692: Clean accuracy 0.5673 | Adv accuracy: 0.5673 | Counter-attack accuracy: 0.4674
2026-02-06 17:22:07,246 - ADV_Generation_eps_0.0_steps_0_Added_Noise_uniform_Eps_40.0_Tau_Type_normal_anchors - INFO - Batch 722/1692: Clean accuracy 0.5679 | Adv accuracy: 0.5679 | Counter-attack accuracy: 0.4681
2026-02-06 17:22:07,500 - ADV_Generation_eps_0.0_steps_0_Added_Noise_uniform_Eps_40.0_Tau_Type_normal_anchors - INFO - Batch 723/1692: Clean accuracy 0.5685 | Adv accuracy: 0.5685 | Counter-attack accuracy: 0.4689
2026-02-06 17:22:07,754 - ADV_Generation_eps_0.0_steps_0_Added_Noise_uniform_Eps_40.0_Tau_Type_normal_anchors - INFO - Batch 724/1692: Clean accuracy 0.5691 | Adv accuracy: 0.5691 | Counter-attack accuracy: 0.4696
2026-02-06 17:22:08,008 - ADV_Generation_eps_0.0_steps_0_Added_Noise_uniform_Eps_40.0_Tau_Type_normal_anchors - INFO - Batch 725/1692: Clean accuracy 0.5697 | Adv accuracy: 0.5697 | Counter-attack accuracy: 0.4703
2026-02-06 17:22:08,262 - ADV_Generation_eps_0.0_steps_0_Added_Noise_uniform_Eps_40.0_Tau_Type_normal_anchors - INFO - Batch 726/1692: Clean accuracy 0.5702 | Adv accuracy: 0.5702 | Counter-attack accuracy: 0.4711
2026-02-06 17:22:08,516 - ADV_Generation_eps_0.0_steps_0_Added_Noise_uniform_Eps_40.0_Tau_Type_normal_anchors - INFO - Batch 727/1692: Clean accuracy 0.5708 | Adv accuracy: 0.5708 | Counter-attack accuracy: 0.4718
2026-02-06 17:22:08,770 - ADV_Generation_eps_0.0_steps_0_Added_Noise_uniform_Eps_40.0_Tau_Type_normal_anchors - INFO - Batch 728/1692: Clean accuracy 0.5714 | Adv accuracy: 0.5714 | Counter-attack accuracy: 0.4725
2026-02-06 17:22:09,024 - ADV_Generation_eps_0.0_steps_0_Added_Noise_uniform_Eps_40.0_Tau_Type_normal_anchors - INFO - Batch 729/1692: Clean accuracy 0.5720 | Adv accuracy: 0.5720 | Counter-attack accuracy: 0.4733
2026-02-06 17:22:09,278 - ADV_Generation_eps_0.0_steps_0_Added_Noise_uniform_Eps_40.0_Tau_Type_normal_anchors - INFO - Batch 730/1692: Clean accuracy 0.5726 | Adv accuracy: 0.5726 | Counter-attack accuracy: 0.4740
2026-02-06 17:22:09,532 - ADV_Generation_eps_0.0_steps_0_Added_Noise_uniform_Eps_40.0_Tau_Type_normal_anchors - INFO - Batch 731/1692: Clean accuracy 0.5732 | Adv accuracy: 0.5732 | Counter-attack accuracy: 0.4733
2026-02-06 17:22:09,786 - ADV_Generation_eps_0.0_steps_0_Added_Noise_uniform_Eps_40.0_Tau_Type_normal_anchors - INFO - Batch 732/1692: Clean accuracy 0.5738 | Adv accuracy: 0.5738 | Counter-attack accuracy: 0.4740
2026-02-06 17:22:10,040 - ADV_Generation_eps_0.0_steps_0_Added_Noise_uniform_Eps_40.0_Tau_Type_normal_anchors - INFO - Batch 733/1692: Clean accuracy 0.5744 | Adv accuracy: 0.5744 | Counter-attack accuracy: 0.4748
2026-02-06 17:22:10,294 - ADV_Generation_eps_0.0_steps_0_Added_Noise_uniform_Eps_40.0_Tau_Type_normal_anchors - INFO - Batch 734/1692: Clean accuracy 0.5749 | Adv accuracy: 0.5749 | Counter-attack accuracy: 0.4755
2026-02-06 17:22:10,548 - ADV_Generation_eps_0.0_steps_0_Added_Noise_uniform_Eps_40.0_Tau_Type_normal_anchors - INFO - Batch 735/1692: Clean accuracy 0.5741 | Adv accuracy: 0.5741 | Counter-attack accuracy: 0.4748
2026-02-06 17:22:10,802 - ADV_Generation_eps_0.0_steps_0_Added_Noise_uniform_Eps_40.0_Tau_Type_normal_anchors - INFO - Batch 736/1692: Clean accuracy 0.5747 | Adv accuracy: 0.5747 | Counter-attack accuracy: 0.4755
2026-02-06 17:22:11,056 - ADV_Generation_eps_0.0_steps_0_Added_Noise_uniform_Eps_40.0_Tau_Type_normal_anchors - INFO - Batch 737/1692: Clean accuracy 0.5753 | Adv accuracy: 0.5753 | Counter-attack accuracy: 0.4763
2026-02-06 17:22:11,309 - ADV_Generation_eps_0.0_steps_0_Added_Noise_uniform_Eps_40.0_Tau_Type_normal_anchors - INFO - Batch 738/1692: Clean accuracy 0.5759 | Adv accuracy: 0.5759 | Counter-attack accuracy: 0.4770
2026-02-06 17:22:11,563 - ADV_Generation_eps_0.0_steps_0_Added_Noise_uniform_Eps_40.0_Tau_Type_normal_anchors - INFO - Batch 739/1692: Clean accuracy 0.5765 | Adv accuracy: 0.5765 | Counter-attack accuracy: 0.4777
2026-02-06 17:22:11,817 - ADV_Generation_eps_0.0_steps_0_Added_Noise_uniform_Eps_40.0_Tau_Type_normal_anchors - INFO - Batch 740/1692: Clean accuracy 0.5770 | Adv accuracy: 0.5770 | Counter-attack accuracy: 0.4784
2026-02-06 17:22:12,071 - ADV_Generation_eps_0.0_steps_0_Added_Noise_uniform_Eps_40.0_Tau_Type_normal_anchors - INFO - Batch 741/1692: Clean accuracy 0.5776 | Adv accuracy: 0.5776 | Counter-attack accuracy: 0.4791
2026-02-06 17:22:12,325 - ADV_Generation_eps_0.0_steps_0_Added_Noise_uniform_Eps_40.0_Tau_Type_normal_anchors - INFO - Batch 742/1692: Clean accuracy 0.5782 | Adv accuracy: 0.5782 | Counter-attack accuracy: 0.4798
2026-02-06 17:22:12,579 - ADV_Generation_eps_0.0_steps_0_Added_Noise_uniform_Eps_40.0_Tau_Type_normal_anchors - INFO - Batch 743/1692: Clean accuracy 0.5787 | Adv accuracy: 0.5787 | Counter-attack accuracy: 0.4805
2026-02-06 17:22:12,832 - ADV_Generation_eps_0.0_steps_0_Added_Noise_uniform_Eps_40.0_Tau_Type_normal_anchors - INFO - Batch 744/1692: Clean accuracy 0.5793 | Adv accuracy: 0.5793 | Counter-attack accuracy: 0.4812
2026-02-06 17:22:13,086 - ADV_Generation_eps_0.0_steps_0_Added_Noise_uniform_Eps_40.0_Tau_Type_normal_anchors - INFO - Batch 745/1692: Clean accuracy 0.5799 | Adv accuracy: 0.5799 | Counter-attack accuracy: 0.4819
2026-02-06 17:22:13,340 - ADV_Generation_eps_0.0_steps_0_Added_Noise_uniform_Eps_40.0_Tau_Type_normal_anchors - INFO - Batch 746/1692: Clean accuracy 0.5804 | Adv accuracy: 0.5804 | Counter-attack accuracy: 0.4826
2026-02-06 17:22:13,594 - ADV_Generation_eps_0.0_steps_0_Added_Noise_uniform_Eps_40.0_Tau_Type_normal_anchors - INFO - Batch 747/1692: Clean accuracy 0.5810 | Adv accuracy: 0.5810 | Counter-attack accuracy: 0.4833
2026-02-06 17:22:13,848 - ADV_Generation_eps_0.0_steps_0_Added_Noise_uniform_Eps_40.0_Tau_Type_normal_anchors - INFO - Batch 748/1692: Clean accuracy 0.5816 | Adv accuracy: 0.5816 | Counter-attack accuracy: 0.4840
2026-02-06 17:22:14,102 - ADV_Generation_eps_0.0_steps_0_Added_Noise_uniform_Eps_40.0_Tau_Type_normal_anchors - INFO - Batch 749/1692: Clean accuracy 0.5821 | Adv accuracy: 0.5821 | Counter-attack accuracy: 0.4846
2026-02-06 17:22:14,356 - ADV_Generation_eps_0.0_steps_0_Added_Noise_uniform_Eps_40.0_Tau_Type_normal_anchors - INFO - Batch 750/1692: Clean accuracy 0.5827 | Adv accuracy: 0.5827 | Counter-attack accuracy: 0.4853
2026-02-06 17:22:14,609 - ADV_Generation_eps_0.0_steps_0_Added_Noise_uniform_Eps_40.0_Tau_Type_normal_anchors - INFO - Batch 751/1692: Clean accuracy 0.5832 | Adv accuracy: 0.5832 | Counter-attack accuracy: 0.4860
2026-02-06 17:22:14,863 - ADV_Generation_eps_0.0_steps_0_Added_Noise_uniform_Eps_40.0_Tau_Type_normal_anchors - INFO - Batch 752/1692: Clean accuracy 0.5838 | Adv accuracy: 0.5838 | Counter-attack accuracy: 0.4867
2026-02-06 17:22:15,117 - ADV_Generation_eps_0.0_steps_0_Added_Noise_uniform_Eps_40.0_Tau_Type_normal_anchors - INFO - Batch 753/1692: Clean accuracy 0.5843 | Adv accuracy: 0.5843 | Counter-attack accuracy: 0.4861
2026-02-06 17:22:15,371 - ADV_Generation_eps_0.0_steps_0_Added_Noise_uniform_Eps_40.0_Tau_Type_normal_anchors - INFO - Batch 754/1692: Clean accuracy 0.5849 | Adv accuracy: 0.5849 | Counter-attack accuracy: 0.4867
2026-02-06 17:22:15,625 - ADV_Generation_eps_0.0_steps_0_Added_Noise_uniform_Eps_40.0_Tau_Type_normal_anchors - INFO - Batch 755/1692: Clean accuracy 0.5854 | Adv accuracy: 0.5854 | Counter-attack accuracy: 0.4874
2026-02-06 17:22:15,879 - ADV_Generation_eps_0.0_steps_0_Added_Noise_uniform_Eps_40.0_Tau_Type_normal_anchors - INFO - Batch 756/1692: Clean accuracy 0.5860 | Adv accuracy: 0.5860 | Counter-attack accuracy: 0.4868
2026-02-06 17:22:16,132 - ADV_Generation_eps_0.0_steps_0_Added_Noise_uniform_Eps_40.0_Tau_Type_normal_anchors - INFO - Batch 757/1692: Clean accuracy 0.5865 | Adv accuracy: 0.5865 | Counter-attack accuracy: 0.4875
2026-02-06 17:22:16,386 - ADV_Generation_eps_0.0_steps_0_Added_Noise_uniform_Eps_40.0_Tau_Type_normal_anchors - INFO - Batch 758/1692: Clean accuracy 0.5871 | Adv accuracy: 0.5871 | Counter-attack accuracy: 0.4881
2026-02-06 17:22:16,640 - ADV_Generation_eps_0.0_steps_0_Added_Noise_uniform_Eps_40.0_Tau_Type_normal_anchors - INFO - Batch 759/1692: Clean accuracy 0.5876 | Adv accuracy: 0.5876 | Counter-attack accuracy: 0.4888
2026-02-06 17:22:16,894 - ADV_Generation_eps_0.0_steps_0_Added_Noise_uniform_Eps_40.0_Tau_Type_normal_anchors - INFO - Batch 760/1692: Clean accuracy 0.5882 | Adv accuracy: 0.5882 | Counter-attack accuracy: 0.4895
2026-02-06 17:22:17,148 - ADV_Generation_eps_0.0_steps_0_Added_Noise_uniform_Eps_40.0_Tau_Type_normal_anchors - INFO - Batch 761/1692: Clean accuracy 0.5874 | Adv accuracy: 0.5874 | Counter-attack accuracy: 0.4901
2026-02-06 17:22:17,402 - ADV_Generation_eps_0.0_steps_0_Added_Noise_uniform_Eps_40.0_Tau_Type_normal_anchors - INFO - Batch 762/1692: Clean accuracy 0.5879 | Adv accuracy: 0.5879 | Counter-attack accuracy: 0.4895
2026-02-06 17:22:17,656 - ADV_Generation_eps_0.0_steps_0_Added_Noise_uniform_Eps_40.0_Tau_Type_normal_anchors - INFO - Batch 763/1692: Clean accuracy 0.5885 | Adv accuracy: 0.5885 | Counter-attack accuracy: 0.4902
2026-02-06 17:22:17,910 - ADV_Generation_eps_0.0_steps_0_Added_Noise_uniform_Eps_40.0_Tau_Type_normal_anchors - INFO - Batch 764/1692: Clean accuracy 0.5890 | Adv accuracy: 0.5890 | Counter-attack accuracy: 0.4908
2026-02-06 17:22:18,163 - ADV_Generation_eps_0.0_steps_0_Added_Noise_uniform_Eps_40.0_Tau_Type_normal_anchors - INFO - Batch 765/1692: Clean accuracy 0.5895 | Adv accuracy: 0.5895 | Counter-attack accuracy: 0.4915
2026-02-06 17:22:18,417 - ADV_Generation_eps_0.0_steps_0_Added_Noise_uniform_Eps_40.0_Tau_Type_normal_anchors - INFO - Batch 766/1692: Clean accuracy 0.5888 | Adv accuracy: 0.5888 | Counter-attack accuracy: 0.4909
2026-02-06 17:22:18,671 - ADV_Generation_eps_0.0_steps_0_Added_Noise_uniform_Eps_40.0_Tau_Type_normal_anchors - INFO - Batch 767/1692: Clean accuracy 0.5893 | Adv accuracy: 0.5893 | Counter-attack accuracy: 0.4902
2026-02-06 17:22:18,925 - ADV_Generation_eps_0.0_steps_0_Added_Noise_uniform_Eps_40.0_Tau_Type_normal_anchors - INFO - Batch 768/1692: Clean accuracy 0.5898 | Adv accuracy: 0.5898 | Counter-attack accuracy: 0.4909
2026-02-06 17:22:19,179 - ADV_Generation_eps_0.0_steps_0_Added_Noise_uniform_Eps_40.0_Tau_Type_normal_anchors - INFO - Batch 769/1692: Clean accuracy 0.5904 | Adv accuracy: 0.5904 | Counter-attack accuracy: 0.4902
2026-02-06 17:22:19,433 - ADV_Generation_eps_0.0_steps_0_Added_Noise_uniform_Eps_40.0_Tau_Type_normal_anchors - INFO - Batch 770/1692: Clean accuracy 0.5909 | Adv accuracy: 0.5909 | Counter-attack accuracy: 0.4909
2026-02-06 17:22:19,687 - ADV_Generation_eps_0.0_steps_0_Added_Noise_uniform_Eps_40.0_Tau_Type_normal_anchors - INFO - Batch 771/1692: Clean accuracy 0.5914 | Adv accuracy: 0.5914 | Counter-attack accuracy: 0.4916
2026-02-06 17:22:19,940 - ADV_Generation_eps_0.0_steps_0_Added_Noise_uniform_Eps_40.0_Tau_Type_normal_anchors - INFO - Batch 772/1692: Clean accuracy 0.5920 | Adv accuracy: 0.5920 | Counter-attack accuracy: 0.4909
2026-02-06 17:22:20,194 - ADV_Generation_eps_0.0_steps_0_Added_Noise_uniform_Eps_40.0_Tau_Type_normal_anchors - INFO - Batch 773/1692: Clean accuracy 0.5925 | Adv accuracy: 0.5925 | Counter-attack accuracy: 0.4916
2026-02-06 17:22:20,448 - ADV_Generation_eps_0.0_steps_0_Added_Noise_uniform_Eps_40.0_Tau_Type_normal_anchors - INFO - Batch 774/1692: Clean accuracy 0.5930 | Adv accuracy: 0.5930 | Counter-attack accuracy: 0.4922
2026-02-06 17:22:20,702 - ADV_Generation_eps_0.0_steps_0_Added_Noise_uniform_Eps_40.0_Tau_Type_normal_anchors - INFO - Batch 775/1692: Clean accuracy 0.5935 | Adv accuracy: 0.5935 | Counter-attack accuracy: 0.4929
2026-02-06 17:22:20,956 - ADV_Generation_eps_0.0_steps_0_Added_Noise_uniform_Eps_40.0_Tau_Type_normal_anchors - INFO - Batch 776/1692: Clean accuracy 0.5941 | Adv accuracy: 0.5941 | Counter-attack accuracy: 0.4923
2026-02-06 17:22:21,210 - ADV_Generation_eps_0.0_steps_0_Added_Noise_uniform_Eps_40.0_Tau_Type_normal_anchors - INFO - Batch 777/1692: Clean accuracy 0.5946 | Adv accuracy: 0.5946 | Counter-attack accuracy: 0.4929
2026-02-06 17:22:21,464 - ADV_Generation_eps_0.0_steps_0_Added_Noise_uniform_Eps_40.0_Tau_Type_normal_anchors - INFO - Batch 778/1692: Clean accuracy 0.5951 | Adv accuracy: 0.5951 | Counter-attack accuracy: 0.4936
2026-02-06 17:22:21,718 - ADV_Generation_eps_0.0_steps_0_Added_Noise_uniform_Eps_40.0_Tau_Type_normal_anchors - INFO - Batch 779/1692: Clean accuracy 0.5956 | Adv accuracy: 0.5956 | Counter-attack accuracy: 0.4942
2026-02-06 17:22:21,971 - ADV_Generation_eps_0.0_steps_0_Added_Noise_uniform_Eps_40.0_Tau_Type_normal_anchors - INFO - Batch 780/1692: Clean accuracy 0.5949 | Adv accuracy: 0.5949 | Counter-attack accuracy: 0.4936
2026-02-06 17:22:22,225 - ADV_Generation_eps_0.0_steps_0_Added_Noise_uniform_Eps_40.0_Tau_Type_normal_anchors - INFO - Batch 781/1692: Clean accuracy 0.5941 | Adv accuracy: 0.5941 | Counter-attack accuracy: 0.4930
2026-02-06 17:22:22,479 - ADV_Generation_eps_0.0_steps_0_Added_Noise_uniform_Eps_40.0_Tau_Type_normal_anchors - INFO - Batch 782/1692: Clean accuracy 0.5946 | Adv accuracy: 0.5946 | Counter-attack accuracy: 0.4936
2026-02-06 17:22:22,733 - ADV_Generation_eps_0.0_steps_0_Added_Noise_uniform_Eps_40.0_Tau_Type_normal_anchors - INFO - Batch 783/1692: Clean accuracy 0.5951 | Adv accuracy: 0.5951 | Counter-attack accuracy: 0.4930
2026-02-06 17:22:22,987 - ADV_Generation_eps_0.0_steps_0_Added_Noise_uniform_Eps_40.0_Tau_Type_normal_anchors - INFO - Batch 784/1692: Clean accuracy 0.5957 | Adv accuracy: 0.5957 | Counter-attack accuracy: 0.4936
2026-02-06 17:22:23,241 - ADV_Generation_eps_0.0_steps_0_Added_Noise_uniform_Eps_40.0_Tau_Type_normal_anchors - INFO - Batch 785/1692: Clean accuracy 0.5949 | Adv accuracy: 0.5949 | Counter-attack accuracy: 0.4930
2026-02-06 17:22:23,495 - ADV_Generation_eps_0.0_steps_0_Added_Noise_uniform_Eps_40.0_Tau_Type_normal_anchors - INFO - Batch 786/1692: Clean accuracy 0.5941 | Adv accuracy: 0.5941 | Counter-attack accuracy: 0.4924
2026-02-06 17:22:23,748 - ADV_Generation_eps_0.0_steps_0_Added_Noise_uniform_Eps_40.0_Tau_Type_normal_anchors - INFO - Batch 787/1692: Clean accuracy 0.5947 | Adv accuracy: 0.5947 | Counter-attack accuracy: 0.4917
2026-02-06 17:22:24,002 - ADV_Generation_eps_0.0_steps_0_Added_Noise_uniform_Eps_40.0_Tau_Type_normal_anchors - INFO - Batch 788/1692: Clean accuracy 0.5939 | Adv accuracy: 0.5939 | Counter-attack accuracy: 0.4911
2026-02-06 17:22:24,257 - ADV_Generation_eps_0.0_steps_0_Added_Noise_uniform_Eps_40.0_Tau_Type_normal_anchors - INFO - Batch 789/1692: Clean accuracy 0.5944 | Adv accuracy: 0.5944 | Counter-attack accuracy: 0.4918
2026-02-06 17:22:24,510 - ADV_Generation_eps_0.0_steps_0_Added_Noise_uniform_Eps_40.0_Tau_Type_normal_anchors - INFO - Batch 790/1692: Clean accuracy 0.5949 | Adv accuracy: 0.5949 | Counter-attack accuracy: 0.4911
2026-02-06 17:22:24,764 - ADV_Generation_eps_0.0_steps_0_Added_Noise_uniform_Eps_40.0_Tau_Type_normal_anchors - INFO - Batch 791/1692: Clean accuracy 0.5942 | Adv accuracy: 0.5942 | Counter-attack accuracy: 0.4905
2026-02-06 17:22:25,018 - ADV_Generation_eps_0.0_steps_0_Added_Noise_uniform_Eps_40.0_Tau_Type_normal_anchors - INFO - Batch 792/1692: Clean accuracy 0.5934 | Adv accuracy: 0.5934 | Counter-attack accuracy: 0.4899
2026-02-06 17:22:25,272 - ADV_Generation_eps_0.0_steps_0_Added_Noise_uniform_Eps_40.0_Tau_Type_normal_anchors - INFO - Batch 793/1692: Clean accuracy 0.5939 | Adv accuracy: 0.5939 | Counter-attack accuracy: 0.4905
2026-02-06 17:22:25,526 - ADV_Generation_eps_0.0_steps_0_Added_Noise_uniform_Eps_40.0_Tau_Type_normal_anchors - INFO - Batch 794/1692: Clean accuracy 0.5932 | Adv accuracy: 0.5932 | Counter-attack accuracy: 0.4899
2026-02-06 17:22:25,780 - ADV_Generation_eps_0.0_steps_0_Added_Noise_uniform_Eps_40.0_Tau_Type_normal_anchors - INFO - Batch 795/1692: Clean accuracy 0.5925 | Adv accuracy: 0.5925 | Counter-attack accuracy: 0.4893
2026-02-06 17:22:26,034 - ADV_Generation_eps_0.0_steps_0_Added_Noise_uniform_Eps_40.0_Tau_Type_normal_anchors - INFO - Batch 796/1692: Clean accuracy 0.5917 | Adv accuracy: 0.5917 | Counter-attack accuracy: 0.4899
2026-02-06 17:22:26,287 - ADV_Generation_eps_0.0_steps_0_Added_Noise_uniform_Eps_40.0_Tau_Type_normal_anchors - INFO - Batch 797/1692: Clean accuracy 0.5910 | Adv accuracy: 0.5910 | Counter-attack accuracy: 0.4893
2026-02-06 17:22:26,541 - ADV_Generation_eps_0.0_steps_0_Added_Noise_uniform_Eps_40.0_Tau_Type_normal_anchors - INFO - Batch 798/1692: Clean accuracy 0.5902 | Adv accuracy: 0.5902 | Counter-attack accuracy: 0.4887
2026-02-06 17:22:26,796 - ADV_Generation_eps_0.0_steps_0_Added_Noise_uniform_Eps_40.0_Tau_Type_normal_anchors - INFO - Batch 799/1692: Clean accuracy 0.5895 | Adv accuracy: 0.5895 | Counter-attack accuracy: 0.4881
2026-02-06 17:22:27,050 - ADV_Generation_eps_0.0_steps_0_Added_Noise_uniform_Eps_40.0_Tau_Type_normal_anchors - INFO - Batch 800/1692: Clean accuracy 0.5887 | Adv accuracy: 0.5887 | Counter-attack accuracy: 0.4875
2026-02-06 17:22:27,304 - ADV_Generation_eps_0.0_steps_0_Added_Noise_uniform_Eps_40.0_Tau_Type_normal_anchors - INFO - Batch 801/1692: Clean accuracy 0.5893 | Adv accuracy: 0.5893 | Counter-attack accuracy: 0.4881
2026-02-06 17:22:27,558 - ADV_Generation_eps_0.0_steps_0_Added_Noise_uniform_Eps_40.0_Tau_Type_normal_anchors - INFO - Batch 802/1692: Clean accuracy 0.5898 | Adv accuracy: 0.5898 | Counter-attack accuracy: 0.4888
2026-02-06 17:22:27,812 - ADV_Generation_eps_0.0_steps_0_Added_Noise_uniform_Eps_40.0_Tau_Type_normal_anchors - INFO - Batch 803/1692: Clean accuracy 0.5903 | Adv accuracy: 0.5903 | Counter-attack accuracy: 0.4894
2026-02-06 17:22:28,065 - ADV_Generation_eps_0.0_steps_0_Added_Noise_uniform_Eps_40.0_Tau_Type_normal_anchors - INFO - Batch 804/1692: Clean accuracy 0.5896 | Adv accuracy: 0.5896 | Counter-attack accuracy: 0.4888
2026-02-06 17:22:28,319 - ADV_Generation_eps_0.0_steps_0_Added_Noise_uniform_Eps_40.0_Tau_Type_normal_anchors - INFO - Batch 805/1692: Clean accuracy 0.5888 | Adv accuracy: 0.5888 | Counter-attack accuracy: 0.4882
2026-02-06 17:22:28,573 - ADV_Generation_eps_0.0_steps_0_Added_Noise_uniform_Eps_40.0_Tau_Type_normal_anchors - INFO - Batch 806/1692: Clean accuracy 0.5881 | Adv accuracy: 0.5881 | Counter-attack accuracy: 0.4876
2026-02-06 17:22:28,827 - ADV_Generation_eps_0.0_steps_0_Added_Noise_uniform_Eps_40.0_Tau_Type_normal_anchors - INFO - Batch 807/1692: Clean accuracy 0.5874 | Adv accuracy: 0.5874 | Counter-attack accuracy: 0.4870
2026-02-06 17:22:29,081 - ADV_Generation_eps_0.0_steps_0_Added_Noise_uniform_Eps_40.0_Tau_Type_normal_anchors - INFO - Batch 808/1692: Clean accuracy 0.5866 | Adv accuracy: 0.5866 | Counter-attack accuracy: 0.4864
2026-02-06 17:22:29,335 - ADV_Generation_eps_0.0_steps_0_Added_Noise_uniform_Eps_40.0_Tau_Type_normal_anchors - INFO - Batch 809/1692: Clean accuracy 0.5871 | Adv accuracy: 0.5871 | Counter-attack accuracy: 0.4870
2026-02-06 17:22:29,588 - ADV_Generation_eps_0.0_steps_0_Added_Noise_uniform_Eps_40.0_Tau_Type_normal_anchors - INFO - Batch 810/1692: Clean accuracy 0.5864 | Adv accuracy: 0.5864 | Counter-attack accuracy: 0.4864
2026-02-06 17:22:29,842 - ADV_Generation_eps_0.0_steps_0_Added_Noise_uniform_Eps_40.0_Tau_Type_normal_anchors - INFO - Batch 811/1692: Clean accuracy 0.5869 | Adv accuracy: 0.5869 | Counter-attack accuracy: 0.4871
2026-02-06 17:22:30,096 - ADV_Generation_eps_0.0_steps_0_Added_Noise_uniform_Eps_40.0_Tau_Type_normal_anchors - INFO - Batch 812/1692: Clean accuracy 0.5862 | Adv accuracy: 0.5862 | Counter-attack accuracy: 0.4865
2026-02-06 17:22:30,350 - ADV_Generation_eps_0.0_steps_0_Added_Noise_uniform_Eps_40.0_Tau_Type_normal_anchors - INFO - Batch 813/1692: Clean accuracy 0.5855 | Adv accuracy: 0.5855 | Counter-attack accuracy: 0.4859
2026-02-06 17:22:30,604 - ADV_Generation_eps_0.0_steps_0_Added_Noise_uniform_Eps_40.0_Tau_Type_normal_anchors - INFO - Batch 814/1692: Clean accuracy 0.5860 | Adv accuracy: 0.5860 | Counter-attack accuracy: 0.4853
2026-02-06 17:22:30,858 - ADV_Generation_eps_0.0_steps_0_Added_Noise_uniform_Eps_40.0_Tau_Type_normal_anchors - INFO - Batch 815/1692: Clean accuracy 0.5853 | Adv accuracy: 0.5853 | Counter-attack accuracy: 0.4847
2026-02-06 17:22:31,111 - ADV_Generation_eps_0.0_steps_0_Added_Noise_uniform_Eps_40.0_Tau_Type_normal_anchors - INFO - Batch 816/1692: Clean accuracy 0.5858 | Adv accuracy: 0.5858 | Counter-attack accuracy: 0.4853
2026-02-06 17:22:31,365 - ADV_Generation_eps_0.0_steps_0_Added_Noise_uniform_Eps_40.0_Tau_Type_normal_anchors - INFO - Batch 817/1692: Clean accuracy 0.5851 | Adv accuracy: 0.5851 | Counter-attack accuracy: 0.4847
2026-02-06 17:22:31,619 - ADV_Generation_eps_0.0_steps_0_Added_Noise_uniform_Eps_40.0_Tau_Type_normal_anchors - INFO - Batch 818/1692: Clean accuracy 0.5844 | Adv accuracy: 0.5844 | Counter-attack accuracy: 0.4841
2026-02-06 17:22:31,873 - ADV_Generation_eps_0.0_steps_0_Added_Noise_uniform_Eps_40.0_Tau_Type_normal_anchors - INFO - Batch 819/1692: Clean accuracy 0.5836 | Adv accuracy: 0.5836 | Counter-attack accuracy: 0.4835
2026-02-06 17:22:32,127 - ADV_Generation_eps_0.0_steps_0_Added_Noise_uniform_Eps_40.0_Tau_Type_normal_anchors - INFO - Batch 820/1692: Clean accuracy 0.5841 | Adv accuracy: 0.5841 | Counter-attack accuracy: 0.4841
2026-02-06 17:22:32,381 - ADV_Generation_eps_0.0_steps_0_Added_Noise_uniform_Eps_40.0_Tau_Type_normal_anchors - INFO - Batch 821/1692: Clean accuracy 0.5834 | Adv accuracy: 0.5834 | Counter-attack accuracy: 0.4836
2026-02-06 17:22:32,634 - ADV_Generation_eps_0.0_steps_0_Added_Noise_uniform_Eps_40.0_Tau_Type_normal_anchors - INFO - Batch 822/1692: Clean accuracy 0.5839 | Adv accuracy: 0.5839 | Counter-attack accuracy: 0.4830
2026-02-06 17:22:32,888 - ADV_Generation_eps_0.0_steps_0_Added_Noise_uniform_Eps_40.0_Tau_Type_normal_anchors - INFO - Batch 823/1692: Clean accuracy 0.5832 | Adv accuracy: 0.5832 | Counter-attack accuracy: 0.4824
2026-02-06 17:22:33,142 - ADV_Generation_eps_0.0_steps_0_Added_Noise_uniform_Eps_40.0_Tau_Type_normal_anchors - INFO - Batch 824/1692: Clean accuracy 0.5825 | Adv accuracy: 0.5825 | Counter-attack accuracy: 0.4818
2026-02-06 17:22:33,396 - ADV_Generation_eps_0.0_steps_0_Added_Noise_uniform_Eps_40.0_Tau_Type_normal_anchors - INFO - Batch 825/1692: Clean accuracy 0.5818 | Adv accuracy: 0.5818 | Counter-attack accuracy: 0.4812
2026-02-06 17:22:33,650 - ADV_Generation_eps_0.0_steps_0_Added_Noise_uniform_Eps_40.0_Tau_Type_normal_anchors - INFO - Batch 826/1692: Clean accuracy 0.5823 | Adv accuracy: 0.5823 | Counter-attack accuracy: 0.4818
2026-02-06 17:22:33,904 - ADV_Generation_eps_0.0_steps_0_Added_Noise_uniform_Eps_40.0_Tau_Type_normal_anchors - INFO - Batch 827/1692: Clean accuracy 0.5816 | Adv accuracy: 0.5816 | Counter-attack accuracy: 0.4813
2026-02-06 17:22:34,158 - ADV_Generation_eps_0.0_steps_0_Added_Noise_uniform_Eps_40.0_Tau_Type_normal_anchors - INFO - Batch 828/1692: Clean accuracy 0.5809 | Adv accuracy: 0.5809 | Counter-attack accuracy: 0.4807
2026-02-06 17:22:34,411 - ADV_Generation_eps_0.0_steps_0_Added_Noise_uniform_Eps_40.0_Tau_Type_normal_anchors - INFO - Batch 829/1692: Clean accuracy 0.5814 | Adv accuracy: 0.5814 | Counter-attack accuracy: 0.4813
2026-02-06 17:22:34,665 - ADV_Generation_eps_0.0_steps_0_Added_Noise_uniform_Eps_40.0_Tau_Type_normal_anchors - INFO - Batch 830/1692: Clean accuracy 0.5819 | Adv accuracy: 0.5819 | Counter-attack accuracy: 0.4807
2026-02-06 17:22:34,919 - ADV_Generation_eps_0.0_steps_0_Added_Noise_uniform_Eps_40.0_Tau_Type_normal_anchors - INFO - Batch 831/1692: Clean accuracy 0.5812 | Adv accuracy: 0.5812 | Counter-attack accuracy: 0.4801
2026-02-06 17:22:35,173 - ADV_Generation_eps_0.0_steps_0_Added_Noise_uniform_Eps_40.0_Tau_Type_normal_anchors - INFO - Batch 832/1692: Clean accuracy 0.5817 | Adv accuracy: 0.5817 | Counter-attack accuracy: 0.4796
2026-02-06 17:22:35,427 - ADV_Generation_eps_0.0_steps_0_Added_Noise_uniform_Eps_40.0_Tau_Type_normal_anchors - INFO - Batch 833/1692: Clean accuracy 0.5822 | Adv accuracy: 0.5822 | Counter-attack accuracy: 0.4790
2026-02-06 17:22:35,680 - ADV_Generation_eps_0.0_steps_0_Added_Noise_uniform_Eps_40.0_Tau_Type_normal_anchors - INFO - Batch 834/1692: Clean accuracy 0.5827 | Adv accuracy: 0.5827 | Counter-attack accuracy: 0.4784
2026-02-06 17:22:35,934 - ADV_Generation_eps_0.0_steps_0_Added_Noise_uniform_Eps_40.0_Tau_Type_normal_anchors - INFO - Batch 835/1692: Clean accuracy 0.5832 | Adv accuracy: 0.5832 | Counter-attack accuracy: 0.4778
2026-02-06 17:22:36,188 - ADV_Generation_eps_0.0_steps_0_Added_Noise_uniform_Eps_40.0_Tau_Type_normal_anchors - INFO - Batch 836/1692: Clean accuracy 0.5837 | Adv accuracy: 0.5837 | Counter-attack accuracy: 0.4785
2026-02-06 17:22:36,442 - ADV_Generation_eps_0.0_steps_0_Added_Noise_uniform_Eps_40.0_Tau_Type_normal_anchors - INFO - Batch 837/1692: Clean accuracy 0.5830 | Adv accuracy: 0.5830 | Counter-attack accuracy: 0.4779
2026-02-06 17:22:36,696 - ADV_Generation_eps_0.0_steps_0_Added_Noise_uniform_Eps_40.0_Tau_Type_normal_anchors - INFO - Batch 838/1692: Clean accuracy 0.5835 | Adv accuracy: 0.5835 | Counter-attack accuracy: 0.4773
2026-02-06 17:22:36,950 - ADV_Generation_eps_0.0_steps_0_Added_Noise_uniform_Eps_40.0_Tau_Type_normal_anchors - INFO - Batch 839/1692: Clean accuracy 0.5840 | Adv accuracy: 0.5840 | Counter-attack accuracy: 0.4768
2026-02-06 17:22:37,203 - ADV_Generation_eps_0.0_steps_0_Added_Noise_uniform_Eps_40.0_Tau_Type_normal_anchors - INFO - Batch 840/1692: Clean accuracy 0.5845 | Adv accuracy: 0.5845 | Counter-attack accuracy: 0.4762
2026-02-06 17:22:37,457 - ADV_Generation_eps_0.0_steps_0_Added_Noise_uniform_Eps_40.0_Tau_Type_normal_anchors - INFO - Batch 841/1692: Clean accuracy 0.5850 | Adv accuracy: 0.5850 | Counter-attack accuracy: 0.4756
2026-02-06 17:22:37,711 - ADV_Generation_eps_0.0_steps_0_Added_Noise_uniform_Eps_40.0_Tau_Type_normal_anchors - INFO - Batch 842/1692: Clean accuracy 0.5855 | Adv accuracy: 0.5855 | Counter-attack accuracy: 0.4762
2026-02-06 17:22:37,965 - ADV_Generation_eps_0.0_steps_0_Added_Noise_uniform_Eps_40.0_Tau_Type_normal_anchors - INFO - Batch 843/1692: Clean accuracy 0.5860 | Adv accuracy: 0.5860 | Counter-attack accuracy: 0.4757
2026-02-06 17:22:38,218 - ADV_Generation_eps_0.0_steps_0_Added_Noise_uniform_Eps_40.0_Tau_Type_normal_anchors - INFO - Batch 844/1692: Clean accuracy 0.5853 | Adv accuracy: 0.5853 | Counter-attack accuracy: 0.4751
2026-02-06 17:22:38,472 - ADV_Generation_eps_0.0_steps_0_Added_Noise_uniform_Eps_40.0_Tau_Type_normal_anchors - INFO - Batch 845/1692: Clean accuracy 0.5858 | Adv accuracy: 0.5858 | Counter-attack accuracy: 0.4746
2026-02-06 17:22:38,726 - ADV_Generation_eps_0.0_steps_0_Added_Noise_uniform_Eps_40.0_Tau_Type_normal_anchors - INFO - Batch 846/1692: Clean accuracy 0.5863 | Adv accuracy: 0.5863 | Counter-attack accuracy: 0.4752
2026-02-06 17:22:38,980 - ADV_Generation_eps_0.0_steps_0_Added_Noise_uniform_Eps_40.0_Tau_Type_normal_anchors - INFO - Batch 847/1692: Clean accuracy 0.5868 | Adv accuracy: 0.5868 | Counter-attack accuracy: 0.4758
2026-02-06 17:22:39,234 - ADV_Generation_eps_0.0_steps_0_Added_Noise_uniform_Eps_40.0_Tau_Type_normal_anchors - INFO - Batch 848/1692: Clean accuracy 0.5861 | Adv accuracy: 0.5861 | Counter-attack accuracy: 0.4752
2026-02-06 17:22:39,488 - ADV_Generation_eps_0.0_steps_0_Added_Noise_uniform_Eps_40.0_Tau_Type_normal_anchors - INFO - Batch 849/1692: Clean accuracy 0.5866 | Adv accuracy: 0.5866 | Counter-attack accuracy: 0.4747
2026-02-06 17:22:39,742 - ADV_Generation_eps_0.0_steps_0_Added_Noise_uniform_Eps_40.0_Tau_Type_normal_anchors - INFO - Batch 850/1692: Clean accuracy 0.5871 | Adv accuracy: 0.5871 | Counter-attack accuracy: 0.4753
2026-02-06 17:22:39,995 - ADV_Generation_eps_0.0_steps_0_Added_Noise_uniform_Eps_40.0_Tau_Type_normal_anchors - INFO - Batch 851/1692: Clean accuracy 0.5875 | Adv accuracy: 0.5875 | Counter-attack accuracy: 0.4747
2026-02-06 17:22:40,249 - ADV_Generation_eps_0.0_steps_0_Added_Noise_uniform_Eps_40.0_Tau_Type_normal_anchors - INFO - Batch 852/1692: Clean accuracy 0.5880 | Adv accuracy: 0.5880 | Counter-attack accuracy: 0.4742
2026-02-06 17:22:40,503 - ADV_Generation_eps_0.0_steps_0_Added_Noise_uniform_Eps_40.0_Tau_Type_normal_anchors - INFO - Batch 853/1692: Clean accuracy 0.5885 | Adv accuracy: 0.5885 | Counter-attack accuracy: 0.4736
2026-02-06 17:22:40,757 - ADV_Generation_eps_0.0_steps_0_Added_Noise_uniform_Eps_40.0_Tau_Type_normal_anchors - INFO - Batch 854/1692: Clean accuracy 0.5890 | Adv accuracy: 0.5890 | Counter-attack accuracy: 0.4731
2026-02-06 17:22:41,011 - ADV_Generation_eps_0.0_steps_0_Added_Noise_uniform_Eps_40.0_Tau_Type_normal_anchors - INFO - Batch 855/1692: Clean accuracy 0.5895 | Adv accuracy: 0.5895 | Counter-attack accuracy: 0.4725
2026-02-06 17:22:41,265 - ADV_Generation_eps_0.0_steps_0_Added_Noise_uniform_Eps_40.0_Tau_Type_normal_anchors - INFO - Batch 856/1692: Clean accuracy 0.5900 | Adv accuracy: 0.5900 | Counter-attack accuracy: 0.4731
2026-02-06 17:22:41,518 - ADV_Generation_eps_0.0_steps_0_Added_Noise_uniform_Eps_40.0_Tau_Type_normal_anchors - INFO - Batch 857/1692: Clean accuracy 0.5904 | Adv accuracy: 0.5904 | Counter-attack accuracy: 0.4737
2026-02-06 17:22:41,772 - ADV_Generation_eps_0.0_steps_0_Added_Noise_uniform_Eps_40.0_Tau_Type_normal_anchors - INFO - Batch 858/1692: Clean accuracy 0.5909 | Adv accuracy: 0.5909 | Counter-attack accuracy: 0.4744
2026-02-06 17:22:42,026 - ADV_Generation_eps_0.0_steps_0_Added_Noise_uniform_Eps_40.0_Tau_Type_normal_anchors - INFO - Batch 859/1692: Clean accuracy 0.5902 | Adv accuracy: 0.5902 | Counter-attack accuracy: 0.4738
2026-02-06 17:22:42,280 - ADV_Generation_eps_0.0_steps_0_Added_Noise_uniform_Eps_40.0_Tau_Type_normal_anchors - INFO - Batch 860/1692: Clean accuracy 0.5907 | Adv accuracy: 0.5907 | Counter-attack accuracy: 0.4733
2026-02-06 17:22:42,534 - ADV_Generation_eps_0.0_steps_0_Added_Noise_uniform_Eps_40.0_Tau_Type_normal_anchors - INFO - Batch 861/1692: Clean accuracy 0.5912 | Adv accuracy: 0.5912 | Counter-attack accuracy: 0.4739
2026-02-06 17:22:42,788 - ADV_Generation_eps_0.0_steps_0_Added_Noise_uniform_Eps_40.0_Tau_Type_normal_anchors - INFO - Batch 862/1692: Clean accuracy 0.5916 | Adv accuracy: 0.5916 | Counter-attack accuracy: 0.4745
2026-02-06 17:22:43,042 - ADV_Generation_eps_0.0_steps_0_Added_Noise_uniform_Eps_40.0_Tau_Type_normal_anchors - INFO - Batch 863/1692: Clean accuracy 0.5910 | Adv accuracy: 0.5910 | Counter-attack accuracy: 0.4739
2026-02-06 17:22:43,295 - ADV_Generation_eps_0.0_steps_0_Added_Noise_uniform_Eps_40.0_Tau_Type_normal_anchors - INFO - Batch 864/1692: Clean accuracy 0.5914 | Adv accuracy: 0.5914 | Counter-attack accuracy: 0.4734
2026-02-06 17:22:43,549 - ADV_Generation_eps_0.0_steps_0_Added_Noise_uniform_Eps_40.0_Tau_Type_normal_anchors - INFO - Batch 865/1692: Clean accuracy 0.5908 | Adv accuracy: 0.5908 | Counter-attack accuracy: 0.4728
2026-02-06 17:22:43,803 - ADV_Generation_eps_0.0_steps_0_Added_Noise_uniform_Eps_40.0_Tau_Type_normal_anchors - INFO - Batch 866/1692: Clean accuracy 0.5901 | Adv accuracy: 0.5901 | Counter-attack accuracy: 0.4723
2026-02-06 17:22:44,059 - ADV_Generation_eps_0.0_steps_0_Added_Noise_uniform_Eps_40.0_Tau_Type_normal_anchors - INFO - Batch 867/1692: Clean accuracy 0.5894 | Adv accuracy: 0.5894 | Counter-attack accuracy: 0.4717
2026-02-06 17:22:44,313 - ADV_Generation_eps_0.0_steps_0_Added_Noise_uniform_Eps_40.0_Tau_Type_normal_anchors - INFO - Batch 868/1692: Clean accuracy 0.5887 | Adv accuracy: 0.5887 | Counter-attack accuracy: 0.4712
2026-02-06 17:22:44,567 - ADV_Generation_eps_0.0_steps_0_Added_Noise_uniform_Eps_40.0_Tau_Type_normal_anchors - INFO - Batch 869/1692: Clean accuracy 0.5880 | Adv accuracy: 0.5880 | Counter-attack accuracy: 0.4707
2026-02-06 17:22:44,821 - ADV_Generation_eps_0.0_steps_0_Added_Noise_uniform_Eps_40.0_Tau_Type_normal_anchors - INFO - Batch 870/1692: Clean accuracy 0.5874 | Adv accuracy: 0.5874 | Counter-attack accuracy: 0.4701
2026-02-06 17:22:45,075 - ADV_Generation_eps_0.0_steps_0_Added_Noise_uniform_Eps_40.0_Tau_Type_normal_anchors - INFO - Batch 871/1692: Clean accuracy 0.5867 | Adv accuracy: 0.5867 | Counter-attack accuracy: 0.4696
2026-02-06 17:22:45,329 - ADV_Generation_eps_0.0_steps_0_Added_Noise_uniform_Eps_40.0_Tau_Type_normal_anchors - INFO - Batch 872/1692: Clean accuracy 0.5860 | Adv accuracy: 0.5860 | Counter-attack accuracy: 0.4690
2026-02-06 17:22:45,583 - ADV_Generation_eps_0.0_steps_0_Added_Noise_uniform_Eps_40.0_Tau_Type_normal_anchors - INFO - Batch 873/1692: Clean accuracy 0.5853 | Adv accuracy: 0.5853 | Counter-attack accuracy: 0.4685
2026-02-06 17:22:45,836 - ADV_Generation_eps_0.0_steps_0_Added_Noise_uniform_Eps_40.0_Tau_Type_normal_anchors - INFO - Batch 874/1692: Clean accuracy 0.5847 | Adv accuracy: 0.5847 | Counter-attack accuracy: 0.4680
2026-02-06 17:22:46,090 - ADV_Generation_eps_0.0_steps_0_Added_Noise_uniform_Eps_40.0_Tau_Type_normal_anchors - INFO - Batch 875/1692: Clean accuracy 0.5851 | Adv accuracy: 0.5851 | Counter-attack accuracy: 0.4674
2026-02-06 17:22:46,344 - ADV_Generation_eps_0.0_steps_0_Added_Noise_uniform_Eps_40.0_Tau_Type_normal_anchors - INFO - Batch 876/1692: Clean accuracy 0.5845 | Adv accuracy: 0.5845 | Counter-attack accuracy: 0.4669
2026-02-06 17:22:46,598 - ADV_Generation_eps_0.0_steps_0_Added_Noise_uniform_Eps_40.0_Tau_Type_normal_anchors - INFO - Batch 877/1692: Clean accuracy 0.5838 | Adv accuracy: 0.5838 | Counter-attack accuracy: 0.4664
2026-02-06 17:22:46,852 - ADV_Generation_eps_0.0_steps_0_Added_Noise_uniform_Eps_40.0_Tau_Type_normal_anchors - INFO - Batch 878/1692: Clean accuracy 0.5831 | Adv accuracy: 0.5831 | Counter-attack accuracy: 0.4658
2026-02-06 17:22:47,106 - ADV_Generation_eps_0.0_steps_0_Added_Noise_uniform_Eps_40.0_Tau_Type_normal_anchors - INFO - Batch 879/1692: Clean accuracy 0.5825 | Adv accuracy: 0.5825 | Counter-attack accuracy: 0.4653
2026-02-06 17:22:47,359 - ADV_Generation_eps_0.0_steps_0_Added_Noise_uniform_Eps_40.0_Tau_Type_normal_anchors - INFO - Batch 880/1692: Clean accuracy 0.5818 | Adv accuracy: 0.5818 | Counter-attack accuracy: 0.4648
2026-02-06 17:22:47,613 - ADV_Generation_eps_0.0_steps_0_Added_Noise_uniform_Eps_40.0_Tau_Type_normal_anchors - INFO - Batch 881/1692: Clean accuracy 0.5812 | Adv accuracy: 0.5812 | Counter-attack accuracy: 0.4642
2026-02-06 17:22:47,867 - ADV_Generation_eps_0.0_steps_0_Added_Noise_uniform_Eps_40.0_Tau_Type_normal_anchors - INFO - Batch 882/1692: Clean accuracy 0.5805 | Adv accuracy: 0.5805 | Counter-attack accuracy: 0.4637
2026-02-06 17:22:48,121 - ADV_Generation_eps_0.0_steps_0_Added_Noise_uniform_Eps_40.0_Tau_Type_normal_anchors - INFO - Batch 883/1692: Clean accuracy 0.5798 | Adv accuracy: 0.5798 | Counter-attack accuracy: 0.4632
2026-02-06 17:22:48,375 - ADV_Generation_eps_0.0_steps_0_Added_Noise_uniform_Eps_40.0_Tau_Type_normal_anchors - INFO - Batch 884/1692: Clean accuracy 0.5792 | Adv accuracy: 0.5792 | Counter-attack accuracy: 0.4627
2026-02-06 17:22:48,629 - ADV_Generation_eps_0.0_steps_0_Added_Noise_uniform_Eps_40.0_Tau_Type_normal_anchors - INFO - Batch 885/1692: Clean accuracy 0.5785 | Adv accuracy: 0.5785 | Counter-attack accuracy: 0.4621
2026-02-06 17:22:48,882 - ADV_Generation_eps_0.0_steps_0_Added_Noise_uniform_Eps_40.0_Tau_Type_normal_anchors - INFO - Batch 886/1692: Clean accuracy 0.5779 | Adv accuracy: 0.5779 | Counter-attack accuracy: 0.4616
2026-02-06 17:22:49,136 - ADV_Generation_eps_0.0_steps_0_Added_Noise_uniform_Eps_40.0_Tau_Type_normal_anchors - INFO - Batch 887/1692: Clean accuracy 0.5772 | Adv accuracy: 0.5772 | Counter-attack accuracy: 0.4611
2026-02-06 17:22:49,390 - ADV_Generation_eps_0.0_steps_0_Added_Noise_uniform_Eps_40.0_Tau_Type_normal_anchors - INFO - Batch 888/1692: Clean accuracy 0.5766 | Adv accuracy: 0.5766 | Counter-attack accuracy: 0.4606
2026-02-06 17:22:49,644 - ADV_Generation_eps_0.0_steps_0_Added_Noise_uniform_Eps_40.0_Tau_Type_normal_anchors - INFO - Batch 889/1692: Clean accuracy 0.5759 | Adv accuracy: 0.5759 | Counter-attack accuracy: 0.4601
2026-02-06 17:22:49,898 - ADV_Generation_eps_0.0_steps_0_Added_Noise_uniform_Eps_40.0_Tau_Type_normal_anchors - INFO - Batch 890/1692: Clean accuracy 0.5753 | Adv accuracy: 0.5753 | Counter-attack accuracy: 0.4596
2026-02-06 17:22:50,152 - ADV_Generation_eps_0.0_steps_0_Added_Noise_uniform_Eps_40.0_Tau_Type_normal_anchors - INFO - Batch 891/1692: Clean accuracy 0.5746 | Adv accuracy: 0.5746 | Counter-attack accuracy: 0.4590
2026-02-06 17:22:50,406 - ADV_Generation_eps_0.0_steps_0_Added_Noise_uniform_Eps_40.0_Tau_Type_normal_anchors - INFO - Batch 892/1692: Clean accuracy 0.5740 | Adv accuracy: 0.5740 | Counter-attack accuracy: 0.4585
2026-02-06 17:22:50,659 - ADV_Generation_eps_0.0_steps_0_Added_Noise_uniform_Eps_40.0_Tau_Type_normal_anchors - INFO - Batch 893/1692: Clean accuracy 0.5733 | Adv accuracy: 0.5733 | Counter-attack accuracy: 0.4580
2026-02-06 17:22:50,913 - ADV_Generation_eps_0.0_steps_0_Added_Noise_uniform_Eps_40.0_Tau_Type_normal_anchors - INFO - Batch 894/1692: Clean accuracy 0.5727 | Adv accuracy: 0.5727 | Counter-attack accuracy: 0.4575
2026-02-06 17:22:51,167 - ADV_Generation_eps_0.0_steps_0_Added_Noise_uniform_Eps_40.0_Tau_Type_normal_anchors - INFO - Batch 895/1692: Clean accuracy 0.5721 | Adv accuracy: 0.5721 | Counter-attack accuracy: 0.4570
2026-02-06 17:22:51,421 - ADV_Generation_eps_0.0_steps_0_Added_Noise_uniform_Eps_40.0_Tau_Type_normal_anchors - INFO - Batch 896/1692: Clean accuracy 0.5714 | Adv accuracy: 0.5714 | Counter-attack accuracy: 0.4565
2026-02-06 17:22:51,675 - ADV_Generation_eps_0.0_steps_0_Added_Noise_uniform_Eps_40.0_Tau_Type_normal_anchors - INFO - Batch 897/1692: Clean accuracy 0.5708 | Adv accuracy: 0.5708 | Counter-attack accuracy: 0.4560
2026-02-06 17:22:51,928 - ADV_Generation_eps_0.0_steps_0_Added_Noise_uniform_Eps_40.0_Tau_Type_normal_anchors - INFO - Batch 898/1692: Clean accuracy 0.5702 | Adv accuracy: 0.5702 | Counter-attack accuracy: 0.4555
2026-02-06 17:22:52,182 - ADV_Generation_eps_0.0_steps_0_Added_Noise_uniform_Eps_40.0_Tau_Type_normal_anchors - INFO - Batch 899/1692: Clean accuracy 0.5695 | Adv accuracy: 0.5695 | Counter-attack accuracy: 0.4549
2026-02-06 17:22:52,436 - ADV_Generation_eps_0.0_steps_0_Added_Noise_uniform_Eps_40.0_Tau_Type_normal_anchors - INFO - Batch 900/1692: Clean accuracy 0.5689 | Adv accuracy: 0.5689 | Counter-attack accuracy: 0.4544
2026-02-06 17:22:52,690 - ADV_Generation_eps_0.0_steps_0_Added_Noise_uniform_Eps_40.0_Tau_Type_normal_anchors - INFO - Batch 901/1692: Clean accuracy 0.5683 | Adv accuracy: 0.5683 | Counter-attack accuracy: 0.4539
2026-02-06 17:22:52,944 - ADV_Generation_eps_0.0_steps_0_Added_Noise_uniform_Eps_40.0_Tau_Type_normal_anchors - INFO - Batch 902/1692: Clean accuracy 0.5676 | Adv accuracy: 0.5676 | Counter-attack accuracy: 0.4534
2026-02-06 17:22:53,198 - ADV_Generation_eps_0.0_steps_0_Added_Noise_uniform_Eps_40.0_Tau_Type_normal_anchors - INFO - Batch 903/1692: Clean accuracy 0.5681 | Adv accuracy: 0.5681 | Counter-attack accuracy: 0.4540
2026-02-06 17:22:53,451 - ADV_Generation_eps_0.0_steps_0_Added_Noise_uniform_Eps_40.0_Tau_Type_normal_anchors - INFO - Batch 904/1692: Clean accuracy 0.5675 | Adv accuracy: 0.5675 | Counter-attack accuracy: 0.4535
2026-02-06 17:22:53,705 - ADV_Generation_eps_0.0_steps_0_Added_Noise_uniform_Eps_40.0_Tau_Type_normal_anchors - INFO - Batch 905/1692: Clean accuracy 0.5669 | Adv accuracy: 0.5669 | Counter-attack accuracy: 0.4530
2026-02-06 17:22:53,959 - ADV_Generation_eps_0.0_steps_0_Added_Noise_uniform_Eps_40.0_Tau_Type_normal_anchors - INFO - Batch 906/1692: Clean accuracy 0.5673 | Adv accuracy: 0.5673 | Counter-attack accuracy: 0.4536
2026-02-06 17:22:54,213 - ADV_Generation_eps_0.0_steps_0_Added_Noise_uniform_Eps_40.0_Tau_Type_normal_anchors - INFO - Batch 907/1692: Clean accuracy 0.5667 | Adv accuracy: 0.5667 | Counter-attack accuracy: 0.4531
2026-02-06 17:22:54,467 - ADV_Generation_eps_0.0_steps_0_Added_Noise_uniform_Eps_40.0_Tau_Type_normal_anchors - INFO - Batch 908/1692: Clean accuracy 0.5661 | Adv accuracy: 0.5661 | Counter-attack accuracy: 0.4537
2026-02-06 17:22:54,721 - ADV_Generation_eps_0.0_steps_0_Added_Noise_uniform_Eps_40.0_Tau_Type_normal_anchors - INFO - Batch 909/1692: Clean accuracy 0.5655 | Adv accuracy: 0.5655 | Counter-attack accuracy: 0.4532
2026-02-06 17:22:54,974 - ADV_Generation_eps_0.0_steps_0_Added_Noise_uniform_Eps_40.0_Tau_Type_normal_anchors - INFO - Batch 910/1692: Clean accuracy 0.5648 | Adv accuracy: 0.5648 | Counter-attack accuracy: 0.4538
2026-02-06 17:22:55,229 - ADV_Generation_eps_0.0_steps_0_Added_Noise_uniform_Eps_40.0_Tau_Type_normal_anchors - INFO - Batch 911/1692: Clean accuracy 0.5653 | Adv accuracy: 0.5653 | Counter-attack accuracy: 0.4544
2026-02-06 17:22:55,482 - ADV_Generation_eps_0.0_steps_0_Added_Noise_uniform_Eps_40.0_Tau_Type_normal_anchors - INFO - Batch 912/1692: Clean accuracy 0.5647 | Adv accuracy: 0.5647 | Counter-attack accuracy: 0.4539
2026-02-06 17:22:55,736 - ADV_Generation_eps_0.0_steps_0_Added_Noise_uniform_Eps_40.0_Tau_Type_normal_anchors - INFO - Batch 913/1692: Clean accuracy 0.5641 | Adv accuracy: 0.5641 | Counter-attack accuracy: 0.4535
2026-02-06 17:22:55,990 - ADV_Generation_eps_0.0_steps_0_Added_Noise_uniform_Eps_40.0_Tau_Type_normal_anchors - INFO - Batch 914/1692: Clean accuracy 0.5635 | Adv accuracy: 0.5635 | Counter-attack accuracy: 0.4530
2026-02-06 17:22:56,244 - ADV_Generation_eps_0.0_steps_0_Added_Noise_uniform_Eps_40.0_Tau_Type_normal_anchors - INFO - Batch 915/1692: Clean accuracy 0.5639 | Adv accuracy: 0.5639 | Counter-attack accuracy: 0.4525
2026-02-06 17:22:56,498 - ADV_Generation_eps_0.0_steps_0_Added_Noise_uniform_Eps_40.0_Tau_Type_normal_anchors - INFO - Batch 916/1692: Clean accuracy 0.5633 | Adv accuracy: 0.5633 | Counter-attack accuracy: 0.4520
2026-02-06 17:22:56,752 - ADV_Generation_eps_0.0_steps_0_Added_Noise_uniform_Eps_40.0_Tau_Type_normal_anchors - INFO - Batch 917/1692: Clean accuracy 0.5627 | Adv accuracy: 0.5627 | Counter-attack accuracy: 0.4515
2026-02-06 17:22:57,006 - ADV_Generation_eps_0.0_steps_0_Added_Noise_uniform_Eps_40.0_Tau_Type_normal_anchors - INFO - Batch 918/1692: Clean accuracy 0.5621 | Adv accuracy: 0.5621 | Counter-attack accuracy: 0.4510
2026-02-06 17:22:57,259 - ADV_Generation_eps_0.0_steps_0_Added_Noise_uniform_Eps_40.0_Tau_Type_normal_anchors - INFO - Batch 919/1692: Clean accuracy 0.5615 | Adv accuracy: 0.5615 | Counter-attack accuracy: 0.4516
2026-02-06 17:22:57,513 - ADV_Generation_eps_0.0_steps_0_Added_Noise_uniform_Eps_40.0_Tau_Type_normal_anchors - INFO - Batch 920/1692: Clean accuracy 0.5609 | Adv accuracy: 0.5609 | Counter-attack accuracy: 0.4522
2026-02-06 17:22:57,767 - ADV_Generation_eps_0.0_steps_0_Added_Noise_uniform_Eps_40.0_Tau_Type_normal_anchors - INFO - Batch 921/1692: Clean accuracy 0.5603 | Adv accuracy: 0.5603 | Counter-attack accuracy: 0.4517
2026-02-06 17:22:58,021 - ADV_Generation_eps_0.0_steps_0_Added_Noise_uniform_Eps_40.0_Tau_Type_normal_anchors - INFO - Batch 922/1692: Clean accuracy 0.5607 | Adv accuracy: 0.5607 | Counter-attack accuracy: 0.4523
2026-02-06 17:22:58,274 - ADV_Generation_eps_0.0_steps_0_Added_Noise_uniform_Eps_40.0_Tau_Type_normal_anchors - INFO - Batch 923/1692: Clean accuracy 0.5612 | Adv accuracy: 0.5612 | Counter-attack accuracy: 0.4529
2026-02-06 17:22:58,528 - ADV_Generation_eps_0.0_steps_0_Added_Noise_uniform_Eps_40.0_Tau_Type_normal_anchors - INFO - Batch 924/1692: Clean accuracy 0.5606 | Adv accuracy: 0.5606 | Counter-attack accuracy: 0.4524
2026-02-06 17:22:58,782 - ADV_Generation_eps_0.0_steps_0_Added_Noise_uniform_Eps_40.0_Tau_Type_normal_anchors - INFO - Batch 925/1692: Clean accuracy 0.5600 | Adv accuracy: 0.5600 | Counter-attack accuracy: 0.4519
2026-02-06 17:22:59,036 - ADV_Generation_eps_0.0_steps_0_Added_Noise_uniform_Eps_40.0_Tau_Type_normal_anchors - INFO - Batch 926/1692: Clean accuracy 0.5594 | Adv accuracy: 0.5594 | Counter-attack accuracy: 0.4514
2026-02-06 17:22:59,290 - ADV_Generation_eps_0.0_steps_0_Added_Noise_uniform_Eps_40.0_Tau_Type_normal_anchors - INFO - Batch 927/1692: Clean accuracy 0.5588 | Adv accuracy: 0.5588 | Counter-attack accuracy: 0.4509
2026-02-06 17:22:59,544 - ADV_Generation_eps_0.0_steps_0_Added_Noise_uniform_Eps_40.0_Tau_Type_normal_anchors - INFO - Batch 928/1692: Clean accuracy 0.5593 | Adv accuracy: 0.5593 | Counter-attack accuracy: 0.4515
2026-02-06 17:22:59,797 - ADV_Generation_eps_0.0_steps_0_Added_Noise_uniform_Eps_40.0_Tau_Type_normal_anchors - INFO - Batch 929/1692: Clean accuracy 0.5587 | Adv accuracy: 0.5587 | Counter-attack accuracy: 0.4510
2026-02-06 17:23:00,052 - ADV_Generation_eps_0.0_steps_0_Added_Noise_uniform_Eps_40.0_Tau_Type_normal_anchors - INFO - Batch 930/1692: Clean accuracy 0.5581 | Adv accuracy: 0.5581 | Counter-attack accuracy: 0.4516
2026-02-06 17:23:00,305 - ADV_Generation_eps_0.0_steps_0_Added_Noise_uniform_Eps_40.0_Tau_Type_normal_anchors - INFO - Batch 931/1692: Clean accuracy 0.5575 | Adv accuracy: 0.5575 | Counter-attack accuracy: 0.4511
2026-02-06 17:23:00,559 - ADV_Generation_eps_0.0_steps_0_Added_Noise_uniform_Eps_40.0_Tau_Type_normal_anchors - INFO - Batch 932/1692: Clean accuracy 0.5569 | Adv accuracy: 0.5569 | Counter-attack accuracy: 0.4506
2026-02-06 17:23:00,814 - ADV_Generation_eps_0.0_steps_0_Added_Noise_uniform_Eps_40.0_Tau_Type_normal_anchors - INFO - Batch 933/1692: Clean accuracy 0.5563 | Adv accuracy: 0.5563 | Counter-attack accuracy: 0.4512
2026-02-06 17:23:01,068 - ADV_Generation_eps_0.0_steps_0_Added_Noise_uniform_Eps_40.0_Tau_Type_normal_anchors - INFO - Batch 934/1692: Clean accuracy 0.5557 | Adv accuracy: 0.5557 | Counter-attack accuracy: 0.4507
2026-02-06 17:23:01,322 - ADV_Generation_eps_0.0_steps_0_Added_Noise_uniform_Eps_40.0_Tau_Type_normal_anchors - INFO - Batch 935/1692: Clean accuracy 0.5561 | Adv accuracy: 0.5561 | Counter-attack accuracy: 0.4513
2026-02-06 17:23:01,576 - ADV_Generation_eps_0.0_steps_0_Added_Noise_uniform_Eps_40.0_Tau_Type_normal_anchors - INFO - Batch 936/1692: Clean accuracy 0.5556 | Adv accuracy: 0.5556 | Counter-attack accuracy: 0.4509
2026-02-06 17:23:01,830 - ADV_Generation_eps_0.0_steps_0_Added_Noise_uniform_Eps_40.0_Tau_Type_normal_anchors - INFO - Batch 937/1692: Clean accuracy 0.5560 | Adv accuracy: 0.5560 | Counter-attack accuracy: 0.4514
2026-02-06 17:23:02,083 - ADV_Generation_eps_0.0_steps_0_Added_Noise_uniform_Eps_40.0_Tau_Type_normal_anchors - INFO - Batch 938/1692: Clean accuracy 0.5565 | Adv accuracy: 0.5565 | Counter-attack accuracy: 0.4520
2026-02-06 17:23:02,337 - ADV_Generation_eps_0.0_steps_0_Added_Noise_uniform_Eps_40.0_Tau_Type_normal_anchors - INFO - Batch 939/1692: Clean accuracy 0.5570 | Adv accuracy: 0.5570 | Counter-attack accuracy: 0.4526
2026-02-06 17:23:02,591 - ADV_Generation_eps_0.0_steps_0_Added_Noise_uniform_Eps_40.0_Tau_Type_normal_anchors - INFO - Batch 940/1692: Clean accuracy 0.5574 | Adv accuracy: 0.5574 | Counter-attack accuracy: 0.4532
2026-02-06 17:23:02,845 - ADV_Generation_eps_0.0_steps_0_Added_Noise_uniform_Eps_40.0_Tau_Type_normal_anchors - INFO - Batch 941/1692: Clean accuracy 0.5579 | Adv accuracy: 0.5579 | Counter-attack accuracy: 0.4538
2026-02-06 17:23:03,099 - ADV_Generation_eps_0.0_steps_0_Added_Noise_uniform_Eps_40.0_Tau_Type_normal_anchors - INFO - Batch 942/1692: Clean accuracy 0.5584 | Adv accuracy: 0.5584 | Counter-attack accuracy: 0.4544
2026-02-06 17:23:03,353 - ADV_Generation_eps_0.0_steps_0_Added_Noise_uniform_Eps_40.0_Tau_Type_normal_anchors - INFO - Batch 943/1692: Clean accuracy 0.5589 | Adv accuracy: 0.5589 | Counter-attack accuracy: 0.4549
2026-02-06 17:23:03,607 - ADV_Generation_eps_0.0_steps_0_Added_Noise_uniform_Eps_40.0_Tau_Type_normal_anchors - INFO - Batch 944/1692: Clean accuracy 0.5593 | Adv accuracy: 0.5593 | Counter-attack accuracy: 0.4555
2026-02-06 17:23:03,861 - ADV_Generation_eps_0.0_steps_0_Added_Noise_uniform_Eps_40.0_Tau_Type_normal_anchors - INFO - Batch 945/1692: Clean accuracy 0.5598 | Adv accuracy: 0.5598 | Counter-attack accuracy: 0.4561
2026-02-06 17:23:04,114 - ADV_Generation_eps_0.0_steps_0_Added_Noise_uniform_Eps_40.0_Tau_Type_normal_anchors - INFO - Batch 946/1692: Clean accuracy 0.5603 | Adv accuracy: 0.5603 | Counter-attack accuracy: 0.4567
2026-02-06 17:23:04,368 - ADV_Generation_eps_0.0_steps_0_Added_Noise_uniform_Eps_40.0_Tau_Type_normal_anchors - INFO - Batch 947/1692: Clean accuracy 0.5607 | Adv accuracy: 0.5607 | Counter-attack accuracy: 0.4572
2026-02-06 17:23:04,622 - ADV_Generation_eps_0.0_steps_0_Added_Noise_uniform_Eps_40.0_Tau_Type_normal_anchors - INFO - Batch 948/1692: Clean accuracy 0.5612 | Adv accuracy: 0.5612 | Counter-attack accuracy: 0.4578
2026-02-06 17:23:04,876 - ADV_Generation_eps_0.0_steps_0_Added_Noise_uniform_Eps_40.0_Tau_Type_normal_anchors - INFO - Batch 949/1692: Clean accuracy 0.5616 | Adv accuracy: 0.5616 | Counter-attack accuracy: 0.4584
2026-02-06 17:23:05,130 - ADV_Generation_eps_0.0_steps_0_Added_Noise_uniform_Eps_40.0_Tau_Type_normal_anchors - INFO - Batch 950/1692: Clean accuracy 0.5621 | Adv accuracy: 0.5621 | Counter-attack accuracy: 0.4589
2026-02-06 17:23:05,384 - ADV_Generation_eps_0.0_steps_0_Added_Noise_uniform_Eps_40.0_Tau_Type_normal_anchors - INFO - Batch 951/1692: Clean accuracy 0.5626 | Adv accuracy: 0.5626 | Counter-attack accuracy: 0.4595
2026-02-06 17:23:05,637 - ADV_Generation_eps_0.0_steps_0_Added_Noise_uniform_Eps_40.0_Tau_Type_normal_anchors - INFO - Batch 952/1692: Clean accuracy 0.5630 | Adv accuracy: 0.5630 | Counter-attack accuracy: 0.4601
2026-02-06 17:23:05,891 - ADV_Generation_eps_0.0_steps_0_Added_Noise_uniform_Eps_40.0_Tau_Type_normal_anchors - INFO - Batch 953/1692: Clean accuracy 0.5635 | Adv accuracy: 0.5635 | Counter-attack accuracy: 0.4607
2026-02-06 17:23:06,145 - ADV_Generation_eps_0.0_steps_0_Added_Noise_uniform_Eps_40.0_Tau_Type_normal_anchors - INFO - Batch 954/1692: Clean accuracy 0.5639 | Adv accuracy: 0.5639 | Counter-attack accuracy: 0.4612
2026-02-06 17:23:06,399 - ADV_Generation_eps_0.0_steps_0_Added_Noise_uniform_Eps_40.0_Tau_Type_normal_anchors - INFO - Batch 955/1692: Clean accuracy 0.5644 | Adv accuracy: 0.5644 | Counter-attack accuracy: 0.4618
2026-02-06 17:23:06,653 - ADV_Generation_eps_0.0_steps_0_Added_Noise_uniform_Eps_40.0_Tau_Type_normal_anchors - INFO - Batch 956/1692: Clean accuracy 0.5649 | Adv accuracy: 0.5649 | Counter-attack accuracy: 0.4623
2026-02-06 17:23:06,906 - ADV_Generation_eps_0.0_steps_0_Added_Noise_uniform_Eps_40.0_Tau_Type_normal_anchors - INFO - Batch 957/1692: Clean accuracy 0.5653 | Adv accuracy: 0.5653 | Counter-attack accuracy: 0.4629
2026-02-06 17:23:07,160 - ADV_Generation_eps_0.0_steps_0_Added_Noise_uniform_Eps_40.0_Tau_Type_normal_anchors - INFO - Batch 958/1692: Clean accuracy 0.5658 | Adv accuracy: 0.5658 | Counter-attack accuracy: 0.4635
2026-02-06 17:23:07,414 - ADV_Generation_eps_0.0_steps_0_Added_Noise_uniform_Eps_40.0_Tau_Type_normal_anchors - INFO - Batch 959/1692: Clean accuracy 0.5662 | Adv accuracy: 0.5662 | Counter-attack accuracy: 0.4640
2026-02-06 17:23:07,668 - ADV_Generation_eps_0.0_steps_0_Added_Noise_uniform_Eps_40.0_Tau_Type_normal_anchors - INFO - Batch 960/1692: Clean accuracy 0.5667 | Adv accuracy: 0.5667 | Counter-attack accuracy: 0.4646
2026-02-06 17:23:07,922 - ADV_Generation_eps_0.0_steps_0_Added_Noise_uniform_Eps_40.0_Tau_Type_normal_anchors - INFO - Batch 961/1692: Clean accuracy 0.5671 | Adv accuracy: 0.5671 | Counter-attack accuracy: 0.4651
2026-02-06 17:23:08,176 - ADV_Generation_eps_0.0_steps_0_Added_Noise_uniform_Eps_40.0_Tau_Type_normal_anchors - INFO - Batch 962/1692: Clean accuracy 0.5676 | Adv accuracy: 0.5676 | Counter-attack accuracy: 0.4657
2026-02-06 17:23:08,429 - ADV_Generation_eps_0.0_steps_0_Added_Noise_uniform_Eps_40.0_Tau_Type_normal_anchors - INFO - Batch 963/1692: Clean accuracy 0.5680 | Adv accuracy: 0.5680 | Counter-attack accuracy: 0.4663
2026-02-06 17:23:08,683 - ADV_Generation_eps_0.0_steps_0_Added_Noise_uniform_Eps_40.0_Tau_Type_normal_anchors - INFO - Batch 964/1692: Clean accuracy 0.5685 | Adv accuracy: 0.5685 | Counter-attack accuracy: 0.4668
2026-02-06 17:23:08,937 - ADV_Generation_eps_0.0_steps_0_Added_Noise_uniform_Eps_40.0_Tau_Type_normal_anchors - INFO - Batch 965/1692: Clean accuracy 0.5689 | Adv accuracy: 0.5689 | Counter-attack accuracy: 0.4674
2026-02-06 17:23:09,191 - ADV_Generation_eps_0.0_steps_0_Added_Noise_uniform_Eps_40.0_Tau_Type_normal_anchors - INFO - Batch 966/1692: Clean accuracy 0.5694 | Adv accuracy: 0.5694 | Counter-attack accuracy: 0.4679
2026-02-06 17:23:09,445 - ADV_Generation_eps_0.0_steps_0_Added_Noise_uniform_Eps_40.0_Tau_Type_normal_anchors - INFO - Batch 967/1692: Clean accuracy 0.5698 | Adv accuracy: 0.5698 | Counter-attack accuracy: 0.4685
2026-02-06 17:23:09,698 - ADV_Generation_eps_0.0_steps_0_Added_Noise_uniform_Eps_40.0_Tau_Type_normal_anchors - INFO - Batch 968/1692: Clean accuracy 0.5702 | Adv accuracy: 0.5702 | Counter-attack accuracy: 0.4690
2026-02-06 17:23:09,953 - ADV_Generation_eps_0.0_steps_0_Added_Noise_uniform_Eps_40.0_Tau_Type_normal_anchors - INFO - Batch 969/1692: Clean accuracy 0.5707 | Adv accuracy: 0.5707 | Counter-attack accuracy: 0.4696
2026-02-06 17:23:10,206 - ADV_Generation_eps_0.0_steps_0_Added_Noise_uniform_Eps_40.0_Tau_Type_normal_anchors - INFO - Batch 970/1692: Clean accuracy 0.5711 | Adv accuracy: 0.5711 | Counter-attack accuracy: 0.4701
2026-02-06 17:23:10,460 - ADV_Generation_eps_0.0_steps_0_Added_Noise_uniform_Eps_40.0_Tau_Type_normal_anchors - INFO - Batch 971/1692: Clean accuracy 0.5716 | Adv accuracy: 0.5716 | Counter-attack accuracy: 0.4706
2026-02-06 17:23:10,714 - ADV_Generation_eps_0.0_steps_0_Added_Noise_uniform_Eps_40.0_Tau_Type_normal_anchors - INFO - Batch 972/1692: Clean accuracy 0.5720 | Adv accuracy: 0.5720 | Counter-attack accuracy: 0.4712
2026-02-06 17:23:10,968 - ADV_Generation_eps_0.0_steps_0_Added_Noise_uniform_Eps_40.0_Tau_Type_normal_anchors - INFO - Batch 973/1692: Clean accuracy 0.5725 | Adv accuracy: 0.5725 | Counter-attack accuracy: 0.4717
2026-02-06 17:23:11,222 - ADV_Generation_eps_0.0_steps_0_Added_Noise_uniform_Eps_40.0_Tau_Type_normal_anchors - INFO - Batch 974/1692: Clean accuracy 0.5729 | Adv accuracy: 0.5729 | Counter-attack accuracy: 0.4713
2026-02-06 17:23:11,476 - ADV_Generation_eps_0.0_steps_0_Added_Noise_uniform_Eps_40.0_Tau_Type_normal_anchors - INFO - Batch 975/1692: Clean accuracy 0.5733 | Adv accuracy: 0.5733 | Counter-attack accuracy: 0.4718
2026-02-06 17:23:11,729 - ADV_Generation_eps_0.0_steps_0_Added_Noise_uniform_Eps_40.0_Tau_Type_normal_anchors - INFO - Batch 976/1692: Clean accuracy 0.5738 | Adv accuracy: 0.5738 | Counter-attack accuracy: 0.4723
2026-02-06 17:23:11,983 - ADV_Generation_eps_0.0_steps_0_Added_Noise_uniform_Eps_40.0_Tau_Type_normal_anchors - INFO - Batch 977/1692: Clean accuracy 0.5742 | Adv accuracy: 0.5742 | Counter-attack accuracy: 0.4729
2026-02-06 17:23:12,237 - ADV_Generation_eps_0.0_steps_0_Added_Noise_uniform_Eps_40.0_Tau_Type_normal_anchors - INFO - Batch 978/1692: Clean accuracy 0.5746 | Adv accuracy: 0.5746 | Counter-attack accuracy: 0.4734
2026-02-06 17:23:12,491 - ADV_Generation_eps_0.0_steps_0_Added_Noise_uniform_Eps_40.0_Tau_Type_normal_anchors - INFO - Batch 979/1692: Clean accuracy 0.5751 | Adv accuracy: 0.5751 | Counter-attack accuracy: 0.4740
2026-02-06 17:23:12,744 - ADV_Generation_eps_0.0_steps_0_Added_Noise_uniform_Eps_40.0_Tau_Type_normal_anchors - INFO - Batch 980/1692: Clean accuracy 0.5755 | Adv accuracy: 0.5755 | Counter-attack accuracy: 0.4745
2026-02-06 17:23:12,998 - ADV_Generation_eps_0.0_steps_0_Added_Noise_uniform_Eps_40.0_Tau_Type_normal_anchors - INFO - Batch 981/1692: Clean accuracy 0.5759 | Adv accuracy: 0.5759 | Counter-attack accuracy: 0.4750
2026-02-06 17:23:13,252 - ADV_Generation_eps_0.0_steps_0_Added_Noise_uniform_Eps_40.0_Tau_Type_normal_anchors - INFO - Batch 982/1692: Clean accuracy 0.5764 | Adv accuracy: 0.5764 | Counter-attack accuracy: 0.4756
2026-02-06 17:23:13,506 - ADV_Generation_eps_0.0_steps_0_Added_Noise_uniform_Eps_40.0_Tau_Type_normal_anchors - INFO - Batch 983/1692: Clean accuracy 0.5768 | Adv accuracy: 0.5768 | Counter-attack accuracy: 0.4761
2026-02-06 17:23:13,760 - ADV_Generation_eps_0.0_steps_0_Added_Noise_uniform_Eps_40.0_Tau_Type_normal_anchors - INFO - Batch 984/1692: Clean accuracy 0.5772 | Adv accuracy: 0.5772 | Counter-attack accuracy: 0.4766
2026-02-06 17:23:14,014 - ADV_Generation_eps_0.0_steps_0_Added_Noise_uniform_Eps_40.0_Tau_Type_normal_anchors - INFO - Batch 985/1692: Clean accuracy 0.5777 | Adv accuracy: 0.5777 | Counter-attack accuracy: 0.4772
2026-02-06 17:23:14,267 - ADV_Generation_eps_0.0_steps_0_Added_Noise_uniform_Eps_40.0_Tau_Type_normal_anchors - INFO - Batch 986/1692: Clean accuracy 0.5781 | Adv accuracy: 0.5781 | Counter-attack accuracy: 0.4777
2026-02-06 17:23:14,521 - ADV_Generation_eps_0.0_steps_0_Added_Noise_uniform_Eps_40.0_Tau_Type_normal_anchors - INFO - Batch 987/1692: Clean accuracy 0.5785 | Adv accuracy: 0.5785 | Counter-attack accuracy: 0.4772
2026-02-06 17:23:14,775 - ADV_Generation_eps_0.0_steps_0_Added_Noise_uniform_Eps_40.0_Tau_Type_normal_anchors - INFO - Batch 988/1692: Clean accuracy 0.5789 | Adv accuracy: 0.5789 | Counter-attack accuracy: 0.4777
2026-02-06 17:23:15,029 - ADV_Generation_eps_0.0_steps_0_Added_Noise_uniform_Eps_40.0_Tau_Type_normal_anchors - INFO - Batch 989/1692: Clean accuracy 0.5794 | Adv accuracy: 0.5794 | Counter-attack accuracy: 0.4783
2026-02-06 17:23:15,283 - ADV_Generation_eps_0.0_steps_0_Added_Noise_uniform_Eps_40.0_Tau_Type_normal_anchors - INFO - Batch 990/1692: Clean accuracy 0.5798 | Adv accuracy: 0.5798 | Counter-attack accuracy: 0.4788
2026-02-06 17:23:15,536 - ADV_Generation_eps_0.0_steps_0_Added_Noise_uniform_Eps_40.0_Tau_Type_normal_anchors - INFO - Batch 991/1692: Clean accuracy 0.5802 | Adv accuracy: 0.5802 | Counter-attack accuracy: 0.4793
2026-02-06 17:23:15,790 - ADV_Generation_eps_0.0_steps_0_Added_Noise_uniform_Eps_40.0_Tau_Type_normal_anchors - INFO - Batch 992/1692: Clean accuracy 0.5806 | Adv accuracy: 0.5806 | Counter-attack accuracy: 0.4788
2026-02-06 17:23:16,044 - ADV_Generation_eps_0.0_steps_0_Added_Noise_uniform_Eps_40.0_Tau_Type_normal_anchors - INFO - Batch 993/1692: Clean accuracy 0.5811 | Adv accuracy: 0.5811 | Counter-attack accuracy: 0.4794
2026-02-06 17:23:16,298 - ADV_Generation_eps_0.0_steps_0_Added_Noise_uniform_Eps_40.0_Tau_Type_normal_anchors - INFO - Batch 994/1692: Clean accuracy 0.5815 | Adv accuracy: 0.5815 | Counter-attack accuracy: 0.4799
2026-02-06 17:23:16,551 - ADV_Generation_eps_0.0_steps_0_Added_Noise_uniform_Eps_40.0_Tau_Type_normal_anchors - INFO - Batch 995/1692: Clean accuracy 0.5819 | Adv accuracy: 0.5819 | Counter-attack accuracy: 0.4804
2026-02-06 17:23:16,805 - ADV_Generation_eps_0.0_steps_0_Added_Noise_uniform_Eps_40.0_Tau_Type_normal_anchors - INFO - Batch 996/1692: Clean accuracy 0.5823 | Adv accuracy: 0.5823 | Counter-attack accuracy: 0.4809
2026-02-06 17:23:17,059 - ADV_Generation_eps_0.0_steps_0_Added_Noise_uniform_Eps_40.0_Tau_Type_normal_anchors - INFO - Batch 997/1692: Clean accuracy 0.5827 | Adv accuracy: 0.5827 | Counter-attack accuracy: 0.4804
2026-02-06 17:23:17,313 - ADV_Generation_eps_0.0_steps_0_Added_Noise_uniform_Eps_40.0_Tau_Type_normal_anchors - INFO - Batch 998/1692: Clean accuracy 0.5832 | Adv accuracy: 0.5832 | Counter-attack accuracy: 0.4810
2026-02-06 17:23:17,566 - ADV_Generation_eps_0.0_steps_0_Added_Noise_uniform_Eps_40.0_Tau_Type_normal_anchors - INFO - Batch 999/1692: Clean accuracy 0.5836 | Adv accuracy: 0.5836 | Counter-attack accuracy: 0.4815
2026-02-06 17:23:17,820 - ADV_Generation_eps_0.0_steps_0_Added_Noise_uniform_Eps_40.0_Tau_Type_normal_anchors - INFO - Batch 1000/1692: Clean accuracy 0.5840 | Adv accuracy: 0.5840 | Counter-attack accuracy: 0.4810
2026-02-06 17:23:18,074 - ADV_Generation_eps_0.0_steps_0_Added_Noise_uniform_Eps_40.0_Tau_Type_normal_anchors - INFO - Batch 1001/1692: Clean accuracy 0.5844 | Adv accuracy: 0.5844 | Counter-attack accuracy: 0.4815
2026-02-06 17:23:18,328 - ADV_Generation_eps_0.0_steps_0_Added_Noise_uniform_Eps_40.0_Tau_Type_normal_anchors - INFO - Batch 1002/1692: Clean accuracy 0.5848 | Adv accuracy: 0.5848 | Counter-attack accuracy: 0.4820
2026-02-06 17:23:18,582 - ADV_Generation_eps_0.0_steps_0_Added_Noise_uniform_Eps_40.0_Tau_Type_normal_anchors - INFO - Batch 1003/1692: Clean accuracy 0.5852 | Adv accuracy: 0.5852 | Counter-attack accuracy: 0.4826
2026-02-06 17:23:18,836 - ADV_Generation_eps_0.0_steps_0_Added_Noise_uniform_Eps_40.0_Tau_Type_normal_anchors - INFO - Batch 1004/1692: Clean accuracy 0.5857 | Adv accuracy: 0.5857 | Counter-attack accuracy: 0.4831
2026-02-06 17:23:19,089 - ADV_Generation_eps_0.0_steps_0_Added_Noise_uniform_Eps_40.0_Tau_Type_normal_anchors - INFO - Batch 1005/1692: Clean accuracy 0.5861 | Adv accuracy: 0.5861 | Counter-attack accuracy: 0.4836
2026-02-06 17:23:19,343 - ADV_Generation_eps_0.0_steps_0_Added_Noise_uniform_Eps_40.0_Tau_Type_normal_anchors - INFO - Batch 1006/1692: Clean accuracy 0.5865 | Adv accuracy: 0.5865 | Counter-attack accuracy: 0.4841
2026-02-06 17:23:19,597 - ADV_Generation_eps_0.0_steps_0_Added_Noise_uniform_Eps_40.0_Tau_Type_normal_anchors - INFO - Batch 1007/1692: Clean accuracy 0.5869 | Adv accuracy: 0.5869 | Counter-attack accuracy: 0.4846
2026-02-06 17:23:19,851 - ADV_Generation_eps_0.0_steps_0_Added_Noise_uniform_Eps_40.0_Tau_Type_normal_anchors - INFO - Batch 1008/1692: Clean accuracy 0.5873 | Adv accuracy: 0.5873 | Counter-attack accuracy: 0.4851
2026-02-06 17:23:20,105 - ADV_Generation_eps_0.0_steps_0_Added_Noise_uniform_Eps_40.0_Tau_Type_normal_anchors - INFO - Batch 1009/1692: Clean accuracy 0.5867 | Adv accuracy: 0.5867 | Counter-attack accuracy: 0.4846
2026-02-06 17:23:20,359 - ADV_Generation_eps_0.0_steps_0_Added_Noise_uniform_Eps_40.0_Tau_Type_normal_anchors - INFO - Batch 1010/1692: Clean accuracy 0.5861 | Adv accuracy: 0.5861 | Counter-attack accuracy: 0.4842
2026-02-06 17:23:20,613 - ADV_Generation_eps_0.0_steps_0_Added_Noise_uniform_Eps_40.0_Tau_Type_normal_anchors - INFO - Batch 1011/1692: Clean accuracy 0.5856 | Adv accuracy: 0.5856 | Counter-attack accuracy: 0.4837
2026-02-06 17:23:20,867 - ADV_Generation_eps_0.0_steps_0_Added_Noise_uniform_Eps_40.0_Tau_Type_normal_anchors - INFO - Batch 1012/1692: Clean accuracy 0.5850 | Adv accuracy: 0.5850 | Counter-attack accuracy: 0.4832
2026-02-06 17:23:21,121 - ADV_Generation_eps_0.0_steps_0_Added_Noise_uniform_Eps_40.0_Tau_Type_normal_anchors - INFO - Batch 1013/1692: Clean accuracy 0.5844 | Adv accuracy: 0.5844 | Counter-attack accuracy: 0.4827
2026-02-06 17:23:21,374 - ADV_Generation_eps_0.0_steps_0_Added_Noise_uniform_Eps_40.0_Tau_Type_normal_anchors - INFO - Batch 1014/1692: Clean accuracy 0.5848 | Adv accuracy: 0.5848 | Counter-attack accuracy: 0.4822
2026-02-06 17:23:21,628 - ADV_Generation_eps_0.0_steps_0_Added_Noise_uniform_Eps_40.0_Tau_Type_normal_anchors - INFO - Batch 1015/1692: Clean accuracy 0.5842 | Adv accuracy: 0.5842 | Counter-attack accuracy: 0.4818
2026-02-06 17:23:21,882 - ADV_Generation_eps_0.0_steps_0_Added_Noise_uniform_Eps_40.0_Tau_Type_normal_anchors - INFO - Batch 1016/1692: Clean accuracy 0.5837 | Adv accuracy: 0.5837 | Counter-attack accuracy: 0.4813
2026-02-06 17:23:22,136 - ADV_Generation_eps_0.0_steps_0_Added_Noise_uniform_Eps_40.0_Tau_Type_normal_anchors - INFO - Batch 1017/1692: Clean accuracy 0.5841 | Adv accuracy: 0.5841 | Counter-attack accuracy: 0.4818
2026-02-06 17:23:22,389 - ADV_Generation_eps_0.0_steps_0_Added_Noise_uniform_Eps_40.0_Tau_Type_normal_anchors - INFO - Batch 1018/1692: Clean accuracy 0.5835 | Adv accuracy: 0.5835 | Counter-attack accuracy: 0.4813
2026-02-06 17:23:22,643 - ADV_Generation_eps_0.0_steps_0_Added_Noise_uniform_Eps_40.0_Tau_Type_normal_anchors - INFO - Batch 1019/1692: Clean accuracy 0.5829 | Adv accuracy: 0.5829 | Counter-attack accuracy: 0.4809
2026-02-06 17:23:22,897 - ADV_Generation_eps_0.0_steps_0_Added_Noise_uniform_Eps_40.0_Tau_Type_normal_anchors - INFO - Batch 1020/1692: Clean accuracy 0.5824 | Adv accuracy: 0.5824 | Counter-attack accuracy: 0.4804
2026-02-06 17:23:23,151 - ADV_Generation_eps_0.0_steps_0_Added_Noise_uniform_Eps_40.0_Tau_Type_normal_anchors - INFO - Batch 1021/1692: Clean accuracy 0.5818 | Adv accuracy: 0.5818 | Counter-attack accuracy: 0.4799
2026-02-06 17:23:23,405 - ADV_Generation_eps_0.0_steps_0_Added_Noise_uniform_Eps_40.0_Tau_Type_normal_anchors - INFO - Batch 1022/1692: Clean accuracy 0.5822 | Adv accuracy: 0.5822 | Counter-attack accuracy: 0.4804
2026-02-06 17:23:23,659 - ADV_Generation_eps_0.0_steps_0_Added_Noise_uniform_Eps_40.0_Tau_Type_normal_anchors - INFO - Batch 1023/1692: Clean accuracy 0.5816 | Adv accuracy: 0.5816 | Counter-attack accuracy: 0.4800
2026-02-06 17:23:23,912 - ADV_Generation_eps_0.0_steps_0_Added_Noise_uniform_Eps_40.0_Tau_Type_normal_anchors - INFO - Batch 1024/1692: Clean accuracy 0.5811 | Adv accuracy: 0.5811 | Counter-attack accuracy: 0.4795
2026-02-06 17:23:24,166 - ADV_Generation_eps_0.0_steps_0_Added_Noise_uniform_Eps_40.0_Tau_Type_normal_anchors - INFO - Batch 1025/1692: Clean accuracy 0.5805 | Adv accuracy: 0.5805 | Counter-attack accuracy: 0.4790
2026-02-06 17:23:24,420 - ADV_Generation_eps_0.0_steps_0_Added_Noise_uniform_Eps_40.0_Tau_Type_normal_anchors - INFO - Batch 1026/1692: Clean accuracy 0.5809 | Adv accuracy: 0.5809 | Counter-attack accuracy: 0.4786
2026-02-06 17:23:24,674 - ADV_Generation_eps_0.0_steps_0_Added_Noise_uniform_Eps_40.0_Tau_Type_normal_anchors - INFO - Batch 1027/1692: Clean accuracy 0.5803 | Adv accuracy: 0.5803 | Counter-attack accuracy: 0.4781
2026-02-06 17:23:24,927 - ADV_Generation_eps_0.0_steps_0_Added_Noise_uniform_Eps_40.0_Tau_Type_normal_anchors - INFO - Batch 1028/1692: Clean accuracy 0.5807 | Adv accuracy: 0.5807 | Counter-attack accuracy: 0.4776
2026-02-06 17:23:25,181 - ADV_Generation_eps_0.0_steps_0_Added_Noise_uniform_Eps_40.0_Tau_Type_normal_anchors - INFO - Batch 1029/1692: Clean accuracy 0.5802 | Adv accuracy: 0.5802 | Counter-attack accuracy: 0.4772
2026-02-06 17:23:25,435 - ADV_Generation_eps_0.0_steps_0_Added_Noise_uniform_Eps_40.0_Tau_Type_normal_anchors - INFO - Batch 1030/1692: Clean accuracy 0.5806 | Adv accuracy: 0.5806 | Counter-attack accuracy: 0.4767
2026-02-06 17:23:25,689 - ADV_Generation_eps_0.0_steps_0_Added_Noise_uniform_Eps_40.0_Tau_Type_normal_anchors - INFO - Batch 1031/1692: Clean accuracy 0.5800 | Adv accuracy: 0.5800 | Counter-attack accuracy: 0.4762
2026-02-06 17:23:25,942 - ADV_Generation_eps_0.0_steps_0_Added_Noise_uniform_Eps_40.0_Tau_Type_normal_anchors - INFO - Batch 1032/1692: Clean accuracy 0.5795 | Adv accuracy: 0.5795 | Counter-attack accuracy: 0.4758
2026-02-06 17:23:26,196 - ADV_Generation_eps_0.0_steps_0_Added_Noise_uniform_Eps_40.0_Tau_Type_normal_anchors - INFO - Batch 1033/1692: Clean accuracy 0.5789 | Adv accuracy: 0.5789 | Counter-attack accuracy: 0.4753
2026-02-06 17:23:26,450 - ADV_Generation_eps_0.0_steps_0_Added_Noise_uniform_Eps_40.0_Tau_Type_normal_anchors - INFO - Batch 1034/1692: Clean accuracy 0.5783 | Adv accuracy: 0.5783 | Counter-attack accuracy: 0.4749
2026-02-06 17:23:26,704 - ADV_Generation_eps_0.0_steps_0_Added_Noise_uniform_Eps_40.0_Tau_Type_normal_anchors - INFO - Batch 1035/1692: Clean accuracy 0.5787 | Adv accuracy: 0.5787 | Counter-attack accuracy: 0.4754
2026-02-06 17:23:26,958 - ADV_Generation_eps_0.0_steps_0_Added_Noise_uniform_Eps_40.0_Tau_Type_normal_anchors - INFO - Batch 1036/1692: Clean accuracy 0.5782 | Adv accuracy: 0.5782 | Counter-attack accuracy: 0.4749
2026-02-06 17:23:27,212 - ADV_Generation_eps_0.0_steps_0_Added_Noise_uniform_Eps_40.0_Tau_Type_normal_anchors - INFO - Batch 1037/1692: Clean accuracy 0.5776 | Adv accuracy: 0.5776 | Counter-attack accuracy: 0.4744
2026-02-06 17:23:27,465 - ADV_Generation_eps_0.0_steps_0_Added_Noise_uniform_Eps_40.0_Tau_Type_normal_anchors - INFO - Batch 1038/1692: Clean accuracy 0.5771 | Adv accuracy: 0.5771 | Counter-attack accuracy: 0.4740
2026-02-06 17:23:27,719 - ADV_Generation_eps_0.0_steps_0_Added_Noise_uniform_Eps_40.0_Tau_Type_normal_anchors - INFO - Batch 1039/1692: Clean accuracy 0.5765 | Adv accuracy: 0.5765 | Counter-attack accuracy: 0.4735
2026-02-06 17:23:27,973 - ADV_Generation_eps_0.0_steps_0_Added_Noise_uniform_Eps_40.0_Tau_Type_normal_anchors - INFO - Batch 1040/1692: Clean accuracy 0.5760 | Adv accuracy: 0.5760 | Counter-attack accuracy: 0.4731
2026-02-06 17:23:28,227 - ADV_Generation_eps_0.0_steps_0_Added_Noise_uniform_Eps_40.0_Tau_Type_normal_anchors - INFO - Batch 1041/1692: Clean accuracy 0.5754 | Adv accuracy: 0.5754 | Counter-attack accuracy: 0.4726
2026-02-06 17:23:28,480 - ADV_Generation_eps_0.0_steps_0_Added_Noise_uniform_Eps_40.0_Tau_Type_normal_anchors - INFO - Batch 1042/1692: Clean accuracy 0.5749 | Adv accuracy: 0.5749 | Counter-attack accuracy: 0.4722
2026-02-06 17:23:28,734 - ADV_Generation_eps_0.0_steps_0_Added_Noise_uniform_Eps_40.0_Tau_Type_normal_anchors - INFO - Batch 1043/1692: Clean accuracy 0.5743 | Adv accuracy: 0.5743 | Counter-attack accuracy: 0.4717
2026-02-06 17:23:28,988 - ADV_Generation_eps_0.0_steps_0_Added_Noise_uniform_Eps_40.0_Tau_Type_normal_anchors - INFO - Batch 1044/1692: Clean accuracy 0.5738 | Adv accuracy: 0.5738 | Counter-attack accuracy: 0.4722
2026-02-06 17:23:29,242 - ADV_Generation_eps_0.0_steps_0_Added_Noise_uniform_Eps_40.0_Tau_Type_normal_anchors - INFO - Batch 1045/1692: Clean accuracy 0.5742 | Adv accuracy: 0.5742 | Counter-attack accuracy: 0.4727
2026-02-06 17:23:29,496 - ADV_Generation_eps_0.0_steps_0_Added_Noise_uniform_Eps_40.0_Tau_Type_normal_anchors - INFO - Batch 1046/1692: Clean accuracy 0.5746 | Adv accuracy: 0.5746 | Counter-attack accuracy: 0.4723
2026-02-06 17:23:29,749 - ADV_Generation_eps_0.0_steps_0_Added_Noise_uniform_Eps_40.0_Tau_Type_normal_anchors - INFO - Batch 1047/1692: Clean accuracy 0.5750 | Adv accuracy: 0.5750 | Counter-attack accuracy: 0.4728
2026-02-06 17:23:30,003 - ADV_Generation_eps_0.0_steps_0_Added_Noise_uniform_Eps_40.0_Tau_Type_normal_anchors - INFO - Batch 1048/1692: Clean accuracy 0.5754 | Adv accuracy: 0.5754 | Counter-attack accuracy: 0.4723
2026-02-06 17:23:30,257 - ADV_Generation_eps_0.0_steps_0_Added_Noise_uniform_Eps_40.0_Tau_Type_normal_anchors - INFO - Batch 1049/1692: Clean accuracy 0.5758 | Adv accuracy: 0.5758 | Counter-attack accuracy: 0.4728
2026-02-06 17:23:30,511 - ADV_Generation_eps_0.0_steps_0_Added_Noise_uniform_Eps_40.0_Tau_Type_normal_anchors - INFO - Batch 1050/1692: Clean accuracy 0.5762 | Adv accuracy: 0.5762 | Counter-attack accuracy: 0.4733
2026-02-06 17:23:30,765 - ADV_Generation_eps_0.0_steps_0_Added_Noise_uniform_Eps_40.0_Tau_Type_normal_anchors - INFO - Batch 1051/1692: Clean accuracy 0.5766 | Adv accuracy: 0.5766 | Counter-attack accuracy: 0.4738
2026-02-06 17:23:31,018 - ADV_Generation_eps_0.0_steps_0_Added_Noise_uniform_Eps_40.0_Tau_Type_normal_anchors - INFO - Batch 1052/1692: Clean accuracy 0.5770 | Adv accuracy: 0.5770 | Counter-attack accuracy: 0.4743
2026-02-06 17:23:31,272 - ADV_Generation_eps_0.0_steps_0_Added_Noise_uniform_Eps_40.0_Tau_Type_normal_anchors - INFO - Batch 1053/1692: Clean accuracy 0.5774 | Adv accuracy: 0.5774 | Counter-attack accuracy: 0.4748
2026-02-06 17:23:31,526 - ADV_Generation_eps_0.0_steps_0_Added_Noise_uniform_Eps_40.0_Tau_Type_normal_anchors - INFO - Batch 1054/1692: Clean accuracy 0.5778 | Adv accuracy: 0.5778 | Counter-attack accuracy: 0.4744
2026-02-06 17:23:31,780 - ADV_Generation_eps_0.0_steps_0_Added_Noise_uniform_Eps_40.0_Tau_Type_normal_anchors - INFO - Batch 1055/1692: Clean accuracy 0.5782 | Adv accuracy: 0.5782 | Counter-attack accuracy: 0.4749
2026-02-06 17:23:32,033 - ADV_Generation_eps_0.0_steps_0_Added_Noise_uniform_Eps_40.0_Tau_Type_normal_anchors - INFO - Batch 1056/1692: Clean accuracy 0.5786 | Adv accuracy: 0.5786 | Counter-attack accuracy: 0.4744
2026-02-06 17:23:32,287 - ADV_Generation_eps_0.0_steps_0_Added_Noise_uniform_Eps_40.0_Tau_Type_normal_anchors - INFO - Batch 1057/1692: Clean accuracy 0.5790 | Adv accuracy: 0.5790 | Counter-attack accuracy: 0.4749
2026-02-06 17:23:32,541 - ADV_Generation_eps_0.0_steps_0_Added_Noise_uniform_Eps_40.0_Tau_Type_normal_anchors - INFO - Batch 1058/1692: Clean accuracy 0.5794 | Adv accuracy: 0.5794 | Counter-attack accuracy: 0.4745
2026-02-06 17:23:32,795 - ADV_Generation_eps_0.0_steps_0_Added_Noise_uniform_Eps_40.0_Tau_Type_normal_anchors - INFO - Batch 1059/1692: Clean accuracy 0.5788 | Adv accuracy: 0.5788 | Counter-attack accuracy: 0.4740
2026-02-06 17:23:33,049 - ADV_Generation_eps_0.0_steps_0_Added_Noise_uniform_Eps_40.0_Tau_Type_normal_anchors - INFO - Batch 1060/1692: Clean accuracy 0.5792 | Adv accuracy: 0.5792 | Counter-attack accuracy: 0.4736
2026-02-06 17:23:33,303 - ADV_Generation_eps_0.0_steps_0_Added_Noise_uniform_Eps_40.0_Tau_Type_normal_anchors - INFO - Batch 1061/1692: Clean accuracy 0.5796 | Adv accuracy: 0.5796 | Counter-attack accuracy: 0.4731
2026-02-06 17:23:33,556 - ADV_Generation_eps_0.0_steps_0_Added_Noise_uniform_Eps_40.0_Tau_Type_normal_anchors - INFO - Batch 1062/1692: Clean accuracy 0.5800 | Adv accuracy: 0.5800 | Counter-attack accuracy: 0.4736
2026-02-06 17:23:33,810 - ADV_Generation_eps_0.0_steps_0_Added_Noise_uniform_Eps_40.0_Tau_Type_normal_anchors - INFO - Batch 1063/1692: Clean accuracy 0.5804 | Adv accuracy: 0.5804 | Counter-attack accuracy: 0.4741
2026-02-06 17:23:34,064 - ADV_Generation_eps_0.0_steps_0_Added_Noise_uniform_Eps_40.0_Tau_Type_normal_anchors - INFO - Batch 1064/1692: Clean accuracy 0.5808 | Adv accuracy: 0.5808 | Counter-attack accuracy: 0.4746
2026-02-06 17:23:34,318 - ADV_Generation_eps_0.0_steps_0_Added_Noise_uniform_Eps_40.0_Tau_Type_normal_anchors - INFO - Batch 1065/1692: Clean accuracy 0.5812 | Adv accuracy: 0.5812 | Counter-attack accuracy: 0.4751
2026-02-06 17:23:34,572 - ADV_Generation_eps_0.0_steps_0_Added_Noise_uniform_Eps_40.0_Tau_Type_normal_anchors - INFO - Batch 1066/1692: Clean accuracy 0.5816 | Adv accuracy: 0.5816 | Counter-attack accuracy: 0.4756
2026-02-06 17:23:34,826 - ADV_Generation_eps_0.0_steps_0_Added_Noise_uniform_Eps_40.0_Tau_Type_normal_anchors - INFO - Batch 1067/1692: Clean accuracy 0.5820 | Adv accuracy: 0.5820 | Counter-attack accuracy: 0.4761
2026-02-06 17:23:35,080 - ADV_Generation_eps_0.0_steps_0_Added_Noise_uniform_Eps_40.0_Tau_Type_normal_anchors - INFO - Batch 1068/1692: Clean accuracy 0.5824 | Adv accuracy: 0.5824 | Counter-attack accuracy: 0.4766
2026-02-06 17:23:35,334 - ADV_Generation_eps_0.0_steps_0_Added_Noise_uniform_Eps_40.0_Tau_Type_normal_anchors - INFO - Batch 1069/1692: Clean accuracy 0.5828 | Adv accuracy: 0.5828 | Counter-attack accuracy: 0.4771
2026-02-06 17:23:35,588 - ADV_Generation_eps_0.0_steps_0_Added_Noise_uniform_Eps_40.0_Tau_Type_normal_anchors - INFO - Batch 1070/1692: Clean accuracy 0.5832 | Adv accuracy: 0.5832 | Counter-attack accuracy: 0.4776
2026-02-06 17:23:35,842 - ADV_Generation_eps_0.0_steps_0_Added_Noise_uniform_Eps_40.0_Tau_Type_normal_anchors - INFO - Batch 1071/1692: Clean accuracy 0.5836 | Adv accuracy: 0.5836 | Counter-attack accuracy: 0.4781
2026-02-06 17:23:36,095 - ADV_Generation_eps_0.0_steps_0_Added_Noise_uniform_Eps_40.0_Tau_Type_normal_anchors - INFO - Batch 1072/1692: Clean accuracy 0.5840 | Adv accuracy: 0.5840 | Counter-attack accuracy: 0.4785
2026-02-06 17:23:36,349 - ADV_Generation_eps_0.0_steps_0_Added_Noise_uniform_Eps_40.0_Tau_Type_normal_anchors - INFO - Batch 1073/1692: Clean accuracy 0.5843 | Adv accuracy: 0.5843 | Counter-attack accuracy: 0.4790
2026-02-06 17:23:36,603 - ADV_Generation_eps_0.0_steps_0_Added_Noise_uniform_Eps_40.0_Tau_Type_normal_anchors - INFO - Batch 1074/1692: Clean accuracy 0.5847 | Adv accuracy: 0.5847 | Counter-attack accuracy: 0.4795
2026-02-06 17:23:36,857 - ADV_Generation_eps_0.0_steps_0_Added_Noise_uniform_Eps_40.0_Tau_Type_normal_anchors - INFO - Batch 1075/1692: Clean accuracy 0.5842 | Adv accuracy: 0.5842 | Counter-attack accuracy: 0.4791
2026-02-06 17:23:37,110 - ADV_Generation_eps_0.0_steps_0_Added_Noise_uniform_Eps_40.0_Tau_Type_normal_anchors - INFO - Batch 1076/1692: Clean accuracy 0.5846 | Adv accuracy: 0.5846 | Counter-attack accuracy: 0.4796
2026-02-06 17:23:37,364 - ADV_Generation_eps_0.0_steps_0_Added_Noise_uniform_Eps_40.0_Tau_Type_normal_anchors - INFO - Batch 1077/1692: Clean accuracy 0.5850 | Adv accuracy: 0.5850 | Counter-attack accuracy: 0.4800
2026-02-06 17:23:37,618 - ADV_Generation_eps_0.0_steps_0_Added_Noise_uniform_Eps_40.0_Tau_Type_normal_anchors - INFO - Batch 1078/1692: Clean accuracy 0.5853 | Adv accuracy: 0.5853 | Counter-attack accuracy: 0.4805
2026-02-06 17:23:37,872 - ADV_Generation_eps_0.0_steps_0_Added_Noise_uniform_Eps_40.0_Tau_Type_normal_anchors - INFO - Batch 1079/1692: Clean accuracy 0.5848 | Adv accuracy: 0.5848 | Counter-attack accuracy: 0.4801
2026-02-06 17:23:38,126 - ADV_Generation_eps_0.0_steps_0_Added_Noise_uniform_Eps_40.0_Tau_Type_normal_anchors - INFO - Batch 1080/1692: Clean accuracy 0.5852 | Adv accuracy: 0.5852 | Counter-attack accuracy: 0.4806
2026-02-06 17:23:38,379 - ADV_Generation_eps_0.0_steps_0_Added_Noise_uniform_Eps_40.0_Tau_Type_normal_anchors - INFO - Batch 1081/1692: Clean accuracy 0.5856 | Adv accuracy: 0.5856 | Counter-attack accuracy: 0.4810
2026-02-06 17:23:38,633 - ADV_Generation_eps_0.0_steps_0_Added_Noise_uniform_Eps_40.0_Tau_Type_normal_anchors - INFO - Batch 1082/1692: Clean accuracy 0.5860 | Adv accuracy: 0.5860 | Counter-attack accuracy: 0.4815
2026-02-06 17:23:38,887 - ADV_Generation_eps_0.0_steps_0_Added_Noise_uniform_Eps_40.0_Tau_Type_normal_anchors - INFO - Batch 1083/1692: Clean accuracy 0.5863 | Adv accuracy: 0.5863 | Counter-attack accuracy: 0.4820
2026-02-06 17:23:39,141 - ADV_Generation_eps_0.0_steps_0_Added_Noise_uniform_Eps_40.0_Tau_Type_normal_anchors - INFO - Batch 1084/1692: Clean accuracy 0.5867 | Adv accuracy: 0.5867 | Counter-attack accuracy: 0.4825
2026-02-06 17:23:39,395 - ADV_Generation_eps_0.0_steps_0_Added_Noise_uniform_Eps_40.0_Tau_Type_normal_anchors - INFO - Batch 1085/1692: Clean accuracy 0.5871 | Adv accuracy: 0.5871 | Counter-attack accuracy: 0.4829
2026-02-06 17:23:39,649 - ADV_Generation_eps_0.0_steps_0_Added_Noise_uniform_Eps_40.0_Tau_Type_normal_anchors - INFO - Batch 1086/1692: Clean accuracy 0.5875 | Adv accuracy: 0.5875 | Counter-attack accuracy: 0.4834
2026-02-06 17:23:39,902 - ADV_Generation_eps_0.0_steps_0_Added_Noise_uniform_Eps_40.0_Tau_Type_normal_anchors - INFO - Batch 1087/1692: Clean accuracy 0.5879 | Adv accuracy: 0.5879 | Counter-attack accuracy: 0.4839
2026-02-06 17:23:40,156 - ADV_Generation_eps_0.0_steps_0_Added_Noise_uniform_Eps_40.0_Tau_Type_normal_anchors - INFO - Batch 1088/1692: Clean accuracy 0.5882 | Adv accuracy: 0.5882 | Counter-attack accuracy: 0.4835
2026-02-06 17:23:40,410 - ADV_Generation_eps_0.0_steps_0_Added_Noise_uniform_Eps_40.0_Tau_Type_normal_anchors - INFO - Batch 1089/1692: Clean accuracy 0.5886 | Adv accuracy: 0.5886 | Counter-attack accuracy: 0.4839
2026-02-06 17:23:40,664 - ADV_Generation_eps_0.0_steps_0_Added_Noise_uniform_Eps_40.0_Tau_Type_normal_anchors - INFO - Batch 1090/1692: Clean accuracy 0.5890 | Adv accuracy: 0.5890 | Counter-attack accuracy: 0.4844
2026-02-06 17:23:40,918 - ADV_Generation_eps_0.0_steps_0_Added_Noise_uniform_Eps_40.0_Tau_Type_normal_anchors - INFO - Batch 1091/1692: Clean accuracy 0.5894 | Adv accuracy: 0.5894 | Counter-attack accuracy: 0.4840
2026-02-06 17:23:41,171 - ADV_Generation_eps_0.0_steps_0_Added_Noise_uniform_Eps_40.0_Tau_Type_normal_anchors - INFO - Batch 1092/1692: Clean accuracy 0.5888 | Adv accuracy: 0.5888 | Counter-attack accuracy: 0.4835
2026-02-06 17:23:41,425 - ADV_Generation_eps_0.0_steps_0_Added_Noise_uniform_Eps_40.0_Tau_Type_normal_anchors - INFO - Batch 1093/1692: Clean accuracy 0.5883 | Adv accuracy: 0.5883 | Counter-attack accuracy: 0.4840
2026-02-06 17:23:41,679 - ADV_Generation_eps_0.0_steps_0_Added_Noise_uniform_Eps_40.0_Tau_Type_normal_anchors - INFO - Batch 1094/1692: Clean accuracy 0.5887 | Adv accuracy: 0.5887 | Counter-attack accuracy: 0.4845
2026-02-06 17:23:41,933 - ADV_Generation_eps_0.0_steps_0_Added_Noise_uniform_Eps_40.0_Tau_Type_normal_anchors - INFO - Batch 1095/1692: Clean accuracy 0.5890 | Adv accuracy: 0.5890 | Counter-attack accuracy: 0.4849
2026-02-06 17:23:42,186 - ADV_Generation_eps_0.0_steps_0_Added_Noise_uniform_Eps_40.0_Tau_Type_normal_anchors - INFO - Batch 1096/1692: Clean accuracy 0.5894 | Adv accuracy: 0.5894 | Counter-attack accuracy: 0.4854
2026-02-06 17:23:42,440 - ADV_Generation_eps_0.0_steps_0_Added_Noise_uniform_Eps_40.0_Tau_Type_normal_anchors - INFO - Batch 1097/1692: Clean accuracy 0.5898 | Adv accuracy: 0.5898 | Counter-attack accuracy: 0.4859
2026-02-06 17:23:42,694 - ADV_Generation_eps_0.0_steps_0_Added_Noise_uniform_Eps_40.0_Tau_Type_normal_anchors - INFO - Batch 1098/1692: Clean accuracy 0.5902 | Adv accuracy: 0.5902 | Counter-attack accuracy: 0.4863
2026-02-06 17:23:42,948 - ADV_Generation_eps_0.0_steps_0_Added_Noise_uniform_Eps_40.0_Tau_Type_normal_anchors - INFO - Batch 1099/1692: Clean accuracy 0.5905 | Adv accuracy: 0.5905 | Counter-attack accuracy: 0.4868
2026-02-06 17:23:43,202 - ADV_Generation_eps_0.0_steps_0_Added_Noise_uniform_Eps_40.0_Tau_Type_normal_anchors - INFO - Batch 1100/1692: Clean accuracy 0.5909 | Adv accuracy: 0.5909 | Counter-attack accuracy: 0.4873
2026-02-06 17:23:43,455 - ADV_Generation_eps_0.0_steps_0_Added_Noise_uniform_Eps_40.0_Tau_Type_normal_anchors - INFO - Batch 1101/1692: Clean accuracy 0.5913 | Adv accuracy: 0.5913 | Counter-attack accuracy: 0.4877
2026-02-06 17:23:43,709 - ADV_Generation_eps_0.0_steps_0_Added_Noise_uniform_Eps_40.0_Tau_Type_normal_anchors - INFO - Batch 1102/1692: Clean accuracy 0.5917 | Adv accuracy: 0.5917 | Counter-attack accuracy: 0.4882
2026-02-06 17:23:43,963 - ADV_Generation_eps_0.0_steps_0_Added_Noise_uniform_Eps_40.0_Tau_Type_normal_anchors - INFO - Batch 1103/1692: Clean accuracy 0.5920 | Adv accuracy: 0.5920 | Counter-attack accuracy: 0.4878
2026-02-06 17:23:44,217 - ADV_Generation_eps_0.0_steps_0_Added_Noise_uniform_Eps_40.0_Tau_Type_normal_anchors - INFO - Batch 1104/1692: Clean accuracy 0.5924 | Adv accuracy: 0.5924 | Counter-attack accuracy: 0.4882
2026-02-06 17:23:44,471 - ADV_Generation_eps_0.0_steps_0_Added_Noise_uniform_Eps_40.0_Tau_Type_normal_anchors - INFO - Batch 1105/1692: Clean accuracy 0.5928 | Adv accuracy: 0.5928 | Counter-attack accuracy: 0.4887
2026-02-06 17:23:44,724 - ADV_Generation_eps_0.0_steps_0_Added_Noise_uniform_Eps_40.0_Tau_Type_normal_anchors - INFO - Batch 1106/1692: Clean accuracy 0.5931 | Adv accuracy: 0.5931 | Counter-attack accuracy: 0.4892
2026-02-06 17:23:44,978 - ADV_Generation_eps_0.0_steps_0_Added_Noise_uniform_Eps_40.0_Tau_Type_normal_anchors - INFO - Batch 1107/1692: Clean accuracy 0.5935 | Adv accuracy: 0.5935 | Counter-attack accuracy: 0.4896
2026-02-06 17:23:45,232 - ADV_Generation_eps_0.0_steps_0_Added_Noise_uniform_Eps_40.0_Tau_Type_normal_anchors - INFO - Batch 1108/1692: Clean accuracy 0.5939 | Adv accuracy: 0.5939 | Counter-attack accuracy: 0.4901
2026-02-06 17:23:45,486 - ADV_Generation_eps_0.0_steps_0_Added_Noise_uniform_Eps_40.0_Tau_Type_normal_anchors - INFO - Batch 1109/1692: Clean accuracy 0.5942 | Adv accuracy: 0.5942 | Counter-attack accuracy: 0.4905
2026-02-06 17:23:45,740 - ADV_Generation_eps_0.0_steps_0_Added_Noise_uniform_Eps_40.0_Tau_Type_normal_anchors - INFO - Batch 1110/1692: Clean accuracy 0.5946 | Adv accuracy: 0.5946 | Counter-attack accuracy: 0.4910
2026-02-06 17:23:45,993 - ADV_Generation_eps_0.0_steps_0_Added_Noise_uniform_Eps_40.0_Tau_Type_normal_anchors - INFO - Batch 1111/1692: Clean accuracy 0.5950 | Adv accuracy: 0.5950 | Counter-attack accuracy: 0.4914
2026-02-06 17:23:46,247 - ADV_Generation_eps_0.0_steps_0_Added_Noise_uniform_Eps_40.0_Tau_Type_normal_anchors - INFO - Batch 1112/1692: Clean accuracy 0.5953 | Adv accuracy: 0.5953 | Counter-attack accuracy: 0.4919
2026-02-06 17:23:46,501 - ADV_Generation_eps_0.0_steps_0_Added_Noise_uniform_Eps_40.0_Tau_Type_normal_anchors - INFO - Batch 1113/1692: Clean accuracy 0.5957 | Adv accuracy: 0.5957 | Counter-attack accuracy: 0.4924
2026-02-06 17:23:46,755 - ADV_Generation_eps_0.0_steps_0_Added_Noise_uniform_Eps_40.0_Tau_Type_normal_anchors - INFO - Batch 1114/1692: Clean accuracy 0.5961 | Adv accuracy: 0.5961 | Counter-attack accuracy: 0.4928
2026-02-06 17:23:47,009 - ADV_Generation_eps_0.0_steps_0_Added_Noise_uniform_Eps_40.0_Tau_Type_normal_anchors - INFO - Batch 1115/1692: Clean accuracy 0.5964 | Adv accuracy: 0.5964 | Counter-attack accuracy: 0.4933
2026-02-06 17:23:47,263 - ADV_Generation_eps_0.0_steps_0_Added_Noise_uniform_Eps_40.0_Tau_Type_normal_anchors - INFO - Batch 1116/1692: Clean accuracy 0.5968 | Adv accuracy: 0.5968 | Counter-attack accuracy: 0.4937
2026-02-06 17:23:47,517 - ADV_Generation_eps_0.0_steps_0_Added_Noise_uniform_Eps_40.0_Tau_Type_normal_anchors - INFO - Batch 1117/1692: Clean accuracy 0.5962 | Adv accuracy: 0.5962 | Counter-attack accuracy: 0.4933
2026-02-06 17:23:47,771 - ADV_Generation_eps_0.0_steps_0_Added_Noise_uniform_Eps_40.0_Tau_Type_normal_anchors - INFO - Batch 1118/1692: Clean accuracy 0.5966 | Adv accuracy: 0.5966 | Counter-attack accuracy: 0.4937
2026-02-06 17:23:48,025 - ADV_Generation_eps_0.0_steps_0_Added_Noise_uniform_Eps_40.0_Tau_Type_normal_anchors - INFO - Batch 1119/1692: Clean accuracy 0.5961 | Adv accuracy: 0.5961 | Counter-attack accuracy: 0.4933
2026-02-06 17:23:48,279 - ADV_Generation_eps_0.0_steps_0_Added_Noise_uniform_Eps_40.0_Tau_Type_normal_anchors - INFO - Batch 1120/1692: Clean accuracy 0.5964 | Adv accuracy: 0.5964 | Counter-attack accuracy: 0.4938
2026-02-06 17:23:48,533 - ADV_Generation_eps_0.0_steps_0_Added_Noise_uniform_Eps_40.0_Tau_Type_normal_anchors - INFO - Batch 1121/1692: Clean accuracy 0.5968 | Adv accuracy: 0.5968 | Counter-attack accuracy: 0.4942
2026-02-06 17:23:48,786 - ADV_Generation_eps_0.0_steps_0_Added_Noise_uniform_Eps_40.0_Tau_Type_normal_anchors - INFO - Batch 1122/1692: Clean accuracy 0.5963 | Adv accuracy: 0.5963 | Counter-attack accuracy: 0.4938
2026-02-06 17:23:49,040 - ADV_Generation_eps_0.0_steps_0_Added_Noise_uniform_Eps_40.0_Tau_Type_normal_anchors - INFO - Batch 1123/1692: Clean accuracy 0.5966 | Adv accuracy: 0.5966 | Counter-attack accuracy: 0.4942
2026-02-06 17:23:49,294 - ADV_Generation_eps_0.0_steps_0_Added_Noise_uniform_Eps_40.0_Tau_Type_normal_anchors - INFO - Batch 1124/1692: Clean accuracy 0.5961 | Adv accuracy: 0.5961 | Counter-attack accuracy: 0.4938
2026-02-06 17:23:49,548 - ADV_Generation_eps_0.0_steps_0_Added_Noise_uniform_Eps_40.0_Tau_Type_normal_anchors - INFO - Batch 1125/1692: Clean accuracy 0.5964 | Adv accuracy: 0.5964 | Counter-attack accuracy: 0.4942
2026-02-06 17:23:49,801 - ADV_Generation_eps_0.0_steps_0_Added_Noise_uniform_Eps_40.0_Tau_Type_normal_anchors - INFO - Batch 1126/1692: Clean accuracy 0.5968 | Adv accuracy: 0.5968 | Counter-attack accuracy: 0.4947
2026-02-06 17:23:50,055 - ADV_Generation_eps_0.0_steps_0_Added_Noise_uniform_Eps_40.0_Tau_Type_normal_anchors - INFO - Batch 1127/1692: Clean accuracy 0.5972 | Adv accuracy: 0.5972 | Counter-attack accuracy: 0.4951
2026-02-06 17:23:50,309 - ADV_Generation_eps_0.0_steps_0_Added_Noise_uniform_Eps_40.0_Tau_Type_normal_anchors - INFO - Batch 1128/1692: Clean accuracy 0.5975 | Adv accuracy: 0.5975 | Counter-attack accuracy: 0.4956
2026-02-06 17:23:50,563 - ADV_Generation_eps_0.0_steps_0_Added_Noise_uniform_Eps_40.0_Tau_Type_normal_anchors - INFO - Batch 1129/1692: Clean accuracy 0.5979 | Adv accuracy: 0.5979 | Counter-attack accuracy: 0.4960
2026-02-06 17:23:50,817 - ADV_Generation_eps_0.0_steps_0_Added_Noise_uniform_Eps_40.0_Tau_Type_normal_anchors - INFO - Batch 1130/1692: Clean accuracy 0.5982 | Adv accuracy: 0.5982 | Counter-attack accuracy: 0.4965
2026-02-06 17:23:51,070 - ADV_Generation_eps_0.0_steps_0_Added_Noise_uniform_Eps_40.0_Tau_Type_normal_anchors - INFO - Batch 1131/1692: Clean accuracy 0.5986 | Adv accuracy: 0.5986 | Counter-attack accuracy: 0.4969
2026-02-06 17:23:51,324 - ADV_Generation_eps_0.0_steps_0_Added_Noise_uniform_Eps_40.0_Tau_Type_normal_anchors - INFO - Batch 1132/1692: Clean accuracy 0.5989 | Adv accuracy: 0.5989 | Counter-attack accuracy: 0.4973
2026-02-06 17:23:51,578 - ADV_Generation_eps_0.0_steps_0_Added_Noise_uniform_Eps_40.0_Tau_Type_normal_anchors - INFO - Batch 1133/1692: Clean accuracy 0.5993 | Adv accuracy: 0.5993 | Counter-attack accuracy: 0.4978
2026-02-06 17:23:51,832 - ADV_Generation_eps_0.0_steps_0_Added_Noise_uniform_Eps_40.0_Tau_Type_normal_anchors - INFO - Batch 1134/1692: Clean accuracy 0.5988 | Adv accuracy: 0.5988 | Counter-attack accuracy: 0.4974
2026-02-06 17:23:52,086 - ADV_Generation_eps_0.0_steps_0_Added_Noise_uniform_Eps_40.0_Tau_Type_normal_anchors - INFO - Batch 1135/1692: Clean accuracy 0.5982 | Adv accuracy: 0.5982 | Counter-attack accuracy: 0.4969
2026-02-06 17:23:52,339 - ADV_Generation_eps_0.0_steps_0_Added_Noise_uniform_Eps_40.0_Tau_Type_normal_anchors - INFO - Batch 1136/1692: Clean accuracy 0.5977 | Adv accuracy: 0.5977 | Counter-attack accuracy: 0.4965
2026-02-06 17:23:52,593 - ADV_Generation_eps_0.0_steps_0_Added_Noise_uniform_Eps_40.0_Tau_Type_normal_anchors - INFO - Batch 1137/1692: Clean accuracy 0.5981 | Adv accuracy: 0.5981 | Counter-attack accuracy: 0.4960
2026-02-06 17:23:52,847 - ADV_Generation_eps_0.0_steps_0_Added_Noise_uniform_Eps_40.0_Tau_Type_normal_anchors - INFO - Batch 1138/1692: Clean accuracy 0.5975 | Adv accuracy: 0.5975 | Counter-attack accuracy: 0.4956
2026-02-06 17:23:53,101 - ADV_Generation_eps_0.0_steps_0_Added_Noise_uniform_Eps_40.0_Tau_Type_normal_anchors - INFO - Batch 1139/1692: Clean accuracy 0.5979 | Adv accuracy: 0.5979 | Counter-attack accuracy: 0.4960
2026-02-06 17:23:53,354 - ADV_Generation_eps_0.0_steps_0_Added_Noise_uniform_Eps_40.0_Tau_Type_normal_anchors - INFO - Batch 1140/1692: Clean accuracy 0.5982 | Adv accuracy: 0.5982 | Counter-attack accuracy: 0.4965
2026-02-06 17:23:53,608 - ADV_Generation_eps_0.0_steps_0_Added_Noise_uniform_Eps_40.0_Tau_Type_normal_anchors - INFO - Batch 1141/1692: Clean accuracy 0.5986 | Adv accuracy: 0.5986 | Counter-attack accuracy: 0.4969
2026-02-06 17:23:53,862 - ADV_Generation_eps_0.0_steps_0_Added_Noise_uniform_Eps_40.0_Tau_Type_normal_anchors - INFO - Batch 1142/1692: Clean accuracy 0.5989 | Adv accuracy: 0.5989 | Counter-attack accuracy: 0.4974
2026-02-06 17:23:54,116 - ADV_Generation_eps_0.0_steps_0_Added_Noise_uniform_Eps_40.0_Tau_Type_normal_anchors - INFO - Batch 1143/1692: Clean accuracy 0.5993 | Adv accuracy: 0.5993 | Counter-attack accuracy: 0.4969
2026-02-06 17:23:54,370 - ADV_Generation_eps_0.0_steps_0_Added_Noise_uniform_Eps_40.0_Tau_Type_normal_anchors - INFO - Batch 1144/1692: Clean accuracy 0.5988 | Adv accuracy: 0.5988 | Counter-attack accuracy: 0.4965
2026-02-06 17:23:54,624 - ADV_Generation_eps_0.0_steps_0_Added_Noise_uniform_Eps_40.0_Tau_Type_normal_anchors - INFO - Batch 1145/1692: Clean accuracy 0.5983 | Adv accuracy: 0.5983 | Counter-attack accuracy: 0.4961
2026-02-06 17:23:54,877 - ADV_Generation_eps_0.0_steps_0_Added_Noise_uniform_Eps_40.0_Tau_Type_normal_anchors - INFO - Batch 1146/1692: Clean accuracy 0.5977 | Adv accuracy: 0.5977 | Counter-attack accuracy: 0.4956
2026-02-06 17:23:55,131 - ADV_Generation_eps_0.0_steps_0_Added_Noise_uniform_Eps_40.0_Tau_Type_normal_anchors - INFO - Batch 1147/1692: Clean accuracy 0.5972 | Adv accuracy: 0.5972 | Counter-attack accuracy: 0.4952
2026-02-06 17:23:55,385 - ADV_Generation_eps_0.0_steps_0_Added_Noise_uniform_Eps_40.0_Tau_Type_normal_anchors - INFO - Batch 1148/1692: Clean accuracy 0.5976 | Adv accuracy: 0.5976 | Counter-attack accuracy: 0.4956
2026-02-06 17:23:55,639 - ADV_Generation_eps_0.0_steps_0_Added_Noise_uniform_Eps_40.0_Tau_Type_normal_anchors - INFO - Batch 1149/1692: Clean accuracy 0.5979 | Adv accuracy: 0.5979 | Counter-attack accuracy: 0.4952
2026-02-06 17:23:55,893 - ADV_Generation_eps_0.0_steps_0_Added_Noise_uniform_Eps_40.0_Tau_Type_normal_anchors - INFO - Batch 1150/1692: Clean accuracy 0.5974 | Adv accuracy: 0.5974 | Counter-attack accuracy: 0.4948
2026-02-06 17:23:56,146 - ADV_Generation_eps_0.0_steps_0_Added_Noise_uniform_Eps_40.0_Tau_Type_normal_anchors - INFO - Batch 1151/1692: Clean accuracy 0.5977 | Adv accuracy: 0.5977 | Counter-attack accuracy: 0.4952
2026-02-06 17:23:56,400 - ADV_Generation_eps_0.0_steps_0_Added_Noise_uniform_Eps_40.0_Tau_Type_normal_anchors - INFO - Batch 1152/1692: Clean accuracy 0.5981 | Adv accuracy: 0.5981 | Counter-attack accuracy: 0.4957
2026-02-06 17:23:56,654 - ADV_Generation_eps_0.0_steps_0_Added_Noise_uniform_Eps_40.0_Tau_Type_normal_anchors - INFO - Batch 1153/1692: Clean accuracy 0.5976 | Adv accuracy: 0.5976 | Counter-attack accuracy: 0.4952
2026-02-06 17:23:56,908 - ADV_Generation_eps_0.0_steps_0_Added_Noise_uniform_Eps_40.0_Tau_Type_normal_anchors - INFO - Batch 1154/1692: Clean accuracy 0.5979 | Adv accuracy: 0.5979 | Counter-attack accuracy: 0.4957
2026-02-06 17:23:57,162 - ADV_Generation_eps_0.0_steps_0_Added_Noise_uniform_Eps_40.0_Tau_Type_normal_anchors - INFO - Batch 1155/1692: Clean accuracy 0.5974 | Adv accuracy: 0.5974 | Counter-attack accuracy: 0.4952
2026-02-06 17:23:57,415 - ADV_Generation_eps_0.0_steps_0_Added_Noise_uniform_Eps_40.0_Tau_Type_normal_anchors - INFO - Batch 1156/1692: Clean accuracy 0.5978 | Adv accuracy: 0.5978 | Counter-attack accuracy: 0.4948
2026-02-06 17:23:57,669 - ADV_Generation_eps_0.0_steps_0_Added_Noise_uniform_Eps_40.0_Tau_Type_normal_anchors - INFO - Batch 1157/1692: Clean accuracy 0.5972 | Adv accuracy: 0.5972 | Counter-attack accuracy: 0.4944
2026-02-06 17:23:57,923 - ADV_Generation_eps_0.0_steps_0_Added_Noise_uniform_Eps_40.0_Tau_Type_normal_anchors - INFO - Batch 1158/1692: Clean accuracy 0.5976 | Adv accuracy: 0.5976 | Counter-attack accuracy: 0.4948
2026-02-06 17:23:58,177 - ADV_Generation_eps_0.0_steps_0_Added_Noise_uniform_Eps_40.0_Tau_Type_normal_anchors - INFO - Batch 1159/1692: Clean accuracy 0.5979 | Adv accuracy: 0.5979 | Counter-attack accuracy: 0.4953
2026-02-06 17:23:58,431 - ADV_Generation_eps_0.0_steps_0_Added_Noise_uniform_Eps_40.0_Tau_Type_normal_anchors - INFO - Batch 1160/1692: Clean accuracy 0.5974 | Adv accuracy: 0.5974 | Counter-attack accuracy: 0.4957
2026-02-06 17:23:58,684 - ADV_Generation_eps_0.0_steps_0_Added_Noise_uniform_Eps_40.0_Tau_Type_normal_anchors - INFO - Batch 1161/1692: Clean accuracy 0.5969 | Adv accuracy: 0.5969 | Counter-attack accuracy: 0.4953
2026-02-06 17:23:58,938 - ADV_Generation_eps_0.0_steps_0_Added_Noise_uniform_Eps_40.0_Tau_Type_normal_anchors - INFO - Batch 1162/1692: Clean accuracy 0.5964 | Adv accuracy: 0.5964 | Counter-attack accuracy: 0.4948
2026-02-06 17:23:59,192 - ADV_Generation_eps_0.0_steps_0_Added_Noise_uniform_Eps_40.0_Tau_Type_normal_anchors - INFO - Batch 1163/1692: Clean accuracy 0.5967 | Adv accuracy: 0.5967 | Counter-attack accuracy: 0.4944
2026-02-06 17:23:59,446 - ADV_Generation_eps_0.0_steps_0_Added_Noise_uniform_Eps_40.0_Tau_Type_normal_anchors - INFO - Batch 1164/1692: Clean accuracy 0.5971 | Adv accuracy: 0.5971 | Counter-attack accuracy: 0.4940
2026-02-06 17:23:59,699 - ADV_Generation_eps_0.0_steps_0_Added_Noise_uniform_Eps_40.0_Tau_Type_normal_anchors - INFO - Batch 1165/1692: Clean accuracy 0.5974 | Adv accuracy: 0.5974 | Counter-attack accuracy: 0.4944
2026-02-06 17:23:59,953 - ADV_Generation_eps_0.0_steps_0_Added_Noise_uniform_Eps_40.0_Tau_Type_normal_anchors - INFO - Batch 1166/1692: Clean accuracy 0.5969 | Adv accuracy: 0.5969 | Counter-attack accuracy: 0.4940
2026-02-06 17:24:00,208 - ADV_Generation_eps_0.0_steps_0_Added_Noise_uniform_Eps_40.0_Tau_Type_normal_anchors - INFO - Batch 1167/1692: Clean accuracy 0.5964 | Adv accuracy: 0.5964 | Counter-attack accuracy: 0.4936
2026-02-06 17:24:00,461 - ADV_Generation_eps_0.0_steps_0_Added_Noise_uniform_Eps_40.0_Tau_Type_normal_anchors - INFO - Batch 1168/1692: Clean accuracy 0.5959 | Adv accuracy: 0.5959 | Counter-attack accuracy: 0.4932
2026-02-06 17:24:00,716 - ADV_Generation_eps_0.0_steps_0_Added_Noise_uniform_Eps_40.0_Tau_Type_normal_anchors - INFO - Batch 1169/1692: Clean accuracy 0.5954 | Adv accuracy: 0.5954 | Counter-attack accuracy: 0.4927
2026-02-06 17:24:00,970 - ADV_Generation_eps_0.0_steps_0_Added_Noise_uniform_Eps_40.0_Tau_Type_normal_anchors - INFO - Batch 1170/1692: Clean accuracy 0.5949 | Adv accuracy: 0.5949 | Counter-attack accuracy: 0.4923
2026-02-06 17:24:01,224 - ADV_Generation_eps_0.0_steps_0_Added_Noise_uniform_Eps_40.0_Tau_Type_normal_anchors - INFO - Batch 1171/1692: Clean accuracy 0.5952 | Adv accuracy: 0.5952 | Counter-attack accuracy: 0.4919
2026-02-06 17:24:01,477 - ADV_Generation_eps_0.0_steps_0_Added_Noise_uniform_Eps_40.0_Tau_Type_normal_anchors - INFO - Batch 1172/1692: Clean accuracy 0.5956 | Adv accuracy: 0.5956 | Counter-attack accuracy: 0.4923
2026-02-06 17:24:01,731 - ADV_Generation_eps_0.0_steps_0_Added_Noise_uniform_Eps_40.0_Tau_Type_normal_anchors - INFO - Batch 1173/1692: Clean accuracy 0.5951 | Adv accuracy: 0.5951 | Counter-attack accuracy: 0.4919
2026-02-06 17:24:01,985 - ADV_Generation_eps_0.0_steps_0_Added_Noise_uniform_Eps_40.0_Tau_Type_normal_anchors - INFO - Batch 1174/1692: Clean accuracy 0.5954 | Adv accuracy: 0.5954 | Counter-attack accuracy: 0.4915
2026-02-06 17:24:02,239 - ADV_Generation_eps_0.0_steps_0_Added_Noise_uniform_Eps_40.0_Tau_Type_normal_anchors - INFO - Batch 1175/1692: Clean accuracy 0.5949 | Adv accuracy: 0.5949 | Counter-attack accuracy: 0.4911
2026-02-06 17:24:02,492 - ADV_Generation_eps_0.0_steps_0_Added_Noise_uniform_Eps_40.0_Tau_Type_normal_anchors - INFO - Batch 1176/1692: Clean accuracy 0.5952 | Adv accuracy: 0.5952 | Counter-attack accuracy: 0.4906
2026-02-06 17:24:02,746 - ADV_Generation_eps_0.0_steps_0_Added_Noise_uniform_Eps_40.0_Tau_Type_normal_anchors - INFO - Batch 1177/1692: Clean accuracy 0.5947 | Adv accuracy: 0.5947 | Counter-attack accuracy: 0.4902
2026-02-06 17:24:03,000 - ADV_Generation_eps_0.0_steps_0_Added_Noise_uniform_Eps_40.0_Tau_Type_normal_anchors - INFO - Batch 1178/1692: Clean accuracy 0.5942 | Adv accuracy: 0.5942 | Counter-attack accuracy: 0.4898
2026-02-06 17:24:03,254 - ADV_Generation_eps_0.0_steps_0_Added_Noise_uniform_Eps_40.0_Tau_Type_normal_anchors - INFO - Batch 1179/1692: Clean accuracy 0.5946 | Adv accuracy: 0.5946 | Counter-attack accuracy: 0.4902
2026-02-06 17:24:03,508 - ADV_Generation_eps_0.0_steps_0_Added_Noise_uniform_Eps_40.0_Tau_Type_normal_anchors - INFO - Batch 1180/1692: Clean accuracy 0.5949 | Adv accuracy: 0.5949 | Counter-attack accuracy: 0.4907
2026-02-06 17:24:03,761 - ADV_Generation_eps_0.0_steps_0_Added_Noise_uniform_Eps_40.0_Tau_Type_normal_anchors - INFO - Batch 1181/1692: Clean accuracy 0.5944 | Adv accuracy: 0.5944 | Counter-attack accuracy: 0.4903
2026-02-06 17:24:04,015 - ADV_Generation_eps_0.0_steps_0_Added_Noise_uniform_Eps_40.0_Tau_Type_normal_anchors - INFO - Batch 1182/1692: Clean accuracy 0.5948 | Adv accuracy: 0.5948 | Counter-attack accuracy: 0.4898
2026-02-06 17:24:04,269 - ADV_Generation_eps_0.0_steps_0_Added_Noise_uniform_Eps_40.0_Tau_Type_normal_anchors - INFO - Batch 1183/1692: Clean accuracy 0.5943 | Adv accuracy: 0.5943 | Counter-attack accuracy: 0.4894
2026-02-06 17:24:04,523 - ADV_Generation_eps_0.0_steps_0_Added_Noise_uniform_Eps_40.0_Tau_Type_normal_anchors - INFO - Batch 1184/1692: Clean accuracy 0.5946 | Adv accuracy: 0.5946 | Counter-attack accuracy: 0.4899
2026-02-06 17:24:04,777 - ADV_Generation_eps_0.0_steps_0_Added_Noise_uniform_Eps_40.0_Tau_Type_normal_anchors - INFO - Batch 1185/1692: Clean accuracy 0.5949 | Adv accuracy: 0.5949 | Counter-attack accuracy: 0.4903
2026-02-06 17:24:05,031 - ADV_Generation_eps_0.0_steps_0_Added_Noise_uniform_Eps_40.0_Tau_Type_normal_anchors - INFO - Batch 1186/1692: Clean accuracy 0.5944 | Adv accuracy: 0.5944 | Counter-attack accuracy: 0.4899
2026-02-06 17:24:05,285 - ADV_Generation_eps_0.0_steps_0_Added_Noise_uniform_Eps_40.0_Tau_Type_normal_anchors - INFO - Batch 1187/1692: Clean accuracy 0.5948 | Adv accuracy: 0.5948 | Counter-attack accuracy: 0.4895
2026-02-06 17:24:05,538 - ADV_Generation_eps_0.0_steps_0_Added_Noise_uniform_Eps_40.0_Tau_Type_normal_anchors - INFO - Batch 1188/1692: Clean accuracy 0.5943 | Adv accuracy: 0.5943 | Counter-attack accuracy: 0.4891
2026-02-06 17:24:05,792 - ADV_Generation_eps_0.0_steps_0_Added_Noise_uniform_Eps_40.0_Tau_Type_normal_anchors - INFO - Batch 1189/1692: Clean accuracy 0.5946 | Adv accuracy: 0.5946 | Counter-attack accuracy: 0.4895
2026-02-06 17:24:06,046 - ADV_Generation_eps_0.0_steps_0_Added_Noise_uniform_Eps_40.0_Tau_Type_normal_anchors - INFO - Batch 1190/1692: Clean accuracy 0.5950 | Adv accuracy: 0.5950 | Counter-attack accuracy: 0.4891
2026-02-06 17:24:06,300 - ADV_Generation_eps_0.0_steps_0_Added_Noise_uniform_Eps_40.0_Tau_Type_normal_anchors - INFO - Batch 1191/1692: Clean accuracy 0.5953 | Adv accuracy: 0.5953 | Counter-attack accuracy: 0.4895
2026-02-06 17:24:06,553 - ADV_Generation_eps_0.0_steps_0_Added_Noise_uniform_Eps_40.0_Tau_Type_normal_anchors - INFO - Batch 1192/1692: Clean accuracy 0.5956 | Adv accuracy: 0.5956 | Counter-attack accuracy: 0.4899
2026-02-06 17:24:06,807 - ADV_Generation_eps_0.0_steps_0_Added_Noise_uniform_Eps_40.0_Tau_Type_normal_anchors - INFO - Batch 1193/1692: Clean accuracy 0.5960 | Adv accuracy: 0.5960 | Counter-attack accuracy: 0.4904
2026-02-06 17:24:07,061 - ADV_Generation_eps_0.0_steps_0_Added_Noise_uniform_Eps_40.0_Tau_Type_normal_anchors - INFO - Batch 1194/1692: Clean accuracy 0.5963 | Adv accuracy: 0.5963 | Counter-attack accuracy: 0.4908
2026-02-06 17:24:07,315 - ADV_Generation_eps_0.0_steps_0_Added_Noise_uniform_Eps_40.0_Tau_Type_normal_anchors - INFO - Batch 1195/1692: Clean accuracy 0.5958 | Adv accuracy: 0.5958 | Counter-attack accuracy: 0.4904
2026-02-06 17:24:07,568 - ADV_Generation_eps_0.0_steps_0_Added_Noise_uniform_Eps_40.0_Tau_Type_normal_anchors - INFO - Batch 1196/1692: Clean accuracy 0.5962 | Adv accuracy: 0.5962 | Counter-attack accuracy: 0.4908
2026-02-06 17:24:07,822 - ADV_Generation_eps_0.0_steps_0_Added_Noise_uniform_Eps_40.0_Tau_Type_normal_anchors - INFO - Batch 1197/1692: Clean accuracy 0.5965 | Adv accuracy: 0.5965 | Counter-attack accuracy: 0.4912
2026-02-06 17:24:08,076 - ADV_Generation_eps_0.0_steps_0_Added_Noise_uniform_Eps_40.0_Tau_Type_normal_anchors - INFO - Batch 1198/1692: Clean accuracy 0.5968 | Adv accuracy: 0.5968 | Counter-attack accuracy: 0.4908
2026-02-06 17:24:08,330 - ADV_Generation_eps_0.0_steps_0_Added_Noise_uniform_Eps_40.0_Tau_Type_normal_anchors - INFO - Batch 1199/1692: Clean accuracy 0.5972 | Adv accuracy: 0.5972 | Counter-attack accuracy: 0.4912
2026-02-06 17:24:08,584 - ADV_Generation_eps_0.0_steps_0_Added_Noise_uniform_Eps_40.0_Tau_Type_normal_anchors - INFO - Batch 1200/1692: Clean accuracy 0.5967 | Adv accuracy: 0.5967 | Counter-attack accuracy: 0.4908
2026-02-06 17:24:08,837 - ADV_Generation_eps_0.0_steps_0_Added_Noise_uniform_Eps_40.0_Tau_Type_normal_anchors - INFO - Batch 1201/1692: Clean accuracy 0.5970 | Adv accuracy: 0.5970 | Counter-attack accuracy: 0.4913
2026-02-06 17:24:09,091 - ADV_Generation_eps_0.0_steps_0_Added_Noise_uniform_Eps_40.0_Tau_Type_normal_anchors - INFO - Batch 1202/1692: Clean accuracy 0.5973 | Adv accuracy: 0.5973 | Counter-attack accuracy: 0.4917
2026-02-06 17:24:09,345 - ADV_Generation_eps_0.0_steps_0_Added_Noise_uniform_Eps_40.0_Tau_Type_normal_anchors - INFO - Batch 1203/1692: Clean accuracy 0.5977 | Adv accuracy: 0.5977 | Counter-attack accuracy: 0.4913
2026-02-06 17:24:09,599 - ADV_Generation_eps_0.0_steps_0_Added_Noise_uniform_Eps_40.0_Tau_Type_normal_anchors - INFO - Batch 1204/1692: Clean accuracy 0.5980 | Adv accuracy: 0.5980 | Counter-attack accuracy: 0.4917
2026-02-06 17:24:09,853 - ADV_Generation_eps_0.0_steps_0_Added_Noise_uniform_Eps_40.0_Tau_Type_normal_anchors - INFO - Batch 1205/1692: Clean accuracy 0.5975 | Adv accuracy: 0.5975 | Counter-attack accuracy: 0.4913
2026-02-06 17:24:10,106 - ADV_Generation_eps_0.0_steps_0_Added_Noise_uniform_Eps_40.0_Tau_Type_normal_anchors - INFO - Batch 1206/1692: Clean accuracy 0.5978 | Adv accuracy: 0.5978 | Counter-attack accuracy: 0.4917
2026-02-06 17:24:10,360 - ADV_Generation_eps_0.0_steps_0_Added_Noise_uniform_Eps_40.0_Tau_Type_normal_anchors - INFO - Batch 1207/1692: Clean accuracy 0.5982 | Adv accuracy: 0.5982 | Counter-attack accuracy: 0.4913
2026-02-06 17:24:10,614 - ADV_Generation_eps_0.0_steps_0_Added_Noise_uniform_Eps_40.0_Tau_Type_normal_anchors - INFO - Batch 1208/1692: Clean accuracy 0.5985 | Adv accuracy: 0.5985 | Counter-attack accuracy: 0.4917
2026-02-06 17:24:10,868 - ADV_Generation_eps_0.0_steps_0_Added_Noise_uniform_Eps_40.0_Tau_Type_normal_anchors - INFO - Batch 1209/1692: Clean accuracy 0.5988 | Adv accuracy: 0.5988 | Counter-attack accuracy: 0.4921
2026-02-06 17:24:11,121 - ADV_Generation_eps_0.0_steps_0_Added_Noise_uniform_Eps_40.0_Tau_Type_normal_anchors - INFO - Batch 1210/1692: Clean accuracy 0.5992 | Adv accuracy: 0.5992 | Counter-attack accuracy: 0.4926
2026-02-06 17:24:11,375 - ADV_Generation_eps_0.0_steps_0_Added_Noise_uniform_Eps_40.0_Tau_Type_normal_anchors - INFO - Batch 1211/1692: Clean accuracy 0.5995 | Adv accuracy: 0.5995 | Counter-attack accuracy: 0.4930
2026-02-06 17:24:11,629 - ADV_Generation_eps_0.0_steps_0_Added_Noise_uniform_Eps_40.0_Tau_Type_normal_anchors - INFO - Batch 1212/1692: Clean accuracy 0.5998 | Adv accuracy: 0.5998 | Counter-attack accuracy: 0.4926
2026-02-06 17:24:11,883 - ADV_Generation_eps_0.0_steps_0_Added_Noise_uniform_Eps_40.0_Tau_Type_normal_anchors - INFO - Batch 1213/1692: Clean accuracy 0.6002 | Adv accuracy: 0.6002 | Counter-attack accuracy: 0.4930
2026-02-06 17:24:12,137 - ADV_Generation_eps_0.0_steps_0_Added_Noise_uniform_Eps_40.0_Tau_Type_normal_anchors - INFO - Batch 1214/1692: Clean accuracy 0.6005 | Adv accuracy: 0.6005 | Counter-attack accuracy: 0.4926
2026-02-06 17:24:12,391 - ADV_Generation_eps_0.0_steps_0_Added_Noise_uniform_Eps_40.0_Tau_Type_normal_anchors - INFO - Batch 1215/1692: Clean accuracy 0.6008 | Adv accuracy: 0.6008 | Counter-attack accuracy: 0.4930
2026-02-06 17:24:12,644 - ADV_Generation_eps_0.0_steps_0_Added_Noise_uniform_Eps_40.0_Tau_Type_normal_anchors - INFO - Batch 1216/1692: Clean accuracy 0.6003 | Adv accuracy: 0.6003 | Counter-attack accuracy: 0.4926
2026-02-06 17:24:12,898 - ADV_Generation_eps_0.0_steps_0_Added_Noise_uniform_Eps_40.0_Tau_Type_normal_anchors - INFO - Batch 1217/1692: Clean accuracy 0.5998 | Adv accuracy: 0.5998 | Counter-attack accuracy: 0.4922
2026-02-06 17:24:13,152 - ADV_Generation_eps_0.0_steps_0_Added_Noise_uniform_Eps_40.0_Tau_Type_normal_anchors - INFO - Batch 1218/1692: Clean accuracy 0.5993 | Adv accuracy: 0.5993 | Counter-attack accuracy: 0.4918
2026-02-06 17:24:13,406 - ADV_Generation_eps_0.0_steps_0_Added_Noise_uniform_Eps_40.0_Tau_Type_normal_anchors - INFO - Batch 1219/1692: Clean accuracy 0.5997 | Adv accuracy: 0.5997 | Counter-attack accuracy: 0.4922
2026-02-06 17:24:13,660 - ADV_Generation_eps_0.0_steps_0_Added_Noise_uniform_Eps_40.0_Tau_Type_normal_anchors - INFO - Batch 1220/1692: Clean accuracy 0.6000 | Adv accuracy: 0.6000 | Counter-attack accuracy: 0.4926
2026-02-06 17:24:13,914 - ADV_Generation_eps_0.0_steps_0_Added_Noise_uniform_Eps_40.0_Tau_Type_normal_anchors - INFO - Batch 1221/1692: Clean accuracy 0.5995 | Adv accuracy: 0.5995 | Counter-attack accuracy: 0.4922
2026-02-06 17:24:14,168 - ADV_Generation_eps_0.0_steps_0_Added_Noise_uniform_Eps_40.0_Tau_Type_normal_anchors - INFO - Batch 1222/1692: Clean accuracy 0.5998 | Adv accuracy: 0.5998 | Counter-attack accuracy: 0.4926
2026-02-06 17:24:14,422 - ADV_Generation_eps_0.0_steps_0_Added_Noise_uniform_Eps_40.0_Tau_Type_normal_anchors - INFO - Batch 1223/1692: Clean accuracy 0.6002 | Adv accuracy: 0.6002 | Counter-attack accuracy: 0.4930
2026-02-06 17:24:14,676 - ADV_Generation_eps_0.0_steps_0_Added_Noise_uniform_Eps_40.0_Tau_Type_normal_anchors - INFO - Batch 1224/1692: Clean accuracy 0.6005 | Adv accuracy: 0.6005 | Counter-attack accuracy: 0.4935
2026-02-06 17:24:14,930 - ADV_Generation_eps_0.0_steps_0_Added_Noise_uniform_Eps_40.0_Tau_Type_normal_anchors - INFO - Batch 1225/1692: Clean accuracy 0.6000 | Adv accuracy: 0.6000 | Counter-attack accuracy: 0.4931
2026-02-06 17:24:15,184 - ADV_Generation_eps_0.0_steps_0_Added_Noise_uniform_Eps_40.0_Tau_Type_normal_anchors - INFO - Batch 1226/1692: Clean accuracy 0.6003 | Adv accuracy: 0.6003 | Counter-attack accuracy: 0.4935
2026-02-06 17:24:15,438 - ADV_Generation_eps_0.0_steps_0_Added_Noise_uniform_Eps_40.0_Tau_Type_normal_anchors - INFO - Batch 1227/1692: Clean accuracy 0.6007 | Adv accuracy: 0.6007 | Counter-attack accuracy: 0.4939
2026-02-06 17:24:15,692 - ADV_Generation_eps_0.0_steps_0_Added_Noise_uniform_Eps_40.0_Tau_Type_normal_anchors - INFO - Batch 1228/1692: Clean accuracy 0.6010 | Adv accuracy: 0.6010 | Counter-attack accuracy: 0.4943
2026-02-06 17:24:15,945 - ADV_Generation_eps_0.0_steps_0_Added_Noise_uniform_Eps_40.0_Tau_Type_normal_anchors - INFO - Batch 1229/1692: Clean accuracy 0.6005 | Adv accuracy: 0.6005 | Counter-attack accuracy: 0.4947
2026-02-06 17:24:16,199 - ADV_Generation_eps_0.0_steps_0_Added_Noise_uniform_Eps_40.0_Tau_Type_normal_anchors - INFO - Batch 1230/1692: Clean accuracy 0.6000 | Adv accuracy: 0.6000 | Counter-attack accuracy: 0.4943
2026-02-06 17:24:16,453 - ADV_Generation_eps_0.0_steps_0_Added_Noise_uniform_Eps_40.0_Tau_Type_normal_anchors - INFO - Batch 1231/1692: Clean accuracy 0.6003 | Adv accuracy: 0.6003 | Counter-attack accuracy: 0.4947
2026-02-06 17:24:16,707 - ADV_Generation_eps_0.0_steps_0_Added_Noise_uniform_Eps_40.0_Tau_Type_normal_anchors - INFO - Batch 1232/1692: Clean accuracy 0.5998 | Adv accuracy: 0.5998 | Counter-attack accuracy: 0.4943
2026-02-06 17:24:16,961 - ADV_Generation_eps_0.0_steps_0_Added_Noise_uniform_Eps_40.0_Tau_Type_normal_anchors - INFO - Batch 1233/1692: Clean accuracy 0.6002 | Adv accuracy: 0.6002 | Counter-attack accuracy: 0.4939
2026-02-06 17:24:17,214 - ADV_Generation_eps_0.0_steps_0_Added_Noise_uniform_Eps_40.0_Tau_Type_normal_anchors - INFO - Batch 1234/1692: Clean accuracy 0.5997 | Adv accuracy: 0.5997 | Counter-attack accuracy: 0.4935
2026-02-06 17:24:17,468 - ADV_Generation_eps_0.0_steps_0_Added_Noise_uniform_Eps_40.0_Tau_Type_normal_anchors - INFO - Batch 1235/1692: Clean accuracy 0.6000 | Adv accuracy: 0.6000 | Counter-attack accuracy: 0.4931
2026-02-06 17:24:17,722 - ADV_Generation_eps_0.0_steps_0_Added_Noise_uniform_Eps_40.0_Tau_Type_normal_anchors - INFO - Batch 1236/1692: Clean accuracy 0.6003 | Adv accuracy: 0.6003 | Counter-attack accuracy: 0.4935
2026-02-06 17:24:17,976 - ADV_Generation_eps_0.0_steps_0_Added_Noise_uniform_Eps_40.0_Tau_Type_normal_anchors - INFO - Batch 1237/1692: Clean accuracy 0.6006 | Adv accuracy: 0.6006 | Counter-attack accuracy: 0.4939
2026-02-06 17:24:18,230 - ADV_Generation_eps_0.0_steps_0_Added_Noise_uniform_Eps_40.0_Tau_Type_normal_anchors - INFO - Batch 1238/1692: Clean accuracy 0.6010 | Adv accuracy: 0.6010 | Counter-attack accuracy: 0.4943
2026-02-06 17:24:18,483 - ADV_Generation_eps_0.0_steps_0_Added_Noise_uniform_Eps_40.0_Tau_Type_normal_anchors - INFO - Batch 1239/1692: Clean accuracy 0.6013 | Adv accuracy: 0.6013 | Counter-attack accuracy: 0.4939
2026-02-06 17:24:18,737 - ADV_Generation_eps_0.0_steps_0_Added_Noise_uniform_Eps_40.0_Tau_Type_normal_anchors - INFO - Batch 1240/1692: Clean accuracy 0.6016 | Adv accuracy: 0.6016 | Counter-attack accuracy: 0.4944
2026-02-06 17:24:18,991 - ADV_Generation_eps_0.0_steps_0_Added_Noise_uniform_Eps_40.0_Tau_Type_normal_anchors - INFO - Batch 1241/1692: Clean accuracy 0.6019 | Adv accuracy: 0.6019 | Counter-attack accuracy: 0.4940
2026-02-06 17:24:19,245 - ADV_Generation_eps_0.0_steps_0_Added_Noise_uniform_Eps_40.0_Tau_Type_normal_anchors - INFO - Batch 1242/1692: Clean accuracy 0.6014 | Adv accuracy: 0.6014 | Counter-attack accuracy: 0.4936
2026-02-06 17:24:19,498 - ADV_Generation_eps_0.0_steps_0_Added_Noise_uniform_Eps_40.0_Tau_Type_normal_anchors - INFO - Batch 1243/1692: Clean accuracy 0.6018 | Adv accuracy: 0.6018 | Counter-attack accuracy: 0.4940
2026-02-06 17:24:19,752 - ADV_Generation_eps_0.0_steps_0_Added_Noise_uniform_Eps_40.0_Tau_Type_normal_anchors - INFO - Batch 1244/1692: Clean accuracy 0.6021 | Adv accuracy: 0.6021 | Counter-attack accuracy: 0.4944
2026-02-06 17:24:20,006 - ADV_Generation_eps_0.0_steps_0_Added_Noise_uniform_Eps_40.0_Tau_Type_normal_anchors - INFO - Batch 1245/1692: Clean accuracy 0.6024 | Adv accuracy: 0.6024 | Counter-attack accuracy: 0.4948
2026-02-06 17:24:20,260 - ADV_Generation_eps_0.0_steps_0_Added_Noise_uniform_Eps_40.0_Tau_Type_normal_anchors - INFO - Batch 1246/1692: Clean accuracy 0.6027 | Adv accuracy: 0.6027 | Counter-attack accuracy: 0.4952
2026-02-06 17:24:20,514 - ADV_Generation_eps_0.0_steps_0_Added_Noise_uniform_Eps_40.0_Tau_Type_normal_anchors - INFO - Batch 1247/1692: Clean accuracy 0.6030 | Adv accuracy: 0.6030 | Counter-attack accuracy: 0.4948
2026-02-06 17:24:20,767 - ADV_Generation_eps_0.0_steps_0_Added_Noise_uniform_Eps_40.0_Tau_Type_normal_anchors - INFO - Batch 1248/1692: Clean accuracy 0.6026 | Adv accuracy: 0.6026 | Counter-attack accuracy: 0.4952
2026-02-06 17:24:21,021 - ADV_Generation_eps_0.0_steps_0_Added_Noise_uniform_Eps_40.0_Tau_Type_normal_anchors - INFO - Batch 1249/1692: Clean accuracy 0.6029 | Adv accuracy: 0.6029 | Counter-attack accuracy: 0.4956
2026-02-06 17:24:21,275 - ADV_Generation_eps_0.0_steps_0_Added_Noise_uniform_Eps_40.0_Tau_Type_normal_anchors - INFO - Batch 1250/1692: Clean accuracy 0.6032 | Adv accuracy: 0.6032 | Counter-attack accuracy: 0.4960
2026-02-06 17:24:21,529 - ADV_Generation_eps_0.0_steps_0_Added_Noise_uniform_Eps_40.0_Tau_Type_normal_anchors - INFO - Batch 1251/1692: Clean accuracy 0.6035 | Adv accuracy: 0.6035 | Counter-attack accuracy: 0.4964
2026-02-06 17:24:21,782 - ADV_Generation_eps_0.0_steps_0_Added_Noise_uniform_Eps_40.0_Tau_Type_normal_anchors - INFO - Batch 1252/1692: Clean accuracy 0.6038 | Adv accuracy: 0.6038 | Counter-attack accuracy: 0.4960
2026-02-06 17:24:22,036 - ADV_Generation_eps_0.0_steps_0_Added_Noise_uniform_Eps_40.0_Tau_Type_normal_anchors - INFO - Batch 1253/1692: Clean accuracy 0.6034 | Adv accuracy: 0.6034 | Counter-attack accuracy: 0.4956
2026-02-06 17:24:22,290 - ADV_Generation_eps_0.0_steps_0_Added_Noise_uniform_Eps_40.0_Tau_Type_normal_anchors - INFO - Batch 1254/1692: Clean accuracy 0.6037 | Adv accuracy: 0.6037 | Counter-attack accuracy: 0.4952
2026-02-06 17:24:22,544 - ADV_Generation_eps_0.0_steps_0_Added_Noise_uniform_Eps_40.0_Tau_Type_normal_anchors - INFO - Batch 1255/1692: Clean accuracy 0.6032 | Adv accuracy: 0.6032 | Counter-attack accuracy: 0.4956
2026-02-06 17:24:22,798 - ADV_Generation_eps_0.0_steps_0_Added_Noise_uniform_Eps_40.0_Tau_Type_normal_anchors - INFO - Batch 1256/1692: Clean accuracy 0.6035 | Adv accuracy: 0.6035 | Counter-attack accuracy: 0.4960
2026-02-06 17:24:23,052 - ADV_Generation_eps_0.0_steps_0_Added_Noise_uniform_Eps_40.0_Tau_Type_normal_anchors - INFO - Batch 1257/1692: Clean accuracy 0.6038 | Adv accuracy: 0.6038 | Counter-attack accuracy: 0.4964
2026-02-06 17:24:23,305 - ADV_Generation_eps_0.0_steps_0_Added_Noise_uniform_Eps_40.0_Tau_Type_normal_anchors - INFO - Batch 1258/1692: Clean accuracy 0.6041 | Adv accuracy: 0.6041 | Counter-attack accuracy: 0.4968
2026-02-06 17:24:23,559 - ADV_Generation_eps_0.0_steps_0_Added_Noise_uniform_Eps_40.0_Tau_Type_normal_anchors - INFO - Batch 1259/1692: Clean accuracy 0.6037 | Adv accuracy: 0.6037 | Counter-attack accuracy: 0.4964
2026-02-06 17:24:23,813 - ADV_Generation_eps_0.0_steps_0_Added_Noise_uniform_Eps_40.0_Tau_Type_normal_anchors - INFO - Batch 1260/1692: Clean accuracy 0.6032 | Adv accuracy: 0.6032 | Counter-attack accuracy: 0.4960
2026-02-06 17:24:24,067 - ADV_Generation_eps_0.0_steps_0_Added_Noise_uniform_Eps_40.0_Tau_Type_normal_anchors - INFO - Batch 1261/1692: Clean accuracy 0.6035 | Adv accuracy: 0.6035 | Counter-attack accuracy: 0.4956
2026-02-06 17:24:24,321 - ADV_Generation_eps_0.0_steps_0_Added_Noise_uniform_Eps_40.0_Tau_Type_normal_anchors - INFO - Batch 1262/1692: Clean accuracy 0.6038 | Adv accuracy: 0.6038 | Counter-attack accuracy: 0.4960
2026-02-06 17:24:24,574 - ADV_Generation_eps_0.0_steps_0_Added_Noise_uniform_Eps_40.0_Tau_Type_normal_anchors - INFO - Batch 1263/1692: Clean accuracy 0.6041 | Adv accuracy: 0.6041 | Counter-attack accuracy: 0.4964
2026-02-06 17:24:24,828 - ADV_Generation_eps_0.0_steps_0_Added_Noise_uniform_Eps_40.0_Tau_Type_normal_anchors - INFO - Batch 1264/1692: Clean accuracy 0.6044 | Adv accuracy: 0.6044 | Counter-attack accuracy: 0.4968
2026-02-06 17:24:25,082 - ADV_Generation_eps_0.0_steps_0_Added_Noise_uniform_Eps_40.0_Tau_Type_normal_anchors - INFO - Batch 1265/1692: Clean accuracy 0.6047 | Adv accuracy: 0.6047 | Counter-attack accuracy: 0.4972
2026-02-06 17:24:25,336 - ADV_Generation_eps_0.0_steps_0_Added_Noise_uniform_Eps_40.0_Tau_Type_normal_anchors - INFO - Batch 1266/1692: Clean accuracy 0.6051 | Adv accuracy: 0.6051 | Counter-attack accuracy: 0.4976
2026-02-06 17:24:25,589 - ADV_Generation_eps_0.0_steps_0_Added_Noise_uniform_Eps_40.0_Tau_Type_normal_anchors - INFO - Batch 1267/1692: Clean accuracy 0.6046 | Adv accuracy: 0.6046 | Counter-attack accuracy: 0.4972
2026-02-06 17:24:25,843 - ADV_Generation_eps_0.0_steps_0_Added_Noise_uniform_Eps_40.0_Tau_Type_normal_anchors - INFO - Batch 1268/1692: Clean accuracy 0.6041 | Adv accuracy: 0.6041 | Counter-attack accuracy: 0.4976
2026-02-06 17:24:26,097 - ADV_Generation_eps_0.0_steps_0_Added_Noise_uniform_Eps_40.0_Tau_Type_normal_anchors - INFO - Batch 1269/1692: Clean accuracy 0.6036 | Adv accuracy: 0.6036 | Counter-attack accuracy: 0.4972
2026-02-06 17:24:26,351 - ADV_Generation_eps_0.0_steps_0_Added_Noise_uniform_Eps_40.0_Tau_Type_normal_anchors - INFO - Batch 1270/1692: Clean accuracy 0.6039 | Adv accuracy: 0.6039 | Counter-attack accuracy: 0.4976
2026-02-06 17:24:26,605 - ADV_Generation_eps_0.0_steps_0_Added_Noise_uniform_Eps_40.0_Tau_Type_normal_anchors - INFO - Batch 1271/1692: Clean accuracy 0.6042 | Adv accuracy: 0.6042 | Counter-attack accuracy: 0.4980
2026-02-06 17:24:26,859 - ADV_Generation_eps_0.0_steps_0_Added_Noise_uniform_Eps_40.0_Tau_Type_normal_anchors - INFO - Batch 1272/1692: Clean accuracy 0.6046 | Adv accuracy: 0.6046 | Counter-attack accuracy: 0.4984
2026-02-06 17:24:27,112 - ADV_Generation_eps_0.0_steps_0_Added_Noise_uniform_Eps_40.0_Tau_Type_normal_anchors - INFO - Batch 1273/1692: Clean accuracy 0.6041 | Adv accuracy: 0.6041 | Counter-attack accuracy: 0.4980
2026-02-06 17:24:27,366 - ADV_Generation_eps_0.0_steps_0_Added_Noise_uniform_Eps_40.0_Tau_Type_normal_anchors - INFO - Batch 1274/1692: Clean accuracy 0.6044 | Adv accuracy: 0.6044 | Counter-attack accuracy: 0.4984
2026-02-06 17:24:27,620 - ADV_Generation_eps_0.0_steps_0_Added_Noise_uniform_Eps_40.0_Tau_Type_normal_anchors - INFO - Batch 1275/1692: Clean accuracy 0.6047 | Adv accuracy: 0.6047 | Counter-attack accuracy: 0.4988
2026-02-06 17:24:27,874 - ADV_Generation_eps_0.0_steps_0_Added_Noise_uniform_Eps_40.0_Tau_Type_normal_anchors - INFO - Batch 1276/1692: Clean accuracy 0.6050 | Adv accuracy: 0.6050 | Counter-attack accuracy: 0.4992
2026-02-06 17:24:28,128 - ADV_Generation_eps_0.0_steps_0_Added_Noise_uniform_Eps_40.0_Tau_Type_normal_anchors - INFO - Batch 1277/1692: Clean accuracy 0.6053 | Adv accuracy: 0.6053 | Counter-attack accuracy: 0.4996
2026-02-06 17:24:28,382 - ADV_Generation_eps_0.0_steps_0_Added_Noise_uniform_Eps_40.0_Tau_Type_normal_anchors - INFO - Batch 1278/1692: Clean accuracy 0.6049 | Adv accuracy: 0.6049 | Counter-attack accuracy: 0.4992
2026-02-06 17:24:28,636 - ADV_Generation_eps_0.0_steps_0_Added_Noise_uniform_Eps_40.0_Tau_Type_normal_anchors - INFO - Batch 1279/1692: Clean accuracy 0.6044 | Adv accuracy: 0.6044 | Counter-attack accuracy: 0.4988
2026-02-06 17:24:28,889 - ADV_Generation_eps_0.0_steps_0_Added_Noise_uniform_Eps_40.0_Tau_Type_normal_anchors - INFO - Batch 1280/1692: Clean accuracy 0.6047 | Adv accuracy: 0.6047 | Counter-attack accuracy: 0.4992
2026-02-06 17:24:29,143 - ADV_Generation_eps_0.0_steps_0_Added_Noise_uniform_Eps_40.0_Tau_Type_normal_anchors - INFO - Batch 1281/1692: Clean accuracy 0.6050 | Adv accuracy: 0.6050 | Counter-attack accuracy: 0.4996
2026-02-06 17:24:29,397 - ADV_Generation_eps_0.0_steps_0_Added_Noise_uniform_Eps_40.0_Tau_Type_normal_anchors - INFO - Batch 1282/1692: Clean accuracy 0.6045 | Adv accuracy: 0.6045 | Counter-attack accuracy: 0.4992
2026-02-06 17:24:29,651 - ADV_Generation_eps_0.0_steps_0_Added_Noise_uniform_Eps_40.0_Tau_Type_normal_anchors - INFO - Batch 1283/1692: Clean accuracy 0.6041 | Adv accuracy: 0.6041 | Counter-attack accuracy: 0.4988
2026-02-06 17:24:29,905 - ADV_Generation_eps_0.0_steps_0_Added_Noise_uniform_Eps_40.0_Tau_Type_normal_anchors - INFO - Batch 1284/1692: Clean accuracy 0.6044 | Adv accuracy: 0.6044 | Counter-attack accuracy: 0.4984
2026-02-06 17:24:30,158 - ADV_Generation_eps_0.0_steps_0_Added_Noise_uniform_Eps_40.0_Tau_Type_normal_anchors - INFO - Batch 1285/1692: Clean accuracy 0.6047 | Adv accuracy: 0.6047 | Counter-attack accuracy: 0.4988
2026-02-06 17:24:30,412 - ADV_Generation_eps_0.0_steps_0_Added_Noise_uniform_Eps_40.0_Tau_Type_normal_anchors - INFO - Batch 1286/1692: Clean accuracy 0.6050 | Adv accuracy: 0.6050 | Counter-attack accuracy: 0.4992
2026-02-06 17:24:30,666 - ADV_Generation_eps_0.0_steps_0_Added_Noise_uniform_Eps_40.0_Tau_Type_normal_anchors - INFO - Batch 1287/1692: Clean accuracy 0.6053 | Adv accuracy: 0.6053 | Counter-attack accuracy: 0.4996
2026-02-06 17:24:30,919 - ADV_Generation_eps_0.0_steps_0_Added_Noise_uniform_Eps_40.0_Tau_Type_normal_anchors - INFO - Batch 1288/1692: Clean accuracy 0.6048 | Adv accuracy: 0.6048 | Counter-attack accuracy: 0.4992
2026-02-06 17:24:31,173 - ADV_Generation_eps_0.0_steps_0_Added_Noise_uniform_Eps_40.0_Tau_Type_normal_anchors - INFO - Batch 1289/1692: Clean accuracy 0.6051 | Adv accuracy: 0.6051 | Counter-attack accuracy: 0.4996
2026-02-06 17:24:31,427 - ADV_Generation_eps_0.0_steps_0_Added_Noise_uniform_Eps_40.0_Tau_Type_normal_anchors - INFO - Batch 1290/1692: Clean accuracy 0.6047 | Adv accuracy: 0.6047 | Counter-attack accuracy: 0.4992
2026-02-06 17:24:31,681 - ADV_Generation_eps_0.0_steps_0_Added_Noise_uniform_Eps_40.0_Tau_Type_normal_anchors - INFO - Batch 1291/1692: Clean accuracy 0.6050 | Adv accuracy: 0.6050 | Counter-attack accuracy: 0.4996
2026-02-06 17:24:31,935 - ADV_Generation_eps_0.0_steps_0_Added_Noise_uniform_Eps_40.0_Tau_Type_normal_anchors - INFO - Batch 1292/1692: Clean accuracy 0.6045 | Adv accuracy: 0.6045 | Counter-attack accuracy: 0.4992
2026-02-06 17:24:32,189 - ADV_Generation_eps_0.0_steps_0_Added_Noise_uniform_Eps_40.0_Tau_Type_normal_anchors - INFO - Batch 1293/1692: Clean accuracy 0.6048 | Adv accuracy: 0.6048 | Counter-attack accuracy: 0.4996
2026-02-06 17:24:32,443 - ADV_Generation_eps_0.0_steps_0_Added_Noise_uniform_Eps_40.0_Tau_Type_normal_anchors - INFO - Batch 1294/1692: Clean accuracy 0.6051 | Adv accuracy: 0.6051 | Counter-attack accuracy: 0.5000
2026-02-06 17:24:32,697 - ADV_Generation_eps_0.0_steps_0_Added_Noise_uniform_Eps_40.0_Tau_Type_normal_anchors - INFO - Batch 1295/1692: Clean accuracy 0.6046 | Adv accuracy: 0.6046 | Counter-attack accuracy: 0.4996
2026-02-06 17:24:32,951 - ADV_Generation_eps_0.0_steps_0_Added_Noise_uniform_Eps_40.0_Tau_Type_normal_anchors - INFO - Batch 1296/1692: Clean accuracy 0.6049 | Adv accuracy: 0.6049 | Counter-attack accuracy: 0.5000
2026-02-06 17:24:33,204 - ADV_Generation_eps_0.0_steps_0_Added_Noise_uniform_Eps_40.0_Tau_Type_normal_anchors - INFO - Batch 1297/1692: Clean accuracy 0.6052 | Adv accuracy: 0.6052 | Counter-attack accuracy: 0.5004
2026-02-06 17:24:33,458 - ADV_Generation_eps_0.0_steps_0_Added_Noise_uniform_Eps_40.0_Tau_Type_normal_anchors - INFO - Batch 1298/1692: Clean accuracy 0.6055 | Adv accuracy: 0.6055 | Counter-attack accuracy: 0.5008
2026-02-06 17:24:33,712 - ADV_Generation_eps_0.0_steps_0_Added_Noise_uniform_Eps_40.0_Tau_Type_normal_anchors - INFO - Batch 1299/1692: Clean accuracy 0.6059 | Adv accuracy: 0.6059 | Counter-attack accuracy: 0.5012
2026-02-06 17:24:33,966 - ADV_Generation_eps_0.0_steps_0_Added_Noise_uniform_Eps_40.0_Tau_Type_normal_anchors - INFO - Batch 1300/1692: Clean accuracy 0.6062 | Adv accuracy: 0.6062 | Counter-attack accuracy: 0.5015
2026-02-06 17:24:34,220 - ADV_Generation_eps_0.0_steps_0_Added_Noise_uniform_Eps_40.0_Tau_Type_normal_anchors - INFO - Batch 1301/1692: Clean accuracy 0.6057 | Adv accuracy: 0.6057 | Counter-attack accuracy: 0.5012
2026-02-06 17:24:34,473 - ADV_Generation_eps_0.0_steps_0_Added_Noise_uniform_Eps_40.0_Tau_Type_normal_anchors - INFO - Batch 1302/1692: Clean accuracy 0.6060 | Adv accuracy: 0.6060 | Counter-attack accuracy: 0.5015
2026-02-06 17:24:34,727 - ADV_Generation_eps_0.0_steps_0_Added_Noise_uniform_Eps_40.0_Tau_Type_normal_anchors - INFO - Batch 1303/1692: Clean accuracy 0.6063 | Adv accuracy: 0.6063 | Counter-attack accuracy: 0.5019
2026-02-06 17:24:34,981 - ADV_Generation_eps_0.0_steps_0_Added_Noise_uniform_Eps_40.0_Tau_Type_normal_anchors - INFO - Batch 1304/1692: Clean accuracy 0.6066 | Adv accuracy: 0.6066 | Counter-attack accuracy: 0.5023
2026-02-06 17:24:35,235 - ADV_Generation_eps_0.0_steps_0_Added_Noise_uniform_Eps_40.0_Tau_Type_normal_anchors - INFO - Batch 1305/1692: Clean accuracy 0.6061 | Adv accuracy: 0.6061 | Counter-attack accuracy: 0.5019
2026-02-06 17:24:35,489 - ADV_Generation_eps_0.0_steps_0_Added_Noise_uniform_Eps_40.0_Tau_Type_normal_anchors - INFO - Batch 1306/1692: Clean accuracy 0.6057 | Adv accuracy: 0.6057 | Counter-attack accuracy: 0.5015
2026-02-06 17:24:35,742 - ADV_Generation_eps_0.0_steps_0_Added_Noise_uniform_Eps_40.0_Tau_Type_normal_anchors - INFO - Batch 1307/1692: Clean accuracy 0.6052 | Adv accuracy: 0.6052 | Counter-attack accuracy: 0.5011
2026-02-06 17:24:35,996 - ADV_Generation_eps_0.0_steps_0_Added_Noise_uniform_Eps_40.0_Tau_Type_normal_anchors - INFO - Batch 1308/1692: Clean accuracy 0.6047 | Adv accuracy: 0.6047 | Counter-attack accuracy: 0.5008
2026-02-06 17:24:36,250 - ADV_Generation_eps_0.0_steps_0_Added_Noise_uniform_Eps_40.0_Tau_Type_normal_anchors - INFO - Batch 1309/1692: Clean accuracy 0.6043 | Adv accuracy: 0.6043 | Counter-attack accuracy: 0.5004
2026-02-06 17:24:36,504 - ADV_Generation_eps_0.0_steps_0_Added_Noise_uniform_Eps_40.0_Tau_Type_normal_anchors - INFO - Batch 1310/1692: Clean accuracy 0.6038 | Adv accuracy: 0.6038 | Counter-attack accuracy: 0.5000
2026-02-06 17:24:36,758 - ADV_Generation_eps_0.0_steps_0_Added_Noise_uniform_Eps_40.0_Tau_Type_normal_anchors - INFO - Batch 1311/1692: Clean accuracy 0.6041 | Adv accuracy: 0.6041 | Counter-attack accuracy: 0.5004
2026-02-06 17:24:37,012 - ADV_Generation_eps_0.0_steps_0_Added_Noise_uniform_Eps_40.0_Tau_Type_normal_anchors - INFO - Batch 1312/1692: Clean accuracy 0.6037 | Adv accuracy: 0.6037 | Counter-attack accuracy: 0.5000
2026-02-06 17:24:37,265 - ADV_Generation_eps_0.0_steps_0_Added_Noise_uniform_Eps_40.0_Tau_Type_normal_anchors - INFO - Batch 1313/1692: Clean accuracy 0.6032 | Adv accuracy: 0.6032 | Counter-attack accuracy: 0.4996
2026-02-06 17:24:37,519 - ADV_Generation_eps_0.0_steps_0_Added_Noise_uniform_Eps_40.0_Tau_Type_normal_anchors - INFO - Batch 1314/1692: Clean accuracy 0.6035 | Adv accuracy: 0.6035 | Counter-attack accuracy: 0.4992
2026-02-06 17:24:37,773 - ADV_Generation_eps_0.0_steps_0_Added_Noise_uniform_Eps_40.0_Tau_Type_normal_anchors - INFO - Batch 1315/1692: Clean accuracy 0.6038 | Adv accuracy: 0.6038 | Counter-attack accuracy: 0.4989
2026-02-06 17:24:38,027 - ADV_Generation_eps_0.0_steps_0_Added_Noise_uniform_Eps_40.0_Tau_Type_normal_anchors - INFO - Batch 1316/1692: Clean accuracy 0.6041 | Adv accuracy: 0.6041 | Counter-attack accuracy: 0.4985
2026-02-06 17:24:38,280 - ADV_Generation_eps_0.0_steps_0_Added_Noise_uniform_Eps_40.0_Tau_Type_normal_anchors - INFO - Batch 1317/1692: Clean accuracy 0.6036 | Adv accuracy: 0.6036 | Counter-attack accuracy: 0.4989
2026-02-06 17:24:38,534 - ADV_Generation_eps_0.0_steps_0_Added_Noise_uniform_Eps_40.0_Tau_Type_normal_anchors - INFO - Batch 1318/1692: Clean accuracy 0.6032 | Adv accuracy: 0.6032 | Counter-attack accuracy: 0.4985
2026-02-06 17:24:38,788 - ADV_Generation_eps_0.0_steps_0_Added_Noise_uniform_Eps_40.0_Tau_Type_normal_anchors - INFO - Batch 1319/1692: Clean accuracy 0.6027 | Adv accuracy: 0.6027 | Counter-attack accuracy: 0.4981
2026-02-06 17:24:39,042 - ADV_Generation_eps_0.0_steps_0_Added_Noise_uniform_Eps_40.0_Tau_Type_normal_anchors - INFO - Batch 1320/1692: Clean accuracy 0.6023 | Adv accuracy: 0.6023 | Counter-attack accuracy: 0.4977
2026-02-06 17:24:39,296 - ADV_Generation_eps_0.0_steps_0_Added_Noise_uniform_Eps_40.0_Tau_Type_normal_anchors - INFO - Batch 1321/1692: Clean accuracy 0.6018 | Adv accuracy: 0.6018 | Counter-attack accuracy: 0.4974
2026-02-06 17:24:39,549 - ADV_Generation_eps_0.0_steps_0_Added_Noise_uniform_Eps_40.0_Tau_Type_normal_anchors - INFO - Batch 1322/1692: Clean accuracy 0.6021 | Adv accuracy: 0.6021 | Counter-attack accuracy: 0.4977
2026-02-06 17:24:39,803 - ADV_Generation_eps_0.0_steps_0_Added_Noise_uniform_Eps_40.0_Tau_Type_normal_anchors - INFO - Batch 1323/1692: Clean accuracy 0.6017 | Adv accuracy: 0.6017 | Counter-attack accuracy: 0.4974
2026-02-06 17:24:40,057 - ADV_Generation_eps_0.0_steps_0_Added_Noise_uniform_Eps_40.0_Tau_Type_normal_anchors - INFO - Batch 1324/1692: Clean accuracy 0.6012 | Adv accuracy: 0.6012 | Counter-attack accuracy: 0.4970
2026-02-06 17:24:40,311 - ADV_Generation_eps_0.0_steps_0_Added_Noise_uniform_Eps_40.0_Tau_Type_normal_anchors - INFO - Batch 1325/1692: Clean accuracy 0.6015 | Adv accuracy: 0.6015 | Counter-attack accuracy: 0.4974
2026-02-06 17:24:40,565 - ADV_Generation_eps_0.0_steps_0_Added_Noise_uniform_Eps_40.0_Tau_Type_normal_anchors - INFO - Batch 1326/1692: Clean accuracy 0.6011 | Adv accuracy: 0.6011 | Counter-attack accuracy: 0.4970
2026-02-06 17:24:40,819 - ADV_Generation_eps_0.0_steps_0_Added_Noise_uniform_Eps_40.0_Tau_Type_normal_anchors - INFO - Batch 1327/1692: Clean accuracy 0.6006 | Adv accuracy: 0.6006 | Counter-attack accuracy: 0.4966
2026-02-06 17:24:41,073 - ADV_Generation_eps_0.0_steps_0_Added_Noise_uniform_Eps_40.0_Tau_Type_normal_anchors - INFO - Batch 1328/1692: Clean accuracy 0.6009 | Adv accuracy: 0.6009 | Counter-attack accuracy: 0.4962
2026-02-06 17:24:41,327 - ADV_Generation_eps_0.0_steps_0_Added_Noise_uniform_Eps_40.0_Tau_Type_normal_anchors - INFO - Batch 1329/1692: Clean accuracy 0.6005 | Adv accuracy: 0.6005 | Counter-attack accuracy: 0.4959
2026-02-06 17:24:41,581 - ADV_Generation_eps_0.0_steps_0_Added_Noise_uniform_Eps_40.0_Tau_Type_normal_anchors - INFO - Batch 1330/1692: Clean accuracy 0.6008 | Adv accuracy: 0.6008 | Counter-attack accuracy: 0.4962
2026-02-06 17:24:41,835 - ADV_Generation_eps_0.0_steps_0_Added_Noise_uniform_Eps_40.0_Tau_Type_normal_anchors - INFO - Batch 1331/1692: Clean accuracy 0.6011 | Adv accuracy: 0.6011 | Counter-attack accuracy: 0.4966
2026-02-06 17:24:42,089 - ADV_Generation_eps_0.0_steps_0_Added_Noise_uniform_Eps_40.0_Tau_Type_normal_anchors - INFO - Batch 1332/1692: Clean accuracy 0.6014 | Adv accuracy: 0.6014 | Counter-attack accuracy: 0.4970
2026-02-06 17:24:42,342 - ADV_Generation_eps_0.0_steps_0_Added_Noise_uniform_Eps_40.0_Tau_Type_normal_anchors - INFO - Batch 1333/1692: Clean accuracy 0.6017 | Adv accuracy: 0.6017 | Counter-attack accuracy: 0.4974
2026-02-06 17:24:42,596 - ADV_Generation_eps_0.0_steps_0_Added_Noise_uniform_Eps_40.0_Tau_Type_normal_anchors - INFO - Batch 1334/1692: Clean accuracy 0.6012 | Adv accuracy: 0.6012 | Counter-attack accuracy: 0.4970
2026-02-06 17:24:42,850 - ADV_Generation_eps_0.0_steps_0_Added_Noise_uniform_Eps_40.0_Tau_Type_normal_anchors - INFO - Batch 1335/1692: Clean accuracy 0.6007 | Adv accuracy: 0.6007 | Counter-attack accuracy: 0.4966
2026-02-06 17:24:43,104 - ADV_Generation_eps_0.0_steps_0_Added_Noise_uniform_Eps_40.0_Tau_Type_normal_anchors - INFO - Batch 1336/1692: Clean accuracy 0.6010 | Adv accuracy: 0.6010 | Counter-attack accuracy: 0.4970
2026-02-06 17:24:43,358 - ADV_Generation_eps_0.0_steps_0_Added_Noise_uniform_Eps_40.0_Tau_Type_normal_anchors - INFO - Batch 1337/1692: Clean accuracy 0.6013 | Adv accuracy: 0.6013 | Counter-attack accuracy: 0.4974
2026-02-06 17:24:43,611 - ADV_Generation_eps_0.0_steps_0_Added_Noise_uniform_Eps_40.0_Tau_Type_normal_anchors - INFO - Batch 1338/1692: Clean accuracy 0.6016 | Adv accuracy: 0.6016 | Counter-attack accuracy: 0.4978
2026-02-06 17:24:43,865 - ADV_Generation_eps_0.0_steps_0_Added_Noise_uniform_Eps_40.0_Tau_Type_normal_anchors - INFO - Batch 1339/1692: Clean accuracy 0.6019 | Adv accuracy: 0.6019 | Counter-attack accuracy: 0.4981
2026-02-06 17:24:44,119 - ADV_Generation_eps_0.0_steps_0_Added_Noise_uniform_Eps_40.0_Tau_Type_normal_anchors - INFO - Batch 1340/1692: Clean accuracy 0.6022 | Adv accuracy: 0.6022 | Counter-attack accuracy: 0.4978
2026-02-06 17:24:44,373 - ADV_Generation_eps_0.0_steps_0_Added_Noise_uniform_Eps_40.0_Tau_Type_normal_anchors - INFO - Batch 1341/1692: Clean accuracy 0.6018 | Adv accuracy: 0.6018 | Counter-attack accuracy: 0.4974
2026-02-06 17:24:44,626 - ADV_Generation_eps_0.0_steps_0_Added_Noise_uniform_Eps_40.0_Tau_Type_normal_anchors - INFO - Batch 1342/1692: Clean accuracy 0.6021 | Adv accuracy: 0.6021 | Counter-attack accuracy: 0.4970
2026-02-06 17:24:44,880 - ADV_Generation_eps_0.0_steps_0_Added_Noise_uniform_Eps_40.0_Tau_Type_normal_anchors - INFO - Batch 1343/1692: Clean accuracy 0.6024 | Adv accuracy: 0.6024 | Counter-attack accuracy: 0.4966
2026-02-06 17:24:45,134 - ADV_Generation_eps_0.0_steps_0_Added_Noise_uniform_Eps_40.0_Tau_Type_normal_anchors - INFO - Batch 1344/1692: Clean accuracy 0.6027 | Adv accuracy: 0.6027 | Counter-attack accuracy: 0.4970
2026-02-06 17:24:45,388 - ADV_Generation_eps_0.0_steps_0_Added_Noise_uniform_Eps_40.0_Tau_Type_normal_anchors - INFO - Batch 1345/1692: Clean accuracy 0.6030 | Adv accuracy: 0.6030 | Counter-attack accuracy: 0.4974
2026-02-06 17:24:45,642 - ADV_Generation_eps_0.0_steps_0_Added_Noise_uniform_Eps_40.0_Tau_Type_normal_anchors - INFO - Batch 1346/1692: Clean accuracy 0.6025 | Adv accuracy: 0.6025 | Counter-attack accuracy: 0.4970
2026-02-06 17:24:45,895 - ADV_Generation_eps_0.0_steps_0_Added_Noise_uniform_Eps_40.0_Tau_Type_normal_anchors - INFO - Batch 1347/1692: Clean accuracy 0.6021 | Adv accuracy: 0.6021 | Counter-attack accuracy: 0.4967
2026-02-06 17:24:46,149 - ADV_Generation_eps_0.0_steps_0_Added_Noise_uniform_Eps_40.0_Tau_Type_normal_anchors - INFO - Batch 1348/1692: Clean accuracy 0.6016 | Adv accuracy: 0.6016 | Counter-attack accuracy: 0.4963
2026-02-06 17:24:46,403 - ADV_Generation_eps_0.0_steps_0_Added_Noise_uniform_Eps_40.0_Tau_Type_normal_anchors - INFO - Batch 1349/1692: Clean accuracy 0.6019 | Adv accuracy: 0.6019 | Counter-attack accuracy: 0.4959
2026-02-06 17:24:46,657 - ADV_Generation_eps_0.0_steps_0_Added_Noise_uniform_Eps_40.0_Tau_Type_normal_anchors - INFO - Batch 1350/1692: Clean accuracy 0.6022 | Adv accuracy: 0.6022 | Counter-attack accuracy: 0.4963
2026-02-06 17:24:46,910 - ADV_Generation_eps_0.0_steps_0_Added_Noise_uniform_Eps_40.0_Tau_Type_normal_anchors - INFO - Batch 1351/1692: Clean accuracy 0.6018 | Adv accuracy: 0.6018 | Counter-attack accuracy: 0.4959
2026-02-06 17:24:47,164 - ADV_Generation_eps_0.0_steps_0_Added_Noise_uniform_Eps_40.0_Tau_Type_normal_anchors - INFO - Batch 1352/1692: Clean accuracy 0.6013 | Adv accuracy: 0.6013 | Counter-attack accuracy: 0.4956
2026-02-06 17:24:47,418 - ADV_Generation_eps_0.0_steps_0_Added_Noise_uniform_Eps_40.0_Tau_Type_normal_anchors - INFO - Batch 1353/1692: Clean accuracy 0.6009 | Adv accuracy: 0.6009 | Counter-attack accuracy: 0.4959
2026-02-06 17:24:47,672 - ADV_Generation_eps_0.0_steps_0_Added_Noise_uniform_Eps_40.0_Tau_Type_normal_anchors - INFO - Batch 1354/1692: Clean accuracy 0.6004 | Adv accuracy: 0.6004 | Counter-attack accuracy: 0.4956
2026-02-06 17:24:47,925 - ADV_Generation_eps_0.0_steps_0_Added_Noise_uniform_Eps_40.0_Tau_Type_normal_anchors - INFO - Batch 1355/1692: Clean accuracy 0.6007 | Adv accuracy: 0.6007 | Counter-attack accuracy: 0.4959
2026-02-06 17:24:48,179 - ADV_Generation_eps_0.0_steps_0_Added_Noise_uniform_Eps_40.0_Tau_Type_normal_anchors - INFO - Batch 1356/1692: Clean accuracy 0.6010 | Adv accuracy: 0.6010 | Counter-attack accuracy: 0.4963
2026-02-06 17:24:48,433 - ADV_Generation_eps_0.0_steps_0_Added_Noise_uniform_Eps_40.0_Tau_Type_normal_anchors - INFO - Batch 1357/1692: Clean accuracy 0.6006 | Adv accuracy: 0.6006 | Counter-attack accuracy: 0.4967
2026-02-06 17:24:48,687 - ADV_Generation_eps_0.0_steps_0_Added_Noise_uniform_Eps_40.0_Tau_Type_normal_anchors - INFO - Batch 1358/1692: Clean accuracy 0.6001 | Adv accuracy: 0.6001 | Counter-attack accuracy: 0.4963
2026-02-06 17:24:48,941 - ADV_Generation_eps_0.0_steps_0_Added_Noise_uniform_Eps_40.0_Tau_Type_normal_anchors - INFO - Batch 1359/1692: Clean accuracy 0.5997 | Adv accuracy: 0.5997 | Counter-attack accuracy: 0.4960
2026-02-06 17:24:49,194 - ADV_Generation_eps_0.0_steps_0_Added_Noise_uniform_Eps_40.0_Tau_Type_normal_anchors - INFO - Batch 1360/1692: Clean accuracy 0.5993 | Adv accuracy: 0.5993 | Counter-attack accuracy: 0.4956
2026-02-06 17:24:49,448 - ADV_Generation_eps_0.0_steps_0_Added_Noise_uniform_Eps_40.0_Tau_Type_normal_anchors - INFO - Batch 1361/1692: Clean accuracy 0.5988 | Adv accuracy: 0.5988 | Counter-attack accuracy: 0.4952
2026-02-06 17:24:49,702 - ADV_Generation_eps_0.0_steps_0_Added_Noise_uniform_Eps_40.0_Tau_Type_normal_anchors - INFO - Batch 1362/1692: Clean accuracy 0.5984 | Adv accuracy: 0.5984 | Counter-attack accuracy: 0.4949
2026-02-06 17:24:49,956 - ADV_Generation_eps_0.0_steps_0_Added_Noise_uniform_Eps_40.0_Tau_Type_normal_anchors - INFO - Batch 1363/1692: Clean accuracy 0.5987 | Adv accuracy: 0.5987 | Counter-attack accuracy: 0.4945
2026-02-06 17:24:50,209 - ADV_Generation_eps_0.0_steps_0_Added_Noise_uniform_Eps_40.0_Tau_Type_normal_anchors - INFO - Batch 1364/1692: Clean accuracy 0.5982 | Adv accuracy: 0.5982 | Counter-attack accuracy: 0.4949
2026-02-06 17:24:50,463 - ADV_Generation_eps_0.0_steps_0_Added_Noise_uniform_Eps_40.0_Tau_Type_normal_anchors - INFO - Batch 1365/1692: Clean accuracy 0.5978 | Adv accuracy: 0.5978 | Counter-attack accuracy: 0.4952
2026-02-06 17:24:50,717 - ADV_Generation_eps_0.0_steps_0_Added_Noise_uniform_Eps_40.0_Tau_Type_normal_anchors - INFO - Batch 1366/1692: Clean accuracy 0.5981 | Adv accuracy: 0.5981 | Counter-attack accuracy: 0.4949
2026-02-06 17:24:50,971 - ADV_Generation_eps_0.0_steps_0_Added_Noise_uniform_Eps_40.0_Tau_Type_normal_anchors - INFO - Batch 1367/1692: Clean accuracy 0.5977 | Adv accuracy: 0.5977 | Counter-attack accuracy: 0.4945
2026-02-06 17:24:51,224 - ADV_Generation_eps_0.0_steps_0_Added_Noise_uniform_Eps_40.0_Tau_Type_normal_anchors - INFO - Batch 1368/1692: Clean accuracy 0.5980 | Adv accuracy: 0.5980 | Counter-attack accuracy: 0.4949
2026-02-06 17:24:51,478 - ADV_Generation_eps_0.0_steps_0_Added_Noise_uniform_Eps_40.0_Tau_Type_normal_anchors - INFO - Batch 1369/1692: Clean accuracy 0.5982 | Adv accuracy: 0.5982 | Counter-attack accuracy: 0.4953
2026-02-06 17:24:51,732 - ADV_Generation_eps_0.0_steps_0_Added_Noise_uniform_Eps_40.0_Tau_Type_normal_anchors - INFO - Batch 1370/1692: Clean accuracy 0.5978 | Adv accuracy: 0.5978 | Counter-attack accuracy: 0.4956
2026-02-06 17:24:51,986 - ADV_Generation_eps_0.0_steps_0_Added_Noise_uniform_Eps_40.0_Tau_Type_normal_anchors - INFO - Batch 1371/1692: Clean accuracy 0.5981 | Adv accuracy: 0.5981 | Counter-attack accuracy: 0.4960
2026-02-06 17:24:52,240 - ADV_Generation_eps_0.0_steps_0_Added_Noise_uniform_Eps_40.0_Tau_Type_normal_anchors - INFO - Batch 1372/1692: Clean accuracy 0.5977 | Adv accuracy: 0.5977 | Counter-attack accuracy: 0.4956
2026-02-06 17:24:52,493 - ADV_Generation_eps_0.0_steps_0_Added_Noise_uniform_Eps_40.0_Tau_Type_normal_anchors - INFO - Batch 1373/1692: Clean accuracy 0.5980 | Adv accuracy: 0.5980 | Counter-attack accuracy: 0.4960
2026-02-06 17:24:52,747 - ADV_Generation_eps_0.0_steps_0_Added_Noise_uniform_Eps_40.0_Tau_Type_normal_anchors - INFO - Batch 1374/1692: Clean accuracy 0.5983 | Adv accuracy: 0.5983 | Counter-attack accuracy: 0.4964
2026-02-06 17:24:53,001 - ADV_Generation_eps_0.0_steps_0_Added_Noise_uniform_Eps_40.0_Tau_Type_normal_anchors - INFO - Batch 1375/1692: Clean accuracy 0.5985 | Adv accuracy: 0.5985 | Counter-attack accuracy: 0.4967
2026-02-06 17:24:53,255 - ADV_Generation_eps_0.0_steps_0_Added_Noise_uniform_Eps_40.0_Tau_Type_normal_anchors - INFO - Batch 1376/1692: Clean accuracy 0.5988 | Adv accuracy: 0.5988 | Counter-attack accuracy: 0.4964
2026-02-06 17:24:53,508 - ADV_Generation_eps_0.0_steps_0_Added_Noise_uniform_Eps_40.0_Tau_Type_normal_anchors - INFO - Batch 1377/1692: Clean accuracy 0.5991 | Adv accuracy: 0.5991 | Counter-attack accuracy: 0.4967
2026-02-06 17:24:53,762 - ADV_Generation_eps_0.0_steps_0_Added_Noise_uniform_Eps_40.0_Tau_Type_normal_anchors - INFO - Batch 1378/1692: Clean accuracy 0.5994 | Adv accuracy: 0.5994 | Counter-attack accuracy: 0.4971
2026-02-06 17:24:54,016 - ADV_Generation_eps_0.0_steps_0_Added_Noise_uniform_Eps_40.0_Tau_Type_normal_anchors - INFO - Batch 1379/1692: Clean accuracy 0.5997 | Adv accuracy: 0.5997 | Counter-attack accuracy: 0.4975
2026-02-06 17:24:54,270 - ADV_Generation_eps_0.0_steps_0_Added_Noise_uniform_Eps_40.0_Tau_Type_normal_anchors - INFO - Batch 1380/1692: Clean accuracy 0.6000 | Adv accuracy: 0.6000 | Counter-attack accuracy: 0.4971
2026-02-06 17:24:54,524 - ADV_Generation_eps_0.0_steps_0_Added_Noise_uniform_Eps_40.0_Tau_Type_normal_anchors - INFO - Batch 1381/1692: Clean accuracy 0.6003 | Adv accuracy: 0.6003 | Counter-attack accuracy: 0.4975
2026-02-06 17:24:54,778 - ADV_Generation_eps_0.0_steps_0_Added_Noise_uniform_Eps_40.0_Tau_Type_normal_anchors - INFO - Batch 1382/1692: Clean accuracy 0.5999 | Adv accuracy: 0.5999 | Counter-attack accuracy: 0.4978
2026-02-06 17:24:55,032 - ADV_Generation_eps_0.0_steps_0_Added_Noise_uniform_Eps_40.0_Tau_Type_normal_anchors - INFO - Batch 1383/1692: Clean accuracy 0.6001 | Adv accuracy: 0.6001 | Counter-attack accuracy: 0.4982
2026-02-06 17:24:55,286 - ADV_Generation_eps_0.0_steps_0_Added_Noise_uniform_Eps_40.0_Tau_Type_normal_anchors - INFO - Batch 1384/1692: Clean accuracy 0.6004 | Adv accuracy: 0.6004 | Counter-attack accuracy: 0.4986
2026-02-06 17:24:55,540 - ADV_Generation_eps_0.0_steps_0_Added_Noise_uniform_Eps_40.0_Tau_Type_normal_anchors - INFO - Batch 1385/1692: Clean accuracy 0.6007 | Adv accuracy: 0.6007 | Counter-attack accuracy: 0.4989
2026-02-06 17:24:55,794 - ADV_Generation_eps_0.0_steps_0_Added_Noise_uniform_Eps_40.0_Tau_Type_normal_anchors - INFO - Batch 1386/1692: Clean accuracy 0.6010 | Adv accuracy: 0.6010 | Counter-attack accuracy: 0.4993
2026-02-06 17:24:56,048 - ADV_Generation_eps_0.0_steps_0_Added_Noise_uniform_Eps_40.0_Tau_Type_normal_anchors - INFO - Batch 1387/1692: Clean accuracy 0.6013 | Adv accuracy: 0.6013 | Counter-attack accuracy: 0.4996
2026-02-06 17:24:56,302 - ADV_Generation_eps_0.0_steps_0_Added_Noise_uniform_Eps_40.0_Tau_Type_normal_anchors - INFO - Batch 1388/1692: Clean accuracy 0.6016 | Adv accuracy: 0.6016 | Counter-attack accuracy: 0.5000
2026-02-06 17:24:56,556 - ADV_Generation_eps_0.0_steps_0_Added_Noise_uniform_Eps_40.0_Tau_Type_normal_anchors - INFO - Batch 1389/1692: Clean accuracy 0.6019 | Adv accuracy: 0.6019 | Counter-attack accuracy: 0.5004
2026-02-06 17:24:56,809 - ADV_Generation_eps_0.0_steps_0_Added_Noise_uniform_Eps_40.0_Tau_Type_normal_anchors - INFO - Batch 1390/1692: Clean accuracy 0.6022 | Adv accuracy: 0.6022 | Counter-attack accuracy: 0.5007
2026-02-06 17:24:57,063 - ADV_Generation_eps_0.0_steps_0_Added_Noise_uniform_Eps_40.0_Tau_Type_normal_anchors - INFO - Batch 1391/1692: Clean accuracy 0.6024 | Adv accuracy: 0.6024 | Counter-attack accuracy: 0.5011
2026-02-06 17:24:57,317 - ADV_Generation_eps_0.0_steps_0_Added_Noise_uniform_Eps_40.0_Tau_Type_normal_anchors - INFO - Batch 1392/1692: Clean accuracy 0.6027 | Adv accuracy: 0.6027 | Counter-attack accuracy: 0.5014
2026-02-06 17:24:57,571 - ADV_Generation_eps_0.0_steps_0_Added_Noise_uniform_Eps_40.0_Tau_Type_normal_anchors - INFO - Batch 1393/1692: Clean accuracy 0.6023 | Adv accuracy: 0.6023 | Counter-attack accuracy: 0.5011
2026-02-06 17:24:57,825 - ADV_Generation_eps_0.0_steps_0_Added_Noise_uniform_Eps_40.0_Tau_Type_normal_anchors - INFO - Batch 1394/1692: Clean accuracy 0.6026 | Adv accuracy: 0.6026 | Counter-attack accuracy: 0.5014
2026-02-06 17:24:58,079 - ADV_Generation_eps_0.0_steps_0_Added_Noise_uniform_Eps_40.0_Tau_Type_normal_anchors - INFO - Batch 1395/1692: Clean accuracy 0.6022 | Adv accuracy: 0.6022 | Counter-attack accuracy: 0.5011
2026-02-06 17:24:58,332 - ADV_Generation_eps_0.0_steps_0_Added_Noise_uniform_Eps_40.0_Tau_Type_normal_anchors - INFO - Batch 1396/1692: Clean accuracy 0.6024 | Adv accuracy: 0.6024 | Counter-attack accuracy: 0.5014
2026-02-06 17:24:58,586 - ADV_Generation_eps_0.0_steps_0_Added_Noise_uniform_Eps_40.0_Tau_Type_normal_anchors - INFO - Batch 1397/1692: Clean accuracy 0.6027 | Adv accuracy: 0.6027 | Counter-attack accuracy: 0.5018
2026-02-06 17:24:58,840 - ADV_Generation_eps_0.0_steps_0_Added_Noise_uniform_Eps_40.0_Tau_Type_normal_anchors - INFO - Batch 1398/1692: Clean accuracy 0.6030 | Adv accuracy: 0.6030 | Counter-attack accuracy: 0.5021
2026-02-06 17:24:59,094 - ADV_Generation_eps_0.0_steps_0_Added_Noise_uniform_Eps_40.0_Tau_Type_normal_anchors - INFO - Batch 1399/1692: Clean accuracy 0.6033 | Adv accuracy: 0.6033 | Counter-attack accuracy: 0.5025
2026-02-06 17:24:59,347 - ADV_Generation_eps_0.0_steps_0_Added_Noise_uniform_Eps_40.0_Tau_Type_normal_anchors - INFO - Batch 1400/1692: Clean accuracy 0.6036 | Adv accuracy: 0.6036 | Counter-attack accuracy: 0.5029
2026-02-06 17:24:59,601 - ADV_Generation_eps_0.0_steps_0_Added_Noise_uniform_Eps_40.0_Tau_Type_normal_anchors - INFO - Batch 1401/1692: Clean accuracy 0.6039 | Adv accuracy: 0.6039 | Counter-attack accuracy: 0.5032
2026-02-06 17:24:59,855 - ADV_Generation_eps_0.0_steps_0_Added_Noise_uniform_Eps_40.0_Tau_Type_normal_anchors - INFO - Batch 1402/1692: Clean accuracy 0.6041 | Adv accuracy: 0.6041 | Counter-attack accuracy: 0.5036
2026-02-06 17:25:00,109 - ADV_Generation_eps_0.0_steps_0_Added_Noise_uniform_Eps_40.0_Tau_Type_normal_anchors - INFO - Batch 1403/1692: Clean accuracy 0.6037 | Adv accuracy: 0.6037 | Counter-attack accuracy: 0.5039
2026-02-06 17:25:00,363 - ADV_Generation_eps_0.0_steps_0_Added_Noise_uniform_Eps_40.0_Tau_Type_normal_anchors - INFO - Batch 1404/1692: Clean accuracy 0.6033 | Adv accuracy: 0.6033 | Counter-attack accuracy: 0.5043
2026-02-06 17:25:00,616 - ADV_Generation_eps_0.0_steps_0_Added_Noise_uniform_Eps_40.0_Tau_Type_normal_anchors - INFO - Batch 1405/1692: Clean accuracy 0.6028 | Adv accuracy: 0.6028 | Counter-attack accuracy: 0.5039
2026-02-06 17:25:00,870 - ADV_Generation_eps_0.0_steps_0_Added_Noise_uniform_Eps_40.0_Tau_Type_normal_anchors - INFO - Batch 1406/1692: Clean accuracy 0.6024 | Adv accuracy: 0.6024 | Counter-attack accuracy: 0.5036
2026-02-06 17:25:01,124 - ADV_Generation_eps_0.0_steps_0_Added_Noise_uniform_Eps_40.0_Tau_Type_normal_anchors - INFO - Batch 1407/1692: Clean accuracy 0.6027 | Adv accuracy: 0.6027 | Counter-attack accuracy: 0.5032
2026-02-06 17:25:01,378 - ADV_Generation_eps_0.0_steps_0_Added_Noise_uniform_Eps_40.0_Tau_Type_normal_anchors - INFO - Batch 1408/1692: Clean accuracy 0.6030 | Adv accuracy: 0.6030 | Counter-attack accuracy: 0.5036
2026-02-06 17:25:01,631 - ADV_Generation_eps_0.0_steps_0_Added_Noise_uniform_Eps_40.0_Tau_Type_normal_anchors - INFO - Batch 1409/1692: Clean accuracy 0.6033 | Adv accuracy: 0.6033 | Counter-attack accuracy: 0.5039
2026-02-06 17:25:01,885 - ADV_Generation_eps_0.0_steps_0_Added_Noise_uniform_Eps_40.0_Tau_Type_normal_anchors - INFO - Batch 1410/1692: Clean accuracy 0.6035 | Adv accuracy: 0.6035 | Counter-attack accuracy: 0.5043
2026-02-06 17:25:02,139 - ADV_Generation_eps_0.0_steps_0_Added_Noise_uniform_Eps_40.0_Tau_Type_normal_anchors - INFO - Batch 1411/1692: Clean accuracy 0.6038 | Adv accuracy: 0.6038 | Counter-attack accuracy: 0.5039
2026-02-06 17:25:02,392 - ADV_Generation_eps_0.0_steps_0_Added_Noise_uniform_Eps_40.0_Tau_Type_normal_anchors - INFO - Batch 1412/1692: Clean accuracy 0.6041 | Adv accuracy: 0.6041 | Counter-attack accuracy: 0.5042
2026-02-06 17:25:02,646 - ADV_Generation_eps_0.0_steps_0_Added_Noise_uniform_Eps_40.0_Tau_Type_normal_anchors - INFO - Batch 1413/1692: Clean accuracy 0.6044 | Adv accuracy: 0.6044 | Counter-attack accuracy: 0.5039
2026-02-06 17:25:02,900 - ADV_Generation_eps_0.0_steps_0_Added_Noise_uniform_Eps_40.0_Tau_Type_normal_anchors - INFO - Batch 1414/1692: Clean accuracy 0.6047 | Adv accuracy: 0.6047 | Counter-attack accuracy: 0.5042
2026-02-06 17:25:03,154 - ADV_Generation_eps_0.0_steps_0_Added_Noise_uniform_Eps_40.0_Tau_Type_normal_anchors - INFO - Batch 1415/1692: Clean accuracy 0.6049 | Adv accuracy: 0.6049 | Counter-attack accuracy: 0.5046
2026-02-06 17:25:03,408 - ADV_Generation_eps_0.0_steps_0_Added_Noise_uniform_Eps_40.0_Tau_Type_normal_anchors - INFO - Batch 1416/1692: Clean accuracy 0.6052 | Adv accuracy: 0.6052 | Counter-attack accuracy: 0.5049
2026-02-06 17:25:03,661 - ADV_Generation_eps_0.0_steps_0_Added_Noise_uniform_Eps_40.0_Tau_Type_normal_anchors - INFO - Batch 1417/1692: Clean accuracy 0.6048 | Adv accuracy: 0.6048 | Counter-attack accuracy: 0.5046
2026-02-06 17:25:03,915 - ADV_Generation_eps_0.0_steps_0_Added_Noise_uniform_Eps_40.0_Tau_Type_normal_anchors - INFO - Batch 1418/1692: Clean accuracy 0.6051 | Adv accuracy: 0.6051 | Counter-attack accuracy: 0.5049
2026-02-06 17:25:04,169 - ADV_Generation_eps_0.0_steps_0_Added_Noise_uniform_Eps_40.0_Tau_Type_normal_anchors - INFO - Batch 1419/1692: Clean accuracy 0.6054 | Adv accuracy: 0.6054 | Counter-attack accuracy: 0.5053
2026-02-06 17:25:04,423 - ADV_Generation_eps_0.0_steps_0_Added_Noise_uniform_Eps_40.0_Tau_Type_normal_anchors - INFO - Batch 1420/1692: Clean accuracy 0.6056 | Adv accuracy: 0.6056 | Counter-attack accuracy: 0.5049
2026-02-06 17:25:04,676 - ADV_Generation_eps_0.0_steps_0_Added_Noise_uniform_Eps_40.0_Tau_Type_normal_anchors - INFO - Batch 1421/1692: Clean accuracy 0.6052 | Adv accuracy: 0.6052 | Counter-attack accuracy: 0.5046
2026-02-06 17:25:04,930 - ADV_Generation_eps_0.0_steps_0_Added_Noise_uniform_Eps_40.0_Tau_Type_normal_anchors - INFO - Batch 1422/1692: Clean accuracy 0.6055 | Adv accuracy: 0.6055 | Counter-attack accuracy: 0.5049
2026-02-06 17:25:05,184 - ADV_Generation_eps_0.0_steps_0_Added_Noise_uniform_Eps_40.0_Tau_Type_normal_anchors - INFO - Batch 1423/1692: Clean accuracy 0.6058 | Adv accuracy: 0.6058 | Counter-attack accuracy: 0.5053
2026-02-06 17:25:05,438 - ADV_Generation_eps_0.0_steps_0_Added_Noise_uniform_Eps_40.0_Tau_Type_normal_anchors - INFO - Batch 1424/1692: Clean accuracy 0.6060 | Adv accuracy: 0.6060 | Counter-attack accuracy: 0.5056
2026-02-06 17:25:05,691 - ADV_Generation_eps_0.0_steps_0_Added_Noise_uniform_Eps_40.0_Tau_Type_normal_anchors - INFO - Batch 1425/1692: Clean accuracy 0.6063 | Adv accuracy: 0.6063 | Counter-attack accuracy: 0.5060
2026-02-06 17:25:05,945 - ADV_Generation_eps_0.0_steps_0_Added_Noise_uniform_Eps_40.0_Tau_Type_normal_anchors - INFO - Batch 1426/1692: Clean accuracy 0.6066 | Adv accuracy: 0.6066 | Counter-attack accuracy: 0.5063
2026-02-06 17:25:06,199 - ADV_Generation_eps_0.0_steps_0_Added_Noise_uniform_Eps_40.0_Tau_Type_normal_anchors - INFO - Batch 1427/1692: Clean accuracy 0.6069 | Adv accuracy: 0.6069 | Counter-attack accuracy: 0.5067
2026-02-06 17:25:06,453 - ADV_Generation_eps_0.0_steps_0_Added_Noise_uniform_Eps_40.0_Tau_Type_normal_anchors - INFO - Batch 1428/1692: Clean accuracy 0.6071 | Adv accuracy: 0.6071 | Counter-attack accuracy: 0.5070
2026-02-06 17:25:06,706 - ADV_Generation_eps_0.0_steps_0_Added_Noise_uniform_Eps_40.0_Tau_Type_normal_anchors - INFO - Batch 1429/1692: Clean accuracy 0.6074 | Adv accuracy: 0.6074 | Counter-attack accuracy: 0.5073
2026-02-06 17:25:06,960 - ADV_Generation_eps_0.0_steps_0_Added_Noise_uniform_Eps_40.0_Tau_Type_normal_anchors - INFO - Batch 1430/1692: Clean accuracy 0.6077 | Adv accuracy: 0.6077 | Counter-attack accuracy: 0.5077
2026-02-06 17:25:07,214 - ADV_Generation_eps_0.0_steps_0_Added_Noise_uniform_Eps_40.0_Tau_Type_normal_anchors - INFO - Batch 1431/1692: Clean accuracy 0.6080 | Adv accuracy: 0.6080 | Counter-attack accuracy: 0.5080
2026-02-06 17:25:07,468 - ADV_Generation_eps_0.0_steps_0_Added_Noise_uniform_Eps_40.0_Tau_Type_normal_anchors - INFO - Batch 1432/1692: Clean accuracy 0.6082 | Adv accuracy: 0.6082 | Counter-attack accuracy: 0.5084
2026-02-06 17:25:07,722 - ADV_Generation_eps_0.0_steps_0_Added_Noise_uniform_Eps_40.0_Tau_Type_normal_anchors - INFO - Batch 1433/1692: Clean accuracy 0.6085 | Adv accuracy: 0.6085 | Counter-attack accuracy: 0.5087
2026-02-06 17:25:07,975 - ADV_Generation_eps_0.0_steps_0_Added_Noise_uniform_Eps_40.0_Tau_Type_normal_anchors - INFO - Batch 1434/1692: Clean accuracy 0.6088 | Adv accuracy: 0.6088 | Counter-attack accuracy: 0.5091
2026-02-06 17:25:08,229 - ADV_Generation_eps_0.0_steps_0_Added_Noise_uniform_Eps_40.0_Tau_Type_normal_anchors - INFO - Batch 1435/1692: Clean accuracy 0.6091 | Adv accuracy: 0.6091 | Counter-attack accuracy: 0.5087
2026-02-06 17:25:08,483 - ADV_Generation_eps_0.0_steps_0_Added_Noise_uniform_Eps_40.0_Tau_Type_normal_anchors - INFO - Batch 1436/1692: Clean accuracy 0.6093 | Adv accuracy: 0.6093 | Counter-attack accuracy: 0.5091
2026-02-06 17:25:08,737 - ADV_Generation_eps_0.0_steps_0_Added_Noise_uniform_Eps_40.0_Tau_Type_normal_anchors - INFO - Batch 1437/1692: Clean accuracy 0.6096 | Adv accuracy: 0.6096 | Counter-attack accuracy: 0.5094
2026-02-06 17:25:08,991 - ADV_Generation_eps_0.0_steps_0_Added_Noise_uniform_Eps_40.0_Tau_Type_normal_anchors - INFO - Batch 1438/1692: Clean accuracy 0.6099 | Adv accuracy: 0.6099 | Counter-attack accuracy: 0.5097
2026-02-06 17:25:09,244 - ADV_Generation_eps_0.0_steps_0_Added_Noise_uniform_Eps_40.0_Tau_Type_normal_anchors - INFO - Batch 1439/1692: Clean accuracy 0.6101 | Adv accuracy: 0.6101 | Counter-attack accuracy: 0.5101
2026-02-06 17:25:09,498 - ADV_Generation_eps_0.0_steps_0_Added_Noise_uniform_Eps_40.0_Tau_Type_normal_anchors - INFO - Batch 1440/1692: Clean accuracy 0.6104 | Adv accuracy: 0.6104 | Counter-attack accuracy: 0.5104
2026-02-06 17:25:09,752 - ADV_Generation_eps_0.0_steps_0_Added_Noise_uniform_Eps_40.0_Tau_Type_normal_anchors - INFO - Batch 1441/1692: Clean accuracy 0.6107 | Adv accuracy: 0.6107 | Counter-attack accuracy: 0.5108
2026-02-06 17:25:10,006 - ADV_Generation_eps_0.0_steps_0_Added_Noise_uniform_Eps_40.0_Tau_Type_normal_anchors - INFO - Batch 1442/1692: Clean accuracy 0.6110 | Adv accuracy: 0.6110 | Counter-attack accuracy: 0.5111
2026-02-06 17:25:10,260 - ADV_Generation_eps_0.0_steps_0_Added_Noise_uniform_Eps_40.0_Tau_Type_normal_anchors - INFO - Batch 1443/1692: Clean accuracy 0.6112 | Adv accuracy: 0.6112 | Counter-attack accuracy: 0.5107
2026-02-06 17:25:10,514 - ADV_Generation_eps_0.0_steps_0_Added_Noise_uniform_Eps_40.0_Tau_Type_normal_anchors - INFO - Batch 1444/1692: Clean accuracy 0.6115 | Adv accuracy: 0.6115 | Counter-attack accuracy: 0.5111
2026-02-06 17:25:10,768 - ADV_Generation_eps_0.0_steps_0_Added_Noise_uniform_Eps_40.0_Tau_Type_normal_anchors - INFO - Batch 1445/1692: Clean accuracy 0.6118 | Adv accuracy: 0.6118 | Counter-attack accuracy: 0.5114
2026-02-06 17:25:11,022 - ADV_Generation_eps_0.0_steps_0_Added_Noise_uniform_Eps_40.0_Tau_Type_normal_anchors - INFO - Batch 1446/1692: Clean accuracy 0.6120 | Adv accuracy: 0.6120 | Counter-attack accuracy: 0.5118
2026-02-06 17:25:11,276 - ADV_Generation_eps_0.0_steps_0_Added_Noise_uniform_Eps_40.0_Tau_Type_normal_anchors - INFO - Batch 1447/1692: Clean accuracy 0.6123 | Adv accuracy: 0.6123 | Counter-attack accuracy: 0.5121
2026-02-06 17:25:11,529 - ADV_Generation_eps_0.0_steps_0_Added_Noise_uniform_Eps_40.0_Tau_Type_normal_anchors - INFO - Batch 1448/1692: Clean accuracy 0.6126 | Adv accuracy: 0.6126 | Counter-attack accuracy: 0.5124
2026-02-06 17:25:11,783 - ADV_Generation_eps_0.0_steps_0_Added_Noise_uniform_Eps_40.0_Tau_Type_normal_anchors - INFO - Batch 1449/1692: Clean accuracy 0.6128 | Adv accuracy: 0.6128 | Counter-attack accuracy: 0.5128
2026-02-06 17:25:12,037 - ADV_Generation_eps_0.0_steps_0_Added_Noise_uniform_Eps_40.0_Tau_Type_normal_anchors - INFO - Batch 1450/1692: Clean accuracy 0.6124 | Adv accuracy: 0.6124 | Counter-attack accuracy: 0.5124
2026-02-06 17:25:12,291 - ADV_Generation_eps_0.0_steps_0_Added_Noise_uniform_Eps_40.0_Tau_Type_normal_anchors - INFO - Batch 1451/1692: Clean accuracy 0.6127 | Adv accuracy: 0.6127 | Counter-attack accuracy: 0.5127
2026-02-06 17:25:12,545 - ADV_Generation_eps_0.0_steps_0_Added_Noise_uniform_Eps_40.0_Tau_Type_normal_anchors - INFO - Batch 1452/1692: Clean accuracy 0.6129 | Adv accuracy: 0.6129 | Counter-attack accuracy: 0.5124
2026-02-06 17:25:12,798 - ADV_Generation_eps_0.0_steps_0_Added_Noise_uniform_Eps_40.0_Tau_Type_normal_anchors - INFO - Batch 1453/1692: Clean accuracy 0.6132 | Adv accuracy: 0.6132 | Counter-attack accuracy: 0.5127
2026-02-06 17:25:13,052 - ADV_Generation_eps_0.0_steps_0_Added_Noise_uniform_Eps_40.0_Tau_Type_normal_anchors - INFO - Batch 1454/1692: Clean accuracy 0.6135 | Adv accuracy: 0.6135 | Counter-attack accuracy: 0.5131
2026-02-06 17:25:13,306 - ADV_Generation_eps_0.0_steps_0_Added_Noise_uniform_Eps_40.0_Tau_Type_normal_anchors - INFO - Batch 1455/1692: Clean accuracy 0.6137 | Adv accuracy: 0.6137 | Counter-attack accuracy: 0.5134
2026-02-06 17:25:13,560 - ADV_Generation_eps_0.0_steps_0_Added_Noise_uniform_Eps_40.0_Tau_Type_normal_anchors - INFO - Batch 1456/1692: Clean accuracy 0.6140 | Adv accuracy: 0.6140 | Counter-attack accuracy: 0.5130
2026-02-06 17:25:13,813 - ADV_Generation_eps_0.0_steps_0_Added_Noise_uniform_Eps_40.0_Tau_Type_normal_anchors - INFO - Batch 1457/1692: Clean accuracy 0.6143 | Adv accuracy: 0.6143 | Counter-attack accuracy: 0.5134
2026-02-06 17:25:14,067 - ADV_Generation_eps_0.0_steps_0_Added_Noise_uniform_Eps_40.0_Tau_Type_normal_anchors - INFO - Batch 1458/1692: Clean accuracy 0.6145 | Adv accuracy: 0.6145 | Counter-attack accuracy: 0.5137
2026-02-06 17:25:14,321 - ADV_Generation_eps_0.0_steps_0_Added_Noise_uniform_Eps_40.0_Tau_Type_normal_anchors - INFO - Batch 1459/1692: Clean accuracy 0.6148 | Adv accuracy: 0.6148 | Counter-attack accuracy: 0.5141
2026-02-06 17:25:14,575 - ADV_Generation_eps_0.0_steps_0_Added_Noise_uniform_Eps_40.0_Tau_Type_normal_anchors - INFO - Batch 1460/1692: Clean accuracy 0.6151 | Adv accuracy: 0.6151 | Counter-attack accuracy: 0.5137
2026-02-06 17:25:14,829 - ADV_Generation_eps_0.0_steps_0_Added_Noise_uniform_Eps_40.0_Tau_Type_normal_anchors - INFO - Batch 1461/1692: Clean accuracy 0.6153 | Adv accuracy: 0.6153 | Counter-attack accuracy: 0.5140
2026-02-06 17:25:15,082 - ADV_Generation_eps_0.0_steps_0_Added_Noise_uniform_Eps_40.0_Tau_Type_normal_anchors - INFO - Batch 1462/1692: Clean accuracy 0.6149 | Adv accuracy: 0.6149 | Counter-attack accuracy: 0.5144
2026-02-06 17:25:15,336 - ADV_Generation_eps_0.0_steps_0_Added_Noise_uniform_Eps_40.0_Tau_Type_normal_anchors - INFO - Batch 1463/1692: Clean accuracy 0.6145 | Adv accuracy: 0.6145 | Counter-attack accuracy: 0.5140
2026-02-06 17:25:15,590 - ADV_Generation_eps_0.0_steps_0_Added_Noise_uniform_Eps_40.0_Tau_Type_normal_anchors - INFO - Batch 1464/1692: Clean accuracy 0.6148 | Adv accuracy: 0.6148 | Counter-attack accuracy: 0.5143
2026-02-06 17:25:15,844 - ADV_Generation_eps_0.0_steps_0_Added_Noise_uniform_Eps_40.0_Tau_Type_normal_anchors - INFO - Batch 1465/1692: Clean accuracy 0.6143 | Adv accuracy: 0.6143 | Counter-attack accuracy: 0.5140
2026-02-06 17:25:16,098 - ADV_Generation_eps_0.0_steps_0_Added_Noise_uniform_Eps_40.0_Tau_Type_normal_anchors - INFO - Batch 1466/1692: Clean accuracy 0.6146 | Adv accuracy: 0.6146 | Counter-attack accuracy: 0.5143
2026-02-06 17:25:16,351 - ADV_Generation_eps_0.0_steps_0_Added_Noise_uniform_Eps_40.0_Tau_Type_normal_anchors - INFO - Batch 1467/1692: Clean accuracy 0.6149 | Adv accuracy: 0.6149 | Counter-attack accuracy: 0.5147
2026-02-06 17:25:16,605 - ADV_Generation_eps_0.0_steps_0_Added_Noise_uniform_Eps_40.0_Tau_Type_normal_anchors - INFO - Batch 1468/1692: Clean accuracy 0.6151 | Adv accuracy: 0.6151 | Counter-attack accuracy: 0.5143
2026-02-06 17:25:16,859 - ADV_Generation_eps_0.0_steps_0_Added_Noise_uniform_Eps_40.0_Tau_Type_normal_anchors - INFO - Batch 1469/1692: Clean accuracy 0.6154 | Adv accuracy: 0.6154 | Counter-attack accuracy: 0.5146
2026-02-06 17:25:17,112 - ADV_Generation_eps_0.0_steps_0_Added_Noise_uniform_Eps_40.0_Tau_Type_normal_anchors - INFO - Batch 1470/1692: Clean accuracy 0.6156 | Adv accuracy: 0.6156 | Counter-attack accuracy: 0.5150
2026-02-06 17:25:17,366 - ADV_Generation_eps_0.0_steps_0_Added_Noise_uniform_Eps_40.0_Tau_Type_normal_anchors - INFO - Batch 1471/1692: Clean accuracy 0.6159 | Adv accuracy: 0.6159 | Counter-attack accuracy: 0.5153
2026-02-06 17:25:17,620 - ADV_Generation_eps_0.0_steps_0_Added_Noise_uniform_Eps_40.0_Tau_Type_normal_anchors - INFO - Batch 1472/1692: Clean accuracy 0.6162 | Adv accuracy: 0.6162 | Counter-attack accuracy: 0.5156
2026-02-06 17:25:17,874 - ADV_Generation_eps_0.0_steps_0_Added_Noise_uniform_Eps_40.0_Tau_Type_normal_anchors - INFO - Batch 1473/1692: Clean accuracy 0.6164 | Adv accuracy: 0.6164 | Counter-attack accuracy: 0.5160
2026-02-06 17:25:18,128 - ADV_Generation_eps_0.0_steps_0_Added_Noise_uniform_Eps_40.0_Tau_Type_normal_anchors - INFO - Batch 1474/1692: Clean accuracy 0.6167 | Adv accuracy: 0.6167 | Counter-attack accuracy: 0.5163
2026-02-06 17:25:18,382 - ADV_Generation_eps_0.0_steps_0_Added_Noise_uniform_Eps_40.0_Tau_Type_normal_anchors - INFO - Batch 1475/1692: Clean accuracy 0.6169 | Adv accuracy: 0.6169 | Counter-attack accuracy: 0.5166
2026-02-06 17:25:18,636 - ADV_Generation_eps_0.0_steps_0_Added_Noise_uniform_Eps_40.0_Tau_Type_normal_anchors - INFO - Batch 1476/1692: Clean accuracy 0.6172 | Adv accuracy: 0.6172 | Counter-attack accuracy: 0.5169
2026-02-06 17:25:18,889 - ADV_Generation_eps_0.0_steps_0_Added_Noise_uniform_Eps_40.0_Tau_Type_normal_anchors - INFO - Batch 1477/1692: Clean accuracy 0.6168 | Adv accuracy: 0.6168 | Counter-attack accuracy: 0.5166
2026-02-06 17:25:19,143 - ADV_Generation_eps_0.0_steps_0_Added_Noise_uniform_Eps_40.0_Tau_Type_normal_anchors - INFO - Batch 1478/1692: Clean accuracy 0.6171 | Adv accuracy: 0.6171 | Counter-attack accuracy: 0.5169
2026-02-06 17:25:19,397 - ADV_Generation_eps_0.0_steps_0_Added_Noise_uniform_Eps_40.0_Tau_Type_normal_anchors - INFO - Batch 1479/1692: Clean accuracy 0.6166 | Adv accuracy: 0.6166 | Counter-attack accuracy: 0.5166
2026-02-06 17:25:19,651 - ADV_Generation_eps_0.0_steps_0_Added_Noise_uniform_Eps_40.0_Tau_Type_normal_anchors - INFO - Batch 1480/1692: Clean accuracy 0.6169 | Adv accuracy: 0.6169 | Counter-attack accuracy: 0.5169
2026-02-06 17:25:19,905 - ADV_Generation_eps_0.0_steps_0_Added_Noise_uniform_Eps_40.0_Tau_Type_normal_anchors - INFO - Batch 1481/1692: Clean accuracy 0.6165 | Adv accuracy: 0.6165 | Counter-attack accuracy: 0.5165
2026-02-06 17:25:20,158 - ADV_Generation_eps_0.0_steps_0_Added_Noise_uniform_Eps_40.0_Tau_Type_normal_anchors - INFO - Batch 1482/1692: Clean accuracy 0.6161 | Adv accuracy: 0.6161 | Counter-attack accuracy: 0.5162
2026-02-06 17:25:20,412 - ADV_Generation_eps_0.0_steps_0_Added_Noise_uniform_Eps_40.0_Tau_Type_normal_anchors - INFO - Batch 1483/1692: Clean accuracy 0.6163 | Adv accuracy: 0.6163 | Counter-attack accuracy: 0.5165
2026-02-06 17:25:20,666 - ADV_Generation_eps_0.0_steps_0_Added_Noise_uniform_Eps_40.0_Tau_Type_normal_anchors - INFO - Batch 1484/1692: Clean accuracy 0.6166 | Adv accuracy: 0.6166 | Counter-attack accuracy: 0.5162
2026-02-06 17:25:20,920 - ADV_Generation_eps_0.0_steps_0_Added_Noise_uniform_Eps_40.0_Tau_Type_normal_anchors - INFO - Batch 1485/1692: Clean accuracy 0.6168 | Adv accuracy: 0.6168 | Counter-attack accuracy: 0.5158
2026-02-06 17:25:21,174 - ADV_Generation_eps_0.0_steps_0_Added_Noise_uniform_Eps_40.0_Tau_Type_normal_anchors - INFO - Batch 1486/1692: Clean accuracy 0.6171 | Adv accuracy: 0.6171 | Counter-attack accuracy: 0.5162
2026-02-06 17:25:21,427 - ADV_Generation_eps_0.0_steps_0_Added_Noise_uniform_Eps_40.0_Tau_Type_normal_anchors - INFO - Batch 1487/1692: Clean accuracy 0.6174 | Adv accuracy: 0.6174 | Counter-attack accuracy: 0.5165
2026-02-06 17:25:21,681 - ADV_Generation_eps_0.0_steps_0_Added_Noise_uniform_Eps_40.0_Tau_Type_normal_anchors - INFO - Batch 1488/1692: Clean accuracy 0.6176 | Adv accuracy: 0.6176 | Counter-attack accuracy: 0.5168
2026-02-06 17:25:21,935 - ADV_Generation_eps_0.0_steps_0_Added_Noise_uniform_Eps_40.0_Tau_Type_normal_anchors - INFO - Batch 1489/1692: Clean accuracy 0.6179 | Adv accuracy: 0.6179 | Counter-attack accuracy: 0.5165
2026-02-06 17:25:22,189 - ADV_Generation_eps_0.0_steps_0_Added_Noise_uniform_Eps_40.0_Tau_Type_normal_anchors - INFO - Batch 1490/1692: Clean accuracy 0.6174 | Adv accuracy: 0.6174 | Counter-attack accuracy: 0.5161
2026-02-06 17:25:22,443 - ADV_Generation_eps_0.0_steps_0_Added_Noise_uniform_Eps_40.0_Tau_Type_normal_anchors - INFO - Batch 1491/1692: Clean accuracy 0.6177 | Adv accuracy: 0.6177 | Counter-attack accuracy: 0.5164
2026-02-06 17:25:22,696 - ADV_Generation_eps_0.0_steps_0_Added_Noise_uniform_Eps_40.0_Tau_Type_normal_anchors - INFO - Batch 1492/1692: Clean accuracy 0.6173 | Adv accuracy: 0.6173 | Counter-attack accuracy: 0.5161
2026-02-06 17:25:22,950 - ADV_Generation_eps_0.0_steps_0_Added_Noise_uniform_Eps_40.0_Tau_Type_normal_anchors - INFO - Batch 1493/1692: Clean accuracy 0.6175 | Adv accuracy: 0.6175 | Counter-attack accuracy: 0.5164
2026-02-06 17:25:23,204 - ADV_Generation_eps_0.0_steps_0_Added_Noise_uniform_Eps_40.0_Tau_Type_normal_anchors - INFO - Batch 1494/1692: Clean accuracy 0.6178 | Adv accuracy: 0.6178 | Counter-attack accuracy: 0.5167
2026-02-06 17:25:23,458 - ADV_Generation_eps_0.0_steps_0_Added_Noise_uniform_Eps_40.0_Tau_Type_normal_anchors - INFO - Batch 1495/1692: Clean accuracy 0.6181 | Adv accuracy: 0.6181 | Counter-attack accuracy: 0.5171
2026-02-06 17:25:23,712 - ADV_Generation_eps_0.0_steps_0_Added_Noise_uniform_Eps_40.0_Tau_Type_normal_anchors - INFO - Batch 1496/1692: Clean accuracy 0.6183 | Adv accuracy: 0.6183 | Counter-attack accuracy: 0.5174
2026-02-06 17:25:23,966 - ADV_Generation_eps_0.0_steps_0_Added_Noise_uniform_Eps_40.0_Tau_Type_normal_anchors - INFO - Batch 1497/1692: Clean accuracy 0.6186 | Adv accuracy: 0.6186 | Counter-attack accuracy: 0.5177
2026-02-06 17:25:24,230 - ADV_Generation_eps_0.0_steps_0_Added_Noise_uniform_Eps_40.0_Tau_Type_normal_anchors - INFO - Batch 1498/1692: Clean accuracy 0.6188 | Adv accuracy: 0.6188 | Counter-attack accuracy: 0.5180
2026-02-06 17:25:24,484 - ADV_Generation_eps_0.0_steps_0_Added_Noise_uniform_Eps_40.0_Tau_Type_normal_anchors - INFO - Batch 1499/1692: Clean accuracy 0.6191 | Adv accuracy: 0.6191 | Counter-attack accuracy: 0.5183
2026-02-06 17:25:24,738 - ADV_Generation_eps_0.0_steps_0_Added_Noise_uniform_Eps_40.0_Tau_Type_normal_anchors - INFO - Batch 1500/1692: Clean accuracy 0.6193 | Adv accuracy: 0.6193 | Counter-attack accuracy: 0.5187
2026-02-06 17:25:24,992 - ADV_Generation_eps_0.0_steps_0_Added_Noise_uniform_Eps_40.0_Tau_Type_normal_anchors - INFO - Batch 1501/1692: Clean accuracy 0.6196 | Adv accuracy: 0.6196 | Counter-attack accuracy: 0.5190
2026-02-06 17:25:25,246 - ADV_Generation_eps_0.0_steps_0_Added_Noise_uniform_Eps_40.0_Tau_Type_normal_anchors - INFO - Batch 1502/1692: Clean accuracy 0.6192 | Adv accuracy: 0.6192 | Counter-attack accuracy: 0.5186
2026-02-06 17:25:25,500 - ADV_Generation_eps_0.0_steps_0_Added_Noise_uniform_Eps_40.0_Tau_Type_normal_anchors - INFO - Batch 1503/1692: Clean accuracy 0.6194 | Adv accuracy: 0.6194 | Counter-attack accuracy: 0.5183
2026-02-06 17:25:25,754 - ADV_Generation_eps_0.0_steps_0_Added_Noise_uniform_Eps_40.0_Tau_Type_normal_anchors - INFO - Batch 1504/1692: Clean accuracy 0.6197 | Adv accuracy: 0.6197 | Counter-attack accuracy: 0.5186
2026-02-06 17:25:26,008 - ADV_Generation_eps_0.0_steps_0_Added_Noise_uniform_Eps_40.0_Tau_Type_normal_anchors - INFO - Batch 1505/1692: Clean accuracy 0.6193 | Adv accuracy: 0.6193 | Counter-attack accuracy: 0.5183
2026-02-06 17:25:26,262 - ADV_Generation_eps_0.0_steps_0_Added_Noise_uniform_Eps_40.0_Tau_Type_normal_anchors - INFO - Batch 1506/1692: Clean accuracy 0.6195 | Adv accuracy: 0.6195 | Counter-attack accuracy: 0.5186
2026-02-06 17:25:26,516 - ADV_Generation_eps_0.0_steps_0_Added_Noise_uniform_Eps_40.0_Tau_Type_normal_anchors - INFO - Batch 1507/1692: Clean accuracy 0.6198 | Adv accuracy: 0.6198 | Counter-attack accuracy: 0.5189
2026-02-06 17:25:26,770 - ADV_Generation_eps_0.0_steps_0_Added_Noise_uniform_Eps_40.0_Tau_Type_normal_anchors - INFO - Batch 1508/1692: Clean accuracy 0.6200 | Adv accuracy: 0.6200 | Counter-attack accuracy: 0.5192
2026-02-06 17:25:27,024 - ADV_Generation_eps_0.0_steps_0_Added_Noise_uniform_Eps_40.0_Tau_Type_normal_anchors - INFO - Batch 1509/1692: Clean accuracy 0.6203 | Adv accuracy: 0.6203 | Counter-attack accuracy: 0.5195
2026-02-06 17:25:27,277 - ADV_Generation_eps_0.0_steps_0_Added_Noise_uniform_Eps_40.0_Tau_Type_normal_anchors - INFO - Batch 1510/1692: Clean accuracy 0.6205 | Adv accuracy: 0.6205 | Counter-attack accuracy: 0.5199
2026-02-06 17:25:27,531 - ADV_Generation_eps_0.0_steps_0_Added_Noise_uniform_Eps_40.0_Tau_Type_normal_anchors - INFO - Batch 1511/1692: Clean accuracy 0.6208 | Adv accuracy: 0.6208 | Counter-attack accuracy: 0.5202
2026-02-06 17:25:27,785 - ADV_Generation_eps_0.0_steps_0_Added_Noise_uniform_Eps_40.0_Tau_Type_normal_anchors - INFO - Batch 1512/1692: Clean accuracy 0.6210 | Adv accuracy: 0.6210 | Counter-attack accuracy: 0.5205
2026-02-06 17:25:28,038 - ADV_Generation_eps_0.0_steps_0_Added_Noise_uniform_Eps_40.0_Tau_Type_normal_anchors - INFO - Batch 1513/1692: Clean accuracy 0.6206 | Adv accuracy: 0.6206 | Counter-attack accuracy: 0.5202
2026-02-06 17:25:28,292 - ADV_Generation_eps_0.0_steps_0_Added_Noise_uniform_Eps_40.0_Tau_Type_normal_anchors - INFO - Batch 1514/1692: Clean accuracy 0.6209 | Adv accuracy: 0.6209 | Counter-attack accuracy: 0.5205
2026-02-06 17:25:28,546 - ADV_Generation_eps_0.0_steps_0_Added_Noise_uniform_Eps_40.0_Tau_Type_normal_anchors - INFO - Batch 1515/1692: Clean accuracy 0.6205 | Adv accuracy: 0.6205 | Counter-attack accuracy: 0.5201
2026-02-06 17:25:28,800 - ADV_Generation_eps_0.0_steps_0_Added_Noise_uniform_Eps_40.0_Tau_Type_normal_anchors - INFO - Batch 1516/1692: Clean accuracy 0.6201 | Adv accuracy: 0.6201 | Counter-attack accuracy: 0.5198
2026-02-06 17:25:29,054 - ADV_Generation_eps_0.0_steps_0_Added_Noise_uniform_Eps_40.0_Tau_Type_normal_anchors - INFO - Batch 1517/1692: Clean accuracy 0.6196 | Adv accuracy: 0.6196 | Counter-attack accuracy: 0.5194
2026-02-06 17:25:29,307 - ADV_Generation_eps_0.0_steps_0_Added_Noise_uniform_Eps_40.0_Tau_Type_normal_anchors - INFO - Batch 1518/1692: Clean accuracy 0.6192 | Adv accuracy: 0.6192 | Counter-attack accuracy: 0.5191
2026-02-06 17:25:29,561 - ADV_Generation_eps_0.0_steps_0_Added_Noise_uniform_Eps_40.0_Tau_Type_normal_anchors - INFO - Batch 1519/1692: Clean accuracy 0.6195 | Adv accuracy: 0.6195 | Counter-attack accuracy: 0.5194
2026-02-06 17:25:29,815 - ADV_Generation_eps_0.0_steps_0_Added_Noise_uniform_Eps_40.0_Tau_Type_normal_anchors - INFO - Batch 1520/1692: Clean accuracy 0.6197 | Adv accuracy: 0.6197 | Counter-attack accuracy: 0.5197
2026-02-06 17:25:30,069 - ADV_Generation_eps_0.0_steps_0_Added_Noise_uniform_Eps_40.0_Tau_Type_normal_anchors - INFO - Batch 1521/1692: Clean accuracy 0.6193 | Adv accuracy: 0.6193 | Counter-attack accuracy: 0.5194
2026-02-06 17:25:30,323 - ADV_Generation_eps_0.0_steps_0_Added_Noise_uniform_Eps_40.0_Tau_Type_normal_anchors - INFO - Batch 1522/1692: Clean accuracy 0.6189 | Adv accuracy: 0.6189 | Counter-attack accuracy: 0.5191
2026-02-06 17:25:30,576 - ADV_Generation_eps_0.0_steps_0_Added_Noise_uniform_Eps_40.0_Tau_Type_normal_anchors - INFO - Batch 1523/1692: Clean accuracy 0.6185 | Adv accuracy: 0.6185 | Counter-attack accuracy: 0.5187
2026-02-06 17:25:30,830 - ADV_Generation_eps_0.0_steps_0_Added_Noise_uniform_Eps_40.0_Tau_Type_normal_anchors - INFO - Batch 1524/1692: Clean accuracy 0.6181 | Adv accuracy: 0.6181 | Counter-attack accuracy: 0.5184
2026-02-06 17:25:31,084 - ADV_Generation_eps_0.0_steps_0_Added_Noise_uniform_Eps_40.0_Tau_Type_normal_anchors - INFO - Batch 1525/1692: Clean accuracy 0.6184 | Adv accuracy: 0.6184 | Counter-attack accuracy: 0.5187
2026-02-06 17:25:31,338 - ADV_Generation_eps_0.0_steps_0_Added_Noise_uniform_Eps_40.0_Tau_Type_normal_anchors - INFO - Batch 1526/1692: Clean accuracy 0.6180 | Adv accuracy: 0.6180 | Counter-attack accuracy: 0.5183
2026-02-06 17:25:31,592 - ADV_Generation_eps_0.0_steps_0_Added_Noise_uniform_Eps_40.0_Tau_Type_normal_anchors - INFO - Batch 1527/1692: Clean accuracy 0.6176 | Adv accuracy: 0.6176 | Counter-attack accuracy: 0.5180
2026-02-06 17:25:31,845 - ADV_Generation_eps_0.0_steps_0_Added_Noise_uniform_Eps_40.0_Tau_Type_normal_anchors - INFO - Batch 1528/1692: Clean accuracy 0.6171 | Adv accuracy: 0.6171 | Counter-attack accuracy: 0.5177
2026-02-06 17:25:32,099 - ADV_Generation_eps_0.0_steps_0_Added_Noise_uniform_Eps_40.0_Tau_Type_normal_anchors - INFO - Batch 1529/1692: Clean accuracy 0.6174 | Adv accuracy: 0.6174 | Counter-attack accuracy: 0.5180
2026-02-06 17:25:32,353 - ADV_Generation_eps_0.0_steps_0_Added_Noise_uniform_Eps_40.0_Tau_Type_normal_anchors - INFO - Batch 1530/1692: Clean accuracy 0.6176 | Adv accuracy: 0.6176 | Counter-attack accuracy: 0.5176
2026-02-06 17:25:32,607 - ADV_Generation_eps_0.0_steps_0_Added_Noise_uniform_Eps_40.0_Tau_Type_normal_anchors - INFO - Batch 1531/1692: Clean accuracy 0.6172 | Adv accuracy: 0.6172 | Counter-attack accuracy: 0.5173
2026-02-06 17:25:32,861 - ADV_Generation_eps_0.0_steps_0_Added_Noise_uniform_Eps_40.0_Tau_Type_normal_anchors - INFO - Batch 1532/1692: Clean accuracy 0.6168 | Adv accuracy: 0.6168 | Counter-attack accuracy: 0.5170
2026-02-06 17:25:33,115 - ADV_Generation_eps_0.0_steps_0_Added_Noise_uniform_Eps_40.0_Tau_Type_normal_anchors - INFO - Batch 1533/1692: Clean accuracy 0.6164 | Adv accuracy: 0.6164 | Counter-attack accuracy: 0.5166
2026-02-06 17:25:33,369 - ADV_Generation_eps_0.0_steps_0_Added_Noise_uniform_Eps_40.0_Tau_Type_normal_anchors - INFO - Batch 1534/1692: Clean accuracy 0.6160 | Adv accuracy: 0.6160 | Counter-attack accuracy: 0.5163
2026-02-06 17:25:33,623 - ADV_Generation_eps_0.0_steps_0_Added_Noise_uniform_Eps_40.0_Tau_Type_normal_anchors - INFO - Batch 1535/1692: Clean accuracy 0.6156 | Adv accuracy: 0.6156 | Counter-attack accuracy: 0.5160
2026-02-06 17:25:33,876 - ADV_Generation_eps_0.0_steps_0_Added_Noise_uniform_Eps_40.0_Tau_Type_normal_anchors - INFO - Batch 1536/1692: Clean accuracy 0.6159 | Adv accuracy: 0.6159 | Counter-attack accuracy: 0.5163
2026-02-06 17:25:34,130 - ADV_Generation_eps_0.0_steps_0_Added_Noise_uniform_Eps_40.0_Tau_Type_normal_anchors - INFO - Batch 1537/1692: Clean accuracy 0.6161 | Adv accuracy: 0.6161 | Counter-attack accuracy: 0.5159
2026-02-06 17:25:34,384 - ADV_Generation_eps_0.0_steps_0_Added_Noise_uniform_Eps_40.0_Tau_Type_normal_anchors - INFO - Batch 1538/1692: Clean accuracy 0.6157 | Adv accuracy: 0.6157 | Counter-attack accuracy: 0.5156
2026-02-06 17:25:34,638 - ADV_Generation_eps_0.0_steps_0_Added_Noise_uniform_Eps_40.0_Tau_Type_normal_anchors - INFO - Batch 1539/1692: Clean accuracy 0.6153 | Adv accuracy: 0.6153 | Counter-attack accuracy: 0.5153
2026-02-06 17:25:34,891 - ADV_Generation_eps_0.0_steps_0_Added_Noise_uniform_Eps_40.0_Tau_Type_normal_anchors - INFO - Batch 1540/1692: Clean accuracy 0.6149 | Adv accuracy: 0.6149 | Counter-attack accuracy: 0.5149
2026-02-06 17:25:35,145 - ADV_Generation_eps_0.0_steps_0_Added_Noise_uniform_Eps_40.0_Tau_Type_normal_anchors - INFO - Batch 1541/1692: Clean accuracy 0.6145 | Adv accuracy: 0.6145 | Counter-attack accuracy: 0.5146
2026-02-06 17:25:35,399 - ADV_Generation_eps_0.0_steps_0_Added_Noise_uniform_Eps_40.0_Tau_Type_normal_anchors - INFO - Batch 1542/1692: Clean accuracy 0.6141 | Adv accuracy: 0.6141 | Counter-attack accuracy: 0.5143
2026-02-06 17:25:35,653 - ADV_Generation_eps_0.0_steps_0_Added_Noise_uniform_Eps_40.0_Tau_Type_normal_anchors - INFO - Batch 1543/1692: Clean accuracy 0.6144 | Adv accuracy: 0.6144 | Counter-attack accuracy: 0.5139
2026-02-06 17:25:35,907 - ADV_Generation_eps_0.0_steps_0_Added_Noise_uniform_Eps_40.0_Tau_Type_normal_anchors - INFO - Batch 1544/1692: Clean accuracy 0.6146 | Adv accuracy: 0.6146 | Counter-attack accuracy: 0.5142
2026-02-06 17:25:36,160 - ADV_Generation_eps_0.0_steps_0_Added_Noise_uniform_Eps_40.0_Tau_Type_normal_anchors - INFO - Batch 1545/1692: Clean accuracy 0.6149 | Adv accuracy: 0.6149 | Counter-attack accuracy: 0.5146
2026-02-06 17:25:36,414 - ADV_Generation_eps_0.0_steps_0_Added_Noise_uniform_Eps_40.0_Tau_Type_normal_anchors - INFO - Batch 1546/1692: Clean accuracy 0.6145 | Adv accuracy: 0.6145 | Counter-attack accuracy: 0.5142
2026-02-06 17:25:36,668 - ADV_Generation_eps_0.0_steps_0_Added_Noise_uniform_Eps_40.0_Tau_Type_normal_anchors - INFO - Batch 1547/1692: Clean accuracy 0.6141 | Adv accuracy: 0.6141 | Counter-attack accuracy: 0.5139
2026-02-06 17:25:36,922 - ADV_Generation_eps_0.0_steps_0_Added_Noise_uniform_Eps_40.0_Tau_Type_normal_anchors - INFO - Batch 1548/1692: Clean accuracy 0.6143 | Adv accuracy: 0.6143 | Counter-attack accuracy: 0.5142
2026-02-06 17:25:37,175 - ADV_Generation_eps_0.0_steps_0_Added_Noise_uniform_Eps_40.0_Tau_Type_normal_anchors - INFO - Batch 1549/1692: Clean accuracy 0.6146 | Adv accuracy: 0.6146 | Counter-attack accuracy: 0.5145
2026-02-06 17:25:37,429 - ADV_Generation_eps_0.0_steps_0_Added_Noise_uniform_Eps_40.0_Tau_Type_normal_anchors - INFO - Batch 1550/1692: Clean accuracy 0.6148 | Adv accuracy: 0.6148 | Counter-attack accuracy: 0.5148
2026-02-06 17:25:37,683 - ADV_Generation_eps_0.0_steps_0_Added_Noise_uniform_Eps_40.0_Tau_Type_normal_anchors - INFO - Batch 1551/1692: Clean accuracy 0.6144 | Adv accuracy: 0.6144 | Counter-attack accuracy: 0.5145
2026-02-06 17:25:37,937 - ADV_Generation_eps_0.0_steps_0_Added_Noise_uniform_Eps_40.0_Tau_Type_normal_anchors - INFO - Batch 1552/1692: Clean accuracy 0.6147 | Adv accuracy: 0.6147 | Counter-attack accuracy: 0.5148
2026-02-06 17:25:38,190 - ADV_Generation_eps_0.0_steps_0_Added_Noise_uniform_Eps_40.0_Tau_Type_normal_anchors - INFO - Batch 1553/1692: Clean accuracy 0.6149 | Adv accuracy: 0.6149 | Counter-attack accuracy: 0.5151
2026-02-06 17:25:38,444 - ADV_Generation_eps_0.0_steps_0_Added_Noise_uniform_Eps_40.0_Tau_Type_normal_anchors - INFO - Batch 1554/1692: Clean accuracy 0.6152 | Adv accuracy: 0.6152 | Counter-attack accuracy: 0.5154
2026-02-06 17:25:38,698 - ADV_Generation_eps_0.0_steps_0_Added_Noise_uniform_Eps_40.0_Tau_Type_normal_anchors - INFO - Batch 1555/1692: Clean accuracy 0.6154 | Adv accuracy: 0.6154 | Counter-attack accuracy: 0.5158
2026-02-06 17:25:38,952 - ADV_Generation_eps_0.0_steps_0_Added_Noise_uniform_Eps_40.0_Tau_Type_normal_anchors - INFO - Batch 1556/1692: Clean accuracy 0.6157 | Adv accuracy: 0.6157 | Counter-attack accuracy: 0.5154
2026-02-06 17:25:39,206 - ADV_Generation_eps_0.0_steps_0_Added_Noise_uniform_Eps_40.0_Tau_Type_normal_anchors - INFO - Batch 1557/1692: Clean accuracy 0.6153 | Adv accuracy: 0.6153 | Counter-attack accuracy: 0.5151
2026-02-06 17:25:39,459 - ADV_Generation_eps_0.0_steps_0_Added_Noise_uniform_Eps_40.0_Tau_Type_normal_anchors - INFO - Batch 1558/1692: Clean accuracy 0.6155 | Adv accuracy: 0.6155 | Counter-attack accuracy: 0.5154
2026-02-06 17:25:39,713 - ADV_Generation_eps_0.0_steps_0_Added_Noise_uniform_Eps_40.0_Tau_Type_normal_anchors - INFO - Batch 1559/1692: Clean accuracy 0.6158 | Adv accuracy: 0.6158 | Counter-attack accuracy: 0.5157
2026-02-06 17:25:39,967 - ADV_Generation_eps_0.0_steps_0_Added_Noise_uniform_Eps_40.0_Tau_Type_normal_anchors - INFO - Batch 1560/1692: Clean accuracy 0.6160 | Adv accuracy: 0.6160 | Counter-attack accuracy: 0.5154
2026-02-06 17:25:40,221 - ADV_Generation_eps_0.0_steps_0_Added_Noise_uniform_Eps_40.0_Tau_Type_normal_anchors - INFO - Batch 1561/1692: Clean accuracy 0.6156 | Adv accuracy: 0.6156 | Counter-attack accuracy: 0.5151
2026-02-06 17:25:40,475 - ADV_Generation_eps_0.0_steps_0_Added_Noise_uniform_Eps_40.0_Tau_Type_normal_anchors - INFO - Batch 1562/1692: Clean accuracy 0.6159 | Adv accuracy: 0.6159 | Counter-attack accuracy: 0.5154
2026-02-06 17:25:40,729 - ADV_Generation_eps_0.0_steps_0_Added_Noise_uniform_Eps_40.0_Tau_Type_normal_anchors - INFO - Batch 1563/1692: Clean accuracy 0.6155 | Adv accuracy: 0.6155 | Counter-attack accuracy: 0.5150
2026-02-06 17:25:40,983 - ADV_Generation_eps_0.0_steps_0_Added_Noise_uniform_Eps_40.0_Tau_Type_normal_anchors - INFO - Batch 1564/1692: Clean accuracy 0.6157 | Adv accuracy: 0.6157 | Counter-attack accuracy: 0.5153
2026-02-06 17:25:41,237 - ADV_Generation_eps_0.0_steps_0_Added_Noise_uniform_Eps_40.0_Tau_Type_normal_anchors - INFO - Batch 1565/1692: Clean accuracy 0.6160 | Adv accuracy: 0.6160 | Counter-attack accuracy: 0.5157
2026-02-06 17:25:41,490 - ADV_Generation_eps_0.0_steps_0_Added_Noise_uniform_Eps_40.0_Tau_Type_normal_anchors - INFO - Batch 1566/1692: Clean accuracy 0.6162 | Adv accuracy: 0.6162 | Counter-attack accuracy: 0.5160
2026-02-06 17:25:41,744 - ADV_Generation_eps_0.0_steps_0_Added_Noise_uniform_Eps_40.0_Tau_Type_normal_anchors - INFO - Batch 1567/1692: Clean accuracy 0.6165 | Adv accuracy: 0.6165 | Counter-attack accuracy: 0.5163
2026-02-06 17:25:41,998 - ADV_Generation_eps_0.0_steps_0_Added_Noise_uniform_Eps_40.0_Tau_Type_normal_anchors - INFO - Batch 1568/1692: Clean accuracy 0.6167 | Adv accuracy: 0.6167 | Counter-attack accuracy: 0.5166
2026-02-06 17:25:42,252 - ADV_Generation_eps_0.0_steps_0_Added_Noise_uniform_Eps_40.0_Tau_Type_normal_anchors - INFO - Batch 1569/1692: Clean accuracy 0.6170 | Adv accuracy: 0.6170 | Counter-attack accuracy: 0.5169
2026-02-06 17:25:42,505 - ADV_Generation_eps_0.0_steps_0_Added_Noise_uniform_Eps_40.0_Tau_Type_normal_anchors - INFO - Batch 1570/1692: Clean accuracy 0.6172 | Adv accuracy: 0.6172 | Counter-attack accuracy: 0.5172
2026-02-06 17:25:42,759 - ADV_Generation_eps_0.0_steps_0_Added_Noise_uniform_Eps_40.0_Tau_Type_normal_anchors - INFO - Batch 1571/1692: Clean accuracy 0.6168 | Adv accuracy: 0.6168 | Counter-attack accuracy: 0.5169
2026-02-06 17:25:43,013 - ADV_Generation_eps_0.0_steps_0_Added_Noise_uniform_Eps_40.0_Tau_Type_normal_anchors - INFO - Batch 1572/1692: Clean accuracy 0.6170 | Adv accuracy: 0.6170 | Counter-attack accuracy: 0.5172
2026-02-06 17:25:43,267 - ADV_Generation_eps_0.0_steps_0_Added_Noise_uniform_Eps_40.0_Tau_Type_normal_anchors - INFO - Batch 1573/1692: Clean accuracy 0.6173 | Adv accuracy: 0.6173 | Counter-attack accuracy: 0.5175
2026-02-06 17:25:43,520 - ADV_Generation_eps_0.0_steps_0_Added_Noise_uniform_Eps_40.0_Tau_Type_normal_anchors - INFO - Batch 1574/1692: Clean accuracy 0.6175 | Adv accuracy: 0.6175 | Counter-attack accuracy: 0.5178
2026-02-06 17:25:43,774 - ADV_Generation_eps_0.0_steps_0_Added_Noise_uniform_Eps_40.0_Tau_Type_normal_anchors - INFO - Batch 1575/1692: Clean accuracy 0.6178 | Adv accuracy: 0.6178 | Counter-attack accuracy: 0.5175
2026-02-06 17:25:44,028 - ADV_Generation_eps_0.0_steps_0_Added_Noise_uniform_Eps_40.0_Tau_Type_normal_anchors - INFO - Batch 1576/1692: Clean accuracy 0.6180 | Adv accuracy: 0.6180 | Counter-attack accuracy: 0.5178
2026-02-06 17:25:44,281 - ADV_Generation_eps_0.0_steps_0_Added_Noise_uniform_Eps_40.0_Tau_Type_normal_anchors - INFO - Batch 1577/1692: Clean accuracy 0.6183 | Adv accuracy: 0.6183 | Counter-attack accuracy: 0.5174
2026-02-06 17:25:44,535 - ADV_Generation_eps_0.0_steps_0_Added_Noise_uniform_Eps_40.0_Tau_Type_normal_anchors - INFO - Batch 1578/1692: Clean accuracy 0.6179 | Adv accuracy: 0.6179 | Counter-attack accuracy: 0.5171
2026-02-06 17:25:44,789 - ADV_Generation_eps_0.0_steps_0_Added_Noise_uniform_Eps_40.0_Tau_Type_normal_anchors - INFO - Batch 1579/1692: Clean accuracy 0.6181 | Adv accuracy: 0.6181 | Counter-attack accuracy: 0.5174
2026-02-06 17:25:45,043 - ADV_Generation_eps_0.0_steps_0_Added_Noise_uniform_Eps_40.0_Tau_Type_normal_anchors - INFO - Batch 1580/1692: Clean accuracy 0.6177 | Adv accuracy: 0.6177 | Counter-attack accuracy: 0.5171
2026-02-06 17:25:45,297 - ADV_Generation_eps_0.0_steps_0_Added_Noise_uniform_Eps_40.0_Tau_Type_normal_anchors - INFO - Batch 1581/1692: Clean accuracy 0.6180 | Adv accuracy: 0.6180 | Counter-attack accuracy: 0.5174
2026-02-06 17:25:45,550 - ADV_Generation_eps_0.0_steps_0_Added_Noise_uniform_Eps_40.0_Tau_Type_normal_anchors - INFO - Batch 1582/1692: Clean accuracy 0.6176 | Adv accuracy: 0.6176 | Counter-attack accuracy: 0.5171
2026-02-06 17:25:45,804 - ADV_Generation_eps_0.0_steps_0_Added_Noise_uniform_Eps_40.0_Tau_Type_normal_anchors - INFO - Batch 1583/1692: Clean accuracy 0.6178 | Adv accuracy: 0.6178 | Counter-attack accuracy: 0.5174
2026-02-06 17:25:46,058 - ADV_Generation_eps_0.0_steps_0_Added_Noise_uniform_Eps_40.0_Tau_Type_normal_anchors - INFO - Batch 1584/1692: Clean accuracy 0.6181 | Adv accuracy: 0.6181 | Counter-attack accuracy: 0.5177
2026-02-06 17:25:46,312 - ADV_Generation_eps_0.0_steps_0_Added_Noise_uniform_Eps_40.0_Tau_Type_normal_anchors - INFO - Batch 1585/1692: Clean accuracy 0.6183 | Adv accuracy: 0.6183 | Counter-attack accuracy: 0.5180
2026-02-06 17:25:46,565 - ADV_Generation_eps_0.0_steps_0_Added_Noise_uniform_Eps_40.0_Tau_Type_normal_anchors - INFO - Batch 1586/1692: Clean accuracy 0.6185 | Adv accuracy: 0.6185 | Counter-attack accuracy: 0.5183
2026-02-06 17:25:46,819 - ADV_Generation_eps_0.0_steps_0_Added_Noise_uniform_Eps_40.0_Tau_Type_normal_anchors - INFO - Batch 1587/1692: Clean accuracy 0.6188 | Adv accuracy: 0.6188 | Counter-attack accuracy: 0.5186
2026-02-06 17:25:47,073 - ADV_Generation_eps_0.0_steps_0_Added_Noise_uniform_Eps_40.0_Tau_Type_normal_anchors - INFO - Batch 1588/1692: Clean accuracy 0.6190 | Adv accuracy: 0.6190 | Counter-attack accuracy: 0.5189
2026-02-06 17:25:47,327 - ADV_Generation_eps_0.0_steps_0_Added_Noise_uniform_Eps_40.0_Tau_Type_normal_anchors - INFO - Batch 1589/1692: Clean accuracy 0.6193 | Adv accuracy: 0.6193 | Counter-attack accuracy: 0.5192
2026-02-06 17:25:47,581 - ADV_Generation_eps_0.0_steps_0_Added_Noise_uniform_Eps_40.0_Tau_Type_normal_anchors - INFO - Batch 1590/1692: Clean accuracy 0.6195 | Adv accuracy: 0.6195 | Counter-attack accuracy: 0.5195
2026-02-06 17:25:47,834 - ADV_Generation_eps_0.0_steps_0_Added_Noise_uniform_Eps_40.0_Tau_Type_normal_anchors - INFO - Batch 1591/1692: Clean accuracy 0.6197 | Adv accuracy: 0.6197 | Counter-attack accuracy: 0.5198
2026-02-06 17:25:48,088 - ADV_Generation_eps_0.0_steps_0_Added_Noise_uniform_Eps_40.0_Tau_Type_normal_anchors - INFO - Batch 1592/1692: Clean accuracy 0.6200 | Adv accuracy: 0.6200 | Counter-attack accuracy: 0.5195
2026-02-06 17:25:48,342 - ADV_Generation_eps_0.0_steps_0_Added_Noise_uniform_Eps_40.0_Tau_Type_normal_anchors - INFO - Batch 1593/1692: Clean accuracy 0.6202 | Adv accuracy: 0.6202 | Counter-attack accuracy: 0.5198
2026-02-06 17:25:48,596 - ADV_Generation_eps_0.0_steps_0_Added_Noise_uniform_Eps_40.0_Tau_Type_normal_anchors - INFO - Batch 1594/1692: Clean accuracy 0.6205 | Adv accuracy: 0.6205 | Counter-attack accuracy: 0.5201
2026-02-06 17:25:48,849 - ADV_Generation_eps_0.0_steps_0_Added_Noise_uniform_Eps_40.0_Tau_Type_normal_anchors - INFO - Batch 1595/1692: Clean accuracy 0.6201 | Adv accuracy: 0.6201 | Counter-attack accuracy: 0.5197
2026-02-06 17:25:49,103 - ADV_Generation_eps_0.0_steps_0_Added_Noise_uniform_Eps_40.0_Tau_Type_normal_anchors - INFO - Batch 1596/1692: Clean accuracy 0.6203 | Adv accuracy: 0.6203 | Counter-attack accuracy: 0.5201
2026-02-06 17:25:49,357 - ADV_Generation_eps_0.0_steps_0_Added_Noise_uniform_Eps_40.0_Tau_Type_normal_anchors - INFO - Batch 1597/1692: Clean accuracy 0.6205 | Adv accuracy: 0.6205 | Counter-attack accuracy: 0.5204
2026-02-06 17:25:49,611 - ADV_Generation_eps_0.0_steps_0_Added_Noise_uniform_Eps_40.0_Tau_Type_normal_anchors - INFO - Batch 1598/1692: Clean accuracy 0.6208 | Adv accuracy: 0.6208 | Counter-attack accuracy: 0.5207
2026-02-06 17:25:49,864 - ADV_Generation_eps_0.0_steps_0_Added_Noise_uniform_Eps_40.0_Tau_Type_normal_anchors - INFO - Batch 1599/1692: Clean accuracy 0.6210 | Adv accuracy: 0.6210 | Counter-attack accuracy: 0.5203
2026-02-06 17:25:50,118 - ADV_Generation_eps_0.0_steps_0_Added_Noise_uniform_Eps_40.0_Tau_Type_normal_anchors - INFO - Batch 1600/1692: Clean accuracy 0.6212 | Adv accuracy: 0.6212 | Counter-attack accuracy: 0.5206
2026-02-06 17:25:50,372 - ADV_Generation_eps_0.0_steps_0_Added_Noise_uniform_Eps_40.0_Tau_Type_normal_anchors - INFO - Batch 1601/1692: Clean accuracy 0.6215 | Adv accuracy: 0.6215 | Counter-attack accuracy: 0.5209
2026-02-06 17:25:50,625 - ADV_Generation_eps_0.0_steps_0_Added_Noise_uniform_Eps_40.0_Tau_Type_normal_anchors - INFO - Batch 1602/1692: Clean accuracy 0.6217 | Adv accuracy: 0.6217 | Counter-attack accuracy: 0.5206
2026-02-06 17:25:50,879 - ADV_Generation_eps_0.0_steps_0_Added_Noise_uniform_Eps_40.0_Tau_Type_normal_anchors - INFO - Batch 1603/1692: Clean accuracy 0.6220 | Adv accuracy: 0.6220 | Counter-attack accuracy: 0.5203
2026-02-06 17:25:51,133 - ADV_Generation_eps_0.0_steps_0_Added_Noise_uniform_Eps_40.0_Tau_Type_normal_anchors - INFO - Batch 1604/1692: Clean accuracy 0.6222 | Adv accuracy: 0.6222 | Counter-attack accuracy: 0.5206
2026-02-06 17:25:51,387 - ADV_Generation_eps_0.0_steps_0_Added_Noise_uniform_Eps_40.0_Tau_Type_normal_anchors - INFO - Batch 1605/1692: Clean accuracy 0.6224 | Adv accuracy: 0.6224 | Counter-attack accuracy: 0.5209
2026-02-06 17:25:51,641 - ADV_Generation_eps_0.0_steps_0_Added_Noise_uniform_Eps_40.0_Tau_Type_normal_anchors - INFO - Batch 1606/1692: Clean accuracy 0.6227 | Adv accuracy: 0.6227 | Counter-attack accuracy: 0.5205
2026-02-06 17:25:51,894 - ADV_Generation_eps_0.0_steps_0_Added_Noise_uniform_Eps_40.0_Tau_Type_normal_anchors - INFO - Batch 1607/1692: Clean accuracy 0.6229 | Adv accuracy: 0.6229 | Counter-attack accuracy: 0.5208
2026-02-06 17:25:52,148 - ADV_Generation_eps_0.0_steps_0_Added_Noise_uniform_Eps_40.0_Tau_Type_normal_anchors - INFO - Batch 1608/1692: Clean accuracy 0.6231 | Adv accuracy: 0.6231 | Counter-attack accuracy: 0.5211
2026-02-06 17:25:52,402 - ADV_Generation_eps_0.0_steps_0_Added_Noise_uniform_Eps_40.0_Tau_Type_normal_anchors - INFO - Batch 1609/1692: Clean accuracy 0.6234 | Adv accuracy: 0.6234 | Counter-attack accuracy: 0.5214
2026-02-06 17:25:52,656 - ADV_Generation_eps_0.0_steps_0_Added_Noise_uniform_Eps_40.0_Tau_Type_normal_anchors - INFO - Batch 1610/1692: Clean accuracy 0.6236 | Adv accuracy: 0.6236 | Counter-attack accuracy: 0.5217
2026-02-06 17:25:52,909 - ADV_Generation_eps_0.0_steps_0_Added_Noise_uniform_Eps_40.0_Tau_Type_normal_anchors - INFO - Batch 1611/1692: Clean accuracy 0.6238 | Adv accuracy: 0.6238 | Counter-attack accuracy: 0.5220
2026-02-06 17:25:53,163 - ADV_Generation_eps_0.0_steps_0_Added_Noise_uniform_Eps_40.0_Tau_Type_normal_anchors - INFO - Batch 1612/1692: Clean accuracy 0.6241 | Adv accuracy: 0.6241 | Counter-attack accuracy: 0.5223
2026-02-06 17:25:53,417 - ADV_Generation_eps_0.0_steps_0_Added_Noise_uniform_Eps_40.0_Tau_Type_normal_anchors - INFO - Batch 1613/1692: Clean accuracy 0.6243 | Adv accuracy: 0.6243 | Counter-attack accuracy: 0.5226
2026-02-06 17:25:53,671 - ADV_Generation_eps_0.0_steps_0_Added_Noise_uniform_Eps_40.0_Tau_Type_normal_anchors - INFO - Batch 1614/1692: Clean accuracy 0.6245 | Adv accuracy: 0.6245 | Counter-attack accuracy: 0.5229
2026-02-06 17:25:53,924 - ADV_Generation_eps_0.0_steps_0_Added_Noise_uniform_Eps_40.0_Tau_Type_normal_anchors - INFO - Batch 1615/1692: Clean accuracy 0.6241 | Adv accuracy: 0.6241 | Counter-attack accuracy: 0.5226
2026-02-06 17:25:54,179 - ADV_Generation_eps_0.0_steps_0_Added_Noise_uniform_Eps_40.0_Tau_Type_normal_anchors - INFO - Batch 1616/1692: Clean accuracy 0.6238 | Adv accuracy: 0.6238 | Counter-attack accuracy: 0.5223
2026-02-06 17:25:54,433 - ADV_Generation_eps_0.0_steps_0_Added_Noise_uniform_Eps_40.0_Tau_Type_normal_anchors - INFO - Batch 1617/1692: Clean accuracy 0.6234 | Adv accuracy: 0.6234 | Counter-attack accuracy: 0.5220
2026-02-06 17:25:54,686 - ADV_Generation_eps_0.0_steps_0_Added_Noise_uniform_Eps_40.0_Tau_Type_normal_anchors - INFO - Batch 1618/1692: Clean accuracy 0.6236 | Adv accuracy: 0.6236 | Counter-attack accuracy: 0.5222
2026-02-06 17:25:54,940 - ADV_Generation_eps_0.0_steps_0_Added_Noise_uniform_Eps_40.0_Tau_Type_normal_anchors - INFO - Batch 1619/1692: Clean accuracy 0.6238 | Adv accuracy: 0.6238 | Counter-attack accuracy: 0.5225
2026-02-06 17:25:55,194 - ADV_Generation_eps_0.0_steps_0_Added_Noise_uniform_Eps_40.0_Tau_Type_normal_anchors - INFO - Batch 1620/1692: Clean accuracy 0.6241 | Adv accuracy: 0.6241 | Counter-attack accuracy: 0.5228
2026-02-06 17:25:55,448 - ADV_Generation_eps_0.0_steps_0_Added_Noise_uniform_Eps_40.0_Tau_Type_normal_anchors - INFO - Batch 1621/1692: Clean accuracy 0.6243 | Adv accuracy: 0.6243 | Counter-attack accuracy: 0.5225
2026-02-06 17:25:55,702 - ADV_Generation_eps_0.0_steps_0_Added_Noise_uniform_Eps_40.0_Tau_Type_normal_anchors - INFO - Batch 1622/1692: Clean accuracy 0.6239 | Adv accuracy: 0.6239 | Counter-attack accuracy: 0.5222
2026-02-06 17:25:55,955 - ADV_Generation_eps_0.0_steps_0_Added_Noise_uniform_Eps_40.0_Tau_Type_normal_anchors - INFO - Batch 1623/1692: Clean accuracy 0.6235 | Adv accuracy: 0.6235 | Counter-attack accuracy: 0.5219
2026-02-06 17:25:56,209 - ADV_Generation_eps_0.0_steps_0_Added_Noise_uniform_Eps_40.0_Tau_Type_normal_anchors - INFO - Batch 1624/1692: Clean accuracy 0.6238 | Adv accuracy: 0.6238 | Counter-attack accuracy: 0.5216
2026-02-06 17:25:56,463 - ADV_Generation_eps_0.0_steps_0_Added_Noise_uniform_Eps_40.0_Tau_Type_normal_anchors - INFO - Batch 1625/1692: Clean accuracy 0.6234 | Adv accuracy: 0.6234 | Counter-attack accuracy: 0.5218
2026-02-06 17:25:56,717 - ADV_Generation_eps_0.0_steps_0_Added_Noise_uniform_Eps_40.0_Tau_Type_normal_anchors - INFO - Batch 1626/1692: Clean accuracy 0.6236 | Adv accuracy: 0.6236 | Counter-attack accuracy: 0.5215
2026-02-06 17:25:56,970 - ADV_Generation_eps_0.0_steps_0_Added_Noise_uniform_Eps_40.0_Tau_Type_normal_anchors - INFO - Batch 1627/1692: Clean accuracy 0.6232 | Adv accuracy: 0.6232 | Counter-attack accuracy: 0.5218
2026-02-06 17:25:57,224 - ADV_Generation_eps_0.0_steps_0_Added_Noise_uniform_Eps_40.0_Tau_Type_normal_anchors - INFO - Batch 1628/1692: Clean accuracy 0.6229 | Adv accuracy: 0.6229 | Counter-attack accuracy: 0.5215
2026-02-06 17:25:57,478 - ADV_Generation_eps_0.0_steps_0_Added_Noise_uniform_Eps_40.0_Tau_Type_normal_anchors - INFO - Batch 1629/1692: Clean accuracy 0.6225 | Adv accuracy: 0.6225 | Counter-attack accuracy: 0.5212
2026-02-06 17:25:57,732 - ADV_Generation_eps_0.0_steps_0_Added_Noise_uniform_Eps_40.0_Tau_Type_normal_anchors - INFO - Batch 1630/1692: Clean accuracy 0.6221 | Adv accuracy: 0.6221 | Counter-attack accuracy: 0.5209
2026-02-06 17:25:57,986 - ADV_Generation_eps_0.0_steps_0_Added_Noise_uniform_Eps_40.0_Tau_Type_normal_anchors - INFO - Batch 1631/1692: Clean accuracy 0.6223 | Adv accuracy: 0.6223 | Counter-attack accuracy: 0.5205
2026-02-06 17:25:58,240 - ADV_Generation_eps_0.0_steps_0_Added_Noise_uniform_Eps_40.0_Tau_Type_normal_anchors - INFO - Batch 1632/1692: Clean accuracy 0.6225 | Adv accuracy: 0.6225 | Counter-attack accuracy: 0.5202
2026-02-06 17:25:58,493 - ADV_Generation_eps_0.0_steps_0_Added_Noise_uniform_Eps_40.0_Tau_Type_normal_anchors - INFO - Batch 1633/1692: Clean accuracy 0.6222 | Adv accuracy: 0.6222 | Counter-attack accuracy: 0.5199
2026-02-06 17:25:58,747 - ADV_Generation_eps_0.0_steps_0_Added_Noise_uniform_Eps_40.0_Tau_Type_normal_anchors - INFO - Batch 1634/1692: Clean accuracy 0.6218 | Adv accuracy: 0.6218 | Counter-attack accuracy: 0.5196
2026-02-06 17:25:59,001 - ADV_Generation_eps_0.0_steps_0_Added_Noise_uniform_Eps_40.0_Tau_Type_normal_anchors - INFO - Batch 1635/1692: Clean accuracy 0.6214 | Adv accuracy: 0.6214 | Counter-attack accuracy: 0.5193
2026-02-06 17:25:59,255 - ADV_Generation_eps_0.0_steps_0_Added_Noise_uniform_Eps_40.0_Tau_Type_normal_anchors - INFO - Batch 1636/1692: Clean accuracy 0.6210 | Adv accuracy: 0.6210 | Counter-attack accuracy: 0.5189
2026-02-06 17:25:59,509 - ADV_Generation_eps_0.0_steps_0_Added_Noise_uniform_Eps_40.0_Tau_Type_normal_anchors - INFO - Batch 1637/1692: Clean accuracy 0.6206 | Adv accuracy: 0.6206 | Counter-attack accuracy: 0.5186
2026-02-06 17:25:59,762 - ADV_Generation_eps_0.0_steps_0_Added_Noise_uniform_Eps_40.0_Tau_Type_normal_anchors - INFO - Batch 1638/1692: Clean accuracy 0.6209 | Adv accuracy: 0.6209 | Counter-attack accuracy: 0.5183
2026-02-06 17:26:00,016 - ADV_Generation_eps_0.0_steps_0_Added_Noise_uniform_Eps_40.0_Tau_Type_normal_anchors - INFO - Batch 1639/1692: Clean accuracy 0.6211 | Adv accuracy: 0.6211 | Counter-attack accuracy: 0.5186
2026-02-06 17:26:00,270 - ADV_Generation_eps_0.0_steps_0_Added_Noise_uniform_Eps_40.0_Tau_Type_normal_anchors - INFO - Batch 1640/1692: Clean accuracy 0.6213 | Adv accuracy: 0.6213 | Counter-attack accuracy: 0.5183
2026-02-06 17:26:00,524 - ADV_Generation_eps_0.0_steps_0_Added_Noise_uniform_Eps_40.0_Tau_Type_normal_anchors - INFO - Batch 1641/1692: Clean accuracy 0.6216 | Adv accuracy: 0.6216 | Counter-attack accuracy: 0.5180
2026-02-06 17:26:00,778 - ADV_Generation_eps_0.0_steps_0_Added_Noise_uniform_Eps_40.0_Tau_Type_normal_anchors - INFO - Batch 1642/1692: Clean accuracy 0.6218 | Adv accuracy: 0.6218 | Counter-attack accuracy: 0.5177
2026-02-06 17:26:01,031 - ADV_Generation_eps_0.0_steps_0_Added_Noise_uniform_Eps_40.0_Tau_Type_normal_anchors - INFO - Batch 1643/1692: Clean accuracy 0.6214 | Adv accuracy: 0.6214 | Counter-attack accuracy: 0.5173
2026-02-06 17:26:01,285 - ADV_Generation_eps_0.0_steps_0_Added_Noise_uniform_Eps_40.0_Tau_Type_normal_anchors - INFO - Batch 1644/1692: Clean accuracy 0.6217 | Adv accuracy: 0.6217 | Counter-attack accuracy: 0.5170
2026-02-06 17:26:01,539 - ADV_Generation_eps_0.0_steps_0_Added_Noise_uniform_Eps_40.0_Tau_Type_normal_anchors - INFO - Batch 1645/1692: Clean accuracy 0.6219 | Adv accuracy: 0.6219 | Counter-attack accuracy: 0.5173
2026-02-06 17:26:01,793 - ADV_Generation_eps_0.0_steps_0_Added_Noise_uniform_Eps_40.0_Tau_Type_normal_anchors - INFO - Batch 1646/1692: Clean accuracy 0.6221 | Adv accuracy: 0.6221 | Counter-attack accuracy: 0.5176
2026-02-06 17:26:02,046 - ADV_Generation_eps_0.0_steps_0_Added_Noise_uniform_Eps_40.0_Tau_Type_normal_anchors - INFO - Batch 1647/1692: Clean accuracy 0.6217 | Adv accuracy: 0.6217 | Counter-attack accuracy: 0.5173
2026-02-06 17:26:02,300 - ADV_Generation_eps_0.0_steps_0_Added_Noise_uniform_Eps_40.0_Tau_Type_normal_anchors - INFO - Batch 1648/1692: Clean accuracy 0.6220 | Adv accuracy: 0.6220 | Counter-attack accuracy: 0.5170
2026-02-06 17:26:02,554 - ADV_Generation_eps_0.0_steps_0_Added_Noise_uniform_Eps_40.0_Tau_Type_normal_anchors - INFO - Batch 1649/1692: Clean accuracy 0.6222 | Adv accuracy: 0.6222 | Counter-attack accuracy: 0.5167
2026-02-06 17:26:02,808 - ADV_Generation_eps_0.0_steps_0_Added_Noise_uniform_Eps_40.0_Tau_Type_normal_anchors - INFO - Batch 1650/1692: Clean accuracy 0.6224 | Adv accuracy: 0.6224 | Counter-attack accuracy: 0.5164
2026-02-06 17:26:03,061 - ADV_Generation_eps_0.0_steps_0_Added_Noise_uniform_Eps_40.0_Tau_Type_normal_anchors - INFO - Batch 1651/1692: Clean accuracy 0.6227 | Adv accuracy: 0.6227 | Counter-attack accuracy: 0.5161
2026-02-06 17:26:03,315 - ADV_Generation_eps_0.0_steps_0_Added_Noise_uniform_Eps_40.0_Tau_Type_normal_anchors - INFO - Batch 1652/1692: Clean accuracy 0.6229 | Adv accuracy: 0.6229 | Counter-attack accuracy: 0.5157
2026-02-06 17:26:03,569 - ADV_Generation_eps_0.0_steps_0_Added_Noise_uniform_Eps_40.0_Tau_Type_normal_anchors - INFO - Batch 1653/1692: Clean accuracy 0.6225 | Adv accuracy: 0.6225 | Counter-attack accuracy: 0.5154
2026-02-06 17:26:03,822 - ADV_Generation_eps_0.0_steps_0_Added_Noise_uniform_Eps_40.0_Tau_Type_normal_anchors - INFO - Batch 1654/1692: Clean accuracy 0.6221 | Adv accuracy: 0.6221 | Counter-attack accuracy: 0.5151
2026-02-06 17:26:04,076 - ADV_Generation_eps_0.0_steps_0_Added_Noise_uniform_Eps_40.0_Tau_Type_normal_anchors - INFO - Batch 1655/1692: Clean accuracy 0.6218 | Adv accuracy: 0.6218 | Counter-attack accuracy: 0.5148
2026-02-06 17:26:04,330 - ADV_Generation_eps_0.0_steps_0_Added_Noise_uniform_Eps_40.0_Tau_Type_normal_anchors - INFO - Batch 1656/1692: Clean accuracy 0.6220 | Adv accuracy: 0.6220 | Counter-attack accuracy: 0.5145
2026-02-06 17:26:04,584 - ADV_Generation_eps_0.0_steps_0_Added_Noise_uniform_Eps_40.0_Tau_Type_normal_anchors - INFO - Batch 1657/1692: Clean accuracy 0.6222 | Adv accuracy: 0.6222 | Counter-attack accuracy: 0.5148
2026-02-06 17:26:04,838 - ADV_Generation_eps_0.0_steps_0_Added_Noise_uniform_Eps_40.0_Tau_Type_normal_anchors - INFO - Batch 1658/1692: Clean accuracy 0.6224 | Adv accuracy: 0.6224 | Counter-attack accuracy: 0.5151
2026-02-06 17:26:05,094 - ADV_Generation_eps_0.0_steps_0_Added_Noise_uniform_Eps_40.0_Tau_Type_normal_anchors - INFO - Batch 1659/1692: Clean accuracy 0.6227 | Adv accuracy: 0.6227 | Counter-attack accuracy: 0.5154
2026-02-06 17:26:05,349 - ADV_Generation_eps_0.0_steps_0_Added_Noise_uniform_Eps_40.0_Tau_Type_normal_anchors - INFO - Batch 1660/1692: Clean accuracy 0.6223 | Adv accuracy: 0.6223 | Counter-attack accuracy: 0.5157
2026-02-06 17:26:05,608 - ADV_Generation_eps_0.0_steps_0_Added_Noise_uniform_Eps_40.0_Tau_Type_normal_anchors - INFO - Batch 1661/1692: Clean accuracy 0.6225 | Adv accuracy: 0.6225 | Counter-attack accuracy: 0.5160
2026-02-06 17:26:05,862 - ADV_Generation_eps_0.0_steps_0_Added_Noise_uniform_Eps_40.0_Tau_Type_normal_anchors - INFO - Batch 1662/1692: Clean accuracy 0.6227 | Adv accuracy: 0.6227 | Counter-attack accuracy: 0.5162
2026-02-06 17:26:06,116 - ADV_Generation_eps_0.0_steps_0_Added_Noise_uniform_Eps_40.0_Tau_Type_normal_anchors - INFO - Batch 1663/1692: Clean accuracy 0.6230 | Adv accuracy: 0.6230 | Counter-attack accuracy: 0.5165
2026-02-06 17:26:06,369 - ADV_Generation_eps_0.0_steps_0_Added_Noise_uniform_Eps_40.0_Tau_Type_normal_anchors - INFO - Batch 1664/1692: Clean accuracy 0.6232 | Adv accuracy: 0.6232 | Counter-attack accuracy: 0.5168
2026-02-06 17:26:06,623 - ADV_Generation_eps_0.0_steps_0_Added_Noise_uniform_Eps_40.0_Tau_Type_normal_anchors - INFO - Batch 1665/1692: Clean accuracy 0.6234 | Adv accuracy: 0.6234 | Counter-attack accuracy: 0.5171
2026-02-06 17:26:06,877 - ADV_Generation_eps_0.0_steps_0_Added_Noise_uniform_Eps_40.0_Tau_Type_normal_anchors - INFO - Batch 1666/1692: Clean accuracy 0.6236 | Adv accuracy: 0.6236 | Counter-attack accuracy: 0.5174
2026-02-06 17:26:07,131 - ADV_Generation_eps_0.0_steps_0_Added_Noise_uniform_Eps_40.0_Tau_Type_normal_anchors - INFO - Batch 1667/1692: Clean accuracy 0.6239 | Adv accuracy: 0.6239 | Counter-attack accuracy: 0.5177
2026-02-06 17:26:07,385 - ADV_Generation_eps_0.0_steps_0_Added_Noise_uniform_Eps_40.0_Tau_Type_normal_anchors - INFO - Batch 1668/1692: Clean accuracy 0.6241 | Adv accuracy: 0.6241 | Counter-attack accuracy: 0.5180
2026-02-06 17:26:07,639 - ADV_Generation_eps_0.0_steps_0_Added_Noise_uniform_Eps_40.0_Tau_Type_normal_anchors - INFO - Batch 1669/1692: Clean accuracy 0.6243 | Adv accuracy: 0.6243 | Counter-attack accuracy: 0.5183
2026-02-06 17:26:07,893 - ADV_Generation_eps_0.0_steps_0_Added_Noise_uniform_Eps_40.0_Tau_Type_normal_anchors - INFO - Batch 1670/1692: Clean accuracy 0.6246 | Adv accuracy: 0.6246 | Counter-attack accuracy: 0.5186
2026-02-06 17:26:08,147 - ADV_Generation_eps_0.0_steps_0_Added_Noise_uniform_Eps_40.0_Tau_Type_normal_anchors - INFO - Batch 1671/1692: Clean accuracy 0.6248 | Adv accuracy: 0.6248 | Counter-attack accuracy: 0.5189
2026-02-06 17:26:08,401 - ADV_Generation_eps_0.0_steps_0_Added_Noise_uniform_Eps_40.0_Tau_Type_normal_anchors - INFO - Batch 1672/1692: Clean accuracy 0.6244 | Adv accuracy: 0.6244 | Counter-attack accuracy: 0.5185
2026-02-06 17:26:08,655 - ADV_Generation_eps_0.0_steps_0_Added_Noise_uniform_Eps_40.0_Tau_Type_normal_anchors - INFO - Batch 1673/1692: Clean accuracy 0.6246 | Adv accuracy: 0.6246 | Counter-attack accuracy: 0.5188
2026-02-06 17:26:08,909 - ADV_Generation_eps_0.0_steps_0_Added_Noise_uniform_Eps_40.0_Tau_Type_normal_anchors - INFO - Batch 1674/1692: Clean accuracy 0.6249 | Adv accuracy: 0.6249 | Counter-attack accuracy: 0.5191
2026-02-06 17:26:09,163 - ADV_Generation_eps_0.0_steps_0_Added_Noise_uniform_Eps_40.0_Tau_Type_normal_anchors - INFO - Batch 1675/1692: Clean accuracy 0.6251 | Adv accuracy: 0.6251 | Counter-attack accuracy: 0.5194
2026-02-06 17:26:09,417 - ADV_Generation_eps_0.0_steps_0_Added_Noise_uniform_Eps_40.0_Tau_Type_normal_anchors - INFO - Batch 1676/1692: Clean accuracy 0.6253 | Adv accuracy: 0.6253 | Counter-attack accuracy: 0.5197
2026-02-06 17:26:09,671 - ADV_Generation_eps_0.0_steps_0_Added_Noise_uniform_Eps_40.0_Tau_Type_normal_anchors - INFO - Batch 1677/1692: Clean accuracy 0.6255 | Adv accuracy: 0.6255 | Counter-attack accuracy: 0.5200
2026-02-06 17:26:09,925 - ADV_Generation_eps_0.0_steps_0_Added_Noise_uniform_Eps_40.0_Tau_Type_normal_anchors - INFO - Batch 1678/1692: Clean accuracy 0.6257 | Adv accuracy: 0.6257 | Counter-attack accuracy: 0.5203
2026-02-06 17:26:10,178 - ADV_Generation_eps_0.0_steps_0_Added_Noise_uniform_Eps_40.0_Tau_Type_normal_anchors - INFO - Batch 1679/1692: Clean accuracy 0.6260 | Adv accuracy: 0.6260 | Counter-attack accuracy: 0.5205
2026-02-06 17:26:10,432 - ADV_Generation_eps_0.0_steps_0_Added_Noise_uniform_Eps_40.0_Tau_Type_normal_anchors - INFO - Batch 1680/1692: Clean accuracy 0.6262 | Adv accuracy: 0.6262 | Counter-attack accuracy: 0.5208
2026-02-06 17:26:10,686 - ADV_Generation_eps_0.0_steps_0_Added_Noise_uniform_Eps_40.0_Tau_Type_normal_anchors - INFO - Batch 1681/1692: Clean accuracy 0.6264 | Adv accuracy: 0.6264 | Counter-attack accuracy: 0.5211
2026-02-06 17:26:10,941 - ADV_Generation_eps_0.0_steps_0_Added_Noise_uniform_Eps_40.0_Tau_Type_normal_anchors - INFO - Batch 1682/1692: Clean accuracy 0.6266 | Adv accuracy: 0.6266 | Counter-attack accuracy: 0.5214
2026-02-06 17:26:11,195 - ADV_Generation_eps_0.0_steps_0_Added_Noise_uniform_Eps_40.0_Tau_Type_normal_anchors - INFO - Batch 1683/1692: Clean accuracy 0.6269 | Adv accuracy: 0.6269 | Counter-attack accuracy: 0.5217
2026-02-06 17:26:11,450 - ADV_Generation_eps_0.0_steps_0_Added_Noise_uniform_Eps_40.0_Tau_Type_normal_anchors - INFO - Batch 1684/1692: Clean accuracy 0.6271 | Adv accuracy: 0.6271 | Counter-attack accuracy: 0.5220
2026-02-06 17:26:11,704 - ADV_Generation_eps_0.0_steps_0_Added_Noise_uniform_Eps_40.0_Tau_Type_normal_anchors - INFO - Batch 1685/1692: Clean accuracy 0.6273 | Adv accuracy: 0.6273 | Counter-attack accuracy: 0.5223
2026-02-06 17:26:11,958 - ADV_Generation_eps_0.0_steps_0_Added_Noise_uniform_Eps_40.0_Tau_Type_normal_anchors - INFO - Batch 1686/1692: Clean accuracy 0.6275 | Adv accuracy: 0.6275 | Counter-attack accuracy: 0.5225
2026-02-06 17:26:12,212 - ADV_Generation_eps_0.0_steps_0_Added_Noise_uniform_Eps_40.0_Tau_Type_normal_anchors - INFO - Batch 1687/1692: Clean accuracy 0.6277 | Adv accuracy: 0.6277 | Counter-attack accuracy: 0.5228
2026-02-06 17:26:12,466 - ADV_Generation_eps_0.0_steps_0_Added_Noise_uniform_Eps_40.0_Tau_Type_normal_anchors - INFO - Batch 1688/1692: Clean accuracy 0.6280 | Adv accuracy: 0.6280 | Counter-attack accuracy: 0.5231
2026-02-06 17:26:12,720 - ADV_Generation_eps_0.0_steps_0_Added_Noise_uniform_Eps_40.0_Tau_Type_normal_anchors - INFO - Batch 1689/1692: Clean accuracy 0.6282 | Adv accuracy: 0.6282 | Counter-attack accuracy: 0.5234
2026-02-06 17:26:12,975 - ADV_Generation_eps_0.0_steps_0_Added_Noise_uniform_Eps_40.0_Tau_Type_normal_anchors - INFO - Batch 1690/1692: Clean accuracy 0.6284 | Adv accuracy: 0.6284 | Counter-attack accuracy: 0.5237
2026-02-06 17:26:13,229 - ADV_Generation_eps_0.0_steps_0_Added_Noise_uniform_Eps_40.0_Tau_Type_normal_anchors - INFO - Batch 1691/1692: Clean accuracy 0.6286 | Adv accuracy: 0.6286 | Counter-attack accuracy: 0.5240
2026-02-06 17:26:13,483 - ADV_Generation_eps_0.0_steps_0_Added_Noise_uniform_Eps_40.0_Tau_Type_normal_anchors - INFO - Batch 1692/1692: Clean accuracy 0.6288 | Adv accuracy: 0.6288 | Counter-attack accuracy: 0.5242
2026-02-06 17:26:13,537 - ADV_Generation_eps_0.0_steps_0_Added_Noise_uniform_Eps_40.0_Tau_Type_normal_anchors - INFO - Verification - Clean Accuracy: 0.6288 vs 0.6288
2026-02-06 17:26:13,538 - ADV_Generation_eps_0.0_steps_0_Added_Noise_uniform_Eps_40.0_Tau_Type_normal_anchors - INFO - Verification - Adversarial Accuracy: 0.6288 vs 0.6288
2026-02-06 17:26:13,538 - ADV_Generation_eps_0.0_steps_0_Added_Noise_uniform_Eps_40.0_Tau_Type_normal_anchors - INFO - Verification - Counter-attack Accuracy: 0.5242 vs 0.5242
2026-02-06 17:26:13,538 - ADV_Generation_eps_0.0_steps_0_Added_Noise_uniform_Eps_40.0_Tau_Type_normal_anchors - INFO - Final Clean accuracy: 0.6288 | Adversarial accuracy: 0.6288 | Counter-attack accuracy: 0.5242
2026-02-06 17:26:13,543 - ADV_Generation_eps_0.0_steps_0_Added_Noise_uniform_Eps_40.0_Tau_Type_normal_anchors - INFO - Adversarial image generation completed. Results
