2026-01-22 21:16:38,982 - ADV_Generation_eps_1.0_steps_100_Added_Noise_uniform_Eps_40.0_Tau_Type_normal_anchors - INFO - ==========================================
data:/leonardo_work/EUHPC_R04_192/fmohamma/Adversarial_Robust_Clip/atpt_data/downstream_datasets
test_sets:Caltech101
dataset_mode:test
arch:vit_l_14_datacomp_1b
resolution:224
transferability:False
source_model:fare4
workers:4
no_pin_memory:False
batch_size:1
adv_bs:1
print_freq:20
gpu:0
no_cudnn_benchmark:False
n_ctx:4
ctx_init:a_photo_of_a
seed:0
output_dir:/leonardo_work/EUHPC_R04_192/fmohamma/Adversarial_Robust_Clip/atpt_data/vit_l_14_datacomp_1b/Caltech101
log_output_dir:/leonardo_work/EUHPC_R04_192/fmohamma/Adversarial_Robust_Clip/ATPT/Diffratio_Adv_gen_Results/vit_l_14_datacomp_1b/Caltech101/ADV_Generation_eps_1.0_steps_100_Added_Noise_uniform_Eps_40.0_Tau_Type_normal_anchors
image_only_attack:False
image_only_attack_type:prm
image_predicted_label_attack:False
eps:1.0
alpha:0.25
alpha_eps_ratio:4.0
steps:100
counter_attack:True
counter_attack_type:pgd
counter_attack_steps:0
counter_attack_eps:40.0
counter_attack_alpha:1.0
counter_attack_tau_thres:0.2
counter_attack_beta:2.0
counter_attack_weighted_perturbations:True
counter_attack_init_noise:uniform
counter_attack_gaussian_sigma:0.03
counter_attack_noisy_tau_num_anchors:10
counter_attack_tau:normal_anchors
pgd_clip_pure_i_text_embeddings:null
pgd_counter_and_clipure_i_lamda:1.0
image_feature_purify:False
image_feature_purify_type:noisy_anchor
image_feature_purify_noisy_anchors:10
image_feature_purify_anchors_alpha:1.2
image_feature_purify_noisy_sigma:0.18
image_feature_purify_diff_threshold:0.0
image_feature_clipure_steps:10
image_feature_clipure_step_size:10.0
save_plots:False
lr:0.005
selection_p:0.1
tta_steps:1
top_k:20
softmax_temp:0.01
load_tecoa:

2026-01-22 21:16:38,983 - ADV_Generation_eps_1.0_steps_100_Added_Noise_uniform_Eps_40.0_Tau_Type_normal_anchors - INFO - Use GPU: 0 for training
2026-01-22 21:18:13,356 - ADV_Generation_eps_1.0_steps_100_Added_Noise_uniform_Eps_40.0_Tau_Type_normal_anchors - INFO - => Model created: visual backbone vit_l_14_datacomp_1b
2026-01-22 21:18:13,377 - ADV_Generation_eps_1.0_steps_100_Added_Noise_uniform_Eps_40.0_Tau_Type_normal_anchors - INFO - Number of test samples: 2465
2026-01-22 21:18:13,377 - ADV_Generation_eps_1.0_steps_100_Added_Noise_uniform_Eps_40.0_Tau_Type_normal_anchors - INFO - Evaluating dataset: Caltech101
2026-01-22 21:18:13,379 - ADV_Generation_eps_1.0_steps_100_Added_Noise_uniform_Eps_40.0_Tau_Type_normal_anchors - INFO - Starting evaluation with batch size: 1, selection percentage: 0.1
2026-01-22 21:18:13,379 - ADV_Generation_eps_1.0_steps_100_Added_Noise_uniform_Eps_40.0_Tau_Type_normal_anchors - INFO - Using counter-attack with epsilon: 40.000000, alpha: 1.000000, steps: 0
2026-01-22 21:18:13,379 - ADV_Generation_eps_1.0_steps_100_Added_Noise_uniform_Eps_40.0_Tau_Type_normal_anchors - INFO - Adversarial examples will be loaded from /leonardo_work/EUHPC_R04_192/fmohamma/Adversarial_Robust_Clip/atpt_data/vit_l_14_datacomp_1b/Caltech101/adv_images_eps_1.0_alpha_0.25_steps_100 and evaluated on vit_l_14_datacomp_1b
2026-01-22 21:18:13,380 - ADV_Generation_eps_1.0_steps_100_Added_Noise_uniform_Eps_40.0_Tau_Type_normal_anchors - INFO - Using directory for adversarial images: /leonardo_work/EUHPC_R04_192/fmohamma/Adversarial_Robust_Clip/atpt_data/vit_l_14_datacomp_1b/Caltech101/adv_images_eps_1.0_alpha_0.25_steps_100
2026-01-22 21:18:13,728 - ADV_Generation_eps_1.0_steps_100_Added_Noise_uniform_Eps_40.0_Tau_Type_normal_anchors - INFO - Batch:[0] Adversarial images for this batch already exist
2026-01-22 21:18:15,211 - ADV_Generation_eps_1.0_steps_100_Added_Noise_uniform_Eps_40.0_Tau_Type_normal_anchors - INFO - Batch 1/2465: Clean accuracy 1.0000 | Adv accuracy: 0.0000 | Counter-attack accuracy: 1.0000
2026-01-22 21:18:15,213 - ADV_Generation_eps_1.0_steps_100_Added_Noise_uniform_Eps_40.0_Tau_Type_normal_anchors - INFO - Batch:[1] Adversarial images for this batch already exist
2026-01-22 21:18:15,538 - ADV_Generation_eps_1.0_steps_100_Added_Noise_uniform_Eps_40.0_Tau_Type_normal_anchors - INFO - Batch 2/2465: Clean accuracy 1.0000 | Adv accuracy: 0.0000 | Counter-attack accuracy: 1.0000
2026-01-22 21:18:15,544 - ADV_Generation_eps_1.0_steps_100_Added_Noise_uniform_Eps_40.0_Tau_Type_normal_anchors - INFO - Batch:[2] Adversarial images for this batch already exist
2026-01-22 21:18:15,872 - ADV_Generation_eps_1.0_steps_100_Added_Noise_uniform_Eps_40.0_Tau_Type_normal_anchors - INFO - Batch 3/2465: Clean accuracy 1.0000 | Adv accuracy: 0.0000 | Counter-attack accuracy: 1.0000
2026-01-22 21:18:15,874 - ADV_Generation_eps_1.0_steps_100_Added_Noise_uniform_Eps_40.0_Tau_Type_normal_anchors - INFO - Batch:[3] Adversarial images for this batch already exist
2026-01-22 21:18:16,199 - ADV_Generation_eps_1.0_steps_100_Added_Noise_uniform_Eps_40.0_Tau_Type_normal_anchors - INFO - Batch 4/2465: Clean accuracy 1.0000 | Adv accuracy: 0.0000 | Counter-attack accuracy: 1.0000
2026-01-22 21:18:16,201 - ADV_Generation_eps_1.0_steps_100_Added_Noise_uniform_Eps_40.0_Tau_Type_normal_anchors - INFO - Batch:[4] Adversarial images for this batch already exist
2026-01-22 21:18:16,528 - ADV_Generation_eps_1.0_steps_100_Added_Noise_uniform_Eps_40.0_Tau_Type_normal_anchors - INFO - Batch 5/2465: Clean accuracy 1.0000 | Adv accuracy: 0.0000 | Counter-attack accuracy: 1.0000
2026-01-22 21:18:16,529 - ADV_Generation_eps_1.0_steps_100_Added_Noise_uniform_Eps_40.0_Tau_Type_normal_anchors - INFO - Batch:[5] Adversarial images for this batch already exist
2026-01-22 21:18:16,858 - ADV_Generation_eps_1.0_steps_100_Added_Noise_uniform_Eps_40.0_Tau_Type_normal_anchors - INFO - Batch 6/2465: Clean accuracy 1.0000 | Adv accuracy: 0.0000 | Counter-attack accuracy: 1.0000
2026-01-22 21:18:16,859 - ADV_Generation_eps_1.0_steps_100_Added_Noise_uniform_Eps_40.0_Tau_Type_normal_anchors - INFO - Batch:[6] Adversarial images for this batch already exist
2026-01-22 21:18:17,193 - ADV_Generation_eps_1.0_steps_100_Added_Noise_uniform_Eps_40.0_Tau_Type_normal_anchors - INFO - Batch 7/2465: Clean accuracy 1.0000 | Adv accuracy: 0.0000 | Counter-attack accuracy: 1.0000
2026-01-22 21:18:17,195 - ADV_Generation_eps_1.0_steps_100_Added_Noise_uniform_Eps_40.0_Tau_Type_normal_anchors - INFO - Batch:[7] Adversarial images for this batch already exist
2026-01-22 21:18:17,525 - ADV_Generation_eps_1.0_steps_100_Added_Noise_uniform_Eps_40.0_Tau_Type_normal_anchors - INFO - Batch 8/2465: Clean accuracy 1.0000 | Adv accuracy: 0.0000 | Counter-attack accuracy: 1.0000
2026-01-22 21:18:17,526 - ADV_Generation_eps_1.0_steps_100_Added_Noise_uniform_Eps_40.0_Tau_Type_normal_anchors - INFO - Batch:[8] Adversarial images for this batch already exist
2026-01-22 21:18:17,857 - ADV_Generation_eps_1.0_steps_100_Added_Noise_uniform_Eps_40.0_Tau_Type_normal_anchors - INFO - Batch 9/2465: Clean accuracy 1.0000 | Adv accuracy: 0.0000 | Counter-attack accuracy: 1.0000
2026-01-22 21:18:17,860 - ADV_Generation_eps_1.0_steps_100_Added_Noise_uniform_Eps_40.0_Tau_Type_normal_anchors - INFO - Batch:[9] Adversarial images for this batch already exist
2026-01-22 21:18:18,186 - ADV_Generation_eps_1.0_steps_100_Added_Noise_uniform_Eps_40.0_Tau_Type_normal_anchors - INFO - Batch 10/2465: Clean accuracy 1.0000 | Adv accuracy: 0.0000 | Counter-attack accuracy: 1.0000
2026-01-22 21:18:18,187 - ADV_Generation_eps_1.0_steps_100_Added_Noise_uniform_Eps_40.0_Tau_Type_normal_anchors - INFO - Batch:[10] Adversarial images for this batch already exist
2026-01-22 21:18:18,549 - ADV_Generation_eps_1.0_steps_100_Added_Noise_uniform_Eps_40.0_Tau_Type_normal_anchors - INFO - Batch 11/2465: Clean accuracy 1.0000 | Adv accuracy: 0.0000 | Counter-attack accuracy: 1.0000
2026-01-22 21:18:18,550 - ADV_Generation_eps_1.0_steps_100_Added_Noise_uniform_Eps_40.0_Tau_Type_normal_anchors - INFO - Batch:[11] Adversarial images for this batch already exist
2026-01-22 21:18:18,895 - ADV_Generation_eps_1.0_steps_100_Added_Noise_uniform_Eps_40.0_Tau_Type_normal_anchors - INFO - Batch 12/2465: Clean accuracy 1.0000 | Adv accuracy: 0.0000 | Counter-attack accuracy: 1.0000
2026-01-22 21:18:18,897 - ADV_Generation_eps_1.0_steps_100_Added_Noise_uniform_Eps_40.0_Tau_Type_normal_anchors - INFO - Batch:[12] Adversarial images for this batch already exist
2026-01-22 21:18:19,225 - ADV_Generation_eps_1.0_steps_100_Added_Noise_uniform_Eps_40.0_Tau_Type_normal_anchors - INFO - Batch 13/2465: Clean accuracy 1.0000 | Adv accuracy: 0.0000 | Counter-attack accuracy: 1.0000
2026-01-22 21:18:19,227 - ADV_Generation_eps_1.0_steps_100_Added_Noise_uniform_Eps_40.0_Tau_Type_normal_anchors - INFO - Batch:[13] Adversarial images for this batch already exist
2026-01-22 21:18:19,549 - ADV_Generation_eps_1.0_steps_100_Added_Noise_uniform_Eps_40.0_Tau_Type_normal_anchors - INFO - Batch 14/2465: Clean accuracy 1.0000 | Adv accuracy: 0.0000 | Counter-attack accuracy: 1.0000
2026-01-22 21:18:19,550 - ADV_Generation_eps_1.0_steps_100_Added_Noise_uniform_Eps_40.0_Tau_Type_normal_anchors - INFO - Batch:[14] Adversarial images for this batch already exist
2026-01-22 21:18:19,877 - ADV_Generation_eps_1.0_steps_100_Added_Noise_uniform_Eps_40.0_Tau_Type_normal_anchors - INFO - Batch 15/2465: Clean accuracy 1.0000 | Adv accuracy: 0.0000 | Counter-attack accuracy: 1.0000
2026-01-22 21:18:19,879 - ADV_Generation_eps_1.0_steps_100_Added_Noise_uniform_Eps_40.0_Tau_Type_normal_anchors - INFO - Batch:[15] Adversarial images for this batch already exist
2026-01-22 21:18:20,203 - ADV_Generation_eps_1.0_steps_100_Added_Noise_uniform_Eps_40.0_Tau_Type_normal_anchors - INFO - Batch 16/2465: Clean accuracy 1.0000 | Adv accuracy: 0.0000 | Counter-attack accuracy: 1.0000
2026-01-22 21:18:20,205 - ADV_Generation_eps_1.0_steps_100_Added_Noise_uniform_Eps_40.0_Tau_Type_normal_anchors - INFO - Batch:[16] Adversarial images for this batch already exist
2026-01-22 21:18:20,529 - ADV_Generation_eps_1.0_steps_100_Added_Noise_uniform_Eps_40.0_Tau_Type_normal_anchors - INFO - Batch 17/2465: Clean accuracy 1.0000 | Adv accuracy: 0.0000 | Counter-attack accuracy: 1.0000
2026-01-22 21:18:20,530 - ADV_Generation_eps_1.0_steps_100_Added_Noise_uniform_Eps_40.0_Tau_Type_normal_anchors - INFO - Batch:[17] Adversarial images for this batch already exist
2026-01-22 21:18:20,907 - ADV_Generation_eps_1.0_steps_100_Added_Noise_uniform_Eps_40.0_Tau_Type_normal_anchors - INFO - Batch 18/2465: Clean accuracy 1.0000 | Adv accuracy: 0.0000 | Counter-attack accuracy: 1.0000
2026-01-22 21:18:20,908 - ADV_Generation_eps_1.0_steps_100_Added_Noise_uniform_Eps_40.0_Tau_Type_normal_anchors - INFO - Batch:[18] Adversarial images for this batch already exist
2026-01-22 21:18:21,239 - ADV_Generation_eps_1.0_steps_100_Added_Noise_uniform_Eps_40.0_Tau_Type_normal_anchors - INFO - Batch 19/2465: Clean accuracy 1.0000 | Adv accuracy: 0.0000 | Counter-attack accuracy: 1.0000
2026-01-22 21:18:21,240 - ADV_Generation_eps_1.0_steps_100_Added_Noise_uniform_Eps_40.0_Tau_Type_normal_anchors - INFO - Batch:[19] Adversarial images for this batch already exist
2026-01-22 21:18:21,574 - ADV_Generation_eps_1.0_steps_100_Added_Noise_uniform_Eps_40.0_Tau_Type_normal_anchors - INFO - Batch 20/2465: Clean accuracy 1.0000 | Adv accuracy: 0.0000 | Counter-attack accuracy: 1.0000
2026-01-22 21:18:21,575 - ADV_Generation_eps_1.0_steps_100_Added_Noise_uniform_Eps_40.0_Tau_Type_normal_anchors - INFO - Batch:[20] Adversarial images for this batch already exist
2026-01-22 21:18:21,903 - ADV_Generation_eps_1.0_steps_100_Added_Noise_uniform_Eps_40.0_Tau_Type_normal_anchors - INFO - Batch 21/2465: Clean accuracy 1.0000 | Adv accuracy: 0.0000 | Counter-attack accuracy: 1.0000
2026-01-22 21:18:21,904 - ADV_Generation_eps_1.0_steps_100_Added_Noise_uniform_Eps_40.0_Tau_Type_normal_anchors - INFO - Batch:[21] Adversarial images for this batch already exist
2026-01-22 21:18:22,229 - ADV_Generation_eps_1.0_steps_100_Added_Noise_uniform_Eps_40.0_Tau_Type_normal_anchors - INFO - Batch 22/2465: Clean accuracy 1.0000 | Adv accuracy: 0.0000 | Counter-attack accuracy: 1.0000
2026-01-22 21:18:22,230 - ADV_Generation_eps_1.0_steps_100_Added_Noise_uniform_Eps_40.0_Tau_Type_normal_anchors - INFO - Batch:[22] Adversarial images for this batch already exist
2026-01-22 21:18:22,559 - ADV_Generation_eps_1.0_steps_100_Added_Noise_uniform_Eps_40.0_Tau_Type_normal_anchors - INFO - Batch 23/2465: Clean accuracy 1.0000 | Adv accuracy: 0.0000 | Counter-attack accuracy: 1.0000
2026-01-22 21:18:22,561 - ADV_Generation_eps_1.0_steps_100_Added_Noise_uniform_Eps_40.0_Tau_Type_normal_anchors - INFO - Batch:[23] Adversarial images for this batch already exist
2026-01-22 21:18:22,918 - ADV_Generation_eps_1.0_steps_100_Added_Noise_uniform_Eps_40.0_Tau_Type_normal_anchors - INFO - Batch 24/2465: Clean accuracy 1.0000 | Adv accuracy: 0.0000 | Counter-attack accuracy: 1.0000
2026-01-22 21:18:22,919 - ADV_Generation_eps_1.0_steps_100_Added_Noise_uniform_Eps_40.0_Tau_Type_normal_anchors - INFO - Batch:[24] Adversarial images for this batch already exist
2026-01-22 21:18:23,241 - ADV_Generation_eps_1.0_steps_100_Added_Noise_uniform_Eps_40.0_Tau_Type_normal_anchors - INFO - Batch 25/2465: Clean accuracy 1.0000 | Adv accuracy: 0.0000 | Counter-attack accuracy: 1.0000
2026-01-22 21:18:23,242 - ADV_Generation_eps_1.0_steps_100_Added_Noise_uniform_Eps_40.0_Tau_Type_normal_anchors - INFO - Batch:[25] Adversarial images for this batch already exist
2026-01-22 21:18:23,569 - ADV_Generation_eps_1.0_steps_100_Added_Noise_uniform_Eps_40.0_Tau_Type_normal_anchors - INFO - Batch 26/2465: Clean accuracy 1.0000 | Adv accuracy: 0.0000 | Counter-attack accuracy: 1.0000
2026-01-22 21:18:23,571 - ADV_Generation_eps_1.0_steps_100_Added_Noise_uniform_Eps_40.0_Tau_Type_normal_anchors - INFO - Batch:[26] Adversarial images for this batch already exist
2026-01-22 21:18:23,919 - ADV_Generation_eps_1.0_steps_100_Added_Noise_uniform_Eps_40.0_Tau_Type_normal_anchors - INFO - Batch 27/2465: Clean accuracy 1.0000 | Adv accuracy: 0.0000 | Counter-attack accuracy: 1.0000
2026-01-22 21:18:23,921 - ADV_Generation_eps_1.0_steps_100_Added_Noise_uniform_Eps_40.0_Tau_Type_normal_anchors - INFO - Batch:[27] Adversarial images for this batch already exist
2026-01-22 21:18:24,243 - ADV_Generation_eps_1.0_steps_100_Added_Noise_uniform_Eps_40.0_Tau_Type_normal_anchors - INFO - Batch 28/2465: Clean accuracy 1.0000 | Adv accuracy: 0.0000 | Counter-attack accuracy: 1.0000
2026-01-22 21:18:24,244 - ADV_Generation_eps_1.0_steps_100_Added_Noise_uniform_Eps_40.0_Tau_Type_normal_anchors - INFO - Batch:[28] Adversarial images for this batch already exist
2026-01-22 21:18:24,572 - ADV_Generation_eps_1.0_steps_100_Added_Noise_uniform_Eps_40.0_Tau_Type_normal_anchors - INFO - Batch 29/2465: Clean accuracy 1.0000 | Adv accuracy: 0.0000 | Counter-attack accuracy: 1.0000
2026-01-22 21:18:24,573 - ADV_Generation_eps_1.0_steps_100_Added_Noise_uniform_Eps_40.0_Tau_Type_normal_anchors - INFO - Batch:[29] Adversarial images for this batch already exist
2026-01-22 21:18:24,902 - ADV_Generation_eps_1.0_steps_100_Added_Noise_uniform_Eps_40.0_Tau_Type_normal_anchors - INFO - Batch 30/2465: Clean accuracy 1.0000 | Adv accuracy: 0.0000 | Counter-attack accuracy: 1.0000
2026-01-22 21:18:24,904 - ADV_Generation_eps_1.0_steps_100_Added_Noise_uniform_Eps_40.0_Tau_Type_normal_anchors - INFO - Batch:[30] Adversarial images for this batch already exist
2026-01-22 21:18:25,232 - ADV_Generation_eps_1.0_steps_100_Added_Noise_uniform_Eps_40.0_Tau_Type_normal_anchors - INFO - Batch 31/2465: Clean accuracy 1.0000 | Adv accuracy: 0.0000 | Counter-attack accuracy: 1.0000
2026-01-22 21:18:25,234 - ADV_Generation_eps_1.0_steps_100_Added_Noise_uniform_Eps_40.0_Tau_Type_normal_anchors - INFO - Batch:[31] Adversarial images for this batch already exist
2026-01-22 21:18:25,565 - ADV_Generation_eps_1.0_steps_100_Added_Noise_uniform_Eps_40.0_Tau_Type_normal_anchors - INFO - Batch 32/2465: Clean accuracy 1.0000 | Adv accuracy: 0.0000 | Counter-attack accuracy: 1.0000
2026-01-22 21:18:25,566 - ADV_Generation_eps_1.0_steps_100_Added_Noise_uniform_Eps_40.0_Tau_Type_normal_anchors - INFO - Batch:[32] Adversarial images for this batch already exist
2026-01-22 21:18:25,893 - ADV_Generation_eps_1.0_steps_100_Added_Noise_uniform_Eps_40.0_Tau_Type_normal_anchors - INFO - Batch 33/2465: Clean accuracy 1.0000 | Adv accuracy: 0.0000 | Counter-attack accuracy: 1.0000
2026-01-22 21:18:25,895 - ADV_Generation_eps_1.0_steps_100_Added_Noise_uniform_Eps_40.0_Tau_Type_normal_anchors - INFO - Batch:[33] Adversarial images for this batch already exist
2026-01-22 21:18:26,223 - ADV_Generation_eps_1.0_steps_100_Added_Noise_uniform_Eps_40.0_Tau_Type_normal_anchors - INFO - Batch 34/2465: Clean accuracy 1.0000 | Adv accuracy: 0.0000 | Counter-attack accuracy: 1.0000
2026-01-22 21:18:26,224 - ADV_Generation_eps_1.0_steps_100_Added_Noise_uniform_Eps_40.0_Tau_Type_normal_anchors - INFO - Batch:[34] Adversarial images for this batch already exist
2026-01-22 21:18:26,557 - ADV_Generation_eps_1.0_steps_100_Added_Noise_uniform_Eps_40.0_Tau_Type_normal_anchors - INFO - Batch 35/2465: Clean accuracy 1.0000 | Adv accuracy: 0.0000 | Counter-attack accuracy: 1.0000
2026-01-22 21:18:26,558 - ADV_Generation_eps_1.0_steps_100_Added_Noise_uniform_Eps_40.0_Tau_Type_normal_anchors - INFO - Batch:[35] Adversarial images for this batch already exist
2026-01-22 21:18:26,886 - ADV_Generation_eps_1.0_steps_100_Added_Noise_uniform_Eps_40.0_Tau_Type_normal_anchors - INFO - Batch 36/2465: Clean accuracy 1.0000 | Adv accuracy: 0.0000 | Counter-attack accuracy: 1.0000
2026-01-22 21:18:26,887 - ADV_Generation_eps_1.0_steps_100_Added_Noise_uniform_Eps_40.0_Tau_Type_normal_anchors - INFO - Batch:[36] Adversarial images for this batch already exist
2026-01-22 21:18:27,216 - ADV_Generation_eps_1.0_steps_100_Added_Noise_uniform_Eps_40.0_Tau_Type_normal_anchors - INFO - Batch 37/2465: Clean accuracy 1.0000 | Adv accuracy: 0.0000 | Counter-attack accuracy: 1.0000
2026-01-22 21:18:27,217 - ADV_Generation_eps_1.0_steps_100_Added_Noise_uniform_Eps_40.0_Tau_Type_normal_anchors - INFO - Batch:[37] Adversarial images for this batch already exist
2026-01-22 21:18:27,543 - ADV_Generation_eps_1.0_steps_100_Added_Noise_uniform_Eps_40.0_Tau_Type_normal_anchors - INFO - Batch 38/2465: Clean accuracy 1.0000 | Adv accuracy: 0.0000 | Counter-attack accuracy: 1.0000
2026-01-22 21:18:27,544 - ADV_Generation_eps_1.0_steps_100_Added_Noise_uniform_Eps_40.0_Tau_Type_normal_anchors - INFO - Batch:[38] Adversarial images for this batch already exist
2026-01-22 21:18:27,867 - ADV_Generation_eps_1.0_steps_100_Added_Noise_uniform_Eps_40.0_Tau_Type_normal_anchors - INFO - Batch 39/2465: Clean accuracy 1.0000 | Adv accuracy: 0.0000 | Counter-attack accuracy: 1.0000
2026-01-22 21:18:27,869 - ADV_Generation_eps_1.0_steps_100_Added_Noise_uniform_Eps_40.0_Tau_Type_normal_anchors - INFO - Batch:[39] Adversarial images for this batch already exist
2026-01-22 21:18:28,196 - ADV_Generation_eps_1.0_steps_100_Added_Noise_uniform_Eps_40.0_Tau_Type_normal_anchors - INFO - Batch 40/2465: Clean accuracy 1.0000 | Adv accuracy: 0.0000 | Counter-attack accuracy: 1.0000
2026-01-22 21:18:28,198 - ADV_Generation_eps_1.0_steps_100_Added_Noise_uniform_Eps_40.0_Tau_Type_normal_anchors - INFO - Batch:[40] Adversarial images for this batch already exist
2026-01-22 21:18:28,523 - ADV_Generation_eps_1.0_steps_100_Added_Noise_uniform_Eps_40.0_Tau_Type_normal_anchors - INFO - Batch 41/2465: Clean accuracy 1.0000 | Adv accuracy: 0.0000 | Counter-attack accuracy: 1.0000
2026-01-22 21:18:28,525 - ADV_Generation_eps_1.0_steps_100_Added_Noise_uniform_Eps_40.0_Tau_Type_normal_anchors - INFO - Batch:[41] Adversarial images for this batch already exist
2026-01-22 21:18:28,853 - ADV_Generation_eps_1.0_steps_100_Added_Noise_uniform_Eps_40.0_Tau_Type_normal_anchors - INFO - Batch 42/2465: Clean accuracy 1.0000 | Adv accuracy: 0.0000 | Counter-attack accuracy: 1.0000
2026-01-22 21:18:28,855 - ADV_Generation_eps_1.0_steps_100_Added_Noise_uniform_Eps_40.0_Tau_Type_normal_anchors - INFO - Batch:[42] Adversarial images for this batch already exist
2026-01-22 21:18:29,182 - ADV_Generation_eps_1.0_steps_100_Added_Noise_uniform_Eps_40.0_Tau_Type_normal_anchors - INFO - Batch 43/2465: Clean accuracy 1.0000 | Adv accuracy: 0.0000 | Counter-attack accuracy: 1.0000
2026-01-22 21:18:29,184 - ADV_Generation_eps_1.0_steps_100_Added_Noise_uniform_Eps_40.0_Tau_Type_normal_anchors - INFO - Batch:[43] Adversarial images for this batch already exist
2026-01-22 21:18:29,509 - ADV_Generation_eps_1.0_steps_100_Added_Noise_uniform_Eps_40.0_Tau_Type_normal_anchors - INFO - Batch 44/2465: Clean accuracy 1.0000 | Adv accuracy: 0.0000 | Counter-attack accuracy: 1.0000
2026-01-22 21:18:29,510 - ADV_Generation_eps_1.0_steps_100_Added_Noise_uniform_Eps_40.0_Tau_Type_normal_anchors - INFO - Batch:[44] Adversarial images for this batch already exist
2026-01-22 21:18:29,841 - ADV_Generation_eps_1.0_steps_100_Added_Noise_uniform_Eps_40.0_Tau_Type_normal_anchors - INFO - Batch 45/2465: Clean accuracy 1.0000 | Adv accuracy: 0.0000 | Counter-attack accuracy: 1.0000
2026-01-22 21:18:29,843 - ADV_Generation_eps_1.0_steps_100_Added_Noise_uniform_Eps_40.0_Tau_Type_normal_anchors - INFO - Batch:[45] Adversarial images for this batch already exist
2026-01-22 21:18:30,169 - ADV_Generation_eps_1.0_steps_100_Added_Noise_uniform_Eps_40.0_Tau_Type_normal_anchors - INFO - Batch 46/2465: Clean accuracy 1.0000 | Adv accuracy: 0.0000 | Counter-attack accuracy: 1.0000
2026-01-22 21:18:30,170 - ADV_Generation_eps_1.0_steps_100_Added_Noise_uniform_Eps_40.0_Tau_Type_normal_anchors - INFO - Batch:[46] Adversarial images for this batch already exist
2026-01-22 21:18:30,498 - ADV_Generation_eps_1.0_steps_100_Added_Noise_uniform_Eps_40.0_Tau_Type_normal_anchors - INFO - Batch 47/2465: Clean accuracy 1.0000 | Adv accuracy: 0.0000 | Counter-attack accuracy: 1.0000
2026-01-22 21:18:30,500 - ADV_Generation_eps_1.0_steps_100_Added_Noise_uniform_Eps_40.0_Tau_Type_normal_anchors - INFO - Batch:[47] Adversarial images for this batch already exist
2026-01-22 21:18:30,828 - ADV_Generation_eps_1.0_steps_100_Added_Noise_uniform_Eps_40.0_Tau_Type_normal_anchors - INFO - Batch 48/2465: Clean accuracy 1.0000 | Adv accuracy: 0.0000 | Counter-attack accuracy: 1.0000
2026-01-22 21:18:30,829 - ADV_Generation_eps_1.0_steps_100_Added_Noise_uniform_Eps_40.0_Tau_Type_normal_anchors - INFO - Batch:[48] Adversarial images for this batch already exist
2026-01-22 21:18:31,153 - ADV_Generation_eps_1.0_steps_100_Added_Noise_uniform_Eps_40.0_Tau_Type_normal_anchors - INFO - Batch 49/2465: Clean accuracy 1.0000 | Adv accuracy: 0.0000 | Counter-attack accuracy: 1.0000
2026-01-22 21:18:31,157 - ADV_Generation_eps_1.0_steps_100_Added_Noise_uniform_Eps_40.0_Tau_Type_normal_anchors - INFO - Batch:[49] Adversarial images for this batch already exist
2026-01-22 21:18:31,492 - ADV_Generation_eps_1.0_steps_100_Added_Noise_uniform_Eps_40.0_Tau_Type_normal_anchors - INFO - Batch 50/2465: Clean accuracy 1.0000 | Adv accuracy: 0.0000 | Counter-attack accuracy: 1.0000
2026-01-22 21:18:31,492 - ADV_Generation_eps_1.0_steps_100_Added_Noise_uniform_Eps_40.0_Tau_Type_normal_anchors - INFO - Batch:[50] Adversarial images for this batch already exist
2026-01-22 21:18:31,820 - ADV_Generation_eps_1.0_steps_100_Added_Noise_uniform_Eps_40.0_Tau_Type_normal_anchors - INFO - Batch 51/2465: Clean accuracy 1.0000 | Adv accuracy: 0.0000 | Counter-attack accuracy: 1.0000
2026-01-22 21:18:31,821 - ADV_Generation_eps_1.0_steps_100_Added_Noise_uniform_Eps_40.0_Tau_Type_normal_anchors - INFO - Batch:[51] Adversarial images for this batch already exist
2026-01-22 21:18:32,142 - ADV_Generation_eps_1.0_steps_100_Added_Noise_uniform_Eps_40.0_Tau_Type_normal_anchors - INFO - Batch 52/2465: Clean accuracy 1.0000 | Adv accuracy: 0.0000 | Counter-attack accuracy: 1.0000
2026-01-22 21:18:32,143 - ADV_Generation_eps_1.0_steps_100_Added_Noise_uniform_Eps_40.0_Tau_Type_normal_anchors - INFO - Batch:[52] Adversarial images for this batch already exist
2026-01-22 21:18:32,468 - ADV_Generation_eps_1.0_steps_100_Added_Noise_uniform_Eps_40.0_Tau_Type_normal_anchors - INFO - Batch 53/2465: Clean accuracy 1.0000 | Adv accuracy: 0.0000 | Counter-attack accuracy: 1.0000
2026-01-22 21:18:32,469 - ADV_Generation_eps_1.0_steps_100_Added_Noise_uniform_Eps_40.0_Tau_Type_normal_anchors - INFO - Batch:[53] Adversarial images for this batch already exist
2026-01-22 21:18:32,789 - ADV_Generation_eps_1.0_steps_100_Added_Noise_uniform_Eps_40.0_Tau_Type_normal_anchors - INFO - Batch 54/2465: Clean accuracy 1.0000 | Adv accuracy: 0.0000 | Counter-attack accuracy: 1.0000
2026-01-22 21:18:32,790 - ADV_Generation_eps_1.0_steps_100_Added_Noise_uniform_Eps_40.0_Tau_Type_normal_anchors - INFO - Batch:[54] Adversarial images for this batch already exist
2026-01-22 21:18:33,122 - ADV_Generation_eps_1.0_steps_100_Added_Noise_uniform_Eps_40.0_Tau_Type_normal_anchors - INFO - Batch 55/2465: Clean accuracy 1.0000 | Adv accuracy: 0.0000 | Counter-attack accuracy: 1.0000
2026-01-22 21:18:33,123 - ADV_Generation_eps_1.0_steps_100_Added_Noise_uniform_Eps_40.0_Tau_Type_normal_anchors - INFO - Batch:[55] Adversarial images for this batch already exist
2026-01-22 21:18:33,449 - ADV_Generation_eps_1.0_steps_100_Added_Noise_uniform_Eps_40.0_Tau_Type_normal_anchors - INFO - Batch 56/2465: Clean accuracy 1.0000 | Adv accuracy: 0.0000 | Counter-attack accuracy: 1.0000
2026-01-22 21:18:33,450 - ADV_Generation_eps_1.0_steps_100_Added_Noise_uniform_Eps_40.0_Tau_Type_normal_anchors - INFO - Batch:[56] Adversarial images for this batch already exist
2026-01-22 21:18:33,776 - ADV_Generation_eps_1.0_steps_100_Added_Noise_uniform_Eps_40.0_Tau_Type_normal_anchors - INFO - Batch 57/2465: Clean accuracy 1.0000 | Adv accuracy: 0.0000 | Counter-attack accuracy: 1.0000
2026-01-22 21:18:33,778 - ADV_Generation_eps_1.0_steps_100_Added_Noise_uniform_Eps_40.0_Tau_Type_normal_anchors - INFO - Batch:[57] Adversarial images for this batch already exist
2026-01-22 21:18:34,110 - ADV_Generation_eps_1.0_steps_100_Added_Noise_uniform_Eps_40.0_Tau_Type_normal_anchors - INFO - Batch 58/2465: Clean accuracy 1.0000 | Adv accuracy: 0.0000 | Counter-attack accuracy: 1.0000
2026-01-22 21:18:34,112 - ADV_Generation_eps_1.0_steps_100_Added_Noise_uniform_Eps_40.0_Tau_Type_normal_anchors - INFO - Batch:[58] Adversarial images for this batch already exist
2026-01-22 21:18:34,436 - ADV_Generation_eps_1.0_steps_100_Added_Noise_uniform_Eps_40.0_Tau_Type_normal_anchors - INFO - Batch 59/2465: Clean accuracy 1.0000 | Adv accuracy: 0.0000 | Counter-attack accuracy: 1.0000
2026-01-22 21:18:34,437 - ADV_Generation_eps_1.0_steps_100_Added_Noise_uniform_Eps_40.0_Tau_Type_normal_anchors - INFO - Batch:[59] Adversarial images for this batch already exist
2026-01-22 21:18:34,756 - ADV_Generation_eps_1.0_steps_100_Added_Noise_uniform_Eps_40.0_Tau_Type_normal_anchors - INFO - Batch 60/2465: Clean accuracy 1.0000 | Adv accuracy: 0.0000 | Counter-attack accuracy: 1.0000
2026-01-22 21:18:34,758 - ADV_Generation_eps_1.0_steps_100_Added_Noise_uniform_Eps_40.0_Tau_Type_normal_anchors - INFO - Batch:[60] Adversarial images for this batch already exist
2026-01-22 21:18:35,084 - ADV_Generation_eps_1.0_steps_100_Added_Noise_uniform_Eps_40.0_Tau_Type_normal_anchors - INFO - Batch 61/2465: Clean accuracy 1.0000 | Adv accuracy: 0.0000 | Counter-attack accuracy: 1.0000
2026-01-22 21:18:35,086 - ADV_Generation_eps_1.0_steps_100_Added_Noise_uniform_Eps_40.0_Tau_Type_normal_anchors - INFO - Batch:[61] Adversarial images for this batch already exist
2026-01-22 21:18:35,410 - ADV_Generation_eps_1.0_steps_100_Added_Noise_uniform_Eps_40.0_Tau_Type_normal_anchors - INFO - Batch 62/2465: Clean accuracy 1.0000 | Adv accuracy: 0.0000 | Counter-attack accuracy: 1.0000
2026-01-22 21:18:35,411 - ADV_Generation_eps_1.0_steps_100_Added_Noise_uniform_Eps_40.0_Tau_Type_normal_anchors - INFO - Batch:[62] Adversarial images for this batch already exist
2026-01-22 21:18:35,737 - ADV_Generation_eps_1.0_steps_100_Added_Noise_uniform_Eps_40.0_Tau_Type_normal_anchors - INFO - Batch 63/2465: Clean accuracy 1.0000 | Adv accuracy: 0.0000 | Counter-attack accuracy: 1.0000
2026-01-22 21:18:35,739 - ADV_Generation_eps_1.0_steps_100_Added_Noise_uniform_Eps_40.0_Tau_Type_normal_anchors - INFO - Batch:[63] Adversarial images for this batch already exist
2026-01-22 21:18:36,360 - ADV_Generation_eps_1.0_steps_100_Added_Noise_uniform_Eps_40.0_Tau_Type_normal_anchors - INFO - Batch 64/2465: Clean accuracy 1.0000 | Adv accuracy: 0.0000 | Counter-attack accuracy: 1.0000
2026-01-22 21:18:36,362 - ADV_Generation_eps_1.0_steps_100_Added_Noise_uniform_Eps_40.0_Tau_Type_normal_anchors - INFO - Batch:[64] Adversarial images for this batch already exist
2026-01-22 21:18:37,208 - ADV_Generation_eps_1.0_steps_100_Added_Noise_uniform_Eps_40.0_Tau_Type_normal_anchors - INFO - Batch 65/2465: Clean accuracy 1.0000 | Adv accuracy: 0.0000 | Counter-attack accuracy: 1.0000
2026-01-22 21:18:37,209 - ADV_Generation_eps_1.0_steps_100_Added_Noise_uniform_Eps_40.0_Tau_Type_normal_anchors - INFO - Batch:[65] Adversarial images for this batch already exist
2026-01-22 21:18:37,534 - ADV_Generation_eps_1.0_steps_100_Added_Noise_uniform_Eps_40.0_Tau_Type_normal_anchors - INFO - Batch 66/2465: Clean accuracy 1.0000 | Adv accuracy: 0.0000 | Counter-attack accuracy: 1.0000
2026-01-22 21:18:37,535 - ADV_Generation_eps_1.0_steps_100_Added_Noise_uniform_Eps_40.0_Tau_Type_normal_anchors - INFO - Batch:[66] Adversarial images for this batch already exist
2026-01-22 21:18:37,861 - ADV_Generation_eps_1.0_steps_100_Added_Noise_uniform_Eps_40.0_Tau_Type_normal_anchors - INFO - Batch 67/2465: Clean accuracy 1.0000 | Adv accuracy: 0.0000 | Counter-attack accuracy: 1.0000
2026-01-22 21:18:37,862 - ADV_Generation_eps_1.0_steps_100_Added_Noise_uniform_Eps_40.0_Tau_Type_normal_anchors - INFO - Batch:[67] Adversarial images for this batch already exist
2026-01-22 21:18:38,190 - ADV_Generation_eps_1.0_steps_100_Added_Noise_uniform_Eps_40.0_Tau_Type_normal_anchors - INFO - Batch 68/2465: Clean accuracy 1.0000 | Adv accuracy: 0.0000 | Counter-attack accuracy: 1.0000
2026-01-22 21:18:38,192 - ADV_Generation_eps_1.0_steps_100_Added_Noise_uniform_Eps_40.0_Tau_Type_normal_anchors - INFO - Batch:[68] Adversarial images for this batch already exist
2026-01-22 21:18:38,536 - ADV_Generation_eps_1.0_steps_100_Added_Noise_uniform_Eps_40.0_Tau_Type_normal_anchors - INFO - Batch 69/2465: Clean accuracy 1.0000 | Adv accuracy: 0.0000 | Counter-attack accuracy: 1.0000
2026-01-22 21:18:38,538 - ADV_Generation_eps_1.0_steps_100_Added_Noise_uniform_Eps_40.0_Tau_Type_normal_anchors - INFO - Batch:[69] Adversarial images for this batch already exist
2026-01-22 21:18:38,864 - ADV_Generation_eps_1.0_steps_100_Added_Noise_uniform_Eps_40.0_Tau_Type_normal_anchors - INFO - Batch 70/2465: Clean accuracy 1.0000 | Adv accuracy: 0.0000 | Counter-attack accuracy: 1.0000
2026-01-22 21:18:38,865 - ADV_Generation_eps_1.0_steps_100_Added_Noise_uniform_Eps_40.0_Tau_Type_normal_anchors - INFO - Batch:[70] Adversarial images for this batch already exist
2026-01-22 21:18:39,194 - ADV_Generation_eps_1.0_steps_100_Added_Noise_uniform_Eps_40.0_Tau_Type_normal_anchors - INFO - Batch 71/2465: Clean accuracy 1.0000 | Adv accuracy: 0.0000 | Counter-attack accuracy: 1.0000
2026-01-22 21:18:39,195 - ADV_Generation_eps_1.0_steps_100_Added_Noise_uniform_Eps_40.0_Tau_Type_normal_anchors - INFO - Batch:[71] Adversarial images for this batch already exist
2026-01-22 21:18:39,515 - ADV_Generation_eps_1.0_steps_100_Added_Noise_uniform_Eps_40.0_Tau_Type_normal_anchors - INFO - Batch 72/2465: Clean accuracy 1.0000 | Adv accuracy: 0.0000 | Counter-attack accuracy: 1.0000
2026-01-22 21:18:39,516 - ADV_Generation_eps_1.0_steps_100_Added_Noise_uniform_Eps_40.0_Tau_Type_normal_anchors - INFO - Batch:[72] Adversarial images for this batch already exist
2026-01-22 21:18:39,841 - ADV_Generation_eps_1.0_steps_100_Added_Noise_uniform_Eps_40.0_Tau_Type_normal_anchors - INFO - Batch 73/2465: Clean accuracy 1.0000 | Adv accuracy: 0.0000 | Counter-attack accuracy: 1.0000
2026-01-22 21:18:39,842 - ADV_Generation_eps_1.0_steps_100_Added_Noise_uniform_Eps_40.0_Tau_Type_normal_anchors - INFO - Batch:[73] Adversarial images for this batch already exist
2026-01-22 21:18:40,163 - ADV_Generation_eps_1.0_steps_100_Added_Noise_uniform_Eps_40.0_Tau_Type_normal_anchors - INFO - Batch 74/2465: Clean accuracy 1.0000 | Adv accuracy: 0.0000 | Counter-attack accuracy: 1.0000
2026-01-22 21:18:40,164 - ADV_Generation_eps_1.0_steps_100_Added_Noise_uniform_Eps_40.0_Tau_Type_normal_anchors - INFO - Batch:[74] Adversarial images for this batch already exist
2026-01-22 21:18:40,521 - ADV_Generation_eps_1.0_steps_100_Added_Noise_uniform_Eps_40.0_Tau_Type_normal_anchors - INFO - Batch 75/2465: Clean accuracy 1.0000 | Adv accuracy: 0.0000 | Counter-attack accuracy: 1.0000
2026-01-22 21:18:40,522 - ADV_Generation_eps_1.0_steps_100_Added_Noise_uniform_Eps_40.0_Tau_Type_normal_anchors - INFO - Batch:[75] Adversarial images for this batch already exist
2026-01-22 21:18:40,847 - ADV_Generation_eps_1.0_steps_100_Added_Noise_uniform_Eps_40.0_Tau_Type_normal_anchors - INFO - Batch 76/2465: Clean accuracy 1.0000 | Adv accuracy: 0.0000 | Counter-attack accuracy: 1.0000
2026-01-22 21:18:40,848 - ADV_Generation_eps_1.0_steps_100_Added_Noise_uniform_Eps_40.0_Tau_Type_normal_anchors - INFO - Batch:[76] Adversarial images for this batch already exist
2026-01-22 21:18:41,176 - ADV_Generation_eps_1.0_steps_100_Added_Noise_uniform_Eps_40.0_Tau_Type_normal_anchors - INFO - Batch 77/2465: Clean accuracy 1.0000 | Adv accuracy: 0.0000 | Counter-attack accuracy: 1.0000
2026-01-22 21:18:41,177 - ADV_Generation_eps_1.0_steps_100_Added_Noise_uniform_Eps_40.0_Tau_Type_normal_anchors - INFO - Batch:[77] Adversarial images for this batch already exist
2026-01-22 21:18:41,496 - ADV_Generation_eps_1.0_steps_100_Added_Noise_uniform_Eps_40.0_Tau_Type_normal_anchors - INFO - Batch 78/2465: Clean accuracy 1.0000 | Adv accuracy: 0.0000 | Counter-attack accuracy: 1.0000
2026-01-22 21:18:41,497 - ADV_Generation_eps_1.0_steps_100_Added_Noise_uniform_Eps_40.0_Tau_Type_normal_anchors - INFO - Batch:[78] Adversarial images for this batch already exist
2026-01-22 21:18:41,825 - ADV_Generation_eps_1.0_steps_100_Added_Noise_uniform_Eps_40.0_Tau_Type_normal_anchors - INFO - Batch 79/2465: Clean accuracy 1.0000 | Adv accuracy: 0.0000 | Counter-attack accuracy: 1.0000
2026-01-22 21:18:41,826 - ADV_Generation_eps_1.0_steps_100_Added_Noise_uniform_Eps_40.0_Tau_Type_normal_anchors - INFO - Batch:[79] Adversarial images for this batch already exist
2026-01-22 21:18:42,153 - ADV_Generation_eps_1.0_steps_100_Added_Noise_uniform_Eps_40.0_Tau_Type_normal_anchors - INFO - Batch 80/2465: Clean accuracy 1.0000 | Adv accuracy: 0.0000 | Counter-attack accuracy: 1.0000
2026-01-22 21:18:42,155 - ADV_Generation_eps_1.0_steps_100_Added_Noise_uniform_Eps_40.0_Tau_Type_normal_anchors - INFO - Batch:[80] Adversarial images for this batch already exist
2026-01-22 21:18:42,492 - ADV_Generation_eps_1.0_steps_100_Added_Noise_uniform_Eps_40.0_Tau_Type_normal_anchors - INFO - Batch 81/2465: Clean accuracy 1.0000 | Adv accuracy: 0.0000 | Counter-attack accuracy: 1.0000
2026-01-22 21:18:42,493 - ADV_Generation_eps_1.0_steps_100_Added_Noise_uniform_Eps_40.0_Tau_Type_normal_anchors - INFO - Batch:[81] Adversarial images for this batch already exist
2026-01-22 21:18:42,820 - ADV_Generation_eps_1.0_steps_100_Added_Noise_uniform_Eps_40.0_Tau_Type_normal_anchors - INFO - Batch 82/2465: Clean accuracy 1.0000 | Adv accuracy: 0.0000 | Counter-attack accuracy: 1.0000
2026-01-22 21:18:42,821 - ADV_Generation_eps_1.0_steps_100_Added_Noise_uniform_Eps_40.0_Tau_Type_normal_anchors - INFO - Batch:[82] Adversarial images for this batch already exist
2026-01-22 21:18:43,153 - ADV_Generation_eps_1.0_steps_100_Added_Noise_uniform_Eps_40.0_Tau_Type_normal_anchors - INFO - Batch 83/2465: Clean accuracy 1.0000 | Adv accuracy: 0.0000 | Counter-attack accuracy: 1.0000
2026-01-22 21:18:43,154 - ADV_Generation_eps_1.0_steps_100_Added_Noise_uniform_Eps_40.0_Tau_Type_normal_anchors - INFO - Batch:[83] Adversarial images for this batch already exist
2026-01-22 21:18:43,477 - ADV_Generation_eps_1.0_steps_100_Added_Noise_uniform_Eps_40.0_Tau_Type_normal_anchors - INFO - Batch 84/2465: Clean accuracy 1.0000 | Adv accuracy: 0.0000 | Counter-attack accuracy: 1.0000
2026-01-22 21:18:43,478 - ADV_Generation_eps_1.0_steps_100_Added_Noise_uniform_Eps_40.0_Tau_Type_normal_anchors - INFO - Batch:[84] Adversarial images for this batch already exist
2026-01-22 21:18:43,806 - ADV_Generation_eps_1.0_steps_100_Added_Noise_uniform_Eps_40.0_Tau_Type_normal_anchors - INFO - Batch 85/2465: Clean accuracy 1.0000 | Adv accuracy: 0.0000 | Counter-attack accuracy: 1.0000
2026-01-22 21:18:43,807 - ADV_Generation_eps_1.0_steps_100_Added_Noise_uniform_Eps_40.0_Tau_Type_normal_anchors - INFO - Batch:[85] Adversarial images for this batch already exist
2026-01-22 21:18:44,130 - ADV_Generation_eps_1.0_steps_100_Added_Noise_uniform_Eps_40.0_Tau_Type_normal_anchors - INFO - Batch 86/2465: Clean accuracy 1.0000 | Adv accuracy: 0.0000 | Counter-attack accuracy: 1.0000
2026-01-22 21:18:44,131 - ADV_Generation_eps_1.0_steps_100_Added_Noise_uniform_Eps_40.0_Tau_Type_normal_anchors - INFO - Batch:[86] Adversarial images for this batch already exist
2026-01-22 21:18:44,459 - ADV_Generation_eps_1.0_steps_100_Added_Noise_uniform_Eps_40.0_Tau_Type_normal_anchors - INFO - Batch 87/2465: Clean accuracy 1.0000 | Adv accuracy: 0.0000 | Counter-attack accuracy: 1.0000
2026-01-22 21:18:44,461 - ADV_Generation_eps_1.0_steps_100_Added_Noise_uniform_Eps_40.0_Tau_Type_normal_anchors - INFO - Batch:[87] Adversarial images for this batch already exist
2026-01-22 21:18:44,786 - ADV_Generation_eps_1.0_steps_100_Added_Noise_uniform_Eps_40.0_Tau_Type_normal_anchors - INFO - Batch 88/2465: Clean accuracy 1.0000 | Adv accuracy: 0.0000 | Counter-attack accuracy: 1.0000
2026-01-22 21:18:44,787 - ADV_Generation_eps_1.0_steps_100_Added_Noise_uniform_Eps_40.0_Tau_Type_normal_anchors - INFO - Batch:[88] Adversarial images for this batch already exist
2026-01-22 21:18:45,117 - ADV_Generation_eps_1.0_steps_100_Added_Noise_uniform_Eps_40.0_Tau_Type_normal_anchors - INFO - Batch 89/2465: Clean accuracy 1.0000 | Adv accuracy: 0.0000 | Counter-attack accuracy: 1.0000
2026-01-22 21:18:45,119 - ADV_Generation_eps_1.0_steps_100_Added_Noise_uniform_Eps_40.0_Tau_Type_normal_anchors - INFO - Batch:[89] Adversarial images for this batch already exist
2026-01-22 21:18:45,444 - ADV_Generation_eps_1.0_steps_100_Added_Noise_uniform_Eps_40.0_Tau_Type_normal_anchors - INFO - Batch 90/2465: Clean accuracy 1.0000 | Adv accuracy: 0.0000 | Counter-attack accuracy: 1.0000
2026-01-22 21:18:45,445 - ADV_Generation_eps_1.0_steps_100_Added_Noise_uniform_Eps_40.0_Tau_Type_normal_anchors - INFO - Batch:[90] Adversarial images for this batch already exist
2026-01-22 21:18:45,765 - ADV_Generation_eps_1.0_steps_100_Added_Noise_uniform_Eps_40.0_Tau_Type_normal_anchors - INFO - Batch 91/2465: Clean accuracy 1.0000 | Adv accuracy: 0.0000 | Counter-attack accuracy: 1.0000
2026-01-22 21:18:45,766 - ADV_Generation_eps_1.0_steps_100_Added_Noise_uniform_Eps_40.0_Tau_Type_normal_anchors - INFO - Batch:[91] Adversarial images for this batch already exist
2026-01-22 21:18:46,094 - ADV_Generation_eps_1.0_steps_100_Added_Noise_uniform_Eps_40.0_Tau_Type_normal_anchors - INFO - Batch 92/2465: Clean accuracy 1.0000 | Adv accuracy: 0.0000 | Counter-attack accuracy: 1.0000
2026-01-22 21:18:46,096 - ADV_Generation_eps_1.0_steps_100_Added_Noise_uniform_Eps_40.0_Tau_Type_normal_anchors - INFO - Batch:[92] Adversarial images for this batch already exist
2026-01-22 21:18:46,425 - ADV_Generation_eps_1.0_steps_100_Added_Noise_uniform_Eps_40.0_Tau_Type_normal_anchors - INFO - Batch 93/2465: Clean accuracy 1.0000 | Adv accuracy: 0.0000 | Counter-attack accuracy: 1.0000
2026-01-22 21:18:46,426 - ADV_Generation_eps_1.0_steps_100_Added_Noise_uniform_Eps_40.0_Tau_Type_normal_anchors - INFO - Batch:[93] Adversarial images for this batch already exist
2026-01-22 21:18:46,755 - ADV_Generation_eps_1.0_steps_100_Added_Noise_uniform_Eps_40.0_Tau_Type_normal_anchors - INFO - Batch 94/2465: Clean accuracy 1.0000 | Adv accuracy: 0.0000 | Counter-attack accuracy: 1.0000
2026-01-22 21:18:46,756 - ADV_Generation_eps_1.0_steps_100_Added_Noise_uniform_Eps_40.0_Tau_Type_normal_anchors - INFO - Batch:[94] Adversarial images for this batch already exist
2026-01-22 21:18:47,077 - ADV_Generation_eps_1.0_steps_100_Added_Noise_uniform_Eps_40.0_Tau_Type_normal_anchors - INFO - Batch 95/2465: Clean accuracy 1.0000 | Adv accuracy: 0.0000 | Counter-attack accuracy: 1.0000
2026-01-22 21:18:47,078 - ADV_Generation_eps_1.0_steps_100_Added_Noise_uniform_Eps_40.0_Tau_Type_normal_anchors - INFO - Batch:[95] Adversarial images for this batch already exist
2026-01-22 21:18:47,405 - ADV_Generation_eps_1.0_steps_100_Added_Noise_uniform_Eps_40.0_Tau_Type_normal_anchors - INFO - Batch 96/2465: Clean accuracy 1.0000 | Adv accuracy: 0.0000 | Counter-attack accuracy: 1.0000
2026-01-22 21:18:47,406 - ADV_Generation_eps_1.0_steps_100_Added_Noise_uniform_Eps_40.0_Tau_Type_normal_anchors - INFO - Batch:[96] Adversarial images for this batch already exist
2026-01-22 21:18:47,733 - ADV_Generation_eps_1.0_steps_100_Added_Noise_uniform_Eps_40.0_Tau_Type_normal_anchors - INFO - Batch 97/2465: Clean accuracy 1.0000 | Adv accuracy: 0.0000 | Counter-attack accuracy: 1.0000
2026-01-22 21:18:47,734 - ADV_Generation_eps_1.0_steps_100_Added_Noise_uniform_Eps_40.0_Tau_Type_normal_anchors - INFO - Batch:[97] Adversarial images for this batch already exist
2026-01-22 21:18:48,055 - ADV_Generation_eps_1.0_steps_100_Added_Noise_uniform_Eps_40.0_Tau_Type_normal_anchors - INFO - Batch 98/2465: Clean accuracy 1.0000 | Adv accuracy: 0.0000 | Counter-attack accuracy: 1.0000
2026-01-22 21:18:48,056 - ADV_Generation_eps_1.0_steps_100_Added_Noise_uniform_Eps_40.0_Tau_Type_normal_anchors - INFO - Batch:[98] Adversarial images for this batch already exist
2026-01-22 21:18:48,382 - ADV_Generation_eps_1.0_steps_100_Added_Noise_uniform_Eps_40.0_Tau_Type_normal_anchors - INFO - Batch 99/2465: Clean accuracy 1.0000 | Adv accuracy: 0.0000 | Counter-attack accuracy: 1.0000
2026-01-22 21:18:48,383 - ADV_Generation_eps_1.0_steps_100_Added_Noise_uniform_Eps_40.0_Tau_Type_normal_anchors - INFO - Batch:[99] Adversarial images for this batch already exist
2026-01-22 21:18:48,704 - ADV_Generation_eps_1.0_steps_100_Added_Noise_uniform_Eps_40.0_Tau_Type_normal_anchors - INFO - Batch 100/2465: Clean accuracy 1.0000 | Adv accuracy: 0.0000 | Counter-attack accuracy: 1.0000
2026-01-22 21:18:48,705 - ADV_Generation_eps_1.0_steps_100_Added_Noise_uniform_Eps_40.0_Tau_Type_normal_anchors - INFO - Batch:[100] Adversarial images for this batch already exist
2026-01-22 21:18:49,033 - ADV_Generation_eps_1.0_steps_100_Added_Noise_uniform_Eps_40.0_Tau_Type_normal_anchors - INFO - Batch 101/2465: Clean accuracy 1.0000 | Adv accuracy: 0.0000 | Counter-attack accuracy: 1.0000
2026-01-22 21:18:49,034 - ADV_Generation_eps_1.0_steps_100_Added_Noise_uniform_Eps_40.0_Tau_Type_normal_anchors - INFO - Batch:[101] Adversarial images for this batch already exist
2026-01-22 21:18:49,368 - ADV_Generation_eps_1.0_steps_100_Added_Noise_uniform_Eps_40.0_Tau_Type_normal_anchors - INFO - Batch 102/2465: Clean accuracy 1.0000 | Adv accuracy: 0.0000 | Counter-attack accuracy: 1.0000
2026-01-22 21:18:49,369 - ADV_Generation_eps_1.0_steps_100_Added_Noise_uniform_Eps_40.0_Tau_Type_normal_anchors - INFO - Batch:[102] Adversarial images for this batch already exist
2026-01-22 21:18:49,697 - ADV_Generation_eps_1.0_steps_100_Added_Noise_uniform_Eps_40.0_Tau_Type_normal_anchors - INFO - Batch 103/2465: Clean accuracy 1.0000 | Adv accuracy: 0.0000 | Counter-attack accuracy: 1.0000
2026-01-22 21:18:49,698 - ADV_Generation_eps_1.0_steps_100_Added_Noise_uniform_Eps_40.0_Tau_Type_normal_anchors - INFO - Batch:[103] Adversarial images for this batch already exist
2026-01-22 21:18:50,029 - ADV_Generation_eps_1.0_steps_100_Added_Noise_uniform_Eps_40.0_Tau_Type_normal_anchors - INFO - Batch 104/2465: Clean accuracy 1.0000 | Adv accuracy: 0.0000 | Counter-attack accuracy: 1.0000
2026-01-22 21:18:50,030 - ADV_Generation_eps_1.0_steps_100_Added_Noise_uniform_Eps_40.0_Tau_Type_normal_anchors - INFO - Batch:[104] Adversarial images for this batch already exist
2026-01-22 21:18:50,356 - ADV_Generation_eps_1.0_steps_100_Added_Noise_uniform_Eps_40.0_Tau_Type_normal_anchors - INFO - Batch 105/2465: Clean accuracy 1.0000 | Adv accuracy: 0.0000 | Counter-attack accuracy: 1.0000
2026-01-22 21:18:50,357 - ADV_Generation_eps_1.0_steps_100_Added_Noise_uniform_Eps_40.0_Tau_Type_normal_anchors - INFO - Batch:[105] Adversarial images for this batch already exist
2026-01-22 21:18:50,678 - ADV_Generation_eps_1.0_steps_100_Added_Noise_uniform_Eps_40.0_Tau_Type_normal_anchors - INFO - Batch 106/2465: Clean accuracy 1.0000 | Adv accuracy: 0.0000 | Counter-attack accuracy: 1.0000
2026-01-22 21:18:50,679 - ADV_Generation_eps_1.0_steps_100_Added_Noise_uniform_Eps_40.0_Tau_Type_normal_anchors - INFO - Batch:[106] Adversarial images for this batch already exist
2026-01-22 21:18:51,000 - ADV_Generation_eps_1.0_steps_100_Added_Noise_uniform_Eps_40.0_Tau_Type_normal_anchors - INFO - Batch 107/2465: Clean accuracy 1.0000 | Adv accuracy: 0.0000 | Counter-attack accuracy: 1.0000
2026-01-22 21:18:51,001 - ADV_Generation_eps_1.0_steps_100_Added_Noise_uniform_Eps_40.0_Tau_Type_normal_anchors - INFO - Batch:[107] Adversarial images for this batch already exist
2026-01-22 21:18:51,329 - ADV_Generation_eps_1.0_steps_100_Added_Noise_uniform_Eps_40.0_Tau_Type_normal_anchors - INFO - Batch 108/2465: Clean accuracy 1.0000 | Adv accuracy: 0.0000 | Counter-attack accuracy: 1.0000
2026-01-22 21:18:51,330 - ADV_Generation_eps_1.0_steps_100_Added_Noise_uniform_Eps_40.0_Tau_Type_normal_anchors - INFO - Batch:[108] Adversarial images for this batch already exist
2026-01-22 21:18:51,659 - ADV_Generation_eps_1.0_steps_100_Added_Noise_uniform_Eps_40.0_Tau_Type_normal_anchors - INFO - Batch 109/2465: Clean accuracy 1.0000 | Adv accuracy: 0.0000 | Counter-attack accuracy: 1.0000
2026-01-22 21:18:51,659 - ADV_Generation_eps_1.0_steps_100_Added_Noise_uniform_Eps_40.0_Tau_Type_normal_anchors - INFO - Batch:[109] Adversarial images for this batch already exist
2026-01-22 21:18:51,991 - ADV_Generation_eps_1.0_steps_100_Added_Noise_uniform_Eps_40.0_Tau_Type_normal_anchors - INFO - Batch 110/2465: Clean accuracy 1.0000 | Adv accuracy: 0.0000 | Counter-attack accuracy: 1.0000
2026-01-22 21:18:51,992 - ADV_Generation_eps_1.0_steps_100_Added_Noise_uniform_Eps_40.0_Tau_Type_normal_anchors - INFO - Batch:[110] Adversarial images for this batch already exist
2026-01-22 21:18:52,316 - ADV_Generation_eps_1.0_steps_100_Added_Noise_uniform_Eps_40.0_Tau_Type_normal_anchors - INFO - Batch 111/2465: Clean accuracy 1.0000 | Adv accuracy: 0.0000 | Counter-attack accuracy: 1.0000
2026-01-22 21:18:52,318 - ADV_Generation_eps_1.0_steps_100_Added_Noise_uniform_Eps_40.0_Tau_Type_normal_anchors - INFO - Batch:[111] Adversarial images for this batch already exist
2026-01-22 21:18:52,652 - ADV_Generation_eps_1.0_steps_100_Added_Noise_uniform_Eps_40.0_Tau_Type_normal_anchors - INFO - Batch 112/2465: Clean accuracy 1.0000 | Adv accuracy: 0.0000 | Counter-attack accuracy: 1.0000
2026-01-22 21:18:52,654 - ADV_Generation_eps_1.0_steps_100_Added_Noise_uniform_Eps_40.0_Tau_Type_normal_anchors - INFO - Batch:[112] Adversarial images for this batch already exist
2026-01-22 21:18:52,987 - ADV_Generation_eps_1.0_steps_100_Added_Noise_uniform_Eps_40.0_Tau_Type_normal_anchors - INFO - Batch 113/2465: Clean accuracy 1.0000 | Adv accuracy: 0.0000 | Counter-attack accuracy: 1.0000
2026-01-22 21:18:52,988 - ADV_Generation_eps_1.0_steps_100_Added_Noise_uniform_Eps_40.0_Tau_Type_normal_anchors - INFO - Batch:[113] Adversarial images for this batch already exist
2026-01-22 21:18:53,317 - ADV_Generation_eps_1.0_steps_100_Added_Noise_uniform_Eps_40.0_Tau_Type_normal_anchors - INFO - Batch 114/2465: Clean accuracy 1.0000 | Adv accuracy: 0.0000 | Counter-attack accuracy: 1.0000
2026-01-22 21:18:53,318 - ADV_Generation_eps_1.0_steps_100_Added_Noise_uniform_Eps_40.0_Tau_Type_normal_anchors - INFO - Batch:[114] Adversarial images for this batch already exist
2026-01-22 21:18:53,641 - ADV_Generation_eps_1.0_steps_100_Added_Noise_uniform_Eps_40.0_Tau_Type_normal_anchors - INFO - Batch 115/2465: Clean accuracy 1.0000 | Adv accuracy: 0.0000 | Counter-attack accuracy: 1.0000
2026-01-22 21:18:53,642 - ADV_Generation_eps_1.0_steps_100_Added_Noise_uniform_Eps_40.0_Tau_Type_normal_anchors - INFO - Batch:[115] Adversarial images for this batch already exist
2026-01-22 21:18:53,965 - ADV_Generation_eps_1.0_steps_100_Added_Noise_uniform_Eps_40.0_Tau_Type_normal_anchors - INFO - Batch 116/2465: Clean accuracy 1.0000 | Adv accuracy: 0.0000 | Counter-attack accuracy: 1.0000
2026-01-22 21:18:53,966 - ADV_Generation_eps_1.0_steps_100_Added_Noise_uniform_Eps_40.0_Tau_Type_normal_anchors - INFO - Batch:[116] Adversarial images for this batch already exist
2026-01-22 21:18:54,289 - ADV_Generation_eps_1.0_steps_100_Added_Noise_uniform_Eps_40.0_Tau_Type_normal_anchors - INFO - Batch 117/2465: Clean accuracy 1.0000 | Adv accuracy: 0.0000 | Counter-attack accuracy: 1.0000
2026-01-22 21:18:54,290 - ADV_Generation_eps_1.0_steps_100_Added_Noise_uniform_Eps_40.0_Tau_Type_normal_anchors - INFO - Batch:[117] Adversarial images for this batch already exist
2026-01-22 21:18:54,622 - ADV_Generation_eps_1.0_steps_100_Added_Noise_uniform_Eps_40.0_Tau_Type_normal_anchors - INFO - Batch 118/2465: Clean accuracy 1.0000 | Adv accuracy: 0.0000 | Counter-attack accuracy: 1.0000
2026-01-22 21:18:54,623 - ADV_Generation_eps_1.0_steps_100_Added_Noise_uniform_Eps_40.0_Tau_Type_normal_anchors - INFO - Batch:[118] Adversarial images for this batch already exist
2026-01-22 21:18:54,946 - ADV_Generation_eps_1.0_steps_100_Added_Noise_uniform_Eps_40.0_Tau_Type_normal_anchors - INFO - Batch 119/2465: Clean accuracy 1.0000 | Adv accuracy: 0.0000 | Counter-attack accuracy: 1.0000
2026-01-22 21:18:54,947 - ADV_Generation_eps_1.0_steps_100_Added_Noise_uniform_Eps_40.0_Tau_Type_normal_anchors - INFO - Batch:[119] Adversarial images for this batch already exist
2026-01-22 21:18:55,274 - ADV_Generation_eps_1.0_steps_100_Added_Noise_uniform_Eps_40.0_Tau_Type_normal_anchors - INFO - Batch 120/2465: Clean accuracy 1.0000 | Adv accuracy: 0.0000 | Counter-attack accuracy: 1.0000
2026-01-22 21:18:55,275 - ADV_Generation_eps_1.0_steps_100_Added_Noise_uniform_Eps_40.0_Tau_Type_normal_anchors - INFO - Batch:[120] Adversarial images for this batch already exist
2026-01-22 21:18:55,593 - ADV_Generation_eps_1.0_steps_100_Added_Noise_uniform_Eps_40.0_Tau_Type_normal_anchors - INFO - Batch 121/2465: Clean accuracy 1.0000 | Adv accuracy: 0.0000 | Counter-attack accuracy: 1.0000
2026-01-22 21:18:55,594 - ADV_Generation_eps_1.0_steps_100_Added_Noise_uniform_Eps_40.0_Tau_Type_normal_anchors - INFO - Batch:[121] Adversarial images for this batch already exist
2026-01-22 21:18:55,924 - ADV_Generation_eps_1.0_steps_100_Added_Noise_uniform_Eps_40.0_Tau_Type_normal_anchors - INFO - Batch 122/2465: Clean accuracy 1.0000 | Adv accuracy: 0.0000 | Counter-attack accuracy: 1.0000
2026-01-22 21:18:55,925 - ADV_Generation_eps_1.0_steps_100_Added_Noise_uniform_Eps_40.0_Tau_Type_normal_anchors - INFO - Batch:[122] Adversarial images for this batch already exist
2026-01-22 21:18:56,252 - ADV_Generation_eps_1.0_steps_100_Added_Noise_uniform_Eps_40.0_Tau_Type_normal_anchors - INFO - Batch 123/2465: Clean accuracy 1.0000 | Adv accuracy: 0.0000 | Counter-attack accuracy: 1.0000
2026-01-22 21:18:56,253 - ADV_Generation_eps_1.0_steps_100_Added_Noise_uniform_Eps_40.0_Tau_Type_normal_anchors - INFO - Batch:[123] Adversarial images for this batch already exist
2026-01-22 21:18:56,579 - ADV_Generation_eps_1.0_steps_100_Added_Noise_uniform_Eps_40.0_Tau_Type_normal_anchors - INFO - Batch 124/2465: Clean accuracy 1.0000 | Adv accuracy: 0.0000 | Counter-attack accuracy: 1.0000
2026-01-22 21:18:56,580 - ADV_Generation_eps_1.0_steps_100_Added_Noise_uniform_Eps_40.0_Tau_Type_normal_anchors - INFO - Batch:[124] Adversarial images for this batch already exist
2026-01-22 21:18:56,908 - ADV_Generation_eps_1.0_steps_100_Added_Noise_uniform_Eps_40.0_Tau_Type_normal_anchors - INFO - Batch 125/2465: Clean accuracy 1.0000 | Adv accuracy: 0.0000 | Counter-attack accuracy: 1.0000
2026-01-22 21:18:56,909 - ADV_Generation_eps_1.0_steps_100_Added_Noise_uniform_Eps_40.0_Tau_Type_normal_anchors - INFO - Batch:[125] Adversarial images for this batch already exist
2026-01-22 21:18:57,235 - ADV_Generation_eps_1.0_steps_100_Added_Noise_uniform_Eps_40.0_Tau_Type_normal_anchors - INFO - Batch 126/2465: Clean accuracy 1.0000 | Adv accuracy: 0.0000 | Counter-attack accuracy: 1.0000
2026-01-22 21:18:57,237 - ADV_Generation_eps_1.0_steps_100_Added_Noise_uniform_Eps_40.0_Tau_Type_normal_anchors - INFO - Batch:[126] Adversarial images for this batch already exist
2026-01-22 21:18:57,564 - ADV_Generation_eps_1.0_steps_100_Added_Noise_uniform_Eps_40.0_Tau_Type_normal_anchors - INFO - Batch 127/2465: Clean accuracy 1.0000 | Adv accuracy: 0.0000 | Counter-attack accuracy: 1.0000
2026-01-22 21:18:57,565 - ADV_Generation_eps_1.0_steps_100_Added_Noise_uniform_Eps_40.0_Tau_Type_normal_anchors - INFO - Batch:[127] Adversarial images for this batch already exist
2026-01-22 21:18:57,886 - ADV_Generation_eps_1.0_steps_100_Added_Noise_uniform_Eps_40.0_Tau_Type_normal_anchors - INFO - Batch 128/2465: Clean accuracy 1.0000 | Adv accuracy: 0.0000 | Counter-attack accuracy: 1.0000
2026-01-22 21:18:57,887 - ADV_Generation_eps_1.0_steps_100_Added_Noise_uniform_Eps_40.0_Tau_Type_normal_anchors - INFO - Batch:[128] Adversarial images for this batch already exist
2026-01-22 21:18:58,220 - ADV_Generation_eps_1.0_steps_100_Added_Noise_uniform_Eps_40.0_Tau_Type_normal_anchors - INFO - Batch 129/2465: Clean accuracy 1.0000 | Adv accuracy: 0.0000 | Counter-attack accuracy: 1.0000
2026-01-22 21:18:58,221 - ADV_Generation_eps_1.0_steps_100_Added_Noise_uniform_Eps_40.0_Tau_Type_normal_anchors - INFO - Batch:[129] Adversarial images for this batch already exist
2026-01-22 21:18:58,539 - ADV_Generation_eps_1.0_steps_100_Added_Noise_uniform_Eps_40.0_Tau_Type_normal_anchors - INFO - Batch 130/2465: Clean accuracy 1.0000 | Adv accuracy: 0.0000 | Counter-attack accuracy: 1.0000
2026-01-22 21:18:58,540 - ADV_Generation_eps_1.0_steps_100_Added_Noise_uniform_Eps_40.0_Tau_Type_normal_anchors - INFO - Batch:[130] Adversarial images for this batch already exist
2026-01-22 21:18:58,897 - ADV_Generation_eps_1.0_steps_100_Added_Noise_uniform_Eps_40.0_Tau_Type_normal_anchors - INFO - Batch 131/2465: Clean accuracy 0.9924 | Adv accuracy: 0.0000 | Counter-attack accuracy: 0.9924
2026-01-22 21:18:58,898 - ADV_Generation_eps_1.0_steps_100_Added_Noise_uniform_Eps_40.0_Tau_Type_normal_anchors - INFO - Batch:[131] Adversarial images for this batch already exist
2026-01-22 21:18:59,220 - ADV_Generation_eps_1.0_steps_100_Added_Noise_uniform_Eps_40.0_Tau_Type_normal_anchors - INFO - Batch 132/2465: Clean accuracy 0.9924 | Adv accuracy: 0.0000 | Counter-attack accuracy: 0.9924
2026-01-22 21:18:59,221 - ADV_Generation_eps_1.0_steps_100_Added_Noise_uniform_Eps_40.0_Tau_Type_normal_anchors - INFO - Batch:[132] Adversarial images for this batch already exist
2026-01-22 21:18:59,561 - ADV_Generation_eps_1.0_steps_100_Added_Noise_uniform_Eps_40.0_Tau_Type_normal_anchors - INFO - Batch 133/2465: Clean accuracy 0.9925 | Adv accuracy: 0.0000 | Counter-attack accuracy: 0.9925
2026-01-22 21:18:59,562 - ADV_Generation_eps_1.0_steps_100_Added_Noise_uniform_Eps_40.0_Tau_Type_normal_anchors - INFO - Batch:[133] Adversarial images for this batch already exist
2026-01-22 21:18:59,890 - ADV_Generation_eps_1.0_steps_100_Added_Noise_uniform_Eps_40.0_Tau_Type_normal_anchors - INFO - Batch 134/2465: Clean accuracy 0.9925 | Adv accuracy: 0.0000 | Counter-attack accuracy: 0.9925
2026-01-22 21:18:59,891 - ADV_Generation_eps_1.0_steps_100_Added_Noise_uniform_Eps_40.0_Tau_Type_normal_anchors - INFO - Batch:[134] Adversarial images for this batch already exist
2026-01-22 21:19:00,222 - ADV_Generation_eps_1.0_steps_100_Added_Noise_uniform_Eps_40.0_Tau_Type_normal_anchors - INFO - Batch 135/2465: Clean accuracy 0.9926 | Adv accuracy: 0.0000 | Counter-attack accuracy: 0.9926
2026-01-22 21:19:00,223 - ADV_Generation_eps_1.0_steps_100_Added_Noise_uniform_Eps_40.0_Tau_Type_normal_anchors - INFO - Batch:[135] Adversarial images for this batch already exist
2026-01-22 21:19:00,546 - ADV_Generation_eps_1.0_steps_100_Added_Noise_uniform_Eps_40.0_Tau_Type_normal_anchors - INFO - Batch 136/2465: Clean accuracy 0.9926 | Adv accuracy: 0.0000 | Counter-attack accuracy: 0.9926
2026-01-22 21:19:00,547 - ADV_Generation_eps_1.0_steps_100_Added_Noise_uniform_Eps_40.0_Tau_Type_normal_anchors - INFO - Batch:[136] Adversarial images for this batch already exist
2026-01-22 21:19:00,870 - ADV_Generation_eps_1.0_steps_100_Added_Noise_uniform_Eps_40.0_Tau_Type_normal_anchors - INFO - Batch 137/2465: Clean accuracy 0.9927 | Adv accuracy: 0.0000 | Counter-attack accuracy: 0.9927
2026-01-22 21:19:00,871 - ADV_Generation_eps_1.0_steps_100_Added_Noise_uniform_Eps_40.0_Tau_Type_normal_anchors - INFO - Batch:[137] Adversarial images for this batch already exist
2026-01-22 21:19:01,199 - ADV_Generation_eps_1.0_steps_100_Added_Noise_uniform_Eps_40.0_Tau_Type_normal_anchors - INFO - Batch 138/2465: Clean accuracy 0.9928 | Adv accuracy: 0.0000 | Counter-attack accuracy: 0.9928
2026-01-22 21:19:01,200 - ADV_Generation_eps_1.0_steps_100_Added_Noise_uniform_Eps_40.0_Tau_Type_normal_anchors - INFO - Batch:[138] Adversarial images for this batch already exist
2026-01-22 21:19:01,534 - ADV_Generation_eps_1.0_steps_100_Added_Noise_uniform_Eps_40.0_Tau_Type_normal_anchors - INFO - Batch 139/2465: Clean accuracy 0.9928 | Adv accuracy: 0.0000 | Counter-attack accuracy: 0.9928
2026-01-22 21:19:01,535 - ADV_Generation_eps_1.0_steps_100_Added_Noise_uniform_Eps_40.0_Tau_Type_normal_anchors - INFO - Batch:[139] Adversarial images for this batch already exist
2026-01-22 21:19:01,863 - ADV_Generation_eps_1.0_steps_100_Added_Noise_uniform_Eps_40.0_Tau_Type_normal_anchors - INFO - Batch 140/2465: Clean accuracy 0.9929 | Adv accuracy: 0.0000 | Counter-attack accuracy: 0.9929
2026-01-22 21:19:01,864 - ADV_Generation_eps_1.0_steps_100_Added_Noise_uniform_Eps_40.0_Tau_Type_normal_anchors - INFO - Batch:[140] Adversarial images for this batch already exist
2026-01-22 21:19:02,186 - ADV_Generation_eps_1.0_steps_100_Added_Noise_uniform_Eps_40.0_Tau_Type_normal_anchors - INFO - Batch 141/2465: Clean accuracy 0.9929 | Adv accuracy: 0.0000 | Counter-attack accuracy: 0.9929
2026-01-22 21:19:02,187 - ADV_Generation_eps_1.0_steps_100_Added_Noise_uniform_Eps_40.0_Tau_Type_normal_anchors - INFO - Batch:[141] Adversarial images for this batch already exist
2026-01-22 21:19:02,512 - ADV_Generation_eps_1.0_steps_100_Added_Noise_uniform_Eps_40.0_Tau_Type_normal_anchors - INFO - Batch 142/2465: Clean accuracy 0.9930 | Adv accuracy: 0.0000 | Counter-attack accuracy: 0.9930
2026-01-22 21:19:02,513 - ADV_Generation_eps_1.0_steps_100_Added_Noise_uniform_Eps_40.0_Tau_Type_normal_anchors - INFO - Batch:[142] Adversarial images for this batch already exist
2026-01-22 21:19:02,842 - ADV_Generation_eps_1.0_steps_100_Added_Noise_uniform_Eps_40.0_Tau_Type_normal_anchors - INFO - Batch 143/2465: Clean accuracy 0.9930 | Adv accuracy: 0.0000 | Counter-attack accuracy: 0.9930
2026-01-22 21:19:02,843 - ADV_Generation_eps_1.0_steps_100_Added_Noise_uniform_Eps_40.0_Tau_Type_normal_anchors - INFO - Batch:[143] Adversarial images for this batch already exist
2026-01-22 21:19:03,163 - ADV_Generation_eps_1.0_steps_100_Added_Noise_uniform_Eps_40.0_Tau_Type_normal_anchors - INFO - Batch 144/2465: Clean accuracy 0.9931 | Adv accuracy: 0.0000 | Counter-attack accuracy: 0.9931
2026-01-22 21:19:03,164 - ADV_Generation_eps_1.0_steps_100_Added_Noise_uniform_Eps_40.0_Tau_Type_normal_anchors - INFO - Batch:[144] Adversarial images for this batch already exist
2026-01-22 21:19:03,487 - ADV_Generation_eps_1.0_steps_100_Added_Noise_uniform_Eps_40.0_Tau_Type_normal_anchors - INFO - Batch 145/2465: Clean accuracy 0.9862 | Adv accuracy: 0.0000 | Counter-attack accuracy: 0.9862
2026-01-22 21:19:03,488 - ADV_Generation_eps_1.0_steps_100_Added_Noise_uniform_Eps_40.0_Tau_Type_normal_anchors - INFO - Batch:[145] Adversarial images for this batch already exist
2026-01-22 21:19:03,814 - ADV_Generation_eps_1.0_steps_100_Added_Noise_uniform_Eps_40.0_Tau_Type_normal_anchors - INFO - Batch 146/2465: Clean accuracy 0.9863 | Adv accuracy: 0.0000 | Counter-attack accuracy: 0.9863
2026-01-22 21:19:03,815 - ADV_Generation_eps_1.0_steps_100_Added_Noise_uniform_Eps_40.0_Tau_Type_normal_anchors - INFO - Batch:[146] Adversarial images for this batch already exist
2026-01-22 21:19:04,140 - ADV_Generation_eps_1.0_steps_100_Added_Noise_uniform_Eps_40.0_Tau_Type_normal_anchors - INFO - Batch 147/2465: Clean accuracy 0.9864 | Adv accuracy: 0.0000 | Counter-attack accuracy: 0.9864
2026-01-22 21:19:04,141 - ADV_Generation_eps_1.0_steps_100_Added_Noise_uniform_Eps_40.0_Tau_Type_normal_anchors - INFO - Batch:[147] Adversarial images for this batch already exist
2026-01-22 21:19:04,475 - ADV_Generation_eps_1.0_steps_100_Added_Noise_uniform_Eps_40.0_Tau_Type_normal_anchors - INFO - Batch 148/2465: Clean accuracy 0.9865 | Adv accuracy: 0.0000 | Counter-attack accuracy: 0.9865
2026-01-22 21:19:04,476 - ADV_Generation_eps_1.0_steps_100_Added_Noise_uniform_Eps_40.0_Tau_Type_normal_anchors - INFO - Batch:[148] Adversarial images for this batch already exist
2026-01-22 21:19:04,799 - ADV_Generation_eps_1.0_steps_100_Added_Noise_uniform_Eps_40.0_Tau_Type_normal_anchors - INFO - Batch 149/2465: Clean accuracy 0.9866 | Adv accuracy: 0.0000 | Counter-attack accuracy: 0.9866
2026-01-22 21:19:04,800 - ADV_Generation_eps_1.0_steps_100_Added_Noise_uniform_Eps_40.0_Tau_Type_normal_anchors - INFO - Batch:[149] Adversarial images for this batch already exist
2026-01-22 21:19:05,123 - ADV_Generation_eps_1.0_steps_100_Added_Noise_uniform_Eps_40.0_Tau_Type_normal_anchors - INFO - Batch 150/2465: Clean accuracy 0.9867 | Adv accuracy: 0.0000 | Counter-attack accuracy: 0.9867
2026-01-22 21:19:05,124 - ADV_Generation_eps_1.0_steps_100_Added_Noise_uniform_Eps_40.0_Tau_Type_normal_anchors - INFO - Batch:[150] Adversarial images for this batch already exist
2026-01-22 21:19:05,444 - ADV_Generation_eps_1.0_steps_100_Added_Noise_uniform_Eps_40.0_Tau_Type_normal_anchors - INFO - Batch 151/2465: Clean accuracy 0.9868 | Adv accuracy: 0.0000 | Counter-attack accuracy: 0.9868
2026-01-22 21:19:05,445 - ADV_Generation_eps_1.0_steps_100_Added_Noise_uniform_Eps_40.0_Tau_Type_normal_anchors - INFO - Batch:[151] Adversarial images for this batch already exist
2026-01-22 21:19:05,767 - ADV_Generation_eps_1.0_steps_100_Added_Noise_uniform_Eps_40.0_Tau_Type_normal_anchors - INFO - Batch 152/2465: Clean accuracy 0.9868 | Adv accuracy: 0.0000 | Counter-attack accuracy: 0.9868
2026-01-22 21:19:05,768 - ADV_Generation_eps_1.0_steps_100_Added_Noise_uniform_Eps_40.0_Tau_Type_normal_anchors - INFO - Batch:[152] Adversarial images for this batch already exist
2026-01-22 21:19:06,103 - ADV_Generation_eps_1.0_steps_100_Added_Noise_uniform_Eps_40.0_Tau_Type_normal_anchors - INFO - Batch 153/2465: Clean accuracy 0.9869 | Adv accuracy: 0.0000 | Counter-attack accuracy: 0.9869
2026-01-22 21:19:06,104 - ADV_Generation_eps_1.0_steps_100_Added_Noise_uniform_Eps_40.0_Tau_Type_normal_anchors - INFO - Batch:[153] Adversarial images for this batch already exist
2026-01-22 21:19:06,436 - ADV_Generation_eps_1.0_steps_100_Added_Noise_uniform_Eps_40.0_Tau_Type_normal_anchors - INFO - Batch 154/2465: Clean accuracy 0.9870 | Adv accuracy: 0.0000 | Counter-attack accuracy: 0.9870
2026-01-22 21:19:06,437 - ADV_Generation_eps_1.0_steps_100_Added_Noise_uniform_Eps_40.0_Tau_Type_normal_anchors - INFO - Batch:[154] Adversarial images for this batch already exist
2026-01-22 21:19:06,762 - ADV_Generation_eps_1.0_steps_100_Added_Noise_uniform_Eps_40.0_Tau_Type_normal_anchors - INFO - Batch 155/2465: Clean accuracy 0.9871 | Adv accuracy: 0.0000 | Counter-attack accuracy: 0.9871
2026-01-22 21:19:06,763 - ADV_Generation_eps_1.0_steps_100_Added_Noise_uniform_Eps_40.0_Tau_Type_normal_anchors - INFO - Batch:[155] Adversarial images for this batch already exist
2026-01-22 21:19:07,083 - ADV_Generation_eps_1.0_steps_100_Added_Noise_uniform_Eps_40.0_Tau_Type_normal_anchors - INFO - Batch 156/2465: Clean accuracy 0.9872 | Adv accuracy: 0.0000 | Counter-attack accuracy: 0.9872
2026-01-22 21:19:07,084 - ADV_Generation_eps_1.0_steps_100_Added_Noise_uniform_Eps_40.0_Tau_Type_normal_anchors - INFO - Batch:[156] Adversarial images for this batch already exist
2026-01-22 21:19:07,413 - ADV_Generation_eps_1.0_steps_100_Added_Noise_uniform_Eps_40.0_Tau_Type_normal_anchors - INFO - Batch 157/2465: Clean accuracy 0.9873 | Adv accuracy: 0.0000 | Counter-attack accuracy: 0.9873
2026-01-22 21:19:07,414 - ADV_Generation_eps_1.0_steps_100_Added_Noise_uniform_Eps_40.0_Tau_Type_normal_anchors - INFO - Batch:[157] Adversarial images for this batch already exist
2026-01-22 21:19:07,738 - ADV_Generation_eps_1.0_steps_100_Added_Noise_uniform_Eps_40.0_Tau_Type_normal_anchors - INFO - Batch 158/2465: Clean accuracy 0.9873 | Adv accuracy: 0.0000 | Counter-attack accuracy: 0.9873
2026-01-22 21:19:07,739 - ADV_Generation_eps_1.0_steps_100_Added_Noise_uniform_Eps_40.0_Tau_Type_normal_anchors - INFO - Batch:[158] Adversarial images for this batch already exist
2026-01-22 21:19:08,082 - ADV_Generation_eps_1.0_steps_100_Added_Noise_uniform_Eps_40.0_Tau_Type_normal_anchors - INFO - Batch 159/2465: Clean accuracy 0.9874 | Adv accuracy: 0.0000 | Counter-attack accuracy: 0.9874
2026-01-22 21:19:08,083 - ADV_Generation_eps_1.0_steps_100_Added_Noise_uniform_Eps_40.0_Tau_Type_normal_anchors - INFO - Batch:[159] Adversarial images for this batch already exist
2026-01-22 21:19:08,412 - ADV_Generation_eps_1.0_steps_100_Added_Noise_uniform_Eps_40.0_Tau_Type_normal_anchors - INFO - Batch 160/2465: Clean accuracy 0.9875 | Adv accuracy: 0.0000 | Counter-attack accuracy: 0.9875
2026-01-22 21:19:08,413 - ADV_Generation_eps_1.0_steps_100_Added_Noise_uniform_Eps_40.0_Tau_Type_normal_anchors - INFO - Batch:[160] Adversarial images for this batch already exist
2026-01-22 21:19:08,741 - ADV_Generation_eps_1.0_steps_100_Added_Noise_uniform_Eps_40.0_Tau_Type_normal_anchors - INFO - Batch 161/2465: Clean accuracy 0.9876 | Adv accuracy: 0.0000 | Counter-attack accuracy: 0.9876
2026-01-22 21:19:08,742 - ADV_Generation_eps_1.0_steps_100_Added_Noise_uniform_Eps_40.0_Tau_Type_normal_anchors - INFO - Batch:[161] Adversarial images for this batch already exist
2026-01-22 21:19:09,066 - ADV_Generation_eps_1.0_steps_100_Added_Noise_uniform_Eps_40.0_Tau_Type_normal_anchors - INFO - Batch 162/2465: Clean accuracy 0.9877 | Adv accuracy: 0.0000 | Counter-attack accuracy: 0.9877
2026-01-22 21:19:09,067 - ADV_Generation_eps_1.0_steps_100_Added_Noise_uniform_Eps_40.0_Tau_Type_normal_anchors - INFO - Batch:[162] Adversarial images for this batch already exist
2026-01-22 21:19:09,393 - ADV_Generation_eps_1.0_steps_100_Added_Noise_uniform_Eps_40.0_Tau_Type_normal_anchors - INFO - Batch 163/2465: Clean accuracy 0.9877 | Adv accuracy: 0.0000 | Counter-attack accuracy: 0.9877
2026-01-22 21:19:09,394 - ADV_Generation_eps_1.0_steps_100_Added_Noise_uniform_Eps_40.0_Tau_Type_normal_anchors - INFO - Batch:[163] Adversarial images for this batch already exist
2026-01-22 21:19:09,719 - ADV_Generation_eps_1.0_steps_100_Added_Noise_uniform_Eps_40.0_Tau_Type_normal_anchors - INFO - Batch 164/2465: Clean accuracy 0.9878 | Adv accuracy: 0.0000 | Counter-attack accuracy: 0.9878
2026-01-22 21:19:09,720 - ADV_Generation_eps_1.0_steps_100_Added_Noise_uniform_Eps_40.0_Tau_Type_normal_anchors - INFO - Batch:[164] Adversarial images for this batch already exist
2026-01-22 21:19:10,044 - ADV_Generation_eps_1.0_steps_100_Added_Noise_uniform_Eps_40.0_Tau_Type_normal_anchors - INFO - Batch 165/2465: Clean accuracy 0.9818 | Adv accuracy: 0.0000 | Counter-attack accuracy: 0.9879
2026-01-22 21:19:10,045 - ADV_Generation_eps_1.0_steps_100_Added_Noise_uniform_Eps_40.0_Tau_Type_normal_anchors - INFO - Batch:[165] Adversarial images for this batch already exist
2026-01-22 21:19:10,369 - ADV_Generation_eps_1.0_steps_100_Added_Noise_uniform_Eps_40.0_Tau_Type_normal_anchors - INFO - Batch 166/2465: Clean accuracy 0.9819 | Adv accuracy: 0.0000 | Counter-attack accuracy: 0.9880
2026-01-22 21:19:10,370 - ADV_Generation_eps_1.0_steps_100_Added_Noise_uniform_Eps_40.0_Tau_Type_normal_anchors - INFO - Batch:[166] Adversarial images for this batch already exist
2026-01-22 21:19:10,693 - ADV_Generation_eps_1.0_steps_100_Added_Noise_uniform_Eps_40.0_Tau_Type_normal_anchors - INFO - Batch 167/2465: Clean accuracy 0.9820 | Adv accuracy: 0.0000 | Counter-attack accuracy: 0.9880
2026-01-22 21:19:10,694 - ADV_Generation_eps_1.0_steps_100_Added_Noise_uniform_Eps_40.0_Tau_Type_normal_anchors - INFO - Batch:[167] Adversarial images for this batch already exist
2026-01-22 21:19:11,017 - ADV_Generation_eps_1.0_steps_100_Added_Noise_uniform_Eps_40.0_Tau_Type_normal_anchors - INFO - Batch 168/2465: Clean accuracy 0.9821 | Adv accuracy: 0.0000 | Counter-attack accuracy: 0.9881
2026-01-22 21:19:11,018 - ADV_Generation_eps_1.0_steps_100_Added_Noise_uniform_Eps_40.0_Tau_Type_normal_anchors - INFO - Batch:[168] Adversarial images for this batch already exist
2026-01-22 21:19:11,340 - ADV_Generation_eps_1.0_steps_100_Added_Noise_uniform_Eps_40.0_Tau_Type_normal_anchors - INFO - Batch 169/2465: Clean accuracy 0.9822 | Adv accuracy: 0.0000 | Counter-attack accuracy: 0.9882
2026-01-22 21:19:11,341 - ADV_Generation_eps_1.0_steps_100_Added_Noise_uniform_Eps_40.0_Tau_Type_normal_anchors - INFO - Batch:[169] Adversarial images for this batch already exist
2026-01-22 21:19:11,668 - ADV_Generation_eps_1.0_steps_100_Added_Noise_uniform_Eps_40.0_Tau_Type_normal_anchors - INFO - Batch 170/2465: Clean accuracy 0.9765 | Adv accuracy: 0.0000 | Counter-attack accuracy: 0.9882
2026-01-22 21:19:11,669 - ADV_Generation_eps_1.0_steps_100_Added_Noise_uniform_Eps_40.0_Tau_Type_normal_anchors - INFO - Batch:[170] Adversarial images for this batch already exist
2026-01-22 21:19:11,991 - ADV_Generation_eps_1.0_steps_100_Added_Noise_uniform_Eps_40.0_Tau_Type_normal_anchors - INFO - Batch 171/2465: Clean accuracy 0.9766 | Adv accuracy: 0.0000 | Counter-attack accuracy: 0.9883
2026-01-22 21:19:11,992 - ADV_Generation_eps_1.0_steps_100_Added_Noise_uniform_Eps_40.0_Tau_Type_normal_anchors - INFO - Batch:[171] Adversarial images for this batch already exist
2026-01-22 21:19:12,319 - ADV_Generation_eps_1.0_steps_100_Added_Noise_uniform_Eps_40.0_Tau_Type_normal_anchors - INFO - Batch 172/2465: Clean accuracy 0.9767 | Adv accuracy: 0.0000 | Counter-attack accuracy: 0.9884
2026-01-22 21:19:12,320 - ADV_Generation_eps_1.0_steps_100_Added_Noise_uniform_Eps_40.0_Tau_Type_normal_anchors - INFO - Batch:[172] Adversarial images for this batch already exist
2026-01-22 21:19:12,648 - ADV_Generation_eps_1.0_steps_100_Added_Noise_uniform_Eps_40.0_Tau_Type_normal_anchors - INFO - Batch 173/2465: Clean accuracy 0.9769 | Adv accuracy: 0.0000 | Counter-attack accuracy: 0.9884
2026-01-22 21:19:12,649 - ADV_Generation_eps_1.0_steps_100_Added_Noise_uniform_Eps_40.0_Tau_Type_normal_anchors - INFO - Batch:[173] Adversarial images for this batch already exist
2026-01-22 21:19:12,976 - ADV_Generation_eps_1.0_steps_100_Added_Noise_uniform_Eps_40.0_Tau_Type_normal_anchors - INFO - Batch 174/2465: Clean accuracy 0.9770 | Adv accuracy: 0.0000 | Counter-attack accuracy: 0.9885
2026-01-22 21:19:12,977 - ADV_Generation_eps_1.0_steps_100_Added_Noise_uniform_Eps_40.0_Tau_Type_normal_anchors - INFO - Batch:[174] Adversarial images for this batch already exist
2026-01-22 21:19:13,307 - ADV_Generation_eps_1.0_steps_100_Added_Noise_uniform_Eps_40.0_Tau_Type_normal_anchors - INFO - Batch 175/2465: Clean accuracy 0.9771 | Adv accuracy: 0.0000 | Counter-attack accuracy: 0.9886
2026-01-22 21:19:13,308 - ADV_Generation_eps_1.0_steps_100_Added_Noise_uniform_Eps_40.0_Tau_Type_normal_anchors - INFO - Batch:[175] Adversarial images for this batch already exist
2026-01-22 21:19:13,634 - ADV_Generation_eps_1.0_steps_100_Added_Noise_uniform_Eps_40.0_Tau_Type_normal_anchors - INFO - Batch 176/2465: Clean accuracy 0.9773 | Adv accuracy: 0.0000 | Counter-attack accuracy: 0.9886
2026-01-22 21:19:13,635 - ADV_Generation_eps_1.0_steps_100_Added_Noise_uniform_Eps_40.0_Tau_Type_normal_anchors - INFO - Batch:[176] Adversarial images for this batch already exist
2026-01-22 21:19:13,956 - ADV_Generation_eps_1.0_steps_100_Added_Noise_uniform_Eps_40.0_Tau_Type_normal_anchors - INFO - Batch 177/2465: Clean accuracy 0.9774 | Adv accuracy: 0.0000 | Counter-attack accuracy: 0.9887
2026-01-22 21:19:13,958 - ADV_Generation_eps_1.0_steps_100_Added_Noise_uniform_Eps_40.0_Tau_Type_normal_anchors - INFO - Batch:[177] Adversarial images for this batch already exist
2026-01-22 21:19:14,301 - ADV_Generation_eps_1.0_steps_100_Added_Noise_uniform_Eps_40.0_Tau_Type_normal_anchors - INFO - Batch 178/2465: Clean accuracy 0.9719 | Adv accuracy: 0.0000 | Counter-attack accuracy: 0.9888
2026-01-22 21:19:14,303 - ADV_Generation_eps_1.0_steps_100_Added_Noise_uniform_Eps_40.0_Tau_Type_normal_anchors - INFO - Batch:[178] Adversarial images for this batch already exist
2026-01-22 21:19:14,638 - ADV_Generation_eps_1.0_steps_100_Added_Noise_uniform_Eps_40.0_Tau_Type_normal_anchors - INFO - Batch 179/2465: Clean accuracy 0.9721 | Adv accuracy: 0.0000 | Counter-attack accuracy: 0.9888
2026-01-22 21:19:14,639 - ADV_Generation_eps_1.0_steps_100_Added_Noise_uniform_Eps_40.0_Tau_Type_normal_anchors - INFO - Batch:[179] Adversarial images for this batch already exist
2026-01-22 21:19:14,962 - ADV_Generation_eps_1.0_steps_100_Added_Noise_uniform_Eps_40.0_Tau_Type_normal_anchors - INFO - Batch 180/2465: Clean accuracy 0.9722 | Adv accuracy: 0.0000 | Counter-attack accuracy: 0.9889
2026-01-22 21:19:14,964 - ADV_Generation_eps_1.0_steps_100_Added_Noise_uniform_Eps_40.0_Tau_Type_normal_anchors - INFO - Batch:[180] Adversarial images for this batch already exist
2026-01-22 21:19:15,289 - ADV_Generation_eps_1.0_steps_100_Added_Noise_uniform_Eps_40.0_Tau_Type_normal_anchors - INFO - Batch 181/2465: Clean accuracy 0.9724 | Adv accuracy: 0.0000 | Counter-attack accuracy: 0.9890
2026-01-22 21:19:15,290 - ADV_Generation_eps_1.0_steps_100_Added_Noise_uniform_Eps_40.0_Tau_Type_normal_anchors - INFO - Batch:[181] Adversarial images for this batch already exist
2026-01-22 21:19:15,616 - ADV_Generation_eps_1.0_steps_100_Added_Noise_uniform_Eps_40.0_Tau_Type_normal_anchors - INFO - Batch 182/2465: Clean accuracy 0.9725 | Adv accuracy: 0.0000 | Counter-attack accuracy: 0.9890
2026-01-22 21:19:15,617 - ADV_Generation_eps_1.0_steps_100_Added_Noise_uniform_Eps_40.0_Tau_Type_normal_anchors - INFO - Batch:[182] Adversarial images for this batch already exist
2026-01-22 21:19:15,939 - ADV_Generation_eps_1.0_steps_100_Added_Noise_uniform_Eps_40.0_Tau_Type_normal_anchors - INFO - Batch 183/2465: Clean accuracy 0.9727 | Adv accuracy: 0.0000 | Counter-attack accuracy: 0.9891
2026-01-22 21:19:15,941 - ADV_Generation_eps_1.0_steps_100_Added_Noise_uniform_Eps_40.0_Tau_Type_normal_anchors - INFO - Batch:[183] Adversarial images for this batch already exist
2026-01-22 21:19:16,264 - ADV_Generation_eps_1.0_steps_100_Added_Noise_uniform_Eps_40.0_Tau_Type_normal_anchors - INFO - Batch 184/2465: Clean accuracy 0.9728 | Adv accuracy: 0.0000 | Counter-attack accuracy: 0.9891
2026-01-22 21:19:16,265 - ADV_Generation_eps_1.0_steps_100_Added_Noise_uniform_Eps_40.0_Tau_Type_normal_anchors - INFO - Batch:[184] Adversarial images for this batch already exist
2026-01-22 21:19:16,629 - ADV_Generation_eps_1.0_steps_100_Added_Noise_uniform_Eps_40.0_Tau_Type_normal_anchors - INFO - Batch 185/2465: Clean accuracy 0.9730 | Adv accuracy: 0.0000 | Counter-attack accuracy: 0.9892
2026-01-22 21:19:16,630 - ADV_Generation_eps_1.0_steps_100_Added_Noise_uniform_Eps_40.0_Tau_Type_normal_anchors - INFO - Batch:[185] Adversarial images for this batch already exist
2026-01-22 21:19:16,964 - ADV_Generation_eps_1.0_steps_100_Added_Noise_uniform_Eps_40.0_Tau_Type_normal_anchors - INFO - Batch 186/2465: Clean accuracy 0.9731 | Adv accuracy: 0.0000 | Counter-attack accuracy: 0.9892
2026-01-22 21:19:16,965 - ADV_Generation_eps_1.0_steps_100_Added_Noise_uniform_Eps_40.0_Tau_Type_normal_anchors - INFO - Batch:[186] Adversarial images for this batch already exist
2026-01-22 21:19:17,292 - ADV_Generation_eps_1.0_steps_100_Added_Noise_uniform_Eps_40.0_Tau_Type_normal_anchors - INFO - Batch 187/2465: Clean accuracy 0.9733 | Adv accuracy: 0.0000 | Counter-attack accuracy: 0.9893
2026-01-22 21:19:17,293 - ADV_Generation_eps_1.0_steps_100_Added_Noise_uniform_Eps_40.0_Tau_Type_normal_anchors - INFO - Batch:[187] Adversarial images for this batch already exist
2026-01-22 21:19:17,616 - ADV_Generation_eps_1.0_steps_100_Added_Noise_uniform_Eps_40.0_Tau_Type_normal_anchors - INFO - Batch 188/2465: Clean accuracy 0.9734 | Adv accuracy: 0.0000 | Counter-attack accuracy: 0.9894
2026-01-22 21:19:17,618 - ADV_Generation_eps_1.0_steps_100_Added_Noise_uniform_Eps_40.0_Tau_Type_normal_anchors - INFO - Batch:[188] Adversarial images for this batch already exist
2026-01-22 21:19:17,944 - ADV_Generation_eps_1.0_steps_100_Added_Noise_uniform_Eps_40.0_Tau_Type_normal_anchors - INFO - Batch 189/2465: Clean accuracy 0.9735 | Adv accuracy: 0.0000 | Counter-attack accuracy: 0.9841
2026-01-22 21:19:17,945 - ADV_Generation_eps_1.0_steps_100_Added_Noise_uniform_Eps_40.0_Tau_Type_normal_anchors - INFO - Batch:[189] Adversarial images for this batch already exist
2026-01-22 21:19:18,277 - ADV_Generation_eps_1.0_steps_100_Added_Noise_uniform_Eps_40.0_Tau_Type_normal_anchors - INFO - Batch 190/2465: Clean accuracy 0.9684 | Adv accuracy: 0.0000 | Counter-attack accuracy: 0.9789
2026-01-22 21:19:18,278 - ADV_Generation_eps_1.0_steps_100_Added_Noise_uniform_Eps_40.0_Tau_Type_normal_anchors - INFO - Batch:[190] Adversarial images for this batch already exist
2026-01-22 21:19:18,604 - ADV_Generation_eps_1.0_steps_100_Added_Noise_uniform_Eps_40.0_Tau_Type_normal_anchors - INFO - Batch 191/2465: Clean accuracy 0.9686 | Adv accuracy: 0.0000 | Counter-attack accuracy: 0.9791
2026-01-22 21:19:18,605 - ADV_Generation_eps_1.0_steps_100_Added_Noise_uniform_Eps_40.0_Tau_Type_normal_anchors - INFO - Batch:[191] Adversarial images for this batch already exist
2026-01-22 21:19:18,931 - ADV_Generation_eps_1.0_steps_100_Added_Noise_uniform_Eps_40.0_Tau_Type_normal_anchors - INFO - Batch 192/2465: Clean accuracy 0.9688 | Adv accuracy: 0.0000 | Counter-attack accuracy: 0.9792
2026-01-22 21:19:18,932 - ADV_Generation_eps_1.0_steps_100_Added_Noise_uniform_Eps_40.0_Tau_Type_normal_anchors - INFO - Batch:[192] Adversarial images for this batch already exist
2026-01-22 21:19:19,263 - ADV_Generation_eps_1.0_steps_100_Added_Noise_uniform_Eps_40.0_Tau_Type_normal_anchors - INFO - Batch 193/2465: Clean accuracy 0.9689 | Adv accuracy: 0.0000 | Counter-attack accuracy: 0.9793
2026-01-22 21:19:19,264 - ADV_Generation_eps_1.0_steps_100_Added_Noise_uniform_Eps_40.0_Tau_Type_normal_anchors - INFO - Batch:[193] Adversarial images for this batch already exist
2026-01-22 21:19:19,588 - ADV_Generation_eps_1.0_steps_100_Added_Noise_uniform_Eps_40.0_Tau_Type_normal_anchors - INFO - Batch 194/2465: Clean accuracy 0.9691 | Adv accuracy: 0.0000 | Counter-attack accuracy: 0.9794
2026-01-22 21:19:19,589 - ADV_Generation_eps_1.0_steps_100_Added_Noise_uniform_Eps_40.0_Tau_Type_normal_anchors - INFO - Batch:[194] Adversarial images for this batch already exist
2026-01-22 21:19:19,916 - ADV_Generation_eps_1.0_steps_100_Added_Noise_uniform_Eps_40.0_Tau_Type_normal_anchors - INFO - Batch 195/2465: Clean accuracy 0.9692 | Adv accuracy: 0.0000 | Counter-attack accuracy: 0.9795
2026-01-22 21:19:19,917 - ADV_Generation_eps_1.0_steps_100_Added_Noise_uniform_Eps_40.0_Tau_Type_normal_anchors - INFO - Batch:[195] Adversarial images for this batch already exist
2026-01-22 21:19:20,245 - ADV_Generation_eps_1.0_steps_100_Added_Noise_uniform_Eps_40.0_Tau_Type_normal_anchors - INFO - Batch 196/2465: Clean accuracy 0.9694 | Adv accuracy: 0.0000 | Counter-attack accuracy: 0.9796
2026-01-22 21:19:20,246 - ADV_Generation_eps_1.0_steps_100_Added_Noise_uniform_Eps_40.0_Tau_Type_normal_anchors - INFO - Batch:[196] Adversarial images for this batch already exist
2026-01-22 21:19:20,588 - ADV_Generation_eps_1.0_steps_100_Added_Noise_uniform_Eps_40.0_Tau_Type_normal_anchors - INFO - Batch 197/2465: Clean accuracy 0.9695 | Adv accuracy: 0.0000 | Counter-attack accuracy: 0.9797
2026-01-22 21:19:20,589 - ADV_Generation_eps_1.0_steps_100_Added_Noise_uniform_Eps_40.0_Tau_Type_normal_anchors - INFO - Batch:[197] Adversarial images for this batch already exist
2026-01-22 21:19:20,917 - ADV_Generation_eps_1.0_steps_100_Added_Noise_uniform_Eps_40.0_Tau_Type_normal_anchors - INFO - Batch 198/2465: Clean accuracy 0.9697 | Adv accuracy: 0.0000 | Counter-attack accuracy: 0.9798
2026-01-22 21:19:20,919 - ADV_Generation_eps_1.0_steps_100_Added_Noise_uniform_Eps_40.0_Tau_Type_normal_anchors - INFO - Batch:[198] Adversarial images for this batch already exist
2026-01-22 21:19:21,244 - ADV_Generation_eps_1.0_steps_100_Added_Noise_uniform_Eps_40.0_Tau_Type_normal_anchors - INFO - Batch 199/2465: Clean accuracy 0.9698 | Adv accuracy: 0.0000 | Counter-attack accuracy: 0.9799
2026-01-22 21:19:21,245 - ADV_Generation_eps_1.0_steps_100_Added_Noise_uniform_Eps_40.0_Tau_Type_normal_anchors - INFO - Batch:[199] Adversarial images for this batch already exist
2026-01-22 21:19:21,572 - ADV_Generation_eps_1.0_steps_100_Added_Noise_uniform_Eps_40.0_Tau_Type_normal_anchors - INFO - Batch 200/2465: Clean accuracy 0.9700 | Adv accuracy: 0.0000 | Counter-attack accuracy: 0.9800
2026-01-22 21:19:21,573 - ADV_Generation_eps_1.0_steps_100_Added_Noise_uniform_Eps_40.0_Tau_Type_normal_anchors - INFO - Batch:[200] Adversarial images for this batch already exist
2026-01-22 21:19:21,901 - ADV_Generation_eps_1.0_steps_100_Added_Noise_uniform_Eps_40.0_Tau_Type_normal_anchors - INFO - Batch 201/2465: Clean accuracy 0.9701 | Adv accuracy: 0.0000 | Counter-attack accuracy: 0.9801
2026-01-22 21:19:21,902 - ADV_Generation_eps_1.0_steps_100_Added_Noise_uniform_Eps_40.0_Tau_Type_normal_anchors - INFO - Batch:[201] Adversarial images for this batch already exist
2026-01-22 21:19:22,224 - ADV_Generation_eps_1.0_steps_100_Added_Noise_uniform_Eps_40.0_Tau_Type_normal_anchors - INFO - Batch 202/2465: Clean accuracy 0.9703 | Adv accuracy: 0.0050 | Counter-attack accuracy: 0.9802
2026-01-22 21:19:22,226 - ADV_Generation_eps_1.0_steps_100_Added_Noise_uniform_Eps_40.0_Tau_Type_normal_anchors - INFO - Batch:[202] Adversarial images for this batch already exist
2026-01-22 21:19:22,559 - ADV_Generation_eps_1.0_steps_100_Added_Noise_uniform_Eps_40.0_Tau_Type_normal_anchors - INFO - Batch 203/2465: Clean accuracy 0.9704 | Adv accuracy: 0.0049 | Counter-attack accuracy: 0.9803
2026-01-22 21:19:22,560 - ADV_Generation_eps_1.0_steps_100_Added_Noise_uniform_Eps_40.0_Tau_Type_normal_anchors - INFO - Batch:[203] Adversarial images for this batch already exist
2026-01-22 21:19:22,883 - ADV_Generation_eps_1.0_steps_100_Added_Noise_uniform_Eps_40.0_Tau_Type_normal_anchors - INFO - Batch 204/2465: Clean accuracy 0.9706 | Adv accuracy: 0.0049 | Counter-attack accuracy: 0.9804
2026-01-22 21:19:22,884 - ADV_Generation_eps_1.0_steps_100_Added_Noise_uniform_Eps_40.0_Tau_Type_normal_anchors - INFO - Batch:[204] Adversarial images for this batch already exist
2026-01-22 21:19:23,208 - ADV_Generation_eps_1.0_steps_100_Added_Noise_uniform_Eps_40.0_Tau_Type_normal_anchors - INFO - Batch 205/2465: Clean accuracy 0.9707 | Adv accuracy: 0.0098 | Counter-attack accuracy: 0.9805
2026-01-22 21:19:23,209 - ADV_Generation_eps_1.0_steps_100_Added_Noise_uniform_Eps_40.0_Tau_Type_normal_anchors - INFO - Batch:[205] Adversarial images for this batch already exist
2026-01-22 21:19:23,540 - ADV_Generation_eps_1.0_steps_100_Added_Noise_uniform_Eps_40.0_Tau_Type_normal_anchors - INFO - Batch 206/2465: Clean accuracy 0.9709 | Adv accuracy: 0.0146 | Counter-attack accuracy: 0.9806
2026-01-22 21:19:23,541 - ADV_Generation_eps_1.0_steps_100_Added_Noise_uniform_Eps_40.0_Tau_Type_normal_anchors - INFO - Batch:[206] Adversarial images for this batch already exist
2026-01-22 21:19:23,872 - ADV_Generation_eps_1.0_steps_100_Added_Noise_uniform_Eps_40.0_Tau_Type_normal_anchors - INFO - Batch 207/2465: Clean accuracy 0.9710 | Adv accuracy: 0.0145 | Counter-attack accuracy: 0.9807
2026-01-22 21:19:23,873 - ADV_Generation_eps_1.0_steps_100_Added_Noise_uniform_Eps_40.0_Tau_Type_normal_anchors - INFO - Batch:[207] Adversarial images for this batch already exist
2026-01-22 21:19:24,231 - ADV_Generation_eps_1.0_steps_100_Added_Noise_uniform_Eps_40.0_Tau_Type_normal_anchors - INFO - Batch 208/2465: Clean accuracy 0.9712 | Adv accuracy: 0.0144 | Counter-attack accuracy: 0.9808
2026-01-22 21:19:24,232 - ADV_Generation_eps_1.0_steps_100_Added_Noise_uniform_Eps_40.0_Tau_Type_normal_anchors - INFO - Batch:[208] Adversarial images for this batch already exist
2026-01-22 21:19:24,560 - ADV_Generation_eps_1.0_steps_100_Added_Noise_uniform_Eps_40.0_Tau_Type_normal_anchors - INFO - Batch 209/2465: Clean accuracy 0.9713 | Adv accuracy: 0.0144 | Counter-attack accuracy: 0.9809
2026-01-22 21:19:24,561 - ADV_Generation_eps_1.0_steps_100_Added_Noise_uniform_Eps_40.0_Tau_Type_normal_anchors - INFO - Batch:[209] Adversarial images for this batch already exist
2026-01-22 21:19:24,914 - ADV_Generation_eps_1.0_steps_100_Added_Noise_uniform_Eps_40.0_Tau_Type_normal_anchors - INFO - Batch 210/2465: Clean accuracy 0.9714 | Adv accuracy: 0.0143 | Counter-attack accuracy: 0.9810
2026-01-22 21:19:24,916 - ADV_Generation_eps_1.0_steps_100_Added_Noise_uniform_Eps_40.0_Tau_Type_normal_anchors - INFO - Batch:[210] Adversarial images for this batch already exist
2026-01-22 21:19:25,239 - ADV_Generation_eps_1.0_steps_100_Added_Noise_uniform_Eps_40.0_Tau_Type_normal_anchors - INFO - Batch 211/2465: Clean accuracy 0.9716 | Adv accuracy: 0.0142 | Counter-attack accuracy: 0.9810
2026-01-22 21:19:25,240 - ADV_Generation_eps_1.0_steps_100_Added_Noise_uniform_Eps_40.0_Tau_Type_normal_anchors - INFO - Batch:[211] Adversarial images for this batch already exist
2026-01-22 21:19:25,563 - ADV_Generation_eps_1.0_steps_100_Added_Noise_uniform_Eps_40.0_Tau_Type_normal_anchors - INFO - Batch 212/2465: Clean accuracy 0.9717 | Adv accuracy: 0.0142 | Counter-attack accuracy: 0.9811
2026-01-22 21:19:25,564 - ADV_Generation_eps_1.0_steps_100_Added_Noise_uniform_Eps_40.0_Tau_Type_normal_anchors - INFO - Batch:[212] Adversarial images for this batch already exist
2026-01-22 21:19:25,885 - ADV_Generation_eps_1.0_steps_100_Added_Noise_uniform_Eps_40.0_Tau_Type_normal_anchors - INFO - Batch 213/2465: Clean accuracy 0.9718 | Adv accuracy: 0.0188 | Counter-attack accuracy: 0.9812
2026-01-22 21:19:25,886 - ADV_Generation_eps_1.0_steps_100_Added_Noise_uniform_Eps_40.0_Tau_Type_normal_anchors - INFO - Batch:[213] Adversarial images for this batch already exist
2026-01-22 21:19:26,207 - ADV_Generation_eps_1.0_steps_100_Added_Noise_uniform_Eps_40.0_Tau_Type_normal_anchors - INFO - Batch 214/2465: Clean accuracy 0.9720 | Adv accuracy: 0.0187 | Counter-attack accuracy: 0.9813
2026-01-22 21:19:26,208 - ADV_Generation_eps_1.0_steps_100_Added_Noise_uniform_Eps_40.0_Tau_Type_normal_anchors - INFO - Batch:[214] Adversarial images for this batch already exist
2026-01-22 21:19:26,549 - ADV_Generation_eps_1.0_steps_100_Added_Noise_uniform_Eps_40.0_Tau_Type_normal_anchors - INFO - Batch 215/2465: Clean accuracy 0.9721 | Adv accuracy: 0.0186 | Counter-attack accuracy: 0.9814
2026-01-22 21:19:26,550 - ADV_Generation_eps_1.0_steps_100_Added_Noise_uniform_Eps_40.0_Tau_Type_normal_anchors - INFO - Batch:[215] Adversarial images for this batch already exist
2026-01-22 21:19:26,879 - ADV_Generation_eps_1.0_steps_100_Added_Noise_uniform_Eps_40.0_Tau_Type_normal_anchors - INFO - Batch 216/2465: Clean accuracy 0.9722 | Adv accuracy: 0.0185 | Counter-attack accuracy: 0.9815
2026-01-22 21:19:26,880 - ADV_Generation_eps_1.0_steps_100_Added_Noise_uniform_Eps_40.0_Tau_Type_normal_anchors - INFO - Batch:[216] Adversarial images for this batch already exist
2026-01-22 21:19:27,208 - ADV_Generation_eps_1.0_steps_100_Added_Noise_uniform_Eps_40.0_Tau_Type_normal_anchors - INFO - Batch 217/2465: Clean accuracy 0.9724 | Adv accuracy: 0.0184 | Counter-attack accuracy: 0.9816
2026-01-22 21:19:27,209 - ADV_Generation_eps_1.0_steps_100_Added_Noise_uniform_Eps_40.0_Tau_Type_normal_anchors - INFO - Batch:[217] Adversarial images for this batch already exist
2026-01-22 21:19:27,575 - ADV_Generation_eps_1.0_steps_100_Added_Noise_uniform_Eps_40.0_Tau_Type_normal_anchors - INFO - Batch 218/2465: Clean accuracy 0.9725 | Adv accuracy: 0.0183 | Counter-attack accuracy: 0.9817
2026-01-22 21:19:27,576 - ADV_Generation_eps_1.0_steps_100_Added_Noise_uniform_Eps_40.0_Tau_Type_normal_anchors - INFO - Batch:[218] Adversarial images for this batch already exist
2026-01-22 21:19:27,901 - ADV_Generation_eps_1.0_steps_100_Added_Noise_uniform_Eps_40.0_Tau_Type_normal_anchors - INFO - Batch 219/2465: Clean accuracy 0.9726 | Adv accuracy: 0.0183 | Counter-attack accuracy: 0.9817
2026-01-22 21:19:27,903 - ADV_Generation_eps_1.0_steps_100_Added_Noise_uniform_Eps_40.0_Tau_Type_normal_anchors - INFO - Batch:[219] Adversarial images for this batch already exist
2026-01-22 21:19:28,223 - ADV_Generation_eps_1.0_steps_100_Added_Noise_uniform_Eps_40.0_Tau_Type_normal_anchors - INFO - Batch 220/2465: Clean accuracy 0.9727 | Adv accuracy: 0.0182 | Counter-attack accuracy: 0.9818
2026-01-22 21:19:28,224 - ADV_Generation_eps_1.0_steps_100_Added_Noise_uniform_Eps_40.0_Tau_Type_normal_anchors - INFO - Batch:[220] Adversarial images for this batch already exist
2026-01-22 21:19:28,551 - ADV_Generation_eps_1.0_steps_100_Added_Noise_uniform_Eps_40.0_Tau_Type_normal_anchors - INFO - Batch 221/2465: Clean accuracy 0.9729 | Adv accuracy: 0.0181 | Counter-attack accuracy: 0.9819
2026-01-22 21:19:28,553 - ADV_Generation_eps_1.0_steps_100_Added_Noise_uniform_Eps_40.0_Tau_Type_normal_anchors - INFO - Batch:[221] Adversarial images for this batch already exist
2026-01-22 21:19:28,878 - ADV_Generation_eps_1.0_steps_100_Added_Noise_uniform_Eps_40.0_Tau_Type_normal_anchors - INFO - Batch 222/2465: Clean accuracy 0.9730 | Adv accuracy: 0.0180 | Counter-attack accuracy: 0.9820
2026-01-22 21:19:28,880 - ADV_Generation_eps_1.0_steps_100_Added_Noise_uniform_Eps_40.0_Tau_Type_normal_anchors - INFO - Batch:[222] Adversarial images for this batch already exist
2026-01-22 21:19:29,201 - ADV_Generation_eps_1.0_steps_100_Added_Noise_uniform_Eps_40.0_Tau_Type_normal_anchors - INFO - Batch 223/2465: Clean accuracy 0.9731 | Adv accuracy: 0.0179 | Counter-attack accuracy: 0.9821
2026-01-22 21:19:29,202 - ADV_Generation_eps_1.0_steps_100_Added_Noise_uniform_Eps_40.0_Tau_Type_normal_anchors - INFO - Batch:[223] Adversarial images for this batch already exist
2026-01-22 21:19:29,529 - ADV_Generation_eps_1.0_steps_100_Added_Noise_uniform_Eps_40.0_Tau_Type_normal_anchors - INFO - Batch 224/2465: Clean accuracy 0.9732 | Adv accuracy: 0.0179 | Counter-attack accuracy: 0.9821
2026-01-22 21:19:29,530 - ADV_Generation_eps_1.0_steps_100_Added_Noise_uniform_Eps_40.0_Tau_Type_normal_anchors - INFO - Batch:[224] Adversarial images for this batch already exist
2026-01-22 21:19:29,866 - ADV_Generation_eps_1.0_steps_100_Added_Noise_uniform_Eps_40.0_Tau_Type_normal_anchors - INFO - Batch 225/2465: Clean accuracy 0.9733 | Adv accuracy: 0.0178 | Counter-attack accuracy: 0.9822
2026-01-22 21:19:29,867 - ADV_Generation_eps_1.0_steps_100_Added_Noise_uniform_Eps_40.0_Tau_Type_normal_anchors - INFO - Batch:[225] Adversarial images for this batch already exist
2026-01-22 21:19:30,198 - ADV_Generation_eps_1.0_steps_100_Added_Noise_uniform_Eps_40.0_Tau_Type_normal_anchors - INFO - Batch 226/2465: Clean accuracy 0.9735 | Adv accuracy: 0.0177 | Counter-attack accuracy: 0.9823
2026-01-22 21:19:30,199 - ADV_Generation_eps_1.0_steps_100_Added_Noise_uniform_Eps_40.0_Tau_Type_normal_anchors - INFO - Batch:[226] Adversarial images for this batch already exist
2026-01-22 21:19:30,532 - ADV_Generation_eps_1.0_steps_100_Added_Noise_uniform_Eps_40.0_Tau_Type_normal_anchors - INFO - Batch 227/2465: Clean accuracy 0.9736 | Adv accuracy: 0.0176 | Counter-attack accuracy: 0.9824
2026-01-22 21:19:30,533 - ADV_Generation_eps_1.0_steps_100_Added_Noise_uniform_Eps_40.0_Tau_Type_normal_anchors - INFO - Batch:[227] Adversarial images for this batch already exist
2026-01-22 21:19:30,858 - ADV_Generation_eps_1.0_steps_100_Added_Noise_uniform_Eps_40.0_Tau_Type_normal_anchors - INFO - Batch 228/2465: Clean accuracy 0.9737 | Adv accuracy: 0.0175 | Counter-attack accuracy: 0.9825
2026-01-22 21:19:30,859 - ADV_Generation_eps_1.0_steps_100_Added_Noise_uniform_Eps_40.0_Tau_Type_normal_anchors - INFO - Batch:[228] Adversarial images for this batch already exist
2026-01-22 21:19:31,195 - ADV_Generation_eps_1.0_steps_100_Added_Noise_uniform_Eps_40.0_Tau_Type_normal_anchors - INFO - Batch 229/2465: Clean accuracy 0.9738 | Adv accuracy: 0.0175 | Counter-attack accuracy: 0.9825
2026-01-22 21:19:31,196 - ADV_Generation_eps_1.0_steps_100_Added_Noise_uniform_Eps_40.0_Tau_Type_normal_anchors - INFO - Batch:[229] Adversarial images for this batch already exist
2026-01-22 21:19:31,516 - ADV_Generation_eps_1.0_steps_100_Added_Noise_uniform_Eps_40.0_Tau_Type_normal_anchors - INFO - Batch 230/2465: Clean accuracy 0.9739 | Adv accuracy: 0.0174 | Counter-attack accuracy: 0.9826
2026-01-22 21:19:31,517 - ADV_Generation_eps_1.0_steps_100_Added_Noise_uniform_Eps_40.0_Tau_Type_normal_anchors - INFO - Batch:[230] Adversarial images for this batch already exist
2026-01-22 21:19:31,838 - ADV_Generation_eps_1.0_steps_100_Added_Noise_uniform_Eps_40.0_Tau_Type_normal_anchors - INFO - Batch 231/2465: Clean accuracy 0.9740 | Adv accuracy: 0.0173 | Counter-attack accuracy: 0.9827
2026-01-22 21:19:31,839 - ADV_Generation_eps_1.0_steps_100_Added_Noise_uniform_Eps_40.0_Tau_Type_normal_anchors - INFO - Batch:[231] Adversarial images for this batch already exist
2026-01-22 21:19:32,168 - ADV_Generation_eps_1.0_steps_100_Added_Noise_uniform_Eps_40.0_Tau_Type_normal_anchors - INFO - Batch 232/2465: Clean accuracy 0.9741 | Adv accuracy: 0.0172 | Counter-attack accuracy: 0.9828
2026-01-22 21:19:32,169 - ADV_Generation_eps_1.0_steps_100_Added_Noise_uniform_Eps_40.0_Tau_Type_normal_anchors - INFO - Batch:[232] Adversarial images for this batch already exist
2026-01-22 21:19:32,488 - ADV_Generation_eps_1.0_steps_100_Added_Noise_uniform_Eps_40.0_Tau_Type_normal_anchors - INFO - Batch 233/2465: Clean accuracy 0.9742 | Adv accuracy: 0.0172 | Counter-attack accuracy: 0.9828
2026-01-22 21:19:32,489 - ADV_Generation_eps_1.0_steps_100_Added_Noise_uniform_Eps_40.0_Tau_Type_normal_anchors - INFO - Batch:[233] Adversarial images for this batch already exist
2026-01-22 21:19:32,826 - ADV_Generation_eps_1.0_steps_100_Added_Noise_uniform_Eps_40.0_Tau_Type_normal_anchors - INFO - Batch 234/2465: Clean accuracy 0.9744 | Adv accuracy: 0.0171 | Counter-attack accuracy: 0.9829
2026-01-22 21:19:32,827 - ADV_Generation_eps_1.0_steps_100_Added_Noise_uniform_Eps_40.0_Tau_Type_normal_anchors - INFO - Batch:[234] Adversarial images for this batch already exist
2026-01-22 21:19:33,153 - ADV_Generation_eps_1.0_steps_100_Added_Noise_uniform_Eps_40.0_Tau_Type_normal_anchors - INFO - Batch 235/2465: Clean accuracy 0.9745 | Adv accuracy: 0.0170 | Counter-attack accuracy: 0.9830
2026-01-22 21:19:33,154 - ADV_Generation_eps_1.0_steps_100_Added_Noise_uniform_Eps_40.0_Tau_Type_normal_anchors - INFO - Batch:[235] Adversarial images for this batch already exist
2026-01-22 21:19:33,484 - ADV_Generation_eps_1.0_steps_100_Added_Noise_uniform_Eps_40.0_Tau_Type_normal_anchors - INFO - Batch 236/2465: Clean accuracy 0.9746 | Adv accuracy: 0.0169 | Counter-attack accuracy: 0.9831
2026-01-22 21:19:33,485 - ADV_Generation_eps_1.0_steps_100_Added_Noise_uniform_Eps_40.0_Tau_Type_normal_anchors - INFO - Batch:[236] Adversarial images for this batch already exist
2026-01-22 21:19:33,814 - ADV_Generation_eps_1.0_steps_100_Added_Noise_uniform_Eps_40.0_Tau_Type_normal_anchors - INFO - Batch 237/2465: Clean accuracy 0.9747 | Adv accuracy: 0.0169 | Counter-attack accuracy: 0.9831
2026-01-22 21:19:33,815 - ADV_Generation_eps_1.0_steps_100_Added_Noise_uniform_Eps_40.0_Tau_Type_normal_anchors - INFO - Batch:[237] Adversarial images for this batch already exist
2026-01-22 21:19:34,137 - ADV_Generation_eps_1.0_steps_100_Added_Noise_uniform_Eps_40.0_Tau_Type_normal_anchors - INFO - Batch 238/2465: Clean accuracy 0.9748 | Adv accuracy: 0.0168 | Counter-attack accuracy: 0.9832
2026-01-22 21:19:34,139 - ADV_Generation_eps_1.0_steps_100_Added_Noise_uniform_Eps_40.0_Tau_Type_normal_anchors - INFO - Batch:[238] Adversarial images for this batch already exist
2026-01-22 21:19:34,486 - ADV_Generation_eps_1.0_steps_100_Added_Noise_uniform_Eps_40.0_Tau_Type_normal_anchors - INFO - Batch 239/2465: Clean accuracy 0.9749 | Adv accuracy: 0.0167 | Counter-attack accuracy: 0.9833
2026-01-22 21:19:34,487 - ADV_Generation_eps_1.0_steps_100_Added_Noise_uniform_Eps_40.0_Tau_Type_normal_anchors - INFO - Batch:[239] Adversarial images for this batch already exist
2026-01-22 21:19:34,814 - ADV_Generation_eps_1.0_steps_100_Added_Noise_uniform_Eps_40.0_Tau_Type_normal_anchors - INFO - Batch 240/2465: Clean accuracy 0.9750 | Adv accuracy: 0.0167 | Counter-attack accuracy: 0.9833
2026-01-22 21:19:34,815 - ADV_Generation_eps_1.0_steps_100_Added_Noise_uniform_Eps_40.0_Tau_Type_normal_anchors - INFO - Batch:[240] Adversarial images for this batch already exist
2026-01-22 21:19:35,134 - ADV_Generation_eps_1.0_steps_100_Added_Noise_uniform_Eps_40.0_Tau_Type_normal_anchors - INFO - Batch 241/2465: Clean accuracy 0.9751 | Adv accuracy: 0.0166 | Counter-attack accuracy: 0.9834
2026-01-22 21:19:35,134 - ADV_Generation_eps_1.0_steps_100_Added_Noise_uniform_Eps_40.0_Tau_Type_normal_anchors - INFO - Batch:[241] Adversarial images for this batch already exist
2026-01-22 21:19:35,462 - ADV_Generation_eps_1.0_steps_100_Added_Noise_uniform_Eps_40.0_Tau_Type_normal_anchors - INFO - Batch 242/2465: Clean accuracy 0.9752 | Adv accuracy: 0.0165 | Counter-attack accuracy: 0.9835
2026-01-22 21:19:35,463 - ADV_Generation_eps_1.0_steps_100_Added_Noise_uniform_Eps_40.0_Tau_Type_normal_anchors - INFO - Batch:[242] Adversarial images for this batch already exist
2026-01-22 21:19:35,820 - ADV_Generation_eps_1.0_steps_100_Added_Noise_uniform_Eps_40.0_Tau_Type_normal_anchors - INFO - Batch 243/2465: Clean accuracy 0.9753 | Adv accuracy: 0.0165 | Counter-attack accuracy: 0.9835
2026-01-22 21:19:35,821 - ADV_Generation_eps_1.0_steps_100_Added_Noise_uniform_Eps_40.0_Tau_Type_normal_anchors - INFO - Batch:[243] Adversarial images for this batch already exist
2026-01-22 21:19:36,146 - ADV_Generation_eps_1.0_steps_100_Added_Noise_uniform_Eps_40.0_Tau_Type_normal_anchors - INFO - Batch 244/2465: Clean accuracy 0.9754 | Adv accuracy: 0.0164 | Counter-attack accuracy: 0.9836
2026-01-22 21:19:36,147 - ADV_Generation_eps_1.0_steps_100_Added_Noise_uniform_Eps_40.0_Tau_Type_normal_anchors - INFO - Batch:[244] Adversarial images for this batch already exist
2026-01-22 21:19:36,469 - ADV_Generation_eps_1.0_steps_100_Added_Noise_uniform_Eps_40.0_Tau_Type_normal_anchors - INFO - Batch 245/2465: Clean accuracy 0.9755 | Adv accuracy: 0.0163 | Counter-attack accuracy: 0.9837
2026-01-22 21:19:36,470 - ADV_Generation_eps_1.0_steps_100_Added_Noise_uniform_Eps_40.0_Tau_Type_normal_anchors - INFO - Batch:[245] Adversarial images for this batch already exist
2026-01-22 21:19:36,792 - ADV_Generation_eps_1.0_steps_100_Added_Noise_uniform_Eps_40.0_Tau_Type_normal_anchors - INFO - Batch 246/2465: Clean accuracy 0.9756 | Adv accuracy: 0.0163 | Counter-attack accuracy: 0.9837
2026-01-22 21:19:36,793 - ADV_Generation_eps_1.0_steps_100_Added_Noise_uniform_Eps_40.0_Tau_Type_normal_anchors - INFO - Batch:[246] Adversarial images for this batch already exist
2026-01-22 21:19:37,117 - ADV_Generation_eps_1.0_steps_100_Added_Noise_uniform_Eps_40.0_Tau_Type_normal_anchors - INFO - Batch 247/2465: Clean accuracy 0.9757 | Adv accuracy: 0.0162 | Counter-attack accuracy: 0.9838
2026-01-22 21:19:37,118 - ADV_Generation_eps_1.0_steps_100_Added_Noise_uniform_Eps_40.0_Tau_Type_normal_anchors - INFO - Batch:[247] Adversarial images for this batch already exist
2026-01-22 21:19:37,439 - ADV_Generation_eps_1.0_steps_100_Added_Noise_uniform_Eps_40.0_Tau_Type_normal_anchors - INFO - Batch 248/2465: Clean accuracy 0.9758 | Adv accuracy: 0.0161 | Counter-attack accuracy: 0.9839
2026-01-22 21:19:37,440 - ADV_Generation_eps_1.0_steps_100_Added_Noise_uniform_Eps_40.0_Tau_Type_normal_anchors - INFO - Batch:[248] Adversarial images for this batch already exist
2026-01-22 21:19:37,765 - ADV_Generation_eps_1.0_steps_100_Added_Noise_uniform_Eps_40.0_Tau_Type_normal_anchors - INFO - Batch 249/2465: Clean accuracy 0.9759 | Adv accuracy: 0.0161 | Counter-attack accuracy: 0.9839
2026-01-22 21:19:37,766 - ADV_Generation_eps_1.0_steps_100_Added_Noise_uniform_Eps_40.0_Tau_Type_normal_anchors - INFO - Batch:[249] Adversarial images for this batch already exist
2026-01-22 21:19:38,102 - ADV_Generation_eps_1.0_steps_100_Added_Noise_uniform_Eps_40.0_Tau_Type_normal_anchors - INFO - Batch 250/2465: Clean accuracy 0.9760 | Adv accuracy: 0.0160 | Counter-attack accuracy: 0.9840
2026-01-22 21:19:38,103 - ADV_Generation_eps_1.0_steps_100_Added_Noise_uniform_Eps_40.0_Tau_Type_normal_anchors - INFO - Batch:[250] Adversarial images for this batch already exist
2026-01-22 21:19:38,453 - ADV_Generation_eps_1.0_steps_100_Added_Noise_uniform_Eps_40.0_Tau_Type_normal_anchors - INFO - Batch 251/2465: Clean accuracy 0.9761 | Adv accuracy: 0.0159 | Counter-attack accuracy: 0.9841
2026-01-22 21:19:38,454 - ADV_Generation_eps_1.0_steps_100_Added_Noise_uniform_Eps_40.0_Tau_Type_normal_anchors - INFO - Batch:[251] Adversarial images for this batch already exist
2026-01-22 21:19:38,777 - ADV_Generation_eps_1.0_steps_100_Added_Noise_uniform_Eps_40.0_Tau_Type_normal_anchors - INFO - Batch 252/2465: Clean accuracy 0.9762 | Adv accuracy: 0.0159 | Counter-attack accuracy: 0.9841
2026-01-22 21:19:38,778 - ADV_Generation_eps_1.0_steps_100_Added_Noise_uniform_Eps_40.0_Tau_Type_normal_anchors - INFO - Batch:[252] Adversarial images for this batch already exist
2026-01-22 21:19:39,104 - ADV_Generation_eps_1.0_steps_100_Added_Noise_uniform_Eps_40.0_Tau_Type_normal_anchors - INFO - Batch 253/2465: Clean accuracy 0.9763 | Adv accuracy: 0.0158 | Counter-attack accuracy: 0.9842
2026-01-22 21:19:39,105 - ADV_Generation_eps_1.0_steps_100_Added_Noise_uniform_Eps_40.0_Tau_Type_normal_anchors - INFO - Batch:[253] Adversarial images for this batch already exist
2026-01-22 21:19:39,431 - ADV_Generation_eps_1.0_steps_100_Added_Noise_uniform_Eps_40.0_Tau_Type_normal_anchors - INFO - Batch 254/2465: Clean accuracy 0.9764 | Adv accuracy: 0.0157 | Counter-attack accuracy: 0.9843
2026-01-22 21:19:39,432 - ADV_Generation_eps_1.0_steps_100_Added_Noise_uniform_Eps_40.0_Tau_Type_normal_anchors - INFO - Batch:[254] Adversarial images for this batch already exist
2026-01-22 21:19:39,776 - ADV_Generation_eps_1.0_steps_100_Added_Noise_uniform_Eps_40.0_Tau_Type_normal_anchors - INFO - Batch 255/2465: Clean accuracy 0.9765 | Adv accuracy: 0.0157 | Counter-attack accuracy: 0.9843
2026-01-22 21:19:39,778 - ADV_Generation_eps_1.0_steps_100_Added_Noise_uniform_Eps_40.0_Tau_Type_normal_anchors - INFO - Batch:[255] Adversarial images for this batch already exist
2026-01-22 21:19:40,140 - ADV_Generation_eps_1.0_steps_100_Added_Noise_uniform_Eps_40.0_Tau_Type_normal_anchors - INFO - Batch 256/2465: Clean accuracy 0.9766 | Adv accuracy: 0.0156 | Counter-attack accuracy: 0.9844
2026-01-22 21:19:40,141 - ADV_Generation_eps_1.0_steps_100_Added_Noise_uniform_Eps_40.0_Tau_Type_normal_anchors - INFO - Batch:[256] Adversarial images for this batch already exist
2026-01-22 21:19:40,464 - ADV_Generation_eps_1.0_steps_100_Added_Noise_uniform_Eps_40.0_Tau_Type_normal_anchors - INFO - Batch 257/2465: Clean accuracy 0.9767 | Adv accuracy: 0.0156 | Counter-attack accuracy: 0.9844
2026-01-22 21:19:40,465 - ADV_Generation_eps_1.0_steps_100_Added_Noise_uniform_Eps_40.0_Tau_Type_normal_anchors - INFO - Batch:[257] Adversarial images for this batch already exist
2026-01-22 21:19:40,787 - ADV_Generation_eps_1.0_steps_100_Added_Noise_uniform_Eps_40.0_Tau_Type_normal_anchors - INFO - Batch 258/2465: Clean accuracy 0.9767 | Adv accuracy: 0.0155 | Counter-attack accuracy: 0.9845
2026-01-22 21:19:40,788 - ADV_Generation_eps_1.0_steps_100_Added_Noise_uniform_Eps_40.0_Tau_Type_normal_anchors - INFO - Batch:[258] Adversarial images for this batch already exist
2026-01-22 21:19:41,137 - ADV_Generation_eps_1.0_steps_100_Added_Noise_uniform_Eps_40.0_Tau_Type_normal_anchors - INFO - Batch 259/2465: Clean accuracy 0.9768 | Adv accuracy: 0.0193 | Counter-attack accuracy: 0.9846
2026-01-22 21:19:41,138 - ADV_Generation_eps_1.0_steps_100_Added_Noise_uniform_Eps_40.0_Tau_Type_normal_anchors - INFO - Batch:[259] Adversarial images for this batch already exist
2026-01-22 21:19:41,471 - ADV_Generation_eps_1.0_steps_100_Added_Noise_uniform_Eps_40.0_Tau_Type_normal_anchors - INFO - Batch 260/2465: Clean accuracy 0.9769 | Adv accuracy: 0.0192 | Counter-attack accuracy: 0.9846
2026-01-22 21:19:41,472 - ADV_Generation_eps_1.0_steps_100_Added_Noise_uniform_Eps_40.0_Tau_Type_normal_anchors - INFO - Batch:[260] Adversarial images for this batch already exist
2026-01-22 21:19:41,798 - ADV_Generation_eps_1.0_steps_100_Added_Noise_uniform_Eps_40.0_Tau_Type_normal_anchors - INFO - Batch 261/2465: Clean accuracy 0.9770 | Adv accuracy: 0.0192 | Counter-attack accuracy: 0.9847
2026-01-22 21:19:41,800 - ADV_Generation_eps_1.0_steps_100_Added_Noise_uniform_Eps_40.0_Tau_Type_normal_anchors - INFO - Batch:[261] Adversarial images for this batch already exist
2026-01-22 21:19:42,121 - ADV_Generation_eps_1.0_steps_100_Added_Noise_uniform_Eps_40.0_Tau_Type_normal_anchors - INFO - Batch 262/2465: Clean accuracy 0.9771 | Adv accuracy: 0.0191 | Counter-attack accuracy: 0.9847
2026-01-22 21:19:42,122 - ADV_Generation_eps_1.0_steps_100_Added_Noise_uniform_Eps_40.0_Tau_Type_normal_anchors - INFO - Batch:[262] Adversarial images for this batch already exist
2026-01-22 21:19:42,450 - ADV_Generation_eps_1.0_steps_100_Added_Noise_uniform_Eps_40.0_Tau_Type_normal_anchors - INFO - Batch 263/2465: Clean accuracy 0.9772 | Adv accuracy: 0.0190 | Counter-attack accuracy: 0.9848
2026-01-22 21:19:42,451 - ADV_Generation_eps_1.0_steps_100_Added_Noise_uniform_Eps_40.0_Tau_Type_normal_anchors - INFO - Batch:[263] Adversarial images for this batch already exist
2026-01-22 21:19:42,775 - ADV_Generation_eps_1.0_steps_100_Added_Noise_uniform_Eps_40.0_Tau_Type_normal_anchors - INFO - Batch 264/2465: Clean accuracy 0.9773 | Adv accuracy: 0.0189 | Counter-attack accuracy: 0.9848
2026-01-22 21:19:42,776 - ADV_Generation_eps_1.0_steps_100_Added_Noise_uniform_Eps_40.0_Tau_Type_normal_anchors - INFO - Batch:[264] Adversarial images for this batch already exist
2026-01-22 21:19:43,096 - ADV_Generation_eps_1.0_steps_100_Added_Noise_uniform_Eps_40.0_Tau_Type_normal_anchors - INFO - Batch 265/2465: Clean accuracy 0.9774 | Adv accuracy: 0.0189 | Counter-attack accuracy: 0.9849
2026-01-22 21:19:43,097 - ADV_Generation_eps_1.0_steps_100_Added_Noise_uniform_Eps_40.0_Tau_Type_normal_anchors - INFO - Batch:[265] Adversarial images for this batch already exist
2026-01-22 21:19:43,452 - ADV_Generation_eps_1.0_steps_100_Added_Noise_uniform_Eps_40.0_Tau_Type_normal_anchors - INFO - Batch 266/2465: Clean accuracy 0.9774 | Adv accuracy: 0.0188 | Counter-attack accuracy: 0.9850
2026-01-22 21:19:43,453 - ADV_Generation_eps_1.0_steps_100_Added_Noise_uniform_Eps_40.0_Tau_Type_normal_anchors - INFO - Batch:[266] Adversarial images for this batch already exist
2026-01-22 21:19:43,776 - ADV_Generation_eps_1.0_steps_100_Added_Noise_uniform_Eps_40.0_Tau_Type_normal_anchors - INFO - Batch 267/2465: Clean accuracy 0.9775 | Adv accuracy: 0.0187 | Counter-attack accuracy: 0.9850
2026-01-22 21:19:43,777 - ADV_Generation_eps_1.0_steps_100_Added_Noise_uniform_Eps_40.0_Tau_Type_normal_anchors - INFO - Batch:[267] Adversarial images for this batch already exist
2026-01-22 21:19:44,104 - ADV_Generation_eps_1.0_steps_100_Added_Noise_uniform_Eps_40.0_Tau_Type_normal_anchors - INFO - Batch 268/2465: Clean accuracy 0.9776 | Adv accuracy: 0.0187 | Counter-attack accuracy: 0.9851
2026-01-22 21:19:44,105 - ADV_Generation_eps_1.0_steps_100_Added_Noise_uniform_Eps_40.0_Tau_Type_normal_anchors - INFO - Batch:[268] Adversarial images for this batch already exist
2026-01-22 21:19:44,429 - ADV_Generation_eps_1.0_steps_100_Added_Noise_uniform_Eps_40.0_Tau_Type_normal_anchors - INFO - Batch 269/2465: Clean accuracy 0.9777 | Adv accuracy: 0.0186 | Counter-attack accuracy: 0.9851
2026-01-22 21:19:44,430 - ADV_Generation_eps_1.0_steps_100_Added_Noise_uniform_Eps_40.0_Tau_Type_normal_anchors - INFO - Batch:[269] Adversarial images for this batch already exist
2026-01-22 21:19:44,753 - ADV_Generation_eps_1.0_steps_100_Added_Noise_uniform_Eps_40.0_Tau_Type_normal_anchors - INFO - Batch 270/2465: Clean accuracy 0.9778 | Adv accuracy: 0.0185 | Counter-attack accuracy: 0.9852
2026-01-22 21:19:44,754 - ADV_Generation_eps_1.0_steps_100_Added_Noise_uniform_Eps_40.0_Tau_Type_normal_anchors - INFO - Batch:[270] Adversarial images for this batch already exist
2026-01-22 21:19:45,077 - ADV_Generation_eps_1.0_steps_100_Added_Noise_uniform_Eps_40.0_Tau_Type_normal_anchors - INFO - Batch 271/2465: Clean accuracy 0.9779 | Adv accuracy: 0.0185 | Counter-attack accuracy: 0.9852
2026-01-22 21:19:45,078 - ADV_Generation_eps_1.0_steps_100_Added_Noise_uniform_Eps_40.0_Tau_Type_normal_anchors - INFO - Batch:[271] Adversarial images for this batch already exist
2026-01-22 21:19:45,402 - ADV_Generation_eps_1.0_steps_100_Added_Noise_uniform_Eps_40.0_Tau_Type_normal_anchors - INFO - Batch 272/2465: Clean accuracy 0.9779 | Adv accuracy: 0.0184 | Counter-attack accuracy: 0.9853
2026-01-22 21:19:45,403 - ADV_Generation_eps_1.0_steps_100_Added_Noise_uniform_Eps_40.0_Tau_Type_normal_anchors - INFO - Batch:[272] Adversarial images for this batch already exist
2026-01-22 21:19:45,736 - ADV_Generation_eps_1.0_steps_100_Added_Noise_uniform_Eps_40.0_Tau_Type_normal_anchors - INFO - Batch 273/2465: Clean accuracy 0.9780 | Adv accuracy: 0.0183 | Counter-attack accuracy: 0.9853
2026-01-22 21:19:45,737 - ADV_Generation_eps_1.0_steps_100_Added_Noise_uniform_Eps_40.0_Tau_Type_normal_anchors - INFO - Batch:[273] Adversarial images for this batch already exist
2026-01-22 21:19:46,058 - ADV_Generation_eps_1.0_steps_100_Added_Noise_uniform_Eps_40.0_Tau_Type_normal_anchors - INFO - Batch 274/2465: Clean accuracy 0.9781 | Adv accuracy: 0.0182 | Counter-attack accuracy: 0.9854
2026-01-22 21:19:46,059 - ADV_Generation_eps_1.0_steps_100_Added_Noise_uniform_Eps_40.0_Tau_Type_normal_anchors - INFO - Batch:[274] Adversarial images for this batch already exist
2026-01-22 21:19:46,413 - ADV_Generation_eps_1.0_steps_100_Added_Noise_uniform_Eps_40.0_Tau_Type_normal_anchors - INFO - Batch 275/2465: Clean accuracy 0.9782 | Adv accuracy: 0.0182 | Counter-attack accuracy: 0.9855
2026-01-22 21:19:46,414 - ADV_Generation_eps_1.0_steps_100_Added_Noise_uniform_Eps_40.0_Tau_Type_normal_anchors - INFO - Batch:[275] Adversarial images for this batch already exist
2026-01-22 21:19:46,737 - ADV_Generation_eps_1.0_steps_100_Added_Noise_uniform_Eps_40.0_Tau_Type_normal_anchors - INFO - Batch 276/2465: Clean accuracy 0.9783 | Adv accuracy: 0.0181 | Counter-attack accuracy: 0.9855
2026-01-22 21:19:46,739 - ADV_Generation_eps_1.0_steps_100_Added_Noise_uniform_Eps_40.0_Tau_Type_normal_anchors - INFO - Batch:[276] Adversarial images for this batch already exist
2026-01-22 21:19:47,063 - ADV_Generation_eps_1.0_steps_100_Added_Noise_uniform_Eps_40.0_Tau_Type_normal_anchors - INFO - Batch 277/2465: Clean accuracy 0.9783 | Adv accuracy: 0.0181 | Counter-attack accuracy: 0.9856
2026-01-22 21:19:47,064 - ADV_Generation_eps_1.0_steps_100_Added_Noise_uniform_Eps_40.0_Tau_Type_normal_anchors - INFO - Batch:[277] Adversarial images for this batch already exist
2026-01-22 21:19:47,386 - ADV_Generation_eps_1.0_steps_100_Added_Noise_uniform_Eps_40.0_Tau_Type_normal_anchors - INFO - Batch 278/2465: Clean accuracy 0.9784 | Adv accuracy: 0.0180 | Counter-attack accuracy: 0.9856
2026-01-22 21:19:47,387 - ADV_Generation_eps_1.0_steps_100_Added_Noise_uniform_Eps_40.0_Tau_Type_normal_anchors - INFO - Batch:[278] Adversarial images for this batch already exist
2026-01-22 21:19:47,724 - ADV_Generation_eps_1.0_steps_100_Added_Noise_uniform_Eps_40.0_Tau_Type_normal_anchors - INFO - Batch 279/2465: Clean accuracy 0.9785 | Adv accuracy: 0.0215 | Counter-attack accuracy: 0.9857
2026-01-22 21:19:47,725 - ADV_Generation_eps_1.0_steps_100_Added_Noise_uniform_Eps_40.0_Tau_Type_normal_anchors - INFO - Batch:[279] Adversarial images for this batch already exist
2026-01-22 21:19:48,045 - ADV_Generation_eps_1.0_steps_100_Added_Noise_uniform_Eps_40.0_Tau_Type_normal_anchors - INFO - Batch 280/2465: Clean accuracy 0.9786 | Adv accuracy: 0.0214 | Counter-attack accuracy: 0.9857
2026-01-22 21:19:48,047 - ADV_Generation_eps_1.0_steps_100_Added_Noise_uniform_Eps_40.0_Tau_Type_normal_anchors - INFO - Batch:[280] Adversarial images for this batch already exist
2026-01-22 21:19:48,369 - ADV_Generation_eps_1.0_steps_100_Added_Noise_uniform_Eps_40.0_Tau_Type_normal_anchors - INFO - Batch 281/2465: Clean accuracy 0.9786 | Adv accuracy: 0.0214 | Counter-attack accuracy: 0.9858
2026-01-22 21:19:48,371 - ADV_Generation_eps_1.0_steps_100_Added_Noise_uniform_Eps_40.0_Tau_Type_normal_anchors - INFO - Batch:[281] Adversarial images for this batch already exist
2026-01-22 21:19:48,692 - ADV_Generation_eps_1.0_steps_100_Added_Noise_uniform_Eps_40.0_Tau_Type_normal_anchors - INFO - Batch 282/2465: Clean accuracy 0.9787 | Adv accuracy: 0.0213 | Counter-attack accuracy: 0.9858
2026-01-22 21:19:48,693 - ADV_Generation_eps_1.0_steps_100_Added_Noise_uniform_Eps_40.0_Tau_Type_normal_anchors - INFO - Batch:[282] Adversarial images for this batch already exist
2026-01-22 21:19:49,023 - ADV_Generation_eps_1.0_steps_100_Added_Noise_uniform_Eps_40.0_Tau_Type_normal_anchors - INFO - Batch 283/2465: Clean accuracy 0.9788 | Adv accuracy: 0.0212 | Counter-attack accuracy: 0.9859
2026-01-22 21:19:49,025 - ADV_Generation_eps_1.0_steps_100_Added_Noise_uniform_Eps_40.0_Tau_Type_normal_anchors - INFO - Batch:[283] Adversarial images for this batch already exist
2026-01-22 21:19:49,352 - ADV_Generation_eps_1.0_steps_100_Added_Noise_uniform_Eps_40.0_Tau_Type_normal_anchors - INFO - Batch 284/2465: Clean accuracy 0.9789 | Adv accuracy: 0.0211 | Counter-attack accuracy: 0.9859
2026-01-22 21:19:49,353 - ADV_Generation_eps_1.0_steps_100_Added_Noise_uniform_Eps_40.0_Tau_Type_normal_anchors - INFO - Batch:[284] Adversarial images for this batch already exist
2026-01-22 21:19:49,679 - ADV_Generation_eps_1.0_steps_100_Added_Noise_uniform_Eps_40.0_Tau_Type_normal_anchors - INFO - Batch 285/2465: Clean accuracy 0.9789 | Adv accuracy: 0.0211 | Counter-attack accuracy: 0.9860
2026-01-22 21:19:49,681 - ADV_Generation_eps_1.0_steps_100_Added_Noise_uniform_Eps_40.0_Tau_Type_normal_anchors - INFO - Batch:[285] Adversarial images for this batch already exist
2026-01-22 21:19:50,010 - ADV_Generation_eps_1.0_steps_100_Added_Noise_uniform_Eps_40.0_Tau_Type_normal_anchors - INFO - Batch 286/2465: Clean accuracy 0.9790 | Adv accuracy: 0.0210 | Counter-attack accuracy: 0.9860
2026-01-22 21:19:50,011 - ADV_Generation_eps_1.0_steps_100_Added_Noise_uniform_Eps_40.0_Tau_Type_normal_anchors - INFO - Batch:[286] Adversarial images for this batch already exist
2026-01-22 21:19:50,338 - ADV_Generation_eps_1.0_steps_100_Added_Noise_uniform_Eps_40.0_Tau_Type_normal_anchors - INFO - Batch 287/2465: Clean accuracy 0.9791 | Adv accuracy: 0.0209 | Counter-attack accuracy: 0.9861
2026-01-22 21:19:50,339 - ADV_Generation_eps_1.0_steps_100_Added_Noise_uniform_Eps_40.0_Tau_Type_normal_anchors - INFO - Batch:[287] Adversarial images for this batch already exist
2026-01-22 21:19:50,661 - ADV_Generation_eps_1.0_steps_100_Added_Noise_uniform_Eps_40.0_Tau_Type_normal_anchors - INFO - Batch 288/2465: Clean accuracy 0.9792 | Adv accuracy: 0.0208 | Counter-attack accuracy: 0.9861
2026-01-22 21:19:50,663 - ADV_Generation_eps_1.0_steps_100_Added_Noise_uniform_Eps_40.0_Tau_Type_normal_anchors - INFO - Batch:[288] Adversarial images for this batch already exist
2026-01-22 21:19:50,989 - ADV_Generation_eps_1.0_steps_100_Added_Noise_uniform_Eps_40.0_Tau_Type_normal_anchors - INFO - Batch 289/2465: Clean accuracy 0.9792 | Adv accuracy: 0.0208 | Counter-attack accuracy: 0.9862
2026-01-22 21:19:50,990 - ADV_Generation_eps_1.0_steps_100_Added_Noise_uniform_Eps_40.0_Tau_Type_normal_anchors - INFO - Batch:[289] Adversarial images for this batch already exist
2026-01-22 21:19:51,313 - ADV_Generation_eps_1.0_steps_100_Added_Noise_uniform_Eps_40.0_Tau_Type_normal_anchors - INFO - Batch 290/2465: Clean accuracy 0.9793 | Adv accuracy: 0.0207 | Counter-attack accuracy: 0.9862
2026-01-22 21:19:51,314 - ADV_Generation_eps_1.0_steps_100_Added_Noise_uniform_Eps_40.0_Tau_Type_normal_anchors - INFO - Batch:[290] Adversarial images for this batch already exist
2026-01-22 21:19:51,636 - ADV_Generation_eps_1.0_steps_100_Added_Noise_uniform_Eps_40.0_Tau_Type_normal_anchors - INFO - Batch 291/2465: Clean accuracy 0.9794 | Adv accuracy: 0.0206 | Counter-attack accuracy: 0.9863
2026-01-22 21:19:51,637 - ADV_Generation_eps_1.0_steps_100_Added_Noise_uniform_Eps_40.0_Tau_Type_normal_anchors - INFO - Batch:[291] Adversarial images for this batch already exist
2026-01-22 21:19:51,963 - ADV_Generation_eps_1.0_steps_100_Added_Noise_uniform_Eps_40.0_Tau_Type_normal_anchors - INFO - Batch 292/2465: Clean accuracy 0.9795 | Adv accuracy: 0.0205 | Counter-attack accuracy: 0.9863
2026-01-22 21:19:51,964 - ADV_Generation_eps_1.0_steps_100_Added_Noise_uniform_Eps_40.0_Tau_Type_normal_anchors - INFO - Batch:[292] Adversarial images for this batch already exist
2026-01-22 21:19:52,289 - ADV_Generation_eps_1.0_steps_100_Added_Noise_uniform_Eps_40.0_Tau_Type_normal_anchors - INFO - Batch 293/2465: Clean accuracy 0.9795 | Adv accuracy: 0.0205 | Counter-attack accuracy: 0.9863
2026-01-22 21:19:52,290 - ADV_Generation_eps_1.0_steps_100_Added_Noise_uniform_Eps_40.0_Tau_Type_normal_anchors - INFO - Batch:[293] Adversarial images for this batch already exist
2026-01-22 21:19:52,619 - ADV_Generation_eps_1.0_steps_100_Added_Noise_uniform_Eps_40.0_Tau_Type_normal_anchors - INFO - Batch 294/2465: Clean accuracy 0.9796 | Adv accuracy: 0.0204 | Counter-attack accuracy: 0.9864
2026-01-22 21:19:52,620 - ADV_Generation_eps_1.0_steps_100_Added_Noise_uniform_Eps_40.0_Tau_Type_normal_anchors - INFO - Batch:[294] Adversarial images for this batch already exist
2026-01-22 21:19:52,948 - ADV_Generation_eps_1.0_steps_100_Added_Noise_uniform_Eps_40.0_Tau_Type_normal_anchors - INFO - Batch 295/2465: Clean accuracy 0.9797 | Adv accuracy: 0.0203 | Counter-attack accuracy: 0.9864
2026-01-22 21:19:52,949 - ADV_Generation_eps_1.0_steps_100_Added_Noise_uniform_Eps_40.0_Tau_Type_normal_anchors - INFO - Batch:[295] Adversarial images for this batch already exist
2026-01-22 21:19:53,276 - ADV_Generation_eps_1.0_steps_100_Added_Noise_uniform_Eps_40.0_Tau_Type_normal_anchors - INFO - Batch 296/2465: Clean accuracy 0.9797 | Adv accuracy: 0.0203 | Counter-attack accuracy: 0.9865
2026-01-22 21:19:53,277 - ADV_Generation_eps_1.0_steps_100_Added_Noise_uniform_Eps_40.0_Tau_Type_normal_anchors - INFO - Batch:[296] Adversarial images for this batch already exist
2026-01-22 21:19:53,600 - ADV_Generation_eps_1.0_steps_100_Added_Noise_uniform_Eps_40.0_Tau_Type_normal_anchors - INFO - Batch 297/2465: Clean accuracy 0.9798 | Adv accuracy: 0.0202 | Counter-attack accuracy: 0.9865
2026-01-22 21:19:53,601 - ADV_Generation_eps_1.0_steps_100_Added_Noise_uniform_Eps_40.0_Tau_Type_normal_anchors - INFO - Batch:[297] Adversarial images for this batch already exist
2026-01-22 21:19:53,926 - ADV_Generation_eps_1.0_steps_100_Added_Noise_uniform_Eps_40.0_Tau_Type_normal_anchors - INFO - Batch 298/2465: Clean accuracy 0.9799 | Adv accuracy: 0.0201 | Counter-attack accuracy: 0.9866
2026-01-22 21:19:53,927 - ADV_Generation_eps_1.0_steps_100_Added_Noise_uniform_Eps_40.0_Tau_Type_normal_anchors - INFO - Batch:[298] Adversarial images for this batch already exist
2026-01-22 21:19:54,247 - ADV_Generation_eps_1.0_steps_100_Added_Noise_uniform_Eps_40.0_Tau_Type_normal_anchors - INFO - Batch 299/2465: Clean accuracy 0.9799 | Adv accuracy: 0.0201 | Counter-attack accuracy: 0.9866
2026-01-22 21:19:54,249 - ADV_Generation_eps_1.0_steps_100_Added_Noise_uniform_Eps_40.0_Tau_Type_normal_anchors - INFO - Batch:[299] Adversarial images for this batch already exist
2026-01-22 21:19:54,574 - ADV_Generation_eps_1.0_steps_100_Added_Noise_uniform_Eps_40.0_Tau_Type_normal_anchors - INFO - Batch 300/2465: Clean accuracy 0.9800 | Adv accuracy: 0.0200 | Counter-attack accuracy: 0.9867
2026-01-22 21:19:54,575 - ADV_Generation_eps_1.0_steps_100_Added_Noise_uniform_Eps_40.0_Tau_Type_normal_anchors - INFO - Batch:[300] Adversarial images for this batch already exist
2026-01-22 21:19:54,921 - ADV_Generation_eps_1.0_steps_100_Added_Noise_uniform_Eps_40.0_Tau_Type_normal_anchors - INFO - Batch 301/2465: Clean accuracy 0.9801 | Adv accuracy: 0.0199 | Counter-attack accuracy: 0.9867
2026-01-22 21:19:54,922 - ADV_Generation_eps_1.0_steps_100_Added_Noise_uniform_Eps_40.0_Tau_Type_normal_anchors - INFO - Batch:[301] Adversarial images for this batch already exist
2026-01-22 21:19:55,248 - ADV_Generation_eps_1.0_steps_100_Added_Noise_uniform_Eps_40.0_Tau_Type_normal_anchors - INFO - Batch 302/2465: Clean accuracy 0.9801 | Adv accuracy: 0.0199 | Counter-attack accuracy: 0.9868
2026-01-22 21:19:55,250 - ADV_Generation_eps_1.0_steps_100_Added_Noise_uniform_Eps_40.0_Tau_Type_normal_anchors - INFO - Batch:[302] Adversarial images for this batch already exist
2026-01-22 21:19:55,580 - ADV_Generation_eps_1.0_steps_100_Added_Noise_uniform_Eps_40.0_Tau_Type_normal_anchors - INFO - Batch 303/2465: Clean accuracy 0.9802 | Adv accuracy: 0.0198 | Counter-attack accuracy: 0.9868
2026-01-22 21:19:55,581 - ADV_Generation_eps_1.0_steps_100_Added_Noise_uniform_Eps_40.0_Tau_Type_normal_anchors - INFO - Batch:[303] Adversarial images for this batch already exist
2026-01-22 21:19:55,904 - ADV_Generation_eps_1.0_steps_100_Added_Noise_uniform_Eps_40.0_Tau_Type_normal_anchors - INFO - Batch 304/2465: Clean accuracy 0.9803 | Adv accuracy: 0.0197 | Counter-attack accuracy: 0.9868
2026-01-22 21:19:55,906 - ADV_Generation_eps_1.0_steps_100_Added_Noise_uniform_Eps_40.0_Tau_Type_normal_anchors - INFO - Batch:[304] Adversarial images for this batch already exist
2026-01-22 21:19:56,231 - ADV_Generation_eps_1.0_steps_100_Added_Noise_uniform_Eps_40.0_Tau_Type_normal_anchors - INFO - Batch 305/2465: Clean accuracy 0.9803 | Adv accuracy: 0.0197 | Counter-attack accuracy: 0.9869
2026-01-22 21:19:56,233 - ADV_Generation_eps_1.0_steps_100_Added_Noise_uniform_Eps_40.0_Tau_Type_normal_anchors - INFO - Batch:[305] Adversarial images for this batch already exist
2026-01-22 21:19:56,554 - ADV_Generation_eps_1.0_steps_100_Added_Noise_uniform_Eps_40.0_Tau_Type_normal_anchors - INFO - Batch 306/2465: Clean accuracy 0.9804 | Adv accuracy: 0.0196 | Counter-attack accuracy: 0.9869
2026-01-22 21:19:56,555 - ADV_Generation_eps_1.0_steps_100_Added_Noise_uniform_Eps_40.0_Tau_Type_normal_anchors - INFO - Batch:[306] Adversarial images for this batch already exist
2026-01-22 21:19:56,885 - ADV_Generation_eps_1.0_steps_100_Added_Noise_uniform_Eps_40.0_Tau_Type_normal_anchors - INFO - Batch 307/2465: Clean accuracy 0.9805 | Adv accuracy: 0.0195 | Counter-attack accuracy: 0.9870
2026-01-22 21:19:56,886 - ADV_Generation_eps_1.0_steps_100_Added_Noise_uniform_Eps_40.0_Tau_Type_normal_anchors - INFO - Batch:[307] Adversarial images for this batch already exist
2026-01-22 21:19:57,209 - ADV_Generation_eps_1.0_steps_100_Added_Noise_uniform_Eps_40.0_Tau_Type_normal_anchors - INFO - Batch 308/2465: Clean accuracy 0.9805 | Adv accuracy: 0.0195 | Counter-attack accuracy: 0.9870
2026-01-22 21:19:57,210 - ADV_Generation_eps_1.0_steps_100_Added_Noise_uniform_Eps_40.0_Tau_Type_normal_anchors - INFO - Batch:[308] Adversarial images for this batch already exist
2026-01-22 21:19:57,532 - ADV_Generation_eps_1.0_steps_100_Added_Noise_uniform_Eps_40.0_Tau_Type_normal_anchors - INFO - Batch 309/2465: Clean accuracy 0.9806 | Adv accuracy: 0.0194 | Counter-attack accuracy: 0.9871
2026-01-22 21:19:57,533 - ADV_Generation_eps_1.0_steps_100_Added_Noise_uniform_Eps_40.0_Tau_Type_normal_anchors - INFO - Batch:[309] Adversarial images for this batch already exist
2026-01-22 21:19:57,856 - ADV_Generation_eps_1.0_steps_100_Added_Noise_uniform_Eps_40.0_Tau_Type_normal_anchors - INFO - Batch 310/2465: Clean accuracy 0.9806 | Adv accuracy: 0.0194 | Counter-attack accuracy: 0.9871
2026-01-22 21:19:57,858 - ADV_Generation_eps_1.0_steps_100_Added_Noise_uniform_Eps_40.0_Tau_Type_normal_anchors - INFO - Batch:[310] Adversarial images for this batch already exist
2026-01-22 21:19:58,183 - ADV_Generation_eps_1.0_steps_100_Added_Noise_uniform_Eps_40.0_Tau_Type_normal_anchors - INFO - Batch 311/2465: Clean accuracy 0.9807 | Adv accuracy: 0.0193 | Counter-attack accuracy: 0.9871
2026-01-22 21:19:58,184 - ADV_Generation_eps_1.0_steps_100_Added_Noise_uniform_Eps_40.0_Tau_Type_normal_anchors - INFO - Batch:[311] Adversarial images for this batch already exist
2026-01-22 21:19:58,510 - ADV_Generation_eps_1.0_steps_100_Added_Noise_uniform_Eps_40.0_Tau_Type_normal_anchors - INFO - Batch 312/2465: Clean accuracy 0.9808 | Adv accuracy: 0.0192 | Counter-attack accuracy: 0.9872
2026-01-22 21:19:58,512 - ADV_Generation_eps_1.0_steps_100_Added_Noise_uniform_Eps_40.0_Tau_Type_normal_anchors - INFO - Batch:[312] Adversarial images for this batch already exist
2026-01-22 21:19:58,838 - ADV_Generation_eps_1.0_steps_100_Added_Noise_uniform_Eps_40.0_Tau_Type_normal_anchors - INFO - Batch 313/2465: Clean accuracy 0.9808 | Adv accuracy: 0.0192 | Counter-attack accuracy: 0.9872
2026-01-22 21:19:58,839 - ADV_Generation_eps_1.0_steps_100_Added_Noise_uniform_Eps_40.0_Tau_Type_normal_anchors - INFO - Batch:[313] Adversarial images for this batch already exist
2026-01-22 21:19:59,166 - ADV_Generation_eps_1.0_steps_100_Added_Noise_uniform_Eps_40.0_Tau_Type_normal_anchors - INFO - Batch 314/2465: Clean accuracy 0.9809 | Adv accuracy: 0.0191 | Counter-attack accuracy: 0.9873
2026-01-22 21:19:59,167 - ADV_Generation_eps_1.0_steps_100_Added_Noise_uniform_Eps_40.0_Tau_Type_normal_anchors - INFO - Batch:[314] Adversarial images for this batch already exist
2026-01-22 21:19:59,490 - ADV_Generation_eps_1.0_steps_100_Added_Noise_uniform_Eps_40.0_Tau_Type_normal_anchors - INFO - Batch 315/2465: Clean accuracy 0.9810 | Adv accuracy: 0.0190 | Counter-attack accuracy: 0.9873
2026-01-22 21:19:59,491 - ADV_Generation_eps_1.0_steps_100_Added_Noise_uniform_Eps_40.0_Tau_Type_normal_anchors - INFO - Batch:[315] Adversarial images for this batch already exist
2026-01-22 21:19:59,822 - ADV_Generation_eps_1.0_steps_100_Added_Noise_uniform_Eps_40.0_Tau_Type_normal_anchors - INFO - Batch 316/2465: Clean accuracy 0.9810 | Adv accuracy: 0.0190 | Counter-attack accuracy: 0.9873
2026-01-22 21:19:59,823 - ADV_Generation_eps_1.0_steps_100_Added_Noise_uniform_Eps_40.0_Tau_Type_normal_anchors - INFO - Batch:[316] Adversarial images for this batch already exist
2026-01-22 21:20:00,148 - ADV_Generation_eps_1.0_steps_100_Added_Noise_uniform_Eps_40.0_Tau_Type_normal_anchors - INFO - Batch 317/2465: Clean accuracy 0.9811 | Adv accuracy: 0.0189 | Counter-attack accuracy: 0.9874
2026-01-22 21:20:00,149 - ADV_Generation_eps_1.0_steps_100_Added_Noise_uniform_Eps_40.0_Tau_Type_normal_anchors - INFO - Batch:[317] Adversarial images for this batch already exist
2026-01-22 21:20:00,482 - ADV_Generation_eps_1.0_steps_100_Added_Noise_uniform_Eps_40.0_Tau_Type_normal_anchors - INFO - Batch 318/2465: Clean accuracy 0.9811 | Adv accuracy: 0.0220 | Counter-attack accuracy: 0.9874
2026-01-22 21:20:00,483 - ADV_Generation_eps_1.0_steps_100_Added_Noise_uniform_Eps_40.0_Tau_Type_normal_anchors - INFO - Batch:[318] Adversarial images for this batch already exist
2026-01-22 21:20:00,817 - ADV_Generation_eps_1.0_steps_100_Added_Noise_uniform_Eps_40.0_Tau_Type_normal_anchors - INFO - Batch 319/2465: Clean accuracy 0.9812 | Adv accuracy: 0.0219 | Counter-attack accuracy: 0.9875
2026-01-22 21:20:00,818 - ADV_Generation_eps_1.0_steps_100_Added_Noise_uniform_Eps_40.0_Tau_Type_normal_anchors - INFO - Batch:[319] Adversarial images for this batch already exist
2026-01-22 21:20:01,142 - ADV_Generation_eps_1.0_steps_100_Added_Noise_uniform_Eps_40.0_Tau_Type_normal_anchors - INFO - Batch 320/2465: Clean accuracy 0.9812 | Adv accuracy: 0.0219 | Counter-attack accuracy: 0.9875
2026-01-22 21:20:01,143 - ADV_Generation_eps_1.0_steps_100_Added_Noise_uniform_Eps_40.0_Tau_Type_normal_anchors - INFO - Batch:[320] Adversarial images for this batch already exist
2026-01-22 21:20:01,465 - ADV_Generation_eps_1.0_steps_100_Added_Noise_uniform_Eps_40.0_Tau_Type_normal_anchors - INFO - Batch 321/2465: Clean accuracy 0.9813 | Adv accuracy: 0.0218 | Counter-attack accuracy: 0.9875
2026-01-22 21:20:01,466 - ADV_Generation_eps_1.0_steps_100_Added_Noise_uniform_Eps_40.0_Tau_Type_normal_anchors - INFO - Batch:[321] Adversarial images for this batch already exist
2026-01-22 21:20:01,791 - ADV_Generation_eps_1.0_steps_100_Added_Noise_uniform_Eps_40.0_Tau_Type_normal_anchors - INFO - Batch 322/2465: Clean accuracy 0.9814 | Adv accuracy: 0.0217 | Counter-attack accuracy: 0.9876
2026-01-22 21:20:01,792 - ADV_Generation_eps_1.0_steps_100_Added_Noise_uniform_Eps_40.0_Tau_Type_normal_anchors - INFO - Batch:[322] Adversarial images for this batch already exist
2026-01-22 21:20:02,121 - ADV_Generation_eps_1.0_steps_100_Added_Noise_uniform_Eps_40.0_Tau_Type_normal_anchors - INFO - Batch 323/2465: Clean accuracy 0.9814 | Adv accuracy: 0.0217 | Counter-attack accuracy: 0.9876
2026-01-22 21:20:02,122 - ADV_Generation_eps_1.0_steps_100_Added_Noise_uniform_Eps_40.0_Tau_Type_normal_anchors - INFO - Batch:[323] Adversarial images for this batch already exist
2026-01-22 21:20:02,445 - ADV_Generation_eps_1.0_steps_100_Added_Noise_uniform_Eps_40.0_Tau_Type_normal_anchors - INFO - Batch 324/2465: Clean accuracy 0.9815 | Adv accuracy: 0.0216 | Counter-attack accuracy: 0.9877
2026-01-22 21:20:02,446 - ADV_Generation_eps_1.0_steps_100_Added_Noise_uniform_Eps_40.0_Tau_Type_normal_anchors - INFO - Batch:[324] Adversarial images for this batch already exist
2026-01-22 21:20:02,774 - ADV_Generation_eps_1.0_steps_100_Added_Noise_uniform_Eps_40.0_Tau_Type_normal_anchors - INFO - Batch 325/2465: Clean accuracy 0.9815 | Adv accuracy: 0.0215 | Counter-attack accuracy: 0.9877
2026-01-22 21:20:02,775 - ADV_Generation_eps_1.0_steps_100_Added_Noise_uniform_Eps_40.0_Tau_Type_normal_anchors - INFO - Batch:[325] Adversarial images for this batch already exist
2026-01-22 21:20:03,117 - ADV_Generation_eps_1.0_steps_100_Added_Noise_uniform_Eps_40.0_Tau_Type_normal_anchors - INFO - Batch 326/2465: Clean accuracy 0.9816 | Adv accuracy: 0.0215 | Counter-attack accuracy: 0.9877
2026-01-22 21:20:03,119 - ADV_Generation_eps_1.0_steps_100_Added_Noise_uniform_Eps_40.0_Tau_Type_normal_anchors - INFO - Batch:[326] Adversarial images for this batch already exist
2026-01-22 21:20:03,455 - ADV_Generation_eps_1.0_steps_100_Added_Noise_uniform_Eps_40.0_Tau_Type_normal_anchors - INFO - Batch 327/2465: Clean accuracy 0.9817 | Adv accuracy: 0.0214 | Counter-attack accuracy: 0.9878
2026-01-22 21:20:03,456 - ADV_Generation_eps_1.0_steps_100_Added_Noise_uniform_Eps_40.0_Tau_Type_normal_anchors - INFO - Batch:[327] Adversarial images for this batch already exist
2026-01-22 21:20:03,785 - ADV_Generation_eps_1.0_steps_100_Added_Noise_uniform_Eps_40.0_Tau_Type_normal_anchors - INFO - Batch 328/2465: Clean accuracy 0.9817 | Adv accuracy: 0.0213 | Counter-attack accuracy: 0.9878
2026-01-22 21:20:03,785 - ADV_Generation_eps_1.0_steps_100_Added_Noise_uniform_Eps_40.0_Tau_Type_normal_anchors - INFO - Batch:[328] Adversarial images for this batch already exist
2026-01-22 21:20:04,109 - ADV_Generation_eps_1.0_steps_100_Added_Noise_uniform_Eps_40.0_Tau_Type_normal_anchors - INFO - Batch 329/2465: Clean accuracy 0.9818 | Adv accuracy: 0.0213 | Counter-attack accuracy: 0.9878
2026-01-22 21:20:04,110 - ADV_Generation_eps_1.0_steps_100_Added_Noise_uniform_Eps_40.0_Tau_Type_normal_anchors - INFO - Batch:[329] Adversarial images for this batch already exist
2026-01-22 21:20:04,434 - ADV_Generation_eps_1.0_steps_100_Added_Noise_uniform_Eps_40.0_Tau_Type_normal_anchors - INFO - Batch 330/2465: Clean accuracy 0.9818 | Adv accuracy: 0.0212 | Counter-attack accuracy: 0.9879
2026-01-22 21:20:04,435 - ADV_Generation_eps_1.0_steps_100_Added_Noise_uniform_Eps_40.0_Tau_Type_normal_anchors - INFO - Batch:[330] Adversarial images for this batch already exist
2026-01-22 21:20:04,771 - ADV_Generation_eps_1.0_steps_100_Added_Noise_uniform_Eps_40.0_Tau_Type_normal_anchors - INFO - Batch 331/2465: Clean accuracy 0.9819 | Adv accuracy: 0.0211 | Counter-attack accuracy: 0.9879
2026-01-22 21:20:04,772 - ADV_Generation_eps_1.0_steps_100_Added_Noise_uniform_Eps_40.0_Tau_Type_normal_anchors - INFO - Batch:[331] Adversarial images for this batch already exist
2026-01-22 21:20:05,094 - ADV_Generation_eps_1.0_steps_100_Added_Noise_uniform_Eps_40.0_Tau_Type_normal_anchors - INFO - Batch 332/2465: Clean accuracy 0.9819 | Adv accuracy: 0.0211 | Counter-attack accuracy: 0.9880
2026-01-22 21:20:05,095 - ADV_Generation_eps_1.0_steps_100_Added_Noise_uniform_Eps_40.0_Tau_Type_normal_anchors - INFO - Batch:[332] Adversarial images for this batch already exist
2026-01-22 21:20:05,418 - ADV_Generation_eps_1.0_steps_100_Added_Noise_uniform_Eps_40.0_Tau_Type_normal_anchors - INFO - Batch 333/2465: Clean accuracy 0.9820 | Adv accuracy: 0.0210 | Counter-attack accuracy: 0.9880
2026-01-22 21:20:05,419 - ADV_Generation_eps_1.0_steps_100_Added_Noise_uniform_Eps_40.0_Tau_Type_normal_anchors - INFO - Batch:[333] Adversarial images for this batch already exist
2026-01-22 21:20:05,743 - ADV_Generation_eps_1.0_steps_100_Added_Noise_uniform_Eps_40.0_Tau_Type_normal_anchors - INFO - Batch 334/2465: Clean accuracy 0.9820 | Adv accuracy: 0.0210 | Counter-attack accuracy: 0.9880
2026-01-22 21:20:05,744 - ADV_Generation_eps_1.0_steps_100_Added_Noise_uniform_Eps_40.0_Tau_Type_normal_anchors - INFO - Batch:[334] Adversarial images for this batch already exist
2026-01-22 21:20:06,061 - ADV_Generation_eps_1.0_steps_100_Added_Noise_uniform_Eps_40.0_Tau_Type_normal_anchors - INFO - Batch 335/2465: Clean accuracy 0.9821 | Adv accuracy: 0.0209 | Counter-attack accuracy: 0.9881
2026-01-22 21:20:06,062 - ADV_Generation_eps_1.0_steps_100_Added_Noise_uniform_Eps_40.0_Tau_Type_normal_anchors - INFO - Batch:[335] Adversarial images for this batch already exist
2026-01-22 21:20:06,391 - ADV_Generation_eps_1.0_steps_100_Added_Noise_uniform_Eps_40.0_Tau_Type_normal_anchors - INFO - Batch 336/2465: Clean accuracy 0.9821 | Adv accuracy: 0.0208 | Counter-attack accuracy: 0.9881
2026-01-22 21:20:06,392 - ADV_Generation_eps_1.0_steps_100_Added_Noise_uniform_Eps_40.0_Tau_Type_normal_anchors - INFO - Batch:[336] Adversarial images for this batch already exist
2026-01-22 21:20:06,717 - ADV_Generation_eps_1.0_steps_100_Added_Noise_uniform_Eps_40.0_Tau_Type_normal_anchors - INFO - Batch 337/2465: Clean accuracy 0.9822 | Adv accuracy: 0.0208 | Counter-attack accuracy: 0.9881
2026-01-22 21:20:06,718 - ADV_Generation_eps_1.0_steps_100_Added_Noise_uniform_Eps_40.0_Tau_Type_normal_anchors - INFO - Batch:[337] Adversarial images for this batch already exist
2026-01-22 21:20:07,046 - ADV_Generation_eps_1.0_steps_100_Added_Noise_uniform_Eps_40.0_Tau_Type_normal_anchors - INFO - Batch 338/2465: Clean accuracy 0.9822 | Adv accuracy: 0.0207 | Counter-attack accuracy: 0.9882
2026-01-22 21:20:07,047 - ADV_Generation_eps_1.0_steps_100_Added_Noise_uniform_Eps_40.0_Tau_Type_normal_anchors - INFO - Batch:[338] Adversarial images for this batch already exist
2026-01-22 21:20:07,375 - ADV_Generation_eps_1.0_steps_100_Added_Noise_uniform_Eps_40.0_Tau_Type_normal_anchors - INFO - Batch 339/2465: Clean accuracy 0.9823 | Adv accuracy: 0.0206 | Counter-attack accuracy: 0.9882
2026-01-22 21:20:07,376 - ADV_Generation_eps_1.0_steps_100_Added_Noise_uniform_Eps_40.0_Tau_Type_normal_anchors - INFO - Batch:[339] Adversarial images for this batch already exist
2026-01-22 21:20:07,697 - ADV_Generation_eps_1.0_steps_100_Added_Noise_uniform_Eps_40.0_Tau_Type_normal_anchors - INFO - Batch 340/2465: Clean accuracy 0.9824 | Adv accuracy: 0.0206 | Counter-attack accuracy: 0.9882
2026-01-22 21:20:07,698 - ADV_Generation_eps_1.0_steps_100_Added_Noise_uniform_Eps_40.0_Tau_Type_normal_anchors - INFO - Batch:[340] Adversarial images for this batch already exist
2026-01-22 21:20:08,017 - ADV_Generation_eps_1.0_steps_100_Added_Noise_uniform_Eps_40.0_Tau_Type_normal_anchors - INFO - Batch 341/2465: Clean accuracy 0.9824 | Adv accuracy: 0.0205 | Counter-attack accuracy: 0.9883
2026-01-22 21:20:08,018 - ADV_Generation_eps_1.0_steps_100_Added_Noise_uniform_Eps_40.0_Tau_Type_normal_anchors - INFO - Batch:[341] Adversarial images for this batch already exist
2026-01-22 21:20:08,351 - ADV_Generation_eps_1.0_steps_100_Added_Noise_uniform_Eps_40.0_Tau_Type_normal_anchors - INFO - Batch 342/2465: Clean accuracy 0.9825 | Adv accuracy: 0.0205 | Counter-attack accuracy: 0.9883
2026-01-22 21:20:08,353 - ADV_Generation_eps_1.0_steps_100_Added_Noise_uniform_Eps_40.0_Tau_Type_normal_anchors - INFO - Batch:[342] Adversarial images for this batch already exist
2026-01-22 21:20:08,678 - ADV_Generation_eps_1.0_steps_100_Added_Noise_uniform_Eps_40.0_Tau_Type_normal_anchors - INFO - Batch 343/2465: Clean accuracy 0.9825 | Adv accuracy: 0.0204 | Counter-attack accuracy: 0.9883
2026-01-22 21:20:08,680 - ADV_Generation_eps_1.0_steps_100_Added_Noise_uniform_Eps_40.0_Tau_Type_normal_anchors - INFO - Batch:[343] Adversarial images for this batch already exist
2026-01-22 21:20:09,001 - ADV_Generation_eps_1.0_steps_100_Added_Noise_uniform_Eps_40.0_Tau_Type_normal_anchors - INFO - Batch 344/2465: Clean accuracy 0.9826 | Adv accuracy: 0.0203 | Counter-attack accuracy: 0.9884
2026-01-22 21:20:09,002 - ADV_Generation_eps_1.0_steps_100_Added_Noise_uniform_Eps_40.0_Tau_Type_normal_anchors - INFO - Batch:[344] Adversarial images for this batch already exist
2026-01-22 21:20:09,331 - ADV_Generation_eps_1.0_steps_100_Added_Noise_uniform_Eps_40.0_Tau_Type_normal_anchors - INFO - Batch 345/2465: Clean accuracy 0.9826 | Adv accuracy: 0.0203 | Counter-attack accuracy: 0.9884
2026-01-22 21:20:09,333 - ADV_Generation_eps_1.0_steps_100_Added_Noise_uniform_Eps_40.0_Tau_Type_normal_anchors - INFO - Batch:[345] Adversarial images for this batch already exist
2026-01-22 21:20:09,670 - ADV_Generation_eps_1.0_steps_100_Added_Noise_uniform_Eps_40.0_Tau_Type_normal_anchors - INFO - Batch 346/2465: Clean accuracy 0.9827 | Adv accuracy: 0.0202 | Counter-attack accuracy: 0.9884
2026-01-22 21:20:09,671 - ADV_Generation_eps_1.0_steps_100_Added_Noise_uniform_Eps_40.0_Tau_Type_normal_anchors - INFO - Batch:[346] Adversarial images for this batch already exist
2026-01-22 21:20:09,996 - ADV_Generation_eps_1.0_steps_100_Added_Noise_uniform_Eps_40.0_Tau_Type_normal_anchors - INFO - Batch 347/2465: Clean accuracy 0.9827 | Adv accuracy: 0.0202 | Counter-attack accuracy: 0.9885
2026-01-22 21:20:09,997 - ADV_Generation_eps_1.0_steps_100_Added_Noise_uniform_Eps_40.0_Tau_Type_normal_anchors - INFO - Batch:[347] Adversarial images for this batch already exist
2026-01-22 21:20:10,317 - ADV_Generation_eps_1.0_steps_100_Added_Noise_uniform_Eps_40.0_Tau_Type_normal_anchors - INFO - Batch 348/2465: Clean accuracy 0.9828 | Adv accuracy: 0.0201 | Counter-attack accuracy: 0.9885
2026-01-22 21:20:10,318 - ADV_Generation_eps_1.0_steps_100_Added_Noise_uniform_Eps_40.0_Tau_Type_normal_anchors - INFO - Batch:[348] Adversarial images for this batch already exist
2026-01-22 21:20:10,642 - ADV_Generation_eps_1.0_steps_100_Added_Noise_uniform_Eps_40.0_Tau_Type_normal_anchors - INFO - Batch 349/2465: Clean accuracy 0.9828 | Adv accuracy: 0.0201 | Counter-attack accuracy: 0.9885
2026-01-22 21:20:10,644 - ADV_Generation_eps_1.0_steps_100_Added_Noise_uniform_Eps_40.0_Tau_Type_normal_anchors - INFO - Batch:[349] Adversarial images for this batch already exist
2026-01-22 21:20:10,969 - ADV_Generation_eps_1.0_steps_100_Added_Noise_uniform_Eps_40.0_Tau_Type_normal_anchors - INFO - Batch 350/2465: Clean accuracy 0.9829 | Adv accuracy: 0.0200 | Counter-attack accuracy: 0.9886
2026-01-22 21:20:10,970 - ADV_Generation_eps_1.0_steps_100_Added_Noise_uniform_Eps_40.0_Tau_Type_normal_anchors - INFO - Batch:[350] Adversarial images for this batch already exist
2026-01-22 21:20:11,296 - ADV_Generation_eps_1.0_steps_100_Added_Noise_uniform_Eps_40.0_Tau_Type_normal_anchors - INFO - Batch 351/2465: Clean accuracy 0.9829 | Adv accuracy: 0.0199 | Counter-attack accuracy: 0.9886
2026-01-22 21:20:11,297 - ADV_Generation_eps_1.0_steps_100_Added_Noise_uniform_Eps_40.0_Tau_Type_normal_anchors - INFO - Batch:[351] Adversarial images for this batch already exist
2026-01-22 21:20:11,632 - ADV_Generation_eps_1.0_steps_100_Added_Noise_uniform_Eps_40.0_Tau_Type_normal_anchors - INFO - Batch 352/2465: Clean accuracy 0.9830 | Adv accuracy: 0.0199 | Counter-attack accuracy: 0.9886
2026-01-22 21:20:11,633 - ADV_Generation_eps_1.0_steps_100_Added_Noise_uniform_Eps_40.0_Tau_Type_normal_anchors - INFO - Batch:[352] Adversarial images for this batch already exist
2026-01-22 21:20:11,964 - ADV_Generation_eps_1.0_steps_100_Added_Noise_uniform_Eps_40.0_Tau_Type_normal_anchors - INFO - Batch 353/2465: Clean accuracy 0.9830 | Adv accuracy: 0.0198 | Counter-attack accuracy: 0.9887
2026-01-22 21:20:11,965 - ADV_Generation_eps_1.0_steps_100_Added_Noise_uniform_Eps_40.0_Tau_Type_normal_anchors - INFO - Batch:[353] Adversarial images for this batch already exist
2026-01-22 21:20:12,289 - ADV_Generation_eps_1.0_steps_100_Added_Noise_uniform_Eps_40.0_Tau_Type_normal_anchors - INFO - Batch 354/2465: Clean accuracy 0.9831 | Adv accuracy: 0.0198 | Counter-attack accuracy: 0.9887
2026-01-22 21:20:12,291 - ADV_Generation_eps_1.0_steps_100_Added_Noise_uniform_Eps_40.0_Tau_Type_normal_anchors - INFO - Batch:[354] Adversarial images for this batch already exist
2026-01-22 21:20:12,620 - ADV_Generation_eps_1.0_steps_100_Added_Noise_uniform_Eps_40.0_Tau_Type_normal_anchors - INFO - Batch 355/2465: Clean accuracy 0.9831 | Adv accuracy: 0.0225 | Counter-attack accuracy: 0.9887
2026-01-22 21:20:12,621 - ADV_Generation_eps_1.0_steps_100_Added_Noise_uniform_Eps_40.0_Tau_Type_normal_anchors - INFO - Batch:[355] Adversarial images for this batch already exist
2026-01-22 21:20:12,946 - ADV_Generation_eps_1.0_steps_100_Added_Noise_uniform_Eps_40.0_Tau_Type_normal_anchors - INFO - Batch 356/2465: Clean accuracy 0.9831 | Adv accuracy: 0.0225 | Counter-attack accuracy: 0.9888
2026-01-22 21:20:12,947 - ADV_Generation_eps_1.0_steps_100_Added_Noise_uniform_Eps_40.0_Tau_Type_normal_anchors - INFO - Batch:[356] Adversarial images for this batch already exist
2026-01-22 21:20:13,272 - ADV_Generation_eps_1.0_steps_100_Added_Noise_uniform_Eps_40.0_Tau_Type_normal_anchors - INFO - Batch 357/2465: Clean accuracy 0.9832 | Adv accuracy: 0.0224 | Counter-attack accuracy: 0.9888
2026-01-22 21:20:13,273 - ADV_Generation_eps_1.0_steps_100_Added_Noise_uniform_Eps_40.0_Tau_Type_normal_anchors - INFO - Batch:[357] Adversarial images for this batch already exist
2026-01-22 21:20:13,595 - ADV_Generation_eps_1.0_steps_100_Added_Noise_uniform_Eps_40.0_Tau_Type_normal_anchors - INFO - Batch 358/2465: Clean accuracy 0.9832 | Adv accuracy: 0.0223 | Counter-attack accuracy: 0.9888
2026-01-22 21:20:13,596 - ADV_Generation_eps_1.0_steps_100_Added_Noise_uniform_Eps_40.0_Tau_Type_normal_anchors - INFO - Batch:[358] Adversarial images for this batch already exist
2026-01-22 21:20:13,919 - ADV_Generation_eps_1.0_steps_100_Added_Noise_uniform_Eps_40.0_Tau_Type_normal_anchors - INFO - Batch 359/2465: Clean accuracy 0.9833 | Adv accuracy: 0.0223 | Counter-attack accuracy: 0.9889
2026-01-22 21:20:13,920 - ADV_Generation_eps_1.0_steps_100_Added_Noise_uniform_Eps_40.0_Tau_Type_normal_anchors - INFO - Batch:[359] Adversarial images for this batch already exist
2026-01-22 21:20:14,245 - ADV_Generation_eps_1.0_steps_100_Added_Noise_uniform_Eps_40.0_Tau_Type_normal_anchors - INFO - Batch 360/2465: Clean accuracy 0.9833 | Adv accuracy: 0.0222 | Counter-attack accuracy: 0.9889
2026-01-22 21:20:14,247 - ADV_Generation_eps_1.0_steps_100_Added_Noise_uniform_Eps_40.0_Tau_Type_normal_anchors - INFO - Batch:[360] Adversarial images for this batch already exist
2026-01-22 21:20:14,577 - ADV_Generation_eps_1.0_steps_100_Added_Noise_uniform_Eps_40.0_Tau_Type_normal_anchors - INFO - Batch 361/2465: Clean accuracy 0.9834 | Adv accuracy: 0.0222 | Counter-attack accuracy: 0.9889
2026-01-22 21:20:14,578 - ADV_Generation_eps_1.0_steps_100_Added_Noise_uniform_Eps_40.0_Tau_Type_normal_anchors - INFO - Batch:[361] Adversarial images for this batch already exist
2026-01-22 21:20:14,905 - ADV_Generation_eps_1.0_steps_100_Added_Noise_uniform_Eps_40.0_Tau_Type_normal_anchors - INFO - Batch 362/2465: Clean accuracy 0.9834 | Adv accuracy: 0.0221 | Counter-attack accuracy: 0.9890
2026-01-22 21:20:14,906 - ADV_Generation_eps_1.0_steps_100_Added_Noise_uniform_Eps_40.0_Tau_Type_normal_anchors - INFO - Batch:[362] Adversarial images for this batch already exist
2026-01-22 21:20:15,232 - ADV_Generation_eps_1.0_steps_100_Added_Noise_uniform_Eps_40.0_Tau_Type_normal_anchors - INFO - Batch 363/2465: Clean accuracy 0.9835 | Adv accuracy: 0.0220 | Counter-attack accuracy: 0.9890
2026-01-22 21:20:15,233 - ADV_Generation_eps_1.0_steps_100_Added_Noise_uniform_Eps_40.0_Tau_Type_normal_anchors - INFO - Batch:[363] Adversarial images for this batch already exist
2026-01-22 21:20:15,553 - ADV_Generation_eps_1.0_steps_100_Added_Noise_uniform_Eps_40.0_Tau_Type_normal_anchors - INFO - Batch 364/2465: Clean accuracy 0.9835 | Adv accuracy: 0.0220 | Counter-attack accuracy: 0.9890
2026-01-22 21:20:15,554 - ADV_Generation_eps_1.0_steps_100_Added_Noise_uniform_Eps_40.0_Tau_Type_normal_anchors - INFO - Batch:[364] Adversarial images for this batch already exist
2026-01-22 21:20:15,880 - ADV_Generation_eps_1.0_steps_100_Added_Noise_uniform_Eps_40.0_Tau_Type_normal_anchors - INFO - Batch 365/2465: Clean accuracy 0.9836 | Adv accuracy: 0.0219 | Counter-attack accuracy: 0.9890
2026-01-22 21:20:15,881 - ADV_Generation_eps_1.0_steps_100_Added_Noise_uniform_Eps_40.0_Tau_Type_normal_anchors - INFO - Batch:[365] Adversarial images for this batch already exist
2026-01-22 21:20:16,207 - ADV_Generation_eps_1.0_steps_100_Added_Noise_uniform_Eps_40.0_Tau_Type_normal_anchors - INFO - Batch 366/2465: Clean accuracy 0.9836 | Adv accuracy: 0.0219 | Counter-attack accuracy: 0.9891
2026-01-22 21:20:16,208 - ADV_Generation_eps_1.0_steps_100_Added_Noise_uniform_Eps_40.0_Tau_Type_normal_anchors - INFO - Batch:[366] Adversarial images for this batch already exist
2026-01-22 21:20:16,532 - ADV_Generation_eps_1.0_steps_100_Added_Noise_uniform_Eps_40.0_Tau_Type_normal_anchors - INFO - Batch 367/2465: Clean accuracy 0.9837 | Adv accuracy: 0.0218 | Counter-attack accuracy: 0.9891
2026-01-22 21:20:16,533 - ADV_Generation_eps_1.0_steps_100_Added_Noise_uniform_Eps_40.0_Tau_Type_normal_anchors - INFO - Batch:[367] Adversarial images for this batch already exist
2026-01-22 21:20:16,887 - ADV_Generation_eps_1.0_steps_100_Added_Noise_uniform_Eps_40.0_Tau_Type_normal_anchors - INFO - Batch 368/2465: Clean accuracy 0.9837 | Adv accuracy: 0.0217 | Counter-attack accuracy: 0.9891
2026-01-22 21:20:16,888 - ADV_Generation_eps_1.0_steps_100_Added_Noise_uniform_Eps_40.0_Tau_Type_normal_anchors - INFO - Batch:[368] Adversarial images for this batch already exist
2026-01-22 21:20:17,211 - ADV_Generation_eps_1.0_steps_100_Added_Noise_uniform_Eps_40.0_Tau_Type_normal_anchors - INFO - Batch 369/2465: Clean accuracy 0.9837 | Adv accuracy: 0.0217 | Counter-attack accuracy: 0.9892
2026-01-22 21:20:17,212 - ADV_Generation_eps_1.0_steps_100_Added_Noise_uniform_Eps_40.0_Tau_Type_normal_anchors - INFO - Batch:[369] Adversarial images for this batch already exist
2026-01-22 21:20:17,535 - ADV_Generation_eps_1.0_steps_100_Added_Noise_uniform_Eps_40.0_Tau_Type_normal_anchors - INFO - Batch 370/2465: Clean accuracy 0.9838 | Adv accuracy: 0.0216 | Counter-attack accuracy: 0.9892
2026-01-22 21:20:17,536 - ADV_Generation_eps_1.0_steps_100_Added_Noise_uniform_Eps_40.0_Tau_Type_normal_anchors - INFO - Batch:[370] Adversarial images for this batch already exist
2026-01-22 21:20:17,858 - ADV_Generation_eps_1.0_steps_100_Added_Noise_uniform_Eps_40.0_Tau_Type_normal_anchors - INFO - Batch 371/2465: Clean accuracy 0.9838 | Adv accuracy: 0.0216 | Counter-attack accuracy: 0.9892
2026-01-22 21:20:17,859 - ADV_Generation_eps_1.0_steps_100_Added_Noise_uniform_Eps_40.0_Tau_Type_normal_anchors - INFO - Batch:[371] Adversarial images for this batch already exist
2026-01-22 21:20:18,190 - ADV_Generation_eps_1.0_steps_100_Added_Noise_uniform_Eps_40.0_Tau_Type_normal_anchors - INFO - Batch 372/2465: Clean accuracy 0.9839 | Adv accuracy: 0.0215 | Counter-attack accuracy: 0.9892
2026-01-22 21:20:18,191 - ADV_Generation_eps_1.0_steps_100_Added_Noise_uniform_Eps_40.0_Tau_Type_normal_anchors - INFO - Batch:[372] Adversarial images for this batch already exist
2026-01-22 21:20:18,522 - ADV_Generation_eps_1.0_steps_100_Added_Noise_uniform_Eps_40.0_Tau_Type_normal_anchors - INFO - Batch 373/2465: Clean accuracy 0.9839 | Adv accuracy: 0.0214 | Counter-attack accuracy: 0.9893
2026-01-22 21:20:18,523 - ADV_Generation_eps_1.0_steps_100_Added_Noise_uniform_Eps_40.0_Tau_Type_normal_anchors - INFO - Batch:[373] Adversarial images for this batch already exist
2026-01-22 21:20:18,844 - ADV_Generation_eps_1.0_steps_100_Added_Noise_uniform_Eps_40.0_Tau_Type_normal_anchors - INFO - Batch 374/2465: Clean accuracy 0.9840 | Adv accuracy: 0.0214 | Counter-attack accuracy: 0.9893
2026-01-22 21:20:18,845 - ADV_Generation_eps_1.0_steps_100_Added_Noise_uniform_Eps_40.0_Tau_Type_normal_anchors - INFO - Batch:[374] Adversarial images for this batch already exist
2026-01-22 21:20:19,169 - ADV_Generation_eps_1.0_steps_100_Added_Noise_uniform_Eps_40.0_Tau_Type_normal_anchors - INFO - Batch 375/2465: Clean accuracy 0.9840 | Adv accuracy: 0.0213 | Counter-attack accuracy: 0.9893
2026-01-22 21:20:19,170 - ADV_Generation_eps_1.0_steps_100_Added_Noise_uniform_Eps_40.0_Tau_Type_normal_anchors - INFO - Batch:[375] Adversarial images for this batch already exist
2026-01-22 21:20:19,500 - ADV_Generation_eps_1.0_steps_100_Added_Noise_uniform_Eps_40.0_Tau_Type_normal_anchors - INFO - Batch 376/2465: Clean accuracy 0.9840 | Adv accuracy: 0.0213 | Counter-attack accuracy: 0.9894
2026-01-22 21:20:19,502 - ADV_Generation_eps_1.0_steps_100_Added_Noise_uniform_Eps_40.0_Tau_Type_normal_anchors - INFO - Batch:[376] Adversarial images for this batch already exist
2026-01-22 21:20:19,835 - ADV_Generation_eps_1.0_steps_100_Added_Noise_uniform_Eps_40.0_Tau_Type_normal_anchors - INFO - Batch 377/2465: Clean accuracy 0.9841 | Adv accuracy: 0.0212 | Counter-attack accuracy: 0.9894
2026-01-22 21:20:19,836 - ADV_Generation_eps_1.0_steps_100_Added_Noise_uniform_Eps_40.0_Tau_Type_normal_anchors - INFO - Batch:[377] Adversarial images for this batch already exist
2026-01-22 21:20:20,208 - ADV_Generation_eps_1.0_steps_100_Added_Noise_uniform_Eps_40.0_Tau_Type_normal_anchors - INFO - Batch 378/2465: Clean accuracy 0.9841 | Adv accuracy: 0.0212 | Counter-attack accuracy: 0.9894
2026-01-22 21:20:20,209 - ADV_Generation_eps_1.0_steps_100_Added_Noise_uniform_Eps_40.0_Tau_Type_normal_anchors - INFO - Batch:[378] Adversarial images for this batch already exist
2026-01-22 21:20:20,534 - ADV_Generation_eps_1.0_steps_100_Added_Noise_uniform_Eps_40.0_Tau_Type_normal_anchors - INFO - Batch 379/2465: Clean accuracy 0.9842 | Adv accuracy: 0.0211 | Counter-attack accuracy: 0.9894
2026-01-22 21:20:20,536 - ADV_Generation_eps_1.0_steps_100_Added_Noise_uniform_Eps_40.0_Tau_Type_normal_anchors - INFO - Batch:[379] Adversarial images for this batch already exist
2026-01-22 21:20:20,858 - ADV_Generation_eps_1.0_steps_100_Added_Noise_uniform_Eps_40.0_Tau_Type_normal_anchors - INFO - Batch 380/2465: Clean accuracy 0.9842 | Adv accuracy: 0.0211 | Counter-attack accuracy: 0.9895
2026-01-22 21:20:20,860 - ADV_Generation_eps_1.0_steps_100_Added_Noise_uniform_Eps_40.0_Tau_Type_normal_anchors - INFO - Batch:[380] Adversarial images for this batch already exist
2026-01-22 21:20:21,183 - ADV_Generation_eps_1.0_steps_100_Added_Noise_uniform_Eps_40.0_Tau_Type_normal_anchors - INFO - Batch 381/2465: Clean accuracy 0.9843 | Adv accuracy: 0.0210 | Counter-attack accuracy: 0.9895
2026-01-22 21:20:21,184 - ADV_Generation_eps_1.0_steps_100_Added_Noise_uniform_Eps_40.0_Tau_Type_normal_anchors - INFO - Batch:[381] Adversarial images for this batch already exist
2026-01-22 21:20:21,512 - ADV_Generation_eps_1.0_steps_100_Added_Noise_uniform_Eps_40.0_Tau_Type_normal_anchors - INFO - Batch 382/2465: Clean accuracy 0.9843 | Adv accuracy: 0.0209 | Counter-attack accuracy: 0.9895
2026-01-22 21:20:21,513 - ADV_Generation_eps_1.0_steps_100_Added_Noise_uniform_Eps_40.0_Tau_Type_normal_anchors - INFO - Batch:[382] Adversarial images for this batch already exist
2026-01-22 21:20:21,853 - ADV_Generation_eps_1.0_steps_100_Added_Noise_uniform_Eps_40.0_Tau_Type_normal_anchors - INFO - Batch 383/2465: Clean accuracy 0.9843 | Adv accuracy: 0.0209 | Counter-attack accuracy: 0.9896
2026-01-22 21:20:21,854 - ADV_Generation_eps_1.0_steps_100_Added_Noise_uniform_Eps_40.0_Tau_Type_normal_anchors - INFO - Batch:[383] Adversarial images for this batch already exist
2026-01-22 21:20:22,174 - ADV_Generation_eps_1.0_steps_100_Added_Noise_uniform_Eps_40.0_Tau_Type_normal_anchors - INFO - Batch 384/2465: Clean accuracy 0.9844 | Adv accuracy: 0.0208 | Counter-attack accuracy: 0.9896
2026-01-22 21:20:22,175 - ADV_Generation_eps_1.0_steps_100_Added_Noise_uniform_Eps_40.0_Tau_Type_normal_anchors - INFO - Batch:[384] Adversarial images for this batch already exist
2026-01-22 21:20:22,499 - ADV_Generation_eps_1.0_steps_100_Added_Noise_uniform_Eps_40.0_Tau_Type_normal_anchors - INFO - Batch 385/2465: Clean accuracy 0.9844 | Adv accuracy: 0.0234 | Counter-attack accuracy: 0.9896
2026-01-22 21:20:22,500 - ADV_Generation_eps_1.0_steps_100_Added_Noise_uniform_Eps_40.0_Tau_Type_normal_anchors - INFO - Batch:[385] Adversarial images for this batch already exist
2026-01-22 21:20:22,821 - ADV_Generation_eps_1.0_steps_100_Added_Noise_uniform_Eps_40.0_Tau_Type_normal_anchors - INFO - Batch 386/2465: Clean accuracy 0.9845 | Adv accuracy: 0.0233 | Counter-attack accuracy: 0.9896
2026-01-22 21:20:22,822 - ADV_Generation_eps_1.0_steps_100_Added_Noise_uniform_Eps_40.0_Tau_Type_normal_anchors - INFO - Batch:[386] Adversarial images for this batch already exist
2026-01-22 21:20:23,148 - ADV_Generation_eps_1.0_steps_100_Added_Noise_uniform_Eps_40.0_Tau_Type_normal_anchors - INFO - Batch 387/2465: Clean accuracy 0.9845 | Adv accuracy: 0.0233 | Counter-attack accuracy: 0.9897
2026-01-22 21:20:23,149 - ADV_Generation_eps_1.0_steps_100_Added_Noise_uniform_Eps_40.0_Tau_Type_normal_anchors - INFO - Batch:[387] Adversarial images for this batch already exist
2026-01-22 21:20:23,474 - ADV_Generation_eps_1.0_steps_100_Added_Noise_uniform_Eps_40.0_Tau_Type_normal_anchors - INFO - Batch 388/2465: Clean accuracy 0.9845 | Adv accuracy: 0.0232 | Counter-attack accuracy: 0.9897
2026-01-22 21:20:23,475 - ADV_Generation_eps_1.0_steps_100_Added_Noise_uniform_Eps_40.0_Tau_Type_normal_anchors - INFO - Batch:[388] Adversarial images for this batch already exist
2026-01-22 21:20:23,803 - ADV_Generation_eps_1.0_steps_100_Added_Noise_uniform_Eps_40.0_Tau_Type_normal_anchors - INFO - Batch 389/2465: Clean accuracy 0.9846 | Adv accuracy: 0.0231 | Counter-attack accuracy: 0.9897
2026-01-22 21:20:23,804 - ADV_Generation_eps_1.0_steps_100_Added_Noise_uniform_Eps_40.0_Tau_Type_normal_anchors - INFO - Batch:[389] Adversarial images for this batch already exist
2026-01-22 21:20:24,138 - ADV_Generation_eps_1.0_steps_100_Added_Noise_uniform_Eps_40.0_Tau_Type_normal_anchors - INFO - Batch 390/2465: Clean accuracy 0.9846 | Adv accuracy: 0.0231 | Counter-attack accuracy: 0.9897
2026-01-22 21:20:24,139 - ADV_Generation_eps_1.0_steps_100_Added_Noise_uniform_Eps_40.0_Tau_Type_normal_anchors - INFO - Batch:[390] Adversarial images for this batch already exist
2026-01-22 21:20:24,466 - ADV_Generation_eps_1.0_steps_100_Added_Noise_uniform_Eps_40.0_Tau_Type_normal_anchors - INFO - Batch 391/2465: Clean accuracy 0.9847 | Adv accuracy: 0.0230 | Counter-attack accuracy: 0.9898
2026-01-22 21:20:24,467 - ADV_Generation_eps_1.0_steps_100_Added_Noise_uniform_Eps_40.0_Tau_Type_normal_anchors - INFO - Batch:[391] Adversarial images for this batch already exist
2026-01-22 21:20:24,821 - ADV_Generation_eps_1.0_steps_100_Added_Noise_uniform_Eps_40.0_Tau_Type_normal_anchors - INFO - Batch 392/2465: Clean accuracy 0.9847 | Adv accuracy: 0.0230 | Counter-attack accuracy: 0.9898
2026-01-22 21:20:24,822 - ADV_Generation_eps_1.0_steps_100_Added_Noise_uniform_Eps_40.0_Tau_Type_normal_anchors - INFO - Batch:[392] Adversarial images for this batch already exist
2026-01-22 21:20:25,150 - ADV_Generation_eps_1.0_steps_100_Added_Noise_uniform_Eps_40.0_Tau_Type_normal_anchors - INFO - Batch 393/2465: Clean accuracy 0.9847 | Adv accuracy: 0.0229 | Counter-attack accuracy: 0.9898
2026-01-22 21:20:25,152 - ADV_Generation_eps_1.0_steps_100_Added_Noise_uniform_Eps_40.0_Tau_Type_normal_anchors - INFO - Batch:[393] Adversarial images for this batch already exist
2026-01-22 21:20:25,478 - ADV_Generation_eps_1.0_steps_100_Added_Noise_uniform_Eps_40.0_Tau_Type_normal_anchors - INFO - Batch 394/2465: Clean accuracy 0.9848 | Adv accuracy: 0.0228 | Counter-attack accuracy: 0.9898
2026-01-22 21:20:25,479 - ADV_Generation_eps_1.0_steps_100_Added_Noise_uniform_Eps_40.0_Tau_Type_normal_anchors - INFO - Batch:[394] Adversarial images for this batch already exist
2026-01-22 21:20:25,803 - ADV_Generation_eps_1.0_steps_100_Added_Noise_uniform_Eps_40.0_Tau_Type_normal_anchors - INFO - Batch 395/2465: Clean accuracy 0.9848 | Adv accuracy: 0.0228 | Counter-attack accuracy: 0.9899
2026-01-22 21:20:25,804 - ADV_Generation_eps_1.0_steps_100_Added_Noise_uniform_Eps_40.0_Tau_Type_normal_anchors - INFO - Batch:[395] Adversarial images for this batch already exist
2026-01-22 21:20:26,133 - ADV_Generation_eps_1.0_steps_100_Added_Noise_uniform_Eps_40.0_Tau_Type_normal_anchors - INFO - Batch 396/2465: Clean accuracy 0.9848 | Adv accuracy: 0.0227 | Counter-attack accuracy: 0.9899
2026-01-22 21:20:26,134 - ADV_Generation_eps_1.0_steps_100_Added_Noise_uniform_Eps_40.0_Tau_Type_normal_anchors - INFO - Batch:[396] Adversarial images for this batch already exist
2026-01-22 21:20:26,452 - ADV_Generation_eps_1.0_steps_100_Added_Noise_uniform_Eps_40.0_Tau_Type_normal_anchors - INFO - Batch 397/2465: Clean accuracy 0.9849 | Adv accuracy: 0.0227 | Counter-attack accuracy: 0.9899
2026-01-22 21:20:26,453 - ADV_Generation_eps_1.0_steps_100_Added_Noise_uniform_Eps_40.0_Tau_Type_normal_anchors - INFO - Batch:[397] Adversarial images for this batch already exist
2026-01-22 21:20:26,774 - ADV_Generation_eps_1.0_steps_100_Added_Noise_uniform_Eps_40.0_Tau_Type_normal_anchors - INFO - Batch 398/2465: Clean accuracy 0.9849 | Adv accuracy: 0.0226 | Counter-attack accuracy: 0.9899
2026-01-22 21:20:26,775 - ADV_Generation_eps_1.0_steps_100_Added_Noise_uniform_Eps_40.0_Tau_Type_normal_anchors - INFO - Batch:[398] Adversarial images for this batch already exist
2026-01-22 21:20:27,104 - ADV_Generation_eps_1.0_steps_100_Added_Noise_uniform_Eps_40.0_Tau_Type_normal_anchors - INFO - Batch 399/2465: Clean accuracy 0.9850 | Adv accuracy: 0.0226 | Counter-attack accuracy: 0.9900
2026-01-22 21:20:27,105 - ADV_Generation_eps_1.0_steps_100_Added_Noise_uniform_Eps_40.0_Tau_Type_normal_anchors - INFO - Batch:[399] Adversarial images for this batch already exist
2026-01-22 21:20:27,456 - ADV_Generation_eps_1.0_steps_100_Added_Noise_uniform_Eps_40.0_Tau_Type_normal_anchors - INFO - Batch 400/2465: Clean accuracy 0.9850 | Adv accuracy: 0.0225 | Counter-attack accuracy: 0.9900
2026-01-22 21:20:27,457 - ADV_Generation_eps_1.0_steps_100_Added_Noise_uniform_Eps_40.0_Tau_Type_normal_anchors - INFO - Batch:[400] Adversarial images for this batch already exist
2026-01-22 21:20:27,782 - ADV_Generation_eps_1.0_steps_100_Added_Noise_uniform_Eps_40.0_Tau_Type_normal_anchors - INFO - Batch 401/2465: Clean accuracy 0.9850 | Adv accuracy: 0.0224 | Counter-attack accuracy: 0.9900
2026-01-22 21:20:27,784 - ADV_Generation_eps_1.0_steps_100_Added_Noise_uniform_Eps_40.0_Tau_Type_normal_anchors - INFO - Batch:[401] Adversarial images for this batch already exist
2026-01-22 21:20:28,112 - ADV_Generation_eps_1.0_steps_100_Added_Noise_uniform_Eps_40.0_Tau_Type_normal_anchors - INFO - Batch 402/2465: Clean accuracy 0.9851 | Adv accuracy: 0.0224 | Counter-attack accuracy: 0.9900
2026-01-22 21:20:28,113 - ADV_Generation_eps_1.0_steps_100_Added_Noise_uniform_Eps_40.0_Tau_Type_normal_anchors - INFO - Batch:[402] Adversarial images for this batch already exist
2026-01-22 21:20:28,441 - ADV_Generation_eps_1.0_steps_100_Added_Noise_uniform_Eps_40.0_Tau_Type_normal_anchors - INFO - Batch 403/2465: Clean accuracy 0.9851 | Adv accuracy: 0.0223 | Counter-attack accuracy: 0.9901
2026-01-22 21:20:28,442 - ADV_Generation_eps_1.0_steps_100_Added_Noise_uniform_Eps_40.0_Tau_Type_normal_anchors - INFO - Batch:[403] Adversarial images for this batch already exist
2026-01-22 21:20:28,764 - ADV_Generation_eps_1.0_steps_100_Added_Noise_uniform_Eps_40.0_Tau_Type_normal_anchors - INFO - Batch 404/2465: Clean accuracy 0.9851 | Adv accuracy: 0.0223 | Counter-attack accuracy: 0.9901
2026-01-22 21:20:28,765 - ADV_Generation_eps_1.0_steps_100_Added_Noise_uniform_Eps_40.0_Tau_Type_normal_anchors - INFO - Batch:[404] Adversarial images for this batch already exist
2026-01-22 21:20:29,112 - ADV_Generation_eps_1.0_steps_100_Added_Noise_uniform_Eps_40.0_Tau_Type_normal_anchors - INFO - Batch 405/2465: Clean accuracy 0.9852 | Adv accuracy: 0.0222 | Counter-attack accuracy: 0.9901
2026-01-22 21:20:29,114 - ADV_Generation_eps_1.0_steps_100_Added_Noise_uniform_Eps_40.0_Tau_Type_normal_anchors - INFO - Batch:[405] Adversarial images for this batch already exist
2026-01-22 21:20:29,446 - ADV_Generation_eps_1.0_steps_100_Added_Noise_uniform_Eps_40.0_Tau_Type_normal_anchors - INFO - Batch 406/2465: Clean accuracy 0.9852 | Adv accuracy: 0.0246 | Counter-attack accuracy: 0.9901
2026-01-22 21:20:29,447 - ADV_Generation_eps_1.0_steps_100_Added_Noise_uniform_Eps_40.0_Tau_Type_normal_anchors - INFO - Batch:[406] Adversarial images for this batch already exist
2026-01-22 21:20:29,769 - ADV_Generation_eps_1.0_steps_100_Added_Noise_uniform_Eps_40.0_Tau_Type_normal_anchors - INFO - Batch 407/2465: Clean accuracy 0.9853 | Adv accuracy: 0.0270 | Counter-attack accuracy: 0.9902
2026-01-22 21:20:29,770 - ADV_Generation_eps_1.0_steps_100_Added_Noise_uniform_Eps_40.0_Tau_Type_normal_anchors - INFO - Batch:[407] Adversarial images for this batch already exist
2026-01-22 21:20:30,098 - ADV_Generation_eps_1.0_steps_100_Added_Noise_uniform_Eps_40.0_Tau_Type_normal_anchors - INFO - Batch 408/2465: Clean accuracy 0.9853 | Adv accuracy: 0.0270 | Counter-attack accuracy: 0.9902
2026-01-22 21:20:30,099 - ADV_Generation_eps_1.0_steps_100_Added_Noise_uniform_Eps_40.0_Tau_Type_normal_anchors - INFO - Batch:[408] Adversarial images for this batch already exist
2026-01-22 21:20:30,430 - ADV_Generation_eps_1.0_steps_100_Added_Noise_uniform_Eps_40.0_Tau_Type_normal_anchors - INFO - Batch 409/2465: Clean accuracy 0.9853 | Adv accuracy: 0.0293 | Counter-attack accuracy: 0.9902
2026-01-22 21:20:30,431 - ADV_Generation_eps_1.0_steps_100_Added_Noise_uniform_Eps_40.0_Tau_Type_normal_anchors - INFO - Batch:[409] Adversarial images for this batch already exist
2026-01-22 21:20:30,757 - ADV_Generation_eps_1.0_steps_100_Added_Noise_uniform_Eps_40.0_Tau_Type_normal_anchors - INFO - Batch 410/2465: Clean accuracy 0.9854 | Adv accuracy: 0.0293 | Counter-attack accuracy: 0.9902
2026-01-22 21:20:30,758 - ADV_Generation_eps_1.0_steps_100_Added_Noise_uniform_Eps_40.0_Tau_Type_normal_anchors - INFO - Batch:[410] Adversarial images for this batch already exist
2026-01-22 21:20:31,085 - ADV_Generation_eps_1.0_steps_100_Added_Noise_uniform_Eps_40.0_Tau_Type_normal_anchors - INFO - Batch 411/2465: Clean accuracy 0.9854 | Adv accuracy: 0.0316 | Counter-attack accuracy: 0.9903
2026-01-22 21:20:31,086 - ADV_Generation_eps_1.0_steps_100_Added_Noise_uniform_Eps_40.0_Tau_Type_normal_anchors - INFO - Batch:[411] Adversarial images for this batch already exist
2026-01-22 21:20:31,418 - ADV_Generation_eps_1.0_steps_100_Added_Noise_uniform_Eps_40.0_Tau_Type_normal_anchors - INFO - Batch 412/2465: Clean accuracy 0.9854 | Adv accuracy: 0.0316 | Counter-attack accuracy: 0.9903
2026-01-22 21:20:31,419 - ADV_Generation_eps_1.0_steps_100_Added_Noise_uniform_Eps_40.0_Tau_Type_normal_anchors - INFO - Batch:[412] Adversarial images for this batch already exist
2026-01-22 21:20:31,748 - ADV_Generation_eps_1.0_steps_100_Added_Noise_uniform_Eps_40.0_Tau_Type_normal_anchors - INFO - Batch 413/2465: Clean accuracy 0.9855 | Adv accuracy: 0.0315 | Counter-attack accuracy: 0.9903
2026-01-22 21:20:31,749 - ADV_Generation_eps_1.0_steps_100_Added_Noise_uniform_Eps_40.0_Tau_Type_normal_anchors - INFO - Batch:[413] Adversarial images for this batch already exist
2026-01-22 21:20:32,076 - ADV_Generation_eps_1.0_steps_100_Added_Noise_uniform_Eps_40.0_Tau_Type_normal_anchors - INFO - Batch 414/2465: Clean accuracy 0.9855 | Adv accuracy: 0.0314 | Counter-attack accuracy: 0.9903
2026-01-22 21:20:32,077 - ADV_Generation_eps_1.0_steps_100_Added_Noise_uniform_Eps_40.0_Tau_Type_normal_anchors - INFO - Batch:[414] Adversarial images for this batch already exist
2026-01-22 21:20:32,402 - ADV_Generation_eps_1.0_steps_100_Added_Noise_uniform_Eps_40.0_Tau_Type_normal_anchors - INFO - Batch 415/2465: Clean accuracy 0.9855 | Adv accuracy: 0.0313 | Counter-attack accuracy: 0.9904
2026-01-22 21:20:32,403 - ADV_Generation_eps_1.0_steps_100_Added_Noise_uniform_Eps_40.0_Tau_Type_normal_anchors - INFO - Batch:[415] Adversarial images for this batch already exist
2026-01-22 21:20:32,735 - ADV_Generation_eps_1.0_steps_100_Added_Noise_uniform_Eps_40.0_Tau_Type_normal_anchors - INFO - Batch 416/2465: Clean accuracy 0.9856 | Adv accuracy: 0.0312 | Counter-attack accuracy: 0.9904
2026-01-22 21:20:32,736 - ADV_Generation_eps_1.0_steps_100_Added_Noise_uniform_Eps_40.0_Tau_Type_normal_anchors - INFO - Batch:[416] Adversarial images for this batch already exist
2026-01-22 21:20:33,071 - ADV_Generation_eps_1.0_steps_100_Added_Noise_uniform_Eps_40.0_Tau_Type_normal_anchors - INFO - Batch 417/2465: Clean accuracy 0.9856 | Adv accuracy: 0.0312 | Counter-attack accuracy: 0.9904
2026-01-22 21:20:33,072 - ADV_Generation_eps_1.0_steps_100_Added_Noise_uniform_Eps_40.0_Tau_Type_normal_anchors - INFO - Batch:[417] Adversarial images for this batch already exist
2026-01-22 21:20:33,397 - ADV_Generation_eps_1.0_steps_100_Added_Noise_uniform_Eps_40.0_Tau_Type_normal_anchors - INFO - Batch 418/2465: Clean accuracy 0.9856 | Adv accuracy: 0.0311 | Counter-attack accuracy: 0.9904
2026-01-22 21:20:33,398 - ADV_Generation_eps_1.0_steps_100_Added_Noise_uniform_Eps_40.0_Tau_Type_normal_anchors - INFO - Batch:[418] Adversarial images for this batch already exist
2026-01-22 21:20:33,730 - ADV_Generation_eps_1.0_steps_100_Added_Noise_uniform_Eps_40.0_Tau_Type_normal_anchors - INFO - Batch 419/2465: Clean accuracy 0.9857 | Adv accuracy: 0.0310 | Counter-attack accuracy: 0.9905
2026-01-22 21:20:33,732 - ADV_Generation_eps_1.0_steps_100_Added_Noise_uniform_Eps_40.0_Tau_Type_normal_anchors - INFO - Batch:[419] Adversarial images for this batch already exist
2026-01-22 21:20:34,087 - ADV_Generation_eps_1.0_steps_100_Added_Noise_uniform_Eps_40.0_Tau_Type_normal_anchors - INFO - Batch 420/2465: Clean accuracy 0.9857 | Adv accuracy: 0.0310 | Counter-attack accuracy: 0.9905
2026-01-22 21:20:34,088 - ADV_Generation_eps_1.0_steps_100_Added_Noise_uniform_Eps_40.0_Tau_Type_normal_anchors - INFO - Batch:[420] Adversarial images for this batch already exist
2026-01-22 21:20:34,433 - ADV_Generation_eps_1.0_steps_100_Added_Noise_uniform_Eps_40.0_Tau_Type_normal_anchors - INFO - Batch 421/2465: Clean accuracy 0.9857 | Adv accuracy: 0.0333 | Counter-attack accuracy: 0.9905
2026-01-22 21:20:34,434 - ADV_Generation_eps_1.0_steps_100_Added_Noise_uniform_Eps_40.0_Tau_Type_normal_anchors - INFO - Batch:[421] Adversarial images for this batch already exist
2026-01-22 21:20:34,762 - ADV_Generation_eps_1.0_steps_100_Added_Noise_uniform_Eps_40.0_Tau_Type_normal_anchors - INFO - Batch 422/2465: Clean accuracy 0.9858 | Adv accuracy: 0.0332 | Counter-attack accuracy: 0.9905
2026-01-22 21:20:34,763 - ADV_Generation_eps_1.0_steps_100_Added_Noise_uniform_Eps_40.0_Tau_Type_normal_anchors - INFO - Batch:[422] Adversarial images for this batch already exist
2026-01-22 21:20:35,091 - ADV_Generation_eps_1.0_steps_100_Added_Noise_uniform_Eps_40.0_Tau_Type_normal_anchors - INFO - Batch 423/2465: Clean accuracy 0.9858 | Adv accuracy: 0.0331 | Counter-attack accuracy: 0.9905
2026-01-22 21:20:35,093 - ADV_Generation_eps_1.0_steps_100_Added_Noise_uniform_Eps_40.0_Tau_Type_normal_anchors - INFO - Batch:[423] Adversarial images for this batch already exist
2026-01-22 21:20:35,425 - ADV_Generation_eps_1.0_steps_100_Added_Noise_uniform_Eps_40.0_Tau_Type_normal_anchors - INFO - Batch 424/2465: Clean accuracy 0.9858 | Adv accuracy: 0.0330 | Counter-attack accuracy: 0.9906
2026-01-22 21:20:35,426 - ADV_Generation_eps_1.0_steps_100_Added_Noise_uniform_Eps_40.0_Tau_Type_normal_anchors - INFO - Batch:[424] Adversarial images for this batch already exist
2026-01-22 21:20:35,748 - ADV_Generation_eps_1.0_steps_100_Added_Noise_uniform_Eps_40.0_Tau_Type_normal_anchors - INFO - Batch 425/2465: Clean accuracy 0.9859 | Adv accuracy: 0.0329 | Counter-attack accuracy: 0.9906
2026-01-22 21:20:35,749 - ADV_Generation_eps_1.0_steps_100_Added_Noise_uniform_Eps_40.0_Tau_Type_normal_anchors - INFO - Batch:[425] Adversarial images for this batch already exist
2026-01-22 21:20:36,073 - ADV_Generation_eps_1.0_steps_100_Added_Noise_uniform_Eps_40.0_Tau_Type_normal_anchors - INFO - Batch 426/2465: Clean accuracy 0.9859 | Adv accuracy: 0.0329 | Counter-attack accuracy: 0.9906
2026-01-22 21:20:36,074 - ADV_Generation_eps_1.0_steps_100_Added_Noise_uniform_Eps_40.0_Tau_Type_normal_anchors - INFO - Batch:[426] Adversarial images for this batch already exist
2026-01-22 21:20:36,397 - ADV_Generation_eps_1.0_steps_100_Added_Noise_uniform_Eps_40.0_Tau_Type_normal_anchors - INFO - Batch 427/2465: Clean accuracy 0.9859 | Adv accuracy: 0.0351 | Counter-attack accuracy: 0.9906
2026-01-22 21:20:36,398 - ADV_Generation_eps_1.0_steps_100_Added_Noise_uniform_Eps_40.0_Tau_Type_normal_anchors - INFO - Batch:[427] Adversarial images for this batch already exist
2026-01-22 21:20:36,723 - ADV_Generation_eps_1.0_steps_100_Added_Noise_uniform_Eps_40.0_Tau_Type_normal_anchors - INFO - Batch 428/2465: Clean accuracy 0.9860 | Adv accuracy: 0.0350 | Counter-attack accuracy: 0.9907
2026-01-22 21:20:36,725 - ADV_Generation_eps_1.0_steps_100_Added_Noise_uniform_Eps_40.0_Tau_Type_normal_anchors - INFO - Batch:[428] Adversarial images for this batch already exist
2026-01-22 21:20:37,054 - ADV_Generation_eps_1.0_steps_100_Added_Noise_uniform_Eps_40.0_Tau_Type_normal_anchors - INFO - Batch 429/2465: Clean accuracy 0.9860 | Adv accuracy: 0.0350 | Counter-attack accuracy: 0.9907
2026-01-22 21:20:37,055 - ADV_Generation_eps_1.0_steps_100_Added_Noise_uniform_Eps_40.0_Tau_Type_normal_anchors - INFO - Batch:[429] Adversarial images for this batch already exist
2026-01-22 21:20:37,384 - ADV_Generation_eps_1.0_steps_100_Added_Noise_uniform_Eps_40.0_Tau_Type_normal_anchors - INFO - Batch 430/2465: Clean accuracy 0.9860 | Adv accuracy: 0.0349 | Counter-attack accuracy: 0.9907
2026-01-22 21:20:37,385 - ADV_Generation_eps_1.0_steps_100_Added_Noise_uniform_Eps_40.0_Tau_Type_normal_anchors - INFO - Batch:[430] Adversarial images for this batch already exist
2026-01-22 21:20:37,705 - ADV_Generation_eps_1.0_steps_100_Added_Noise_uniform_Eps_40.0_Tau_Type_normal_anchors - INFO - Batch 431/2465: Clean accuracy 0.9861 | Adv accuracy: 0.0348 | Counter-attack accuracy: 0.9907
2026-01-22 21:20:37,706 - ADV_Generation_eps_1.0_steps_100_Added_Noise_uniform_Eps_40.0_Tau_Type_normal_anchors - INFO - Batch:[431] Adversarial images for this batch already exist
2026-01-22 21:20:38,025 - ADV_Generation_eps_1.0_steps_100_Added_Noise_uniform_Eps_40.0_Tau_Type_normal_anchors - INFO - Batch 432/2465: Clean accuracy 0.9861 | Adv accuracy: 0.0347 | Counter-attack accuracy: 0.9907
2026-01-22 21:20:38,025 - ADV_Generation_eps_1.0_steps_100_Added_Noise_uniform_Eps_40.0_Tau_Type_normal_anchors - INFO - Batch:[432] Adversarial images for this batch already exist
2026-01-22 21:20:38,352 - ADV_Generation_eps_1.0_steps_100_Added_Noise_uniform_Eps_40.0_Tau_Type_normal_anchors - INFO - Batch 433/2465: Clean accuracy 0.9861 | Adv accuracy: 0.0346 | Counter-attack accuracy: 0.9908
2026-01-22 21:20:38,353 - ADV_Generation_eps_1.0_steps_100_Added_Noise_uniform_Eps_40.0_Tau_Type_normal_anchors - INFO - Batch:[433] Adversarial images for this batch already exist
2026-01-22 21:20:38,678 - ADV_Generation_eps_1.0_steps_100_Added_Noise_uniform_Eps_40.0_Tau_Type_normal_anchors - INFO - Batch 434/2465: Clean accuracy 0.9862 | Adv accuracy: 0.0346 | Counter-attack accuracy: 0.9908
2026-01-22 21:20:38,679 - ADV_Generation_eps_1.0_steps_100_Added_Noise_uniform_Eps_40.0_Tau_Type_normal_anchors - INFO - Batch:[434] Adversarial images for this batch already exist
2026-01-22 21:20:39,000 - ADV_Generation_eps_1.0_steps_100_Added_Noise_uniform_Eps_40.0_Tau_Type_normal_anchors - INFO - Batch 435/2465: Clean accuracy 0.9862 | Adv accuracy: 0.0345 | Counter-attack accuracy: 0.9908
2026-01-22 21:20:39,001 - ADV_Generation_eps_1.0_steps_100_Added_Noise_uniform_Eps_40.0_Tau_Type_normal_anchors - INFO - Batch:[435] Adversarial images for this batch already exist
2026-01-22 21:20:39,326 - ADV_Generation_eps_1.0_steps_100_Added_Noise_uniform_Eps_40.0_Tau_Type_normal_anchors - INFO - Batch 436/2465: Clean accuracy 0.9862 | Adv accuracy: 0.0344 | Counter-attack accuracy: 0.9908
2026-01-22 21:20:39,327 - ADV_Generation_eps_1.0_steps_100_Added_Noise_uniform_Eps_40.0_Tau_Type_normal_anchors - INFO - Batch:[436] Adversarial images for this batch already exist
2026-01-22 21:20:39,642 - ADV_Generation_eps_1.0_steps_100_Added_Noise_uniform_Eps_40.0_Tau_Type_normal_anchors - INFO - Batch 437/2465: Clean accuracy 0.9863 | Adv accuracy: 0.0343 | Counter-attack accuracy: 0.9908
2026-01-22 21:20:39,643 - ADV_Generation_eps_1.0_steps_100_Added_Noise_uniform_Eps_40.0_Tau_Type_normal_anchors - INFO - Batch:[437] Adversarial images for this batch already exist
2026-01-22 21:20:39,961 - ADV_Generation_eps_1.0_steps_100_Added_Noise_uniform_Eps_40.0_Tau_Type_normal_anchors - INFO - Batch 438/2465: Clean accuracy 0.9863 | Adv accuracy: 0.0342 | Counter-attack accuracy: 0.9909
2026-01-22 21:20:39,962 - ADV_Generation_eps_1.0_steps_100_Added_Noise_uniform_Eps_40.0_Tau_Type_normal_anchors - INFO - Batch:[438] Adversarial images for this batch already exist
2026-01-22 21:20:40,286 - ADV_Generation_eps_1.0_steps_100_Added_Noise_uniform_Eps_40.0_Tau_Type_normal_anchors - INFO - Batch 439/2465: Clean accuracy 0.9863 | Adv accuracy: 0.0342 | Counter-attack accuracy: 0.9909
2026-01-22 21:20:40,287 - ADV_Generation_eps_1.0_steps_100_Added_Noise_uniform_Eps_40.0_Tau_Type_normal_anchors - INFO - Batch:[439] Adversarial images for this batch already exist
2026-01-22 21:20:40,612 - ADV_Generation_eps_1.0_steps_100_Added_Noise_uniform_Eps_40.0_Tau_Type_normal_anchors - INFO - Batch 440/2465: Clean accuracy 0.9864 | Adv accuracy: 0.0341 | Counter-attack accuracy: 0.9909
2026-01-22 21:20:40,614 - ADV_Generation_eps_1.0_steps_100_Added_Noise_uniform_Eps_40.0_Tau_Type_normal_anchors - INFO - Batch:[440] Adversarial images for this batch already exist
2026-01-22 21:20:40,941 - ADV_Generation_eps_1.0_steps_100_Added_Noise_uniform_Eps_40.0_Tau_Type_normal_anchors - INFO - Batch 441/2465: Clean accuracy 0.9864 | Adv accuracy: 0.0340 | Counter-attack accuracy: 0.9909
2026-01-22 21:20:40,942 - ADV_Generation_eps_1.0_steps_100_Added_Noise_uniform_Eps_40.0_Tau_Type_normal_anchors - INFO - Batch:[441] Adversarial images for this batch already exist
2026-01-22 21:20:41,261 - ADV_Generation_eps_1.0_steps_100_Added_Noise_uniform_Eps_40.0_Tau_Type_normal_anchors - INFO - Batch 442/2465: Clean accuracy 0.9864 | Adv accuracy: 0.0339 | Counter-attack accuracy: 0.9910
2026-01-22 21:20:41,262 - ADV_Generation_eps_1.0_steps_100_Added_Noise_uniform_Eps_40.0_Tau_Type_normal_anchors - INFO - Batch:[442] Adversarial images for this batch already exist
2026-01-22 21:20:41,588 - ADV_Generation_eps_1.0_steps_100_Added_Noise_uniform_Eps_40.0_Tau_Type_normal_anchors - INFO - Batch 443/2465: Clean accuracy 0.9865 | Adv accuracy: 0.0339 | Counter-attack accuracy: 0.9910
2026-01-22 21:20:41,589 - ADV_Generation_eps_1.0_steps_100_Added_Noise_uniform_Eps_40.0_Tau_Type_normal_anchors - INFO - Batch:[443] Adversarial images for this batch already exist
2026-01-22 21:20:41,916 - ADV_Generation_eps_1.0_steps_100_Added_Noise_uniform_Eps_40.0_Tau_Type_normal_anchors - INFO - Batch 444/2465: Clean accuracy 0.9865 | Adv accuracy: 0.0338 | Counter-attack accuracy: 0.9910
2026-01-22 21:20:41,918 - ADV_Generation_eps_1.0_steps_100_Added_Noise_uniform_Eps_40.0_Tau_Type_normal_anchors - INFO - Batch:[444] Adversarial images for this batch already exist
2026-01-22 21:20:42,242 - ADV_Generation_eps_1.0_steps_100_Added_Noise_uniform_Eps_40.0_Tau_Type_normal_anchors - INFO - Batch 445/2465: Clean accuracy 0.9865 | Adv accuracy: 0.0337 | Counter-attack accuracy: 0.9910
2026-01-22 21:20:42,243 - ADV_Generation_eps_1.0_steps_100_Added_Noise_uniform_Eps_40.0_Tau_Type_normal_anchors - INFO - Batch:[445] Adversarial images for this batch already exist
2026-01-22 21:20:42,572 - ADV_Generation_eps_1.0_steps_100_Added_Noise_uniform_Eps_40.0_Tau_Type_normal_anchors - INFO - Batch 446/2465: Clean accuracy 0.9865 | Adv accuracy: 0.0336 | Counter-attack accuracy: 0.9910
2026-01-22 21:20:42,573 - ADV_Generation_eps_1.0_steps_100_Added_Noise_uniform_Eps_40.0_Tau_Type_normal_anchors - INFO - Batch:[446] Adversarial images for this batch already exist
2026-01-22 21:20:42,904 - ADV_Generation_eps_1.0_steps_100_Added_Noise_uniform_Eps_40.0_Tau_Type_normal_anchors - INFO - Batch 447/2465: Clean accuracy 0.9866 | Adv accuracy: 0.0336 | Counter-attack accuracy: 0.9911
2026-01-22 21:20:42,905 - ADV_Generation_eps_1.0_steps_100_Added_Noise_uniform_Eps_40.0_Tau_Type_normal_anchors - INFO - Batch:[447] Adversarial images for this batch already exist
2026-01-22 21:20:43,229 - ADV_Generation_eps_1.0_steps_100_Added_Noise_uniform_Eps_40.0_Tau_Type_normal_anchors - INFO - Batch 448/2465: Clean accuracy 0.9866 | Adv accuracy: 0.0335 | Counter-attack accuracy: 0.9911
2026-01-22 21:20:43,230 - ADV_Generation_eps_1.0_steps_100_Added_Noise_uniform_Eps_40.0_Tau_Type_normal_anchors - INFO - Batch:[448] Adversarial images for this batch already exist
2026-01-22 21:20:43,550 - ADV_Generation_eps_1.0_steps_100_Added_Noise_uniform_Eps_40.0_Tau_Type_normal_anchors - INFO - Batch 449/2465: Clean accuracy 0.9866 | Adv accuracy: 0.0334 | Counter-attack accuracy: 0.9911
2026-01-22 21:20:43,551 - ADV_Generation_eps_1.0_steps_100_Added_Noise_uniform_Eps_40.0_Tau_Type_normal_anchors - INFO - Batch:[449] Adversarial images for this batch already exist
2026-01-22 21:20:43,875 - ADV_Generation_eps_1.0_steps_100_Added_Noise_uniform_Eps_40.0_Tau_Type_normal_anchors - INFO - Batch 450/2465: Clean accuracy 0.9867 | Adv accuracy: 0.0333 | Counter-attack accuracy: 0.9911
2026-01-22 21:20:43,876 - ADV_Generation_eps_1.0_steps_100_Added_Noise_uniform_Eps_40.0_Tau_Type_normal_anchors - INFO - Batch:[450] Adversarial images for this batch already exist
2026-01-22 21:20:44,196 - ADV_Generation_eps_1.0_steps_100_Added_Noise_uniform_Eps_40.0_Tau_Type_normal_anchors - INFO - Batch 451/2465: Clean accuracy 0.9867 | Adv accuracy: 0.0333 | Counter-attack accuracy: 0.9911
2026-01-22 21:20:44,198 - ADV_Generation_eps_1.0_steps_100_Added_Noise_uniform_Eps_40.0_Tau_Type_normal_anchors - INFO - Batch:[451] Adversarial images for this batch already exist
2026-01-22 21:20:44,521 - ADV_Generation_eps_1.0_steps_100_Added_Noise_uniform_Eps_40.0_Tau_Type_normal_anchors - INFO - Batch 452/2465: Clean accuracy 0.9867 | Adv accuracy: 0.0332 | Counter-attack accuracy: 0.9912
2026-01-22 21:20:44,522 - ADV_Generation_eps_1.0_steps_100_Added_Noise_uniform_Eps_40.0_Tau_Type_normal_anchors - INFO - Batch:[452] Adversarial images for this batch already exist
2026-01-22 21:20:44,869 - ADV_Generation_eps_1.0_steps_100_Added_Noise_uniform_Eps_40.0_Tau_Type_normal_anchors - INFO - Batch 453/2465: Clean accuracy 0.9868 | Adv accuracy: 0.0331 | Counter-attack accuracy: 0.9912
2026-01-22 21:20:44,871 - ADV_Generation_eps_1.0_steps_100_Added_Noise_uniform_Eps_40.0_Tau_Type_normal_anchors - INFO - Batch:[453] Adversarial images for this batch already exist
2026-01-22 21:20:45,205 - ADV_Generation_eps_1.0_steps_100_Added_Noise_uniform_Eps_40.0_Tau_Type_normal_anchors - INFO - Batch 454/2465: Clean accuracy 0.9868 | Adv accuracy: 0.0330 | Counter-attack accuracy: 0.9912
2026-01-22 21:20:45,206 - ADV_Generation_eps_1.0_steps_100_Added_Noise_uniform_Eps_40.0_Tau_Type_normal_anchors - INFO - Batch:[454] Adversarial images for this batch already exist
2026-01-22 21:20:45,531 - ADV_Generation_eps_1.0_steps_100_Added_Noise_uniform_Eps_40.0_Tau_Type_normal_anchors - INFO - Batch 455/2465: Clean accuracy 0.9868 | Adv accuracy: 0.0330 | Counter-attack accuracy: 0.9912
2026-01-22 21:20:45,532 - ADV_Generation_eps_1.0_steps_100_Added_Noise_uniform_Eps_40.0_Tau_Type_normal_anchors - INFO - Batch:[455] Adversarial images for this batch already exist
2026-01-22 21:20:45,860 - ADV_Generation_eps_1.0_steps_100_Added_Noise_uniform_Eps_40.0_Tau_Type_normal_anchors - INFO - Batch 456/2465: Clean accuracy 0.9868 | Adv accuracy: 0.0329 | Counter-attack accuracy: 0.9912
2026-01-22 21:20:45,861 - ADV_Generation_eps_1.0_steps_100_Added_Noise_uniform_Eps_40.0_Tau_Type_normal_anchors - INFO - Batch:[456] Adversarial images for this batch already exist
2026-01-22 21:20:46,242 - ADV_Generation_eps_1.0_steps_100_Added_Noise_uniform_Eps_40.0_Tau_Type_normal_anchors - INFO - Batch 457/2465: Clean accuracy 0.9869 | Adv accuracy: 0.0328 | Counter-attack accuracy: 0.9912
2026-01-22 21:20:46,243 - ADV_Generation_eps_1.0_steps_100_Added_Noise_uniform_Eps_40.0_Tau_Type_normal_anchors - INFO - Batch:[457] Adversarial images for this batch already exist
2026-01-22 21:20:46,571 - ADV_Generation_eps_1.0_steps_100_Added_Noise_uniform_Eps_40.0_Tau_Type_normal_anchors - INFO - Batch 458/2465: Clean accuracy 0.9869 | Adv accuracy: 0.0328 | Counter-attack accuracy: 0.9913
2026-01-22 21:20:46,572 - ADV_Generation_eps_1.0_steps_100_Added_Noise_uniform_Eps_40.0_Tau_Type_normal_anchors - INFO - Batch:[458] Adversarial images for this batch already exist
2026-01-22 21:20:46,897 - ADV_Generation_eps_1.0_steps_100_Added_Noise_uniform_Eps_40.0_Tau_Type_normal_anchors - INFO - Batch 459/2465: Clean accuracy 0.9869 | Adv accuracy: 0.0327 | Counter-attack accuracy: 0.9913
2026-01-22 21:20:46,898 - ADV_Generation_eps_1.0_steps_100_Added_Noise_uniform_Eps_40.0_Tau_Type_normal_anchors - INFO - Batch:[459] Adversarial images for this batch already exist
2026-01-22 21:20:47,226 - ADV_Generation_eps_1.0_steps_100_Added_Noise_uniform_Eps_40.0_Tau_Type_normal_anchors - INFO - Batch 460/2465: Clean accuracy 0.9870 | Adv accuracy: 0.0326 | Counter-attack accuracy: 0.9913
2026-01-22 21:20:47,227 - ADV_Generation_eps_1.0_steps_100_Added_Noise_uniform_Eps_40.0_Tau_Type_normal_anchors - INFO - Batch:[460] Adversarial images for this batch already exist
2026-01-22 21:20:47,555 - ADV_Generation_eps_1.0_steps_100_Added_Noise_uniform_Eps_40.0_Tau_Type_normal_anchors - INFO - Batch 461/2465: Clean accuracy 0.9870 | Adv accuracy: 0.0325 | Counter-attack accuracy: 0.9913
2026-01-22 21:20:47,557 - ADV_Generation_eps_1.0_steps_100_Added_Noise_uniform_Eps_40.0_Tau_Type_normal_anchors - INFO - Batch:[461] Adversarial images for this batch already exist
2026-01-22 21:20:47,883 - ADV_Generation_eps_1.0_steps_100_Added_Noise_uniform_Eps_40.0_Tau_Type_normal_anchors - INFO - Batch 462/2465: Clean accuracy 0.9870 | Adv accuracy: 0.0325 | Counter-attack accuracy: 0.9913
2026-01-22 21:20:47,884 - ADV_Generation_eps_1.0_steps_100_Added_Noise_uniform_Eps_40.0_Tau_Type_normal_anchors - INFO - Batch:[462] Adversarial images for this batch already exist
2026-01-22 21:20:48,210 - ADV_Generation_eps_1.0_steps_100_Added_Noise_uniform_Eps_40.0_Tau_Type_normal_anchors - INFO - Batch 463/2465: Clean accuracy 0.9870 | Adv accuracy: 0.0324 | Counter-attack accuracy: 0.9914
2026-01-22 21:20:48,211 - ADV_Generation_eps_1.0_steps_100_Added_Noise_uniform_Eps_40.0_Tau_Type_normal_anchors - INFO - Batch:[463] Adversarial images for this batch already exist
2026-01-22 21:20:48,544 - ADV_Generation_eps_1.0_steps_100_Added_Noise_uniform_Eps_40.0_Tau_Type_normal_anchors - INFO - Batch 464/2465: Clean accuracy 0.9871 | Adv accuracy: 0.0323 | Counter-attack accuracy: 0.9914
2026-01-22 21:20:48,545 - ADV_Generation_eps_1.0_steps_100_Added_Noise_uniform_Eps_40.0_Tau_Type_normal_anchors - INFO - Batch:[464] Adversarial images for this batch already exist
2026-01-22 21:20:48,872 - ADV_Generation_eps_1.0_steps_100_Added_Noise_uniform_Eps_40.0_Tau_Type_normal_anchors - INFO - Batch 465/2465: Clean accuracy 0.9871 | Adv accuracy: 0.0323 | Counter-attack accuracy: 0.9914
2026-01-22 21:20:48,873 - ADV_Generation_eps_1.0_steps_100_Added_Noise_uniform_Eps_40.0_Tau_Type_normal_anchors - INFO - Batch:[465] Adversarial images for this batch already exist
2026-01-22 21:20:49,200 - ADV_Generation_eps_1.0_steps_100_Added_Noise_uniform_Eps_40.0_Tau_Type_normal_anchors - INFO - Batch 466/2465: Clean accuracy 0.9871 | Adv accuracy: 0.0322 | Counter-attack accuracy: 0.9914
2026-01-22 21:20:49,201 - ADV_Generation_eps_1.0_steps_100_Added_Noise_uniform_Eps_40.0_Tau_Type_normal_anchors - INFO - Batch:[466] Adversarial images for this batch already exist
2026-01-22 21:20:49,565 - ADV_Generation_eps_1.0_steps_100_Added_Noise_uniform_Eps_40.0_Tau_Type_normal_anchors - INFO - Batch 467/2465: Clean accuracy 0.9872 | Adv accuracy: 0.0321 | Counter-attack accuracy: 0.9914
2026-01-22 21:20:49,566 - ADV_Generation_eps_1.0_steps_100_Added_Noise_uniform_Eps_40.0_Tau_Type_normal_anchors - INFO - Batch:[467] Adversarial images for this batch already exist
2026-01-22 21:20:49,890 - ADV_Generation_eps_1.0_steps_100_Added_Noise_uniform_Eps_40.0_Tau_Type_normal_anchors - INFO - Batch 468/2465: Clean accuracy 0.9872 | Adv accuracy: 0.0321 | Counter-attack accuracy: 0.9915
2026-01-22 21:20:49,891 - ADV_Generation_eps_1.0_steps_100_Added_Noise_uniform_Eps_40.0_Tau_Type_normal_anchors - INFO - Batch:[468] Adversarial images for this batch already exist
2026-01-22 21:20:50,241 - ADV_Generation_eps_1.0_steps_100_Added_Noise_uniform_Eps_40.0_Tau_Type_normal_anchors - INFO - Batch 469/2465: Clean accuracy 0.9872 | Adv accuracy: 0.0320 | Counter-attack accuracy: 0.9915
2026-01-22 21:20:50,242 - ADV_Generation_eps_1.0_steps_100_Added_Noise_uniform_Eps_40.0_Tau_Type_normal_anchors - INFO - Batch:[469] Adversarial images for this batch already exist
2026-01-22 21:20:50,565 - ADV_Generation_eps_1.0_steps_100_Added_Noise_uniform_Eps_40.0_Tau_Type_normal_anchors - INFO - Batch 470/2465: Clean accuracy 0.9872 | Adv accuracy: 0.0319 | Counter-attack accuracy: 0.9915
2026-01-22 21:20:50,566 - ADV_Generation_eps_1.0_steps_100_Added_Noise_uniform_Eps_40.0_Tau_Type_normal_anchors - INFO - Batch:[470] Adversarial images for this batch already exist
2026-01-22 21:20:50,893 - ADV_Generation_eps_1.0_steps_100_Added_Noise_uniform_Eps_40.0_Tau_Type_normal_anchors - INFO - Batch 471/2465: Clean accuracy 0.9873 | Adv accuracy: 0.0318 | Counter-attack accuracy: 0.9915
2026-01-22 21:20:50,895 - ADV_Generation_eps_1.0_steps_100_Added_Noise_uniform_Eps_40.0_Tau_Type_normal_anchors - INFO - Batch:[471] Adversarial images for this batch already exist
2026-01-22 21:20:51,219 - ADV_Generation_eps_1.0_steps_100_Added_Noise_uniform_Eps_40.0_Tau_Type_normal_anchors - INFO - Batch 472/2465: Clean accuracy 0.9873 | Adv accuracy: 0.0318 | Counter-attack accuracy: 0.9915
2026-01-22 21:20:51,220 - ADV_Generation_eps_1.0_steps_100_Added_Noise_uniform_Eps_40.0_Tau_Type_normal_anchors - INFO - Batch:[472] Adversarial images for this batch already exist
2026-01-22 21:20:51,549 - ADV_Generation_eps_1.0_steps_100_Added_Noise_uniform_Eps_40.0_Tau_Type_normal_anchors - INFO - Batch 473/2465: Clean accuracy 0.9873 | Adv accuracy: 0.0317 | Counter-attack accuracy: 0.9915
2026-01-22 21:20:51,550 - ADV_Generation_eps_1.0_steps_100_Added_Noise_uniform_Eps_40.0_Tau_Type_normal_anchors - INFO - Batch:[473] Adversarial images for this batch already exist
2026-01-22 21:20:51,876 - ADV_Generation_eps_1.0_steps_100_Added_Noise_uniform_Eps_40.0_Tau_Type_normal_anchors - INFO - Batch 474/2465: Clean accuracy 0.9873 | Adv accuracy: 0.0316 | Counter-attack accuracy: 0.9916
2026-01-22 21:20:51,877 - ADV_Generation_eps_1.0_steps_100_Added_Noise_uniform_Eps_40.0_Tau_Type_normal_anchors - INFO - Batch:[474] Adversarial images for this batch already exist
2026-01-22 21:20:52,202 - ADV_Generation_eps_1.0_steps_100_Added_Noise_uniform_Eps_40.0_Tau_Type_normal_anchors - INFO - Batch 475/2465: Clean accuracy 0.9874 | Adv accuracy: 0.0316 | Counter-attack accuracy: 0.9916
2026-01-22 21:20:52,202 - ADV_Generation_eps_1.0_steps_100_Added_Noise_uniform_Eps_40.0_Tau_Type_normal_anchors - INFO - Batch:[475] Adversarial images for this batch already exist
2026-01-22 21:20:52,528 - ADV_Generation_eps_1.0_steps_100_Added_Noise_uniform_Eps_40.0_Tau_Type_normal_anchors - INFO - Batch 476/2465: Clean accuracy 0.9874 | Adv accuracy: 0.0315 | Counter-attack accuracy: 0.9916
2026-01-22 21:20:52,529 - ADV_Generation_eps_1.0_steps_100_Added_Noise_uniform_Eps_40.0_Tau_Type_normal_anchors - INFO - Batch:[476] Adversarial images for this batch already exist
2026-01-22 21:20:52,859 - ADV_Generation_eps_1.0_steps_100_Added_Noise_uniform_Eps_40.0_Tau_Type_normal_anchors - INFO - Batch 477/2465: Clean accuracy 0.9874 | Adv accuracy: 0.0314 | Counter-attack accuracy: 0.9916
2026-01-22 21:20:52,860 - ADV_Generation_eps_1.0_steps_100_Added_Noise_uniform_Eps_40.0_Tau_Type_normal_anchors - INFO - Batch:[477] Adversarial images for this batch already exist
2026-01-22 21:20:53,187 - ADV_Generation_eps_1.0_steps_100_Added_Noise_uniform_Eps_40.0_Tau_Type_normal_anchors - INFO - Batch 478/2465: Clean accuracy 0.9874 | Adv accuracy: 0.0314 | Counter-attack accuracy: 0.9916
2026-01-22 21:20:53,189 - ADV_Generation_eps_1.0_steps_100_Added_Noise_uniform_Eps_40.0_Tau_Type_normal_anchors - INFO - Batch:[478] Adversarial images for this batch already exist
2026-01-22 21:20:53,514 - ADV_Generation_eps_1.0_steps_100_Added_Noise_uniform_Eps_40.0_Tau_Type_normal_anchors - INFO - Batch 479/2465: Clean accuracy 0.9875 | Adv accuracy: 0.0313 | Counter-attack accuracy: 0.9916
2026-01-22 21:20:53,515 - ADV_Generation_eps_1.0_steps_100_Added_Noise_uniform_Eps_40.0_Tau_Type_normal_anchors - INFO - Batch:[479] Adversarial images for this batch already exist
2026-01-22 21:20:53,842 - ADV_Generation_eps_1.0_steps_100_Added_Noise_uniform_Eps_40.0_Tau_Type_normal_anchors - INFO - Batch 480/2465: Clean accuracy 0.9875 | Adv accuracy: 0.0312 | Counter-attack accuracy: 0.9896
2026-01-22 21:20:53,843 - ADV_Generation_eps_1.0_steps_100_Added_Noise_uniform_Eps_40.0_Tau_Type_normal_anchors - INFO - Batch:[480] Adversarial images for this batch already exist
2026-01-22 21:20:54,170 - ADV_Generation_eps_1.0_steps_100_Added_Noise_uniform_Eps_40.0_Tau_Type_normal_anchors - INFO - Batch 481/2465: Clean accuracy 0.9875 | Adv accuracy: 0.0312 | Counter-attack accuracy: 0.9896
2026-01-22 21:20:54,171 - ADV_Generation_eps_1.0_steps_100_Added_Noise_uniform_Eps_40.0_Tau_Type_normal_anchors - INFO - Batch:[481] Adversarial images for this batch already exist
2026-01-22 21:20:54,500 - ADV_Generation_eps_1.0_steps_100_Added_Noise_uniform_Eps_40.0_Tau_Type_normal_anchors - INFO - Batch 482/2465: Clean accuracy 0.9876 | Adv accuracy: 0.0311 | Counter-attack accuracy: 0.9896
2026-01-22 21:20:54,501 - ADV_Generation_eps_1.0_steps_100_Added_Noise_uniform_Eps_40.0_Tau_Type_normal_anchors - INFO - Batch:[482] Adversarial images for this batch already exist
2026-01-22 21:20:54,830 - ADV_Generation_eps_1.0_steps_100_Added_Noise_uniform_Eps_40.0_Tau_Type_normal_anchors - INFO - Batch 483/2465: Clean accuracy 0.9876 | Adv accuracy: 0.0311 | Counter-attack accuracy: 0.9896
2026-01-22 21:20:54,831 - ADV_Generation_eps_1.0_steps_100_Added_Noise_uniform_Eps_40.0_Tau_Type_normal_anchors - INFO - Batch:[483] Adversarial images for this batch already exist
2026-01-22 21:20:55,157 - ADV_Generation_eps_1.0_steps_100_Added_Noise_uniform_Eps_40.0_Tau_Type_normal_anchors - INFO - Batch 484/2465: Clean accuracy 0.9876 | Adv accuracy: 0.0310 | Counter-attack accuracy: 0.9897
2026-01-22 21:20:55,158 - ADV_Generation_eps_1.0_steps_100_Added_Noise_uniform_Eps_40.0_Tau_Type_normal_anchors - INFO - Batch:[484] Adversarial images for this batch already exist
2026-01-22 21:20:55,483 - ADV_Generation_eps_1.0_steps_100_Added_Noise_uniform_Eps_40.0_Tau_Type_normal_anchors - INFO - Batch 485/2465: Clean accuracy 0.9876 | Adv accuracy: 0.0309 | Counter-attack accuracy: 0.9897
2026-01-22 21:20:55,484 - ADV_Generation_eps_1.0_steps_100_Added_Noise_uniform_Eps_40.0_Tau_Type_normal_anchors - INFO - Batch:[485] Adversarial images for this batch already exist
2026-01-22 21:20:55,810 - ADV_Generation_eps_1.0_steps_100_Added_Noise_uniform_Eps_40.0_Tau_Type_normal_anchors - INFO - Batch 486/2465: Clean accuracy 0.9877 | Adv accuracy: 0.0309 | Counter-attack accuracy: 0.9897
2026-01-22 21:20:55,811 - ADV_Generation_eps_1.0_steps_100_Added_Noise_uniform_Eps_40.0_Tau_Type_normal_anchors - INFO - Batch:[486] Adversarial images for this batch already exist
2026-01-22 21:20:56,156 - ADV_Generation_eps_1.0_steps_100_Added_Noise_uniform_Eps_40.0_Tau_Type_normal_anchors - INFO - Batch 487/2465: Clean accuracy 0.9877 | Adv accuracy: 0.0308 | Counter-attack accuracy: 0.9897
2026-01-22 21:20:56,157 - ADV_Generation_eps_1.0_steps_100_Added_Noise_uniform_Eps_40.0_Tau_Type_normal_anchors - INFO - Batch:[487] Adversarial images for this batch already exist
2026-01-22 21:20:56,487 - ADV_Generation_eps_1.0_steps_100_Added_Noise_uniform_Eps_40.0_Tau_Type_normal_anchors - INFO - Batch 488/2465: Clean accuracy 0.9877 | Adv accuracy: 0.0307 | Counter-attack accuracy: 0.9898
2026-01-22 21:20:56,488 - ADV_Generation_eps_1.0_steps_100_Added_Noise_uniform_Eps_40.0_Tau_Type_normal_anchors - INFO - Batch:[488] Adversarial images for this batch already exist
2026-01-22 21:20:56,820 - ADV_Generation_eps_1.0_steps_100_Added_Noise_uniform_Eps_40.0_Tau_Type_normal_anchors - INFO - Batch 489/2465: Clean accuracy 0.9877 | Adv accuracy: 0.0307 | Counter-attack accuracy: 0.9898
2026-01-22 21:20:56,821 - ADV_Generation_eps_1.0_steps_100_Added_Noise_uniform_Eps_40.0_Tau_Type_normal_anchors - INFO - Batch:[489] Adversarial images for this batch already exist
2026-01-22 21:20:57,149 - ADV_Generation_eps_1.0_steps_100_Added_Noise_uniform_Eps_40.0_Tau_Type_normal_anchors - INFO - Batch 490/2465: Clean accuracy 0.9878 | Adv accuracy: 0.0306 | Counter-attack accuracy: 0.9898
2026-01-22 21:20:57,150 - ADV_Generation_eps_1.0_steps_100_Added_Noise_uniform_Eps_40.0_Tau_Type_normal_anchors - INFO - Batch:[490] Adversarial images for this batch already exist
2026-01-22 21:20:57,476 - ADV_Generation_eps_1.0_steps_100_Added_Noise_uniform_Eps_40.0_Tau_Type_normal_anchors - INFO - Batch 491/2465: Clean accuracy 0.9878 | Adv accuracy: 0.0305 | Counter-attack accuracy: 0.9898
2026-01-22 21:20:57,477 - ADV_Generation_eps_1.0_steps_100_Added_Noise_uniform_Eps_40.0_Tau_Type_normal_anchors - INFO - Batch:[491] Adversarial images for this batch already exist
2026-01-22 21:20:57,805 - ADV_Generation_eps_1.0_steps_100_Added_Noise_uniform_Eps_40.0_Tau_Type_normal_anchors - INFO - Batch 492/2465: Clean accuracy 0.9878 | Adv accuracy: 0.0305 | Counter-attack accuracy: 0.9898
2026-01-22 21:20:57,806 - ADV_Generation_eps_1.0_steps_100_Added_Noise_uniform_Eps_40.0_Tau_Type_normal_anchors - INFO - Batch:[492] Adversarial images for this batch already exist
2026-01-22 21:20:58,135 - ADV_Generation_eps_1.0_steps_100_Added_Noise_uniform_Eps_40.0_Tau_Type_normal_anchors - INFO - Batch 493/2465: Clean accuracy 0.9878 | Adv accuracy: 0.0304 | Counter-attack accuracy: 0.9899
2026-01-22 21:20:58,136 - ADV_Generation_eps_1.0_steps_100_Added_Noise_uniform_Eps_40.0_Tau_Type_normal_anchors - INFO - Batch:[493] Adversarial images for this batch already exist
2026-01-22 21:20:58,462 - ADV_Generation_eps_1.0_steps_100_Added_Noise_uniform_Eps_40.0_Tau_Type_normal_anchors - INFO - Batch 494/2465: Clean accuracy 0.9879 | Adv accuracy: 0.0304 | Counter-attack accuracy: 0.9899
2026-01-22 21:20:58,463 - ADV_Generation_eps_1.0_steps_100_Added_Noise_uniform_Eps_40.0_Tau_Type_normal_anchors - INFO - Batch:[494] Adversarial images for this batch already exist
2026-01-22 21:20:58,793 - ADV_Generation_eps_1.0_steps_100_Added_Noise_uniform_Eps_40.0_Tau_Type_normal_anchors - INFO - Batch 495/2465: Clean accuracy 0.9879 | Adv accuracy: 0.0303 | Counter-attack accuracy: 0.9899
2026-01-22 21:20:58,794 - ADV_Generation_eps_1.0_steps_100_Added_Noise_uniform_Eps_40.0_Tau_Type_normal_anchors - INFO - Batch:[495] Adversarial images for this batch already exist
2026-01-22 21:20:59,116 - ADV_Generation_eps_1.0_steps_100_Added_Noise_uniform_Eps_40.0_Tau_Type_normal_anchors - INFO - Batch 496/2465: Clean accuracy 0.9879 | Adv accuracy: 0.0302 | Counter-attack accuracy: 0.9899
2026-01-22 21:20:59,117 - ADV_Generation_eps_1.0_steps_100_Added_Noise_uniform_Eps_40.0_Tau_Type_normal_anchors - INFO - Batch:[496] Adversarial images for this batch already exist
2026-01-22 21:20:59,456 - ADV_Generation_eps_1.0_steps_100_Added_Noise_uniform_Eps_40.0_Tau_Type_normal_anchors - INFO - Batch 497/2465: Clean accuracy 0.9879 | Adv accuracy: 0.0302 | Counter-attack accuracy: 0.9899
2026-01-22 21:20:59,457 - ADV_Generation_eps_1.0_steps_100_Added_Noise_uniform_Eps_40.0_Tau_Type_normal_anchors - INFO - Batch:[497] Adversarial images for this batch already exist
2026-01-22 21:20:59,799 - ADV_Generation_eps_1.0_steps_100_Added_Noise_uniform_Eps_40.0_Tau_Type_normal_anchors - INFO - Batch 498/2465: Clean accuracy 0.9880 | Adv accuracy: 0.0301 | Counter-attack accuracy: 0.9900
2026-01-22 21:20:59,799 - ADV_Generation_eps_1.0_steps_100_Added_Noise_uniform_Eps_40.0_Tau_Type_normal_anchors - INFO - Batch:[498] Adversarial images for this batch already exist
2026-01-22 21:21:00,198 - ADV_Generation_eps_1.0_steps_100_Added_Noise_uniform_Eps_40.0_Tau_Type_normal_anchors - INFO - Batch 499/2465: Clean accuracy 0.9880 | Adv accuracy: 0.0301 | Counter-attack accuracy: 0.9900
2026-01-22 21:21:00,199 - ADV_Generation_eps_1.0_steps_100_Added_Noise_uniform_Eps_40.0_Tau_Type_normal_anchors - INFO - Batch:[499] Adversarial images for this batch already exist
2026-01-22 21:21:00,528 - ADV_Generation_eps_1.0_steps_100_Added_Noise_uniform_Eps_40.0_Tau_Type_normal_anchors - INFO - Batch 500/2465: Clean accuracy 0.9880 | Adv accuracy: 0.0300 | Counter-attack accuracy: 0.9900
2026-01-22 21:21:00,530 - ADV_Generation_eps_1.0_steps_100_Added_Noise_uniform_Eps_40.0_Tau_Type_normal_anchors - INFO - Batch:[500] Adversarial images for this batch already exist
2026-01-22 21:21:00,851 - ADV_Generation_eps_1.0_steps_100_Added_Noise_uniform_Eps_40.0_Tau_Type_normal_anchors - INFO - Batch 501/2465: Clean accuracy 0.9880 | Adv accuracy: 0.0299 | Counter-attack accuracy: 0.9900
2026-01-22 21:21:00,853 - ADV_Generation_eps_1.0_steps_100_Added_Noise_uniform_Eps_40.0_Tau_Type_normal_anchors - INFO - Batch:[501] Adversarial images for this batch already exist
2026-01-22 21:21:01,177 - ADV_Generation_eps_1.0_steps_100_Added_Noise_uniform_Eps_40.0_Tau_Type_normal_anchors - INFO - Batch 502/2465: Clean accuracy 0.9880 | Adv accuracy: 0.0299 | Counter-attack accuracy: 0.9900
2026-01-22 21:21:01,178 - ADV_Generation_eps_1.0_steps_100_Added_Noise_uniform_Eps_40.0_Tau_Type_normal_anchors - INFO - Batch:[502] Adversarial images for this batch already exist
2026-01-22 21:21:01,500 - ADV_Generation_eps_1.0_steps_100_Added_Noise_uniform_Eps_40.0_Tau_Type_normal_anchors - INFO - Batch 503/2465: Clean accuracy 0.9881 | Adv accuracy: 0.0298 | Counter-attack accuracy: 0.9901
2026-01-22 21:21:01,501 - ADV_Generation_eps_1.0_steps_100_Added_Noise_uniform_Eps_40.0_Tau_Type_normal_anchors - INFO - Batch:[503] Adversarial images for this batch already exist
2026-01-22 21:21:01,824 - ADV_Generation_eps_1.0_steps_100_Added_Noise_uniform_Eps_40.0_Tau_Type_normal_anchors - INFO - Batch 504/2465: Clean accuracy 0.9881 | Adv accuracy: 0.0298 | Counter-attack accuracy: 0.9901
2026-01-22 21:21:01,826 - ADV_Generation_eps_1.0_steps_100_Added_Noise_uniform_Eps_40.0_Tau_Type_normal_anchors - INFO - Batch:[504] Adversarial images for this batch already exist
2026-01-22 21:21:02,154 - ADV_Generation_eps_1.0_steps_100_Added_Noise_uniform_Eps_40.0_Tau_Type_normal_anchors - INFO - Batch 505/2465: Clean accuracy 0.9881 | Adv accuracy: 0.0297 | Counter-attack accuracy: 0.9901
2026-01-22 21:21:02,155 - ADV_Generation_eps_1.0_steps_100_Added_Noise_uniform_Eps_40.0_Tau_Type_normal_anchors - INFO - Batch:[505] Adversarial images for this batch already exist
2026-01-22 21:21:02,477 - ADV_Generation_eps_1.0_steps_100_Added_Noise_uniform_Eps_40.0_Tau_Type_normal_anchors - INFO - Batch 506/2465: Clean accuracy 0.9881 | Adv accuracy: 0.0296 | Counter-attack accuracy: 0.9901
2026-01-22 21:21:02,478 - ADV_Generation_eps_1.0_steps_100_Added_Noise_uniform_Eps_40.0_Tau_Type_normal_anchors - INFO - Batch:[506] Adversarial images for this batch already exist
2026-01-22 21:21:02,815 - ADV_Generation_eps_1.0_steps_100_Added_Noise_uniform_Eps_40.0_Tau_Type_normal_anchors - INFO - Batch 507/2465: Clean accuracy 0.9882 | Adv accuracy: 0.0296 | Counter-attack accuracy: 0.9901
2026-01-22 21:21:02,816 - ADV_Generation_eps_1.0_steps_100_Added_Noise_uniform_Eps_40.0_Tau_Type_normal_anchors - INFO - Batch:[507] Adversarial images for this batch already exist
2026-01-22 21:21:03,144 - ADV_Generation_eps_1.0_steps_100_Added_Noise_uniform_Eps_40.0_Tau_Type_normal_anchors - INFO - Batch 508/2465: Clean accuracy 0.9882 | Adv accuracy: 0.0295 | Counter-attack accuracy: 0.9902
2026-01-22 21:21:03,145 - ADV_Generation_eps_1.0_steps_100_Added_Noise_uniform_Eps_40.0_Tau_Type_normal_anchors - INFO - Batch:[508] Adversarial images for this batch already exist
2026-01-22 21:21:03,476 - ADV_Generation_eps_1.0_steps_100_Added_Noise_uniform_Eps_40.0_Tau_Type_normal_anchors - INFO - Batch 509/2465: Clean accuracy 0.9882 | Adv accuracy: 0.0295 | Counter-attack accuracy: 0.9902
2026-01-22 21:21:03,477 - ADV_Generation_eps_1.0_steps_100_Added_Noise_uniform_Eps_40.0_Tau_Type_normal_anchors - INFO - Batch:[509] Adversarial images for this batch already exist
2026-01-22 21:21:03,801 - ADV_Generation_eps_1.0_steps_100_Added_Noise_uniform_Eps_40.0_Tau_Type_normal_anchors - INFO - Batch 510/2465: Clean accuracy 0.9882 | Adv accuracy: 0.0294 | Counter-attack accuracy: 0.9902
2026-01-22 21:21:03,802 - ADV_Generation_eps_1.0_steps_100_Added_Noise_uniform_Eps_40.0_Tau_Type_normal_anchors - INFO - Batch:[510] Adversarial images for this batch already exist
2026-01-22 21:21:04,133 - ADV_Generation_eps_1.0_steps_100_Added_Noise_uniform_Eps_40.0_Tau_Type_normal_anchors - INFO - Batch 511/2465: Clean accuracy 0.9883 | Adv accuracy: 0.0294 | Counter-attack accuracy: 0.9902
2026-01-22 21:21:04,134 - ADV_Generation_eps_1.0_steps_100_Added_Noise_uniform_Eps_40.0_Tau_Type_normal_anchors - INFO - Batch:[511] Adversarial images for this batch already exist
2026-01-22 21:21:04,457 - ADV_Generation_eps_1.0_steps_100_Added_Noise_uniform_Eps_40.0_Tau_Type_normal_anchors - INFO - Batch 512/2465: Clean accuracy 0.9883 | Adv accuracy: 0.0293 | Counter-attack accuracy: 0.9902
2026-01-22 21:21:04,458 - ADV_Generation_eps_1.0_steps_100_Added_Noise_uniform_Eps_40.0_Tau_Type_normal_anchors - INFO - Batch:[512] Adversarial images for this batch already exist
2026-01-22 21:21:04,782 - ADV_Generation_eps_1.0_steps_100_Added_Noise_uniform_Eps_40.0_Tau_Type_normal_anchors - INFO - Batch 513/2465: Clean accuracy 0.9883 | Adv accuracy: 0.0292 | Counter-attack accuracy: 0.9903
2026-01-22 21:21:04,783 - ADV_Generation_eps_1.0_steps_100_Added_Noise_uniform_Eps_40.0_Tau_Type_normal_anchors - INFO - Batch:[513] Adversarial images for this batch already exist
2026-01-22 21:21:05,104 - ADV_Generation_eps_1.0_steps_100_Added_Noise_uniform_Eps_40.0_Tau_Type_normal_anchors - INFO - Batch 514/2465: Clean accuracy 0.9883 | Adv accuracy: 0.0292 | Counter-attack accuracy: 0.9903
2026-01-22 21:21:05,105 - ADV_Generation_eps_1.0_steps_100_Added_Noise_uniform_Eps_40.0_Tau_Type_normal_anchors - INFO - Batch:[514] Adversarial images for this batch already exist
2026-01-22 21:21:05,435 - ADV_Generation_eps_1.0_steps_100_Added_Noise_uniform_Eps_40.0_Tau_Type_normal_anchors - INFO - Batch 515/2465: Clean accuracy 0.9883 | Adv accuracy: 0.0291 | Counter-attack accuracy: 0.9903
2026-01-22 21:21:05,436 - ADV_Generation_eps_1.0_steps_100_Added_Noise_uniform_Eps_40.0_Tau_Type_normal_anchors - INFO - Batch:[515] Adversarial images for this batch already exist
2026-01-22 21:21:05,764 - ADV_Generation_eps_1.0_steps_100_Added_Noise_uniform_Eps_40.0_Tau_Type_normal_anchors - INFO - Batch 516/2465: Clean accuracy 0.9884 | Adv accuracy: 0.0291 | Counter-attack accuracy: 0.9903
2026-01-22 21:21:05,765 - ADV_Generation_eps_1.0_steps_100_Added_Noise_uniform_Eps_40.0_Tau_Type_normal_anchors - INFO - Batch:[516] Adversarial images for this batch already exist
2026-01-22 21:21:06,104 - ADV_Generation_eps_1.0_steps_100_Added_Noise_uniform_Eps_40.0_Tau_Type_normal_anchors - INFO - Batch 517/2465: Clean accuracy 0.9884 | Adv accuracy: 0.0290 | Counter-attack accuracy: 0.9903
2026-01-22 21:21:06,105 - ADV_Generation_eps_1.0_steps_100_Added_Noise_uniform_Eps_40.0_Tau_Type_normal_anchors - INFO - Batch:[517] Adversarial images for this batch already exist
2026-01-22 21:21:06,430 - ADV_Generation_eps_1.0_steps_100_Added_Noise_uniform_Eps_40.0_Tau_Type_normal_anchors - INFO - Batch 518/2465: Clean accuracy 0.9884 | Adv accuracy: 0.0290 | Counter-attack accuracy: 0.9903
2026-01-22 21:21:06,431 - ADV_Generation_eps_1.0_steps_100_Added_Noise_uniform_Eps_40.0_Tau_Type_normal_anchors - INFO - Batch:[518] Adversarial images for this batch already exist
2026-01-22 21:21:06,757 - ADV_Generation_eps_1.0_steps_100_Added_Noise_uniform_Eps_40.0_Tau_Type_normal_anchors - INFO - Batch 519/2465: Clean accuracy 0.9884 | Adv accuracy: 0.0289 | Counter-attack accuracy: 0.9904
2026-01-22 21:21:06,758 - ADV_Generation_eps_1.0_steps_100_Added_Noise_uniform_Eps_40.0_Tau_Type_normal_anchors - INFO - Batch:[519] Adversarial images for this batch already exist
2026-01-22 21:21:07,089 - ADV_Generation_eps_1.0_steps_100_Added_Noise_uniform_Eps_40.0_Tau_Type_normal_anchors - INFO - Batch 520/2465: Clean accuracy 0.9885 | Adv accuracy: 0.0288 | Counter-attack accuracy: 0.9904
2026-01-22 21:21:07,091 - ADV_Generation_eps_1.0_steps_100_Added_Noise_uniform_Eps_40.0_Tau_Type_normal_anchors - INFO - Batch:[520] Adversarial images for this batch already exist
2026-01-22 21:21:07,421 - ADV_Generation_eps_1.0_steps_100_Added_Noise_uniform_Eps_40.0_Tau_Type_normal_anchors - INFO - Batch 521/2465: Clean accuracy 0.9885 | Adv accuracy: 0.0288 | Counter-attack accuracy: 0.9904
2026-01-22 21:21:07,423 - ADV_Generation_eps_1.0_steps_100_Added_Noise_uniform_Eps_40.0_Tau_Type_normal_anchors - INFO - Batch:[521] Adversarial images for this batch already exist
2026-01-22 21:21:07,744 - ADV_Generation_eps_1.0_steps_100_Added_Noise_uniform_Eps_40.0_Tau_Type_normal_anchors - INFO - Batch 522/2465: Clean accuracy 0.9885 | Adv accuracy: 0.0287 | Counter-attack accuracy: 0.9904
2026-01-22 21:21:07,745 - ADV_Generation_eps_1.0_steps_100_Added_Noise_uniform_Eps_40.0_Tau_Type_normal_anchors - INFO - Batch:[522] Adversarial images for this batch already exist
2026-01-22 21:21:08,069 - ADV_Generation_eps_1.0_steps_100_Added_Noise_uniform_Eps_40.0_Tau_Type_normal_anchors - INFO - Batch 523/2465: Clean accuracy 0.9885 | Adv accuracy: 0.0287 | Counter-attack accuracy: 0.9904
2026-01-22 21:21:08,071 - ADV_Generation_eps_1.0_steps_100_Added_Noise_uniform_Eps_40.0_Tau_Type_normal_anchors - INFO - Batch:[523] Adversarial images for this batch already exist
2026-01-22 21:21:08,438 - ADV_Generation_eps_1.0_steps_100_Added_Noise_uniform_Eps_40.0_Tau_Type_normal_anchors - INFO - Batch 524/2465: Clean accuracy 0.9885 | Adv accuracy: 0.0286 | Counter-attack accuracy: 0.9905
2026-01-22 21:21:08,440 - ADV_Generation_eps_1.0_steps_100_Added_Noise_uniform_Eps_40.0_Tau_Type_normal_anchors - INFO - Batch:[524] Adversarial images for this batch already exist
2026-01-22 21:21:08,760 - ADV_Generation_eps_1.0_steps_100_Added_Noise_uniform_Eps_40.0_Tau_Type_normal_anchors - INFO - Batch 525/2465: Clean accuracy 0.9886 | Adv accuracy: 0.0286 | Counter-attack accuracy: 0.9905
2026-01-22 21:21:08,761 - ADV_Generation_eps_1.0_steps_100_Added_Noise_uniform_Eps_40.0_Tau_Type_normal_anchors - INFO - Batch:[525] Adversarial images for this batch already exist
2026-01-22 21:21:09,086 - ADV_Generation_eps_1.0_steps_100_Added_Noise_uniform_Eps_40.0_Tau_Type_normal_anchors - INFO - Batch 526/2465: Clean accuracy 0.9886 | Adv accuracy: 0.0285 | Counter-attack accuracy: 0.9905
2026-01-22 21:21:09,087 - ADV_Generation_eps_1.0_steps_100_Added_Noise_uniform_Eps_40.0_Tau_Type_normal_anchors - INFO - Batch:[526] Adversarial images for this batch already exist
2026-01-22 21:21:09,406 - ADV_Generation_eps_1.0_steps_100_Added_Noise_uniform_Eps_40.0_Tau_Type_normal_anchors - INFO - Batch 527/2465: Clean accuracy 0.9886 | Adv accuracy: 0.0285 | Counter-attack accuracy: 0.9905
2026-01-22 21:21:09,407 - ADV_Generation_eps_1.0_steps_100_Added_Noise_uniform_Eps_40.0_Tau_Type_normal_anchors - INFO - Batch:[527] Adversarial images for this batch already exist
2026-01-22 21:21:09,727 - ADV_Generation_eps_1.0_steps_100_Added_Noise_uniform_Eps_40.0_Tau_Type_normal_anchors - INFO - Batch 528/2465: Clean accuracy 0.9886 | Adv accuracy: 0.0284 | Counter-attack accuracy: 0.9905
2026-01-22 21:21:09,728 - ADV_Generation_eps_1.0_steps_100_Added_Noise_uniform_Eps_40.0_Tau_Type_normal_anchors - INFO - Batch:[528] Adversarial images for this batch already exist
2026-01-22 21:21:10,057 - ADV_Generation_eps_1.0_steps_100_Added_Noise_uniform_Eps_40.0_Tau_Type_normal_anchors - INFO - Batch 529/2465: Clean accuracy 0.9887 | Adv accuracy: 0.0284 | Counter-attack accuracy: 0.9905
2026-01-22 21:21:10,058 - ADV_Generation_eps_1.0_steps_100_Added_Noise_uniform_Eps_40.0_Tau_Type_normal_anchors - INFO - Batch:[529] Adversarial images for this batch already exist
2026-01-22 21:21:10,387 - ADV_Generation_eps_1.0_steps_100_Added_Noise_uniform_Eps_40.0_Tau_Type_normal_anchors - INFO - Batch 530/2465: Clean accuracy 0.9887 | Adv accuracy: 0.0283 | Counter-attack accuracy: 0.9906
2026-01-22 21:21:10,388 - ADV_Generation_eps_1.0_steps_100_Added_Noise_uniform_Eps_40.0_Tau_Type_normal_anchors - INFO - Batch:[530] Adversarial images for this batch already exist
2026-01-22 21:21:10,715 - ADV_Generation_eps_1.0_steps_100_Added_Noise_uniform_Eps_40.0_Tau_Type_normal_anchors - INFO - Batch 531/2465: Clean accuracy 0.9887 | Adv accuracy: 0.0282 | Counter-attack accuracy: 0.9906
2026-01-22 21:21:10,716 - ADV_Generation_eps_1.0_steps_100_Added_Noise_uniform_Eps_40.0_Tau_Type_normal_anchors - INFO - Batch:[531] Adversarial images for this batch already exist
2026-01-22 21:21:11,044 - ADV_Generation_eps_1.0_steps_100_Added_Noise_uniform_Eps_40.0_Tau_Type_normal_anchors - INFO - Batch 532/2465: Clean accuracy 0.9887 | Adv accuracy: 0.0282 | Counter-attack accuracy: 0.9906
2026-01-22 21:21:11,046 - ADV_Generation_eps_1.0_steps_100_Added_Noise_uniform_Eps_40.0_Tau_Type_normal_anchors - INFO - Batch:[532] Adversarial images for this batch already exist
2026-01-22 21:21:11,375 - ADV_Generation_eps_1.0_steps_100_Added_Noise_uniform_Eps_40.0_Tau_Type_normal_anchors - INFO - Batch 533/2465: Clean accuracy 0.9887 | Adv accuracy: 0.0281 | Counter-attack accuracy: 0.9906
2026-01-22 21:21:11,376 - ADV_Generation_eps_1.0_steps_100_Added_Noise_uniform_Eps_40.0_Tau_Type_normal_anchors - INFO - Batch:[533] Adversarial images for this batch already exist
2026-01-22 21:21:11,699 - ADV_Generation_eps_1.0_steps_100_Added_Noise_uniform_Eps_40.0_Tau_Type_normal_anchors - INFO - Batch 534/2465: Clean accuracy 0.9888 | Adv accuracy: 0.0281 | Counter-attack accuracy: 0.9906
2026-01-22 21:21:11,700 - ADV_Generation_eps_1.0_steps_100_Added_Noise_uniform_Eps_40.0_Tau_Type_normal_anchors - INFO - Batch:[534] Adversarial images for this batch already exist
2026-01-22 21:21:12,018 - ADV_Generation_eps_1.0_steps_100_Added_Noise_uniform_Eps_40.0_Tau_Type_normal_anchors - INFO - Batch 535/2465: Clean accuracy 0.9888 | Adv accuracy: 0.0280 | Counter-attack accuracy: 0.9907
2026-01-22 21:21:12,020 - ADV_Generation_eps_1.0_steps_100_Added_Noise_uniform_Eps_40.0_Tau_Type_normal_anchors - INFO - Batch:[535] Adversarial images for this batch already exist
2026-01-22 21:21:12,343 - ADV_Generation_eps_1.0_steps_100_Added_Noise_uniform_Eps_40.0_Tau_Type_normal_anchors - INFO - Batch 536/2465: Clean accuracy 0.9888 | Adv accuracy: 0.0280 | Counter-attack accuracy: 0.9907
2026-01-22 21:21:12,344 - ADV_Generation_eps_1.0_steps_100_Added_Noise_uniform_Eps_40.0_Tau_Type_normal_anchors - INFO - Batch:[536] Adversarial images for this batch already exist
2026-01-22 21:21:12,671 - ADV_Generation_eps_1.0_steps_100_Added_Noise_uniform_Eps_40.0_Tau_Type_normal_anchors - INFO - Batch 537/2465: Clean accuracy 0.9888 | Adv accuracy: 0.0279 | Counter-attack accuracy: 0.9907
2026-01-22 21:21:12,672 - ADV_Generation_eps_1.0_steps_100_Added_Noise_uniform_Eps_40.0_Tau_Type_normal_anchors - INFO - Batch:[537] Adversarial images for this batch already exist
2026-01-22 21:21:13,000 - ADV_Generation_eps_1.0_steps_100_Added_Noise_uniform_Eps_40.0_Tau_Type_normal_anchors - INFO - Batch 538/2465: Clean accuracy 0.9888 | Adv accuracy: 0.0279 | Counter-attack accuracy: 0.9907
2026-01-22 21:21:13,000 - ADV_Generation_eps_1.0_steps_100_Added_Noise_uniform_Eps_40.0_Tau_Type_normal_anchors - INFO - Batch:[538] Adversarial images for this batch already exist
2026-01-22 21:21:13,326 - ADV_Generation_eps_1.0_steps_100_Added_Noise_uniform_Eps_40.0_Tau_Type_normal_anchors - INFO - Batch 539/2465: Clean accuracy 0.9889 | Adv accuracy: 0.0278 | Counter-attack accuracy: 0.9907
2026-01-22 21:21:13,327 - ADV_Generation_eps_1.0_steps_100_Added_Noise_uniform_Eps_40.0_Tau_Type_normal_anchors - INFO - Batch:[539] Adversarial images for this batch already exist
2026-01-22 21:21:13,655 - ADV_Generation_eps_1.0_steps_100_Added_Noise_uniform_Eps_40.0_Tau_Type_normal_anchors - INFO - Batch 540/2465: Clean accuracy 0.9889 | Adv accuracy: 0.0278 | Counter-attack accuracy: 0.9907
2026-01-22 21:21:13,656 - ADV_Generation_eps_1.0_steps_100_Added_Noise_uniform_Eps_40.0_Tau_Type_normal_anchors - INFO - Batch:[540] Adversarial images for this batch already exist
2026-01-22 21:21:13,985 - ADV_Generation_eps_1.0_steps_100_Added_Noise_uniform_Eps_40.0_Tau_Type_normal_anchors - INFO - Batch 541/2465: Clean accuracy 0.9889 | Adv accuracy: 0.0277 | Counter-attack accuracy: 0.9908
2026-01-22 21:21:13,986 - ADV_Generation_eps_1.0_steps_100_Added_Noise_uniform_Eps_40.0_Tau_Type_normal_anchors - INFO - Batch:[541] Adversarial images for this batch already exist
2026-01-22 21:21:14,309 - ADV_Generation_eps_1.0_steps_100_Added_Noise_uniform_Eps_40.0_Tau_Type_normal_anchors - INFO - Batch 542/2465: Clean accuracy 0.9889 | Adv accuracy: 0.0277 | Counter-attack accuracy: 0.9908
2026-01-22 21:21:14,310 - ADV_Generation_eps_1.0_steps_100_Added_Noise_uniform_Eps_40.0_Tau_Type_normal_anchors - INFO - Batch:[542] Adversarial images for this batch already exist
2026-01-22 21:21:14,643 - ADV_Generation_eps_1.0_steps_100_Added_Noise_uniform_Eps_40.0_Tau_Type_normal_anchors - INFO - Batch 543/2465: Clean accuracy 0.9890 | Adv accuracy: 0.0276 | Counter-attack accuracy: 0.9908
2026-01-22 21:21:14,644 - ADV_Generation_eps_1.0_steps_100_Added_Noise_uniform_Eps_40.0_Tau_Type_normal_anchors - INFO - Batch:[543] Adversarial images for this batch already exist
2026-01-22 21:21:14,962 - ADV_Generation_eps_1.0_steps_100_Added_Noise_uniform_Eps_40.0_Tau_Type_normal_anchors - INFO - Batch 544/2465: Clean accuracy 0.9890 | Adv accuracy: 0.0276 | Counter-attack accuracy: 0.9908
2026-01-22 21:21:14,963 - ADV_Generation_eps_1.0_steps_100_Added_Noise_uniform_Eps_40.0_Tau_Type_normal_anchors - INFO - Batch:[544] Adversarial images for this batch already exist
2026-01-22 21:21:15,292 - ADV_Generation_eps_1.0_steps_100_Added_Noise_uniform_Eps_40.0_Tau_Type_normal_anchors - INFO - Batch 545/2465: Clean accuracy 0.9890 | Adv accuracy: 0.0275 | Counter-attack accuracy: 0.9908
2026-01-22 21:21:15,293 - ADV_Generation_eps_1.0_steps_100_Added_Noise_uniform_Eps_40.0_Tau_Type_normal_anchors - INFO - Batch:[545] Adversarial images for this batch already exist
2026-01-22 21:21:15,617 - ADV_Generation_eps_1.0_steps_100_Added_Noise_uniform_Eps_40.0_Tau_Type_normal_anchors - INFO - Batch 546/2465: Clean accuracy 0.9890 | Adv accuracy: 0.0275 | Counter-attack accuracy: 0.9908
2026-01-22 21:21:15,618 - ADV_Generation_eps_1.0_steps_100_Added_Noise_uniform_Eps_40.0_Tau_Type_normal_anchors - INFO - Batch:[546] Adversarial images for this batch already exist
2026-01-22 21:21:15,943 - ADV_Generation_eps_1.0_steps_100_Added_Noise_uniform_Eps_40.0_Tau_Type_normal_anchors - INFO - Batch 547/2465: Clean accuracy 0.9890 | Adv accuracy: 0.0274 | Counter-attack accuracy: 0.9909
2026-01-22 21:21:15,944 - ADV_Generation_eps_1.0_steps_100_Added_Noise_uniform_Eps_40.0_Tau_Type_normal_anchors - INFO - Batch:[547] Adversarial images for this batch already exist
2026-01-22 21:21:16,281 - ADV_Generation_eps_1.0_steps_100_Added_Noise_uniform_Eps_40.0_Tau_Type_normal_anchors - INFO - Batch 548/2465: Clean accuracy 0.9891 | Adv accuracy: 0.0274 | Counter-attack accuracy: 0.9909
2026-01-22 21:21:16,282 - ADV_Generation_eps_1.0_steps_100_Added_Noise_uniform_Eps_40.0_Tau_Type_normal_anchors - INFO - Batch:[548] Adversarial images for this batch already exist
2026-01-22 21:21:16,609 - ADV_Generation_eps_1.0_steps_100_Added_Noise_uniform_Eps_40.0_Tau_Type_normal_anchors - INFO - Batch 549/2465: Clean accuracy 0.9891 | Adv accuracy: 0.0273 | Counter-attack accuracy: 0.9909
2026-01-22 21:21:16,610 - ADV_Generation_eps_1.0_steps_100_Added_Noise_uniform_Eps_40.0_Tau_Type_normal_anchors - INFO - Batch:[549] Adversarial images for this batch already exist
2026-01-22 21:21:16,933 - ADV_Generation_eps_1.0_steps_100_Added_Noise_uniform_Eps_40.0_Tau_Type_normal_anchors - INFO - Batch 550/2465: Clean accuracy 0.9891 | Adv accuracy: 0.0273 | Counter-attack accuracy: 0.9909
2026-01-22 21:21:16,934 - ADV_Generation_eps_1.0_steps_100_Added_Noise_uniform_Eps_40.0_Tau_Type_normal_anchors - INFO - Batch:[550] Adversarial images for this batch already exist
2026-01-22 21:21:17,260 - ADV_Generation_eps_1.0_steps_100_Added_Noise_uniform_Eps_40.0_Tau_Type_normal_anchors - INFO - Batch 551/2465: Clean accuracy 0.9891 | Adv accuracy: 0.0272 | Counter-attack accuracy: 0.9909
2026-01-22 21:21:17,261 - ADV_Generation_eps_1.0_steps_100_Added_Noise_uniform_Eps_40.0_Tau_Type_normal_anchors - INFO - Batch:[551] Adversarial images for this batch already exist
2026-01-22 21:21:17,589 - ADV_Generation_eps_1.0_steps_100_Added_Noise_uniform_Eps_40.0_Tau_Type_normal_anchors - INFO - Batch 552/2465: Clean accuracy 0.9891 | Adv accuracy: 0.0272 | Counter-attack accuracy: 0.9909
2026-01-22 21:21:17,590 - ADV_Generation_eps_1.0_steps_100_Added_Noise_uniform_Eps_40.0_Tau_Type_normal_anchors - INFO - Batch:[552] Adversarial images for this batch already exist
2026-01-22 21:21:17,914 - ADV_Generation_eps_1.0_steps_100_Added_Noise_uniform_Eps_40.0_Tau_Type_normal_anchors - INFO - Batch 553/2465: Clean accuracy 0.9892 | Adv accuracy: 0.0271 | Counter-attack accuracy: 0.9910
2026-01-22 21:21:17,915 - ADV_Generation_eps_1.0_steps_100_Added_Noise_uniform_Eps_40.0_Tau_Type_normal_anchors - INFO - Batch:[553] Adversarial images for this batch already exist
2026-01-22 21:21:18,239 - ADV_Generation_eps_1.0_steps_100_Added_Noise_uniform_Eps_40.0_Tau_Type_normal_anchors - INFO - Batch 554/2465: Clean accuracy 0.9892 | Adv accuracy: 0.0271 | Counter-attack accuracy: 0.9910
2026-01-22 21:21:18,240 - ADV_Generation_eps_1.0_steps_100_Added_Noise_uniform_Eps_40.0_Tau_Type_normal_anchors - INFO - Batch:[554] Adversarial images for this batch already exist
2026-01-22 21:21:18,565 - ADV_Generation_eps_1.0_steps_100_Added_Noise_uniform_Eps_40.0_Tau_Type_normal_anchors - INFO - Batch 555/2465: Clean accuracy 0.9892 | Adv accuracy: 0.0270 | Counter-attack accuracy: 0.9910
2026-01-22 21:21:18,566 - ADV_Generation_eps_1.0_steps_100_Added_Noise_uniform_Eps_40.0_Tau_Type_normal_anchors - INFO - Batch:[555] Adversarial images for this batch already exist
2026-01-22 21:21:18,900 - ADV_Generation_eps_1.0_steps_100_Added_Noise_uniform_Eps_40.0_Tau_Type_normal_anchors - INFO - Batch 556/2465: Clean accuracy 0.9892 | Adv accuracy: 0.0270 | Counter-attack accuracy: 0.9910
2026-01-22 21:21:18,902 - ADV_Generation_eps_1.0_steps_100_Added_Noise_uniform_Eps_40.0_Tau_Type_normal_anchors - INFO - Batch:[556] Adversarial images for this batch already exist
2026-01-22 21:21:19,238 - ADV_Generation_eps_1.0_steps_100_Added_Noise_uniform_Eps_40.0_Tau_Type_normal_anchors - INFO - Batch 557/2465: Clean accuracy 0.9892 | Adv accuracy: 0.0269 | Counter-attack accuracy: 0.9910
2026-01-22 21:21:19,239 - ADV_Generation_eps_1.0_steps_100_Added_Noise_uniform_Eps_40.0_Tau_Type_normal_anchors - INFO - Batch:[557] Adversarial images for this batch already exist
2026-01-22 21:21:19,561 - ADV_Generation_eps_1.0_steps_100_Added_Noise_uniform_Eps_40.0_Tau_Type_normal_anchors - INFO - Batch 558/2465: Clean accuracy 0.9892 | Adv accuracy: 0.0269 | Counter-attack accuracy: 0.9910
2026-01-22 21:21:19,563 - ADV_Generation_eps_1.0_steps_100_Added_Noise_uniform_Eps_40.0_Tau_Type_normal_anchors - INFO - Batch:[558] Adversarial images for this batch already exist
2026-01-22 21:21:19,886 - ADV_Generation_eps_1.0_steps_100_Added_Noise_uniform_Eps_40.0_Tau_Type_normal_anchors - INFO - Batch 559/2465: Clean accuracy 0.9893 | Adv accuracy: 0.0268 | Counter-attack accuracy: 0.9911
2026-01-22 21:21:19,887 - ADV_Generation_eps_1.0_steps_100_Added_Noise_uniform_Eps_40.0_Tau_Type_normal_anchors - INFO - Batch:[559] Adversarial images for this batch already exist
2026-01-22 21:21:20,216 - ADV_Generation_eps_1.0_steps_100_Added_Noise_uniform_Eps_40.0_Tau_Type_normal_anchors - INFO - Batch 560/2465: Clean accuracy 0.9893 | Adv accuracy: 0.0268 | Counter-attack accuracy: 0.9911
2026-01-22 21:21:20,217 - ADV_Generation_eps_1.0_steps_100_Added_Noise_uniform_Eps_40.0_Tau_Type_normal_anchors - INFO - Batch:[560] Adversarial images for this batch already exist
2026-01-22 21:21:20,548 - ADV_Generation_eps_1.0_steps_100_Added_Noise_uniform_Eps_40.0_Tau_Type_normal_anchors - INFO - Batch 561/2465: Clean accuracy 0.9893 | Adv accuracy: 0.0267 | Counter-attack accuracy: 0.9911
2026-01-22 21:21:20,549 - ADV_Generation_eps_1.0_steps_100_Added_Noise_uniform_Eps_40.0_Tau_Type_normal_anchors - INFO - Batch:[561] Adversarial images for this batch already exist
2026-01-22 21:21:20,877 - ADV_Generation_eps_1.0_steps_100_Added_Noise_uniform_Eps_40.0_Tau_Type_normal_anchors - INFO - Batch 562/2465: Clean accuracy 0.9893 | Adv accuracy: 0.0267 | Counter-attack accuracy: 0.9911
2026-01-22 21:21:20,878 - ADV_Generation_eps_1.0_steps_100_Added_Noise_uniform_Eps_40.0_Tau_Type_normal_anchors - INFO - Batch:[562] Adversarial images for this batch already exist
2026-01-22 21:21:21,197 - ADV_Generation_eps_1.0_steps_100_Added_Noise_uniform_Eps_40.0_Tau_Type_normal_anchors - INFO - Batch 563/2465: Clean accuracy 0.9893 | Adv accuracy: 0.0266 | Counter-attack accuracy: 0.9911
2026-01-22 21:21:21,198 - ADV_Generation_eps_1.0_steps_100_Added_Noise_uniform_Eps_40.0_Tau_Type_normal_anchors - INFO - Batch:[563] Adversarial images for this batch already exist
2026-01-22 21:21:21,520 - ADV_Generation_eps_1.0_steps_100_Added_Noise_uniform_Eps_40.0_Tau_Type_normal_anchors - INFO - Batch 564/2465: Clean accuracy 0.9894 | Adv accuracy: 0.0266 | Counter-attack accuracy: 0.9911
2026-01-22 21:21:21,522 - ADV_Generation_eps_1.0_steps_100_Added_Noise_uniform_Eps_40.0_Tau_Type_normal_anchors - INFO - Batch:[564] Adversarial images for this batch already exist
2026-01-22 21:21:21,848 - ADV_Generation_eps_1.0_steps_100_Added_Noise_uniform_Eps_40.0_Tau_Type_normal_anchors - INFO - Batch 565/2465: Clean accuracy 0.9894 | Adv accuracy: 0.0265 | Counter-attack accuracy: 0.9912
2026-01-22 21:21:21,849 - ADV_Generation_eps_1.0_steps_100_Added_Noise_uniform_Eps_40.0_Tau_Type_normal_anchors - INFO - Batch:[565] Adversarial images for this batch already exist
2026-01-22 21:21:22,176 - ADV_Generation_eps_1.0_steps_100_Added_Noise_uniform_Eps_40.0_Tau_Type_normal_anchors - INFO - Batch 566/2465: Clean accuracy 0.9894 | Adv accuracy: 0.0265 | Counter-attack accuracy: 0.9912
2026-01-22 21:21:22,177 - ADV_Generation_eps_1.0_steps_100_Added_Noise_uniform_Eps_40.0_Tau_Type_normal_anchors - INFO - Batch:[566] Adversarial images for this batch already exist
2026-01-22 21:21:22,508 - ADV_Generation_eps_1.0_steps_100_Added_Noise_uniform_Eps_40.0_Tau_Type_normal_anchors - INFO - Batch 567/2465: Clean accuracy 0.9894 | Adv accuracy: 0.0265 | Counter-attack accuracy: 0.9912
2026-01-22 21:21:22,509 - ADV_Generation_eps_1.0_steps_100_Added_Noise_uniform_Eps_40.0_Tau_Type_normal_anchors - INFO - Batch:[567] Adversarial images for this batch already exist
2026-01-22 21:21:22,838 - ADV_Generation_eps_1.0_steps_100_Added_Noise_uniform_Eps_40.0_Tau_Type_normal_anchors - INFO - Batch 568/2465: Clean accuracy 0.9894 | Adv accuracy: 0.0264 | Counter-attack accuracy: 0.9912
2026-01-22 21:21:22,839 - ADV_Generation_eps_1.0_steps_100_Added_Noise_uniform_Eps_40.0_Tau_Type_normal_anchors - INFO - Batch:[568] Adversarial images for this batch already exist
2026-01-22 21:21:23,166 - ADV_Generation_eps_1.0_steps_100_Added_Noise_uniform_Eps_40.0_Tau_Type_normal_anchors - INFO - Batch 569/2465: Clean accuracy 0.9895 | Adv accuracy: 0.0264 | Counter-attack accuracy: 0.9912
2026-01-22 21:21:23,167 - ADV_Generation_eps_1.0_steps_100_Added_Noise_uniform_Eps_40.0_Tau_Type_normal_anchors - INFO - Batch:[569] Adversarial images for this batch already exist
2026-01-22 21:21:23,495 - ADV_Generation_eps_1.0_steps_100_Added_Noise_uniform_Eps_40.0_Tau_Type_normal_anchors - INFO - Batch 570/2465: Clean accuracy 0.9895 | Adv accuracy: 0.0263 | Counter-attack accuracy: 0.9912
2026-01-22 21:21:23,496 - ADV_Generation_eps_1.0_steps_100_Added_Noise_uniform_Eps_40.0_Tau_Type_normal_anchors - INFO - Batch:[570] Adversarial images for this batch already exist
2026-01-22 21:21:23,821 - ADV_Generation_eps_1.0_steps_100_Added_Noise_uniform_Eps_40.0_Tau_Type_normal_anchors - INFO - Batch 571/2465: Clean accuracy 0.9895 | Adv accuracy: 0.0263 | Counter-attack accuracy: 0.9912
2026-01-22 21:21:23,822 - ADV_Generation_eps_1.0_steps_100_Added_Noise_uniform_Eps_40.0_Tau_Type_normal_anchors - INFO - Batch:[571] Adversarial images for this batch already exist
2026-01-22 21:21:24,147 - ADV_Generation_eps_1.0_steps_100_Added_Noise_uniform_Eps_40.0_Tau_Type_normal_anchors - INFO - Batch 572/2465: Clean accuracy 0.9895 | Adv accuracy: 0.0262 | Counter-attack accuracy: 0.9913
2026-01-22 21:21:24,149 - ADV_Generation_eps_1.0_steps_100_Added_Noise_uniform_Eps_40.0_Tau_Type_normal_anchors - INFO - Batch:[572] Adversarial images for this batch already exist
2026-01-22 21:21:24,467 - ADV_Generation_eps_1.0_steps_100_Added_Noise_uniform_Eps_40.0_Tau_Type_normal_anchors - INFO - Batch 573/2465: Clean accuracy 0.9895 | Adv accuracy: 0.0262 | Counter-attack accuracy: 0.9913
2026-01-22 21:21:24,468 - ADV_Generation_eps_1.0_steps_100_Added_Noise_uniform_Eps_40.0_Tau_Type_normal_anchors - INFO - Batch:[573] Adversarial images for this batch already exist
2026-01-22 21:21:24,791 - ADV_Generation_eps_1.0_steps_100_Added_Noise_uniform_Eps_40.0_Tau_Type_normal_anchors - INFO - Batch 574/2465: Clean accuracy 0.9895 | Adv accuracy: 0.0261 | Counter-attack accuracy: 0.9913
2026-01-22 21:21:24,792 - ADV_Generation_eps_1.0_steps_100_Added_Noise_uniform_Eps_40.0_Tau_Type_normal_anchors - INFO - Batch:[574] Adversarial images for this batch already exist
2026-01-22 21:21:25,112 - ADV_Generation_eps_1.0_steps_100_Added_Noise_uniform_Eps_40.0_Tau_Type_normal_anchors - INFO - Batch 575/2465: Clean accuracy 0.9896 | Adv accuracy: 0.0261 | Counter-attack accuracy: 0.9913
2026-01-22 21:21:25,113 - ADV_Generation_eps_1.0_steps_100_Added_Noise_uniform_Eps_40.0_Tau_Type_normal_anchors - INFO - Batch:[575] Adversarial images for this batch already exist
2026-01-22 21:21:25,433 - ADV_Generation_eps_1.0_steps_100_Added_Noise_uniform_Eps_40.0_Tau_Type_normal_anchors - INFO - Batch 576/2465: Clean accuracy 0.9896 | Adv accuracy: 0.0260 | Counter-attack accuracy: 0.9913
2026-01-22 21:21:25,434 - ADV_Generation_eps_1.0_steps_100_Added_Noise_uniform_Eps_40.0_Tau_Type_normal_anchors - INFO - Batch:[576] Adversarial images for this batch already exist
2026-01-22 21:21:25,776 - ADV_Generation_eps_1.0_steps_100_Added_Noise_uniform_Eps_40.0_Tau_Type_normal_anchors - INFO - Batch 577/2465: Clean accuracy 0.9896 | Adv accuracy: 0.0260 | Counter-attack accuracy: 0.9913
2026-01-22 21:21:25,777 - ADV_Generation_eps_1.0_steps_100_Added_Noise_uniform_Eps_40.0_Tau_Type_normal_anchors - INFO - Batch:[577] Adversarial images for this batch already exist
2026-01-22 21:21:26,101 - ADV_Generation_eps_1.0_steps_100_Added_Noise_uniform_Eps_40.0_Tau_Type_normal_anchors - INFO - Batch 578/2465: Clean accuracy 0.9896 | Adv accuracy: 0.0260 | Counter-attack accuracy: 0.9913
2026-01-22 21:21:26,102 - ADV_Generation_eps_1.0_steps_100_Added_Noise_uniform_Eps_40.0_Tau_Type_normal_anchors - INFO - Batch:[578] Adversarial images for this batch already exist
2026-01-22 21:21:26,437 - ADV_Generation_eps_1.0_steps_100_Added_Noise_uniform_Eps_40.0_Tau_Type_normal_anchors - INFO - Batch 579/2465: Clean accuracy 0.9896 | Adv accuracy: 0.0259 | Counter-attack accuracy: 0.9914
2026-01-22 21:21:26,439 - ADV_Generation_eps_1.0_steps_100_Added_Noise_uniform_Eps_40.0_Tau_Type_normal_anchors - INFO - Batch:[579] Adversarial images for this batch already exist
2026-01-22 21:21:26,765 - ADV_Generation_eps_1.0_steps_100_Added_Noise_uniform_Eps_40.0_Tau_Type_normal_anchors - INFO - Batch 580/2465: Clean accuracy 0.9897 | Adv accuracy: 0.0259 | Counter-attack accuracy: 0.9914
2026-01-22 21:21:26,767 - ADV_Generation_eps_1.0_steps_100_Added_Noise_uniform_Eps_40.0_Tau_Type_normal_anchors - INFO - Batch:[580] Adversarial images for this batch already exist
2026-01-22 21:21:27,096 - ADV_Generation_eps_1.0_steps_100_Added_Noise_uniform_Eps_40.0_Tau_Type_normal_anchors - INFO - Batch 581/2465: Clean accuracy 0.9897 | Adv accuracy: 0.0258 | Counter-attack accuracy: 0.9914
2026-01-22 21:21:27,097 - ADV_Generation_eps_1.0_steps_100_Added_Noise_uniform_Eps_40.0_Tau_Type_normal_anchors - INFO - Batch:[581] Adversarial images for this batch already exist
2026-01-22 21:21:27,422 - ADV_Generation_eps_1.0_steps_100_Added_Noise_uniform_Eps_40.0_Tau_Type_normal_anchors - INFO - Batch 582/2465: Clean accuracy 0.9897 | Adv accuracy: 0.0258 | Counter-attack accuracy: 0.9914
2026-01-22 21:21:27,423 - ADV_Generation_eps_1.0_steps_100_Added_Noise_uniform_Eps_40.0_Tau_Type_normal_anchors - INFO - Batch:[582] Adversarial images for this batch already exist
2026-01-22 21:21:27,754 - ADV_Generation_eps_1.0_steps_100_Added_Noise_uniform_Eps_40.0_Tau_Type_normal_anchors - INFO - Batch 583/2465: Clean accuracy 0.9897 | Adv accuracy: 0.0257 | Counter-attack accuracy: 0.9914
2026-01-22 21:21:27,755 - ADV_Generation_eps_1.0_steps_100_Added_Noise_uniform_Eps_40.0_Tau_Type_normal_anchors - INFO - Batch:[583] Adversarial images for this batch already exist
2026-01-22 21:21:28,077 - ADV_Generation_eps_1.0_steps_100_Added_Noise_uniform_Eps_40.0_Tau_Type_normal_anchors - INFO - Batch 584/2465: Clean accuracy 0.9897 | Adv accuracy: 0.0257 | Counter-attack accuracy: 0.9914
2026-01-22 21:21:28,079 - ADV_Generation_eps_1.0_steps_100_Added_Noise_uniform_Eps_40.0_Tau_Type_normal_anchors - INFO - Batch:[584] Adversarial images for this batch already exist
2026-01-22 21:21:28,408 - ADV_Generation_eps_1.0_steps_100_Added_Noise_uniform_Eps_40.0_Tau_Type_normal_anchors - INFO - Batch 585/2465: Clean accuracy 0.9897 | Adv accuracy: 0.0256 | Counter-attack accuracy: 0.9915
2026-01-22 21:21:28,410 - ADV_Generation_eps_1.0_steps_100_Added_Noise_uniform_Eps_40.0_Tau_Type_normal_anchors - INFO - Batch:[585] Adversarial images for this batch already exist
2026-01-22 21:21:28,735 - ADV_Generation_eps_1.0_steps_100_Added_Noise_uniform_Eps_40.0_Tau_Type_normal_anchors - INFO - Batch 586/2465: Clean accuracy 0.9898 | Adv accuracy: 0.0256 | Counter-attack accuracy: 0.9915
2026-01-22 21:21:28,736 - ADV_Generation_eps_1.0_steps_100_Added_Noise_uniform_Eps_40.0_Tau_Type_normal_anchors - INFO - Batch:[586] Adversarial images for this batch already exist
2026-01-22 21:21:29,066 - ADV_Generation_eps_1.0_steps_100_Added_Noise_uniform_Eps_40.0_Tau_Type_normal_anchors - INFO - Batch 587/2465: Clean accuracy 0.9898 | Adv accuracy: 0.0256 | Counter-attack accuracy: 0.9915
2026-01-22 21:21:29,067 - ADV_Generation_eps_1.0_steps_100_Added_Noise_uniform_Eps_40.0_Tau_Type_normal_anchors - INFO - Batch:[587] Adversarial images for this batch already exist
2026-01-22 21:21:29,415 - ADV_Generation_eps_1.0_steps_100_Added_Noise_uniform_Eps_40.0_Tau_Type_normal_anchors - INFO - Batch 588/2465: Clean accuracy 0.9898 | Adv accuracy: 0.0255 | Counter-attack accuracy: 0.9915
2026-01-22 21:21:29,416 - ADV_Generation_eps_1.0_steps_100_Added_Noise_uniform_Eps_40.0_Tau_Type_normal_anchors - INFO - Batch:[588] Adversarial images for this batch already exist
2026-01-22 21:21:29,741 - ADV_Generation_eps_1.0_steps_100_Added_Noise_uniform_Eps_40.0_Tau_Type_normal_anchors - INFO - Batch 589/2465: Clean accuracy 0.9898 | Adv accuracy: 0.0255 | Counter-attack accuracy: 0.9915
2026-01-22 21:21:29,743 - ADV_Generation_eps_1.0_steps_100_Added_Noise_uniform_Eps_40.0_Tau_Type_normal_anchors - INFO - Batch:[589] Adversarial images for this batch already exist
2026-01-22 21:21:30,065 - ADV_Generation_eps_1.0_steps_100_Added_Noise_uniform_Eps_40.0_Tau_Type_normal_anchors - INFO - Batch 590/2465: Clean accuracy 0.9898 | Adv accuracy: 0.0254 | Counter-attack accuracy: 0.9915
2026-01-22 21:21:30,066 - ADV_Generation_eps_1.0_steps_100_Added_Noise_uniform_Eps_40.0_Tau_Type_normal_anchors - INFO - Batch:[590] Adversarial images for this batch already exist
2026-01-22 21:21:30,395 - ADV_Generation_eps_1.0_steps_100_Added_Noise_uniform_Eps_40.0_Tau_Type_normal_anchors - INFO - Batch 591/2465: Clean accuracy 0.9898 | Adv accuracy: 0.0254 | Counter-attack accuracy: 0.9915
2026-01-22 21:21:30,396 - ADV_Generation_eps_1.0_steps_100_Added_Noise_uniform_Eps_40.0_Tau_Type_normal_anchors - INFO - Batch:[591] Adversarial images for this batch already exist
2026-01-22 21:21:30,717 - ADV_Generation_eps_1.0_steps_100_Added_Noise_uniform_Eps_40.0_Tau_Type_normal_anchors - INFO - Batch 592/2465: Clean accuracy 0.9899 | Adv accuracy: 0.0253 | Counter-attack accuracy: 0.9916
2026-01-22 21:21:30,718 - ADV_Generation_eps_1.0_steps_100_Added_Noise_uniform_Eps_40.0_Tau_Type_normal_anchors - INFO - Batch:[592] Adversarial images for this batch already exist
2026-01-22 21:21:31,049 - ADV_Generation_eps_1.0_steps_100_Added_Noise_uniform_Eps_40.0_Tau_Type_normal_anchors - INFO - Batch 593/2465: Clean accuracy 0.9899 | Adv accuracy: 0.0253 | Counter-attack accuracy: 0.9916
2026-01-22 21:21:31,051 - ADV_Generation_eps_1.0_steps_100_Added_Noise_uniform_Eps_40.0_Tau_Type_normal_anchors - INFO - Batch:[593] Adversarial images for this batch already exist
2026-01-22 21:21:31,381 - ADV_Generation_eps_1.0_steps_100_Added_Noise_uniform_Eps_40.0_Tau_Type_normal_anchors - INFO - Batch 594/2465: Clean accuracy 0.9899 | Adv accuracy: 0.0253 | Counter-attack accuracy: 0.9916
2026-01-22 21:21:31,382 - ADV_Generation_eps_1.0_steps_100_Added_Noise_uniform_Eps_40.0_Tau_Type_normal_anchors - INFO - Batch:[594] Adversarial images for this batch already exist
2026-01-22 21:21:31,709 - ADV_Generation_eps_1.0_steps_100_Added_Noise_uniform_Eps_40.0_Tau_Type_normal_anchors - INFO - Batch 595/2465: Clean accuracy 0.9899 | Adv accuracy: 0.0252 | Counter-attack accuracy: 0.9916
2026-01-22 21:21:31,711 - ADV_Generation_eps_1.0_steps_100_Added_Noise_uniform_Eps_40.0_Tau_Type_normal_anchors - INFO - Batch:[595] Adversarial images for this batch already exist
2026-01-22 21:21:32,029 - ADV_Generation_eps_1.0_steps_100_Added_Noise_uniform_Eps_40.0_Tau_Type_normal_anchors - INFO - Batch 596/2465: Clean accuracy 0.9899 | Adv accuracy: 0.0252 | Counter-attack accuracy: 0.9916
2026-01-22 21:21:32,030 - ADV_Generation_eps_1.0_steps_100_Added_Noise_uniform_Eps_40.0_Tau_Type_normal_anchors - INFO - Batch:[596] Adversarial images for this batch already exist
2026-01-22 21:21:32,353 - ADV_Generation_eps_1.0_steps_100_Added_Noise_uniform_Eps_40.0_Tau_Type_normal_anchors - INFO - Batch 597/2465: Clean accuracy 0.9899 | Adv accuracy: 0.0251 | Counter-attack accuracy: 0.9916
2026-01-22 21:21:32,354 - ADV_Generation_eps_1.0_steps_100_Added_Noise_uniform_Eps_40.0_Tau_Type_normal_anchors - INFO - Batch:[597] Adversarial images for this batch already exist
2026-01-22 21:21:32,683 - ADV_Generation_eps_1.0_steps_100_Added_Noise_uniform_Eps_40.0_Tau_Type_normal_anchors - INFO - Batch 598/2465: Clean accuracy 0.9900 | Adv accuracy: 0.0251 | Counter-attack accuracy: 0.9916
2026-01-22 21:21:32,685 - ADV_Generation_eps_1.0_steps_100_Added_Noise_uniform_Eps_40.0_Tau_Type_normal_anchors - INFO - Batch:[598] Adversarial images for this batch already exist
2026-01-22 21:21:33,010 - ADV_Generation_eps_1.0_steps_100_Added_Noise_uniform_Eps_40.0_Tau_Type_normal_anchors - INFO - Batch 599/2465: Clean accuracy 0.9900 | Adv accuracy: 0.0250 | Counter-attack accuracy: 0.9917
2026-01-22 21:21:33,011 - ADV_Generation_eps_1.0_steps_100_Added_Noise_uniform_Eps_40.0_Tau_Type_normal_anchors - INFO - Batch:[599] Adversarial images for this batch already exist
2026-01-22 21:21:33,349 - ADV_Generation_eps_1.0_steps_100_Added_Noise_uniform_Eps_40.0_Tau_Type_normal_anchors - INFO - Batch 600/2465: Clean accuracy 0.9900 | Adv accuracy: 0.0250 | Counter-attack accuracy: 0.9917
2026-01-22 21:21:33,350 - ADV_Generation_eps_1.0_steps_100_Added_Noise_uniform_Eps_40.0_Tau_Type_normal_anchors - INFO - Batch:[600] Adversarial images for this batch already exist
2026-01-22 21:21:33,818 - ADV_Generation_eps_1.0_steps_100_Added_Noise_uniform_Eps_40.0_Tau_Type_normal_anchors - INFO - Batch 601/2465: Clean accuracy 0.9900 | Adv accuracy: 0.0250 | Counter-attack accuracy: 0.9917
2026-01-22 21:21:33,819 - ADV_Generation_eps_1.0_steps_100_Added_Noise_uniform_Eps_40.0_Tau_Type_normal_anchors - INFO - Batch:[601] Adversarial images for this batch already exist
2026-01-22 21:21:34,145 - ADV_Generation_eps_1.0_steps_100_Added_Noise_uniform_Eps_40.0_Tau_Type_normal_anchors - INFO - Batch 602/2465: Clean accuracy 0.9900 | Adv accuracy: 0.0249 | Counter-attack accuracy: 0.9917
2026-01-22 21:21:34,146 - ADV_Generation_eps_1.0_steps_100_Added_Noise_uniform_Eps_40.0_Tau_Type_normal_anchors - INFO - Batch:[602] Adversarial images for this batch already exist
2026-01-22 21:21:34,479 - ADV_Generation_eps_1.0_steps_100_Added_Noise_uniform_Eps_40.0_Tau_Type_normal_anchors - INFO - Batch 603/2465: Clean accuracy 0.9900 | Adv accuracy: 0.0249 | Counter-attack accuracy: 0.9917
2026-01-22 21:21:34,481 - ADV_Generation_eps_1.0_steps_100_Added_Noise_uniform_Eps_40.0_Tau_Type_normal_anchors - INFO - Batch:[603] Adversarial images for this batch already exist
2026-01-22 21:21:34,847 - ADV_Generation_eps_1.0_steps_100_Added_Noise_uniform_Eps_40.0_Tau_Type_normal_anchors - INFO - Batch 604/2465: Clean accuracy 0.9901 | Adv accuracy: 0.0248 | Counter-attack accuracy: 0.9917
2026-01-22 21:21:34,848 - ADV_Generation_eps_1.0_steps_100_Added_Noise_uniform_Eps_40.0_Tau_Type_normal_anchors - INFO - Batch:[604] Adversarial images for this batch already exist
2026-01-22 21:21:35,173 - ADV_Generation_eps_1.0_steps_100_Added_Noise_uniform_Eps_40.0_Tau_Type_normal_anchors - INFO - Batch 605/2465: Clean accuracy 0.9901 | Adv accuracy: 0.0248 | Counter-attack accuracy: 0.9917
2026-01-22 21:21:35,174 - ADV_Generation_eps_1.0_steps_100_Added_Noise_uniform_Eps_40.0_Tau_Type_normal_anchors - INFO - Batch:[605] Adversarial images for this batch already exist
2026-01-22 21:21:35,501 - ADV_Generation_eps_1.0_steps_100_Added_Noise_uniform_Eps_40.0_Tau_Type_normal_anchors - INFO - Batch 606/2465: Clean accuracy 0.9901 | Adv accuracy: 0.0248 | Counter-attack accuracy: 0.9917
2026-01-22 21:21:35,502 - ADV_Generation_eps_1.0_steps_100_Added_Noise_uniform_Eps_40.0_Tau_Type_normal_anchors - INFO - Batch:[606] Adversarial images for this batch already exist
2026-01-22 21:21:35,824 - ADV_Generation_eps_1.0_steps_100_Added_Noise_uniform_Eps_40.0_Tau_Type_normal_anchors - INFO - Batch 607/2465: Clean accuracy 0.9901 | Adv accuracy: 0.0247 | Counter-attack accuracy: 0.9918
2026-01-22 21:21:35,825 - ADV_Generation_eps_1.0_steps_100_Added_Noise_uniform_Eps_40.0_Tau_Type_normal_anchors - INFO - Batch:[607] Adversarial images for this batch already exist
2026-01-22 21:21:36,149 - ADV_Generation_eps_1.0_steps_100_Added_Noise_uniform_Eps_40.0_Tau_Type_normal_anchors - INFO - Batch 608/2465: Clean accuracy 0.9901 | Adv accuracy: 0.0247 | Counter-attack accuracy: 0.9918
2026-01-22 21:21:36,150 - ADV_Generation_eps_1.0_steps_100_Added_Noise_uniform_Eps_40.0_Tau_Type_normal_anchors - INFO - Batch:[608] Adversarial images for this batch already exist
2026-01-22 21:21:36,479 - ADV_Generation_eps_1.0_steps_100_Added_Noise_uniform_Eps_40.0_Tau_Type_normal_anchors - INFO - Batch 609/2465: Clean accuracy 0.9901 | Adv accuracy: 0.0246 | Counter-attack accuracy: 0.9918
2026-01-22 21:21:36,480 - ADV_Generation_eps_1.0_steps_100_Added_Noise_uniform_Eps_40.0_Tau_Type_normal_anchors - INFO - Batch:[609] Adversarial images for this batch already exist
2026-01-22 21:21:36,839 - ADV_Generation_eps_1.0_steps_100_Added_Noise_uniform_Eps_40.0_Tau_Type_normal_anchors - INFO - Batch 610/2465: Clean accuracy 0.9902 | Adv accuracy: 0.0246 | Counter-attack accuracy: 0.9918
2026-01-22 21:21:36,840 - ADV_Generation_eps_1.0_steps_100_Added_Noise_uniform_Eps_40.0_Tau_Type_normal_anchors - INFO - Batch:[610] Adversarial images for this batch already exist
2026-01-22 21:21:37,158 - ADV_Generation_eps_1.0_steps_100_Added_Noise_uniform_Eps_40.0_Tau_Type_normal_anchors - INFO - Batch 611/2465: Clean accuracy 0.9902 | Adv accuracy: 0.0245 | Counter-attack accuracy: 0.9918
2026-01-22 21:21:37,158 - ADV_Generation_eps_1.0_steps_100_Added_Noise_uniform_Eps_40.0_Tau_Type_normal_anchors - INFO - Batch:[611] Adversarial images for this batch already exist
2026-01-22 21:21:37,480 - ADV_Generation_eps_1.0_steps_100_Added_Noise_uniform_Eps_40.0_Tau_Type_normal_anchors - INFO - Batch 612/2465: Clean accuracy 0.9902 | Adv accuracy: 0.0245 | Counter-attack accuracy: 0.9918
2026-01-22 21:21:37,481 - ADV_Generation_eps_1.0_steps_100_Added_Noise_uniform_Eps_40.0_Tau_Type_normal_anchors - INFO - Batch:[612] Adversarial images for this batch already exist
2026-01-22 21:21:37,804 - ADV_Generation_eps_1.0_steps_100_Added_Noise_uniform_Eps_40.0_Tau_Type_normal_anchors - INFO - Batch 613/2465: Clean accuracy 0.9902 | Adv accuracy: 0.0245 | Counter-attack accuracy: 0.9918
2026-01-22 21:21:37,805 - ADV_Generation_eps_1.0_steps_100_Added_Noise_uniform_Eps_40.0_Tau_Type_normal_anchors - INFO - Batch:[613] Adversarial images for this batch already exist
2026-01-22 21:21:38,131 - ADV_Generation_eps_1.0_steps_100_Added_Noise_uniform_Eps_40.0_Tau_Type_normal_anchors - INFO - Batch 614/2465: Clean accuracy 0.9902 | Adv accuracy: 0.0244 | Counter-attack accuracy: 0.9919
2026-01-22 21:21:38,132 - ADV_Generation_eps_1.0_steps_100_Added_Noise_uniform_Eps_40.0_Tau_Type_normal_anchors - INFO - Batch:[614] Adversarial images for this batch already exist
2026-01-22 21:21:38,453 - ADV_Generation_eps_1.0_steps_100_Added_Noise_uniform_Eps_40.0_Tau_Type_normal_anchors - INFO - Batch 615/2465: Clean accuracy 0.9902 | Adv accuracy: 0.0244 | Counter-attack accuracy: 0.9919
2026-01-22 21:21:38,453 - ADV_Generation_eps_1.0_steps_100_Added_Noise_uniform_Eps_40.0_Tau_Type_normal_anchors - INFO - Batch:[615] Adversarial images for this batch already exist
2026-01-22 21:21:38,781 - ADV_Generation_eps_1.0_steps_100_Added_Noise_uniform_Eps_40.0_Tau_Type_normal_anchors - INFO - Batch 616/2465: Clean accuracy 0.9903 | Adv accuracy: 0.0244 | Counter-attack accuracy: 0.9919
2026-01-22 21:21:38,782 - ADV_Generation_eps_1.0_steps_100_Added_Noise_uniform_Eps_40.0_Tau_Type_normal_anchors - INFO - Batch:[616] Adversarial images for this batch already exist
2026-01-22 21:21:39,109 - ADV_Generation_eps_1.0_steps_100_Added_Noise_uniform_Eps_40.0_Tau_Type_normal_anchors - INFO - Batch 617/2465: Clean accuracy 0.9903 | Adv accuracy: 0.0243 | Counter-attack accuracy: 0.9919
2026-01-22 21:21:39,110 - ADV_Generation_eps_1.0_steps_100_Added_Noise_uniform_Eps_40.0_Tau_Type_normal_anchors - INFO - Batch:[617] Adversarial images for this batch already exist
2026-01-22 21:21:39,435 - ADV_Generation_eps_1.0_steps_100_Added_Noise_uniform_Eps_40.0_Tau_Type_normal_anchors - INFO - Batch 618/2465: Clean accuracy 0.9903 | Adv accuracy: 0.0243 | Counter-attack accuracy: 0.9919
2026-01-22 21:21:39,436 - ADV_Generation_eps_1.0_steps_100_Added_Noise_uniform_Eps_40.0_Tau_Type_normal_anchors - INFO - Batch:[618] Adversarial images for this batch already exist
2026-01-22 21:21:39,753 - ADV_Generation_eps_1.0_steps_100_Added_Noise_uniform_Eps_40.0_Tau_Type_normal_anchors - INFO - Batch 619/2465: Clean accuracy 0.9903 | Adv accuracy: 0.0242 | Counter-attack accuracy: 0.9919
2026-01-22 21:21:39,754 - ADV_Generation_eps_1.0_steps_100_Added_Noise_uniform_Eps_40.0_Tau_Type_normal_anchors - INFO - Batch:[619] Adversarial images for this batch already exist
2026-01-22 21:21:40,076 - ADV_Generation_eps_1.0_steps_100_Added_Noise_uniform_Eps_40.0_Tau_Type_normal_anchors - INFO - Batch 620/2465: Clean accuracy 0.9903 | Adv accuracy: 0.0242 | Counter-attack accuracy: 0.9919
2026-01-22 21:21:40,077 - ADV_Generation_eps_1.0_steps_100_Added_Noise_uniform_Eps_40.0_Tau_Type_normal_anchors - INFO - Batch:[620] Adversarial images for this batch already exist
2026-01-22 21:21:40,469 - ADV_Generation_eps_1.0_steps_100_Added_Noise_uniform_Eps_40.0_Tau_Type_normal_anchors - INFO - Batch 621/2465: Clean accuracy 0.9903 | Adv accuracy: 0.0242 | Counter-attack accuracy: 0.9919
2026-01-22 21:21:40,470 - ADV_Generation_eps_1.0_steps_100_Added_Noise_uniform_Eps_40.0_Tau_Type_normal_anchors - INFO - Batch:[621] Adversarial images for this batch already exist
2026-01-22 21:21:40,795 - ADV_Generation_eps_1.0_steps_100_Added_Noise_uniform_Eps_40.0_Tau_Type_normal_anchors - INFO - Batch 622/2465: Clean accuracy 0.9904 | Adv accuracy: 0.0241 | Counter-attack accuracy: 0.9920
2026-01-22 21:21:40,797 - ADV_Generation_eps_1.0_steps_100_Added_Noise_uniform_Eps_40.0_Tau_Type_normal_anchors - INFO - Batch:[622] Adversarial images for this batch already exist
2026-01-22 21:21:41,123 - ADV_Generation_eps_1.0_steps_100_Added_Noise_uniform_Eps_40.0_Tau_Type_normal_anchors - INFO - Batch 623/2465: Clean accuracy 0.9904 | Adv accuracy: 0.0241 | Counter-attack accuracy: 0.9920
2026-01-22 21:21:41,124 - ADV_Generation_eps_1.0_steps_100_Added_Noise_uniform_Eps_40.0_Tau_Type_normal_anchors - INFO - Batch:[623] Adversarial images for this batch already exist
2026-01-22 21:21:41,453 - ADV_Generation_eps_1.0_steps_100_Added_Noise_uniform_Eps_40.0_Tau_Type_normal_anchors - INFO - Batch 624/2465: Clean accuracy 0.9904 | Adv accuracy: 0.0240 | Counter-attack accuracy: 0.9920
2026-01-22 21:21:41,454 - ADV_Generation_eps_1.0_steps_100_Added_Noise_uniform_Eps_40.0_Tau_Type_normal_anchors - INFO - Batch:[624] Adversarial images for this batch already exist
2026-01-22 21:21:41,780 - ADV_Generation_eps_1.0_steps_100_Added_Noise_uniform_Eps_40.0_Tau_Type_normal_anchors - INFO - Batch 625/2465: Clean accuracy 0.9904 | Adv accuracy: 0.0240 | Counter-attack accuracy: 0.9920
2026-01-22 21:21:41,781 - ADV_Generation_eps_1.0_steps_100_Added_Noise_uniform_Eps_40.0_Tau_Type_normal_anchors - INFO - Batch:[625] Adversarial images for this batch already exist
2026-01-22 21:21:42,106 - ADV_Generation_eps_1.0_steps_100_Added_Noise_uniform_Eps_40.0_Tau_Type_normal_anchors - INFO - Batch 626/2465: Clean accuracy 0.9904 | Adv accuracy: 0.0240 | Counter-attack accuracy: 0.9920
2026-01-22 21:21:42,107 - ADV_Generation_eps_1.0_steps_100_Added_Noise_uniform_Eps_40.0_Tau_Type_normal_anchors - INFO - Batch:[626] Adversarial images for this batch already exist
2026-01-22 21:21:42,434 - ADV_Generation_eps_1.0_steps_100_Added_Noise_uniform_Eps_40.0_Tau_Type_normal_anchors - INFO - Batch 627/2465: Clean accuracy 0.9904 | Adv accuracy: 0.0239 | Counter-attack accuracy: 0.9920
2026-01-22 21:21:42,435 - ADV_Generation_eps_1.0_steps_100_Added_Noise_uniform_Eps_40.0_Tau_Type_normal_anchors - INFO - Batch:[627] Adversarial images for this batch already exist
2026-01-22 21:21:42,759 - ADV_Generation_eps_1.0_steps_100_Added_Noise_uniform_Eps_40.0_Tau_Type_normal_anchors - INFO - Batch 628/2465: Clean accuracy 0.9904 | Adv accuracy: 0.0239 | Counter-attack accuracy: 0.9920
2026-01-22 21:21:42,760 - ADV_Generation_eps_1.0_steps_100_Added_Noise_uniform_Eps_40.0_Tau_Type_normal_anchors - INFO - Batch:[628] Adversarial images for this batch already exist
2026-01-22 21:21:43,079 - ADV_Generation_eps_1.0_steps_100_Added_Noise_uniform_Eps_40.0_Tau_Type_normal_anchors - INFO - Batch 629/2465: Clean accuracy 0.9905 | Adv accuracy: 0.0238 | Counter-attack accuracy: 0.9921
2026-01-22 21:21:43,080 - ADV_Generation_eps_1.0_steps_100_Added_Noise_uniform_Eps_40.0_Tau_Type_normal_anchors - INFO - Batch:[629] Adversarial images for this batch already exist
2026-01-22 21:21:43,411 - ADV_Generation_eps_1.0_steps_100_Added_Noise_uniform_Eps_40.0_Tau_Type_normal_anchors - INFO - Batch 630/2465: Clean accuracy 0.9905 | Adv accuracy: 0.0238 | Counter-attack accuracy: 0.9921
2026-01-22 21:21:43,412 - ADV_Generation_eps_1.0_steps_100_Added_Noise_uniform_Eps_40.0_Tau_Type_normal_anchors - INFO - Batch:[630] Adversarial images for this batch already exist
2026-01-22 21:21:43,729 - ADV_Generation_eps_1.0_steps_100_Added_Noise_uniform_Eps_40.0_Tau_Type_normal_anchors - INFO - Batch 631/2465: Clean accuracy 0.9905 | Adv accuracy: 0.0238 | Counter-attack accuracy: 0.9921
2026-01-22 21:21:43,730 - ADV_Generation_eps_1.0_steps_100_Added_Noise_uniform_Eps_40.0_Tau_Type_normal_anchors - INFO - Batch:[631] Adversarial images for this batch already exist
2026-01-22 21:21:44,054 - ADV_Generation_eps_1.0_steps_100_Added_Noise_uniform_Eps_40.0_Tau_Type_normal_anchors - INFO - Batch 632/2465: Clean accuracy 0.9905 | Adv accuracy: 0.0237 | Counter-attack accuracy: 0.9921
2026-01-22 21:21:44,055 - ADV_Generation_eps_1.0_steps_100_Added_Noise_uniform_Eps_40.0_Tau_Type_normal_anchors - INFO - Batch:[632] Adversarial images for this batch already exist
2026-01-22 21:21:44,374 - ADV_Generation_eps_1.0_steps_100_Added_Noise_uniform_Eps_40.0_Tau_Type_normal_anchors - INFO - Batch 633/2465: Clean accuracy 0.9905 | Adv accuracy: 0.0237 | Counter-attack accuracy: 0.9921
2026-01-22 21:21:44,374 - ADV_Generation_eps_1.0_steps_100_Added_Noise_uniform_Eps_40.0_Tau_Type_normal_anchors - INFO - Batch:[633] Adversarial images for this batch already exist
2026-01-22 21:21:44,695 - ADV_Generation_eps_1.0_steps_100_Added_Noise_uniform_Eps_40.0_Tau_Type_normal_anchors - INFO - Batch 634/2465: Clean accuracy 0.9905 | Adv accuracy: 0.0237 | Counter-attack accuracy: 0.9921
2026-01-22 21:21:44,696 - ADV_Generation_eps_1.0_steps_100_Added_Noise_uniform_Eps_40.0_Tau_Type_normal_anchors - INFO - Batch:[634] Adversarial images for this batch already exist
2026-01-22 21:21:45,016 - ADV_Generation_eps_1.0_steps_100_Added_Noise_uniform_Eps_40.0_Tau_Type_normal_anchors - INFO - Batch 635/2465: Clean accuracy 0.9906 | Adv accuracy: 0.0236 | Counter-attack accuracy: 0.9921
2026-01-22 21:21:45,017 - ADV_Generation_eps_1.0_steps_100_Added_Noise_uniform_Eps_40.0_Tau_Type_normal_anchors - INFO - Batch:[635] Adversarial images for this batch already exist
2026-01-22 21:21:45,364 - ADV_Generation_eps_1.0_steps_100_Added_Noise_uniform_Eps_40.0_Tau_Type_normal_anchors - INFO - Batch 636/2465: Clean accuracy 0.9906 | Adv accuracy: 0.0236 | Counter-attack accuracy: 0.9921
2026-01-22 21:21:45,365 - ADV_Generation_eps_1.0_steps_100_Added_Noise_uniform_Eps_40.0_Tau_Type_normal_anchors - INFO - Batch:[636] Adversarial images for this batch already exist
2026-01-22 21:21:45,695 - ADV_Generation_eps_1.0_steps_100_Added_Noise_uniform_Eps_40.0_Tau_Type_normal_anchors - INFO - Batch 637/2465: Clean accuracy 0.9906 | Adv accuracy: 0.0235 | Counter-attack accuracy: 0.9922
2026-01-22 21:21:45,696 - ADV_Generation_eps_1.0_steps_100_Added_Noise_uniform_Eps_40.0_Tau_Type_normal_anchors - INFO - Batch:[637] Adversarial images for this batch already exist
2026-01-22 21:21:46,029 - ADV_Generation_eps_1.0_steps_100_Added_Noise_uniform_Eps_40.0_Tau_Type_normal_anchors - INFO - Batch 638/2465: Clean accuracy 0.9906 | Adv accuracy: 0.0235 | Counter-attack accuracy: 0.9922
2026-01-22 21:21:46,030 - ADV_Generation_eps_1.0_steps_100_Added_Noise_uniform_Eps_40.0_Tau_Type_normal_anchors - INFO - Batch:[638] Adversarial images for this batch already exist
2026-01-22 21:21:46,354 - ADV_Generation_eps_1.0_steps_100_Added_Noise_uniform_Eps_40.0_Tau_Type_normal_anchors - INFO - Batch 639/2465: Clean accuracy 0.9906 | Adv accuracy: 0.0235 | Counter-attack accuracy: 0.9922
2026-01-22 21:21:46,355 - ADV_Generation_eps_1.0_steps_100_Added_Noise_uniform_Eps_40.0_Tau_Type_normal_anchors - INFO - Batch:[639] Adversarial images for this batch already exist
2026-01-22 21:21:46,684 - ADV_Generation_eps_1.0_steps_100_Added_Noise_uniform_Eps_40.0_Tau_Type_normal_anchors - INFO - Batch 640/2465: Clean accuracy 0.9906 | Adv accuracy: 0.0234 | Counter-attack accuracy: 0.9922
2026-01-22 21:21:46,684 - ADV_Generation_eps_1.0_steps_100_Added_Noise_uniform_Eps_40.0_Tau_Type_normal_anchors - INFO - Batch:[640] Adversarial images for this batch already exist
2026-01-22 21:21:47,008 - ADV_Generation_eps_1.0_steps_100_Added_Noise_uniform_Eps_40.0_Tau_Type_normal_anchors - INFO - Batch 641/2465: Clean accuracy 0.9906 | Adv accuracy: 0.0234 | Counter-attack accuracy: 0.9922
2026-01-22 21:21:47,010 - ADV_Generation_eps_1.0_steps_100_Added_Noise_uniform_Eps_40.0_Tau_Type_normal_anchors - INFO - Batch:[641] Adversarial images for this batch already exist
2026-01-22 21:21:47,328 - ADV_Generation_eps_1.0_steps_100_Added_Noise_uniform_Eps_40.0_Tau_Type_normal_anchors - INFO - Batch 642/2465: Clean accuracy 0.9907 | Adv accuracy: 0.0234 | Counter-attack accuracy: 0.9922
2026-01-22 21:21:47,329 - ADV_Generation_eps_1.0_steps_100_Added_Noise_uniform_Eps_40.0_Tau_Type_normal_anchors - INFO - Batch:[642] Adversarial images for this batch already exist
2026-01-22 21:21:47,646 - ADV_Generation_eps_1.0_steps_100_Added_Noise_uniform_Eps_40.0_Tau_Type_normal_anchors - INFO - Batch 643/2465: Clean accuracy 0.9907 | Adv accuracy: 0.0233 | Counter-attack accuracy: 0.9922
2026-01-22 21:21:47,647 - ADV_Generation_eps_1.0_steps_100_Added_Noise_uniform_Eps_40.0_Tau_Type_normal_anchors - INFO - Batch:[643] Adversarial images for this batch already exist
2026-01-22 21:21:47,972 - ADV_Generation_eps_1.0_steps_100_Added_Noise_uniform_Eps_40.0_Tau_Type_normal_anchors - INFO - Batch 644/2465: Clean accuracy 0.9907 | Adv accuracy: 0.0233 | Counter-attack accuracy: 0.9922
2026-01-22 21:21:47,973 - ADV_Generation_eps_1.0_steps_100_Added_Noise_uniform_Eps_40.0_Tau_Type_normal_anchors - INFO - Batch:[644] Adversarial images for this batch already exist
2026-01-22 21:21:48,340 - ADV_Generation_eps_1.0_steps_100_Added_Noise_uniform_Eps_40.0_Tau_Type_normal_anchors - INFO - Batch 645/2465: Clean accuracy 0.9907 | Adv accuracy: 0.0233 | Counter-attack accuracy: 0.9922
2026-01-22 21:21:48,341 - ADV_Generation_eps_1.0_steps_100_Added_Noise_uniform_Eps_40.0_Tau_Type_normal_anchors - INFO - Batch:[645] Adversarial images for this batch already exist
2026-01-22 21:21:48,660 - ADV_Generation_eps_1.0_steps_100_Added_Noise_uniform_Eps_40.0_Tau_Type_normal_anchors - INFO - Batch 646/2465: Clean accuracy 0.9907 | Adv accuracy: 0.0232 | Counter-attack accuracy: 0.9923
2026-01-22 21:21:48,662 - ADV_Generation_eps_1.0_steps_100_Added_Noise_uniform_Eps_40.0_Tau_Type_normal_anchors - INFO - Batch:[646] Adversarial images for this batch already exist
2026-01-22 21:21:48,986 - ADV_Generation_eps_1.0_steps_100_Added_Noise_uniform_Eps_40.0_Tau_Type_normal_anchors - INFO - Batch 647/2465: Clean accuracy 0.9907 | Adv accuracy: 0.0232 | Counter-attack accuracy: 0.9923
2026-01-22 21:21:48,987 - ADV_Generation_eps_1.0_steps_100_Added_Noise_uniform_Eps_40.0_Tau_Type_normal_anchors - INFO - Batch:[647] Adversarial images for this batch already exist
2026-01-22 21:21:49,311 - ADV_Generation_eps_1.0_steps_100_Added_Noise_uniform_Eps_40.0_Tau_Type_normal_anchors - INFO - Batch 648/2465: Clean accuracy 0.9907 | Adv accuracy: 0.0231 | Counter-attack accuracy: 0.9923
2026-01-22 21:21:49,312 - ADV_Generation_eps_1.0_steps_100_Added_Noise_uniform_Eps_40.0_Tau_Type_normal_anchors - INFO - Batch:[648] Adversarial images for this batch already exist
2026-01-22 21:21:49,635 - ADV_Generation_eps_1.0_steps_100_Added_Noise_uniform_Eps_40.0_Tau_Type_normal_anchors - INFO - Batch 649/2465: Clean accuracy 0.9908 | Adv accuracy: 0.0231 | Counter-attack accuracy: 0.9923
2026-01-22 21:21:49,636 - ADV_Generation_eps_1.0_steps_100_Added_Noise_uniform_Eps_40.0_Tau_Type_normal_anchors - INFO - Batch:[649] Adversarial images for this batch already exist
2026-01-22 21:21:49,970 - ADV_Generation_eps_1.0_steps_100_Added_Noise_uniform_Eps_40.0_Tau_Type_normal_anchors - INFO - Batch 650/2465: Clean accuracy 0.9908 | Adv accuracy: 0.0231 | Counter-attack accuracy: 0.9923
2026-01-22 21:21:49,971 - ADV_Generation_eps_1.0_steps_100_Added_Noise_uniform_Eps_40.0_Tau_Type_normal_anchors - INFO - Batch:[650] Adversarial images for this batch already exist
2026-01-22 21:21:50,291 - ADV_Generation_eps_1.0_steps_100_Added_Noise_uniform_Eps_40.0_Tau_Type_normal_anchors - INFO - Batch 651/2465: Clean accuracy 0.9908 | Adv accuracy: 0.0230 | Counter-attack accuracy: 0.9923
2026-01-22 21:21:50,292 - ADV_Generation_eps_1.0_steps_100_Added_Noise_uniform_Eps_40.0_Tau_Type_normal_anchors - INFO - Batch:[651] Adversarial images for this batch already exist
2026-01-22 21:21:50,617 - ADV_Generation_eps_1.0_steps_100_Added_Noise_uniform_Eps_40.0_Tau_Type_normal_anchors - INFO - Batch 652/2465: Clean accuracy 0.9908 | Adv accuracy: 0.0230 | Counter-attack accuracy: 0.9923
2026-01-22 21:21:50,618 - ADV_Generation_eps_1.0_steps_100_Added_Noise_uniform_Eps_40.0_Tau_Type_normal_anchors - INFO - Batch:[652] Adversarial images for this batch already exist
2026-01-22 21:21:50,948 - ADV_Generation_eps_1.0_steps_100_Added_Noise_uniform_Eps_40.0_Tau_Type_normal_anchors - INFO - Batch 653/2465: Clean accuracy 0.9908 | Adv accuracy: 0.0230 | Counter-attack accuracy: 0.9923
2026-01-22 21:21:50,949 - ADV_Generation_eps_1.0_steps_100_Added_Noise_uniform_Eps_40.0_Tau_Type_normal_anchors - INFO - Batch:[653] Adversarial images for this batch already exist
2026-01-22 21:21:51,298 - ADV_Generation_eps_1.0_steps_100_Added_Noise_uniform_Eps_40.0_Tau_Type_normal_anchors - INFO - Batch 654/2465: Clean accuracy 0.9908 | Adv accuracy: 0.0229 | Counter-attack accuracy: 0.9924
2026-01-22 21:21:51,300 - ADV_Generation_eps_1.0_steps_100_Added_Noise_uniform_Eps_40.0_Tau_Type_normal_anchors - INFO - Batch:[654] Adversarial images for this batch already exist
2026-01-22 21:21:51,621 - ADV_Generation_eps_1.0_steps_100_Added_Noise_uniform_Eps_40.0_Tau_Type_normal_anchors - INFO - Batch 655/2465: Clean accuracy 0.9908 | Adv accuracy: 0.0229 | Counter-attack accuracy: 0.9924
2026-01-22 21:21:51,622 - ADV_Generation_eps_1.0_steps_100_Added_Noise_uniform_Eps_40.0_Tau_Type_normal_anchors - INFO - Batch:[655] Adversarial images for this batch already exist
2026-01-22 21:21:51,948 - ADV_Generation_eps_1.0_steps_100_Added_Noise_uniform_Eps_40.0_Tau_Type_normal_anchors - INFO - Batch 656/2465: Clean accuracy 0.9909 | Adv accuracy: 0.0229 | Counter-attack accuracy: 0.9924
2026-01-22 21:21:51,949 - ADV_Generation_eps_1.0_steps_100_Added_Noise_uniform_Eps_40.0_Tau_Type_normal_anchors - INFO - Batch:[656] Adversarial images for this batch already exist
2026-01-22 21:21:52,274 - ADV_Generation_eps_1.0_steps_100_Added_Noise_uniform_Eps_40.0_Tau_Type_normal_anchors - INFO - Batch 657/2465: Clean accuracy 0.9909 | Adv accuracy: 0.0228 | Counter-attack accuracy: 0.9924
2026-01-22 21:21:52,275 - ADV_Generation_eps_1.0_steps_100_Added_Noise_uniform_Eps_40.0_Tau_Type_normal_anchors - INFO - Batch:[657] Adversarial images for this batch already exist
2026-01-22 21:21:52,603 - ADV_Generation_eps_1.0_steps_100_Added_Noise_uniform_Eps_40.0_Tau_Type_normal_anchors - INFO - Batch 658/2465: Clean accuracy 0.9909 | Adv accuracy: 0.0228 | Counter-attack accuracy: 0.9924
2026-01-22 21:21:52,604 - ADV_Generation_eps_1.0_steps_100_Added_Noise_uniform_Eps_40.0_Tau_Type_normal_anchors - INFO - Batch:[658] Adversarial images for this batch already exist
2026-01-22 21:21:52,921 - ADV_Generation_eps_1.0_steps_100_Added_Noise_uniform_Eps_40.0_Tau_Type_normal_anchors - INFO - Batch 659/2465: Clean accuracy 0.9909 | Adv accuracy: 0.0228 | Counter-attack accuracy: 0.9924
2026-01-22 21:21:52,922 - ADV_Generation_eps_1.0_steps_100_Added_Noise_uniform_Eps_40.0_Tau_Type_normal_anchors - INFO - Batch:[659] Adversarial images for this batch already exist
2026-01-22 21:21:53,242 - ADV_Generation_eps_1.0_steps_100_Added_Noise_uniform_Eps_40.0_Tau_Type_normal_anchors - INFO - Batch 660/2465: Clean accuracy 0.9909 | Adv accuracy: 0.0227 | Counter-attack accuracy: 0.9924
2026-01-22 21:21:53,243 - ADV_Generation_eps_1.0_steps_100_Added_Noise_uniform_Eps_40.0_Tau_Type_normal_anchors - INFO - Batch:[660] Adversarial images for this batch already exist
2026-01-22 21:21:53,568 - ADV_Generation_eps_1.0_steps_100_Added_Noise_uniform_Eps_40.0_Tau_Type_normal_anchors - INFO - Batch 661/2465: Clean accuracy 0.9909 | Adv accuracy: 0.0227 | Counter-attack accuracy: 0.9924
2026-01-22 21:21:53,569 - ADV_Generation_eps_1.0_steps_100_Added_Noise_uniform_Eps_40.0_Tau_Type_normal_anchors - INFO - Batch:[661] Adversarial images for this batch already exist
2026-01-22 21:21:53,899 - ADV_Generation_eps_1.0_steps_100_Added_Noise_uniform_Eps_40.0_Tau_Type_normal_anchors - INFO - Batch 662/2465: Clean accuracy 0.9909 | Adv accuracy: 0.0227 | Counter-attack accuracy: 0.9924
2026-01-22 21:21:53,900 - ADV_Generation_eps_1.0_steps_100_Added_Noise_uniform_Eps_40.0_Tau_Type_normal_anchors - INFO - Batch:[662] Adversarial images for this batch already exist
2026-01-22 21:21:54,221 - ADV_Generation_eps_1.0_steps_100_Added_Noise_uniform_Eps_40.0_Tau_Type_normal_anchors - INFO - Batch 663/2465: Clean accuracy 0.9910 | Adv accuracy: 0.0226 | Counter-attack accuracy: 0.9925
2026-01-22 21:21:54,222 - ADV_Generation_eps_1.0_steps_100_Added_Noise_uniform_Eps_40.0_Tau_Type_normal_anchors - INFO - Batch:[663] Adversarial images for this batch already exist
2026-01-22 21:21:54,544 - ADV_Generation_eps_1.0_steps_100_Added_Noise_uniform_Eps_40.0_Tau_Type_normal_anchors - INFO - Batch 664/2465: Clean accuracy 0.9910 | Adv accuracy: 0.0226 | Counter-attack accuracy: 0.9925
2026-01-22 21:21:54,545 - ADV_Generation_eps_1.0_steps_100_Added_Noise_uniform_Eps_40.0_Tau_Type_normal_anchors - INFO - Batch:[664] Adversarial images for this batch already exist
2026-01-22 21:21:54,870 - ADV_Generation_eps_1.0_steps_100_Added_Noise_uniform_Eps_40.0_Tau_Type_normal_anchors - INFO - Batch 665/2465: Clean accuracy 0.9910 | Adv accuracy: 0.0226 | Counter-attack accuracy: 0.9925
2026-01-22 21:21:54,871 - ADV_Generation_eps_1.0_steps_100_Added_Noise_uniform_Eps_40.0_Tau_Type_normal_anchors - INFO - Batch:[665] Adversarial images for this batch already exist
2026-01-22 21:21:55,192 - ADV_Generation_eps_1.0_steps_100_Added_Noise_uniform_Eps_40.0_Tau_Type_normal_anchors - INFO - Batch 666/2465: Clean accuracy 0.9910 | Adv accuracy: 0.0225 | Counter-attack accuracy: 0.9925
2026-01-22 21:21:55,193 - ADV_Generation_eps_1.0_steps_100_Added_Noise_uniform_Eps_40.0_Tau_Type_normal_anchors - INFO - Batch:[666] Adversarial images for this batch already exist
2026-01-22 21:21:55,517 - ADV_Generation_eps_1.0_steps_100_Added_Noise_uniform_Eps_40.0_Tau_Type_normal_anchors - INFO - Batch 667/2465: Clean accuracy 0.9910 | Adv accuracy: 0.0225 | Counter-attack accuracy: 0.9925
2026-01-22 21:21:55,517 - ADV_Generation_eps_1.0_steps_100_Added_Noise_uniform_Eps_40.0_Tau_Type_normal_anchors - INFO - Batch:[667] Adversarial images for this batch already exist
2026-01-22 21:21:55,838 - ADV_Generation_eps_1.0_steps_100_Added_Noise_uniform_Eps_40.0_Tau_Type_normal_anchors - INFO - Batch 668/2465: Clean accuracy 0.9910 | Adv accuracy: 0.0225 | Counter-attack accuracy: 0.9925
2026-01-22 21:21:55,839 - ADV_Generation_eps_1.0_steps_100_Added_Noise_uniform_Eps_40.0_Tau_Type_normal_anchors - INFO - Batch:[668] Adversarial images for this batch already exist
2026-01-22 21:21:56,163 - ADV_Generation_eps_1.0_steps_100_Added_Noise_uniform_Eps_40.0_Tau_Type_normal_anchors - INFO - Batch 669/2465: Clean accuracy 0.9910 | Adv accuracy: 0.0224 | Counter-attack accuracy: 0.9925
2026-01-22 21:21:56,164 - ADV_Generation_eps_1.0_steps_100_Added_Noise_uniform_Eps_40.0_Tau_Type_normal_anchors - INFO - Batch:[669] Adversarial images for this batch already exist
2026-01-22 21:21:56,492 - ADV_Generation_eps_1.0_steps_100_Added_Noise_uniform_Eps_40.0_Tau_Type_normal_anchors - INFO - Batch 670/2465: Clean accuracy 0.9910 | Adv accuracy: 0.0224 | Counter-attack accuracy: 0.9925
2026-01-22 21:21:56,493 - ADV_Generation_eps_1.0_steps_100_Added_Noise_uniform_Eps_40.0_Tau_Type_normal_anchors - INFO - Batch:[670] Adversarial images for this batch already exist
2026-01-22 21:21:56,811 - ADV_Generation_eps_1.0_steps_100_Added_Noise_uniform_Eps_40.0_Tau_Type_normal_anchors - INFO - Batch 671/2465: Clean accuracy 0.9911 | Adv accuracy: 0.0224 | Counter-attack accuracy: 0.9925
2026-01-22 21:21:56,812 - ADV_Generation_eps_1.0_steps_100_Added_Noise_uniform_Eps_40.0_Tau_Type_normal_anchors - INFO - Batch:[671] Adversarial images for this batch already exist
2026-01-22 21:21:57,142 - ADV_Generation_eps_1.0_steps_100_Added_Noise_uniform_Eps_40.0_Tau_Type_normal_anchors - INFO - Batch 672/2465: Clean accuracy 0.9911 | Adv accuracy: 0.0223 | Counter-attack accuracy: 0.9926
2026-01-22 21:21:57,143 - ADV_Generation_eps_1.0_steps_100_Added_Noise_uniform_Eps_40.0_Tau_Type_normal_anchors - INFO - Batch:[672] Adversarial images for this batch already exist
2026-01-22 21:21:57,460 - ADV_Generation_eps_1.0_steps_100_Added_Noise_uniform_Eps_40.0_Tau_Type_normal_anchors - INFO - Batch 673/2465: Clean accuracy 0.9911 | Adv accuracy: 0.0223 | Counter-attack accuracy: 0.9926
2026-01-22 21:21:57,461 - ADV_Generation_eps_1.0_steps_100_Added_Noise_uniform_Eps_40.0_Tau_Type_normal_anchors - INFO - Batch:[673] Adversarial images for this batch already exist
2026-01-22 21:21:57,795 - ADV_Generation_eps_1.0_steps_100_Added_Noise_uniform_Eps_40.0_Tau_Type_normal_anchors - INFO - Batch 674/2465: Clean accuracy 0.9911 | Adv accuracy: 0.0223 | Counter-attack accuracy: 0.9926
2026-01-22 21:21:57,796 - ADV_Generation_eps_1.0_steps_100_Added_Noise_uniform_Eps_40.0_Tau_Type_normal_anchors - INFO - Batch:[674] Adversarial images for this batch already exist
2026-01-22 21:21:58,122 - ADV_Generation_eps_1.0_steps_100_Added_Noise_uniform_Eps_40.0_Tau_Type_normal_anchors - INFO - Batch 675/2465: Clean accuracy 0.9911 | Adv accuracy: 0.0222 | Counter-attack accuracy: 0.9926
2026-01-22 21:21:58,123 - ADV_Generation_eps_1.0_steps_100_Added_Noise_uniform_Eps_40.0_Tau_Type_normal_anchors - INFO - Batch:[675] Adversarial images for this batch already exist
2026-01-22 21:21:58,447 - ADV_Generation_eps_1.0_steps_100_Added_Noise_uniform_Eps_40.0_Tau_Type_normal_anchors - INFO - Batch 676/2465: Clean accuracy 0.9911 | Adv accuracy: 0.0222 | Counter-attack accuracy: 0.9926
2026-01-22 21:21:58,448 - ADV_Generation_eps_1.0_steps_100_Added_Noise_uniform_Eps_40.0_Tau_Type_normal_anchors - INFO - Batch:[676] Adversarial images for this batch already exist
2026-01-22 21:21:58,772 - ADV_Generation_eps_1.0_steps_100_Added_Noise_uniform_Eps_40.0_Tau_Type_normal_anchors - INFO - Batch 677/2465: Clean accuracy 0.9911 | Adv accuracy: 0.0222 | Counter-attack accuracy: 0.9926
2026-01-22 21:21:58,773 - ADV_Generation_eps_1.0_steps_100_Added_Noise_uniform_Eps_40.0_Tau_Type_normal_anchors - INFO - Batch:[677] Adversarial images for this batch already exist
2026-01-22 21:21:59,095 - ADV_Generation_eps_1.0_steps_100_Added_Noise_uniform_Eps_40.0_Tau_Type_normal_anchors - INFO - Batch 678/2465: Clean accuracy 0.9912 | Adv accuracy: 0.0221 | Counter-attack accuracy: 0.9926
2026-01-22 21:21:59,096 - ADV_Generation_eps_1.0_steps_100_Added_Noise_uniform_Eps_40.0_Tau_Type_normal_anchors - INFO - Batch:[678] Adversarial images for this batch already exist
2026-01-22 21:21:59,416 - ADV_Generation_eps_1.0_steps_100_Added_Noise_uniform_Eps_40.0_Tau_Type_normal_anchors - INFO - Batch 679/2465: Clean accuracy 0.9912 | Adv accuracy: 0.0221 | Counter-attack accuracy: 0.9926
2026-01-22 21:21:59,417 - ADV_Generation_eps_1.0_steps_100_Added_Noise_uniform_Eps_40.0_Tau_Type_normal_anchors - INFO - Batch:[679] Adversarial images for this batch already exist
2026-01-22 21:21:59,741 - ADV_Generation_eps_1.0_steps_100_Added_Noise_uniform_Eps_40.0_Tau_Type_normal_anchors - INFO - Batch 680/2465: Clean accuracy 0.9912 | Adv accuracy: 0.0221 | Counter-attack accuracy: 0.9926
2026-01-22 21:21:59,742 - ADV_Generation_eps_1.0_steps_100_Added_Noise_uniform_Eps_40.0_Tau_Type_normal_anchors - INFO - Batch:[680] Adversarial images for this batch already exist
2026-01-22 21:22:00,065 - ADV_Generation_eps_1.0_steps_100_Added_Noise_uniform_Eps_40.0_Tau_Type_normal_anchors - INFO - Batch 681/2465: Clean accuracy 0.9912 | Adv accuracy: 0.0220 | Counter-attack accuracy: 0.9927
2026-01-22 21:22:00,066 - ADV_Generation_eps_1.0_steps_100_Added_Noise_uniform_Eps_40.0_Tau_Type_normal_anchors - INFO - Batch:[681] Adversarial images for this batch already exist
2026-01-22 21:22:00,388 - ADV_Generation_eps_1.0_steps_100_Added_Noise_uniform_Eps_40.0_Tau_Type_normal_anchors - INFO - Batch 682/2465: Clean accuracy 0.9912 | Adv accuracy: 0.0220 | Counter-attack accuracy: 0.9927
2026-01-22 21:22:00,389 - ADV_Generation_eps_1.0_steps_100_Added_Noise_uniform_Eps_40.0_Tau_Type_normal_anchors - INFO - Batch:[682] Adversarial images for this batch already exist
2026-01-22 21:22:00,712 - ADV_Generation_eps_1.0_steps_100_Added_Noise_uniform_Eps_40.0_Tau_Type_normal_anchors - INFO - Batch 683/2465: Clean accuracy 0.9912 | Adv accuracy: 0.0220 | Counter-attack accuracy: 0.9927
2026-01-22 21:22:00,714 - ADV_Generation_eps_1.0_steps_100_Added_Noise_uniform_Eps_40.0_Tau_Type_normal_anchors - INFO - Batch:[683] Adversarial images for this batch already exist
2026-01-22 21:22:01,035 - ADV_Generation_eps_1.0_steps_100_Added_Noise_uniform_Eps_40.0_Tau_Type_normal_anchors - INFO - Batch 684/2465: Clean accuracy 0.9912 | Adv accuracy: 0.0219 | Counter-attack accuracy: 0.9927
2026-01-22 21:22:01,036 - ADV_Generation_eps_1.0_steps_100_Added_Noise_uniform_Eps_40.0_Tau_Type_normal_anchors - INFO - Batch:[684] Adversarial images for this batch already exist
2026-01-22 21:22:01,361 - ADV_Generation_eps_1.0_steps_100_Added_Noise_uniform_Eps_40.0_Tau_Type_normal_anchors - INFO - Batch 685/2465: Clean accuracy 0.9912 | Adv accuracy: 0.0219 | Counter-attack accuracy: 0.9927
2026-01-22 21:22:01,362 - ADV_Generation_eps_1.0_steps_100_Added_Noise_uniform_Eps_40.0_Tau_Type_normal_anchors - INFO - Batch:[685] Adversarial images for this batch already exist
2026-01-22 21:22:01,689 - ADV_Generation_eps_1.0_steps_100_Added_Noise_uniform_Eps_40.0_Tau_Type_normal_anchors - INFO - Batch 686/2465: Clean accuracy 0.9913 | Adv accuracy: 0.0219 | Counter-attack accuracy: 0.9927
2026-01-22 21:22:01,689 - ADV_Generation_eps_1.0_steps_100_Added_Noise_uniform_Eps_40.0_Tau_Type_normal_anchors - INFO - Batch:[686] Adversarial images for this batch already exist
2026-01-22 21:22:02,020 - ADV_Generation_eps_1.0_steps_100_Added_Noise_uniform_Eps_40.0_Tau_Type_normal_anchors - INFO - Batch 687/2465: Clean accuracy 0.9913 | Adv accuracy: 0.0218 | Counter-attack accuracy: 0.9927
2026-01-22 21:22:02,021 - ADV_Generation_eps_1.0_steps_100_Added_Noise_uniform_Eps_40.0_Tau_Type_normal_anchors - INFO - Batch:[687] Adversarial images for this batch already exist
2026-01-22 21:22:02,342 - ADV_Generation_eps_1.0_steps_100_Added_Noise_uniform_Eps_40.0_Tau_Type_normal_anchors - INFO - Batch 688/2465: Clean accuracy 0.9913 | Adv accuracy: 0.0218 | Counter-attack accuracy: 0.9927
2026-01-22 21:22:02,343 - ADV_Generation_eps_1.0_steps_100_Added_Noise_uniform_Eps_40.0_Tau_Type_normal_anchors - INFO - Batch:[688] Adversarial images for this batch already exist
2026-01-22 21:22:02,672 - ADV_Generation_eps_1.0_steps_100_Added_Noise_uniform_Eps_40.0_Tau_Type_normal_anchors - INFO - Batch 689/2465: Clean accuracy 0.9913 | Adv accuracy: 0.0218 | Counter-attack accuracy: 0.9927
2026-01-22 21:22:02,673 - ADV_Generation_eps_1.0_steps_100_Added_Noise_uniform_Eps_40.0_Tau_Type_normal_anchors - INFO - Batch:[689] Adversarial images for this batch already exist
2026-01-22 21:22:03,003 - ADV_Generation_eps_1.0_steps_100_Added_Noise_uniform_Eps_40.0_Tau_Type_normal_anchors - INFO - Batch 690/2465: Clean accuracy 0.9913 | Adv accuracy: 0.0217 | Counter-attack accuracy: 0.9928
2026-01-22 21:22:03,004 - ADV_Generation_eps_1.0_steps_100_Added_Noise_uniform_Eps_40.0_Tau_Type_normal_anchors - INFO - Batch:[690] Adversarial images for this batch already exist
2026-01-22 21:22:03,418 - ADV_Generation_eps_1.0_steps_100_Added_Noise_uniform_Eps_40.0_Tau_Type_normal_anchors - INFO - Batch 691/2465: Clean accuracy 0.9913 | Adv accuracy: 0.0217 | Counter-attack accuracy: 0.9928
2026-01-22 21:22:03,419 - ADV_Generation_eps_1.0_steps_100_Added_Noise_uniform_Eps_40.0_Tau_Type_normal_anchors - INFO - Batch:[691] Adversarial images for this batch already exist
2026-01-22 21:22:03,743 - ADV_Generation_eps_1.0_steps_100_Added_Noise_uniform_Eps_40.0_Tau_Type_normal_anchors - INFO - Batch 692/2465: Clean accuracy 0.9913 | Adv accuracy: 0.0217 | Counter-attack accuracy: 0.9928
2026-01-22 21:22:03,744 - ADV_Generation_eps_1.0_steps_100_Added_Noise_uniform_Eps_40.0_Tau_Type_normal_anchors - INFO - Batch:[692] Adversarial images for this batch already exist
2026-01-22 21:22:04,072 - ADV_Generation_eps_1.0_steps_100_Added_Noise_uniform_Eps_40.0_Tau_Type_normal_anchors - INFO - Batch 693/2465: Clean accuracy 0.9913 | Adv accuracy: 0.0216 | Counter-attack accuracy: 0.9913
2026-01-22 21:22:04,073 - ADV_Generation_eps_1.0_steps_100_Added_Noise_uniform_Eps_40.0_Tau_Type_normal_anchors - INFO - Batch:[693] Adversarial images for this batch already exist
2026-01-22 21:22:04,405 - ADV_Generation_eps_1.0_steps_100_Added_Noise_uniform_Eps_40.0_Tau_Type_normal_anchors - INFO - Batch 694/2465: Clean accuracy 0.9914 | Adv accuracy: 0.0216 | Counter-attack accuracy: 0.9914
2026-01-22 21:22:04,406 - ADV_Generation_eps_1.0_steps_100_Added_Noise_uniform_Eps_40.0_Tau_Type_normal_anchors - INFO - Batch:[694] Adversarial images for this batch already exist
2026-01-22 21:22:04,727 - ADV_Generation_eps_1.0_steps_100_Added_Noise_uniform_Eps_40.0_Tau_Type_normal_anchors - INFO - Batch 695/2465: Clean accuracy 0.9914 | Adv accuracy: 0.0216 | Counter-attack accuracy: 0.9914
2026-01-22 21:22:04,728 - ADV_Generation_eps_1.0_steps_100_Added_Noise_uniform_Eps_40.0_Tau_Type_normal_anchors - INFO - Batch:[695] Adversarial images for this batch already exist
2026-01-22 21:22:05,057 - ADV_Generation_eps_1.0_steps_100_Added_Noise_uniform_Eps_40.0_Tau_Type_normal_anchors - INFO - Batch 696/2465: Clean accuracy 0.9914 | Adv accuracy: 0.0216 | Counter-attack accuracy: 0.9914
2026-01-22 21:22:05,058 - ADV_Generation_eps_1.0_steps_100_Added_Noise_uniform_Eps_40.0_Tau_Type_normal_anchors - INFO - Batch:[696] Adversarial images for this batch already exist
2026-01-22 21:22:05,429 - ADV_Generation_eps_1.0_steps_100_Added_Noise_uniform_Eps_40.0_Tau_Type_normal_anchors - INFO - Batch 697/2465: Clean accuracy 0.9914 | Adv accuracy: 0.0215 | Counter-attack accuracy: 0.9914
2026-01-22 21:22:05,430 - ADV_Generation_eps_1.0_steps_100_Added_Noise_uniform_Eps_40.0_Tau_Type_normal_anchors - INFO - Batch:[697] Adversarial images for this batch already exist
2026-01-22 21:22:05,746 - ADV_Generation_eps_1.0_steps_100_Added_Noise_uniform_Eps_40.0_Tau_Type_normal_anchors - INFO - Batch 698/2465: Clean accuracy 0.9914 | Adv accuracy: 0.0215 | Counter-attack accuracy: 0.9900
2026-01-22 21:22:05,747 - ADV_Generation_eps_1.0_steps_100_Added_Noise_uniform_Eps_40.0_Tau_Type_normal_anchors - INFO - Batch:[698] Adversarial images for this batch already exist
2026-01-22 21:22:06,067 - ADV_Generation_eps_1.0_steps_100_Added_Noise_uniform_Eps_40.0_Tau_Type_normal_anchors - INFO - Batch 699/2465: Clean accuracy 0.9914 | Adv accuracy: 0.0215 | Counter-attack accuracy: 0.9900
2026-01-22 21:22:06,068 - ADV_Generation_eps_1.0_steps_100_Added_Noise_uniform_Eps_40.0_Tau_Type_normal_anchors - INFO - Batch:[699] Adversarial images for this batch already exist
2026-01-22 21:22:06,433 - ADV_Generation_eps_1.0_steps_100_Added_Noise_uniform_Eps_40.0_Tau_Type_normal_anchors - INFO - Batch 700/2465: Clean accuracy 0.9914 | Adv accuracy: 0.0214 | Counter-attack accuracy: 0.9900
2026-01-22 21:22:06,434 - ADV_Generation_eps_1.0_steps_100_Added_Noise_uniform_Eps_40.0_Tau_Type_normal_anchors - INFO - Batch:[700] Adversarial images for this batch already exist
2026-01-22 21:22:06,781 - ADV_Generation_eps_1.0_steps_100_Added_Noise_uniform_Eps_40.0_Tau_Type_normal_anchors - INFO - Batch 701/2465: Clean accuracy 0.9914 | Adv accuracy: 0.0214 | Counter-attack accuracy: 0.9900
2026-01-22 21:22:06,782 - ADV_Generation_eps_1.0_steps_100_Added_Noise_uniform_Eps_40.0_Tau_Type_normal_anchors - INFO - Batch:[701] Adversarial images for this batch already exist
2026-01-22 21:22:07,111 - ADV_Generation_eps_1.0_steps_100_Added_Noise_uniform_Eps_40.0_Tau_Type_normal_anchors - INFO - Batch 702/2465: Clean accuracy 0.9915 | Adv accuracy: 0.0214 | Counter-attack accuracy: 0.9900
2026-01-22 21:22:07,111 - ADV_Generation_eps_1.0_steps_100_Added_Noise_uniform_Eps_40.0_Tau_Type_normal_anchors - INFO - Batch:[702] Adversarial images for this batch already exist
2026-01-22 21:22:07,435 - ADV_Generation_eps_1.0_steps_100_Added_Noise_uniform_Eps_40.0_Tau_Type_normal_anchors - INFO - Batch 703/2465: Clean accuracy 0.9915 | Adv accuracy: 0.0213 | Counter-attack accuracy: 0.9900
2026-01-22 21:22:07,436 - ADV_Generation_eps_1.0_steps_100_Added_Noise_uniform_Eps_40.0_Tau_Type_normal_anchors - INFO - Batch:[703] Adversarial images for this batch already exist
2026-01-22 21:22:07,759 - ADV_Generation_eps_1.0_steps_100_Added_Noise_uniform_Eps_40.0_Tau_Type_normal_anchors - INFO - Batch 704/2465: Clean accuracy 0.9915 | Adv accuracy: 0.0213 | Counter-attack accuracy: 0.9901
2026-01-22 21:22:07,761 - ADV_Generation_eps_1.0_steps_100_Added_Noise_uniform_Eps_40.0_Tau_Type_normal_anchors - INFO - Batch:[704] Adversarial images for this batch already exist
2026-01-22 21:22:08,082 - ADV_Generation_eps_1.0_steps_100_Added_Noise_uniform_Eps_40.0_Tau_Type_normal_anchors - INFO - Batch 705/2465: Clean accuracy 0.9915 | Adv accuracy: 0.0213 | Counter-attack accuracy: 0.9901
2026-01-22 21:22:08,083 - ADV_Generation_eps_1.0_steps_100_Added_Noise_uniform_Eps_40.0_Tau_Type_normal_anchors - INFO - Batch:[705] Adversarial images for this batch already exist
2026-01-22 21:22:08,405 - ADV_Generation_eps_1.0_steps_100_Added_Noise_uniform_Eps_40.0_Tau_Type_normal_anchors - INFO - Batch 706/2465: Clean accuracy 0.9915 | Adv accuracy: 0.0212 | Counter-attack accuracy: 0.9901
2026-01-22 21:22:08,405 - ADV_Generation_eps_1.0_steps_100_Added_Noise_uniform_Eps_40.0_Tau_Type_normal_anchors - INFO - Batch:[706] Adversarial images for this batch already exist
2026-01-22 21:22:08,730 - ADV_Generation_eps_1.0_steps_100_Added_Noise_uniform_Eps_40.0_Tau_Type_normal_anchors - INFO - Batch 707/2465: Clean accuracy 0.9915 | Adv accuracy: 0.0212 | Counter-attack accuracy: 0.9901
2026-01-22 21:22:08,731 - ADV_Generation_eps_1.0_steps_100_Added_Noise_uniform_Eps_40.0_Tau_Type_normal_anchors - INFO - Batch:[707] Adversarial images for this batch already exist
2026-01-22 21:22:09,091 - ADV_Generation_eps_1.0_steps_100_Added_Noise_uniform_Eps_40.0_Tau_Type_normal_anchors - INFO - Batch 708/2465: Clean accuracy 0.9901 | Adv accuracy: 0.0212 | Counter-attack accuracy: 0.9887
2026-01-22 21:22:09,092 - ADV_Generation_eps_1.0_steps_100_Added_Noise_uniform_Eps_40.0_Tau_Type_normal_anchors - INFO - Batch:[708] Adversarial images for this batch already exist
2026-01-22 21:22:09,411 - ADV_Generation_eps_1.0_steps_100_Added_Noise_uniform_Eps_40.0_Tau_Type_normal_anchors - INFO - Batch 709/2465: Clean accuracy 0.9901 | Adv accuracy: 0.0212 | Counter-attack accuracy: 0.9887
2026-01-22 21:22:09,412 - ADV_Generation_eps_1.0_steps_100_Added_Noise_uniform_Eps_40.0_Tau_Type_normal_anchors - INFO - Batch:[709] Adversarial images for this batch already exist
2026-01-22 21:22:09,738 - ADV_Generation_eps_1.0_steps_100_Added_Noise_uniform_Eps_40.0_Tau_Type_normal_anchors - INFO - Batch 710/2465: Clean accuracy 0.9901 | Adv accuracy: 0.0211 | Counter-attack accuracy: 0.9887
2026-01-22 21:22:09,739 - ADV_Generation_eps_1.0_steps_100_Added_Noise_uniform_Eps_40.0_Tau_Type_normal_anchors - INFO - Batch:[710] Adversarial images for this batch already exist
2026-01-22 21:22:10,061 - ADV_Generation_eps_1.0_steps_100_Added_Noise_uniform_Eps_40.0_Tau_Type_normal_anchors - INFO - Batch 711/2465: Clean accuracy 0.9902 | Adv accuracy: 0.0211 | Counter-attack accuracy: 0.9887
2026-01-22 21:22:10,062 - ADV_Generation_eps_1.0_steps_100_Added_Noise_uniform_Eps_40.0_Tau_Type_normal_anchors - INFO - Batch:[711] Adversarial images for this batch already exist
2026-01-22 21:22:10,388 - ADV_Generation_eps_1.0_steps_100_Added_Noise_uniform_Eps_40.0_Tau_Type_normal_anchors - INFO - Batch 712/2465: Clean accuracy 0.9902 | Adv accuracy: 0.0211 | Counter-attack accuracy: 0.9888
2026-01-22 21:22:10,389 - ADV_Generation_eps_1.0_steps_100_Added_Noise_uniform_Eps_40.0_Tau_Type_normal_anchors - INFO - Batch:[712] Adversarial images for this batch already exist
2026-01-22 21:22:10,716 - ADV_Generation_eps_1.0_steps_100_Added_Noise_uniform_Eps_40.0_Tau_Type_normal_anchors - INFO - Batch 713/2465: Clean accuracy 0.9902 | Adv accuracy: 0.0210 | Counter-attack accuracy: 0.9888
2026-01-22 21:22:10,717 - ADV_Generation_eps_1.0_steps_100_Added_Noise_uniform_Eps_40.0_Tau_Type_normal_anchors - INFO - Batch:[713] Adversarial images for this batch already exist
2026-01-22 21:22:11,042 - ADV_Generation_eps_1.0_steps_100_Added_Noise_uniform_Eps_40.0_Tau_Type_normal_anchors - INFO - Batch 714/2465: Clean accuracy 0.9902 | Adv accuracy: 0.0210 | Counter-attack accuracy: 0.9888
2026-01-22 21:22:11,043 - ADV_Generation_eps_1.0_steps_100_Added_Noise_uniform_Eps_40.0_Tau_Type_normal_anchors - INFO - Batch:[714] Adversarial images for this batch already exist
2026-01-22 21:22:11,364 - ADV_Generation_eps_1.0_steps_100_Added_Noise_uniform_Eps_40.0_Tau_Type_normal_anchors - INFO - Batch 715/2465: Clean accuracy 0.9902 | Adv accuracy: 0.0210 | Counter-attack accuracy: 0.9888
2026-01-22 21:22:11,365 - ADV_Generation_eps_1.0_steps_100_Added_Noise_uniform_Eps_40.0_Tau_Type_normal_anchors - INFO - Batch:[715] Adversarial images for this batch already exist
2026-01-22 21:22:11,688 - ADV_Generation_eps_1.0_steps_100_Added_Noise_uniform_Eps_40.0_Tau_Type_normal_anchors - INFO - Batch 716/2465: Clean accuracy 0.9902 | Adv accuracy: 0.0209 | Counter-attack accuracy: 0.9888
2026-01-22 21:22:11,689 - ADV_Generation_eps_1.0_steps_100_Added_Noise_uniform_Eps_40.0_Tau_Type_normal_anchors - INFO - Batch:[716] Adversarial images for this batch already exist
2026-01-22 21:22:12,012 - ADV_Generation_eps_1.0_steps_100_Added_Noise_uniform_Eps_40.0_Tau_Type_normal_anchors - INFO - Batch 717/2465: Clean accuracy 0.9902 | Adv accuracy: 0.0209 | Counter-attack accuracy: 0.9888
2026-01-22 21:22:12,013 - ADV_Generation_eps_1.0_steps_100_Added_Noise_uniform_Eps_40.0_Tau_Type_normal_anchors - INFO - Batch:[717] Adversarial images for this batch already exist
2026-01-22 21:22:12,340 - ADV_Generation_eps_1.0_steps_100_Added_Noise_uniform_Eps_40.0_Tau_Type_normal_anchors - INFO - Batch 718/2465: Clean accuracy 0.9903 | Adv accuracy: 0.0209 | Counter-attack accuracy: 0.9889
2026-01-22 21:22:12,341 - ADV_Generation_eps_1.0_steps_100_Added_Noise_uniform_Eps_40.0_Tau_Type_normal_anchors - INFO - Batch:[718] Adversarial images for this batch already exist
2026-01-22 21:22:12,669 - ADV_Generation_eps_1.0_steps_100_Added_Noise_uniform_Eps_40.0_Tau_Type_normal_anchors - INFO - Batch 719/2465: Clean accuracy 0.9903 | Adv accuracy: 0.0209 | Counter-attack accuracy: 0.9889
2026-01-22 21:22:12,670 - ADV_Generation_eps_1.0_steps_100_Added_Noise_uniform_Eps_40.0_Tau_Type_normal_anchors - INFO - Batch:[719] Adversarial images for this batch already exist
2026-01-22 21:22:12,991 - ADV_Generation_eps_1.0_steps_100_Added_Noise_uniform_Eps_40.0_Tau_Type_normal_anchors - INFO - Batch 720/2465: Clean accuracy 0.9903 | Adv accuracy: 0.0208 | Counter-attack accuracy: 0.9889
2026-01-22 21:22:12,992 - ADV_Generation_eps_1.0_steps_100_Added_Noise_uniform_Eps_40.0_Tau_Type_normal_anchors - INFO - Batch:[720] Adversarial images for this batch already exist
2026-01-22 21:22:13,322 - ADV_Generation_eps_1.0_steps_100_Added_Noise_uniform_Eps_40.0_Tau_Type_normal_anchors - INFO - Batch 721/2465: Clean accuracy 0.9903 | Adv accuracy: 0.0208 | Counter-attack accuracy: 0.9889
2026-01-22 21:22:13,324 - ADV_Generation_eps_1.0_steps_100_Added_Noise_uniform_Eps_40.0_Tau_Type_normal_anchors - INFO - Batch:[721] Adversarial images for this batch already exist
2026-01-22 21:22:13,645 - ADV_Generation_eps_1.0_steps_100_Added_Noise_uniform_Eps_40.0_Tau_Type_normal_anchors - INFO - Batch 722/2465: Clean accuracy 0.9903 | Adv accuracy: 0.0208 | Counter-attack accuracy: 0.9889
2026-01-22 21:22:13,646 - ADV_Generation_eps_1.0_steps_100_Added_Noise_uniform_Eps_40.0_Tau_Type_normal_anchors - INFO - Batch:[722] Adversarial images for this batch already exist
2026-01-22 21:22:13,968 - ADV_Generation_eps_1.0_steps_100_Added_Noise_uniform_Eps_40.0_Tau_Type_normal_anchors - INFO - Batch 723/2465: Clean accuracy 0.9903 | Adv accuracy: 0.0207 | Counter-attack accuracy: 0.9889
2026-01-22 21:22:13,969 - ADV_Generation_eps_1.0_steps_100_Added_Noise_uniform_Eps_40.0_Tau_Type_normal_anchors - INFO - Batch:[723] Adversarial images for this batch already exist
2026-01-22 21:22:14,291 - ADV_Generation_eps_1.0_steps_100_Added_Noise_uniform_Eps_40.0_Tau_Type_normal_anchors - INFO - Batch 724/2465: Clean accuracy 0.9903 | Adv accuracy: 0.0207 | Counter-attack accuracy: 0.9890
2026-01-22 21:22:14,292 - ADV_Generation_eps_1.0_steps_100_Added_Noise_uniform_Eps_40.0_Tau_Type_normal_anchors - INFO - Batch:[724] Adversarial images for this batch already exist
2026-01-22 21:22:14,611 - ADV_Generation_eps_1.0_steps_100_Added_Noise_uniform_Eps_40.0_Tau_Type_normal_anchors - INFO - Batch 725/2465: Clean accuracy 0.9903 | Adv accuracy: 0.0207 | Counter-attack accuracy: 0.9890
2026-01-22 21:22:14,612 - ADV_Generation_eps_1.0_steps_100_Added_Noise_uniform_Eps_40.0_Tau_Type_normal_anchors - INFO - Batch:[725] Adversarial images for this batch already exist
2026-01-22 21:22:14,945 - ADV_Generation_eps_1.0_steps_100_Added_Noise_uniform_Eps_40.0_Tau_Type_normal_anchors - INFO - Batch 726/2465: Clean accuracy 0.9904 | Adv accuracy: 0.0207 | Counter-attack accuracy: 0.9890
2026-01-22 21:22:14,946 - ADV_Generation_eps_1.0_steps_100_Added_Noise_uniform_Eps_40.0_Tau_Type_normal_anchors - INFO - Batch:[726] Adversarial images for this batch already exist
2026-01-22 21:22:15,270 - ADV_Generation_eps_1.0_steps_100_Added_Noise_uniform_Eps_40.0_Tau_Type_normal_anchors - INFO - Batch 727/2465: Clean accuracy 0.9904 | Adv accuracy: 0.0206 | Counter-attack accuracy: 0.9890
2026-01-22 21:22:15,271 - ADV_Generation_eps_1.0_steps_100_Added_Noise_uniform_Eps_40.0_Tau_Type_normal_anchors - INFO - Batch:[727] Adversarial images for this batch already exist
2026-01-22 21:22:15,656 - ADV_Generation_eps_1.0_steps_100_Added_Noise_uniform_Eps_40.0_Tau_Type_normal_anchors - INFO - Batch 728/2465: Clean accuracy 0.9904 | Adv accuracy: 0.0206 | Counter-attack accuracy: 0.9890
2026-01-22 21:22:15,657 - ADV_Generation_eps_1.0_steps_100_Added_Noise_uniform_Eps_40.0_Tau_Type_normal_anchors - INFO - Batch:[728] Adversarial images for this batch already exist
2026-01-22 21:22:15,982 - ADV_Generation_eps_1.0_steps_100_Added_Noise_uniform_Eps_40.0_Tau_Type_normal_anchors - INFO - Batch 729/2465: Clean accuracy 0.9904 | Adv accuracy: 0.0206 | Counter-attack accuracy: 0.9890
2026-01-22 21:22:15,983 - ADV_Generation_eps_1.0_steps_100_Added_Noise_uniform_Eps_40.0_Tau_Type_normal_anchors - INFO - Batch:[729] Adversarial images for this batch already exist
2026-01-22 21:22:16,309 - ADV_Generation_eps_1.0_steps_100_Added_Noise_uniform_Eps_40.0_Tau_Type_normal_anchors - INFO - Batch 730/2465: Clean accuracy 0.9904 | Adv accuracy: 0.0205 | Counter-attack accuracy: 0.9890
2026-01-22 21:22:16,310 - ADV_Generation_eps_1.0_steps_100_Added_Noise_uniform_Eps_40.0_Tau_Type_normal_anchors - INFO - Batch:[730] Adversarial images for this batch already exist
2026-01-22 21:22:16,636 - ADV_Generation_eps_1.0_steps_100_Added_Noise_uniform_Eps_40.0_Tau_Type_normal_anchors - INFO - Batch 731/2465: Clean accuracy 0.9904 | Adv accuracy: 0.0205 | Counter-attack accuracy: 0.9891
2026-01-22 21:22:16,637 - ADV_Generation_eps_1.0_steps_100_Added_Noise_uniform_Eps_40.0_Tau_Type_normal_anchors - INFO - Batch:[731] Adversarial images for this batch already exist
2026-01-22 21:22:16,960 - ADV_Generation_eps_1.0_steps_100_Added_Noise_uniform_Eps_40.0_Tau_Type_normal_anchors - INFO - Batch 732/2465: Clean accuracy 0.9904 | Adv accuracy: 0.0205 | Counter-attack accuracy: 0.9891
2026-01-22 21:22:16,961 - ADV_Generation_eps_1.0_steps_100_Added_Noise_uniform_Eps_40.0_Tau_Type_normal_anchors - INFO - Batch:[732] Adversarial images for this batch already exist
2026-01-22 21:22:17,285 - ADV_Generation_eps_1.0_steps_100_Added_Noise_uniform_Eps_40.0_Tau_Type_normal_anchors - INFO - Batch 733/2465: Clean accuracy 0.9905 | Adv accuracy: 0.0205 | Counter-attack accuracy: 0.9891
2026-01-22 21:22:17,286 - ADV_Generation_eps_1.0_steps_100_Added_Noise_uniform_Eps_40.0_Tau_Type_normal_anchors - INFO - Batch:[733] Adversarial images for this batch already exist
2026-01-22 21:22:17,615 - ADV_Generation_eps_1.0_steps_100_Added_Noise_uniform_Eps_40.0_Tau_Type_normal_anchors - INFO - Batch 734/2465: Clean accuracy 0.9905 | Adv accuracy: 0.0204 | Counter-attack accuracy: 0.9891
2026-01-22 21:22:17,615 - ADV_Generation_eps_1.0_steps_100_Added_Noise_uniform_Eps_40.0_Tau_Type_normal_anchors - INFO - Batch:[734] Adversarial images for this batch already exist
2026-01-22 21:22:17,973 - ADV_Generation_eps_1.0_steps_100_Added_Noise_uniform_Eps_40.0_Tau_Type_normal_anchors - INFO - Batch 735/2465: Clean accuracy 0.9905 | Adv accuracy: 0.0204 | Counter-attack accuracy: 0.9891
2026-01-22 21:22:17,974 - ADV_Generation_eps_1.0_steps_100_Added_Noise_uniform_Eps_40.0_Tau_Type_normal_anchors - INFO - Batch:[735] Adversarial images for this batch already exist
2026-01-22 21:22:18,295 - ADV_Generation_eps_1.0_steps_100_Added_Noise_uniform_Eps_40.0_Tau_Type_normal_anchors - INFO - Batch 736/2465: Clean accuracy 0.9905 | Adv accuracy: 0.0204 | Counter-attack accuracy: 0.9891
2026-01-22 21:22:18,296 - ADV_Generation_eps_1.0_steps_100_Added_Noise_uniform_Eps_40.0_Tau_Type_normal_anchors - INFO - Batch:[736] Adversarial images for this batch already exist
2026-01-22 21:22:18,637 - ADV_Generation_eps_1.0_steps_100_Added_Noise_uniform_Eps_40.0_Tau_Type_normal_anchors - INFO - Batch 737/2465: Clean accuracy 0.9905 | Adv accuracy: 0.0204 | Counter-attack accuracy: 0.9891
2026-01-22 21:22:18,638 - ADV_Generation_eps_1.0_steps_100_Added_Noise_uniform_Eps_40.0_Tau_Type_normal_anchors - INFO - Batch:[737] Adversarial images for this batch already exist
2026-01-22 21:22:18,961 - ADV_Generation_eps_1.0_steps_100_Added_Noise_uniform_Eps_40.0_Tau_Type_normal_anchors - INFO - Batch 738/2465: Clean accuracy 0.9905 | Adv accuracy: 0.0203 | Counter-attack accuracy: 0.9892
2026-01-22 21:22:18,961 - ADV_Generation_eps_1.0_steps_100_Added_Noise_uniform_Eps_40.0_Tau_Type_normal_anchors - INFO - Batch:[738] Adversarial images for this batch already exist
2026-01-22 21:22:19,324 - ADV_Generation_eps_1.0_steps_100_Added_Noise_uniform_Eps_40.0_Tau_Type_normal_anchors - INFO - Batch 739/2465: Clean accuracy 0.9905 | Adv accuracy: 0.0203 | Counter-attack accuracy: 0.9892
2026-01-22 21:22:19,325 - ADV_Generation_eps_1.0_steps_100_Added_Noise_uniform_Eps_40.0_Tau_Type_normal_anchors - INFO - Batch:[739] Adversarial images for this batch already exist
2026-01-22 21:22:19,664 - ADV_Generation_eps_1.0_steps_100_Added_Noise_uniform_Eps_40.0_Tau_Type_normal_anchors - INFO - Batch 740/2465: Clean accuracy 0.9905 | Adv accuracy: 0.0203 | Counter-attack accuracy: 0.9892
2026-01-22 21:22:19,665 - ADV_Generation_eps_1.0_steps_100_Added_Noise_uniform_Eps_40.0_Tau_Type_normal_anchors - INFO - Batch:[740] Adversarial images for this batch already exist
2026-01-22 21:22:19,988 - ADV_Generation_eps_1.0_steps_100_Added_Noise_uniform_Eps_40.0_Tau_Type_normal_anchors - INFO - Batch 741/2465: Clean accuracy 0.9906 | Adv accuracy: 0.0202 | Counter-attack accuracy: 0.9892
2026-01-22 21:22:19,989 - ADV_Generation_eps_1.0_steps_100_Added_Noise_uniform_Eps_40.0_Tau_Type_normal_anchors - INFO - Batch:[741] Adversarial images for this batch already exist
2026-01-22 21:22:20,324 - ADV_Generation_eps_1.0_steps_100_Added_Noise_uniform_Eps_40.0_Tau_Type_normal_anchors - INFO - Batch 742/2465: Clean accuracy 0.9906 | Adv accuracy: 0.0202 | Counter-attack accuracy: 0.9892
2026-01-22 21:22:20,324 - ADV_Generation_eps_1.0_steps_100_Added_Noise_uniform_Eps_40.0_Tau_Type_normal_anchors - INFO - Batch:[742] Adversarial images for this batch already exist
2026-01-22 21:22:20,644 - ADV_Generation_eps_1.0_steps_100_Added_Noise_uniform_Eps_40.0_Tau_Type_normal_anchors - INFO - Batch 743/2465: Clean accuracy 0.9906 | Adv accuracy: 0.0202 | Counter-attack accuracy: 0.9892
2026-01-22 21:22:20,645 - ADV_Generation_eps_1.0_steps_100_Added_Noise_uniform_Eps_40.0_Tau_Type_normal_anchors - INFO - Batch:[743] Adversarial images for this batch already exist
2026-01-22 21:22:20,978 - ADV_Generation_eps_1.0_steps_100_Added_Noise_uniform_Eps_40.0_Tau_Type_normal_anchors - INFO - Batch 744/2465: Clean accuracy 0.9906 | Adv accuracy: 0.0202 | Counter-attack accuracy: 0.9892
2026-01-22 21:22:20,979 - ADV_Generation_eps_1.0_steps_100_Added_Noise_uniform_Eps_40.0_Tau_Type_normal_anchors - INFO - Batch:[744] Adversarial images for this batch already exist
2026-01-22 21:22:21,306 - ADV_Generation_eps_1.0_steps_100_Added_Noise_uniform_Eps_40.0_Tau_Type_normal_anchors - INFO - Batch 745/2465: Clean accuracy 0.9906 | Adv accuracy: 0.0201 | Counter-attack accuracy: 0.9893
2026-01-22 21:22:21,307 - ADV_Generation_eps_1.0_steps_100_Added_Noise_uniform_Eps_40.0_Tau_Type_normal_anchors - INFO - Batch:[745] Adversarial images for this batch already exist
2026-01-22 21:22:21,640 - ADV_Generation_eps_1.0_steps_100_Added_Noise_uniform_Eps_40.0_Tau_Type_normal_anchors - INFO - Batch 746/2465: Clean accuracy 0.9906 | Adv accuracy: 0.0201 | Counter-attack accuracy: 0.9893
2026-01-22 21:22:21,641 - ADV_Generation_eps_1.0_steps_100_Added_Noise_uniform_Eps_40.0_Tau_Type_normal_anchors - INFO - Batch:[746] Adversarial images for this batch already exist
2026-01-22 21:22:21,996 - ADV_Generation_eps_1.0_steps_100_Added_Noise_uniform_Eps_40.0_Tau_Type_normal_anchors - INFO - Batch 747/2465: Clean accuracy 0.9906 | Adv accuracy: 0.0201 | Counter-attack accuracy: 0.9893
2026-01-22 21:22:21,996 - ADV_Generation_eps_1.0_steps_100_Added_Noise_uniform_Eps_40.0_Tau_Type_normal_anchors - INFO - Batch:[747] Adversarial images for this batch already exist
2026-01-22 21:22:22,323 - ADV_Generation_eps_1.0_steps_100_Added_Noise_uniform_Eps_40.0_Tau_Type_normal_anchors - INFO - Batch 748/2465: Clean accuracy 0.9906 | Adv accuracy: 0.0201 | Counter-attack accuracy: 0.9893
2026-01-22 21:22:22,323 - ADV_Generation_eps_1.0_steps_100_Added_Noise_uniform_Eps_40.0_Tau_Type_normal_anchors - INFO - Batch:[748] Adversarial images for this batch already exist
2026-01-22 21:22:22,659 - ADV_Generation_eps_1.0_steps_100_Added_Noise_uniform_Eps_40.0_Tau_Type_normal_anchors - INFO - Batch 749/2465: Clean accuracy 0.9907 | Adv accuracy: 0.0200 | Counter-attack accuracy: 0.9893
2026-01-22 21:22:22,660 - ADV_Generation_eps_1.0_steps_100_Added_Noise_uniform_Eps_40.0_Tau_Type_normal_anchors - INFO - Batch:[749] Adversarial images for this batch already exist
2026-01-22 21:22:22,980 - ADV_Generation_eps_1.0_steps_100_Added_Noise_uniform_Eps_40.0_Tau_Type_normal_anchors - INFO - Batch 750/2465: Clean accuracy 0.9907 | Adv accuracy: 0.0200 | Counter-attack accuracy: 0.9893
2026-01-22 21:22:22,980 - ADV_Generation_eps_1.0_steps_100_Added_Noise_uniform_Eps_40.0_Tau_Type_normal_anchors - INFO - Batch:[750] Adversarial images for this batch already exist
2026-01-22 21:22:23,305 - ADV_Generation_eps_1.0_steps_100_Added_Noise_uniform_Eps_40.0_Tau_Type_normal_anchors - INFO - Batch 751/2465: Clean accuracy 0.9907 | Adv accuracy: 0.0200 | Counter-attack accuracy: 0.9893
2026-01-22 21:22:23,306 - ADV_Generation_eps_1.0_steps_100_Added_Noise_uniform_Eps_40.0_Tau_Type_normal_anchors - INFO - Batch:[751] Adversarial images for this batch already exist
2026-01-22 21:22:23,629 - ADV_Generation_eps_1.0_steps_100_Added_Noise_uniform_Eps_40.0_Tau_Type_normal_anchors - INFO - Batch 752/2465: Clean accuracy 0.9907 | Adv accuracy: 0.0199 | Counter-attack accuracy: 0.9880
2026-01-22 21:22:23,630 - ADV_Generation_eps_1.0_steps_100_Added_Noise_uniform_Eps_40.0_Tau_Type_normal_anchors - INFO - Batch:[752] Adversarial images for this batch already exist
2026-01-22 21:22:23,952 - ADV_Generation_eps_1.0_steps_100_Added_Noise_uniform_Eps_40.0_Tau_Type_normal_anchors - INFO - Batch 753/2465: Clean accuracy 0.9907 | Adv accuracy: 0.0199 | Counter-attack accuracy: 0.9880
2026-01-22 21:22:23,953 - ADV_Generation_eps_1.0_steps_100_Added_Noise_uniform_Eps_40.0_Tau_Type_normal_anchors - INFO - Batch:[753] Adversarial images for this batch already exist
2026-01-22 21:22:24,280 - ADV_Generation_eps_1.0_steps_100_Added_Noise_uniform_Eps_40.0_Tau_Type_normal_anchors - INFO - Batch 754/2465: Clean accuracy 0.9907 | Adv accuracy: 0.0199 | Counter-attack accuracy: 0.9881
2026-01-22 21:22:24,281 - ADV_Generation_eps_1.0_steps_100_Added_Noise_uniform_Eps_40.0_Tau_Type_normal_anchors - INFO - Batch:[754] Adversarial images for this batch already exist
2026-01-22 21:22:24,601 - ADV_Generation_eps_1.0_steps_100_Added_Noise_uniform_Eps_40.0_Tau_Type_normal_anchors - INFO - Batch 755/2465: Clean accuracy 0.9894 | Adv accuracy: 0.0199 | Counter-attack accuracy: 0.9868
2026-01-22 21:22:24,601 - ADV_Generation_eps_1.0_steps_100_Added_Noise_uniform_Eps_40.0_Tau_Type_normal_anchors - INFO - Batch:[755] Adversarial images for this batch already exist
2026-01-22 21:22:24,923 - ADV_Generation_eps_1.0_steps_100_Added_Noise_uniform_Eps_40.0_Tau_Type_normal_anchors - INFO - Batch 756/2465: Clean accuracy 0.9894 | Adv accuracy: 0.0198 | Counter-attack accuracy: 0.9868
2026-01-22 21:22:24,924 - ADV_Generation_eps_1.0_steps_100_Added_Noise_uniform_Eps_40.0_Tau_Type_normal_anchors - INFO - Batch:[756] Adversarial images for this batch already exist
2026-01-22 21:22:25,245 - ADV_Generation_eps_1.0_steps_100_Added_Noise_uniform_Eps_40.0_Tau_Type_normal_anchors - INFO - Batch 757/2465: Clean accuracy 0.9894 | Adv accuracy: 0.0198 | Counter-attack accuracy: 0.9868
2026-01-22 21:22:25,246 - ADV_Generation_eps_1.0_steps_100_Added_Noise_uniform_Eps_40.0_Tau_Type_normal_anchors - INFO - Batch:[757] Adversarial images for this batch already exist
2026-01-22 21:22:25,575 - ADV_Generation_eps_1.0_steps_100_Added_Noise_uniform_Eps_40.0_Tau_Type_normal_anchors - INFO - Batch 758/2465: Clean accuracy 0.9894 | Adv accuracy: 0.0198 | Counter-attack accuracy: 0.9868
2026-01-22 21:22:25,576 - ADV_Generation_eps_1.0_steps_100_Added_Noise_uniform_Eps_40.0_Tau_Type_normal_anchors - INFO - Batch:[758] Adversarial images for this batch already exist
2026-01-22 21:22:25,911 - ADV_Generation_eps_1.0_steps_100_Added_Noise_uniform_Eps_40.0_Tau_Type_normal_anchors - INFO - Batch 759/2465: Clean accuracy 0.9895 | Adv accuracy: 0.0198 | Counter-attack accuracy: 0.9868
2026-01-22 21:22:25,911 - ADV_Generation_eps_1.0_steps_100_Added_Noise_uniform_Eps_40.0_Tau_Type_normal_anchors - INFO - Batch:[759] Adversarial images for this batch already exist
2026-01-22 21:22:26,240 - ADV_Generation_eps_1.0_steps_100_Added_Noise_uniform_Eps_40.0_Tau_Type_normal_anchors - INFO - Batch 760/2465: Clean accuracy 0.9895 | Adv accuracy: 0.0197 | Counter-attack accuracy: 0.9868
2026-01-22 21:22:26,241 - ADV_Generation_eps_1.0_steps_100_Added_Noise_uniform_Eps_40.0_Tau_Type_normal_anchors - INFO - Batch:[760] Adversarial images for this batch already exist
2026-01-22 21:22:26,569 - ADV_Generation_eps_1.0_steps_100_Added_Noise_uniform_Eps_40.0_Tau_Type_normal_anchors - INFO - Batch 761/2465: Clean accuracy 0.9895 | Adv accuracy: 0.0197 | Counter-attack accuracy: 0.9869
2026-01-22 21:22:26,571 - ADV_Generation_eps_1.0_steps_100_Added_Noise_uniform_Eps_40.0_Tau_Type_normal_anchors - INFO - Batch:[761] Adversarial images for this batch already exist
2026-01-22 21:22:26,902 - ADV_Generation_eps_1.0_steps_100_Added_Noise_uniform_Eps_40.0_Tau_Type_normal_anchors - INFO - Batch 762/2465: Clean accuracy 0.9895 | Adv accuracy: 0.0197 | Counter-attack accuracy: 0.9869
2026-01-22 21:22:26,903 - ADV_Generation_eps_1.0_steps_100_Added_Noise_uniform_Eps_40.0_Tau_Type_normal_anchors - INFO - Batch:[762] Adversarial images for this batch already exist
2026-01-22 21:22:27,272 - ADV_Generation_eps_1.0_steps_100_Added_Noise_uniform_Eps_40.0_Tau_Type_normal_anchors - INFO - Batch 763/2465: Clean accuracy 0.9895 | Adv accuracy: 0.0197 | Counter-attack accuracy: 0.9869
2026-01-22 21:22:27,273 - ADV_Generation_eps_1.0_steps_100_Added_Noise_uniform_Eps_40.0_Tau_Type_normal_anchors - INFO - Batch:[763] Adversarial images for this batch already exist
2026-01-22 21:22:27,600 - ADV_Generation_eps_1.0_steps_100_Added_Noise_uniform_Eps_40.0_Tau_Type_normal_anchors - INFO - Batch 764/2465: Clean accuracy 0.9895 | Adv accuracy: 0.0196 | Counter-attack accuracy: 0.9869
2026-01-22 21:22:27,602 - ADV_Generation_eps_1.0_steps_100_Added_Noise_uniform_Eps_40.0_Tau_Type_normal_anchors - INFO - Batch:[764] Adversarial images for this batch already exist
2026-01-22 21:22:27,927 - ADV_Generation_eps_1.0_steps_100_Added_Noise_uniform_Eps_40.0_Tau_Type_normal_anchors - INFO - Batch 765/2465: Clean accuracy 0.9895 | Adv accuracy: 0.0196 | Counter-attack accuracy: 0.9869
2026-01-22 21:22:27,929 - ADV_Generation_eps_1.0_steps_100_Added_Noise_uniform_Eps_40.0_Tau_Type_normal_anchors - INFO - Batch:[765] Adversarial images for this batch already exist
2026-01-22 21:22:28,255 - ADV_Generation_eps_1.0_steps_100_Added_Noise_uniform_Eps_40.0_Tau_Type_normal_anchors - INFO - Batch 766/2465: Clean accuracy 0.9896 | Adv accuracy: 0.0196 | Counter-attack accuracy: 0.9869
2026-01-22 21:22:28,256 - ADV_Generation_eps_1.0_steps_100_Added_Noise_uniform_Eps_40.0_Tau_Type_normal_anchors - INFO - Batch:[766] Adversarial images for this batch already exist
2026-01-22 21:22:28,579 - ADV_Generation_eps_1.0_steps_100_Added_Noise_uniform_Eps_40.0_Tau_Type_normal_anchors - INFO - Batch 767/2465: Clean accuracy 0.9896 | Adv accuracy: 0.0196 | Counter-attack accuracy: 0.9870
2026-01-22 21:22:28,580 - ADV_Generation_eps_1.0_steps_100_Added_Noise_uniform_Eps_40.0_Tau_Type_normal_anchors - INFO - Batch:[767] Adversarial images for this batch already exist
2026-01-22 21:22:28,903 - ADV_Generation_eps_1.0_steps_100_Added_Noise_uniform_Eps_40.0_Tau_Type_normal_anchors - INFO - Batch 768/2465: Clean accuracy 0.9896 | Adv accuracy: 0.0195 | Counter-attack accuracy: 0.9870
2026-01-22 21:22:28,904 - ADV_Generation_eps_1.0_steps_100_Added_Noise_uniform_Eps_40.0_Tau_Type_normal_anchors - INFO - Batch:[768] Adversarial images for this batch already exist
2026-01-22 21:22:29,247 - ADV_Generation_eps_1.0_steps_100_Added_Noise_uniform_Eps_40.0_Tau_Type_normal_anchors - INFO - Batch 769/2465: Clean accuracy 0.9896 | Adv accuracy: 0.0195 | Counter-attack accuracy: 0.9870
2026-01-22 21:22:29,248 - ADV_Generation_eps_1.0_steps_100_Added_Noise_uniform_Eps_40.0_Tau_Type_normal_anchors - INFO - Batch:[769] Adversarial images for this batch already exist
2026-01-22 21:22:29,572 - ADV_Generation_eps_1.0_steps_100_Added_Noise_uniform_Eps_40.0_Tau_Type_normal_anchors - INFO - Batch 770/2465: Clean accuracy 0.9896 | Adv accuracy: 0.0195 | Counter-attack accuracy: 0.9870
2026-01-22 21:22:29,572 - ADV_Generation_eps_1.0_steps_100_Added_Noise_uniform_Eps_40.0_Tau_Type_normal_anchors - INFO - Batch:[770] Adversarial images for this batch already exist
2026-01-22 21:22:29,909 - ADV_Generation_eps_1.0_steps_100_Added_Noise_uniform_Eps_40.0_Tau_Type_normal_anchors - INFO - Batch 771/2465: Clean accuracy 0.9896 | Adv accuracy: 0.0195 | Counter-attack accuracy: 0.9870
2026-01-22 21:22:29,909 - ADV_Generation_eps_1.0_steps_100_Added_Noise_uniform_Eps_40.0_Tau_Type_normal_anchors - INFO - Batch:[771] Adversarial images for this batch already exist
2026-01-22 21:22:30,234 - ADV_Generation_eps_1.0_steps_100_Added_Noise_uniform_Eps_40.0_Tau_Type_normal_anchors - INFO - Batch 772/2465: Clean accuracy 0.9896 | Adv accuracy: 0.0194 | Counter-attack accuracy: 0.9870
2026-01-22 21:22:30,234 - ADV_Generation_eps_1.0_steps_100_Added_Noise_uniform_Eps_40.0_Tau_Type_normal_anchors - INFO - Batch:[772] Adversarial images for this batch already exist
2026-01-22 21:22:30,559 - ADV_Generation_eps_1.0_steps_100_Added_Noise_uniform_Eps_40.0_Tau_Type_normal_anchors - INFO - Batch 773/2465: Clean accuracy 0.9897 | Adv accuracy: 0.0194 | Counter-attack accuracy: 0.9871
2026-01-22 21:22:30,560 - ADV_Generation_eps_1.0_steps_100_Added_Noise_uniform_Eps_40.0_Tau_Type_normal_anchors - INFO - Batch:[773] Adversarial images for this batch already exist
2026-01-22 21:22:30,888 - ADV_Generation_eps_1.0_steps_100_Added_Noise_uniform_Eps_40.0_Tau_Type_normal_anchors - INFO - Batch 774/2465: Clean accuracy 0.9897 | Adv accuracy: 0.0194 | Counter-attack accuracy: 0.9871
2026-01-22 21:22:30,890 - ADV_Generation_eps_1.0_steps_100_Added_Noise_uniform_Eps_40.0_Tau_Type_normal_anchors - INFO - Batch:[774] Adversarial images for this batch already exist
2026-01-22 21:22:31,210 - ADV_Generation_eps_1.0_steps_100_Added_Noise_uniform_Eps_40.0_Tau_Type_normal_anchors - INFO - Batch 775/2465: Clean accuracy 0.9897 | Adv accuracy: 0.0194 | Counter-attack accuracy: 0.9871
2026-01-22 21:22:31,211 - ADV_Generation_eps_1.0_steps_100_Added_Noise_uniform_Eps_40.0_Tau_Type_normal_anchors - INFO - Batch:[775] Adversarial images for this batch already exist
2026-01-22 21:22:31,535 - ADV_Generation_eps_1.0_steps_100_Added_Noise_uniform_Eps_40.0_Tau_Type_normal_anchors - INFO - Batch 776/2465: Clean accuracy 0.9897 | Adv accuracy: 0.0193 | Counter-attack accuracy: 0.9871
2026-01-22 21:22:31,536 - ADV_Generation_eps_1.0_steps_100_Added_Noise_uniform_Eps_40.0_Tau_Type_normal_anchors - INFO - Batch:[776] Adversarial images for this batch already exist
2026-01-22 21:22:31,863 - ADV_Generation_eps_1.0_steps_100_Added_Noise_uniform_Eps_40.0_Tau_Type_normal_anchors - INFO - Batch 777/2465: Clean accuracy 0.9897 | Adv accuracy: 0.0193 | Counter-attack accuracy: 0.9871
2026-01-22 21:22:31,864 - ADV_Generation_eps_1.0_steps_100_Added_Noise_uniform_Eps_40.0_Tau_Type_normal_anchors - INFO - Batch:[777] Adversarial images for this batch already exist
2026-01-22 21:22:32,192 - ADV_Generation_eps_1.0_steps_100_Added_Noise_uniform_Eps_40.0_Tau_Type_normal_anchors - INFO - Batch 778/2465: Clean accuracy 0.9897 | Adv accuracy: 0.0193 | Counter-attack accuracy: 0.9871
2026-01-22 21:22:32,193 - ADV_Generation_eps_1.0_steps_100_Added_Noise_uniform_Eps_40.0_Tau_Type_normal_anchors - INFO - Batch:[778] Adversarial images for this batch already exist
2026-01-22 21:22:32,529 - ADV_Generation_eps_1.0_steps_100_Added_Noise_uniform_Eps_40.0_Tau_Type_normal_anchors - INFO - Batch 779/2465: Clean accuracy 0.9897 | Adv accuracy: 0.0193 | Counter-attack accuracy: 0.9872
2026-01-22 21:22:32,531 - ADV_Generation_eps_1.0_steps_100_Added_Noise_uniform_Eps_40.0_Tau_Type_normal_anchors - INFO - Batch:[779] Adversarial images for this batch already exist
2026-01-22 21:22:32,861 - ADV_Generation_eps_1.0_steps_100_Added_Noise_uniform_Eps_40.0_Tau_Type_normal_anchors - INFO - Batch 780/2465: Clean accuracy 0.9897 | Adv accuracy: 0.0192 | Counter-attack accuracy: 0.9872
2026-01-22 21:22:32,862 - ADV_Generation_eps_1.0_steps_100_Added_Noise_uniform_Eps_40.0_Tau_Type_normal_anchors - INFO - Batch:[780] Adversarial images for this batch already exist
2026-01-22 21:22:33,197 - ADV_Generation_eps_1.0_steps_100_Added_Noise_uniform_Eps_40.0_Tau_Type_normal_anchors - INFO - Batch 781/2465: Clean accuracy 0.9898 | Adv accuracy: 0.0192 | Counter-attack accuracy: 0.9872
2026-01-22 21:22:33,198 - ADV_Generation_eps_1.0_steps_100_Added_Noise_uniform_Eps_40.0_Tau_Type_normal_anchors - INFO - Batch:[781] Adversarial images for this batch already exist
2026-01-22 21:22:33,527 - ADV_Generation_eps_1.0_steps_100_Added_Noise_uniform_Eps_40.0_Tau_Type_normal_anchors - INFO - Batch 782/2465: Clean accuracy 0.9898 | Adv accuracy: 0.0192 | Counter-attack accuracy: 0.9872
2026-01-22 21:22:33,528 - ADV_Generation_eps_1.0_steps_100_Added_Noise_uniform_Eps_40.0_Tau_Type_normal_anchors - INFO - Batch:[782] Adversarial images for this batch already exist
2026-01-22 21:22:33,851 - ADV_Generation_eps_1.0_steps_100_Added_Noise_uniform_Eps_40.0_Tau_Type_normal_anchors - INFO - Batch 783/2465: Clean accuracy 0.9898 | Adv accuracy: 0.0192 | Counter-attack accuracy: 0.9872
2026-01-22 21:22:33,851 - ADV_Generation_eps_1.0_steps_100_Added_Noise_uniform_Eps_40.0_Tau_Type_normal_anchors - INFO - Batch:[783] Adversarial images for this batch already exist
2026-01-22 21:22:34,168 - ADV_Generation_eps_1.0_steps_100_Added_Noise_uniform_Eps_40.0_Tau_Type_normal_anchors - INFO - Batch 784/2465: Clean accuracy 0.9898 | Adv accuracy: 0.0191 | Counter-attack accuracy: 0.9872
2026-01-22 21:22:34,169 - ADV_Generation_eps_1.0_steps_100_Added_Noise_uniform_Eps_40.0_Tau_Type_normal_anchors - INFO - Batch:[784] Adversarial images for this batch already exist
2026-01-22 21:22:34,495 - ADV_Generation_eps_1.0_steps_100_Added_Noise_uniform_Eps_40.0_Tau_Type_normal_anchors - INFO - Batch 785/2465: Clean accuracy 0.9898 | Adv accuracy: 0.0191 | Counter-attack accuracy: 0.9873
2026-01-22 21:22:34,497 - ADV_Generation_eps_1.0_steps_100_Added_Noise_uniform_Eps_40.0_Tau_Type_normal_anchors - INFO - Batch:[785] Adversarial images for this batch already exist
2026-01-22 21:22:34,817 - ADV_Generation_eps_1.0_steps_100_Added_Noise_uniform_Eps_40.0_Tau_Type_normal_anchors - INFO - Batch 786/2465: Clean accuracy 0.9898 | Adv accuracy: 0.0191 | Counter-attack accuracy: 0.9873
2026-01-22 21:22:34,819 - ADV_Generation_eps_1.0_steps_100_Added_Noise_uniform_Eps_40.0_Tau_Type_normal_anchors - INFO - Batch:[786] Adversarial images for this batch already exist
2026-01-22 21:22:35,144 - ADV_Generation_eps_1.0_steps_100_Added_Noise_uniform_Eps_40.0_Tau_Type_normal_anchors - INFO - Batch 787/2465: Clean accuracy 0.9898 | Adv accuracy: 0.0191 | Counter-attack accuracy: 0.9873
2026-01-22 21:22:35,145 - ADV_Generation_eps_1.0_steps_100_Added_Noise_uniform_Eps_40.0_Tau_Type_normal_anchors - INFO - Batch:[787] Adversarial images for this batch already exist
2026-01-22 21:22:35,472 - ADV_Generation_eps_1.0_steps_100_Added_Noise_uniform_Eps_40.0_Tau_Type_normal_anchors - INFO - Batch 788/2465: Clean accuracy 0.9898 | Adv accuracy: 0.0190 | Counter-attack accuracy: 0.9873
2026-01-22 21:22:35,473 - ADV_Generation_eps_1.0_steps_100_Added_Noise_uniform_Eps_40.0_Tau_Type_normal_anchors - INFO - Batch:[788] Adversarial images for this batch already exist
2026-01-22 21:22:35,801 - ADV_Generation_eps_1.0_steps_100_Added_Noise_uniform_Eps_40.0_Tau_Type_normal_anchors - INFO - Batch 789/2465: Clean accuracy 0.9899 | Adv accuracy: 0.0190 | Counter-attack accuracy: 0.9873
2026-01-22 21:22:35,803 - ADV_Generation_eps_1.0_steps_100_Added_Noise_uniform_Eps_40.0_Tau_Type_normal_anchors - INFO - Batch:[789] Adversarial images for this batch already exist
2026-01-22 21:22:36,129 - ADV_Generation_eps_1.0_steps_100_Added_Noise_uniform_Eps_40.0_Tau_Type_normal_anchors - INFO - Batch 790/2465: Clean accuracy 0.9899 | Adv accuracy: 0.0190 | Counter-attack accuracy: 0.9873
2026-01-22 21:22:36,131 - ADV_Generation_eps_1.0_steps_100_Added_Noise_uniform_Eps_40.0_Tau_Type_normal_anchors - INFO - Batch:[790] Adversarial images for this batch already exist
2026-01-22 21:22:36,457 - ADV_Generation_eps_1.0_steps_100_Added_Noise_uniform_Eps_40.0_Tau_Type_normal_anchors - INFO - Batch 791/2465: Clean accuracy 0.9899 | Adv accuracy: 0.0190 | Counter-attack accuracy: 0.9874
2026-01-22 21:22:36,458 - ADV_Generation_eps_1.0_steps_100_Added_Noise_uniform_Eps_40.0_Tau_Type_normal_anchors - INFO - Batch:[791] Adversarial images for this batch already exist
2026-01-22 21:22:36,787 - ADV_Generation_eps_1.0_steps_100_Added_Noise_uniform_Eps_40.0_Tau_Type_normal_anchors - INFO - Batch 792/2465: Clean accuracy 0.9899 | Adv accuracy: 0.0189 | Counter-attack accuracy: 0.9874
2026-01-22 21:22:36,787 - ADV_Generation_eps_1.0_steps_100_Added_Noise_uniform_Eps_40.0_Tau_Type_normal_anchors - INFO - Batch:[792] Adversarial images for this batch already exist
2026-01-22 21:22:37,115 - ADV_Generation_eps_1.0_steps_100_Added_Noise_uniform_Eps_40.0_Tau_Type_normal_anchors - INFO - Batch 793/2465: Clean accuracy 0.9899 | Adv accuracy: 0.0189 | Counter-attack accuracy: 0.9874
2026-01-22 21:22:37,115 - ADV_Generation_eps_1.0_steps_100_Added_Noise_uniform_Eps_40.0_Tau_Type_normal_anchors - INFO - Batch:[793] Adversarial images for this batch already exist
2026-01-22 21:22:37,431 - ADV_Generation_eps_1.0_steps_100_Added_Noise_uniform_Eps_40.0_Tau_Type_normal_anchors - INFO - Batch 794/2465: Clean accuracy 0.9899 | Adv accuracy: 0.0189 | Counter-attack accuracy: 0.9874
2026-01-22 21:22:37,431 - ADV_Generation_eps_1.0_steps_100_Added_Noise_uniform_Eps_40.0_Tau_Type_normal_anchors - INFO - Batch:[794] Adversarial images for this batch already exist
2026-01-22 21:22:37,757 - ADV_Generation_eps_1.0_steps_100_Added_Noise_uniform_Eps_40.0_Tau_Type_normal_anchors - INFO - Batch 795/2465: Clean accuracy 0.9899 | Adv accuracy: 0.0189 | Counter-attack accuracy: 0.9874
2026-01-22 21:22:37,758 - ADV_Generation_eps_1.0_steps_100_Added_Noise_uniform_Eps_40.0_Tau_Type_normal_anchors - INFO - Batch:[795] Adversarial images for this batch already exist
2026-01-22 21:22:38,102 - ADV_Generation_eps_1.0_steps_100_Added_Noise_uniform_Eps_40.0_Tau_Type_normal_anchors - INFO - Batch 796/2465: Clean accuracy 0.9899 | Adv accuracy: 0.0188 | Counter-attack accuracy: 0.9874
2026-01-22 21:22:38,103 - ADV_Generation_eps_1.0_steps_100_Added_Noise_uniform_Eps_40.0_Tau_Type_normal_anchors - INFO - Batch:[796] Adversarial images for this batch already exist
2026-01-22 21:22:38,435 - ADV_Generation_eps_1.0_steps_100_Added_Noise_uniform_Eps_40.0_Tau_Type_normal_anchors - INFO - Batch 797/2465: Clean accuracy 0.9900 | Adv accuracy: 0.0188 | Counter-attack accuracy: 0.9875
2026-01-22 21:22:38,436 - ADV_Generation_eps_1.0_steps_100_Added_Noise_uniform_Eps_40.0_Tau_Type_normal_anchors - INFO - Batch:[797] Adversarial images for this batch already exist
2026-01-22 21:22:38,768 - ADV_Generation_eps_1.0_steps_100_Added_Noise_uniform_Eps_40.0_Tau_Type_normal_anchors - INFO - Batch 798/2465: Clean accuracy 0.9900 | Adv accuracy: 0.0188 | Counter-attack accuracy: 0.9875
2026-01-22 21:22:38,769 - ADV_Generation_eps_1.0_steps_100_Added_Noise_uniform_Eps_40.0_Tau_Type_normal_anchors - INFO - Batch:[798] Adversarial images for this batch already exist
2026-01-22 21:22:39,097 - ADV_Generation_eps_1.0_steps_100_Added_Noise_uniform_Eps_40.0_Tau_Type_normal_anchors - INFO - Batch 799/2465: Clean accuracy 0.9900 | Adv accuracy: 0.0188 | Counter-attack accuracy: 0.9875
2026-01-22 21:22:39,098 - ADV_Generation_eps_1.0_steps_100_Added_Noise_uniform_Eps_40.0_Tau_Type_normal_anchors - INFO - Batch:[799] Adversarial images for this batch already exist
2026-01-22 21:22:39,425 - ADV_Generation_eps_1.0_steps_100_Added_Noise_uniform_Eps_40.0_Tau_Type_normal_anchors - INFO - Batch 800/2465: Clean accuracy 0.9900 | Adv accuracy: 0.0187 | Counter-attack accuracy: 0.9875
2026-01-22 21:22:39,426 - ADV_Generation_eps_1.0_steps_100_Added_Noise_uniform_Eps_40.0_Tau_Type_normal_anchors - INFO - Batch:[800] Adversarial images for this batch already exist
2026-01-22 21:22:39,749 - ADV_Generation_eps_1.0_steps_100_Added_Noise_uniform_Eps_40.0_Tau_Type_normal_anchors - INFO - Batch 801/2465: Clean accuracy 0.9900 | Adv accuracy: 0.0187 | Counter-attack accuracy: 0.9875
2026-01-22 21:22:39,750 - ADV_Generation_eps_1.0_steps_100_Added_Noise_uniform_Eps_40.0_Tau_Type_normal_anchors - INFO - Batch:[801] Adversarial images for this batch already exist
2026-01-22 21:22:40,074 - ADV_Generation_eps_1.0_steps_100_Added_Noise_uniform_Eps_40.0_Tau_Type_normal_anchors - INFO - Batch 802/2465: Clean accuracy 0.9900 | Adv accuracy: 0.0187 | Counter-attack accuracy: 0.9875
2026-01-22 21:22:40,075 - ADV_Generation_eps_1.0_steps_100_Added_Noise_uniform_Eps_40.0_Tau_Type_normal_anchors - INFO - Batch:[802] Adversarial images for this batch already exist
2026-01-22 21:22:40,396 - ADV_Generation_eps_1.0_steps_100_Added_Noise_uniform_Eps_40.0_Tau_Type_normal_anchors - INFO - Batch 803/2465: Clean accuracy 0.9900 | Adv accuracy: 0.0187 | Counter-attack accuracy: 0.9875
2026-01-22 21:22:40,397 - ADV_Generation_eps_1.0_steps_100_Added_Noise_uniform_Eps_40.0_Tau_Type_normal_anchors - INFO - Batch:[803] Adversarial images for this batch already exist
2026-01-22 21:22:40,720 - ADV_Generation_eps_1.0_steps_100_Added_Noise_uniform_Eps_40.0_Tau_Type_normal_anchors - INFO - Batch 804/2465: Clean accuracy 0.9900 | Adv accuracy: 0.0187 | Counter-attack accuracy: 0.9876
2026-01-22 21:22:40,720 - ADV_Generation_eps_1.0_steps_100_Added_Noise_uniform_Eps_40.0_Tau_Type_normal_anchors - INFO - Batch:[804] Adversarial images for this batch already exist
2026-01-22 21:22:41,045 - ADV_Generation_eps_1.0_steps_100_Added_Noise_uniform_Eps_40.0_Tau_Type_normal_anchors - INFO - Batch 805/2465: Clean accuracy 0.9901 | Adv accuracy: 0.0199 | Counter-attack accuracy: 0.9876
2026-01-22 21:22:41,045 - ADV_Generation_eps_1.0_steps_100_Added_Noise_uniform_Eps_40.0_Tau_Type_normal_anchors - INFO - Batch:[805] Adversarial images for this batch already exist
2026-01-22 21:22:41,369 - ADV_Generation_eps_1.0_steps_100_Added_Noise_uniform_Eps_40.0_Tau_Type_normal_anchors - INFO - Batch 806/2465: Clean accuracy 0.9901 | Adv accuracy: 0.0199 | Counter-attack accuracy: 0.9876
2026-01-22 21:22:41,370 - ADV_Generation_eps_1.0_steps_100_Added_Noise_uniform_Eps_40.0_Tau_Type_normal_anchors - INFO - Batch:[806] Adversarial images for this batch already exist
2026-01-22 21:22:41,694 - ADV_Generation_eps_1.0_steps_100_Added_Noise_uniform_Eps_40.0_Tau_Type_normal_anchors - INFO - Batch 807/2465: Clean accuracy 0.9901 | Adv accuracy: 0.0198 | Counter-attack accuracy: 0.9876
2026-01-22 21:22:41,695 - ADV_Generation_eps_1.0_steps_100_Added_Noise_uniform_Eps_40.0_Tau_Type_normal_anchors - INFO - Batch:[807] Adversarial images for this batch already exist
2026-01-22 21:22:42,011 - ADV_Generation_eps_1.0_steps_100_Added_Noise_uniform_Eps_40.0_Tau_Type_normal_anchors - INFO - Batch 808/2465: Clean accuracy 0.9901 | Adv accuracy: 0.0198 | Counter-attack accuracy: 0.9876
2026-01-22 21:22:42,012 - ADV_Generation_eps_1.0_steps_100_Added_Noise_uniform_Eps_40.0_Tau_Type_normal_anchors - INFO - Batch:[808] Adversarial images for this batch already exist
2026-01-22 21:22:42,337 - ADV_Generation_eps_1.0_steps_100_Added_Noise_uniform_Eps_40.0_Tau_Type_normal_anchors - INFO - Batch 809/2465: Clean accuracy 0.9901 | Adv accuracy: 0.0198 | Counter-attack accuracy: 0.9876
2026-01-22 21:22:42,339 - ADV_Generation_eps_1.0_steps_100_Added_Noise_uniform_Eps_40.0_Tau_Type_normal_anchors - INFO - Batch:[809] Adversarial images for this batch already exist
2026-01-22 21:22:42,666 - ADV_Generation_eps_1.0_steps_100_Added_Noise_uniform_Eps_40.0_Tau_Type_normal_anchors - INFO - Batch 810/2465: Clean accuracy 0.9901 | Adv accuracy: 0.0198 | Counter-attack accuracy: 0.9877
2026-01-22 21:22:42,666 - ADV_Generation_eps_1.0_steps_100_Added_Noise_uniform_Eps_40.0_Tau_Type_normal_anchors - INFO - Batch:[810] Adversarial images for this batch already exist
2026-01-22 21:22:42,995 - ADV_Generation_eps_1.0_steps_100_Added_Noise_uniform_Eps_40.0_Tau_Type_normal_anchors - INFO - Batch 811/2465: Clean accuracy 0.9901 | Adv accuracy: 0.0197 | Counter-attack accuracy: 0.9877
2026-01-22 21:22:42,996 - ADV_Generation_eps_1.0_steps_100_Added_Noise_uniform_Eps_40.0_Tau_Type_normal_anchors - INFO - Batch:[811] Adversarial images for this batch already exist
2026-01-22 21:22:43,321 - ADV_Generation_eps_1.0_steps_100_Added_Noise_uniform_Eps_40.0_Tau_Type_normal_anchors - INFO - Batch 812/2465: Clean accuracy 0.9901 | Adv accuracy: 0.0209 | Counter-attack accuracy: 0.9877
2026-01-22 21:22:43,322 - ADV_Generation_eps_1.0_steps_100_Added_Noise_uniform_Eps_40.0_Tau_Type_normal_anchors - INFO - Batch:[812] Adversarial images for this batch already exist
2026-01-22 21:22:43,653 - ADV_Generation_eps_1.0_steps_100_Added_Noise_uniform_Eps_40.0_Tau_Type_normal_anchors - INFO - Batch 813/2465: Clean accuracy 0.9902 | Adv accuracy: 0.0209 | Counter-attack accuracy: 0.9877
2026-01-22 21:22:43,655 - ADV_Generation_eps_1.0_steps_100_Added_Noise_uniform_Eps_40.0_Tau_Type_normal_anchors - INFO - Batch:[813] Adversarial images for this batch already exist
2026-01-22 21:22:43,982 - ADV_Generation_eps_1.0_steps_100_Added_Noise_uniform_Eps_40.0_Tau_Type_normal_anchors - INFO - Batch 814/2465: Clean accuracy 0.9902 | Adv accuracy: 0.0209 | Counter-attack accuracy: 0.9877
2026-01-22 21:22:43,983 - ADV_Generation_eps_1.0_steps_100_Added_Noise_uniform_Eps_40.0_Tau_Type_normal_anchors - INFO - Batch:[814] Adversarial images for this batch already exist
2026-01-22 21:22:44,309 - ADV_Generation_eps_1.0_steps_100_Added_Noise_uniform_Eps_40.0_Tau_Type_normal_anchors - INFO - Batch 815/2465: Clean accuracy 0.9902 | Adv accuracy: 0.0209 | Counter-attack accuracy: 0.9877
2026-01-22 21:22:44,310 - ADV_Generation_eps_1.0_steps_100_Added_Noise_uniform_Eps_40.0_Tau_Type_normal_anchors - INFO - Batch:[815] Adversarial images for this batch already exist
2026-01-22 21:22:44,642 - ADV_Generation_eps_1.0_steps_100_Added_Noise_uniform_Eps_40.0_Tau_Type_normal_anchors - INFO - Batch 816/2465: Clean accuracy 0.9902 | Adv accuracy: 0.0208 | Counter-attack accuracy: 0.9877
2026-01-22 21:22:44,642 - ADV_Generation_eps_1.0_steps_100_Added_Noise_uniform_Eps_40.0_Tau_Type_normal_anchors - INFO - Batch:[816] Adversarial images for this batch already exist
2026-01-22 21:22:44,965 - ADV_Generation_eps_1.0_steps_100_Added_Noise_uniform_Eps_40.0_Tau_Type_normal_anchors - INFO - Batch 817/2465: Clean accuracy 0.9902 | Adv accuracy: 0.0208 | Counter-attack accuracy: 0.9878
2026-01-22 21:22:44,966 - ADV_Generation_eps_1.0_steps_100_Added_Noise_uniform_Eps_40.0_Tau_Type_normal_anchors - INFO - Batch:[817] Adversarial images for this batch already exist
2026-01-22 21:22:45,294 - ADV_Generation_eps_1.0_steps_100_Added_Noise_uniform_Eps_40.0_Tau_Type_normal_anchors - INFO - Batch 818/2465: Clean accuracy 0.9902 | Adv accuracy: 0.0208 | Counter-attack accuracy: 0.9878
2026-01-22 21:22:45,295 - ADV_Generation_eps_1.0_steps_100_Added_Noise_uniform_Eps_40.0_Tau_Type_normal_anchors - INFO - Batch:[818] Adversarial images for this batch already exist
2026-01-22 21:22:45,617 - ADV_Generation_eps_1.0_steps_100_Added_Noise_uniform_Eps_40.0_Tau_Type_normal_anchors - INFO - Batch 819/2465: Clean accuracy 0.9902 | Adv accuracy: 0.0208 | Counter-attack accuracy: 0.9878
2026-01-22 21:22:45,618 - ADV_Generation_eps_1.0_steps_100_Added_Noise_uniform_Eps_40.0_Tau_Type_normal_anchors - INFO - Batch:[819] Adversarial images for this batch already exist
2026-01-22 21:22:45,950 - ADV_Generation_eps_1.0_steps_100_Added_Noise_uniform_Eps_40.0_Tau_Type_normal_anchors - INFO - Batch 820/2465: Clean accuracy 0.9902 | Adv accuracy: 0.0207 | Counter-attack accuracy: 0.9878
2026-01-22 21:22:45,951 - ADV_Generation_eps_1.0_steps_100_Added_Noise_uniform_Eps_40.0_Tau_Type_normal_anchors - INFO - Batch:[820] Adversarial images for this batch already exist
2026-01-22 21:22:46,272 - ADV_Generation_eps_1.0_steps_100_Added_Noise_uniform_Eps_40.0_Tau_Type_normal_anchors - INFO - Batch 821/2465: Clean accuracy 0.9903 | Adv accuracy: 0.0207 | Counter-attack accuracy: 0.9878
2026-01-22 21:22:46,273 - ADV_Generation_eps_1.0_steps_100_Added_Noise_uniform_Eps_40.0_Tau_Type_normal_anchors - INFO - Batch:[821] Adversarial images for this batch already exist
2026-01-22 21:22:46,598 - ADV_Generation_eps_1.0_steps_100_Added_Noise_uniform_Eps_40.0_Tau_Type_normal_anchors - INFO - Batch 822/2465: Clean accuracy 0.9903 | Adv accuracy: 0.0207 | Counter-attack accuracy: 0.9878
2026-01-22 21:22:46,599 - ADV_Generation_eps_1.0_steps_100_Added_Noise_uniform_Eps_40.0_Tau_Type_normal_anchors - INFO - Batch:[822] Adversarial images for this batch already exist
2026-01-22 21:22:46,926 - ADV_Generation_eps_1.0_steps_100_Added_Noise_uniform_Eps_40.0_Tau_Type_normal_anchors - INFO - Batch 823/2465: Clean accuracy 0.9903 | Adv accuracy: 0.0207 | Counter-attack accuracy: 0.9878
2026-01-22 21:22:46,927 - ADV_Generation_eps_1.0_steps_100_Added_Noise_uniform_Eps_40.0_Tau_Type_normal_anchors - INFO - Batch:[823] Adversarial images for this batch already exist
2026-01-22 21:22:47,268 - ADV_Generation_eps_1.0_steps_100_Added_Noise_uniform_Eps_40.0_Tau_Type_normal_anchors - INFO - Batch 824/2465: Clean accuracy 0.9903 | Adv accuracy: 0.0218 | Counter-attack accuracy: 0.9879
2026-01-22 21:22:47,270 - ADV_Generation_eps_1.0_steps_100_Added_Noise_uniform_Eps_40.0_Tau_Type_normal_anchors - INFO - Batch:[824] Adversarial images for this batch already exist
2026-01-22 21:22:47,596 - ADV_Generation_eps_1.0_steps_100_Added_Noise_uniform_Eps_40.0_Tau_Type_normal_anchors - INFO - Batch 825/2465: Clean accuracy 0.9903 | Adv accuracy: 0.0218 | Counter-attack accuracy: 0.9879
2026-01-22 21:22:47,598 - ADV_Generation_eps_1.0_steps_100_Added_Noise_uniform_Eps_40.0_Tau_Type_normal_anchors - INFO - Batch:[825] Adversarial images for this batch already exist
2026-01-22 21:22:47,918 - ADV_Generation_eps_1.0_steps_100_Added_Noise_uniform_Eps_40.0_Tau_Type_normal_anchors - INFO - Batch 826/2465: Clean accuracy 0.9903 | Adv accuracy: 0.0218 | Counter-attack accuracy: 0.9879
2026-01-22 21:22:47,918 - ADV_Generation_eps_1.0_steps_100_Added_Noise_uniform_Eps_40.0_Tau_Type_normal_anchors - INFO - Batch:[826] Adversarial images for this batch already exist
2026-01-22 21:22:48,250 - ADV_Generation_eps_1.0_steps_100_Added_Noise_uniform_Eps_40.0_Tau_Type_normal_anchors - INFO - Batch 827/2465: Clean accuracy 0.9903 | Adv accuracy: 0.0218 | Counter-attack accuracy: 0.9879
2026-01-22 21:22:48,251 - ADV_Generation_eps_1.0_steps_100_Added_Noise_uniform_Eps_40.0_Tau_Type_normal_anchors - INFO - Batch:[827] Adversarial images for this batch already exist
2026-01-22 21:22:48,577 - ADV_Generation_eps_1.0_steps_100_Added_Noise_uniform_Eps_40.0_Tau_Type_normal_anchors - INFO - Batch 828/2465: Clean accuracy 0.9903 | Adv accuracy: 0.0217 | Counter-attack accuracy: 0.9879
2026-01-22 21:22:48,578 - ADV_Generation_eps_1.0_steps_100_Added_Noise_uniform_Eps_40.0_Tau_Type_normal_anchors - INFO - Batch:[828] Adversarial images for this batch already exist
2026-01-22 21:22:48,905 - ADV_Generation_eps_1.0_steps_100_Added_Noise_uniform_Eps_40.0_Tau_Type_normal_anchors - INFO - Batch 829/2465: Clean accuracy 0.9903 | Adv accuracy: 0.0217 | Counter-attack accuracy: 0.9879
2026-01-22 21:22:48,907 - ADV_Generation_eps_1.0_steps_100_Added_Noise_uniform_Eps_40.0_Tau_Type_normal_anchors - INFO - Batch:[829] Adversarial images for this batch already exist
2026-01-22 21:22:49,232 - ADV_Generation_eps_1.0_steps_100_Added_Noise_uniform_Eps_40.0_Tau_Type_normal_anchors - INFO - Batch 830/2465: Clean accuracy 0.9904 | Adv accuracy: 0.0217 | Counter-attack accuracy: 0.9880
2026-01-22 21:22:49,234 - ADV_Generation_eps_1.0_steps_100_Added_Noise_uniform_Eps_40.0_Tau_Type_normal_anchors - INFO - Batch:[830] Adversarial images for this batch already exist
2026-01-22 21:22:49,564 - ADV_Generation_eps_1.0_steps_100_Added_Noise_uniform_Eps_40.0_Tau_Type_normal_anchors - INFO - Batch 831/2465: Clean accuracy 0.9904 | Adv accuracy: 0.0217 | Counter-attack accuracy: 0.9880
2026-01-22 21:22:49,565 - ADV_Generation_eps_1.0_steps_100_Added_Noise_uniform_Eps_40.0_Tau_Type_normal_anchors - INFO - Batch:[831] Adversarial images for this batch already exist
2026-01-22 21:22:49,892 - ADV_Generation_eps_1.0_steps_100_Added_Noise_uniform_Eps_40.0_Tau_Type_normal_anchors - INFO - Batch 832/2465: Clean accuracy 0.9904 | Adv accuracy: 0.0216 | Counter-attack accuracy: 0.9880
2026-01-22 21:22:49,893 - ADV_Generation_eps_1.0_steps_100_Added_Noise_uniform_Eps_40.0_Tau_Type_normal_anchors - INFO - Batch:[832] Adversarial images for this batch already exist
2026-01-22 21:22:50,222 - ADV_Generation_eps_1.0_steps_100_Added_Noise_uniform_Eps_40.0_Tau_Type_normal_anchors - INFO - Batch 833/2465: Clean accuracy 0.9904 | Adv accuracy: 0.0216 | Counter-attack accuracy: 0.9880
2026-01-22 21:22:50,223 - ADV_Generation_eps_1.0_steps_100_Added_Noise_uniform_Eps_40.0_Tau_Type_normal_anchors - INFO - Batch:[833] Adversarial images for this batch already exist
2026-01-22 21:22:50,545 - ADV_Generation_eps_1.0_steps_100_Added_Noise_uniform_Eps_40.0_Tau_Type_normal_anchors - INFO - Batch 834/2465: Clean accuracy 0.9904 | Adv accuracy: 0.0216 | Counter-attack accuracy: 0.9880
2026-01-22 21:22:50,547 - ADV_Generation_eps_1.0_steps_100_Added_Noise_uniform_Eps_40.0_Tau_Type_normal_anchors - INFO - Batch:[834] Adversarial images for this batch already exist
2026-01-22 21:22:50,870 - ADV_Generation_eps_1.0_steps_100_Added_Noise_uniform_Eps_40.0_Tau_Type_normal_anchors - INFO - Batch 835/2465: Clean accuracy 0.9904 | Adv accuracy: 0.0216 | Counter-attack accuracy: 0.9880
2026-01-22 21:22:50,871 - ADV_Generation_eps_1.0_steps_100_Added_Noise_uniform_Eps_40.0_Tau_Type_normal_anchors - INFO - Batch:[835] Adversarial images for this batch already exist
2026-01-22 21:22:51,195 - ADV_Generation_eps_1.0_steps_100_Added_Noise_uniform_Eps_40.0_Tau_Type_normal_anchors - INFO - Batch 836/2465: Clean accuracy 0.9904 | Adv accuracy: 0.0215 | Counter-attack accuracy: 0.9880
2026-01-22 21:22:51,196 - ADV_Generation_eps_1.0_steps_100_Added_Noise_uniform_Eps_40.0_Tau_Type_normal_anchors - INFO - Batch:[836] Adversarial images for this batch already exist
2026-01-22 21:22:51,512 - ADV_Generation_eps_1.0_steps_100_Added_Noise_uniform_Eps_40.0_Tau_Type_normal_anchors - INFO - Batch 837/2465: Clean accuracy 0.9904 | Adv accuracy: 0.0215 | Counter-attack accuracy: 0.9881
2026-01-22 21:22:51,513 - ADV_Generation_eps_1.0_steps_100_Added_Noise_uniform_Eps_40.0_Tau_Type_normal_anchors - INFO - Batch:[837] Adversarial images for this batch already exist
2026-01-22 21:22:51,844 - ADV_Generation_eps_1.0_steps_100_Added_Noise_uniform_Eps_40.0_Tau_Type_normal_anchors - INFO - Batch 838/2465: Clean accuracy 0.9905 | Adv accuracy: 0.0215 | Counter-attack accuracy: 0.9881
2026-01-22 21:22:51,845 - ADV_Generation_eps_1.0_steps_100_Added_Noise_uniform_Eps_40.0_Tau_Type_normal_anchors - INFO - Batch:[838] Adversarial images for this batch already exist
2026-01-22 21:22:52,168 - ADV_Generation_eps_1.0_steps_100_Added_Noise_uniform_Eps_40.0_Tau_Type_normal_anchors - INFO - Batch 839/2465: Clean accuracy 0.9905 | Adv accuracy: 0.0215 | Counter-attack accuracy: 0.9881
2026-01-22 21:22:52,170 - ADV_Generation_eps_1.0_steps_100_Added_Noise_uniform_Eps_40.0_Tau_Type_normal_anchors - INFO - Batch:[839] Adversarial images for this batch already exist
2026-01-22 21:22:52,513 - ADV_Generation_eps_1.0_steps_100_Added_Noise_uniform_Eps_40.0_Tau_Type_normal_anchors - INFO - Batch 840/2465: Clean accuracy 0.9893 | Adv accuracy: 0.0214 | Counter-attack accuracy: 0.9869
2026-01-22 21:22:52,514 - ADV_Generation_eps_1.0_steps_100_Added_Noise_uniform_Eps_40.0_Tau_Type_normal_anchors - INFO - Batch:[840] Adversarial images for this batch already exist
2026-01-22 21:22:52,851 - ADV_Generation_eps_1.0_steps_100_Added_Noise_uniform_Eps_40.0_Tau_Type_normal_anchors - INFO - Batch 841/2465: Clean accuracy 0.9893 | Adv accuracy: 0.0214 | Counter-attack accuracy: 0.9869
2026-01-22 21:22:52,851 - ADV_Generation_eps_1.0_steps_100_Added_Noise_uniform_Eps_40.0_Tau_Type_normal_anchors - INFO - Batch:[841] Adversarial images for this batch already exist
2026-01-22 21:22:53,173 - ADV_Generation_eps_1.0_steps_100_Added_Noise_uniform_Eps_40.0_Tau_Type_normal_anchors - INFO - Batch 842/2465: Clean accuracy 0.9893 | Adv accuracy: 0.0214 | Counter-attack accuracy: 0.9869
2026-01-22 21:22:53,174 - ADV_Generation_eps_1.0_steps_100_Added_Noise_uniform_Eps_40.0_Tau_Type_normal_anchors - INFO - Batch:[842] Adversarial images for this batch already exist
2026-01-22 21:22:53,509 - ADV_Generation_eps_1.0_steps_100_Added_Noise_uniform_Eps_40.0_Tau_Type_normal_anchors - INFO - Batch 843/2465: Clean accuracy 0.9893 | Adv accuracy: 0.0214 | Counter-attack accuracy: 0.9870
2026-01-22 21:22:53,511 - ADV_Generation_eps_1.0_steps_100_Added_Noise_uniform_Eps_40.0_Tau_Type_normal_anchors - INFO - Batch:[843] Adversarial images for this batch already exist
2026-01-22 21:22:53,831 - ADV_Generation_eps_1.0_steps_100_Added_Noise_uniform_Eps_40.0_Tau_Type_normal_anchors - INFO - Batch 844/2465: Clean accuracy 0.9893 | Adv accuracy: 0.0213 | Counter-attack accuracy: 0.9870
2026-01-22 21:22:53,831 - ADV_Generation_eps_1.0_steps_100_Added_Noise_uniform_Eps_40.0_Tau_Type_normal_anchors - INFO - Batch:[844] Adversarial images for this batch already exist
2026-01-22 21:22:54,153 - ADV_Generation_eps_1.0_steps_100_Added_Noise_uniform_Eps_40.0_Tau_Type_normal_anchors - INFO - Batch 845/2465: Clean accuracy 0.9893 | Adv accuracy: 0.0213 | Counter-attack accuracy: 0.9870
2026-01-22 21:22:54,154 - ADV_Generation_eps_1.0_steps_100_Added_Noise_uniform_Eps_40.0_Tau_Type_normal_anchors - INFO - Batch:[845] Adversarial images for this batch already exist
2026-01-22 21:22:54,480 - ADV_Generation_eps_1.0_steps_100_Added_Noise_uniform_Eps_40.0_Tau_Type_normal_anchors - INFO - Batch 846/2465: Clean accuracy 0.9894 | Adv accuracy: 0.0213 | Counter-attack accuracy: 0.9870
2026-01-22 21:22:54,481 - ADV_Generation_eps_1.0_steps_100_Added_Noise_uniform_Eps_40.0_Tau_Type_normal_anchors - INFO - Batch:[846] Adversarial images for this batch already exist
2026-01-22 21:22:54,808 - ADV_Generation_eps_1.0_steps_100_Added_Noise_uniform_Eps_40.0_Tau_Type_normal_anchors - INFO - Batch 847/2465: Clean accuracy 0.9894 | Adv accuracy: 0.0213 | Counter-attack accuracy: 0.9870
2026-01-22 21:22:54,809 - ADV_Generation_eps_1.0_steps_100_Added_Noise_uniform_Eps_40.0_Tau_Type_normal_anchors - INFO - Batch:[847] Adversarial images for this batch already exist
2026-01-22 21:22:55,132 - ADV_Generation_eps_1.0_steps_100_Added_Noise_uniform_Eps_40.0_Tau_Type_normal_anchors - INFO - Batch 848/2465: Clean accuracy 0.9894 | Adv accuracy: 0.0212 | Counter-attack accuracy: 0.9870
2026-01-22 21:22:55,133 - ADV_Generation_eps_1.0_steps_100_Added_Noise_uniform_Eps_40.0_Tau_Type_normal_anchors - INFO - Batch:[848] Adversarial images for this batch already exist
2026-01-22 21:22:55,456 - ADV_Generation_eps_1.0_steps_100_Added_Noise_uniform_Eps_40.0_Tau_Type_normal_anchors - INFO - Batch 849/2465: Clean accuracy 0.9894 | Adv accuracy: 0.0212 | Counter-attack accuracy: 0.9870
2026-01-22 21:22:55,457 - ADV_Generation_eps_1.0_steps_100_Added_Noise_uniform_Eps_40.0_Tau_Type_normal_anchors - INFO - Batch:[849] Adversarial images for this batch already exist
2026-01-22 21:22:55,783 - ADV_Generation_eps_1.0_steps_100_Added_Noise_uniform_Eps_40.0_Tau_Type_normal_anchors - INFO - Batch 850/2465: Clean accuracy 0.9894 | Adv accuracy: 0.0212 | Counter-attack accuracy: 0.9871
2026-01-22 21:22:55,784 - ADV_Generation_eps_1.0_steps_100_Added_Noise_uniform_Eps_40.0_Tau_Type_normal_anchors - INFO - Batch:[850] Adversarial images for this batch already exist
2026-01-22 21:22:56,119 - ADV_Generation_eps_1.0_steps_100_Added_Noise_uniform_Eps_40.0_Tau_Type_normal_anchors - INFO - Batch 851/2465: Clean accuracy 0.9894 | Adv accuracy: 0.0212 | Counter-attack accuracy: 0.9871
2026-01-22 21:22:56,120 - ADV_Generation_eps_1.0_steps_100_Added_Noise_uniform_Eps_40.0_Tau_Type_normal_anchors - INFO - Batch:[851] Adversarial images for this batch already exist
2026-01-22 21:22:56,442 - ADV_Generation_eps_1.0_steps_100_Added_Noise_uniform_Eps_40.0_Tau_Type_normal_anchors - INFO - Batch 852/2465: Clean accuracy 0.9894 | Adv accuracy: 0.0211 | Counter-attack accuracy: 0.9871
2026-01-22 21:22:56,443 - ADV_Generation_eps_1.0_steps_100_Added_Noise_uniform_Eps_40.0_Tau_Type_normal_anchors - INFO - Batch:[852] Adversarial images for this batch already exist
2026-01-22 21:22:56,766 - ADV_Generation_eps_1.0_steps_100_Added_Noise_uniform_Eps_40.0_Tau_Type_normal_anchors - INFO - Batch 853/2465: Clean accuracy 0.9894 | Adv accuracy: 0.0211 | Counter-attack accuracy: 0.9871
2026-01-22 21:22:56,767 - ADV_Generation_eps_1.0_steps_100_Added_Noise_uniform_Eps_40.0_Tau_Type_normal_anchors - INFO - Batch:[853] Adversarial images for this batch already exist
2026-01-22 21:22:57,098 - ADV_Generation_eps_1.0_steps_100_Added_Noise_uniform_Eps_40.0_Tau_Type_normal_anchors - INFO - Batch 854/2465: Clean accuracy 0.9895 | Adv accuracy: 0.0211 | Counter-attack accuracy: 0.9871
2026-01-22 21:22:57,100 - ADV_Generation_eps_1.0_steps_100_Added_Noise_uniform_Eps_40.0_Tau_Type_normal_anchors - INFO - Batch:[854] Adversarial images for this batch already exist
2026-01-22 21:22:57,425 - ADV_Generation_eps_1.0_steps_100_Added_Noise_uniform_Eps_40.0_Tau_Type_normal_anchors - INFO - Batch 855/2465: Clean accuracy 0.9895 | Adv accuracy: 0.0211 | Counter-attack accuracy: 0.9871
2026-01-22 21:22:57,426 - ADV_Generation_eps_1.0_steps_100_Added_Noise_uniform_Eps_40.0_Tau_Type_normal_anchors - INFO - Batch:[855] Adversarial images for this batch already exist
2026-01-22 21:22:57,748 - ADV_Generation_eps_1.0_steps_100_Added_Noise_uniform_Eps_40.0_Tau_Type_normal_anchors - INFO - Batch 856/2465: Clean accuracy 0.9895 | Adv accuracy: 0.0210 | Counter-attack accuracy: 0.9871
2026-01-22 21:22:57,749 - ADV_Generation_eps_1.0_steps_100_Added_Noise_uniform_Eps_40.0_Tau_Type_normal_anchors - INFO - Batch:[856] Adversarial images for this batch already exist
2026-01-22 21:22:58,073 - ADV_Generation_eps_1.0_steps_100_Added_Noise_uniform_Eps_40.0_Tau_Type_normal_anchors - INFO - Batch 857/2465: Clean accuracy 0.9895 | Adv accuracy: 0.0210 | Counter-attack accuracy: 0.9872
2026-01-22 21:22:58,074 - ADV_Generation_eps_1.0_steps_100_Added_Noise_uniform_Eps_40.0_Tau_Type_normal_anchors - INFO - Batch:[857] Adversarial images for this batch already exist
2026-01-22 21:22:58,400 - ADV_Generation_eps_1.0_steps_100_Added_Noise_uniform_Eps_40.0_Tau_Type_normal_anchors - INFO - Batch 858/2465: Clean accuracy 0.9895 | Adv accuracy: 0.0210 | Counter-attack accuracy: 0.9872
2026-01-22 21:22:58,400 - ADV_Generation_eps_1.0_steps_100_Added_Noise_uniform_Eps_40.0_Tau_Type_normal_anchors - INFO - Batch:[858] Adversarial images for this batch already exist
2026-01-22 21:22:58,725 - ADV_Generation_eps_1.0_steps_100_Added_Noise_uniform_Eps_40.0_Tau_Type_normal_anchors - INFO - Batch 859/2465: Clean accuracy 0.9895 | Adv accuracy: 0.0210 | Counter-attack accuracy: 0.9872
2026-01-22 21:22:58,727 - ADV_Generation_eps_1.0_steps_100_Added_Noise_uniform_Eps_40.0_Tau_Type_normal_anchors - INFO - Batch:[859] Adversarial images for this batch already exist
2026-01-22 21:22:59,054 - ADV_Generation_eps_1.0_steps_100_Added_Noise_uniform_Eps_40.0_Tau_Type_normal_anchors - INFO - Batch 860/2465: Clean accuracy 0.9895 | Adv accuracy: 0.0221 | Counter-attack accuracy: 0.9872
2026-01-22 21:22:59,055 - ADV_Generation_eps_1.0_steps_100_Added_Noise_uniform_Eps_40.0_Tau_Type_normal_anchors - INFO - Batch:[860] Adversarial images for this batch already exist
2026-01-22 21:22:59,381 - ADV_Generation_eps_1.0_steps_100_Added_Noise_uniform_Eps_40.0_Tau_Type_normal_anchors - INFO - Batch 861/2465: Clean accuracy 0.9895 | Adv accuracy: 0.0221 | Counter-attack accuracy: 0.9872
2026-01-22 21:22:59,382 - ADV_Generation_eps_1.0_steps_100_Added_Noise_uniform_Eps_40.0_Tau_Type_normal_anchors - INFO - Batch:[861] Adversarial images for this batch already exist
2026-01-22 21:22:59,699 - ADV_Generation_eps_1.0_steps_100_Added_Noise_uniform_Eps_40.0_Tau_Type_normal_anchors - INFO - Batch 862/2465: Clean accuracy 0.9896 | Adv accuracy: 0.0220 | Counter-attack accuracy: 0.9872
2026-01-22 21:22:59,700 - ADV_Generation_eps_1.0_steps_100_Added_Noise_uniform_Eps_40.0_Tau_Type_normal_anchors - INFO - Batch:[862] Adversarial images for this batch already exist
2026-01-22 21:23:00,031 - ADV_Generation_eps_1.0_steps_100_Added_Noise_uniform_Eps_40.0_Tau_Type_normal_anchors - INFO - Batch 863/2465: Clean accuracy 0.9896 | Adv accuracy: 0.0220 | Counter-attack accuracy: 0.9873
2026-01-22 21:23:00,032 - ADV_Generation_eps_1.0_steps_100_Added_Noise_uniform_Eps_40.0_Tau_Type_normal_anchors - INFO - Batch:[863] Adversarial images for this batch already exist
2026-01-22 21:23:00,356 - ADV_Generation_eps_1.0_steps_100_Added_Noise_uniform_Eps_40.0_Tau_Type_normal_anchors - INFO - Batch 864/2465: Clean accuracy 0.9896 | Adv accuracy: 0.0220 | Counter-attack accuracy: 0.9873
2026-01-22 21:23:00,357 - ADV_Generation_eps_1.0_steps_100_Added_Noise_uniform_Eps_40.0_Tau_Type_normal_anchors - INFO - Batch:[864] Adversarial images for this batch already exist
2026-01-22 21:23:00,685 - ADV_Generation_eps_1.0_steps_100_Added_Noise_uniform_Eps_40.0_Tau_Type_normal_anchors - INFO - Batch 865/2465: Clean accuracy 0.9896 | Adv accuracy: 0.0220 | Counter-attack accuracy: 0.9873
2026-01-22 21:23:00,686 - ADV_Generation_eps_1.0_steps_100_Added_Noise_uniform_Eps_40.0_Tau_Type_normal_anchors - INFO - Batch:[865] Adversarial images for this batch already exist
2026-01-22 21:23:01,020 - ADV_Generation_eps_1.0_steps_100_Added_Noise_uniform_Eps_40.0_Tau_Type_normal_anchors - INFO - Batch 866/2465: Clean accuracy 0.9896 | Adv accuracy: 0.0219 | Counter-attack accuracy: 0.9873
2026-01-22 21:23:01,022 - ADV_Generation_eps_1.0_steps_100_Added_Noise_uniform_Eps_40.0_Tau_Type_normal_anchors - INFO - Batch:[866] Adversarial images for this batch already exist
2026-01-22 21:23:01,348 - ADV_Generation_eps_1.0_steps_100_Added_Noise_uniform_Eps_40.0_Tau_Type_normal_anchors - INFO - Batch 867/2465: Clean accuracy 0.9896 | Adv accuracy: 0.0219 | Counter-attack accuracy: 0.9873
2026-01-22 21:23:01,348 - ADV_Generation_eps_1.0_steps_100_Added_Noise_uniform_Eps_40.0_Tau_Type_normal_anchors - INFO - Batch:[867] Adversarial images for this batch already exist
2026-01-22 21:23:01,672 - ADV_Generation_eps_1.0_steps_100_Added_Noise_uniform_Eps_40.0_Tau_Type_normal_anchors - INFO - Batch 868/2465: Clean accuracy 0.9896 | Adv accuracy: 0.0219 | Counter-attack accuracy: 0.9873
2026-01-22 21:23:01,672 - ADV_Generation_eps_1.0_steps_100_Added_Noise_uniform_Eps_40.0_Tau_Type_normal_anchors - INFO - Batch:[868] Adversarial images for this batch already exist
2026-01-22 21:23:02,055 - ADV_Generation_eps_1.0_steps_100_Added_Noise_uniform_Eps_40.0_Tau_Type_normal_anchors - INFO - Batch 869/2465: Clean accuracy 0.9896 | Adv accuracy: 0.0219 | Counter-attack accuracy: 0.9873
2026-01-22 21:23:02,056 - ADV_Generation_eps_1.0_steps_100_Added_Noise_uniform_Eps_40.0_Tau_Type_normal_anchors - INFO - Batch:[869] Adversarial images for this batch already exist
2026-01-22 21:23:02,377 - ADV_Generation_eps_1.0_steps_100_Added_Noise_uniform_Eps_40.0_Tau_Type_normal_anchors - INFO - Batch 870/2465: Clean accuracy 0.9897 | Adv accuracy: 0.0218 | Counter-attack accuracy: 0.9874
2026-01-22 21:23:02,378 - ADV_Generation_eps_1.0_steps_100_Added_Noise_uniform_Eps_40.0_Tau_Type_normal_anchors - INFO - Batch:[870] Adversarial images for this batch already exist
2026-01-22 21:23:02,740 - ADV_Generation_eps_1.0_steps_100_Added_Noise_uniform_Eps_40.0_Tau_Type_normal_anchors - INFO - Batch 871/2465: Clean accuracy 0.9897 | Adv accuracy: 0.0218 | Counter-attack accuracy: 0.9874
2026-01-22 21:23:02,741 - ADV_Generation_eps_1.0_steps_100_Added_Noise_uniform_Eps_40.0_Tau_Type_normal_anchors - INFO - Batch:[871] Adversarial images for this batch already exist
2026-01-22 21:23:03,069 - ADV_Generation_eps_1.0_steps_100_Added_Noise_uniform_Eps_40.0_Tau_Type_normal_anchors - INFO - Batch 872/2465: Clean accuracy 0.9897 | Adv accuracy: 0.0218 | Counter-attack accuracy: 0.9874
2026-01-22 21:23:03,070 - ADV_Generation_eps_1.0_steps_100_Added_Noise_uniform_Eps_40.0_Tau_Type_normal_anchors - INFO - Batch:[872] Adversarial images for this batch already exist
2026-01-22 21:23:03,393 - ADV_Generation_eps_1.0_steps_100_Added_Noise_uniform_Eps_40.0_Tau_Type_normal_anchors - INFO - Batch 873/2465: Clean accuracy 0.9897 | Adv accuracy: 0.0218 | Counter-attack accuracy: 0.9874
2026-01-22 21:23:03,394 - ADV_Generation_eps_1.0_steps_100_Added_Noise_uniform_Eps_40.0_Tau_Type_normal_anchors - INFO - Batch:[873] Adversarial images for this batch already exist
2026-01-22 21:23:03,718 - ADV_Generation_eps_1.0_steps_100_Added_Noise_uniform_Eps_40.0_Tau_Type_normal_anchors - INFO - Batch 874/2465: Clean accuracy 0.9897 | Adv accuracy: 0.0217 | Counter-attack accuracy: 0.9874
2026-01-22 21:23:03,720 - ADV_Generation_eps_1.0_steps_100_Added_Noise_uniform_Eps_40.0_Tau_Type_normal_anchors - INFO - Batch:[874] Adversarial images for this batch already exist
2026-01-22 21:23:04,044 - ADV_Generation_eps_1.0_steps_100_Added_Noise_uniform_Eps_40.0_Tau_Type_normal_anchors - INFO - Batch 875/2465: Clean accuracy 0.9897 | Adv accuracy: 0.0217 | Counter-attack accuracy: 0.9874
2026-01-22 21:23:04,044 - ADV_Generation_eps_1.0_steps_100_Added_Noise_uniform_Eps_40.0_Tau_Type_normal_anchors - INFO - Batch:[875] Adversarial images for this batch already exist
2026-01-22 21:23:04,369 - ADV_Generation_eps_1.0_steps_100_Added_Noise_uniform_Eps_40.0_Tau_Type_normal_anchors - INFO - Batch 876/2465: Clean accuracy 0.9897 | Adv accuracy: 0.0217 | Counter-attack accuracy: 0.9874
2026-01-22 21:23:04,370 - ADV_Generation_eps_1.0_steps_100_Added_Noise_uniform_Eps_40.0_Tau_Type_normal_anchors - INFO - Batch:[876] Adversarial images for this batch already exist
2026-01-22 21:23:04,706 - ADV_Generation_eps_1.0_steps_100_Added_Noise_uniform_Eps_40.0_Tau_Type_normal_anchors - INFO - Batch 877/2465: Clean accuracy 0.9897 | Adv accuracy: 0.0217 | Counter-attack accuracy: 0.9875
2026-01-22 21:23:04,707 - ADV_Generation_eps_1.0_steps_100_Added_Noise_uniform_Eps_40.0_Tau_Type_normal_anchors - INFO - Batch:[877] Adversarial images for this batch already exist
2026-01-22 21:23:05,037 - ADV_Generation_eps_1.0_steps_100_Added_Noise_uniform_Eps_40.0_Tau_Type_normal_anchors - INFO - Batch 878/2465: Clean accuracy 0.9897 | Adv accuracy: 0.0216 | Counter-attack accuracy: 0.9875
2026-01-22 21:23:05,037 - ADV_Generation_eps_1.0_steps_100_Added_Noise_uniform_Eps_40.0_Tau_Type_normal_anchors - INFO - Batch:[878] Adversarial images for this batch already exist
2026-01-22 21:23:05,364 - ADV_Generation_eps_1.0_steps_100_Added_Noise_uniform_Eps_40.0_Tau_Type_normal_anchors - INFO - Batch 879/2465: Clean accuracy 0.9898 | Adv accuracy: 0.0216 | Counter-attack accuracy: 0.9875
2026-01-22 21:23:05,364 - ADV_Generation_eps_1.0_steps_100_Added_Noise_uniform_Eps_40.0_Tau_Type_normal_anchors - INFO - Batch:[879] Adversarial images for this batch already exist
2026-01-22 21:23:05,685 - ADV_Generation_eps_1.0_steps_100_Added_Noise_uniform_Eps_40.0_Tau_Type_normal_anchors - INFO - Batch 880/2465: Clean accuracy 0.9898 | Adv accuracy: 0.0216 | Counter-attack accuracy: 0.9875
2026-01-22 21:23:05,686 - ADV_Generation_eps_1.0_steps_100_Added_Noise_uniform_Eps_40.0_Tau_Type_normal_anchors - INFO - Batch:[880] Adversarial images for this batch already exist
2026-01-22 21:23:06,012 - ADV_Generation_eps_1.0_steps_100_Added_Noise_uniform_Eps_40.0_Tau_Type_normal_anchors - INFO - Batch 881/2465: Clean accuracy 0.9898 | Adv accuracy: 0.0216 | Counter-attack accuracy: 0.9875
2026-01-22 21:23:06,013 - ADV_Generation_eps_1.0_steps_100_Added_Noise_uniform_Eps_40.0_Tau_Type_normal_anchors - INFO - Batch:[881] Adversarial images for this batch already exist
2026-01-22 21:23:06,340 - ADV_Generation_eps_1.0_steps_100_Added_Noise_uniform_Eps_40.0_Tau_Type_normal_anchors - INFO - Batch 882/2465: Clean accuracy 0.9898 | Adv accuracy: 0.0215 | Counter-attack accuracy: 0.9875
2026-01-22 21:23:06,341 - ADV_Generation_eps_1.0_steps_100_Added_Noise_uniform_Eps_40.0_Tau_Type_normal_anchors - INFO - Batch:[882] Adversarial images for this batch already exist
2026-01-22 21:23:06,661 - ADV_Generation_eps_1.0_steps_100_Added_Noise_uniform_Eps_40.0_Tau_Type_normal_anchors - INFO - Batch 883/2465: Clean accuracy 0.9898 | Adv accuracy: 0.0215 | Counter-attack accuracy: 0.9875
2026-01-22 21:23:06,661 - ADV_Generation_eps_1.0_steps_100_Added_Noise_uniform_Eps_40.0_Tau_Type_normal_anchors - INFO - Batch:[883] Adversarial images for this batch already exist
2026-01-22 21:23:06,986 - ADV_Generation_eps_1.0_steps_100_Added_Noise_uniform_Eps_40.0_Tau_Type_normal_anchors - INFO - Batch 884/2465: Clean accuracy 0.9898 | Adv accuracy: 0.0215 | Counter-attack accuracy: 0.9876
2026-01-22 21:23:06,987 - ADV_Generation_eps_1.0_steps_100_Added_Noise_uniform_Eps_40.0_Tau_Type_normal_anchors - INFO - Batch:[884] Adversarial images for this batch already exist
2026-01-22 21:23:07,309 - ADV_Generation_eps_1.0_steps_100_Added_Noise_uniform_Eps_40.0_Tau_Type_normal_anchors - INFO - Batch 885/2465: Clean accuracy 0.9898 | Adv accuracy: 0.0215 | Counter-attack accuracy: 0.9876
2026-01-22 21:23:07,310 - ADV_Generation_eps_1.0_steps_100_Added_Noise_uniform_Eps_40.0_Tau_Type_normal_anchors - INFO - Batch:[885] Adversarial images for this batch already exist
2026-01-22 21:23:07,635 - ADV_Generation_eps_1.0_steps_100_Added_Noise_uniform_Eps_40.0_Tau_Type_normal_anchors - INFO - Batch 886/2465: Clean accuracy 0.9898 | Adv accuracy: 0.0214 | Counter-attack accuracy: 0.9876
2026-01-22 21:23:07,636 - ADV_Generation_eps_1.0_steps_100_Added_Noise_uniform_Eps_40.0_Tau_Type_normal_anchors - INFO - Batch:[886] Adversarial images for this batch already exist
2026-01-22 21:23:07,962 - ADV_Generation_eps_1.0_steps_100_Added_Noise_uniform_Eps_40.0_Tau_Type_normal_anchors - INFO - Batch 887/2465: Clean accuracy 0.9899 | Adv accuracy: 0.0214 | Counter-attack accuracy: 0.9876
2026-01-22 21:23:07,963 - ADV_Generation_eps_1.0_steps_100_Added_Noise_uniform_Eps_40.0_Tau_Type_normal_anchors - INFO - Batch:[887] Adversarial images for this batch already exist
2026-01-22 21:23:08,290 - ADV_Generation_eps_1.0_steps_100_Added_Noise_uniform_Eps_40.0_Tau_Type_normal_anchors - INFO - Batch 888/2465: Clean accuracy 0.9899 | Adv accuracy: 0.0214 | Counter-attack accuracy: 0.9876
2026-01-22 21:23:08,291 - ADV_Generation_eps_1.0_steps_100_Added_Noise_uniform_Eps_40.0_Tau_Type_normal_anchors - INFO - Batch:[888] Adversarial images for this batch already exist
2026-01-22 21:23:08,613 - ADV_Generation_eps_1.0_steps_100_Added_Noise_uniform_Eps_40.0_Tau_Type_normal_anchors - INFO - Batch 889/2465: Clean accuracy 0.9899 | Adv accuracy: 0.0214 | Counter-attack accuracy: 0.9876
2026-01-22 21:23:08,615 - ADV_Generation_eps_1.0_steps_100_Added_Noise_uniform_Eps_40.0_Tau_Type_normal_anchors - INFO - Batch:[889] Adversarial images for this batch already exist
2026-01-22 21:23:08,943 - ADV_Generation_eps_1.0_steps_100_Added_Noise_uniform_Eps_40.0_Tau_Type_normal_anchors - INFO - Batch 890/2465: Clean accuracy 0.9899 | Adv accuracy: 0.0213 | Counter-attack accuracy: 0.9876
2026-01-22 21:23:08,945 - ADV_Generation_eps_1.0_steps_100_Added_Noise_uniform_Eps_40.0_Tau_Type_normal_anchors - INFO - Batch:[890] Adversarial images for this batch already exist
2026-01-22 21:23:09,272 - ADV_Generation_eps_1.0_steps_100_Added_Noise_uniform_Eps_40.0_Tau_Type_normal_anchors - INFO - Batch 891/2465: Clean accuracy 0.9899 | Adv accuracy: 0.0213 | Counter-attack accuracy: 0.9877
2026-01-22 21:23:09,273 - ADV_Generation_eps_1.0_steps_100_Added_Noise_uniform_Eps_40.0_Tau_Type_normal_anchors - INFO - Batch:[891] Adversarial images for this batch already exist
2026-01-22 21:23:09,612 - ADV_Generation_eps_1.0_steps_100_Added_Noise_uniform_Eps_40.0_Tau_Type_normal_anchors - INFO - Batch 892/2465: Clean accuracy 0.9899 | Adv accuracy: 0.0213 | Counter-attack accuracy: 0.9877
2026-01-22 21:23:09,613 - ADV_Generation_eps_1.0_steps_100_Added_Noise_uniform_Eps_40.0_Tau_Type_normal_anchors - INFO - Batch:[892] Adversarial images for this batch already exist
2026-01-22 21:23:09,940 - ADV_Generation_eps_1.0_steps_100_Added_Noise_uniform_Eps_40.0_Tau_Type_normal_anchors - INFO - Batch 893/2465: Clean accuracy 0.9899 | Adv accuracy: 0.0213 | Counter-attack accuracy: 0.9877
2026-01-22 21:23:09,940 - ADV_Generation_eps_1.0_steps_100_Added_Noise_uniform_Eps_40.0_Tau_Type_normal_anchors - INFO - Batch:[893] Adversarial images for this batch already exist
2026-01-22 21:23:10,266 - ADV_Generation_eps_1.0_steps_100_Added_Noise_uniform_Eps_40.0_Tau_Type_normal_anchors - INFO - Batch 894/2465: Clean accuracy 0.9899 | Adv accuracy: 0.0224 | Counter-attack accuracy: 0.9877
2026-01-22 21:23:10,267 - ADV_Generation_eps_1.0_steps_100_Added_Noise_uniform_Eps_40.0_Tau_Type_normal_anchors - INFO - Batch:[894] Adversarial images for this batch already exist
2026-01-22 21:23:10,597 - ADV_Generation_eps_1.0_steps_100_Added_Noise_uniform_Eps_40.0_Tau_Type_normal_anchors - INFO - Batch 895/2465: Clean accuracy 0.9899 | Adv accuracy: 0.0223 | Counter-attack accuracy: 0.9877
2026-01-22 21:23:10,598 - ADV_Generation_eps_1.0_steps_100_Added_Noise_uniform_Eps_40.0_Tau_Type_normal_anchors - INFO - Batch:[895] Adversarial images for this batch already exist
2026-01-22 21:23:10,928 - ADV_Generation_eps_1.0_steps_100_Added_Noise_uniform_Eps_40.0_Tau_Type_normal_anchors - INFO - Batch 896/2465: Clean accuracy 0.9900 | Adv accuracy: 0.0223 | Counter-attack accuracy: 0.9877
2026-01-22 21:23:10,929 - ADV_Generation_eps_1.0_steps_100_Added_Noise_uniform_Eps_40.0_Tau_Type_normal_anchors - INFO - Batch:[896] Adversarial images for this batch already exist
2026-01-22 21:23:11,250 - ADV_Generation_eps_1.0_steps_100_Added_Noise_uniform_Eps_40.0_Tau_Type_normal_anchors - INFO - Batch 897/2465: Clean accuracy 0.9900 | Adv accuracy: 0.0223 | Counter-attack accuracy: 0.9877
2026-01-22 21:23:11,251 - ADV_Generation_eps_1.0_steps_100_Added_Noise_uniform_Eps_40.0_Tau_Type_normal_anchors - INFO - Batch:[897] Adversarial images for this batch already exist
2026-01-22 21:23:11,577 - ADV_Generation_eps_1.0_steps_100_Added_Noise_uniform_Eps_40.0_Tau_Type_normal_anchors - INFO - Batch 898/2465: Clean accuracy 0.9900 | Adv accuracy: 0.0223 | Counter-attack accuracy: 0.9878
2026-01-22 21:23:11,578 - ADV_Generation_eps_1.0_steps_100_Added_Noise_uniform_Eps_40.0_Tau_Type_normal_anchors - INFO - Batch:[898] Adversarial images for this batch already exist
2026-01-22 21:23:11,902 - ADV_Generation_eps_1.0_steps_100_Added_Noise_uniform_Eps_40.0_Tau_Type_normal_anchors - INFO - Batch 899/2465: Clean accuracy 0.9900 | Adv accuracy: 0.0222 | Counter-attack accuracy: 0.9878
2026-01-22 21:23:11,903 - ADV_Generation_eps_1.0_steps_100_Added_Noise_uniform_Eps_40.0_Tau_Type_normal_anchors - INFO - Batch:[899] Adversarial images for this batch already exist
2026-01-22 21:23:12,229 - ADV_Generation_eps_1.0_steps_100_Added_Noise_uniform_Eps_40.0_Tau_Type_normal_anchors - INFO - Batch 900/2465: Clean accuracy 0.9900 | Adv accuracy: 0.0222 | Counter-attack accuracy: 0.9878
2026-01-22 21:23:12,230 - ADV_Generation_eps_1.0_steps_100_Added_Noise_uniform_Eps_40.0_Tau_Type_normal_anchors - INFO - Batch:[900] Adversarial images for this batch already exist
2026-01-22 21:23:12,558 - ADV_Generation_eps_1.0_steps_100_Added_Noise_uniform_Eps_40.0_Tau_Type_normal_anchors - INFO - Batch 901/2465: Clean accuracy 0.9889 | Adv accuracy: 0.0222 | Counter-attack accuracy: 0.9878
2026-01-22 21:23:12,559 - ADV_Generation_eps_1.0_steps_100_Added_Noise_uniform_Eps_40.0_Tau_Type_normal_anchors - INFO - Batch:[901] Adversarial images for this batch already exist
2026-01-22 21:23:12,881 - ADV_Generation_eps_1.0_steps_100_Added_Noise_uniform_Eps_40.0_Tau_Type_normal_anchors - INFO - Batch 902/2465: Clean accuracy 0.9889 | Adv accuracy: 0.0222 | Counter-attack accuracy: 0.9878
2026-01-22 21:23:12,882 - ADV_Generation_eps_1.0_steps_100_Added_Noise_uniform_Eps_40.0_Tau_Type_normal_anchors - INFO - Batch:[902] Adversarial images for this batch already exist
2026-01-22 21:23:13,213 - ADV_Generation_eps_1.0_steps_100_Added_Noise_uniform_Eps_40.0_Tau_Type_normal_anchors - INFO - Batch 903/2465: Clean accuracy 0.9889 | Adv accuracy: 0.0221 | Counter-attack accuracy: 0.9878
2026-01-22 21:23:13,214 - ADV_Generation_eps_1.0_steps_100_Added_Noise_uniform_Eps_40.0_Tau_Type_normal_anchors - INFO - Batch:[903] Adversarial images for this batch already exist
2026-01-22 21:23:13,540 - ADV_Generation_eps_1.0_steps_100_Added_Noise_uniform_Eps_40.0_Tau_Type_normal_anchors - INFO - Batch 904/2465: Clean accuracy 0.9889 | Adv accuracy: 0.0221 | Counter-attack accuracy: 0.9878
2026-01-22 21:23:13,542 - ADV_Generation_eps_1.0_steps_100_Added_Noise_uniform_Eps_40.0_Tau_Type_normal_anchors - INFO - Batch:[904] Adversarial images for this batch already exist
2026-01-22 21:23:13,863 - ADV_Generation_eps_1.0_steps_100_Added_Noise_uniform_Eps_40.0_Tau_Type_normal_anchors - INFO - Batch 905/2465: Clean accuracy 0.9890 | Adv accuracy: 0.0221 | Counter-attack accuracy: 0.9878
2026-01-22 21:23:13,864 - ADV_Generation_eps_1.0_steps_100_Added_Noise_uniform_Eps_40.0_Tau_Type_normal_anchors - INFO - Batch:[905] Adversarial images for this batch already exist
2026-01-22 21:23:14,190 - ADV_Generation_eps_1.0_steps_100_Added_Noise_uniform_Eps_40.0_Tau_Type_normal_anchors - INFO - Batch 906/2465: Clean accuracy 0.9890 | Adv accuracy: 0.0221 | Counter-attack accuracy: 0.9879
2026-01-22 21:23:14,191 - ADV_Generation_eps_1.0_steps_100_Added_Noise_uniform_Eps_40.0_Tau_Type_normal_anchors - INFO - Batch:[906] Adversarial images for this batch already exist
2026-01-22 21:23:14,571 - ADV_Generation_eps_1.0_steps_100_Added_Noise_uniform_Eps_40.0_Tau_Type_normal_anchors - INFO - Batch 907/2465: Clean accuracy 0.9890 | Adv accuracy: 0.0221 | Counter-attack accuracy: 0.9879
2026-01-22 21:23:14,571 - ADV_Generation_eps_1.0_steps_100_Added_Noise_uniform_Eps_40.0_Tau_Type_normal_anchors - INFO - Batch:[907] Adversarial images for this batch already exist
2026-01-22 21:23:14,897 - ADV_Generation_eps_1.0_steps_100_Added_Noise_uniform_Eps_40.0_Tau_Type_normal_anchors - INFO - Batch 908/2465: Clean accuracy 0.9890 | Adv accuracy: 0.0220 | Counter-attack accuracy: 0.9879
2026-01-22 21:23:14,898 - ADV_Generation_eps_1.0_steps_100_Added_Noise_uniform_Eps_40.0_Tau_Type_normal_anchors - INFO - Batch:[908] Adversarial images for this batch already exist
2026-01-22 21:23:15,222 - ADV_Generation_eps_1.0_steps_100_Added_Noise_uniform_Eps_40.0_Tau_Type_normal_anchors - INFO - Batch 909/2465: Clean accuracy 0.9890 | Adv accuracy: 0.0220 | Counter-attack accuracy: 0.9879
2026-01-22 21:23:15,223 - ADV_Generation_eps_1.0_steps_100_Added_Noise_uniform_Eps_40.0_Tau_Type_normal_anchors - INFO - Batch:[909] Adversarial images for this batch already exist
2026-01-22 21:23:15,550 - ADV_Generation_eps_1.0_steps_100_Added_Noise_uniform_Eps_40.0_Tau_Type_normal_anchors - INFO - Batch 910/2465: Clean accuracy 0.9890 | Adv accuracy: 0.0220 | Counter-attack accuracy: 0.9879
2026-01-22 21:23:15,551 - ADV_Generation_eps_1.0_steps_100_Added_Noise_uniform_Eps_40.0_Tau_Type_normal_anchors - INFO - Batch:[910] Adversarial images for this batch already exist
2026-01-22 21:23:15,874 - ADV_Generation_eps_1.0_steps_100_Added_Noise_uniform_Eps_40.0_Tau_Type_normal_anchors - INFO - Batch 911/2465: Clean accuracy 0.9890 | Adv accuracy: 0.0220 | Counter-attack accuracy: 0.9879
2026-01-22 21:23:15,876 - ADV_Generation_eps_1.0_steps_100_Added_Noise_uniform_Eps_40.0_Tau_Type_normal_anchors - INFO - Batch:[911] Adversarial images for this batch already exist
2026-01-22 21:23:16,198 - ADV_Generation_eps_1.0_steps_100_Added_Noise_uniform_Eps_40.0_Tau_Type_normal_anchors - INFO - Batch 912/2465: Clean accuracy 0.9890 | Adv accuracy: 0.0219 | Counter-attack accuracy: 0.9879
2026-01-22 21:23:16,199 - ADV_Generation_eps_1.0_steps_100_Added_Noise_uniform_Eps_40.0_Tau_Type_normal_anchors - INFO - Batch:[912] Adversarial images for this batch already exist
2026-01-22 21:23:16,525 - ADV_Generation_eps_1.0_steps_100_Added_Noise_uniform_Eps_40.0_Tau_Type_normal_anchors - INFO - Batch 913/2465: Clean accuracy 0.9890 | Adv accuracy: 0.0219 | Counter-attack accuracy: 0.9880
2026-01-22 21:23:16,527 - ADV_Generation_eps_1.0_steps_100_Added_Noise_uniform_Eps_40.0_Tau_Type_normal_anchors - INFO - Batch:[913] Adversarial images for this batch already exist
2026-01-22 21:23:16,850 - ADV_Generation_eps_1.0_steps_100_Added_Noise_uniform_Eps_40.0_Tau_Type_normal_anchors - INFO - Batch 914/2465: Clean accuracy 0.9891 | Adv accuracy: 0.0219 | Counter-attack accuracy: 0.9880
2026-01-22 21:23:16,851 - ADV_Generation_eps_1.0_steps_100_Added_Noise_uniform_Eps_40.0_Tau_Type_normal_anchors - INFO - Batch:[914] Adversarial images for this batch already exist
2026-01-22 21:23:17,173 - ADV_Generation_eps_1.0_steps_100_Added_Noise_uniform_Eps_40.0_Tau_Type_normal_anchors - INFO - Batch 915/2465: Clean accuracy 0.9891 | Adv accuracy: 0.0219 | Counter-attack accuracy: 0.9880
2026-01-22 21:23:17,174 - ADV_Generation_eps_1.0_steps_100_Added_Noise_uniform_Eps_40.0_Tau_Type_normal_anchors - INFO - Batch:[915] Adversarial images for this batch already exist
2026-01-22 21:23:17,499 - ADV_Generation_eps_1.0_steps_100_Added_Noise_uniform_Eps_40.0_Tau_Type_normal_anchors - INFO - Batch 916/2465: Clean accuracy 0.9891 | Adv accuracy: 0.0218 | Counter-attack accuracy: 0.9880
2026-01-22 21:23:17,499 - ADV_Generation_eps_1.0_steps_100_Added_Noise_uniform_Eps_40.0_Tau_Type_normal_anchors - INFO - Batch:[916] Adversarial images for this batch already exist
2026-01-22 21:23:17,823 - ADV_Generation_eps_1.0_steps_100_Added_Noise_uniform_Eps_40.0_Tau_Type_normal_anchors - INFO - Batch 917/2465: Clean accuracy 0.9891 | Adv accuracy: 0.0218 | Counter-attack accuracy: 0.9880
2026-01-22 21:23:17,824 - ADV_Generation_eps_1.0_steps_100_Added_Noise_uniform_Eps_40.0_Tau_Type_normal_anchors - INFO - Batch:[917] Adversarial images for this batch already exist
2026-01-22 21:23:18,150 - ADV_Generation_eps_1.0_steps_100_Added_Noise_uniform_Eps_40.0_Tau_Type_normal_anchors - INFO - Batch 918/2465: Clean accuracy 0.9891 | Adv accuracy: 0.0218 | Counter-attack accuracy: 0.9880
2026-01-22 21:23:18,150 - ADV_Generation_eps_1.0_steps_100_Added_Noise_uniform_Eps_40.0_Tau_Type_normal_anchors - INFO - Batch:[918] Adversarial images for this batch already exist
2026-01-22 21:23:18,473 - ADV_Generation_eps_1.0_steps_100_Added_Noise_uniform_Eps_40.0_Tau_Type_normal_anchors - INFO - Batch 919/2465: Clean accuracy 0.9891 | Adv accuracy: 0.0218 | Counter-attack accuracy: 0.9880
2026-01-22 21:23:18,474 - ADV_Generation_eps_1.0_steps_100_Added_Noise_uniform_Eps_40.0_Tau_Type_normal_anchors - INFO - Batch:[919] Adversarial images for this batch already exist
2026-01-22 21:23:18,807 - ADV_Generation_eps_1.0_steps_100_Added_Noise_uniform_Eps_40.0_Tau_Type_normal_anchors - INFO - Batch 920/2465: Clean accuracy 0.9891 | Adv accuracy: 0.0217 | Counter-attack accuracy: 0.9880
2026-01-22 21:23:18,808 - ADV_Generation_eps_1.0_steps_100_Added_Noise_uniform_Eps_40.0_Tau_Type_normal_anchors - INFO - Batch:[920] Adversarial images for this batch already exist
2026-01-22 21:23:19,133 - ADV_Generation_eps_1.0_steps_100_Added_Noise_uniform_Eps_40.0_Tau_Type_normal_anchors - INFO - Batch 921/2465: Clean accuracy 0.9891 | Adv accuracy: 0.0217 | Counter-attack accuracy: 0.9870
2026-01-22 21:23:19,133 - ADV_Generation_eps_1.0_steps_100_Added_Noise_uniform_Eps_40.0_Tau_Type_normal_anchors - INFO - Batch:[921] Adversarial images for this batch already exist
2026-01-22 21:23:19,454 - ADV_Generation_eps_1.0_steps_100_Added_Noise_uniform_Eps_40.0_Tau_Type_normal_anchors - INFO - Batch 922/2465: Clean accuracy 0.9892 | Adv accuracy: 0.0217 | Counter-attack accuracy: 0.9870
2026-01-22 21:23:19,455 - ADV_Generation_eps_1.0_steps_100_Added_Noise_uniform_Eps_40.0_Tau_Type_normal_anchors - INFO - Batch:[922] Adversarial images for this batch already exist
2026-01-22 21:23:19,785 - ADV_Generation_eps_1.0_steps_100_Added_Noise_uniform_Eps_40.0_Tau_Type_normal_anchors - INFO - Batch 923/2465: Clean accuracy 0.9892 | Adv accuracy: 0.0217 | Counter-attack accuracy: 0.9870
2026-01-22 21:23:19,786 - ADV_Generation_eps_1.0_steps_100_Added_Noise_uniform_Eps_40.0_Tau_Type_normal_anchors - INFO - Batch:[923] Adversarial images for this batch already exist
2026-01-22 21:23:20,112 - ADV_Generation_eps_1.0_steps_100_Added_Noise_uniform_Eps_40.0_Tau_Type_normal_anchors - INFO - Batch 924/2465: Clean accuracy 0.9892 | Adv accuracy: 0.0216 | Counter-attack accuracy: 0.9870
2026-01-22 21:23:20,112 - ADV_Generation_eps_1.0_steps_100_Added_Noise_uniform_Eps_40.0_Tau_Type_normal_anchors - INFO - Batch:[924] Adversarial images for this batch already exist
2026-01-22 21:23:20,435 - ADV_Generation_eps_1.0_steps_100_Added_Noise_uniform_Eps_40.0_Tau_Type_normal_anchors - INFO - Batch 925/2465: Clean accuracy 0.9892 | Adv accuracy: 0.0216 | Counter-attack accuracy: 0.9870
2026-01-22 21:23:20,435 - ADV_Generation_eps_1.0_steps_100_Added_Noise_uniform_Eps_40.0_Tau_Type_normal_anchors - INFO - Batch:[925] Adversarial images for this batch already exist
2026-01-22 21:23:20,761 - ADV_Generation_eps_1.0_steps_100_Added_Noise_uniform_Eps_40.0_Tau_Type_normal_anchors - INFO - Batch 926/2465: Clean accuracy 0.9892 | Adv accuracy: 0.0216 | Counter-attack accuracy: 0.9870
2026-01-22 21:23:20,762 - ADV_Generation_eps_1.0_steps_100_Added_Noise_uniform_Eps_40.0_Tau_Type_normal_anchors - INFO - Batch:[926] Adversarial images for this batch already exist
2026-01-22 21:23:21,085 - ADV_Generation_eps_1.0_steps_100_Added_Noise_uniform_Eps_40.0_Tau_Type_normal_anchors - INFO - Batch 927/2465: Clean accuracy 0.9892 | Adv accuracy: 0.0216 | Counter-attack accuracy: 0.9871
2026-01-22 21:23:21,086 - ADV_Generation_eps_1.0_steps_100_Added_Noise_uniform_Eps_40.0_Tau_Type_normal_anchors - INFO - Batch:[927] Adversarial images for this batch already exist
2026-01-22 21:23:21,447 - ADV_Generation_eps_1.0_steps_100_Added_Noise_uniform_Eps_40.0_Tau_Type_normal_anchors - INFO - Batch 928/2465: Clean accuracy 0.9892 | Adv accuracy: 0.0216 | Counter-attack accuracy: 0.9871
2026-01-22 21:23:21,448 - ADV_Generation_eps_1.0_steps_100_Added_Noise_uniform_Eps_40.0_Tau_Type_normal_anchors - INFO - Batch:[928] Adversarial images for this batch already exist
2026-01-22 21:23:21,766 - ADV_Generation_eps_1.0_steps_100_Added_Noise_uniform_Eps_40.0_Tau_Type_normal_anchors - INFO - Batch 929/2465: Clean accuracy 0.9892 | Adv accuracy: 0.0215 | Counter-attack accuracy: 0.9871
2026-01-22 21:23:21,767 - ADV_Generation_eps_1.0_steps_100_Added_Noise_uniform_Eps_40.0_Tau_Type_normal_anchors - INFO - Batch:[929] Adversarial images for this batch already exist
2026-01-22 21:23:22,091 - ADV_Generation_eps_1.0_steps_100_Added_Noise_uniform_Eps_40.0_Tau_Type_normal_anchors - INFO - Batch 930/2465: Clean accuracy 0.9892 | Adv accuracy: 0.0215 | Counter-attack accuracy: 0.9871
2026-01-22 21:23:22,091 - ADV_Generation_eps_1.0_steps_100_Added_Noise_uniform_Eps_40.0_Tau_Type_normal_anchors - INFO - Batch:[930] Adversarial images for this batch already exist
2026-01-22 21:23:22,413 - ADV_Generation_eps_1.0_steps_100_Added_Noise_uniform_Eps_40.0_Tau_Type_normal_anchors - INFO - Batch 931/2465: Clean accuracy 0.9893 | Adv accuracy: 0.0215 | Counter-attack accuracy: 0.9871
2026-01-22 21:23:22,413 - ADV_Generation_eps_1.0_steps_100_Added_Noise_uniform_Eps_40.0_Tau_Type_normal_anchors - INFO - Batch:[931] Adversarial images for this batch already exist
2026-01-22 21:23:22,736 - ADV_Generation_eps_1.0_steps_100_Added_Noise_uniform_Eps_40.0_Tau_Type_normal_anchors - INFO - Batch 932/2465: Clean accuracy 0.9893 | Adv accuracy: 0.0215 | Counter-attack accuracy: 0.9871
2026-01-22 21:23:22,737 - ADV_Generation_eps_1.0_steps_100_Added_Noise_uniform_Eps_40.0_Tau_Type_normal_anchors - INFO - Batch:[932] Adversarial images for this batch already exist
2026-01-22 21:23:23,072 - ADV_Generation_eps_1.0_steps_100_Added_Noise_uniform_Eps_40.0_Tau_Type_normal_anchors - INFO - Batch 933/2465: Clean accuracy 0.9893 | Adv accuracy: 0.0214 | Counter-attack accuracy: 0.9871
2026-01-22 21:23:23,072 - ADV_Generation_eps_1.0_steps_100_Added_Noise_uniform_Eps_40.0_Tau_Type_normal_anchors - INFO - Batch:[933] Adversarial images for this batch already exist
2026-01-22 21:23:23,398 - ADV_Generation_eps_1.0_steps_100_Added_Noise_uniform_Eps_40.0_Tau_Type_normal_anchors - INFO - Batch 934/2465: Clean accuracy 0.9893 | Adv accuracy: 0.0214 | Counter-attack accuracy: 0.9872
2026-01-22 21:23:23,398 - ADV_Generation_eps_1.0_steps_100_Added_Noise_uniform_Eps_40.0_Tau_Type_normal_anchors - INFO - Batch:[934] Adversarial images for this batch already exist
2026-01-22 21:23:23,721 - ADV_Generation_eps_1.0_steps_100_Added_Noise_uniform_Eps_40.0_Tau_Type_normal_anchors - INFO - Batch 935/2465: Clean accuracy 0.9893 | Adv accuracy: 0.0214 | Counter-attack accuracy: 0.9872
2026-01-22 21:23:23,722 - ADV_Generation_eps_1.0_steps_100_Added_Noise_uniform_Eps_40.0_Tau_Type_normal_anchors - INFO - Batch:[935] Adversarial images for this batch already exist
2026-01-22 21:23:24,046 - ADV_Generation_eps_1.0_steps_100_Added_Noise_uniform_Eps_40.0_Tau_Type_normal_anchors - INFO - Batch 936/2465: Clean accuracy 0.9893 | Adv accuracy: 0.0214 | Counter-attack accuracy: 0.9872
2026-01-22 21:23:24,047 - ADV_Generation_eps_1.0_steps_100_Added_Noise_uniform_Eps_40.0_Tau_Type_normal_anchors - INFO - Batch:[936] Adversarial images for this batch already exist
2026-01-22 21:23:24,375 - ADV_Generation_eps_1.0_steps_100_Added_Noise_uniform_Eps_40.0_Tau_Type_normal_anchors - INFO - Batch 937/2465: Clean accuracy 0.9893 | Adv accuracy: 0.0213 | Counter-attack accuracy: 0.9872
2026-01-22 21:23:24,376 - ADV_Generation_eps_1.0_steps_100_Added_Noise_uniform_Eps_40.0_Tau_Type_normal_anchors - INFO - Batch:[937] Adversarial images for this batch already exist
2026-01-22 21:23:24,701 - ADV_Generation_eps_1.0_steps_100_Added_Noise_uniform_Eps_40.0_Tau_Type_normal_anchors - INFO - Batch 938/2465: Clean accuracy 0.9893 | Adv accuracy: 0.0213 | Counter-attack accuracy: 0.9872
2026-01-22 21:23:24,702 - ADV_Generation_eps_1.0_steps_100_Added_Noise_uniform_Eps_40.0_Tau_Type_normal_anchors - INFO - Batch:[938] Adversarial images for this batch already exist
2026-01-22 21:23:25,029 - ADV_Generation_eps_1.0_steps_100_Added_Noise_uniform_Eps_40.0_Tau_Type_normal_anchors - INFO - Batch 939/2465: Clean accuracy 0.9894 | Adv accuracy: 0.0213 | Counter-attack accuracy: 0.9872
2026-01-22 21:23:25,030 - ADV_Generation_eps_1.0_steps_100_Added_Noise_uniform_Eps_40.0_Tau_Type_normal_anchors - INFO - Batch:[939] Adversarial images for this batch already exist
2026-01-22 21:23:25,351 - ADV_Generation_eps_1.0_steps_100_Added_Noise_uniform_Eps_40.0_Tau_Type_normal_anchors - INFO - Batch 940/2465: Clean accuracy 0.9894 | Adv accuracy: 0.0213 | Counter-attack accuracy: 0.9872
2026-01-22 21:23:25,352 - ADV_Generation_eps_1.0_steps_100_Added_Noise_uniform_Eps_40.0_Tau_Type_normal_anchors - INFO - Batch:[940] Adversarial images for this batch already exist
2026-01-22 21:23:25,686 - ADV_Generation_eps_1.0_steps_100_Added_Noise_uniform_Eps_40.0_Tau_Type_normal_anchors - INFO - Batch 941/2465: Clean accuracy 0.9894 | Adv accuracy: 0.0213 | Counter-attack accuracy: 0.9872
2026-01-22 21:23:25,687 - ADV_Generation_eps_1.0_steps_100_Added_Noise_uniform_Eps_40.0_Tau_Type_normal_anchors - INFO - Batch:[941] Adversarial images for this batch already exist
2026-01-22 21:23:26,012 - ADV_Generation_eps_1.0_steps_100_Added_Noise_uniform_Eps_40.0_Tau_Type_normal_anchors - INFO - Batch 942/2465: Clean accuracy 0.9894 | Adv accuracy: 0.0212 | Counter-attack accuracy: 0.9873
2026-01-22 21:23:26,013 - ADV_Generation_eps_1.0_steps_100_Added_Noise_uniform_Eps_40.0_Tau_Type_normal_anchors - INFO - Batch:[942] Adversarial images for this batch already exist
2026-01-22 21:23:26,337 - ADV_Generation_eps_1.0_steps_100_Added_Noise_uniform_Eps_40.0_Tau_Type_normal_anchors - INFO - Batch 943/2465: Clean accuracy 0.9894 | Adv accuracy: 0.0212 | Counter-attack accuracy: 0.9873
2026-01-22 21:23:26,337 - ADV_Generation_eps_1.0_steps_100_Added_Noise_uniform_Eps_40.0_Tau_Type_normal_anchors - INFO - Batch:[943] Adversarial images for this batch already exist
2026-01-22 21:23:26,665 - ADV_Generation_eps_1.0_steps_100_Added_Noise_uniform_Eps_40.0_Tau_Type_normal_anchors - INFO - Batch 944/2465: Clean accuracy 0.9894 | Adv accuracy: 0.0212 | Counter-attack accuracy: 0.9873
2026-01-22 21:23:26,666 - ADV_Generation_eps_1.0_steps_100_Added_Noise_uniform_Eps_40.0_Tau_Type_normal_anchors - INFO - Batch:[944] Adversarial images for this batch already exist
2026-01-22 21:23:27,000 - ADV_Generation_eps_1.0_steps_100_Added_Noise_uniform_Eps_40.0_Tau_Type_normal_anchors - INFO - Batch 945/2465: Clean accuracy 0.9894 | Adv accuracy: 0.0212 | Counter-attack accuracy: 0.9873
2026-01-22 21:23:27,001 - ADV_Generation_eps_1.0_steps_100_Added_Noise_uniform_Eps_40.0_Tau_Type_normal_anchors - INFO - Batch:[945] Adversarial images for this batch already exist
2026-01-22 21:23:27,323 - ADV_Generation_eps_1.0_steps_100_Added_Noise_uniform_Eps_40.0_Tau_Type_normal_anchors - INFO - Batch 946/2465: Clean accuracy 0.9894 | Adv accuracy: 0.0211 | Counter-attack accuracy: 0.9873
2026-01-22 21:23:27,323 - ADV_Generation_eps_1.0_steps_100_Added_Noise_uniform_Eps_40.0_Tau_Type_normal_anchors - INFO - Batch:[946] Adversarial images for this batch already exist
2026-01-22 21:23:27,651 - ADV_Generation_eps_1.0_steps_100_Added_Noise_uniform_Eps_40.0_Tau_Type_normal_anchors - INFO - Batch 947/2465: Clean accuracy 0.9894 | Adv accuracy: 0.0211 | Counter-attack accuracy: 0.9873
2026-01-22 21:23:27,652 - ADV_Generation_eps_1.0_steps_100_Added_Noise_uniform_Eps_40.0_Tau_Type_normal_anchors - INFO - Batch:[947] Adversarial images for this batch already exist
2026-01-22 21:23:27,974 - ADV_Generation_eps_1.0_steps_100_Added_Noise_uniform_Eps_40.0_Tau_Type_normal_anchors - INFO - Batch 948/2465: Clean accuracy 0.9895 | Adv accuracy: 0.0211 | Counter-attack accuracy: 0.9873
2026-01-22 21:23:27,975 - ADV_Generation_eps_1.0_steps_100_Added_Noise_uniform_Eps_40.0_Tau_Type_normal_anchors - INFO - Batch:[948] Adversarial images for this batch already exist
2026-01-22 21:23:28,308 - ADV_Generation_eps_1.0_steps_100_Added_Noise_uniform_Eps_40.0_Tau_Type_normal_anchors - INFO - Batch 949/2465: Clean accuracy 0.9895 | Adv accuracy: 0.0211 | Counter-attack accuracy: 0.9874
2026-01-22 21:23:28,309 - ADV_Generation_eps_1.0_steps_100_Added_Noise_uniform_Eps_40.0_Tau_Type_normal_anchors - INFO - Batch:[949] Adversarial images for this batch already exist
2026-01-22 21:23:28,631 - ADV_Generation_eps_1.0_steps_100_Added_Noise_uniform_Eps_40.0_Tau_Type_normal_anchors - INFO - Batch 950/2465: Clean accuracy 0.9895 | Adv accuracy: 0.0211 | Counter-attack accuracy: 0.9874
2026-01-22 21:23:28,633 - ADV_Generation_eps_1.0_steps_100_Added_Noise_uniform_Eps_40.0_Tau_Type_normal_anchors - INFO - Batch:[950] Adversarial images for this batch already exist
2026-01-22 21:23:28,959 - ADV_Generation_eps_1.0_steps_100_Added_Noise_uniform_Eps_40.0_Tau_Type_normal_anchors - INFO - Batch 951/2465: Clean accuracy 0.9895 | Adv accuracy: 0.0210 | Counter-attack accuracy: 0.9874
2026-01-22 21:23:28,960 - ADV_Generation_eps_1.0_steps_100_Added_Noise_uniform_Eps_40.0_Tau_Type_normal_anchors - INFO - Batch:[951] Adversarial images for this batch already exist
2026-01-22 21:23:29,275 - ADV_Generation_eps_1.0_steps_100_Added_Noise_uniform_Eps_40.0_Tau_Type_normal_anchors - INFO - Batch 952/2465: Clean accuracy 0.9895 | Adv accuracy: 0.0210 | Counter-attack accuracy: 0.9874
2026-01-22 21:23:29,275 - ADV_Generation_eps_1.0_steps_100_Added_Noise_uniform_Eps_40.0_Tau_Type_normal_anchors - INFO - Batch:[952] Adversarial images for this batch already exist
2026-01-22 21:23:29,599 - ADV_Generation_eps_1.0_steps_100_Added_Noise_uniform_Eps_40.0_Tau_Type_normal_anchors - INFO - Batch 953/2465: Clean accuracy 0.9895 | Adv accuracy: 0.0210 | Counter-attack accuracy: 0.9874
2026-01-22 21:23:29,600 - ADV_Generation_eps_1.0_steps_100_Added_Noise_uniform_Eps_40.0_Tau_Type_normal_anchors - INFO - Batch:[953] Adversarial images for this batch already exist
2026-01-22 21:23:29,928 - ADV_Generation_eps_1.0_steps_100_Added_Noise_uniform_Eps_40.0_Tau_Type_normal_anchors - INFO - Batch 954/2465: Clean accuracy 0.9895 | Adv accuracy: 0.0210 | Counter-attack accuracy: 0.9874
2026-01-22 21:23:29,929 - ADV_Generation_eps_1.0_steps_100_Added_Noise_uniform_Eps_40.0_Tau_Type_normal_anchors - INFO - Batch:[954] Adversarial images for this batch already exist
2026-01-22 21:23:30,256 - ADV_Generation_eps_1.0_steps_100_Added_Noise_uniform_Eps_40.0_Tau_Type_normal_anchors - INFO - Batch 955/2465: Clean accuracy 0.9895 | Adv accuracy: 0.0209 | Counter-attack accuracy: 0.9874
2026-01-22 21:23:30,257 - ADV_Generation_eps_1.0_steps_100_Added_Noise_uniform_Eps_40.0_Tau_Type_normal_anchors - INFO - Batch:[955] Adversarial images for this batch already exist
2026-01-22 21:23:30,579 - ADV_Generation_eps_1.0_steps_100_Added_Noise_uniform_Eps_40.0_Tau_Type_normal_anchors - INFO - Batch 956/2465: Clean accuracy 0.9895 | Adv accuracy: 0.0209 | Counter-attack accuracy: 0.9874
2026-01-22 21:23:30,580 - ADV_Generation_eps_1.0_steps_100_Added_Noise_uniform_Eps_40.0_Tau_Type_normal_anchors - INFO - Batch:[956] Adversarial images for this batch already exist
2026-01-22 21:23:30,906 - ADV_Generation_eps_1.0_steps_100_Added_Noise_uniform_Eps_40.0_Tau_Type_normal_anchors - INFO - Batch 957/2465: Clean accuracy 0.9896 | Adv accuracy: 0.0209 | Counter-attack accuracy: 0.9875
2026-01-22 21:23:30,907 - ADV_Generation_eps_1.0_steps_100_Added_Noise_uniform_Eps_40.0_Tau_Type_normal_anchors - INFO - Batch:[957] Adversarial images for this batch already exist
2026-01-22 21:23:31,231 - ADV_Generation_eps_1.0_steps_100_Added_Noise_uniform_Eps_40.0_Tau_Type_normal_anchors - INFO - Batch 958/2465: Clean accuracy 0.9896 | Adv accuracy: 0.0209 | Counter-attack accuracy: 0.9875
2026-01-22 21:23:31,233 - ADV_Generation_eps_1.0_steps_100_Added_Noise_uniform_Eps_40.0_Tau_Type_normal_anchors - INFO - Batch:[958] Adversarial images for this batch already exist
2026-01-22 21:23:31,578 - ADV_Generation_eps_1.0_steps_100_Added_Noise_uniform_Eps_40.0_Tau_Type_normal_anchors - INFO - Batch 959/2465: Clean accuracy 0.9896 | Adv accuracy: 0.0209 | Counter-attack accuracy: 0.9875
2026-01-22 21:23:31,578 - ADV_Generation_eps_1.0_steps_100_Added_Noise_uniform_Eps_40.0_Tau_Type_normal_anchors - INFO - Batch:[959] Adversarial images for this batch already exist
2026-01-22 21:23:31,906 - ADV_Generation_eps_1.0_steps_100_Added_Noise_uniform_Eps_40.0_Tau_Type_normal_anchors - INFO - Batch 960/2465: Clean accuracy 0.9896 | Adv accuracy: 0.0208 | Counter-attack accuracy: 0.9875
2026-01-22 21:23:31,906 - ADV_Generation_eps_1.0_steps_100_Added_Noise_uniform_Eps_40.0_Tau_Type_normal_anchors - INFO - Batch:[960] Adversarial images for this batch already exist
2026-01-22 21:23:32,225 - ADV_Generation_eps_1.0_steps_100_Added_Noise_uniform_Eps_40.0_Tau_Type_normal_anchors - INFO - Batch 961/2465: Clean accuracy 0.9896 | Adv accuracy: 0.0208 | Counter-attack accuracy: 0.9875
2026-01-22 21:23:32,226 - ADV_Generation_eps_1.0_steps_100_Added_Noise_uniform_Eps_40.0_Tau_Type_normal_anchors - INFO - Batch:[961] Adversarial images for this batch already exist
2026-01-22 21:23:32,557 - ADV_Generation_eps_1.0_steps_100_Added_Noise_uniform_Eps_40.0_Tau_Type_normal_anchors - INFO - Batch 962/2465: Clean accuracy 0.9896 | Adv accuracy: 0.0208 | Counter-attack accuracy: 0.9875
2026-01-22 21:23:32,557 - ADV_Generation_eps_1.0_steps_100_Added_Noise_uniform_Eps_40.0_Tau_Type_normal_anchors - INFO - Batch:[962] Adversarial images for this batch already exist
2026-01-22 21:23:32,893 - ADV_Generation_eps_1.0_steps_100_Added_Noise_uniform_Eps_40.0_Tau_Type_normal_anchors - INFO - Batch 963/2465: Clean accuracy 0.9896 | Adv accuracy: 0.0208 | Counter-attack accuracy: 0.9875
2026-01-22 21:23:32,895 - ADV_Generation_eps_1.0_steps_100_Added_Noise_uniform_Eps_40.0_Tau_Type_normal_anchors - INFO - Batch:[963] Adversarial images for this batch already exist
2026-01-22 21:23:33,232 - ADV_Generation_eps_1.0_steps_100_Added_Noise_uniform_Eps_40.0_Tau_Type_normal_anchors - INFO - Batch 964/2465: Clean accuracy 0.9896 | Adv accuracy: 0.0207 | Counter-attack accuracy: 0.9876
2026-01-22 21:23:33,233 - ADV_Generation_eps_1.0_steps_100_Added_Noise_uniform_Eps_40.0_Tau_Type_normal_anchors - INFO - Batch:[964] Adversarial images for this batch already exist
2026-01-22 21:23:33,561 - ADV_Generation_eps_1.0_steps_100_Added_Noise_uniform_Eps_40.0_Tau_Type_normal_anchors - INFO - Batch 965/2465: Clean accuracy 0.9896 | Adv accuracy: 0.0207 | Counter-attack accuracy: 0.9876
2026-01-22 21:23:33,562 - ADV_Generation_eps_1.0_steps_100_Added_Noise_uniform_Eps_40.0_Tau_Type_normal_anchors - INFO - Batch:[965] Adversarial images for this batch already exist
2026-01-22 21:23:33,889 - ADV_Generation_eps_1.0_steps_100_Added_Noise_uniform_Eps_40.0_Tau_Type_normal_anchors - INFO - Batch 966/2465: Clean accuracy 0.9896 | Adv accuracy: 0.0207 | Counter-attack accuracy: 0.9876
2026-01-22 21:23:33,889 - ADV_Generation_eps_1.0_steps_100_Added_Noise_uniform_Eps_40.0_Tau_Type_normal_anchors - INFO - Batch:[966] Adversarial images for this batch already exist
2026-01-22 21:23:34,223 - ADV_Generation_eps_1.0_steps_100_Added_Noise_uniform_Eps_40.0_Tau_Type_normal_anchors - INFO - Batch 967/2465: Clean accuracy 0.9897 | Adv accuracy: 0.0207 | Counter-attack accuracy: 0.9876
2026-01-22 21:23:34,224 - ADV_Generation_eps_1.0_steps_100_Added_Noise_uniform_Eps_40.0_Tau_Type_normal_anchors - INFO - Batch:[967] Adversarial images for this batch already exist
2026-01-22 21:23:34,543 - ADV_Generation_eps_1.0_steps_100_Added_Noise_uniform_Eps_40.0_Tau_Type_normal_anchors - INFO - Batch 968/2465: Clean accuracy 0.9897 | Adv accuracy: 0.0207 | Counter-attack accuracy: 0.9876
2026-01-22 21:23:34,544 - ADV_Generation_eps_1.0_steps_100_Added_Noise_uniform_Eps_40.0_Tau_Type_normal_anchors - INFO - Batch:[968] Adversarial images for this batch already exist
2026-01-22 21:23:34,869 - ADV_Generation_eps_1.0_steps_100_Added_Noise_uniform_Eps_40.0_Tau_Type_normal_anchors - INFO - Batch 969/2465: Clean accuracy 0.9897 | Adv accuracy: 0.0206 | Counter-attack accuracy: 0.9876
2026-01-22 21:23:34,870 - ADV_Generation_eps_1.0_steps_100_Added_Noise_uniform_Eps_40.0_Tau_Type_normal_anchors - INFO - Batch:[969] Adversarial images for this batch already exist
2026-01-22 21:23:35,193 - ADV_Generation_eps_1.0_steps_100_Added_Noise_uniform_Eps_40.0_Tau_Type_normal_anchors - INFO - Batch 970/2465: Clean accuracy 0.9897 | Adv accuracy: 0.0206 | Counter-attack accuracy: 0.9876
2026-01-22 21:23:35,194 - ADV_Generation_eps_1.0_steps_100_Added_Noise_uniform_Eps_40.0_Tau_Type_normal_anchors - INFO - Batch:[970] Adversarial images for this batch already exist
2026-01-22 21:23:35,518 - ADV_Generation_eps_1.0_steps_100_Added_Noise_uniform_Eps_40.0_Tau_Type_normal_anchors - INFO - Batch 971/2465: Clean accuracy 0.9897 | Adv accuracy: 0.0206 | Counter-attack accuracy: 0.9876
2026-01-22 21:23:35,519 - ADV_Generation_eps_1.0_steps_100_Added_Noise_uniform_Eps_40.0_Tau_Type_normal_anchors - INFO - Batch:[971] Adversarial images for this batch already exist
2026-01-22 21:23:35,843 - ADV_Generation_eps_1.0_steps_100_Added_Noise_uniform_Eps_40.0_Tau_Type_normal_anchors - INFO - Batch 972/2465: Clean accuracy 0.9897 | Adv accuracy: 0.0206 | Counter-attack accuracy: 0.9877
2026-01-22 21:23:35,844 - ADV_Generation_eps_1.0_steps_100_Added_Noise_uniform_Eps_40.0_Tau_Type_normal_anchors - INFO - Batch:[972] Adversarial images for this batch already exist
2026-01-22 21:23:36,173 - ADV_Generation_eps_1.0_steps_100_Added_Noise_uniform_Eps_40.0_Tau_Type_normal_anchors - INFO - Batch 973/2465: Clean accuracy 0.9897 | Adv accuracy: 0.0206 | Counter-attack accuracy: 0.9877
2026-01-22 21:23:36,174 - ADV_Generation_eps_1.0_steps_100_Added_Noise_uniform_Eps_40.0_Tau_Type_normal_anchors - INFO - Batch:[973] Adversarial images for this batch already exist
2026-01-22 21:23:36,501 - ADV_Generation_eps_1.0_steps_100_Added_Noise_uniform_Eps_40.0_Tau_Type_normal_anchors - INFO - Batch 974/2465: Clean accuracy 0.9897 | Adv accuracy: 0.0205 | Counter-attack accuracy: 0.9877
2026-01-22 21:23:36,501 - ADV_Generation_eps_1.0_steps_100_Added_Noise_uniform_Eps_40.0_Tau_Type_normal_anchors - INFO - Batch:[974] Adversarial images for this batch already exist
2026-01-22 21:23:36,829 - ADV_Generation_eps_1.0_steps_100_Added_Noise_uniform_Eps_40.0_Tau_Type_normal_anchors - INFO - Batch 975/2465: Clean accuracy 0.9897 | Adv accuracy: 0.0205 | Counter-attack accuracy: 0.9877
2026-01-22 21:23:36,830 - ADV_Generation_eps_1.0_steps_100_Added_Noise_uniform_Eps_40.0_Tau_Type_normal_anchors - INFO - Batch:[975] Adversarial images for this batch already exist
2026-01-22 21:23:37,157 - ADV_Generation_eps_1.0_steps_100_Added_Noise_uniform_Eps_40.0_Tau_Type_normal_anchors - INFO - Batch 976/2465: Clean accuracy 0.9898 | Adv accuracy: 0.0205 | Counter-attack accuracy: 0.9877
2026-01-22 21:23:37,157 - ADV_Generation_eps_1.0_steps_100_Added_Noise_uniform_Eps_40.0_Tau_Type_normal_anchors - INFO - Batch:[976] Adversarial images for this batch already exist
2026-01-22 21:23:37,480 - ADV_Generation_eps_1.0_steps_100_Added_Noise_uniform_Eps_40.0_Tau_Type_normal_anchors - INFO - Batch 977/2465: Clean accuracy 0.9898 | Adv accuracy: 0.0205 | Counter-attack accuracy: 0.9877
2026-01-22 21:23:37,481 - ADV_Generation_eps_1.0_steps_100_Added_Noise_uniform_Eps_40.0_Tau_Type_normal_anchors - INFO - Batch:[977] Adversarial images for this batch already exist
2026-01-22 21:23:37,807 - ADV_Generation_eps_1.0_steps_100_Added_Noise_uniform_Eps_40.0_Tau_Type_normal_anchors - INFO - Batch 978/2465: Clean accuracy 0.9898 | Adv accuracy: 0.0204 | Counter-attack accuracy: 0.9877
2026-01-22 21:23:37,807 - ADV_Generation_eps_1.0_steps_100_Added_Noise_uniform_Eps_40.0_Tau_Type_normal_anchors - INFO - Batch:[978] Adversarial images for this batch already exist
2026-01-22 21:23:38,137 - ADV_Generation_eps_1.0_steps_100_Added_Noise_uniform_Eps_40.0_Tau_Type_normal_anchors - INFO - Batch 979/2465: Clean accuracy 0.9898 | Adv accuracy: 0.0204 | Counter-attack accuracy: 0.9877
2026-01-22 21:23:38,138 - ADV_Generation_eps_1.0_steps_100_Added_Noise_uniform_Eps_40.0_Tau_Type_normal_anchors - INFO - Batch:[979] Adversarial images for this batch already exist
2026-01-22 21:23:38,464 - ADV_Generation_eps_1.0_steps_100_Added_Noise_uniform_Eps_40.0_Tau_Type_normal_anchors - INFO - Batch 980/2465: Clean accuracy 0.9898 | Adv accuracy: 0.0204 | Counter-attack accuracy: 0.9878
2026-01-22 21:23:38,465 - ADV_Generation_eps_1.0_steps_100_Added_Noise_uniform_Eps_40.0_Tau_Type_normal_anchors - INFO - Batch:[980] Adversarial images for this batch already exist
2026-01-22 21:23:38,791 - ADV_Generation_eps_1.0_steps_100_Added_Noise_uniform_Eps_40.0_Tau_Type_normal_anchors - INFO - Batch 981/2465: Clean accuracy 0.9898 | Adv accuracy: 0.0204 | Counter-attack accuracy: 0.9878
2026-01-22 21:23:38,791 - ADV_Generation_eps_1.0_steps_100_Added_Noise_uniform_Eps_40.0_Tau_Type_normal_anchors - INFO - Batch:[981] Adversarial images for this batch already exist
2026-01-22 21:23:39,118 - ADV_Generation_eps_1.0_steps_100_Added_Noise_uniform_Eps_40.0_Tau_Type_normal_anchors - INFO - Batch 982/2465: Clean accuracy 0.9898 | Adv accuracy: 0.0204 | Counter-attack accuracy: 0.9878
2026-01-22 21:23:39,118 - ADV_Generation_eps_1.0_steps_100_Added_Noise_uniform_Eps_40.0_Tau_Type_normal_anchors - INFO - Batch:[982] Adversarial images for this batch already exist
2026-01-22 21:23:39,443 - ADV_Generation_eps_1.0_steps_100_Added_Noise_uniform_Eps_40.0_Tau_Type_normal_anchors - INFO - Batch 983/2465: Clean accuracy 0.9898 | Adv accuracy: 0.0203 | Counter-attack accuracy: 0.9878
2026-01-22 21:23:39,443 - ADV_Generation_eps_1.0_steps_100_Added_Noise_uniform_Eps_40.0_Tau_Type_normal_anchors - INFO - Batch:[983] Adversarial images for this batch already exist
2026-01-22 21:23:39,764 - ADV_Generation_eps_1.0_steps_100_Added_Noise_uniform_Eps_40.0_Tau_Type_normal_anchors - INFO - Batch 984/2465: Clean accuracy 0.9898 | Adv accuracy: 0.0203 | Counter-attack accuracy: 0.9878
2026-01-22 21:23:39,766 - ADV_Generation_eps_1.0_steps_100_Added_Noise_uniform_Eps_40.0_Tau_Type_normal_anchors - INFO - Batch:[984] Adversarial images for this batch already exist
2026-01-22 21:23:40,094 - ADV_Generation_eps_1.0_steps_100_Added_Noise_uniform_Eps_40.0_Tau_Type_normal_anchors - INFO - Batch 985/2465: Clean accuracy 0.9898 | Adv accuracy: 0.0203 | Counter-attack accuracy: 0.9878
2026-01-22 21:23:40,094 - ADV_Generation_eps_1.0_steps_100_Added_Noise_uniform_Eps_40.0_Tau_Type_normal_anchors - INFO - Batch:[985] Adversarial images for this batch already exist
2026-01-22 21:23:40,420 - ADV_Generation_eps_1.0_steps_100_Added_Noise_uniform_Eps_40.0_Tau_Type_normal_anchors - INFO - Batch 986/2465: Clean accuracy 0.9899 | Adv accuracy: 0.0203 | Counter-attack accuracy: 0.9878
2026-01-22 21:23:40,420 - ADV_Generation_eps_1.0_steps_100_Added_Noise_uniform_Eps_40.0_Tau_Type_normal_anchors - INFO - Batch:[986] Adversarial images for this batch already exist
2026-01-22 21:23:40,743 - ADV_Generation_eps_1.0_steps_100_Added_Noise_uniform_Eps_40.0_Tau_Type_normal_anchors - INFO - Batch 987/2465: Clean accuracy 0.9899 | Adv accuracy: 0.0203 | Counter-attack accuracy: 0.9878
2026-01-22 21:23:40,744 - ADV_Generation_eps_1.0_steps_100_Added_Noise_uniform_Eps_40.0_Tau_Type_normal_anchors - INFO - Batch:[987] Adversarial images for this batch already exist
2026-01-22 21:23:41,063 - ADV_Generation_eps_1.0_steps_100_Added_Noise_uniform_Eps_40.0_Tau_Type_normal_anchors - INFO - Batch 988/2465: Clean accuracy 0.9899 | Adv accuracy: 0.0202 | Counter-attack accuracy: 0.9879
2026-01-22 21:23:41,064 - ADV_Generation_eps_1.0_steps_100_Added_Noise_uniform_Eps_40.0_Tau_Type_normal_anchors - INFO - Batch:[988] Adversarial images for this batch already exist
2026-01-22 21:23:41,394 - ADV_Generation_eps_1.0_steps_100_Added_Noise_uniform_Eps_40.0_Tau_Type_normal_anchors - INFO - Batch 989/2465: Clean accuracy 0.9899 | Adv accuracy: 0.0202 | Counter-attack accuracy: 0.9879
2026-01-22 21:23:41,394 - ADV_Generation_eps_1.0_steps_100_Added_Noise_uniform_Eps_40.0_Tau_Type_normal_anchors - INFO - Batch:[989] Adversarial images for this batch already exist
2026-01-22 21:23:41,719 - ADV_Generation_eps_1.0_steps_100_Added_Noise_uniform_Eps_40.0_Tau_Type_normal_anchors - INFO - Batch 990/2465: Clean accuracy 0.9899 | Adv accuracy: 0.0202 | Counter-attack accuracy: 0.9879
2026-01-22 21:23:41,721 - ADV_Generation_eps_1.0_steps_100_Added_Noise_uniform_Eps_40.0_Tau_Type_normal_anchors - INFO - Batch:[990] Adversarial images for this batch already exist
2026-01-22 21:23:42,049 - ADV_Generation_eps_1.0_steps_100_Added_Noise_uniform_Eps_40.0_Tau_Type_normal_anchors - INFO - Batch 991/2465: Clean accuracy 0.9899 | Adv accuracy: 0.0202 | Counter-attack accuracy: 0.9879
2026-01-22 21:23:42,050 - ADV_Generation_eps_1.0_steps_100_Added_Noise_uniform_Eps_40.0_Tau_Type_normal_anchors - INFO - Batch:[991] Adversarial images for this batch already exist
2026-01-22 21:23:42,373 - ADV_Generation_eps_1.0_steps_100_Added_Noise_uniform_Eps_40.0_Tau_Type_normal_anchors - INFO - Batch 992/2465: Clean accuracy 0.9899 | Adv accuracy: 0.0202 | Counter-attack accuracy: 0.9879
2026-01-22 21:23:42,374 - ADV_Generation_eps_1.0_steps_100_Added_Noise_uniform_Eps_40.0_Tau_Type_normal_anchors - INFO - Batch:[992] Adversarial images for this batch already exist
2026-01-22 21:23:42,697 - ADV_Generation_eps_1.0_steps_100_Added_Noise_uniform_Eps_40.0_Tau_Type_normal_anchors - INFO - Batch 993/2465: Clean accuracy 0.9899 | Adv accuracy: 0.0201 | Counter-attack accuracy: 0.9879
2026-01-22 21:23:42,699 - ADV_Generation_eps_1.0_steps_100_Added_Noise_uniform_Eps_40.0_Tau_Type_normal_anchors - INFO - Batch:[993] Adversarial images for this batch already exist
2026-01-22 21:23:43,024 - ADV_Generation_eps_1.0_steps_100_Added_Noise_uniform_Eps_40.0_Tau_Type_normal_anchors - INFO - Batch 994/2465: Clean accuracy 0.9899 | Adv accuracy: 0.0201 | Counter-attack accuracy: 0.9879
2026-01-22 21:23:43,025 - ADV_Generation_eps_1.0_steps_100_Added_Noise_uniform_Eps_40.0_Tau_Type_normal_anchors - INFO - Batch:[994] Adversarial images for this batch already exist
2026-01-22 21:23:43,356 - ADV_Generation_eps_1.0_steps_100_Added_Noise_uniform_Eps_40.0_Tau_Type_normal_anchors - INFO - Batch 995/2465: Clean accuracy 0.9899 | Adv accuracy: 0.0201 | Counter-attack accuracy: 0.9879
2026-01-22 21:23:43,357 - ADV_Generation_eps_1.0_steps_100_Added_Noise_uniform_Eps_40.0_Tau_Type_normal_anchors - INFO - Batch:[995] Adversarial images for this batch already exist
2026-01-22 21:23:43,679 - ADV_Generation_eps_1.0_steps_100_Added_Noise_uniform_Eps_40.0_Tau_Type_normal_anchors - INFO - Batch 996/2465: Clean accuracy 0.9900 | Adv accuracy: 0.0201 | Counter-attack accuracy: 0.9880
2026-01-22 21:23:43,680 - ADV_Generation_eps_1.0_steps_100_Added_Noise_uniform_Eps_40.0_Tau_Type_normal_anchors - INFO - Batch:[996] Adversarial images for this batch already exist
2026-01-22 21:23:44,013 - ADV_Generation_eps_1.0_steps_100_Added_Noise_uniform_Eps_40.0_Tau_Type_normal_anchors - INFO - Batch 997/2465: Clean accuracy 0.9900 | Adv accuracy: 0.0201 | Counter-attack accuracy: 0.9880
2026-01-22 21:23:44,014 - ADV_Generation_eps_1.0_steps_100_Added_Noise_uniform_Eps_40.0_Tau_Type_normal_anchors - INFO - Batch:[997] Adversarial images for this batch already exist
2026-01-22 21:23:44,340 - ADV_Generation_eps_1.0_steps_100_Added_Noise_uniform_Eps_40.0_Tau_Type_normal_anchors - INFO - Batch 998/2465: Clean accuracy 0.9900 | Adv accuracy: 0.0200 | Counter-attack accuracy: 0.9880
2026-01-22 21:23:44,341 - ADV_Generation_eps_1.0_steps_100_Added_Noise_uniform_Eps_40.0_Tau_Type_normal_anchors - INFO - Batch:[998] Adversarial images for this batch already exist
2026-01-22 21:23:44,674 - ADV_Generation_eps_1.0_steps_100_Added_Noise_uniform_Eps_40.0_Tau_Type_normal_anchors - INFO - Batch 999/2465: Clean accuracy 0.9900 | Adv accuracy: 0.0200 | Counter-attack accuracy: 0.9880
2026-01-22 21:23:44,675 - ADV_Generation_eps_1.0_steps_100_Added_Noise_uniform_Eps_40.0_Tau_Type_normal_anchors - INFO - Batch:[999] Adversarial images for this batch already exist
2026-01-22 21:23:45,002 - ADV_Generation_eps_1.0_steps_100_Added_Noise_uniform_Eps_40.0_Tau_Type_normal_anchors - INFO - Batch 1000/2465: Clean accuracy 0.9900 | Adv accuracy: 0.0200 | Counter-attack accuracy: 0.9880
2026-01-22 21:23:45,003 - ADV_Generation_eps_1.0_steps_100_Added_Noise_uniform_Eps_40.0_Tau_Type_normal_anchors - INFO - Batch:[1000] Adversarial images for this batch already exist
2026-01-22 21:23:45,329 - ADV_Generation_eps_1.0_steps_100_Added_Noise_uniform_Eps_40.0_Tau_Type_normal_anchors - INFO - Batch 1001/2465: Clean accuracy 0.9900 | Adv accuracy: 0.0200 | Counter-attack accuracy: 0.9880
2026-01-22 21:23:45,330 - ADV_Generation_eps_1.0_steps_100_Added_Noise_uniform_Eps_40.0_Tau_Type_normal_anchors - INFO - Batch:[1001] Adversarial images for this batch already exist
2026-01-22 21:23:45,660 - ADV_Generation_eps_1.0_steps_100_Added_Noise_uniform_Eps_40.0_Tau_Type_normal_anchors - INFO - Batch 1002/2465: Clean accuracy 0.9900 | Adv accuracy: 0.0200 | Counter-attack accuracy: 0.9880
2026-01-22 21:23:45,661 - ADV_Generation_eps_1.0_steps_100_Added_Noise_uniform_Eps_40.0_Tau_Type_normal_anchors - INFO - Batch:[1002] Adversarial images for this batch already exist
2026-01-22 21:23:45,984 - ADV_Generation_eps_1.0_steps_100_Added_Noise_uniform_Eps_40.0_Tau_Type_normal_anchors - INFO - Batch 1003/2465: Clean accuracy 0.9900 | Adv accuracy: 0.0199 | Counter-attack accuracy: 0.9880
2026-01-22 21:23:45,985 - ADV_Generation_eps_1.0_steps_100_Added_Noise_uniform_Eps_40.0_Tau_Type_normal_anchors - INFO - Batch:[1003] Adversarial images for this batch already exist
2026-01-22 21:23:46,318 - ADV_Generation_eps_1.0_steps_100_Added_Noise_uniform_Eps_40.0_Tau_Type_normal_anchors - INFO - Batch 1004/2465: Clean accuracy 0.9900 | Adv accuracy: 0.0199 | Counter-attack accuracy: 0.9880
2026-01-22 21:23:46,319 - ADV_Generation_eps_1.0_steps_100_Added_Noise_uniform_Eps_40.0_Tau_Type_normal_anchors - INFO - Batch:[1004] Adversarial images for this batch already exist
2026-01-22 21:23:46,666 - ADV_Generation_eps_1.0_steps_100_Added_Noise_uniform_Eps_40.0_Tau_Type_normal_anchors - INFO - Batch 1005/2465: Clean accuracy 0.9900 | Adv accuracy: 0.0199 | Counter-attack accuracy: 0.9881
2026-01-22 21:23:46,666 - ADV_Generation_eps_1.0_steps_100_Added_Noise_uniform_Eps_40.0_Tau_Type_normal_anchors - INFO - Batch:[1005] Adversarial images for this batch already exist
2026-01-22 21:23:47,066 - ADV_Generation_eps_1.0_steps_100_Added_Noise_uniform_Eps_40.0_Tau_Type_normal_anchors - INFO - Batch 1006/2465: Clean accuracy 0.9901 | Adv accuracy: 0.0199 | Counter-attack accuracy: 0.9881
2026-01-22 21:23:47,067 - ADV_Generation_eps_1.0_steps_100_Added_Noise_uniform_Eps_40.0_Tau_Type_normal_anchors - INFO - Batch:[1006] Adversarial images for this batch already exist
2026-01-22 21:23:47,391 - ADV_Generation_eps_1.0_steps_100_Added_Noise_uniform_Eps_40.0_Tau_Type_normal_anchors - INFO - Batch 1007/2465: Clean accuracy 0.9901 | Adv accuracy: 0.0199 | Counter-attack accuracy: 0.9881
2026-01-22 21:23:47,391 - ADV_Generation_eps_1.0_steps_100_Added_Noise_uniform_Eps_40.0_Tau_Type_normal_anchors - INFO - Batch:[1007] Adversarial images for this batch already exist
2026-01-22 21:23:47,718 - ADV_Generation_eps_1.0_steps_100_Added_Noise_uniform_Eps_40.0_Tau_Type_normal_anchors - INFO - Batch 1008/2465: Clean accuracy 0.9901 | Adv accuracy: 0.0198 | Counter-attack accuracy: 0.9881
2026-01-22 21:23:47,719 - ADV_Generation_eps_1.0_steps_100_Added_Noise_uniform_Eps_40.0_Tau_Type_normal_anchors - INFO - Batch:[1008] Adversarial images for this batch already exist
2026-01-22 21:23:48,045 - ADV_Generation_eps_1.0_steps_100_Added_Noise_uniform_Eps_40.0_Tau_Type_normal_anchors - INFO - Batch 1009/2465: Clean accuracy 0.9901 | Adv accuracy: 0.0198 | Counter-attack accuracy: 0.9881
2026-01-22 21:23:48,046 - ADV_Generation_eps_1.0_steps_100_Added_Noise_uniform_Eps_40.0_Tau_Type_normal_anchors - INFO - Batch:[1009] Adversarial images for this batch already exist
2026-01-22 21:23:48,378 - ADV_Generation_eps_1.0_steps_100_Added_Noise_uniform_Eps_40.0_Tau_Type_normal_anchors - INFO - Batch 1010/2465: Clean accuracy 0.9901 | Adv accuracy: 0.0198 | Counter-attack accuracy: 0.9881
2026-01-22 21:23:48,378 - ADV_Generation_eps_1.0_steps_100_Added_Noise_uniform_Eps_40.0_Tau_Type_normal_anchors - INFO - Batch:[1010] Adversarial images for this batch already exist
2026-01-22 21:23:48,699 - ADV_Generation_eps_1.0_steps_100_Added_Noise_uniform_Eps_40.0_Tau_Type_normal_anchors - INFO - Batch 1011/2465: Clean accuracy 0.9901 | Adv accuracy: 0.0198 | Counter-attack accuracy: 0.9881
2026-01-22 21:23:48,700 - ADV_Generation_eps_1.0_steps_100_Added_Noise_uniform_Eps_40.0_Tau_Type_normal_anchors - INFO - Batch:[1011] Adversarial images for this batch already exist
2026-01-22 21:23:49,041 - ADV_Generation_eps_1.0_steps_100_Added_Noise_uniform_Eps_40.0_Tau_Type_normal_anchors - INFO - Batch 1012/2465: Clean accuracy 0.9901 | Adv accuracy: 0.0198 | Counter-attack accuracy: 0.9881
2026-01-22 21:23:49,042 - ADV_Generation_eps_1.0_steps_100_Added_Noise_uniform_Eps_40.0_Tau_Type_normal_anchors - INFO - Batch:[1012] Adversarial images for this batch already exist
2026-01-22 21:23:49,369 - ADV_Generation_eps_1.0_steps_100_Added_Noise_uniform_Eps_40.0_Tau_Type_normal_anchors - INFO - Batch 1013/2465: Clean accuracy 0.9901 | Adv accuracy: 0.0197 | Counter-attack accuracy: 0.9882
2026-01-22 21:23:49,369 - ADV_Generation_eps_1.0_steps_100_Added_Noise_uniform_Eps_40.0_Tau_Type_normal_anchors - INFO - Batch:[1013] Adversarial images for this batch already exist
2026-01-22 21:23:49,692 - ADV_Generation_eps_1.0_steps_100_Added_Noise_uniform_Eps_40.0_Tau_Type_normal_anchors - INFO - Batch 1014/2465: Clean accuracy 0.9901 | Adv accuracy: 0.0197 | Counter-attack accuracy: 0.9882
2026-01-22 21:23:49,693 - ADV_Generation_eps_1.0_steps_100_Added_Noise_uniform_Eps_40.0_Tau_Type_normal_anchors - INFO - Batch:[1014] Adversarial images for this batch already exist
2026-01-22 21:23:50,017 - ADV_Generation_eps_1.0_steps_100_Added_Noise_uniform_Eps_40.0_Tau_Type_normal_anchors - INFO - Batch 1015/2465: Clean accuracy 0.9901 | Adv accuracy: 0.0197 | Counter-attack accuracy: 0.9882
2026-01-22 21:23:50,018 - ADV_Generation_eps_1.0_steps_100_Added_Noise_uniform_Eps_40.0_Tau_Type_normal_anchors - INFO - Batch:[1015] Adversarial images for this batch already exist
2026-01-22 21:23:50,350 - ADV_Generation_eps_1.0_steps_100_Added_Noise_uniform_Eps_40.0_Tau_Type_normal_anchors - INFO - Batch 1016/2465: Clean accuracy 0.9902 | Adv accuracy: 0.0197 | Counter-attack accuracy: 0.9882
2026-01-22 21:23:50,351 - ADV_Generation_eps_1.0_steps_100_Added_Noise_uniform_Eps_40.0_Tau_Type_normal_anchors - INFO - Batch:[1016] Adversarial images for this batch already exist
2026-01-22 21:23:50,672 - ADV_Generation_eps_1.0_steps_100_Added_Noise_uniform_Eps_40.0_Tau_Type_normal_anchors - INFO - Batch 1017/2465: Clean accuracy 0.9902 | Adv accuracy: 0.0197 | Counter-attack accuracy: 0.9882
2026-01-22 21:23:50,672 - ADV_Generation_eps_1.0_steps_100_Added_Noise_uniform_Eps_40.0_Tau_Type_normal_anchors - INFO - Batch:[1017] Adversarial images for this batch already exist
2026-01-22 21:23:50,997 - ADV_Generation_eps_1.0_steps_100_Added_Noise_uniform_Eps_40.0_Tau_Type_normal_anchors - INFO - Batch 1018/2465: Clean accuracy 0.9902 | Adv accuracy: 0.0196 | Counter-attack accuracy: 0.9882
2026-01-22 21:23:50,998 - ADV_Generation_eps_1.0_steps_100_Added_Noise_uniform_Eps_40.0_Tau_Type_normal_anchors - INFO - Batch:[1018] Adversarial images for this batch already exist
2026-01-22 21:23:51,326 - ADV_Generation_eps_1.0_steps_100_Added_Noise_uniform_Eps_40.0_Tau_Type_normal_anchors - INFO - Batch 1019/2465: Clean accuracy 0.9902 | Adv accuracy: 0.0196 | Counter-attack accuracy: 0.9882
2026-01-22 21:23:51,327 - ADV_Generation_eps_1.0_steps_100_Added_Noise_uniform_Eps_40.0_Tau_Type_normal_anchors - INFO - Batch:[1019] Adversarial images for this batch already exist
2026-01-22 21:23:51,654 - ADV_Generation_eps_1.0_steps_100_Added_Noise_uniform_Eps_40.0_Tau_Type_normal_anchors - INFO - Batch 1020/2465: Clean accuracy 0.9902 | Adv accuracy: 0.0196 | Counter-attack accuracy: 0.9882
2026-01-22 21:23:51,655 - ADV_Generation_eps_1.0_steps_100_Added_Noise_uniform_Eps_40.0_Tau_Type_normal_anchors - INFO - Batch:[1020] Adversarial images for this batch already exist
2026-01-22 21:23:52,013 - ADV_Generation_eps_1.0_steps_100_Added_Noise_uniform_Eps_40.0_Tau_Type_normal_anchors - INFO - Batch 1021/2465: Clean accuracy 0.9902 | Adv accuracy: 0.0196 | Counter-attack accuracy: 0.9882
2026-01-22 21:23:52,014 - ADV_Generation_eps_1.0_steps_100_Added_Noise_uniform_Eps_40.0_Tau_Type_normal_anchors - INFO - Batch:[1021] Adversarial images for this batch already exist
2026-01-22 21:23:52,353 - ADV_Generation_eps_1.0_steps_100_Added_Noise_uniform_Eps_40.0_Tau_Type_normal_anchors - INFO - Batch 1022/2465: Clean accuracy 0.9902 | Adv accuracy: 0.0196 | Counter-attack accuracy: 0.9883
2026-01-22 21:23:52,353 - ADV_Generation_eps_1.0_steps_100_Added_Noise_uniform_Eps_40.0_Tau_Type_normal_anchors - INFO - Batch:[1022] Adversarial images for this batch already exist
2026-01-22 21:23:52,672 - ADV_Generation_eps_1.0_steps_100_Added_Noise_uniform_Eps_40.0_Tau_Type_normal_anchors - INFO - Batch 1023/2465: Clean accuracy 0.9902 | Adv accuracy: 0.0196 | Counter-attack accuracy: 0.9883
2026-01-22 21:23:52,673 - ADV_Generation_eps_1.0_steps_100_Added_Noise_uniform_Eps_40.0_Tau_Type_normal_anchors - INFO - Batch:[1023] Adversarial images for this batch already exist
2026-01-22 21:23:52,996 - ADV_Generation_eps_1.0_steps_100_Added_Noise_uniform_Eps_40.0_Tau_Type_normal_anchors - INFO - Batch 1024/2465: Clean accuracy 0.9902 | Adv accuracy: 0.0195 | Counter-attack accuracy: 0.9883
2026-01-22 21:23:52,997 - ADV_Generation_eps_1.0_steps_100_Added_Noise_uniform_Eps_40.0_Tau_Type_normal_anchors - INFO - Batch:[1024] Adversarial images for this batch already exist
2026-01-22 21:23:53,319 - ADV_Generation_eps_1.0_steps_100_Added_Noise_uniform_Eps_40.0_Tau_Type_normal_anchors - INFO - Batch 1025/2465: Clean accuracy 0.9902 | Adv accuracy: 0.0195 | Counter-attack accuracy: 0.9883
2026-01-22 21:23:53,320 - ADV_Generation_eps_1.0_steps_100_Added_Noise_uniform_Eps_40.0_Tau_Type_normal_anchors - INFO - Batch:[1025] Adversarial images for this batch already exist
2026-01-22 21:23:53,647 - ADV_Generation_eps_1.0_steps_100_Added_Noise_uniform_Eps_40.0_Tau_Type_normal_anchors - INFO - Batch 1026/2465: Clean accuracy 0.9903 | Adv accuracy: 0.0195 | Counter-attack accuracy: 0.9883
2026-01-22 21:23:53,648 - ADV_Generation_eps_1.0_steps_100_Added_Noise_uniform_Eps_40.0_Tau_Type_normal_anchors - INFO - Batch:[1026] Adversarial images for this batch already exist
2026-01-22 21:23:53,977 - ADV_Generation_eps_1.0_steps_100_Added_Noise_uniform_Eps_40.0_Tau_Type_normal_anchors - INFO - Batch 1027/2465: Clean accuracy 0.9903 | Adv accuracy: 0.0195 | Counter-attack accuracy: 0.9883
2026-01-22 21:23:53,977 - ADV_Generation_eps_1.0_steps_100_Added_Noise_uniform_Eps_40.0_Tau_Type_normal_anchors - INFO - Batch:[1027] Adversarial images for this batch already exist
2026-01-22 21:23:54,305 - ADV_Generation_eps_1.0_steps_100_Added_Noise_uniform_Eps_40.0_Tau_Type_normal_anchors - INFO - Batch 1028/2465: Clean accuracy 0.9903 | Adv accuracy: 0.0195 | Counter-attack accuracy: 0.9883
2026-01-22 21:23:54,306 - ADV_Generation_eps_1.0_steps_100_Added_Noise_uniform_Eps_40.0_Tau_Type_normal_anchors - INFO - Batch:[1028] Adversarial images for this batch already exist
2026-01-22 21:23:54,635 - ADV_Generation_eps_1.0_steps_100_Added_Noise_uniform_Eps_40.0_Tau_Type_normal_anchors - INFO - Batch 1029/2465: Clean accuracy 0.9903 | Adv accuracy: 0.0194 | Counter-attack accuracy: 0.9883
2026-01-22 21:23:54,636 - ADV_Generation_eps_1.0_steps_100_Added_Noise_uniform_Eps_40.0_Tau_Type_normal_anchors - INFO - Batch:[1029] Adversarial images for this batch already exist
2026-01-22 21:23:54,963 - ADV_Generation_eps_1.0_steps_100_Added_Noise_uniform_Eps_40.0_Tau_Type_normal_anchors - INFO - Batch 1030/2465: Clean accuracy 0.9903 | Adv accuracy: 0.0194 | Counter-attack accuracy: 0.9883
2026-01-22 21:23:54,963 - ADV_Generation_eps_1.0_steps_100_Added_Noise_uniform_Eps_40.0_Tau_Type_normal_anchors - INFO - Batch:[1030] Adversarial images for this batch already exist
2026-01-22 21:23:55,292 - ADV_Generation_eps_1.0_steps_100_Added_Noise_uniform_Eps_40.0_Tau_Type_normal_anchors - INFO - Batch 1031/2465: Clean accuracy 0.9903 | Adv accuracy: 0.0194 | Counter-attack accuracy: 0.9884
2026-01-22 21:23:55,292 - ADV_Generation_eps_1.0_steps_100_Added_Noise_uniform_Eps_40.0_Tau_Type_normal_anchors - INFO - Batch:[1031] Adversarial images for this batch already exist
2026-01-22 21:23:55,616 - ADV_Generation_eps_1.0_steps_100_Added_Noise_uniform_Eps_40.0_Tau_Type_normal_anchors - INFO - Batch 1032/2465: Clean accuracy 0.9903 | Adv accuracy: 0.0194 | Counter-attack accuracy: 0.9884
2026-01-22 21:23:55,617 - ADV_Generation_eps_1.0_steps_100_Added_Noise_uniform_Eps_40.0_Tau_Type_normal_anchors - INFO - Batch:[1032] Adversarial images for this batch already exist
2026-01-22 21:23:55,985 - ADV_Generation_eps_1.0_steps_100_Added_Noise_uniform_Eps_40.0_Tau_Type_normal_anchors - INFO - Batch 1033/2465: Clean accuracy 0.9903 | Adv accuracy: 0.0194 | Counter-attack accuracy: 0.9884
2026-01-22 21:23:55,985 - ADV_Generation_eps_1.0_steps_100_Added_Noise_uniform_Eps_40.0_Tau_Type_normal_anchors - INFO - Batch:[1033] Adversarial images for this batch already exist
2026-01-22 21:23:56,312 - ADV_Generation_eps_1.0_steps_100_Added_Noise_uniform_Eps_40.0_Tau_Type_normal_anchors - INFO - Batch 1034/2465: Clean accuracy 0.9903 | Adv accuracy: 0.0193 | Counter-attack accuracy: 0.9884
2026-01-22 21:23:56,313 - ADV_Generation_eps_1.0_steps_100_Added_Noise_uniform_Eps_40.0_Tau_Type_normal_anchors - INFO - Batch:[1034] Adversarial images for this batch already exist
2026-01-22 21:23:56,638 - ADV_Generation_eps_1.0_steps_100_Added_Noise_uniform_Eps_40.0_Tau_Type_normal_anchors - INFO - Batch 1035/2465: Clean accuracy 0.9903 | Adv accuracy: 0.0193 | Counter-attack accuracy: 0.9884
2026-01-22 21:23:56,639 - ADV_Generation_eps_1.0_steps_100_Added_Noise_uniform_Eps_40.0_Tau_Type_normal_anchors - INFO - Batch:[1035] Adversarial images for this batch already exist
2026-01-22 21:23:56,965 - ADV_Generation_eps_1.0_steps_100_Added_Noise_uniform_Eps_40.0_Tau_Type_normal_anchors - INFO - Batch 1036/2465: Clean accuracy 0.9903 | Adv accuracy: 0.0193 | Counter-attack accuracy: 0.9884
2026-01-22 21:23:56,966 - ADV_Generation_eps_1.0_steps_100_Added_Noise_uniform_Eps_40.0_Tau_Type_normal_anchors - INFO - Batch:[1036] Adversarial images for this batch already exist
2026-01-22 21:23:57,288 - ADV_Generation_eps_1.0_steps_100_Added_Noise_uniform_Eps_40.0_Tau_Type_normal_anchors - INFO - Batch 1037/2465: Clean accuracy 0.9904 | Adv accuracy: 0.0193 | Counter-attack accuracy: 0.9884
2026-01-22 21:23:57,289 - ADV_Generation_eps_1.0_steps_100_Added_Noise_uniform_Eps_40.0_Tau_Type_normal_anchors - INFO - Batch:[1037] Adversarial images for this batch already exist
2026-01-22 21:23:57,610 - ADV_Generation_eps_1.0_steps_100_Added_Noise_uniform_Eps_40.0_Tau_Type_normal_anchors - INFO - Batch 1038/2465: Clean accuracy 0.9904 | Adv accuracy: 0.0193 | Counter-attack accuracy: 0.9884
2026-01-22 21:23:57,611 - ADV_Generation_eps_1.0_steps_100_Added_Noise_uniform_Eps_40.0_Tau_Type_normal_anchors - INFO - Batch:[1038] Adversarial images for this batch already exist
2026-01-22 21:23:57,950 - ADV_Generation_eps_1.0_steps_100_Added_Noise_uniform_Eps_40.0_Tau_Type_normal_anchors - INFO - Batch 1039/2465: Clean accuracy 0.9904 | Adv accuracy: 0.0192 | Counter-attack accuracy: 0.9885
2026-01-22 21:23:57,950 - ADV_Generation_eps_1.0_steps_100_Added_Noise_uniform_Eps_40.0_Tau_Type_normal_anchors - INFO - Batch:[1039] Adversarial images for this batch already exist
2026-01-22 21:23:58,277 - ADV_Generation_eps_1.0_steps_100_Added_Noise_uniform_Eps_40.0_Tau_Type_normal_anchors - INFO - Batch 1040/2465: Clean accuracy 0.9904 | Adv accuracy: 0.0192 | Counter-attack accuracy: 0.9885
2026-01-22 21:23:58,277 - ADV_Generation_eps_1.0_steps_100_Added_Noise_uniform_Eps_40.0_Tau_Type_normal_anchors - INFO - Batch:[1040] Adversarial images for this batch already exist
2026-01-22 21:23:58,599 - ADV_Generation_eps_1.0_steps_100_Added_Noise_uniform_Eps_40.0_Tau_Type_normal_anchors - INFO - Batch 1041/2465: Clean accuracy 0.9904 | Adv accuracy: 0.0192 | Counter-attack accuracy: 0.9885
2026-01-22 21:23:58,600 - ADV_Generation_eps_1.0_steps_100_Added_Noise_uniform_Eps_40.0_Tau_Type_normal_anchors - INFO - Batch:[1041] Adversarial images for this batch already exist
2026-01-22 21:23:58,938 - ADV_Generation_eps_1.0_steps_100_Added_Noise_uniform_Eps_40.0_Tau_Type_normal_anchors - INFO - Batch 1042/2465: Clean accuracy 0.9904 | Adv accuracy: 0.0192 | Counter-attack accuracy: 0.9885
2026-01-22 21:23:58,938 - ADV_Generation_eps_1.0_steps_100_Added_Noise_uniform_Eps_40.0_Tau_Type_normal_anchors - INFO - Batch:[1042] Adversarial images for this batch already exist
2026-01-22 21:23:59,262 - ADV_Generation_eps_1.0_steps_100_Added_Noise_uniform_Eps_40.0_Tau_Type_normal_anchors - INFO - Batch 1043/2465: Clean accuracy 0.9904 | Adv accuracy: 0.0192 | Counter-attack accuracy: 0.9885
2026-01-22 21:23:59,262 - ADV_Generation_eps_1.0_steps_100_Added_Noise_uniform_Eps_40.0_Tau_Type_normal_anchors - INFO - Batch:[1043] Adversarial images for this batch already exist
2026-01-22 21:23:59,589 - ADV_Generation_eps_1.0_steps_100_Added_Noise_uniform_Eps_40.0_Tau_Type_normal_anchors - INFO - Batch 1044/2465: Clean accuracy 0.9904 | Adv accuracy: 0.0192 | Counter-attack accuracy: 0.9885
2026-01-22 21:23:59,589 - ADV_Generation_eps_1.0_steps_100_Added_Noise_uniform_Eps_40.0_Tau_Type_normal_anchors - INFO - Batch:[1044] Adversarial images for this batch already exist
2026-01-22 21:23:59,913 - ADV_Generation_eps_1.0_steps_100_Added_Noise_uniform_Eps_40.0_Tau_Type_normal_anchors - INFO - Batch 1045/2465: Clean accuracy 0.9904 | Adv accuracy: 0.0191 | Counter-attack accuracy: 0.9885
2026-01-22 21:23:59,914 - ADV_Generation_eps_1.0_steps_100_Added_Noise_uniform_Eps_40.0_Tau_Type_normal_anchors - INFO - Batch:[1045] Adversarial images for this batch already exist
2026-01-22 21:24:00,268 - ADV_Generation_eps_1.0_steps_100_Added_Noise_uniform_Eps_40.0_Tau_Type_normal_anchors - INFO - Batch 1046/2465: Clean accuracy 0.9904 | Adv accuracy: 0.0191 | Counter-attack accuracy: 0.9885
2026-01-22 21:24:00,269 - ADV_Generation_eps_1.0_steps_100_Added_Noise_uniform_Eps_40.0_Tau_Type_normal_anchors - INFO - Batch:[1046] Adversarial images for this batch already exist
2026-01-22 21:24:00,595 - ADV_Generation_eps_1.0_steps_100_Added_Noise_uniform_Eps_40.0_Tau_Type_normal_anchors - INFO - Batch 1047/2465: Clean accuracy 0.9904 | Adv accuracy: 0.0191 | Counter-attack accuracy: 0.9885
2026-01-22 21:24:00,596 - ADV_Generation_eps_1.0_steps_100_Added_Noise_uniform_Eps_40.0_Tau_Type_normal_anchors - INFO - Batch:[1047] Adversarial images for this batch already exist
2026-01-22 21:24:00,941 - ADV_Generation_eps_1.0_steps_100_Added_Noise_uniform_Eps_40.0_Tau_Type_normal_anchors - INFO - Batch 1048/2465: Clean accuracy 0.9905 | Adv accuracy: 0.0191 | Counter-attack accuracy: 0.9885
2026-01-22 21:24:00,941 - ADV_Generation_eps_1.0_steps_100_Added_Noise_uniform_Eps_40.0_Tau_Type_normal_anchors - INFO - Batch:[1048] Adversarial images for this batch already exist
2026-01-22 21:24:01,265 - ADV_Generation_eps_1.0_steps_100_Added_Noise_uniform_Eps_40.0_Tau_Type_normal_anchors - INFO - Batch 1049/2465: Clean accuracy 0.9905 | Adv accuracy: 0.0191 | Counter-attack accuracy: 0.9886
2026-01-22 21:24:01,265 - ADV_Generation_eps_1.0_steps_100_Added_Noise_uniform_Eps_40.0_Tau_Type_normal_anchors - INFO - Batch:[1049] Adversarial images for this batch already exist
2026-01-22 21:24:01,588 - ADV_Generation_eps_1.0_steps_100_Added_Noise_uniform_Eps_40.0_Tau_Type_normal_anchors - INFO - Batch 1050/2465: Clean accuracy 0.9905 | Adv accuracy: 0.0190 | Counter-attack accuracy: 0.9886
2026-01-22 21:24:01,589 - ADV_Generation_eps_1.0_steps_100_Added_Noise_uniform_Eps_40.0_Tau_Type_normal_anchors - INFO - Batch:[1050] Adversarial images for this batch already exist
2026-01-22 21:24:01,912 - ADV_Generation_eps_1.0_steps_100_Added_Noise_uniform_Eps_40.0_Tau_Type_normal_anchors - INFO - Batch 1051/2465: Clean accuracy 0.9905 | Adv accuracy: 0.0190 | Counter-attack accuracy: 0.9886
2026-01-22 21:24:01,913 - ADV_Generation_eps_1.0_steps_100_Added_Noise_uniform_Eps_40.0_Tau_Type_normal_anchors - INFO - Batch:[1051] Adversarial images for this batch already exist
2026-01-22 21:24:02,240 - ADV_Generation_eps_1.0_steps_100_Added_Noise_uniform_Eps_40.0_Tau_Type_normal_anchors - INFO - Batch 1052/2465: Clean accuracy 0.9905 | Adv accuracy: 0.0190 | Counter-attack accuracy: 0.9886
2026-01-22 21:24:02,241 - ADV_Generation_eps_1.0_steps_100_Added_Noise_uniform_Eps_40.0_Tau_Type_normal_anchors - INFO - Batch:[1052] Adversarial images for this batch already exist
2026-01-22 21:24:02,573 - ADV_Generation_eps_1.0_steps_100_Added_Noise_uniform_Eps_40.0_Tau_Type_normal_anchors - INFO - Batch 1053/2465: Clean accuracy 0.9905 | Adv accuracy: 0.0190 | Counter-attack accuracy: 0.9886
2026-01-22 21:24:02,574 - ADV_Generation_eps_1.0_steps_100_Added_Noise_uniform_Eps_40.0_Tau_Type_normal_anchors - INFO - Batch:[1053] Adversarial images for this batch already exist
2026-01-22 21:24:02,921 - ADV_Generation_eps_1.0_steps_100_Added_Noise_uniform_Eps_40.0_Tau_Type_normal_anchors - INFO - Batch 1054/2465: Clean accuracy 0.9905 | Adv accuracy: 0.0190 | Counter-attack accuracy: 0.9886
2026-01-22 21:24:02,923 - ADV_Generation_eps_1.0_steps_100_Added_Noise_uniform_Eps_40.0_Tau_Type_normal_anchors - INFO - Batch:[1054] Adversarial images for this batch already exist
2026-01-22 21:24:03,247 - ADV_Generation_eps_1.0_steps_100_Added_Noise_uniform_Eps_40.0_Tau_Type_normal_anchors - INFO - Batch 1055/2465: Clean accuracy 0.9905 | Adv accuracy: 0.0190 | Counter-attack accuracy: 0.9886
2026-01-22 21:24:03,248 - ADV_Generation_eps_1.0_steps_100_Added_Noise_uniform_Eps_40.0_Tau_Type_normal_anchors - INFO - Batch:[1055] Adversarial images for this batch already exist
2026-01-22 21:24:03,573 - ADV_Generation_eps_1.0_steps_100_Added_Noise_uniform_Eps_40.0_Tau_Type_normal_anchors - INFO - Batch 1056/2465: Clean accuracy 0.9905 | Adv accuracy: 0.0189 | Counter-attack accuracy: 0.9886
2026-01-22 21:24:03,574 - ADV_Generation_eps_1.0_steps_100_Added_Noise_uniform_Eps_40.0_Tau_Type_normal_anchors - INFO - Batch:[1056] Adversarial images for this batch already exist
2026-01-22 21:24:03,905 - ADV_Generation_eps_1.0_steps_100_Added_Noise_uniform_Eps_40.0_Tau_Type_normal_anchors - INFO - Batch 1057/2465: Clean accuracy 0.9905 | Adv accuracy: 0.0189 | Counter-attack accuracy: 0.9886
2026-01-22 21:24:03,905 - ADV_Generation_eps_1.0_steps_100_Added_Noise_uniform_Eps_40.0_Tau_Type_normal_anchors - INFO - Batch:[1057] Adversarial images for this batch already exist
2026-01-22 21:24:04,230 - ADV_Generation_eps_1.0_steps_100_Added_Noise_uniform_Eps_40.0_Tau_Type_normal_anchors - INFO - Batch 1058/2465: Clean accuracy 0.9905 | Adv accuracy: 0.0189 | Counter-attack accuracy: 0.9887
2026-01-22 21:24:04,230 - ADV_Generation_eps_1.0_steps_100_Added_Noise_uniform_Eps_40.0_Tau_Type_normal_anchors - INFO - Batch:[1058] Adversarial images for this batch already exist
2026-01-22 21:24:04,557 - ADV_Generation_eps_1.0_steps_100_Added_Noise_uniform_Eps_40.0_Tau_Type_normal_anchors - INFO - Batch 1059/2465: Clean accuracy 0.9906 | Adv accuracy: 0.0189 | Counter-attack accuracy: 0.9887
2026-01-22 21:24:04,559 - ADV_Generation_eps_1.0_steps_100_Added_Noise_uniform_Eps_40.0_Tau_Type_normal_anchors - INFO - Batch:[1059] Adversarial images for this batch already exist
2026-01-22 21:24:04,882 - ADV_Generation_eps_1.0_steps_100_Added_Noise_uniform_Eps_40.0_Tau_Type_normal_anchors - INFO - Batch 1060/2465: Clean accuracy 0.9906 | Adv accuracy: 0.0189 | Counter-attack accuracy: 0.9887
2026-01-22 21:24:04,883 - ADV_Generation_eps_1.0_steps_100_Added_Noise_uniform_Eps_40.0_Tau_Type_normal_anchors - INFO - Batch:[1060] Adversarial images for this batch already exist
2026-01-22 21:24:05,205 - ADV_Generation_eps_1.0_steps_100_Added_Noise_uniform_Eps_40.0_Tau_Type_normal_anchors - INFO - Batch 1061/2465: Clean accuracy 0.9906 | Adv accuracy: 0.0189 | Counter-attack accuracy: 0.9887
2026-01-22 21:24:05,206 - ADV_Generation_eps_1.0_steps_100_Added_Noise_uniform_Eps_40.0_Tau_Type_normal_anchors - INFO - Batch:[1061] Adversarial images for this batch already exist
2026-01-22 21:24:05,525 - ADV_Generation_eps_1.0_steps_100_Added_Noise_uniform_Eps_40.0_Tau_Type_normal_anchors - INFO - Batch 1062/2465: Clean accuracy 0.9906 | Adv accuracy: 0.0188 | Counter-attack accuracy: 0.9887
2026-01-22 21:24:05,526 - ADV_Generation_eps_1.0_steps_100_Added_Noise_uniform_Eps_40.0_Tau_Type_normal_anchors - INFO - Batch:[1062] Adversarial images for this batch already exist
2026-01-22 21:24:05,848 - ADV_Generation_eps_1.0_steps_100_Added_Noise_uniform_Eps_40.0_Tau_Type_normal_anchors - INFO - Batch 1063/2465: Clean accuracy 0.9906 | Adv accuracy: 0.0188 | Counter-attack accuracy: 0.9887
2026-01-22 21:24:05,849 - ADV_Generation_eps_1.0_steps_100_Added_Noise_uniform_Eps_40.0_Tau_Type_normal_anchors - INFO - Batch:[1063] Adversarial images for this batch already exist
2026-01-22 21:24:06,175 - ADV_Generation_eps_1.0_steps_100_Added_Noise_uniform_Eps_40.0_Tau_Type_normal_anchors - INFO - Batch 1064/2465: Clean accuracy 0.9906 | Adv accuracy: 0.0188 | Counter-attack accuracy: 0.9887
2026-01-22 21:24:06,176 - ADV_Generation_eps_1.0_steps_100_Added_Noise_uniform_Eps_40.0_Tau_Type_normal_anchors - INFO - Batch:[1064] Adversarial images for this batch already exist
2026-01-22 21:24:06,497 - ADV_Generation_eps_1.0_steps_100_Added_Noise_uniform_Eps_40.0_Tau_Type_normal_anchors - INFO - Batch 1065/2465: Clean accuracy 0.9906 | Adv accuracy: 0.0188 | Counter-attack accuracy: 0.9887
2026-01-22 21:24:06,498 - ADV_Generation_eps_1.0_steps_100_Added_Noise_uniform_Eps_40.0_Tau_Type_normal_anchors - INFO - Batch:[1065] Adversarial images for this batch already exist
2026-01-22 21:24:06,826 - ADV_Generation_eps_1.0_steps_100_Added_Noise_uniform_Eps_40.0_Tau_Type_normal_anchors - INFO - Batch 1066/2465: Clean accuracy 0.9906 | Adv accuracy: 0.0188 | Counter-attack accuracy: 0.9887
2026-01-22 21:24:06,826 - ADV_Generation_eps_1.0_steps_100_Added_Noise_uniform_Eps_40.0_Tau_Type_normal_anchors - INFO - Batch:[1066] Adversarial images for this batch already exist
2026-01-22 21:24:07,150 - ADV_Generation_eps_1.0_steps_100_Added_Noise_uniform_Eps_40.0_Tau_Type_normal_anchors - INFO - Batch 1067/2465: Clean accuracy 0.9906 | Adv accuracy: 0.0187 | Counter-attack accuracy: 0.9888
2026-01-22 21:24:07,150 - ADV_Generation_eps_1.0_steps_100_Added_Noise_uniform_Eps_40.0_Tau_Type_normal_anchors - INFO - Batch:[1067] Adversarial images for this batch already exist
2026-01-22 21:24:07,475 - ADV_Generation_eps_1.0_steps_100_Added_Noise_uniform_Eps_40.0_Tau_Type_normal_anchors - INFO - Batch 1068/2465: Clean accuracy 0.9906 | Adv accuracy: 0.0187 | Counter-attack accuracy: 0.9888
2026-01-22 21:24:07,476 - ADV_Generation_eps_1.0_steps_100_Added_Noise_uniform_Eps_40.0_Tau_Type_normal_anchors - INFO - Batch:[1068] Adversarial images for this batch already exist
2026-01-22 21:24:07,796 - ADV_Generation_eps_1.0_steps_100_Added_Noise_uniform_Eps_40.0_Tau_Type_normal_anchors - INFO - Batch 1069/2465: Clean accuracy 0.9906 | Adv accuracy: 0.0187 | Counter-attack accuracy: 0.9888
2026-01-22 21:24:07,797 - ADV_Generation_eps_1.0_steps_100_Added_Noise_uniform_Eps_40.0_Tau_Type_normal_anchors - INFO - Batch:[1069] Adversarial images for this batch already exist
2026-01-22 21:24:08,124 - ADV_Generation_eps_1.0_steps_100_Added_Noise_uniform_Eps_40.0_Tau_Type_normal_anchors - INFO - Batch 1070/2465: Clean accuracy 0.9907 | Adv accuracy: 0.0187 | Counter-attack accuracy: 0.9888
2026-01-22 21:24:08,125 - ADV_Generation_eps_1.0_steps_100_Added_Noise_uniform_Eps_40.0_Tau_Type_normal_anchors - INFO - Batch:[1070] Adversarial images for this batch already exist
2026-01-22 21:24:08,451 - ADV_Generation_eps_1.0_steps_100_Added_Noise_uniform_Eps_40.0_Tau_Type_normal_anchors - INFO - Batch 1071/2465: Clean accuracy 0.9907 | Adv accuracy: 0.0187 | Counter-attack accuracy: 0.9888
2026-01-22 21:24:08,452 - ADV_Generation_eps_1.0_steps_100_Added_Noise_uniform_Eps_40.0_Tau_Type_normal_anchors - INFO - Batch:[1071] Adversarial images for this batch already exist
2026-01-22 21:24:08,779 - ADV_Generation_eps_1.0_steps_100_Added_Noise_uniform_Eps_40.0_Tau_Type_normal_anchors - INFO - Batch 1072/2465: Clean accuracy 0.9907 | Adv accuracy: 0.0187 | Counter-attack accuracy: 0.9888
2026-01-22 21:24:08,781 - ADV_Generation_eps_1.0_steps_100_Added_Noise_uniform_Eps_40.0_Tau_Type_normal_anchors - INFO - Batch:[1072] Adversarial images for this batch already exist
2026-01-22 21:24:09,117 - ADV_Generation_eps_1.0_steps_100_Added_Noise_uniform_Eps_40.0_Tau_Type_normal_anchors - INFO - Batch 1073/2465: Clean accuracy 0.9907 | Adv accuracy: 0.0186 | Counter-attack accuracy: 0.9888
2026-01-22 21:24:09,118 - ADV_Generation_eps_1.0_steps_100_Added_Noise_uniform_Eps_40.0_Tau_Type_normal_anchors - INFO - Batch:[1073] Adversarial images for this batch already exist
2026-01-22 21:24:09,445 - ADV_Generation_eps_1.0_steps_100_Added_Noise_uniform_Eps_40.0_Tau_Type_normal_anchors - INFO - Batch 1074/2465: Clean accuracy 0.9907 | Adv accuracy: 0.0186 | Counter-attack accuracy: 0.9888
2026-01-22 21:24:09,446 - ADV_Generation_eps_1.0_steps_100_Added_Noise_uniform_Eps_40.0_Tau_Type_normal_anchors - INFO - Batch:[1074] Adversarial images for this batch already exist
2026-01-22 21:24:09,769 - ADV_Generation_eps_1.0_steps_100_Added_Noise_uniform_Eps_40.0_Tau_Type_normal_anchors - INFO - Batch 1075/2465: Clean accuracy 0.9907 | Adv accuracy: 0.0186 | Counter-attack accuracy: 0.9888
2026-01-22 21:24:09,770 - ADV_Generation_eps_1.0_steps_100_Added_Noise_uniform_Eps_40.0_Tau_Type_normal_anchors - INFO - Batch:[1075] Adversarial images for this batch already exist
2026-01-22 21:24:10,097 - ADV_Generation_eps_1.0_steps_100_Added_Noise_uniform_Eps_40.0_Tau_Type_normal_anchors - INFO - Batch 1076/2465: Clean accuracy 0.9907 | Adv accuracy: 0.0186 | Counter-attack accuracy: 0.9888
2026-01-22 21:24:10,098 - ADV_Generation_eps_1.0_steps_100_Added_Noise_uniform_Eps_40.0_Tau_Type_normal_anchors - INFO - Batch:[1076] Adversarial images for this batch already exist
2026-01-22 21:24:10,424 - ADV_Generation_eps_1.0_steps_100_Added_Noise_uniform_Eps_40.0_Tau_Type_normal_anchors - INFO - Batch 1077/2465: Clean accuracy 0.9898 | Adv accuracy: 0.0186 | Counter-attack accuracy: 0.9879
2026-01-22 21:24:10,425 - ADV_Generation_eps_1.0_steps_100_Added_Noise_uniform_Eps_40.0_Tau_Type_normal_anchors - INFO - Batch:[1077] Adversarial images for this batch already exist
2026-01-22 21:24:10,808 - ADV_Generation_eps_1.0_steps_100_Added_Noise_uniform_Eps_40.0_Tau_Type_normal_anchors - INFO - Batch 1078/2465: Clean accuracy 0.9898 | Adv accuracy: 0.0186 | Counter-attack accuracy: 0.9879
2026-01-22 21:24:10,810 - ADV_Generation_eps_1.0_steps_100_Added_Noise_uniform_Eps_40.0_Tau_Type_normal_anchors - INFO - Batch:[1078] Adversarial images for this batch already exist
2026-01-22 21:24:11,134 - ADV_Generation_eps_1.0_steps_100_Added_Noise_uniform_Eps_40.0_Tau_Type_normal_anchors - INFO - Batch 1079/2465: Clean accuracy 0.9898 | Adv accuracy: 0.0185 | Counter-attack accuracy: 0.9880
2026-01-22 21:24:11,135 - ADV_Generation_eps_1.0_steps_100_Added_Noise_uniform_Eps_40.0_Tau_Type_normal_anchors - INFO - Batch:[1079] Adversarial images for this batch already exist
2026-01-22 21:24:11,460 - ADV_Generation_eps_1.0_steps_100_Added_Noise_uniform_Eps_40.0_Tau_Type_normal_anchors - INFO - Batch 1080/2465: Clean accuracy 0.9898 | Adv accuracy: 0.0185 | Counter-attack accuracy: 0.9880
2026-01-22 21:24:11,460 - ADV_Generation_eps_1.0_steps_100_Added_Noise_uniform_Eps_40.0_Tau_Type_normal_anchors - INFO - Batch:[1080] Adversarial images for this batch already exist
2026-01-22 21:24:11,786 - ADV_Generation_eps_1.0_steps_100_Added_Noise_uniform_Eps_40.0_Tau_Type_normal_anchors - INFO - Batch 1081/2465: Clean accuracy 0.9898 | Adv accuracy: 0.0185 | Counter-attack accuracy: 0.9880
2026-01-22 21:24:11,787 - ADV_Generation_eps_1.0_steps_100_Added_Noise_uniform_Eps_40.0_Tau_Type_normal_anchors - INFO - Batch:[1081] Adversarial images for this batch already exist
2026-01-22 21:24:12,116 - ADV_Generation_eps_1.0_steps_100_Added_Noise_uniform_Eps_40.0_Tau_Type_normal_anchors - INFO - Batch 1082/2465: Clean accuracy 0.9898 | Adv accuracy: 0.0185 | Counter-attack accuracy: 0.9880
2026-01-22 21:24:12,117 - ADV_Generation_eps_1.0_steps_100_Added_Noise_uniform_Eps_40.0_Tau_Type_normal_anchors - INFO - Batch:[1082] Adversarial images for this batch already exist
2026-01-22 21:24:12,451 - ADV_Generation_eps_1.0_steps_100_Added_Noise_uniform_Eps_40.0_Tau_Type_normal_anchors - INFO - Batch 1083/2465: Clean accuracy 0.9898 | Adv accuracy: 0.0185 | Counter-attack accuracy: 0.9880
2026-01-22 21:24:12,452 - ADV_Generation_eps_1.0_steps_100_Added_Noise_uniform_Eps_40.0_Tau_Type_normal_anchors - INFO - Batch:[1083] Adversarial images for this batch already exist
2026-01-22 21:24:12,778 - ADV_Generation_eps_1.0_steps_100_Added_Noise_uniform_Eps_40.0_Tau_Type_normal_anchors - INFO - Batch 1084/2465: Clean accuracy 0.9899 | Adv accuracy: 0.0185 | Counter-attack accuracy: 0.9880
2026-01-22 21:24:12,778 - ADV_Generation_eps_1.0_steps_100_Added_Noise_uniform_Eps_40.0_Tau_Type_normal_anchors - INFO - Batch:[1084] Adversarial images for this batch already exist
2026-01-22 21:24:13,102 - ADV_Generation_eps_1.0_steps_100_Added_Noise_uniform_Eps_40.0_Tau_Type_normal_anchors - INFO - Batch 1085/2465: Clean accuracy 0.9899 | Adv accuracy: 0.0184 | Counter-attack accuracy: 0.9880
2026-01-22 21:24:13,103 - ADV_Generation_eps_1.0_steps_100_Added_Noise_uniform_Eps_40.0_Tau_Type_normal_anchors - INFO - Batch:[1085] Adversarial images for this batch already exist
2026-01-22 21:24:13,428 - ADV_Generation_eps_1.0_steps_100_Added_Noise_uniform_Eps_40.0_Tau_Type_normal_anchors - INFO - Batch 1086/2465: Clean accuracy 0.9899 | Adv accuracy: 0.0184 | Counter-attack accuracy: 0.9871
2026-01-22 21:24:13,428 - ADV_Generation_eps_1.0_steps_100_Added_Noise_uniform_Eps_40.0_Tau_Type_normal_anchors - INFO - Batch:[1086] Adversarial images for this batch already exist
2026-01-22 21:24:13,762 - ADV_Generation_eps_1.0_steps_100_Added_Noise_uniform_Eps_40.0_Tau_Type_normal_anchors - INFO - Batch 1087/2465: Clean accuracy 0.9899 | Adv accuracy: 0.0184 | Counter-attack accuracy: 0.9871
2026-01-22 21:24:13,763 - ADV_Generation_eps_1.0_steps_100_Added_Noise_uniform_Eps_40.0_Tau_Type_normal_anchors - INFO - Batch:[1087] Adversarial images for this batch already exist
2026-01-22 21:24:14,095 - ADV_Generation_eps_1.0_steps_100_Added_Noise_uniform_Eps_40.0_Tau_Type_normal_anchors - INFO - Batch 1088/2465: Clean accuracy 0.9899 | Adv accuracy: 0.0184 | Counter-attack accuracy: 0.9871
2026-01-22 21:24:14,096 - ADV_Generation_eps_1.0_steps_100_Added_Noise_uniform_Eps_40.0_Tau_Type_normal_anchors - INFO - Batch:[1088] Adversarial images for this batch already exist
2026-01-22 21:24:14,419 - ADV_Generation_eps_1.0_steps_100_Added_Noise_uniform_Eps_40.0_Tau_Type_normal_anchors - INFO - Batch 1089/2465: Clean accuracy 0.9899 | Adv accuracy: 0.0184 | Counter-attack accuracy: 0.9871
2026-01-22 21:24:14,420 - ADV_Generation_eps_1.0_steps_100_Added_Noise_uniform_Eps_40.0_Tau_Type_normal_anchors - INFO - Batch:[1089] Adversarial images for this batch already exist
2026-01-22 21:24:14,746 - ADV_Generation_eps_1.0_steps_100_Added_Noise_uniform_Eps_40.0_Tau_Type_normal_anchors - INFO - Batch 1090/2465: Clean accuracy 0.9899 | Adv accuracy: 0.0183 | Counter-attack accuracy: 0.9872
2026-01-22 21:24:14,747 - ADV_Generation_eps_1.0_steps_100_Added_Noise_uniform_Eps_40.0_Tau_Type_normal_anchors - INFO - Batch:[1090] Adversarial images for this batch already exist
2026-01-22 21:24:15,074 - ADV_Generation_eps_1.0_steps_100_Added_Noise_uniform_Eps_40.0_Tau_Type_normal_anchors - INFO - Batch 1091/2465: Clean accuracy 0.9899 | Adv accuracy: 0.0183 | Counter-attack accuracy: 0.9872
2026-01-22 21:24:15,075 - ADV_Generation_eps_1.0_steps_100_Added_Noise_uniform_Eps_40.0_Tau_Type_normal_anchors - INFO - Batch:[1091] Adversarial images for this batch already exist
2026-01-22 21:24:15,408 - ADV_Generation_eps_1.0_steps_100_Added_Noise_uniform_Eps_40.0_Tau_Type_normal_anchors - INFO - Batch 1092/2465: Clean accuracy 0.9899 | Adv accuracy: 0.0183 | Counter-attack accuracy: 0.9872
2026-01-22 21:24:15,409 - ADV_Generation_eps_1.0_steps_100_Added_Noise_uniform_Eps_40.0_Tau_Type_normal_anchors - INFO - Batch:[1092] Adversarial images for this batch already exist
2026-01-22 21:24:15,769 - ADV_Generation_eps_1.0_steps_100_Added_Noise_uniform_Eps_40.0_Tau_Type_normal_anchors - INFO - Batch 1093/2465: Clean accuracy 0.9899 | Adv accuracy: 0.0183 | Counter-attack accuracy: 0.9872
2026-01-22 21:24:15,770 - ADV_Generation_eps_1.0_steps_100_Added_Noise_uniform_Eps_40.0_Tau_Type_normal_anchors - INFO - Batch:[1093] Adversarial images for this batch already exist
2026-01-22 21:24:16,098 - ADV_Generation_eps_1.0_steps_100_Added_Noise_uniform_Eps_40.0_Tau_Type_normal_anchors - INFO - Batch 1094/2465: Clean accuracy 0.9899 | Adv accuracy: 0.0183 | Counter-attack accuracy: 0.9872
2026-01-22 21:24:16,100 - ADV_Generation_eps_1.0_steps_100_Added_Noise_uniform_Eps_40.0_Tau_Type_normal_anchors - INFO - Batch:[1094] Adversarial images for this batch already exist
2026-01-22 21:24:16,429 - ADV_Generation_eps_1.0_steps_100_Added_Noise_uniform_Eps_40.0_Tau_Type_normal_anchors - INFO - Batch 1095/2465: Clean accuracy 0.9900 | Adv accuracy: 0.0183 | Counter-attack accuracy: 0.9872
2026-01-22 21:24:16,430 - ADV_Generation_eps_1.0_steps_100_Added_Noise_uniform_Eps_40.0_Tau_Type_normal_anchors - INFO - Batch:[1095] Adversarial images for this batch already exist
2026-01-22 21:24:16,753 - ADV_Generation_eps_1.0_steps_100_Added_Noise_uniform_Eps_40.0_Tau_Type_normal_anchors - INFO - Batch 1096/2465: Clean accuracy 0.9900 | Adv accuracy: 0.0182 | Counter-attack accuracy: 0.9872
2026-01-22 21:24:16,754 - ADV_Generation_eps_1.0_steps_100_Added_Noise_uniform_Eps_40.0_Tau_Type_normal_anchors - INFO - Batch:[1096] Adversarial images for this batch already exist
2026-01-22 21:24:17,087 - ADV_Generation_eps_1.0_steps_100_Added_Noise_uniform_Eps_40.0_Tau_Type_normal_anchors - INFO - Batch 1097/2465: Clean accuracy 0.9900 | Adv accuracy: 0.0182 | Counter-attack accuracy: 0.9872
2026-01-22 21:24:17,087 - ADV_Generation_eps_1.0_steps_100_Added_Noise_uniform_Eps_40.0_Tau_Type_normal_anchors - INFO - Batch:[1097] Adversarial images for this batch already exist
2026-01-22 21:24:17,413 - ADV_Generation_eps_1.0_steps_100_Added_Noise_uniform_Eps_40.0_Tau_Type_normal_anchors - INFO - Batch 1098/2465: Clean accuracy 0.9900 | Adv accuracy: 0.0182 | Counter-attack accuracy: 0.9872
2026-01-22 21:24:17,413 - ADV_Generation_eps_1.0_steps_100_Added_Noise_uniform_Eps_40.0_Tau_Type_normal_anchors - INFO - Batch:[1098] Adversarial images for this batch already exist
2026-01-22 21:24:17,736 - ADV_Generation_eps_1.0_steps_100_Added_Noise_uniform_Eps_40.0_Tau_Type_normal_anchors - INFO - Batch 1099/2465: Clean accuracy 0.9900 | Adv accuracy: 0.0182 | Counter-attack accuracy: 0.9873
2026-01-22 21:24:17,736 - ADV_Generation_eps_1.0_steps_100_Added_Noise_uniform_Eps_40.0_Tau_Type_normal_anchors - INFO - Batch:[1099] Adversarial images for this batch already exist
2026-01-22 21:24:18,058 - ADV_Generation_eps_1.0_steps_100_Added_Noise_uniform_Eps_40.0_Tau_Type_normal_anchors - INFO - Batch 1100/2465: Clean accuracy 0.9900 | Adv accuracy: 0.0182 | Counter-attack accuracy: 0.9873
2026-01-22 21:24:18,060 - ADV_Generation_eps_1.0_steps_100_Added_Noise_uniform_Eps_40.0_Tau_Type_normal_anchors - INFO - Batch:[1100] Adversarial images for this batch already exist
2026-01-22 21:24:18,394 - ADV_Generation_eps_1.0_steps_100_Added_Noise_uniform_Eps_40.0_Tau_Type_normal_anchors - INFO - Batch 1101/2465: Clean accuracy 0.9891 | Adv accuracy: 0.0182 | Counter-attack accuracy: 0.9864
2026-01-22 21:24:18,395 - ADV_Generation_eps_1.0_steps_100_Added_Noise_uniform_Eps_40.0_Tau_Type_normal_anchors - INFO - Batch:[1101] Adversarial images for this batch already exist
2026-01-22 21:24:18,715 - ADV_Generation_eps_1.0_steps_100_Added_Noise_uniform_Eps_40.0_Tau_Type_normal_anchors - INFO - Batch 1102/2465: Clean accuracy 0.9891 | Adv accuracy: 0.0181 | Counter-attack accuracy: 0.9864
2026-01-22 21:24:18,715 - ADV_Generation_eps_1.0_steps_100_Added_Noise_uniform_Eps_40.0_Tau_Type_normal_anchors - INFO - Batch:[1102] Adversarial images for this batch already exist
2026-01-22 21:24:19,041 - ADV_Generation_eps_1.0_steps_100_Added_Noise_uniform_Eps_40.0_Tau_Type_normal_anchors - INFO - Batch 1103/2465: Clean accuracy 0.9882 | Adv accuracy: 0.0181 | Counter-attack accuracy: 0.9864
2026-01-22 21:24:19,042 - ADV_Generation_eps_1.0_steps_100_Added_Noise_uniform_Eps_40.0_Tau_Type_normal_anchors - INFO - Batch:[1103] Adversarial images for this batch already exist
2026-01-22 21:24:19,372 - ADV_Generation_eps_1.0_steps_100_Added_Noise_uniform_Eps_40.0_Tau_Type_normal_anchors - INFO - Batch 1104/2465: Clean accuracy 0.9882 | Adv accuracy: 0.0181 | Counter-attack accuracy: 0.9864
2026-01-22 21:24:19,373 - ADV_Generation_eps_1.0_steps_100_Added_Noise_uniform_Eps_40.0_Tau_Type_normal_anchors - INFO - Batch:[1104] Adversarial images for this batch already exist
2026-01-22 21:24:19,700 - ADV_Generation_eps_1.0_steps_100_Added_Noise_uniform_Eps_40.0_Tau_Type_normal_anchors - INFO - Batch 1105/2465: Clean accuracy 0.9882 | Adv accuracy: 0.0181 | Counter-attack accuracy: 0.9855
2026-01-22 21:24:19,700 - ADV_Generation_eps_1.0_steps_100_Added_Noise_uniform_Eps_40.0_Tau_Type_normal_anchors - INFO - Batch:[1105] Adversarial images for this batch already exist
2026-01-22 21:24:20,028 - ADV_Generation_eps_1.0_steps_100_Added_Noise_uniform_Eps_40.0_Tau_Type_normal_anchors - INFO - Batch 1106/2465: Clean accuracy 0.9882 | Adv accuracy: 0.0181 | Counter-attack accuracy: 0.9855
2026-01-22 21:24:20,028 - ADV_Generation_eps_1.0_steps_100_Added_Noise_uniform_Eps_40.0_Tau_Type_normal_anchors - INFO - Batch:[1106] Adversarial images for this batch already exist
2026-01-22 21:24:20,360 - ADV_Generation_eps_1.0_steps_100_Added_Noise_uniform_Eps_40.0_Tau_Type_normal_anchors - INFO - Batch 1107/2465: Clean accuracy 0.9874 | Adv accuracy: 0.0181 | Counter-attack accuracy: 0.9846
2026-01-22 21:24:20,360 - ADV_Generation_eps_1.0_steps_100_Added_Noise_uniform_Eps_40.0_Tau_Type_normal_anchors - INFO - Batch:[1107] Adversarial images for this batch already exist
2026-01-22 21:24:20,678 - ADV_Generation_eps_1.0_steps_100_Added_Noise_uniform_Eps_40.0_Tau_Type_normal_anchors - INFO - Batch 1108/2465: Clean accuracy 0.9874 | Adv accuracy: 0.0181 | Counter-attack accuracy: 0.9847
2026-01-22 21:24:20,678 - ADV_Generation_eps_1.0_steps_100_Added_Noise_uniform_Eps_40.0_Tau_Type_normal_anchors - INFO - Batch:[1108] Adversarial images for this batch already exist
2026-01-22 21:24:21,002 - ADV_Generation_eps_1.0_steps_100_Added_Noise_uniform_Eps_40.0_Tau_Type_normal_anchors - INFO - Batch 1109/2465: Clean accuracy 0.9874 | Adv accuracy: 0.0180 | Counter-attack accuracy: 0.9838
2026-01-22 21:24:21,004 - ADV_Generation_eps_1.0_steps_100_Added_Noise_uniform_Eps_40.0_Tau_Type_normal_anchors - INFO - Batch:[1109] Adversarial images for this batch already exist
2026-01-22 21:24:21,372 - ADV_Generation_eps_1.0_steps_100_Added_Noise_uniform_Eps_40.0_Tau_Type_normal_anchors - INFO - Batch 1110/2465: Clean accuracy 0.9865 | Adv accuracy: 0.0180 | Counter-attack accuracy: 0.9829
2026-01-22 21:24:21,373 - ADV_Generation_eps_1.0_steps_100_Added_Noise_uniform_Eps_40.0_Tau_Type_normal_anchors - INFO - Batch:[1110] Adversarial images for this batch already exist
2026-01-22 21:24:21,700 - ADV_Generation_eps_1.0_steps_100_Added_Noise_uniform_Eps_40.0_Tau_Type_normal_anchors - INFO - Batch 1111/2465: Clean accuracy 0.9865 | Adv accuracy: 0.0180 | Counter-attack accuracy: 0.9820
2026-01-22 21:24:21,701 - ADV_Generation_eps_1.0_steps_100_Added_Noise_uniform_Eps_40.0_Tau_Type_normal_anchors - INFO - Batch:[1111] Adversarial images for this batch already exist
2026-01-22 21:24:22,024 - ADV_Generation_eps_1.0_steps_100_Added_Noise_uniform_Eps_40.0_Tau_Type_normal_anchors - INFO - Batch 1112/2465: Clean accuracy 0.9865 | Adv accuracy: 0.0180 | Counter-attack accuracy: 0.9820
2026-01-22 21:24:22,025 - ADV_Generation_eps_1.0_steps_100_Added_Noise_uniform_Eps_40.0_Tau_Type_normal_anchors - INFO - Batch:[1112] Adversarial images for this batch already exist
2026-01-22 21:24:22,348 - ADV_Generation_eps_1.0_steps_100_Added_Noise_uniform_Eps_40.0_Tau_Type_normal_anchors - INFO - Batch 1113/2465: Clean accuracy 0.9865 | Adv accuracy: 0.0180 | Counter-attack accuracy: 0.9820
2026-01-22 21:24:22,349 - ADV_Generation_eps_1.0_steps_100_Added_Noise_uniform_Eps_40.0_Tau_Type_normal_anchors - INFO - Batch:[1113] Adversarial images for this batch already exist
2026-01-22 21:24:22,699 - ADV_Generation_eps_1.0_steps_100_Added_Noise_uniform_Eps_40.0_Tau_Type_normal_anchors - INFO - Batch 1114/2465: Clean accuracy 0.9865 | Adv accuracy: 0.0180 | Counter-attack accuracy: 0.9820
2026-01-22 21:24:22,700 - ADV_Generation_eps_1.0_steps_100_Added_Noise_uniform_Eps_40.0_Tau_Type_normal_anchors - INFO - Batch:[1114] Adversarial images for this batch already exist
2026-01-22 21:24:23,029 - ADV_Generation_eps_1.0_steps_100_Added_Noise_uniform_Eps_40.0_Tau_Type_normal_anchors - INFO - Batch 1115/2465: Clean accuracy 0.9865 | Adv accuracy: 0.0179 | Counter-attack accuracy: 0.9821
2026-01-22 21:24:23,030 - ADV_Generation_eps_1.0_steps_100_Added_Noise_uniform_Eps_40.0_Tau_Type_normal_anchors - INFO - Batch:[1115] Adversarial images for this batch already exist
2026-01-22 21:24:23,366 - ADV_Generation_eps_1.0_steps_100_Added_Noise_uniform_Eps_40.0_Tau_Type_normal_anchors - INFO - Batch 1116/2465: Clean accuracy 0.9866 | Adv accuracy: 0.0179 | Counter-attack accuracy: 0.9821
2026-01-22 21:24:23,366 - ADV_Generation_eps_1.0_steps_100_Added_Noise_uniform_Eps_40.0_Tau_Type_normal_anchors - INFO - Batch:[1116] Adversarial images for this batch already exist
2026-01-22 21:24:23,702 - ADV_Generation_eps_1.0_steps_100_Added_Noise_uniform_Eps_40.0_Tau_Type_normal_anchors - INFO - Batch 1117/2465: Clean accuracy 0.9866 | Adv accuracy: 0.0179 | Counter-attack accuracy: 0.9821
2026-01-22 21:24:23,703 - ADV_Generation_eps_1.0_steps_100_Added_Noise_uniform_Eps_40.0_Tau_Type_normal_anchors - INFO - Batch:[1117] Adversarial images for this batch already exist
2026-01-22 21:24:24,037 - ADV_Generation_eps_1.0_steps_100_Added_Noise_uniform_Eps_40.0_Tau_Type_normal_anchors - INFO - Batch 1118/2465: Clean accuracy 0.9866 | Adv accuracy: 0.0179 | Counter-attack accuracy: 0.9821
2026-01-22 21:24:24,038 - ADV_Generation_eps_1.0_steps_100_Added_Noise_uniform_Eps_40.0_Tau_Type_normal_anchors - INFO - Batch:[1118] Adversarial images for this batch already exist
2026-01-22 21:24:24,361 - ADV_Generation_eps_1.0_steps_100_Added_Noise_uniform_Eps_40.0_Tau_Type_normal_anchors - INFO - Batch 1119/2465: Clean accuracy 0.9866 | Adv accuracy: 0.0179 | Counter-attack accuracy: 0.9812
2026-01-22 21:24:24,362 - ADV_Generation_eps_1.0_steps_100_Added_Noise_uniform_Eps_40.0_Tau_Type_normal_anchors - INFO - Batch:[1119] Adversarial images for this batch already exist
2026-01-22 21:24:24,689 - ADV_Generation_eps_1.0_steps_100_Added_Noise_uniform_Eps_40.0_Tau_Type_normal_anchors - INFO - Batch 1120/2465: Clean accuracy 0.9866 | Adv accuracy: 0.0179 | Counter-attack accuracy: 0.9812
2026-01-22 21:24:24,690 - ADV_Generation_eps_1.0_steps_100_Added_Noise_uniform_Eps_40.0_Tau_Type_normal_anchors - INFO - Batch:[1120] Adversarial images for this batch already exist
2026-01-22 21:24:25,013 - ADV_Generation_eps_1.0_steps_100_Added_Noise_uniform_Eps_40.0_Tau_Type_normal_anchors - INFO - Batch 1121/2465: Clean accuracy 0.9866 | Adv accuracy: 0.0178 | Counter-attack accuracy: 0.9813
2026-01-22 21:24:25,014 - ADV_Generation_eps_1.0_steps_100_Added_Noise_uniform_Eps_40.0_Tau_Type_normal_anchors - INFO - Batch:[1121] Adversarial images for this batch already exist
2026-01-22 21:24:25,337 - ADV_Generation_eps_1.0_steps_100_Added_Noise_uniform_Eps_40.0_Tau_Type_normal_anchors - INFO - Batch 1122/2465: Clean accuracy 0.9866 | Adv accuracy: 0.0178 | Counter-attack accuracy: 0.9813
2026-01-22 21:24:25,338 - ADV_Generation_eps_1.0_steps_100_Added_Noise_uniform_Eps_40.0_Tau_Type_normal_anchors - INFO - Batch:[1122] Adversarial images for this batch already exist
2026-01-22 21:24:25,659 - ADV_Generation_eps_1.0_steps_100_Added_Noise_uniform_Eps_40.0_Tau_Type_normal_anchors - INFO - Batch 1123/2465: Clean accuracy 0.9866 | Adv accuracy: 0.0178 | Counter-attack accuracy: 0.9804
2026-01-22 21:24:25,660 - ADV_Generation_eps_1.0_steps_100_Added_Noise_uniform_Eps_40.0_Tau_Type_normal_anchors - INFO - Batch:[1123] Adversarial images for this batch already exist
2026-01-22 21:24:25,988 - ADV_Generation_eps_1.0_steps_100_Added_Noise_uniform_Eps_40.0_Tau_Type_normal_anchors - INFO - Batch 1124/2465: Clean accuracy 0.9867 | Adv accuracy: 0.0178 | Counter-attack accuracy: 0.9804
2026-01-22 21:24:25,989 - ADV_Generation_eps_1.0_steps_100_Added_Noise_uniform_Eps_40.0_Tau_Type_normal_anchors - INFO - Batch:[1124] Adversarial images for this batch already exist
2026-01-22 21:24:26,315 - ADV_Generation_eps_1.0_steps_100_Added_Noise_uniform_Eps_40.0_Tau_Type_normal_anchors - INFO - Batch 1125/2465: Clean accuracy 0.9867 | Adv accuracy: 0.0178 | Counter-attack accuracy: 0.9804
2026-01-22 21:24:26,316 - ADV_Generation_eps_1.0_steps_100_Added_Noise_uniform_Eps_40.0_Tau_Type_normal_anchors - INFO - Batch:[1125] Adversarial images for this batch already exist
2026-01-22 21:24:26,642 - ADV_Generation_eps_1.0_steps_100_Added_Noise_uniform_Eps_40.0_Tau_Type_normal_anchors - INFO - Batch 1126/2465: Clean accuracy 0.9867 | Adv accuracy: 0.0178 | Counter-attack accuracy: 0.9805
2026-01-22 21:24:26,643 - ADV_Generation_eps_1.0_steps_100_Added_Noise_uniform_Eps_40.0_Tau_Type_normal_anchors - INFO - Batch:[1126] Adversarial images for this batch already exist
2026-01-22 21:24:26,969 - ADV_Generation_eps_1.0_steps_100_Added_Noise_uniform_Eps_40.0_Tau_Type_normal_anchors - INFO - Batch 1127/2465: Clean accuracy 0.9867 | Adv accuracy: 0.0177 | Counter-attack accuracy: 0.9805
2026-01-22 21:24:26,970 - ADV_Generation_eps_1.0_steps_100_Added_Noise_uniform_Eps_40.0_Tau_Type_normal_anchors - INFO - Batch:[1127] Adversarial images for this batch already exist
2026-01-22 21:24:27,297 - ADV_Generation_eps_1.0_steps_100_Added_Noise_uniform_Eps_40.0_Tau_Type_normal_anchors - INFO - Batch 1128/2465: Clean accuracy 0.9867 | Adv accuracy: 0.0177 | Counter-attack accuracy: 0.9805
2026-01-22 21:24:27,298 - ADV_Generation_eps_1.0_steps_100_Added_Noise_uniform_Eps_40.0_Tau_Type_normal_anchors - INFO - Batch:[1128] Adversarial images for this batch already exist
2026-01-22 21:24:27,623 - ADV_Generation_eps_1.0_steps_100_Added_Noise_uniform_Eps_40.0_Tau_Type_normal_anchors - INFO - Batch 1129/2465: Clean accuracy 0.9867 | Adv accuracy: 0.0177 | Counter-attack accuracy: 0.9796
2026-01-22 21:24:27,624 - ADV_Generation_eps_1.0_steps_100_Added_Noise_uniform_Eps_40.0_Tau_Type_normal_anchors - INFO - Batch:[1129] Adversarial images for this batch already exist
2026-01-22 21:24:27,954 - ADV_Generation_eps_1.0_steps_100_Added_Noise_uniform_Eps_40.0_Tau_Type_normal_anchors - INFO - Batch 1130/2465: Clean accuracy 0.9867 | Adv accuracy: 0.0177 | Counter-attack accuracy: 0.9796
2026-01-22 21:24:27,955 - ADV_Generation_eps_1.0_steps_100_Added_Noise_uniform_Eps_40.0_Tau_Type_normal_anchors - INFO - Batch:[1130] Adversarial images for this batch already exist
2026-01-22 21:24:28,281 - ADV_Generation_eps_1.0_steps_100_Added_Noise_uniform_Eps_40.0_Tau_Type_normal_anchors - INFO - Batch 1131/2465: Clean accuracy 0.9867 | Adv accuracy: 0.0177 | Counter-attack accuracy: 0.9797
2026-01-22 21:24:28,282 - ADV_Generation_eps_1.0_steps_100_Added_Noise_uniform_Eps_40.0_Tau_Type_normal_anchors - INFO - Batch:[1131] Adversarial images for this batch already exist
2026-01-22 21:24:28,607 - ADV_Generation_eps_1.0_steps_100_Added_Noise_uniform_Eps_40.0_Tau_Type_normal_anchors - INFO - Batch 1132/2465: Clean accuracy 0.9867 | Adv accuracy: 0.0177 | Counter-attack accuracy: 0.9797
2026-01-22 21:24:28,609 - ADV_Generation_eps_1.0_steps_100_Added_Noise_uniform_Eps_40.0_Tau_Type_normal_anchors - INFO - Batch:[1132] Adversarial images for this batch already exist
2026-01-22 21:24:28,938 - ADV_Generation_eps_1.0_steps_100_Added_Noise_uniform_Eps_40.0_Tau_Type_normal_anchors - INFO - Batch 1133/2465: Clean accuracy 0.9868 | Adv accuracy: 0.0177 | Counter-attack accuracy: 0.9797
2026-01-22 21:24:28,939 - ADV_Generation_eps_1.0_steps_100_Added_Noise_uniform_Eps_40.0_Tau_Type_normal_anchors - INFO - Batch:[1133] Adversarial images for this batch already exist
2026-01-22 21:24:29,262 - ADV_Generation_eps_1.0_steps_100_Added_Noise_uniform_Eps_40.0_Tau_Type_normal_anchors - INFO - Batch 1134/2465: Clean accuracy 0.9868 | Adv accuracy: 0.0176 | Counter-attack accuracy: 0.9797
2026-01-22 21:24:29,263 - ADV_Generation_eps_1.0_steps_100_Added_Noise_uniform_Eps_40.0_Tau_Type_normal_anchors - INFO - Batch:[1134] Adversarial images for this batch already exist
2026-01-22 21:24:29,592 - ADV_Generation_eps_1.0_steps_100_Added_Noise_uniform_Eps_40.0_Tau_Type_normal_anchors - INFO - Batch 1135/2465: Clean accuracy 0.9868 | Adv accuracy: 0.0176 | Counter-attack accuracy: 0.9797
2026-01-22 21:24:29,592 - ADV_Generation_eps_1.0_steps_100_Added_Noise_uniform_Eps_40.0_Tau_Type_normal_anchors - INFO - Batch:[1135] Adversarial images for this batch already exist
2026-01-22 21:24:29,917 - ADV_Generation_eps_1.0_steps_100_Added_Noise_uniform_Eps_40.0_Tau_Type_normal_anchors - INFO - Batch 1136/2465: Clean accuracy 0.9868 | Adv accuracy: 0.0176 | Counter-attack accuracy: 0.9798
2026-01-22 21:24:29,917 - ADV_Generation_eps_1.0_steps_100_Added_Noise_uniform_Eps_40.0_Tau_Type_normal_anchors - INFO - Batch:[1136] Adversarial images for this batch already exist
2026-01-22 21:24:30,241 - ADV_Generation_eps_1.0_steps_100_Added_Noise_uniform_Eps_40.0_Tau_Type_normal_anchors - INFO - Batch 1137/2465: Clean accuracy 0.9859 | Adv accuracy: 0.0176 | Counter-attack accuracy: 0.9798
2026-01-22 21:24:30,242 - ADV_Generation_eps_1.0_steps_100_Added_Noise_uniform_Eps_40.0_Tau_Type_normal_anchors - INFO - Batch:[1137] Adversarial images for this batch already exist
2026-01-22 21:24:30,561 - ADV_Generation_eps_1.0_steps_100_Added_Noise_uniform_Eps_40.0_Tau_Type_normal_anchors - INFO - Batch 1138/2465: Clean accuracy 0.9851 | Adv accuracy: 0.0176 | Counter-attack accuracy: 0.9789
2026-01-22 21:24:30,562 - ADV_Generation_eps_1.0_steps_100_Added_Noise_uniform_Eps_40.0_Tau_Type_normal_anchors - INFO - Batch:[1138] Adversarial images for this batch already exist
2026-01-22 21:24:30,884 - ADV_Generation_eps_1.0_steps_100_Added_Noise_uniform_Eps_40.0_Tau_Type_normal_anchors - INFO - Batch 1139/2465: Clean accuracy 0.9842 | Adv accuracy: 0.0176 | Counter-attack accuracy: 0.9781
2026-01-22 21:24:30,885 - ADV_Generation_eps_1.0_steps_100_Added_Noise_uniform_Eps_40.0_Tau_Type_normal_anchors - INFO - Batch:[1139] Adversarial images for this batch already exist
2026-01-22 21:24:31,206 - ADV_Generation_eps_1.0_steps_100_Added_Noise_uniform_Eps_40.0_Tau_Type_normal_anchors - INFO - Batch 1140/2465: Clean accuracy 0.9842 | Adv accuracy: 0.0175 | Counter-attack accuracy: 0.9781
2026-01-22 21:24:31,207 - ADV_Generation_eps_1.0_steps_100_Added_Noise_uniform_Eps_40.0_Tau_Type_normal_anchors - INFO - Batch:[1140] Adversarial images for this batch already exist
2026-01-22 21:24:31,537 - ADV_Generation_eps_1.0_steps_100_Added_Noise_uniform_Eps_40.0_Tau_Type_normal_anchors - INFO - Batch 1141/2465: Clean accuracy 0.9842 | Adv accuracy: 0.0175 | Counter-attack accuracy: 0.9781
2026-01-22 21:24:31,538 - ADV_Generation_eps_1.0_steps_100_Added_Noise_uniform_Eps_40.0_Tau_Type_normal_anchors - INFO - Batch:[1141] Adversarial images for this batch already exist
2026-01-22 21:24:31,868 - ADV_Generation_eps_1.0_steps_100_Added_Noise_uniform_Eps_40.0_Tau_Type_normal_anchors - INFO - Batch 1142/2465: Clean accuracy 0.9842 | Adv accuracy: 0.0175 | Counter-attack accuracy: 0.9781
2026-01-22 21:24:31,869 - ADV_Generation_eps_1.0_steps_100_Added_Noise_uniform_Eps_40.0_Tau_Type_normal_anchors - INFO - Batch:[1142] Adversarial images for this batch already exist
2026-01-22 21:24:32,208 - ADV_Generation_eps_1.0_steps_100_Added_Noise_uniform_Eps_40.0_Tau_Type_normal_anchors - INFO - Batch 1143/2465: Clean accuracy 0.9843 | Adv accuracy: 0.0175 | Counter-attack accuracy: 0.9781
2026-01-22 21:24:32,210 - ADV_Generation_eps_1.0_steps_100_Added_Noise_uniform_Eps_40.0_Tau_Type_normal_anchors - INFO - Batch:[1143] Adversarial images for this batch already exist
2026-01-22 21:24:32,537 - ADV_Generation_eps_1.0_steps_100_Added_Noise_uniform_Eps_40.0_Tau_Type_normal_anchors - INFO - Batch 1144/2465: Clean accuracy 0.9843 | Adv accuracy: 0.0175 | Counter-attack accuracy: 0.9781
2026-01-22 21:24:32,538 - ADV_Generation_eps_1.0_steps_100_Added_Noise_uniform_Eps_40.0_Tau_Type_normal_anchors - INFO - Batch:[1144] Adversarial images for this batch already exist
2026-01-22 21:24:32,870 - ADV_Generation_eps_1.0_steps_100_Added_Noise_uniform_Eps_40.0_Tau_Type_normal_anchors - INFO - Batch 1145/2465: Clean accuracy 0.9843 | Adv accuracy: 0.0175 | Counter-attack accuracy: 0.9782
2026-01-22 21:24:32,870 - ADV_Generation_eps_1.0_steps_100_Added_Noise_uniform_Eps_40.0_Tau_Type_normal_anchors - INFO - Batch:[1145] Adversarial images for this batch already exist
2026-01-22 21:24:33,195 - ADV_Generation_eps_1.0_steps_100_Added_Noise_uniform_Eps_40.0_Tau_Type_normal_anchors - INFO - Batch 1146/2465: Clean accuracy 0.9834 | Adv accuracy: 0.0175 | Counter-attack accuracy: 0.9773
2026-01-22 21:24:33,195 - ADV_Generation_eps_1.0_steps_100_Added_Noise_uniform_Eps_40.0_Tau_Type_normal_anchors - INFO - Batch:[1146] Adversarial images for this batch already exist
2026-01-22 21:24:33,528 - ADV_Generation_eps_1.0_steps_100_Added_Noise_uniform_Eps_40.0_Tau_Type_normal_anchors - INFO - Batch 1147/2465: Clean accuracy 0.9834 | Adv accuracy: 0.0174 | Counter-attack accuracy: 0.9773
2026-01-22 21:24:33,528 - ADV_Generation_eps_1.0_steps_100_Added_Noise_uniform_Eps_40.0_Tau_Type_normal_anchors - INFO - Batch:[1147] Adversarial images for this batch already exist
2026-01-22 21:24:33,853 - ADV_Generation_eps_1.0_steps_100_Added_Noise_uniform_Eps_40.0_Tau_Type_normal_anchors - INFO - Batch 1148/2465: Clean accuracy 0.9826 | Adv accuracy: 0.0174 | Counter-attack accuracy: 0.9774
2026-01-22 21:24:33,853 - ADV_Generation_eps_1.0_steps_100_Added_Noise_uniform_Eps_40.0_Tau_Type_normal_anchors - INFO - Batch:[1148] Adversarial images for this batch already exist
2026-01-22 21:24:34,185 - ADV_Generation_eps_1.0_steps_100_Added_Noise_uniform_Eps_40.0_Tau_Type_normal_anchors - INFO - Batch 1149/2465: Clean accuracy 0.9826 | Adv accuracy: 0.0174 | Counter-attack accuracy: 0.9774
2026-01-22 21:24:34,185 - ADV_Generation_eps_1.0_steps_100_Added_Noise_uniform_Eps_40.0_Tau_Type_normal_anchors - INFO - Batch:[1149] Adversarial images for this batch already exist
2026-01-22 21:24:34,512 - ADV_Generation_eps_1.0_steps_100_Added_Noise_uniform_Eps_40.0_Tau_Type_normal_anchors - INFO - Batch 1150/2465: Clean accuracy 0.9826 | Adv accuracy: 0.0174 | Counter-attack accuracy: 0.9774
2026-01-22 21:24:34,513 - ADV_Generation_eps_1.0_steps_100_Added_Noise_uniform_Eps_40.0_Tau_Type_normal_anchors - INFO - Batch:[1150] Adversarial images for this batch already exist
2026-01-22 21:24:34,840 - ADV_Generation_eps_1.0_steps_100_Added_Noise_uniform_Eps_40.0_Tau_Type_normal_anchors - INFO - Batch 1151/2465: Clean accuracy 0.9826 | Adv accuracy: 0.0174 | Counter-attack accuracy: 0.9774
2026-01-22 21:24:34,841 - ADV_Generation_eps_1.0_steps_100_Added_Noise_uniform_Eps_40.0_Tau_Type_normal_anchors - INFO - Batch:[1151] Adversarial images for this batch already exist
2026-01-22 21:24:35,165 - ADV_Generation_eps_1.0_steps_100_Added_Noise_uniform_Eps_40.0_Tau_Type_normal_anchors - INFO - Batch 1152/2465: Clean accuracy 0.9826 | Adv accuracy: 0.0174 | Counter-attack accuracy: 0.9774
2026-01-22 21:24:35,166 - ADV_Generation_eps_1.0_steps_100_Added_Noise_uniform_Eps_40.0_Tau_Type_normal_anchors - INFO - Batch:[1152] Adversarial images for this batch already exist
2026-01-22 21:24:35,489 - ADV_Generation_eps_1.0_steps_100_Added_Noise_uniform_Eps_40.0_Tau_Type_normal_anchors - INFO - Batch 1153/2465: Clean accuracy 0.9827 | Adv accuracy: 0.0173 | Counter-attack accuracy: 0.9775
2026-01-22 21:24:35,490 - ADV_Generation_eps_1.0_steps_100_Added_Noise_uniform_Eps_40.0_Tau_Type_normal_anchors - INFO - Batch:[1153] Adversarial images for this batch already exist
2026-01-22 21:24:35,817 - ADV_Generation_eps_1.0_steps_100_Added_Noise_uniform_Eps_40.0_Tau_Type_normal_anchors - INFO - Batch 1154/2465: Clean accuracy 0.9827 | Adv accuracy: 0.0173 | Counter-attack accuracy: 0.9775
2026-01-22 21:24:35,818 - ADV_Generation_eps_1.0_steps_100_Added_Noise_uniform_Eps_40.0_Tau_Type_normal_anchors - INFO - Batch:[1154] Adversarial images for this batch already exist
2026-01-22 21:24:36,141 - ADV_Generation_eps_1.0_steps_100_Added_Noise_uniform_Eps_40.0_Tau_Type_normal_anchors - INFO - Batch 1155/2465: Clean accuracy 0.9827 | Adv accuracy: 0.0173 | Counter-attack accuracy: 0.9775
2026-01-22 21:24:36,141 - ADV_Generation_eps_1.0_steps_100_Added_Noise_uniform_Eps_40.0_Tau_Type_normal_anchors - INFO - Batch:[1155] Adversarial images for this batch already exist
2026-01-22 21:24:36,466 - ADV_Generation_eps_1.0_steps_100_Added_Noise_uniform_Eps_40.0_Tau_Type_normal_anchors - INFO - Batch 1156/2465: Clean accuracy 0.9827 | Adv accuracy: 0.0173 | Counter-attack accuracy: 0.9775
2026-01-22 21:24:36,467 - ADV_Generation_eps_1.0_steps_100_Added_Noise_uniform_Eps_40.0_Tau_Type_normal_anchors - INFO - Batch:[1156] Adversarial images for this batch already exist
2026-01-22 21:24:36,798 - ADV_Generation_eps_1.0_steps_100_Added_Noise_uniform_Eps_40.0_Tau_Type_normal_anchors - INFO - Batch 1157/2465: Clean accuracy 0.9827 | Adv accuracy: 0.0173 | Counter-attack accuracy: 0.9775
2026-01-22 21:24:36,799 - ADV_Generation_eps_1.0_steps_100_Added_Noise_uniform_Eps_40.0_Tau_Type_normal_anchors - INFO - Batch:[1157] Adversarial images for this batch already exist
2026-01-22 21:24:37,126 - ADV_Generation_eps_1.0_steps_100_Added_Noise_uniform_Eps_40.0_Tau_Type_normal_anchors - INFO - Batch 1158/2465: Clean accuracy 0.9827 | Adv accuracy: 0.0173 | Counter-attack accuracy: 0.9775
2026-01-22 21:24:37,126 - ADV_Generation_eps_1.0_steps_100_Added_Noise_uniform_Eps_40.0_Tau_Type_normal_anchors - INFO - Batch:[1158] Adversarial images for this batch already exist
2026-01-22 21:24:37,451 - ADV_Generation_eps_1.0_steps_100_Added_Noise_uniform_Eps_40.0_Tau_Type_normal_anchors - INFO - Batch 1159/2465: Clean accuracy 0.9827 | Adv accuracy: 0.0173 | Counter-attack accuracy: 0.9776
2026-01-22 21:24:37,452 - ADV_Generation_eps_1.0_steps_100_Added_Noise_uniform_Eps_40.0_Tau_Type_normal_anchors - INFO - Batch:[1159] Adversarial images for this batch already exist
2026-01-22 21:24:37,778 - ADV_Generation_eps_1.0_steps_100_Added_Noise_uniform_Eps_40.0_Tau_Type_normal_anchors - INFO - Batch 1160/2465: Clean accuracy 0.9828 | Adv accuracy: 0.0172 | Counter-attack accuracy: 0.9776
2026-01-22 21:24:37,778 - ADV_Generation_eps_1.0_steps_100_Added_Noise_uniform_Eps_40.0_Tau_Type_normal_anchors - INFO - Batch:[1160] Adversarial images for this batch already exist
2026-01-22 21:24:38,095 - ADV_Generation_eps_1.0_steps_100_Added_Noise_uniform_Eps_40.0_Tau_Type_normal_anchors - INFO - Batch 1161/2465: Clean accuracy 0.9828 | Adv accuracy: 0.0172 | Counter-attack accuracy: 0.9776
2026-01-22 21:24:38,096 - ADV_Generation_eps_1.0_steps_100_Added_Noise_uniform_Eps_40.0_Tau_Type_normal_anchors - INFO - Batch:[1161] Adversarial images for this batch already exist
2026-01-22 21:24:38,422 - ADV_Generation_eps_1.0_steps_100_Added_Noise_uniform_Eps_40.0_Tau_Type_normal_anchors - INFO - Batch 1162/2465: Clean accuracy 0.9828 | Adv accuracy: 0.0172 | Counter-attack accuracy: 0.9776
2026-01-22 21:24:38,423 - ADV_Generation_eps_1.0_steps_100_Added_Noise_uniform_Eps_40.0_Tau_Type_normal_anchors - INFO - Batch:[1162] Adversarial images for this batch already exist
2026-01-22 21:24:38,753 - ADV_Generation_eps_1.0_steps_100_Added_Noise_uniform_Eps_40.0_Tau_Type_normal_anchors - INFO - Batch 1163/2465: Clean accuracy 0.9828 | Adv accuracy: 0.0172 | Counter-attack accuracy: 0.9768
2026-01-22 21:24:38,753 - ADV_Generation_eps_1.0_steps_100_Added_Noise_uniform_Eps_40.0_Tau_Type_normal_anchors - INFO - Batch:[1163] Adversarial images for this batch already exist
2026-01-22 21:24:39,075 - ADV_Generation_eps_1.0_steps_100_Added_Noise_uniform_Eps_40.0_Tau_Type_normal_anchors - INFO - Batch 1164/2465: Clean accuracy 0.9828 | Adv accuracy: 0.0172 | Counter-attack accuracy: 0.9768
2026-01-22 21:24:39,075 - ADV_Generation_eps_1.0_steps_100_Added_Noise_uniform_Eps_40.0_Tau_Type_normal_anchors - INFO - Batch:[1164] Adversarial images for this batch already exist
2026-01-22 21:24:39,421 - ADV_Generation_eps_1.0_steps_100_Added_Noise_uniform_Eps_40.0_Tau_Type_normal_anchors - INFO - Batch 1165/2465: Clean accuracy 0.9828 | Adv accuracy: 0.0172 | Counter-attack accuracy: 0.9768
2026-01-22 21:24:39,422 - ADV_Generation_eps_1.0_steps_100_Added_Noise_uniform_Eps_40.0_Tau_Type_normal_anchors - INFO - Batch:[1165] Adversarial images for this batch already exist
2026-01-22 21:24:39,746 - ADV_Generation_eps_1.0_steps_100_Added_Noise_uniform_Eps_40.0_Tau_Type_normal_anchors - INFO - Batch 1166/2465: Clean accuracy 0.9828 | Adv accuracy: 0.0172 | Counter-attack accuracy: 0.9768
2026-01-22 21:24:39,747 - ADV_Generation_eps_1.0_steps_100_Added_Noise_uniform_Eps_40.0_Tau_Type_normal_anchors - INFO - Batch:[1166] Adversarial images for this batch already exist
2026-01-22 21:24:40,069 - ADV_Generation_eps_1.0_steps_100_Added_Noise_uniform_Eps_40.0_Tau_Type_normal_anchors - INFO - Batch 1167/2465: Clean accuracy 0.9829 | Adv accuracy: 0.0171 | Counter-attack accuracy: 0.9769
2026-01-22 21:24:40,070 - ADV_Generation_eps_1.0_steps_100_Added_Noise_uniform_Eps_40.0_Tau_Type_normal_anchors - INFO - Batch:[1167] Adversarial images for this batch already exist
2026-01-22 21:24:40,390 - ADV_Generation_eps_1.0_steps_100_Added_Noise_uniform_Eps_40.0_Tau_Type_normal_anchors - INFO - Batch 1168/2465: Clean accuracy 0.9829 | Adv accuracy: 0.0171 | Counter-attack accuracy: 0.9769
2026-01-22 21:24:40,390 - ADV_Generation_eps_1.0_steps_100_Added_Noise_uniform_Eps_40.0_Tau_Type_normal_anchors - INFO - Batch:[1168] Adversarial images for this batch already exist
2026-01-22 21:24:40,715 - ADV_Generation_eps_1.0_steps_100_Added_Noise_uniform_Eps_40.0_Tau_Type_normal_anchors - INFO - Batch 1169/2465: Clean accuracy 0.9829 | Adv accuracy: 0.0171 | Counter-attack accuracy: 0.9769
2026-01-22 21:24:40,716 - ADV_Generation_eps_1.0_steps_100_Added_Noise_uniform_Eps_40.0_Tau_Type_normal_anchors - INFO - Batch:[1169] Adversarial images for this batch already exist
2026-01-22 21:24:41,049 - ADV_Generation_eps_1.0_steps_100_Added_Noise_uniform_Eps_40.0_Tau_Type_normal_anchors - INFO - Batch 1170/2465: Clean accuracy 0.9829 | Adv accuracy: 0.0171 | Counter-attack accuracy: 0.9769
2026-01-22 21:24:41,050 - ADV_Generation_eps_1.0_steps_100_Added_Noise_uniform_Eps_40.0_Tau_Type_normal_anchors - INFO - Batch:[1170] Adversarial images for this batch already exist
2026-01-22 21:24:41,375 - ADV_Generation_eps_1.0_steps_100_Added_Noise_uniform_Eps_40.0_Tau_Type_normal_anchors - INFO - Batch 1171/2465: Clean accuracy 0.9829 | Adv accuracy: 0.0171 | Counter-attack accuracy: 0.9769
2026-01-22 21:24:41,376 - ADV_Generation_eps_1.0_steps_100_Added_Noise_uniform_Eps_40.0_Tau_Type_normal_anchors - INFO - Batch:[1171] Adversarial images for this batch already exist
2026-01-22 21:24:41,697 - ADV_Generation_eps_1.0_steps_100_Added_Noise_uniform_Eps_40.0_Tau_Type_normal_anchors - INFO - Batch 1172/2465: Clean accuracy 0.9829 | Adv accuracy: 0.0171 | Counter-attack accuracy: 0.9770
2026-01-22 21:24:41,698 - ADV_Generation_eps_1.0_steps_100_Added_Noise_uniform_Eps_40.0_Tau_Type_normal_anchors - INFO - Batch:[1172] Adversarial images for this batch already exist
2026-01-22 21:24:42,025 - ADV_Generation_eps_1.0_steps_100_Added_Noise_uniform_Eps_40.0_Tau_Type_normal_anchors - INFO - Batch 1173/2465: Clean accuracy 0.9829 | Adv accuracy: 0.0171 | Counter-attack accuracy: 0.9770
2026-01-22 21:24:42,026 - ADV_Generation_eps_1.0_steps_100_Added_Noise_uniform_Eps_40.0_Tau_Type_normal_anchors - INFO - Batch:[1173] Adversarial images for this batch already exist
2026-01-22 21:24:42,355 - ADV_Generation_eps_1.0_steps_100_Added_Noise_uniform_Eps_40.0_Tau_Type_normal_anchors - INFO - Batch 1174/2465: Clean accuracy 0.9830 | Adv accuracy: 0.0170 | Counter-attack accuracy: 0.9770
2026-01-22 21:24:42,356 - ADV_Generation_eps_1.0_steps_100_Added_Noise_uniform_Eps_40.0_Tau_Type_normal_anchors - INFO - Batch:[1174] Adversarial images for this batch already exist
2026-01-22 21:24:42,677 - ADV_Generation_eps_1.0_steps_100_Added_Noise_uniform_Eps_40.0_Tau_Type_normal_anchors - INFO - Batch 1175/2465: Clean accuracy 0.9830 | Adv accuracy: 0.0170 | Counter-attack accuracy: 0.9770
2026-01-22 21:24:42,677 - ADV_Generation_eps_1.0_steps_100_Added_Noise_uniform_Eps_40.0_Tau_Type_normal_anchors - INFO - Batch:[1175] Adversarial images for this batch already exist
2026-01-22 21:24:43,002 - ADV_Generation_eps_1.0_steps_100_Added_Noise_uniform_Eps_40.0_Tau_Type_normal_anchors - INFO - Batch 1176/2465: Clean accuracy 0.9830 | Adv accuracy: 0.0170 | Counter-attack accuracy: 0.9770
2026-01-22 21:24:43,002 - ADV_Generation_eps_1.0_steps_100_Added_Noise_uniform_Eps_40.0_Tau_Type_normal_anchors - INFO - Batch:[1176] Adversarial images for this batch already exist
2026-01-22 21:24:43,327 - ADV_Generation_eps_1.0_steps_100_Added_Noise_uniform_Eps_40.0_Tau_Type_normal_anchors - INFO - Batch 1177/2465: Clean accuracy 0.9830 | Adv accuracy: 0.0170 | Counter-attack accuracy: 0.9771
2026-01-22 21:24:43,328 - ADV_Generation_eps_1.0_steps_100_Added_Noise_uniform_Eps_40.0_Tau_Type_normal_anchors - INFO - Batch:[1177] Adversarial images for this batch already exist
2026-01-22 21:24:43,650 - ADV_Generation_eps_1.0_steps_100_Added_Noise_uniform_Eps_40.0_Tau_Type_normal_anchors - INFO - Batch 1178/2465: Clean accuracy 0.9830 | Adv accuracy: 0.0170 | Counter-attack accuracy: 0.9771
2026-01-22 21:24:43,651 - ADV_Generation_eps_1.0_steps_100_Added_Noise_uniform_Eps_40.0_Tau_Type_normal_anchors - INFO - Batch:[1178] Adversarial images for this batch already exist
2026-01-22 21:24:43,977 - ADV_Generation_eps_1.0_steps_100_Added_Noise_uniform_Eps_40.0_Tau_Type_normal_anchors - INFO - Batch 1179/2465: Clean accuracy 0.9830 | Adv accuracy: 0.0170 | Counter-attack accuracy: 0.9771
2026-01-22 21:24:43,978 - ADV_Generation_eps_1.0_steps_100_Added_Noise_uniform_Eps_40.0_Tau_Type_normal_anchors - INFO - Batch:[1179] Adversarial images for this batch already exist
2026-01-22 21:24:44,312 - ADV_Generation_eps_1.0_steps_100_Added_Noise_uniform_Eps_40.0_Tau_Type_normal_anchors - INFO - Batch 1180/2465: Clean accuracy 0.9831 | Adv accuracy: 0.0169 | Counter-attack accuracy: 0.9771
2026-01-22 21:24:44,313 - ADV_Generation_eps_1.0_steps_100_Added_Noise_uniform_Eps_40.0_Tau_Type_normal_anchors - INFO - Batch:[1180] Adversarial images for this batch already exist
2026-01-22 21:24:44,637 - ADV_Generation_eps_1.0_steps_100_Added_Noise_uniform_Eps_40.0_Tau_Type_normal_anchors - INFO - Batch 1181/2465: Clean accuracy 0.9831 | Adv accuracy: 0.0169 | Counter-attack accuracy: 0.9771
2026-01-22 21:24:44,639 - ADV_Generation_eps_1.0_steps_100_Added_Noise_uniform_Eps_40.0_Tau_Type_normal_anchors - INFO - Batch:[1181] Adversarial images for this batch already exist
2026-01-22 21:24:44,959 - ADV_Generation_eps_1.0_steps_100_Added_Noise_uniform_Eps_40.0_Tau_Type_normal_anchors - INFO - Batch 1182/2465: Clean accuracy 0.9831 | Adv accuracy: 0.0169 | Counter-attack accuracy: 0.9772
2026-01-22 21:24:44,960 - ADV_Generation_eps_1.0_steps_100_Added_Noise_uniform_Eps_40.0_Tau_Type_normal_anchors - INFO - Batch:[1182] Adversarial images for this batch already exist
2026-01-22 21:24:45,287 - ADV_Generation_eps_1.0_steps_100_Added_Noise_uniform_Eps_40.0_Tau_Type_normal_anchors - INFO - Batch 1183/2465: Clean accuracy 0.9831 | Adv accuracy: 0.0169 | Counter-attack accuracy: 0.9772
2026-01-22 21:24:45,287 - ADV_Generation_eps_1.0_steps_100_Added_Noise_uniform_Eps_40.0_Tau_Type_normal_anchors - INFO - Batch:[1183] Adversarial images for this batch already exist
2026-01-22 21:24:45,607 - ADV_Generation_eps_1.0_steps_100_Added_Noise_uniform_Eps_40.0_Tau_Type_normal_anchors - INFO - Batch 1184/2465: Clean accuracy 0.9831 | Adv accuracy: 0.0169 | Counter-attack accuracy: 0.9772
2026-01-22 21:24:45,608 - ADV_Generation_eps_1.0_steps_100_Added_Noise_uniform_Eps_40.0_Tau_Type_normal_anchors - INFO - Batch:[1184] Adversarial images for this batch already exist
2026-01-22 21:24:45,933 - ADV_Generation_eps_1.0_steps_100_Added_Noise_uniform_Eps_40.0_Tau_Type_normal_anchors - INFO - Batch 1185/2465: Clean accuracy 0.9831 | Adv accuracy: 0.0169 | Counter-attack accuracy: 0.9772
2026-01-22 21:24:45,934 - ADV_Generation_eps_1.0_steps_100_Added_Noise_uniform_Eps_40.0_Tau_Type_normal_anchors - INFO - Batch:[1185] Adversarial images for this batch already exist
2026-01-22 21:24:46,254 - ADV_Generation_eps_1.0_steps_100_Added_Noise_uniform_Eps_40.0_Tau_Type_normal_anchors - INFO - Batch 1186/2465: Clean accuracy 0.9831 | Adv accuracy: 0.0169 | Counter-attack accuracy: 0.9772
2026-01-22 21:24:46,255 - ADV_Generation_eps_1.0_steps_100_Added_Noise_uniform_Eps_40.0_Tau_Type_normal_anchors - INFO - Batch:[1186] Adversarial images for this batch already exist
2026-01-22 21:24:46,583 - ADV_Generation_eps_1.0_steps_100_Added_Noise_uniform_Eps_40.0_Tau_Type_normal_anchors - INFO - Batch 1187/2465: Clean accuracy 0.9832 | Adv accuracy: 0.0168 | Counter-attack accuracy: 0.9773
2026-01-22 21:24:46,584 - ADV_Generation_eps_1.0_steps_100_Added_Noise_uniform_Eps_40.0_Tau_Type_normal_anchors - INFO - Batch:[1187] Adversarial images for this batch already exist
2026-01-22 21:24:46,905 - ADV_Generation_eps_1.0_steps_100_Added_Noise_uniform_Eps_40.0_Tau_Type_normal_anchors - INFO - Batch 1188/2465: Clean accuracy 0.9832 | Adv accuracy: 0.0168 | Counter-attack accuracy: 0.9773
2026-01-22 21:24:46,905 - ADV_Generation_eps_1.0_steps_100_Added_Noise_uniform_Eps_40.0_Tau_Type_normal_anchors - INFO - Batch:[1188] Adversarial images for this batch already exist
2026-01-22 21:24:47,228 - ADV_Generation_eps_1.0_steps_100_Added_Noise_uniform_Eps_40.0_Tau_Type_normal_anchors - INFO - Batch 1189/2465: Clean accuracy 0.9832 | Adv accuracy: 0.0168 | Counter-attack accuracy: 0.9773
2026-01-22 21:24:47,228 - ADV_Generation_eps_1.0_steps_100_Added_Noise_uniform_Eps_40.0_Tau_Type_normal_anchors - INFO - Batch:[1189] Adversarial images for this batch already exist
2026-01-22 21:24:47,559 - ADV_Generation_eps_1.0_steps_100_Added_Noise_uniform_Eps_40.0_Tau_Type_normal_anchors - INFO - Batch 1190/2465: Clean accuracy 0.9832 | Adv accuracy: 0.0168 | Counter-attack accuracy: 0.9773
2026-01-22 21:24:47,559 - ADV_Generation_eps_1.0_steps_100_Added_Noise_uniform_Eps_40.0_Tau_Type_normal_anchors - INFO - Batch:[1190] Adversarial images for this batch already exist
2026-01-22 21:24:47,883 - ADV_Generation_eps_1.0_steps_100_Added_Noise_uniform_Eps_40.0_Tau_Type_normal_anchors - INFO - Batch 1191/2465: Clean accuracy 0.9832 | Adv accuracy: 0.0168 | Counter-attack accuracy: 0.9773
2026-01-22 21:24:47,884 - ADV_Generation_eps_1.0_steps_100_Added_Noise_uniform_Eps_40.0_Tau_Type_normal_anchors - INFO - Batch:[1191] Adversarial images for this batch already exist
2026-01-22 21:24:48,208 - ADV_Generation_eps_1.0_steps_100_Added_Noise_uniform_Eps_40.0_Tau_Type_normal_anchors - INFO - Batch 1192/2465: Clean accuracy 0.9832 | Adv accuracy: 0.0168 | Counter-attack accuracy: 0.9773
2026-01-22 21:24:48,209 - ADV_Generation_eps_1.0_steps_100_Added_Noise_uniform_Eps_40.0_Tau_Type_normal_anchors - INFO - Batch:[1192] Adversarial images for this batch already exist
2026-01-22 21:24:48,529 - ADV_Generation_eps_1.0_steps_100_Added_Noise_uniform_Eps_40.0_Tau_Type_normal_anchors - INFO - Batch 1193/2465: Clean accuracy 0.9832 | Adv accuracy: 0.0168 | Counter-attack accuracy: 0.9774
2026-01-22 21:24:48,531 - ADV_Generation_eps_1.0_steps_100_Added_Noise_uniform_Eps_40.0_Tau_Type_normal_anchors - INFO - Batch:[1193] Adversarial images for this batch already exist
2026-01-22 21:24:48,852 - ADV_Generation_eps_1.0_steps_100_Added_Noise_uniform_Eps_40.0_Tau_Type_normal_anchors - INFO - Batch 1194/2465: Clean accuracy 0.9832 | Adv accuracy: 0.0168 | Counter-attack accuracy: 0.9774
2026-01-22 21:24:48,853 - ADV_Generation_eps_1.0_steps_100_Added_Noise_uniform_Eps_40.0_Tau_Type_normal_anchors - INFO - Batch:[1194] Adversarial images for this batch already exist
2026-01-22 21:24:49,196 - ADV_Generation_eps_1.0_steps_100_Added_Noise_uniform_Eps_40.0_Tau_Type_normal_anchors - INFO - Batch 1195/2465: Clean accuracy 0.9833 | Adv accuracy: 0.0167 | Counter-attack accuracy: 0.9774
2026-01-22 21:24:49,197 - ADV_Generation_eps_1.0_steps_100_Added_Noise_uniform_Eps_40.0_Tau_Type_normal_anchors - INFO - Batch:[1195] Adversarial images for this batch already exist
2026-01-22 21:24:49,517 - ADV_Generation_eps_1.0_steps_100_Added_Noise_uniform_Eps_40.0_Tau_Type_normal_anchors - INFO - Batch 1196/2465: Clean accuracy 0.9833 | Adv accuracy: 0.0167 | Counter-attack accuracy: 0.9774
2026-01-22 21:24:49,519 - ADV_Generation_eps_1.0_steps_100_Added_Noise_uniform_Eps_40.0_Tau_Type_normal_anchors - INFO - Batch:[1196] Adversarial images for this batch already exist
2026-01-22 21:24:49,847 - ADV_Generation_eps_1.0_steps_100_Added_Noise_uniform_Eps_40.0_Tau_Type_normal_anchors - INFO - Batch 1197/2465: Clean accuracy 0.9833 | Adv accuracy: 0.0167 | Counter-attack accuracy: 0.9774
2026-01-22 21:24:49,849 - ADV_Generation_eps_1.0_steps_100_Added_Noise_uniform_Eps_40.0_Tau_Type_normal_anchors - INFO - Batch:[1197] Adversarial images for this batch already exist
2026-01-22 21:24:50,171 - ADV_Generation_eps_1.0_steps_100_Added_Noise_uniform_Eps_40.0_Tau_Type_normal_anchors - INFO - Batch 1198/2465: Clean accuracy 0.9833 | Adv accuracy: 0.0167 | Counter-attack accuracy: 0.9775
2026-01-22 21:24:50,171 - ADV_Generation_eps_1.0_steps_100_Added_Noise_uniform_Eps_40.0_Tau_Type_normal_anchors - INFO - Batch:[1198] Adversarial images for this batch already exist
2026-01-22 21:24:50,499 - ADV_Generation_eps_1.0_steps_100_Added_Noise_uniform_Eps_40.0_Tau_Type_normal_anchors - INFO - Batch 1199/2465: Clean accuracy 0.9833 | Adv accuracy: 0.0167 | Counter-attack accuracy: 0.9775
2026-01-22 21:24:50,500 - ADV_Generation_eps_1.0_steps_100_Added_Noise_uniform_Eps_40.0_Tau_Type_normal_anchors - INFO - Batch:[1199] Adversarial images for this batch already exist
2026-01-22 21:24:50,823 - ADV_Generation_eps_1.0_steps_100_Added_Noise_uniform_Eps_40.0_Tau_Type_normal_anchors - INFO - Batch 1200/2465: Clean accuracy 0.9833 | Adv accuracy: 0.0167 | Counter-attack accuracy: 0.9775
2026-01-22 21:24:50,824 - ADV_Generation_eps_1.0_steps_100_Added_Noise_uniform_Eps_40.0_Tau_Type_normal_anchors - INFO - Batch:[1200] Adversarial images for this batch already exist
2026-01-22 21:24:51,189 - ADV_Generation_eps_1.0_steps_100_Added_Noise_uniform_Eps_40.0_Tau_Type_normal_anchors - INFO - Batch 1201/2465: Clean accuracy 0.9833 | Adv accuracy: 0.0167 | Counter-attack accuracy: 0.9775
2026-01-22 21:24:51,190 - ADV_Generation_eps_1.0_steps_100_Added_Noise_uniform_Eps_40.0_Tau_Type_normal_anchors - INFO - Batch:[1201] Adversarial images for this batch already exist
2026-01-22 21:24:51,513 - ADV_Generation_eps_1.0_steps_100_Added_Noise_uniform_Eps_40.0_Tau_Type_normal_anchors - INFO - Batch 1202/2465: Clean accuracy 0.9834 | Adv accuracy: 0.0166 | Counter-attack accuracy: 0.9775
2026-01-22 21:24:51,514 - ADV_Generation_eps_1.0_steps_100_Added_Noise_uniform_Eps_40.0_Tau_Type_normal_anchors - INFO - Batch:[1202] Adversarial images for this batch already exist
2026-01-22 21:24:51,842 - ADV_Generation_eps_1.0_steps_100_Added_Noise_uniform_Eps_40.0_Tau_Type_normal_anchors - INFO - Batch 1203/2465: Clean accuracy 0.9834 | Adv accuracy: 0.0166 | Counter-attack accuracy: 0.9776
2026-01-22 21:24:51,843 - ADV_Generation_eps_1.0_steps_100_Added_Noise_uniform_Eps_40.0_Tau_Type_normal_anchors - INFO - Batch:[1203] Adversarial images for this batch already exist
2026-01-22 21:24:52,162 - ADV_Generation_eps_1.0_steps_100_Added_Noise_uniform_Eps_40.0_Tau_Type_normal_anchors - INFO - Batch 1204/2465: Clean accuracy 0.9834 | Adv accuracy: 0.0166 | Counter-attack accuracy: 0.9776
2026-01-22 21:24:52,163 - ADV_Generation_eps_1.0_steps_100_Added_Noise_uniform_Eps_40.0_Tau_Type_normal_anchors - INFO - Batch:[1204] Adversarial images for this batch already exist
2026-01-22 21:24:52,487 - ADV_Generation_eps_1.0_steps_100_Added_Noise_uniform_Eps_40.0_Tau_Type_normal_anchors - INFO - Batch 1205/2465: Clean accuracy 0.9834 | Adv accuracy: 0.0166 | Counter-attack accuracy: 0.9776
2026-01-22 21:24:52,487 - ADV_Generation_eps_1.0_steps_100_Added_Noise_uniform_Eps_40.0_Tau_Type_normal_anchors - INFO - Batch:[1205] Adversarial images for this batch already exist
2026-01-22 21:24:52,813 - ADV_Generation_eps_1.0_steps_100_Added_Noise_uniform_Eps_40.0_Tau_Type_normal_anchors - INFO - Batch 1206/2465: Clean accuracy 0.9834 | Adv accuracy: 0.0166 | Counter-attack accuracy: 0.9776
2026-01-22 21:24:52,814 - ADV_Generation_eps_1.0_steps_100_Added_Noise_uniform_Eps_40.0_Tau_Type_normal_anchors - INFO - Batch:[1206] Adversarial images for this batch already exist
2026-01-22 21:24:53,141 - ADV_Generation_eps_1.0_steps_100_Added_Noise_uniform_Eps_40.0_Tau_Type_normal_anchors - INFO - Batch 1207/2465: Clean accuracy 0.9834 | Adv accuracy: 0.0166 | Counter-attack accuracy: 0.9776
2026-01-22 21:24:53,142 - ADV_Generation_eps_1.0_steps_100_Added_Noise_uniform_Eps_40.0_Tau_Type_normal_anchors - INFO - Batch:[1207] Adversarial images for this batch already exist
2026-01-22 21:24:53,473 - ADV_Generation_eps_1.0_steps_100_Added_Noise_uniform_Eps_40.0_Tau_Type_normal_anchors - INFO - Batch 1208/2465: Clean accuracy 0.9834 | Adv accuracy: 0.0166 | Counter-attack accuracy: 0.9776
2026-01-22 21:24:53,474 - ADV_Generation_eps_1.0_steps_100_Added_Noise_uniform_Eps_40.0_Tau_Type_normal_anchors - INFO - Batch:[1208] Adversarial images for this batch already exist
2026-01-22 21:24:53,803 - ADV_Generation_eps_1.0_steps_100_Added_Noise_uniform_Eps_40.0_Tau_Type_normal_anchors - INFO - Batch 1209/2465: Clean accuracy 0.9835 | Adv accuracy: 0.0165 | Counter-attack accuracy: 0.9777
2026-01-22 21:24:53,804 - ADV_Generation_eps_1.0_steps_100_Added_Noise_uniform_Eps_40.0_Tau_Type_normal_anchors - INFO - Batch:[1209] Adversarial images for this batch already exist
2026-01-22 21:24:54,124 - ADV_Generation_eps_1.0_steps_100_Added_Noise_uniform_Eps_40.0_Tau_Type_normal_anchors - INFO - Batch 1210/2465: Clean accuracy 0.9835 | Adv accuracy: 0.0165 | Counter-attack accuracy: 0.9777
2026-01-22 21:24:54,125 - ADV_Generation_eps_1.0_steps_100_Added_Noise_uniform_Eps_40.0_Tau_Type_normal_anchors - INFO - Batch:[1210] Adversarial images for this batch already exist
2026-01-22 21:24:54,450 - ADV_Generation_eps_1.0_steps_100_Added_Noise_uniform_Eps_40.0_Tau_Type_normal_anchors - INFO - Batch 1211/2465: Clean accuracy 0.9835 | Adv accuracy: 0.0165 | Counter-attack accuracy: 0.9777
2026-01-22 21:24:54,451 - ADV_Generation_eps_1.0_steps_100_Added_Noise_uniform_Eps_40.0_Tau_Type_normal_anchors - INFO - Batch:[1211] Adversarial images for this batch already exist
2026-01-22 21:24:54,769 - ADV_Generation_eps_1.0_steps_100_Added_Noise_uniform_Eps_40.0_Tau_Type_normal_anchors - INFO - Batch 1212/2465: Clean accuracy 0.9835 | Adv accuracy: 0.0165 | Counter-attack accuracy: 0.9777
2026-01-22 21:24:54,770 - ADV_Generation_eps_1.0_steps_100_Added_Noise_uniform_Eps_40.0_Tau_Type_normal_anchors - INFO - Batch:[1212] Adversarial images for this batch already exist
2026-01-22 21:24:55,094 - ADV_Generation_eps_1.0_steps_100_Added_Noise_uniform_Eps_40.0_Tau_Type_normal_anchors - INFO - Batch 1213/2465: Clean accuracy 0.9835 | Adv accuracy: 0.0165 | Counter-attack accuracy: 0.9777
2026-01-22 21:24:55,095 - ADV_Generation_eps_1.0_steps_100_Added_Noise_uniform_Eps_40.0_Tau_Type_normal_anchors - INFO - Batch:[1213] Adversarial images for this batch already exist
2026-01-22 21:24:55,431 - ADV_Generation_eps_1.0_steps_100_Added_Noise_uniform_Eps_40.0_Tau_Type_normal_anchors - INFO - Batch 1214/2465: Clean accuracy 0.9835 | Adv accuracy: 0.0165 | Counter-attack accuracy: 0.9778
2026-01-22 21:24:55,432 - ADV_Generation_eps_1.0_steps_100_Added_Noise_uniform_Eps_40.0_Tau_Type_normal_anchors - INFO - Batch:[1214] Adversarial images for this batch already exist
2026-01-22 21:24:55,749 - ADV_Generation_eps_1.0_steps_100_Added_Noise_uniform_Eps_40.0_Tau_Type_normal_anchors - INFO - Batch 1215/2465: Clean accuracy 0.9835 | Adv accuracy: 0.0165 | Counter-attack accuracy: 0.9778
2026-01-22 21:24:55,750 - ADV_Generation_eps_1.0_steps_100_Added_Noise_uniform_Eps_40.0_Tau_Type_normal_anchors - INFO - Batch:[1215] Adversarial images for this batch already exist
2026-01-22 21:24:56,076 - ADV_Generation_eps_1.0_steps_100_Added_Noise_uniform_Eps_40.0_Tau_Type_normal_anchors - INFO - Batch 1216/2465: Clean accuracy 0.9836 | Adv accuracy: 0.0164 | Counter-attack accuracy: 0.9778
2026-01-22 21:24:56,077 - ADV_Generation_eps_1.0_steps_100_Added_Noise_uniform_Eps_40.0_Tau_Type_normal_anchors - INFO - Batch:[1216] Adversarial images for this batch already exist
2026-01-22 21:24:56,429 - ADV_Generation_eps_1.0_steps_100_Added_Noise_uniform_Eps_40.0_Tau_Type_normal_anchors - INFO - Batch 1217/2465: Clean accuracy 0.9836 | Adv accuracy: 0.0164 | Counter-attack accuracy: 0.9778
2026-01-22 21:24:56,430 - ADV_Generation_eps_1.0_steps_100_Added_Noise_uniform_Eps_40.0_Tau_Type_normal_anchors - INFO - Batch:[1217] Adversarial images for this batch already exist
2026-01-22 21:24:56,755 - ADV_Generation_eps_1.0_steps_100_Added_Noise_uniform_Eps_40.0_Tau_Type_normal_anchors - INFO - Batch 1218/2465: Clean accuracy 0.9836 | Adv accuracy: 0.0164 | Counter-attack accuracy: 0.9778
2026-01-22 21:24:56,756 - ADV_Generation_eps_1.0_steps_100_Added_Noise_uniform_Eps_40.0_Tau_Type_normal_anchors - INFO - Batch:[1218] Adversarial images for this batch already exist
2026-01-22 21:24:57,080 - ADV_Generation_eps_1.0_steps_100_Added_Noise_uniform_Eps_40.0_Tau_Type_normal_anchors - INFO - Batch 1219/2465: Clean accuracy 0.9836 | Adv accuracy: 0.0164 | Counter-attack accuracy: 0.9779
2026-01-22 21:24:57,081 - ADV_Generation_eps_1.0_steps_100_Added_Noise_uniform_Eps_40.0_Tau_Type_normal_anchors - INFO - Batch:[1219] Adversarial images for this batch already exist
2026-01-22 21:24:57,408 - ADV_Generation_eps_1.0_steps_100_Added_Noise_uniform_Eps_40.0_Tau_Type_normal_anchors - INFO - Batch 1220/2465: Clean accuracy 0.9836 | Adv accuracy: 0.0164 | Counter-attack accuracy: 0.9779
2026-01-22 21:24:57,409 - ADV_Generation_eps_1.0_steps_100_Added_Noise_uniform_Eps_40.0_Tau_Type_normal_anchors - INFO - Batch:[1220] Adversarial images for this batch already exist
2026-01-22 21:24:57,735 - ADV_Generation_eps_1.0_steps_100_Added_Noise_uniform_Eps_40.0_Tau_Type_normal_anchors - INFO - Batch 1221/2465: Clean accuracy 0.9836 | Adv accuracy: 0.0164 | Counter-attack accuracy: 0.9779
2026-01-22 21:24:57,736 - ADV_Generation_eps_1.0_steps_100_Added_Noise_uniform_Eps_40.0_Tau_Type_normal_anchors - INFO - Batch:[1221] Adversarial images for this batch already exist
2026-01-22 21:24:58,055 - ADV_Generation_eps_1.0_steps_100_Added_Noise_uniform_Eps_40.0_Tau_Type_normal_anchors - INFO - Batch 1222/2465: Clean accuracy 0.9836 | Adv accuracy: 0.0164 | Counter-attack accuracy: 0.9779
2026-01-22 21:24:58,056 - ADV_Generation_eps_1.0_steps_100_Added_Noise_uniform_Eps_40.0_Tau_Type_normal_anchors - INFO - Batch:[1222] Adversarial images for this batch already exist
2026-01-22 21:24:58,401 - ADV_Generation_eps_1.0_steps_100_Added_Noise_uniform_Eps_40.0_Tau_Type_normal_anchors - INFO - Batch 1223/2465: Clean accuracy 0.9836 | Adv accuracy: 0.0164 | Counter-attack accuracy: 0.9779
2026-01-22 21:24:58,402 - ADV_Generation_eps_1.0_steps_100_Added_Noise_uniform_Eps_40.0_Tau_Type_normal_anchors - INFO - Batch:[1223] Adversarial images for this batch already exist
2026-01-22 21:24:58,725 - ADV_Generation_eps_1.0_steps_100_Added_Noise_uniform_Eps_40.0_Tau_Type_normal_anchors - INFO - Batch 1224/2465: Clean accuracy 0.9837 | Adv accuracy: 0.0163 | Counter-attack accuracy: 0.9779
2026-01-22 21:24:58,726 - ADV_Generation_eps_1.0_steps_100_Added_Noise_uniform_Eps_40.0_Tau_Type_normal_anchors - INFO - Batch:[1224] Adversarial images for this batch already exist
2026-01-22 21:24:59,050 - ADV_Generation_eps_1.0_steps_100_Added_Noise_uniform_Eps_40.0_Tau_Type_normal_anchors - INFO - Batch 1225/2465: Clean accuracy 0.9837 | Adv accuracy: 0.0163 | Counter-attack accuracy: 0.9780
2026-01-22 21:24:59,064 - ADV_Generation_eps_1.0_steps_100_Added_Noise_uniform_Eps_40.0_Tau_Type_normal_anchors - INFO - Batch:[1225] Adversarial images for this batch already exist
2026-01-22 21:24:59,373 - ADV_Generation_eps_1.0_steps_100_Added_Noise_uniform_Eps_40.0_Tau_Type_normal_anchors - INFO - Batch 1226/2465: Clean accuracy 0.9837 | Adv accuracy: 0.0163 | Counter-attack accuracy: 0.9780
2026-01-22 21:24:59,375 - ADV_Generation_eps_1.0_steps_100_Added_Noise_uniform_Eps_40.0_Tau_Type_normal_anchors - INFO - Batch:[1226] Adversarial images for this batch already exist
2026-01-22 21:24:59,700 - ADV_Generation_eps_1.0_steps_100_Added_Noise_uniform_Eps_40.0_Tau_Type_normal_anchors - INFO - Batch 1227/2465: Clean accuracy 0.9837 | Adv accuracy: 0.0163 | Counter-attack accuracy: 0.9780
2026-01-22 21:24:59,701 - ADV_Generation_eps_1.0_steps_100_Added_Noise_uniform_Eps_40.0_Tau_Type_normal_anchors - INFO - Batch:[1227] Adversarial images for this batch already exist
2026-01-22 21:25:00,027 - ADV_Generation_eps_1.0_steps_100_Added_Noise_uniform_Eps_40.0_Tau_Type_normal_anchors - INFO - Batch 1228/2465: Clean accuracy 0.9837 | Adv accuracy: 0.0163 | Counter-attack accuracy: 0.9780
2026-01-22 21:25:00,027 - ADV_Generation_eps_1.0_steps_100_Added_Noise_uniform_Eps_40.0_Tau_Type_normal_anchors - INFO - Batch:[1228] Adversarial images for this batch already exist
2026-01-22 21:25:00,363 - ADV_Generation_eps_1.0_steps_100_Added_Noise_uniform_Eps_40.0_Tau_Type_normal_anchors - INFO - Batch 1229/2465: Clean accuracy 0.9837 | Adv accuracy: 0.0163 | Counter-attack accuracy: 0.9780
2026-01-22 21:25:00,364 - ADV_Generation_eps_1.0_steps_100_Added_Noise_uniform_Eps_40.0_Tau_Type_normal_anchors - INFO - Batch:[1229] Adversarial images for this batch already exist
2026-01-22 21:25:00,698 - ADV_Generation_eps_1.0_steps_100_Added_Noise_uniform_Eps_40.0_Tau_Type_normal_anchors - INFO - Batch 1230/2465: Clean accuracy 0.9837 | Adv accuracy: 0.0163 | Counter-attack accuracy: 0.9780
2026-01-22 21:25:00,699 - ADV_Generation_eps_1.0_steps_100_Added_Noise_uniform_Eps_40.0_Tau_Type_normal_anchors - INFO - Batch:[1230] Adversarial images for this batch already exist
2026-01-22 21:25:01,030 - ADV_Generation_eps_1.0_steps_100_Added_Noise_uniform_Eps_40.0_Tau_Type_normal_anchors - INFO - Batch 1231/2465: Clean accuracy 0.9838 | Adv accuracy: 0.0162 | Counter-attack accuracy: 0.9773
2026-01-22 21:25:01,031 - ADV_Generation_eps_1.0_steps_100_Added_Noise_uniform_Eps_40.0_Tau_Type_normal_anchors - INFO - Batch:[1231] Adversarial images for this batch already exist
2026-01-22 21:25:01,359 - ADV_Generation_eps_1.0_steps_100_Added_Noise_uniform_Eps_40.0_Tau_Type_normal_anchors - INFO - Batch 1232/2465: Clean accuracy 0.9838 | Adv accuracy: 0.0162 | Counter-attack accuracy: 0.9773
2026-01-22 21:25:01,360 - ADV_Generation_eps_1.0_steps_100_Added_Noise_uniform_Eps_40.0_Tau_Type_normal_anchors - INFO - Batch:[1232] Adversarial images for this batch already exist
2026-01-22 21:25:01,683 - ADV_Generation_eps_1.0_steps_100_Added_Noise_uniform_Eps_40.0_Tau_Type_normal_anchors - INFO - Batch 1233/2465: Clean accuracy 0.9838 | Adv accuracy: 0.0162 | Counter-attack accuracy: 0.9773
2026-01-22 21:25:01,684 - ADV_Generation_eps_1.0_steps_100_Added_Noise_uniform_Eps_40.0_Tau_Type_normal_anchors - INFO - Batch:[1233] Adversarial images for this batch already exist
2026-01-22 21:25:02,012 - ADV_Generation_eps_1.0_steps_100_Added_Noise_uniform_Eps_40.0_Tau_Type_normal_anchors - INFO - Batch 1234/2465: Clean accuracy 0.9838 | Adv accuracy: 0.0162 | Counter-attack accuracy: 0.9773
2026-01-22 21:25:02,013 - ADV_Generation_eps_1.0_steps_100_Added_Noise_uniform_Eps_40.0_Tau_Type_normal_anchors - INFO - Batch:[1234] Adversarial images for this batch already exist
2026-01-22 21:25:02,336 - ADV_Generation_eps_1.0_steps_100_Added_Noise_uniform_Eps_40.0_Tau_Type_normal_anchors - INFO - Batch 1235/2465: Clean accuracy 0.9838 | Adv accuracy: 0.0162 | Counter-attack accuracy: 0.9773
2026-01-22 21:25:02,337 - ADV_Generation_eps_1.0_steps_100_Added_Noise_uniform_Eps_40.0_Tau_Type_normal_anchors - INFO - Batch:[1235] Adversarial images for this batch already exist
2026-01-22 21:25:02,662 - ADV_Generation_eps_1.0_steps_100_Added_Noise_uniform_Eps_40.0_Tau_Type_normal_anchors - INFO - Batch 1236/2465: Clean accuracy 0.9838 | Adv accuracy: 0.0162 | Counter-attack accuracy: 0.9773
2026-01-22 21:25:02,663 - ADV_Generation_eps_1.0_steps_100_Added_Noise_uniform_Eps_40.0_Tau_Type_normal_anchors - INFO - Batch:[1236] Adversarial images for this batch already exist
2026-01-22 21:25:02,988 - ADV_Generation_eps_1.0_steps_100_Added_Noise_uniform_Eps_40.0_Tau_Type_normal_anchors - INFO - Batch 1237/2465: Clean accuracy 0.9838 | Adv accuracy: 0.0162 | Counter-attack accuracy: 0.9774
2026-01-22 21:25:02,989 - ADV_Generation_eps_1.0_steps_100_Added_Noise_uniform_Eps_40.0_Tau_Type_normal_anchors - INFO - Batch:[1237] Adversarial images for this batch already exist
2026-01-22 21:25:03,312 - ADV_Generation_eps_1.0_steps_100_Added_Noise_uniform_Eps_40.0_Tau_Type_normal_anchors - INFO - Batch 1238/2465: Clean accuracy 0.9838 | Adv accuracy: 0.0162 | Counter-attack accuracy: 0.9774
2026-01-22 21:25:03,313 - ADV_Generation_eps_1.0_steps_100_Added_Noise_uniform_Eps_40.0_Tau_Type_normal_anchors - INFO - Batch:[1238] Adversarial images for this batch already exist
2026-01-22 21:25:03,635 - ADV_Generation_eps_1.0_steps_100_Added_Noise_uniform_Eps_40.0_Tau_Type_normal_anchors - INFO - Batch 1239/2465: Clean accuracy 0.9839 | Adv accuracy: 0.0161 | Counter-attack accuracy: 0.9774
2026-01-22 21:25:03,636 - ADV_Generation_eps_1.0_steps_100_Added_Noise_uniform_Eps_40.0_Tau_Type_normal_anchors - INFO - Batch:[1239] Adversarial images for this batch already exist
2026-01-22 21:25:03,960 - ADV_Generation_eps_1.0_steps_100_Added_Noise_uniform_Eps_40.0_Tau_Type_normal_anchors - INFO - Batch 1240/2465: Clean accuracy 0.9839 | Adv accuracy: 0.0161 | Counter-attack accuracy: 0.9774
2026-01-22 21:25:03,960 - ADV_Generation_eps_1.0_steps_100_Added_Noise_uniform_Eps_40.0_Tau_Type_normal_anchors - INFO - Batch:[1240] Adversarial images for this batch already exist
2026-01-22 21:25:04,290 - ADV_Generation_eps_1.0_steps_100_Added_Noise_uniform_Eps_40.0_Tau_Type_normal_anchors - INFO - Batch 1241/2465: Clean accuracy 0.9839 | Adv accuracy: 0.0161 | Counter-attack accuracy: 0.9774
2026-01-22 21:25:04,290 - ADV_Generation_eps_1.0_steps_100_Added_Noise_uniform_Eps_40.0_Tau_Type_normal_anchors - INFO - Batch:[1241] Adversarial images for this batch already exist
2026-01-22 21:25:04,612 - ADV_Generation_eps_1.0_steps_100_Added_Noise_uniform_Eps_40.0_Tau_Type_normal_anchors - INFO - Batch 1242/2465: Clean accuracy 0.9839 | Adv accuracy: 0.0161 | Counter-attack accuracy: 0.9775
2026-01-22 21:25:04,613 - ADV_Generation_eps_1.0_steps_100_Added_Noise_uniform_Eps_40.0_Tau_Type_normal_anchors - INFO - Batch:[1242] Adversarial images for this batch already exist
2026-01-22 21:25:04,955 - ADV_Generation_eps_1.0_steps_100_Added_Noise_uniform_Eps_40.0_Tau_Type_normal_anchors - INFO - Batch 1243/2465: Clean accuracy 0.9839 | Adv accuracy: 0.0161 | Counter-attack accuracy: 0.9775
2026-01-22 21:25:04,956 - ADV_Generation_eps_1.0_steps_100_Added_Noise_uniform_Eps_40.0_Tau_Type_normal_anchors - INFO - Batch:[1243] Adversarial images for this batch already exist
2026-01-22 21:25:05,280 - ADV_Generation_eps_1.0_steps_100_Added_Noise_uniform_Eps_40.0_Tau_Type_normal_anchors - INFO - Batch 1244/2465: Clean accuracy 0.9839 | Adv accuracy: 0.0161 | Counter-attack accuracy: 0.9775
2026-01-22 21:25:05,281 - ADV_Generation_eps_1.0_steps_100_Added_Noise_uniform_Eps_40.0_Tau_Type_normal_anchors - INFO - Batch:[1244] Adversarial images for this batch already exist
2026-01-22 21:25:05,606 - ADV_Generation_eps_1.0_steps_100_Added_Noise_uniform_Eps_40.0_Tau_Type_normal_anchors - INFO - Batch 1245/2465: Clean accuracy 0.9839 | Adv accuracy: 0.0161 | Counter-attack accuracy: 0.9775
2026-01-22 21:25:05,607 - ADV_Generation_eps_1.0_steps_100_Added_Noise_uniform_Eps_40.0_Tau_Type_normal_anchors - INFO - Batch:[1245] Adversarial images for this batch already exist
2026-01-22 21:25:05,928 - ADV_Generation_eps_1.0_steps_100_Added_Noise_uniform_Eps_40.0_Tau_Type_normal_anchors - INFO - Batch 1246/2465: Clean accuracy 0.9839 | Adv accuracy: 0.0161 | Counter-attack accuracy: 0.9775
2026-01-22 21:25:05,929 - ADV_Generation_eps_1.0_steps_100_Added_Noise_uniform_Eps_40.0_Tau_Type_normal_anchors - INFO - Batch:[1246] Adversarial images for this batch already exist
2026-01-22 21:25:06,259 - ADV_Generation_eps_1.0_steps_100_Added_Noise_uniform_Eps_40.0_Tau_Type_normal_anchors - INFO - Batch 1247/2465: Clean accuracy 0.9840 | Adv accuracy: 0.0160 | Counter-attack accuracy: 0.9775
2026-01-22 21:25:06,259 - ADV_Generation_eps_1.0_steps_100_Added_Noise_uniform_Eps_40.0_Tau_Type_normal_anchors - INFO - Batch:[1247] Adversarial images for this batch already exist
2026-01-22 21:25:06,578 - ADV_Generation_eps_1.0_steps_100_Added_Noise_uniform_Eps_40.0_Tau_Type_normal_anchors - INFO - Batch 1248/2465: Clean accuracy 0.9832 | Adv accuracy: 0.0160 | Counter-attack accuracy: 0.9776
2026-01-22 21:25:06,579 - ADV_Generation_eps_1.0_steps_100_Added_Noise_uniform_Eps_40.0_Tau_Type_normal_anchors - INFO - Batch:[1248] Adversarial images for this batch already exist
2026-01-22 21:25:06,903 - ADV_Generation_eps_1.0_steps_100_Added_Noise_uniform_Eps_40.0_Tau_Type_normal_anchors - INFO - Batch 1249/2465: Clean accuracy 0.9832 | Adv accuracy: 0.0160 | Counter-attack accuracy: 0.9776
2026-01-22 21:25:06,904 - ADV_Generation_eps_1.0_steps_100_Added_Noise_uniform_Eps_40.0_Tau_Type_normal_anchors - INFO - Batch:[1249] Adversarial images for this batch already exist
2026-01-22 21:25:07,226 - ADV_Generation_eps_1.0_steps_100_Added_Noise_uniform_Eps_40.0_Tau_Type_normal_anchors - INFO - Batch 1250/2465: Clean accuracy 0.9832 | Adv accuracy: 0.0160 | Counter-attack accuracy: 0.9776
2026-01-22 21:25:07,228 - ADV_Generation_eps_1.0_steps_100_Added_Noise_uniform_Eps_40.0_Tau_Type_normal_anchors - INFO - Batch:[1250] Adversarial images for this batch already exist
2026-01-22 21:25:07,563 - ADV_Generation_eps_1.0_steps_100_Added_Noise_uniform_Eps_40.0_Tau_Type_normal_anchors - INFO - Batch 1251/2465: Clean accuracy 0.9832 | Adv accuracy: 0.0160 | Counter-attack accuracy: 0.9776
2026-01-22 21:25:07,563 - ADV_Generation_eps_1.0_steps_100_Added_Noise_uniform_Eps_40.0_Tau_Type_normal_anchors - INFO - Batch:[1251] Adversarial images for this batch already exist
2026-01-22 21:25:07,886 - ADV_Generation_eps_1.0_steps_100_Added_Noise_uniform_Eps_40.0_Tau_Type_normal_anchors - INFO - Batch 1252/2465: Clean accuracy 0.9832 | Adv accuracy: 0.0160 | Counter-attack accuracy: 0.9776
2026-01-22 21:25:07,887 - ADV_Generation_eps_1.0_steps_100_Added_Noise_uniform_Eps_40.0_Tau_Type_normal_anchors - INFO - Batch:[1252] Adversarial images for this batch already exist
2026-01-22 21:25:08,213 - ADV_Generation_eps_1.0_steps_100_Added_Noise_uniform_Eps_40.0_Tau_Type_normal_anchors - INFO - Batch 1253/2465: Clean accuracy 0.9832 | Adv accuracy: 0.0160 | Counter-attack accuracy: 0.9777
2026-01-22 21:25:08,214 - ADV_Generation_eps_1.0_steps_100_Added_Noise_uniform_Eps_40.0_Tau_Type_normal_anchors - INFO - Batch:[1253] Adversarial images for this batch already exist
2026-01-22 21:25:08,584 - ADV_Generation_eps_1.0_steps_100_Added_Noise_uniform_Eps_40.0_Tau_Type_normal_anchors - INFO - Batch 1254/2465: Clean accuracy 0.9833 | Adv accuracy: 0.0159 | Counter-attack accuracy: 0.9777
2026-01-22 21:25:08,585 - ADV_Generation_eps_1.0_steps_100_Added_Noise_uniform_Eps_40.0_Tau_Type_normal_anchors - INFO - Batch:[1254] Adversarial images for this batch already exist
2026-01-22 21:25:08,911 - ADV_Generation_eps_1.0_steps_100_Added_Noise_uniform_Eps_40.0_Tau_Type_normal_anchors - INFO - Batch 1255/2465: Clean accuracy 0.9833 | Adv accuracy: 0.0159 | Counter-attack accuracy: 0.9777
2026-01-22 21:25:08,912 - ADV_Generation_eps_1.0_steps_100_Added_Noise_uniform_Eps_40.0_Tau_Type_normal_anchors - INFO - Batch:[1255] Adversarial images for this batch already exist
2026-01-22 21:25:09,235 - ADV_Generation_eps_1.0_steps_100_Added_Noise_uniform_Eps_40.0_Tau_Type_normal_anchors - INFO - Batch 1256/2465: Clean accuracy 0.9833 | Adv accuracy: 0.0159 | Counter-attack accuracy: 0.9777
2026-01-22 21:25:09,236 - ADV_Generation_eps_1.0_steps_100_Added_Noise_uniform_Eps_40.0_Tau_Type_normal_anchors - INFO - Batch:[1256] Adversarial images for this batch already exist
2026-01-22 21:25:09,566 - ADV_Generation_eps_1.0_steps_100_Added_Noise_uniform_Eps_40.0_Tau_Type_normal_anchors - INFO - Batch 1257/2465: Clean accuracy 0.9833 | Adv accuracy: 0.0159 | Counter-attack accuracy: 0.9777
2026-01-22 21:25:09,567 - ADV_Generation_eps_1.0_steps_100_Added_Noise_uniform_Eps_40.0_Tau_Type_normal_anchors - INFO - Batch:[1257] Adversarial images for this batch already exist
2026-01-22 21:25:09,894 - ADV_Generation_eps_1.0_steps_100_Added_Noise_uniform_Eps_40.0_Tau_Type_normal_anchors - INFO - Batch 1258/2465: Clean accuracy 0.9833 | Adv accuracy: 0.0159 | Counter-attack accuracy: 0.9777
2026-01-22 21:25:09,895 - ADV_Generation_eps_1.0_steps_100_Added_Noise_uniform_Eps_40.0_Tau_Type_normal_anchors - INFO - Batch:[1258] Adversarial images for this batch already exist
2026-01-22 21:25:10,218 - ADV_Generation_eps_1.0_steps_100_Added_Noise_uniform_Eps_40.0_Tau_Type_normal_anchors - INFO - Batch 1259/2465: Clean accuracy 0.9833 | Adv accuracy: 0.0159 | Counter-attack accuracy: 0.9778
2026-01-22 21:25:10,219 - ADV_Generation_eps_1.0_steps_100_Added_Noise_uniform_Eps_40.0_Tau_Type_normal_anchors - INFO - Batch:[1259] Adversarial images for this batch already exist
2026-01-22 21:25:10,540 - ADV_Generation_eps_1.0_steps_100_Added_Noise_uniform_Eps_40.0_Tau_Type_normal_anchors - INFO - Batch 1260/2465: Clean accuracy 0.9833 | Adv accuracy: 0.0159 | Counter-attack accuracy: 0.9778
2026-01-22 21:25:10,541 - ADV_Generation_eps_1.0_steps_100_Added_Noise_uniform_Eps_40.0_Tau_Type_normal_anchors - INFO - Batch:[1260] Adversarial images for this batch already exist
2026-01-22 21:25:10,863 - ADV_Generation_eps_1.0_steps_100_Added_Noise_uniform_Eps_40.0_Tau_Type_normal_anchors - INFO - Batch 1261/2465: Clean accuracy 0.9833 | Adv accuracy: 0.0159 | Counter-attack accuracy: 0.9778
2026-01-22 21:25:10,864 - ADV_Generation_eps_1.0_steps_100_Added_Noise_uniform_Eps_40.0_Tau_Type_normal_anchors - INFO - Batch:[1261] Adversarial images for this batch already exist
2026-01-22 21:25:11,190 - ADV_Generation_eps_1.0_steps_100_Added_Noise_uniform_Eps_40.0_Tau_Type_normal_anchors - INFO - Batch 1262/2465: Clean accuracy 0.9834 | Adv accuracy: 0.0158 | Counter-attack accuracy: 0.9778
2026-01-22 21:25:11,190 - ADV_Generation_eps_1.0_steps_100_Added_Noise_uniform_Eps_40.0_Tau_Type_normal_anchors - INFO - Batch:[1262] Adversarial images for this batch already exist
2026-01-22 21:25:11,511 - ADV_Generation_eps_1.0_steps_100_Added_Noise_uniform_Eps_40.0_Tau_Type_normal_anchors - INFO - Batch 1263/2465: Clean accuracy 0.9834 | Adv accuracy: 0.0158 | Counter-attack accuracy: 0.9778
2026-01-22 21:25:11,512 - ADV_Generation_eps_1.0_steps_100_Added_Noise_uniform_Eps_40.0_Tau_Type_normal_anchors - INFO - Batch:[1263] Adversarial images for this batch already exist
2026-01-22 21:25:11,837 - ADV_Generation_eps_1.0_steps_100_Added_Noise_uniform_Eps_40.0_Tau_Type_normal_anchors - INFO - Batch 1264/2465: Clean accuracy 0.9834 | Adv accuracy: 0.0158 | Counter-attack accuracy: 0.9778
2026-01-22 21:25:11,838 - ADV_Generation_eps_1.0_steps_100_Added_Noise_uniform_Eps_40.0_Tau_Type_normal_anchors - INFO - Batch:[1264] Adversarial images for this batch already exist
2026-01-22 21:25:12,168 - ADV_Generation_eps_1.0_steps_100_Added_Noise_uniform_Eps_40.0_Tau_Type_normal_anchors - INFO - Batch 1265/2465: Clean accuracy 0.9834 | Adv accuracy: 0.0158 | Counter-attack accuracy: 0.9779
2026-01-22 21:25:12,168 - ADV_Generation_eps_1.0_steps_100_Added_Noise_uniform_Eps_40.0_Tau_Type_normal_anchors - INFO - Batch:[1265] Adversarial images for this batch already exist
2026-01-22 21:25:12,486 - ADV_Generation_eps_1.0_steps_100_Added_Noise_uniform_Eps_40.0_Tau_Type_normal_anchors - INFO - Batch 1266/2465: Clean accuracy 0.9834 | Adv accuracy: 0.0158 | Counter-attack accuracy: 0.9779
2026-01-22 21:25:12,487 - ADV_Generation_eps_1.0_steps_100_Added_Noise_uniform_Eps_40.0_Tau_Type_normal_anchors - INFO - Batch:[1266] Adversarial images for this batch already exist
2026-01-22 21:25:12,815 - ADV_Generation_eps_1.0_steps_100_Added_Noise_uniform_Eps_40.0_Tau_Type_normal_anchors - INFO - Batch 1267/2465: Clean accuracy 0.9834 | Adv accuracy: 0.0158 | Counter-attack accuracy: 0.9779
2026-01-22 21:25:12,815 - ADV_Generation_eps_1.0_steps_100_Added_Noise_uniform_Eps_40.0_Tau_Type_normal_anchors - INFO - Batch:[1267] Adversarial images for this batch already exist
2026-01-22 21:25:13,141 - ADV_Generation_eps_1.0_steps_100_Added_Noise_uniform_Eps_40.0_Tau_Type_normal_anchors - INFO - Batch 1268/2465: Clean accuracy 0.9834 | Adv accuracy: 0.0158 | Counter-attack accuracy: 0.9779
2026-01-22 21:25:13,142 - ADV_Generation_eps_1.0_steps_100_Added_Noise_uniform_Eps_40.0_Tau_Type_normal_anchors - INFO - Batch:[1268] Adversarial images for this batch already exist
2026-01-22 21:25:13,464 - ADV_Generation_eps_1.0_steps_100_Added_Noise_uniform_Eps_40.0_Tau_Type_normal_anchors - INFO - Batch 1269/2465: Clean accuracy 0.9835 | Adv accuracy: 0.0158 | Counter-attack accuracy: 0.9779
2026-01-22 21:25:13,466 - ADV_Generation_eps_1.0_steps_100_Added_Noise_uniform_Eps_40.0_Tau_Type_normal_anchors - INFO - Batch:[1269] Adversarial images for this batch already exist
2026-01-22 21:25:13,795 - ADV_Generation_eps_1.0_steps_100_Added_Noise_uniform_Eps_40.0_Tau_Type_normal_anchors - INFO - Batch 1270/2465: Clean accuracy 0.9835 | Adv accuracy: 0.0157 | Counter-attack accuracy: 0.9780
2026-01-22 21:25:13,795 - ADV_Generation_eps_1.0_steps_100_Added_Noise_uniform_Eps_40.0_Tau_Type_normal_anchors - INFO - Batch:[1270] Adversarial images for this batch already exist
2026-01-22 21:25:14,122 - ADV_Generation_eps_1.0_steps_100_Added_Noise_uniform_Eps_40.0_Tau_Type_normal_anchors - INFO - Batch 1271/2465: Clean accuracy 0.9835 | Adv accuracy: 0.0157 | Counter-attack accuracy: 0.9780
2026-01-22 21:25:14,123 - ADV_Generation_eps_1.0_steps_100_Added_Noise_uniform_Eps_40.0_Tau_Type_normal_anchors - INFO - Batch:[1271] Adversarial images for this batch already exist
2026-01-22 21:25:14,452 - ADV_Generation_eps_1.0_steps_100_Added_Noise_uniform_Eps_40.0_Tau_Type_normal_anchors - INFO - Batch 1272/2465: Clean accuracy 0.9835 | Adv accuracy: 0.0157 | Counter-attack accuracy: 0.9780
2026-01-22 21:25:14,453 - ADV_Generation_eps_1.0_steps_100_Added_Noise_uniform_Eps_40.0_Tau_Type_normal_anchors - INFO - Batch:[1272] Adversarial images for this batch already exist
2026-01-22 21:25:14,777 - ADV_Generation_eps_1.0_steps_100_Added_Noise_uniform_Eps_40.0_Tau_Type_normal_anchors - INFO - Batch 1273/2465: Clean accuracy 0.9835 | Adv accuracy: 0.0157 | Counter-attack accuracy: 0.9780
2026-01-22 21:25:14,777 - ADV_Generation_eps_1.0_steps_100_Added_Noise_uniform_Eps_40.0_Tau_Type_normal_anchors - INFO - Batch:[1273] Adversarial images for this batch already exist
2026-01-22 21:25:15,106 - ADV_Generation_eps_1.0_steps_100_Added_Noise_uniform_Eps_40.0_Tau_Type_normal_anchors - INFO - Batch 1274/2465: Clean accuracy 0.9835 | Adv accuracy: 0.0157 | Counter-attack accuracy: 0.9780
2026-01-22 21:25:15,106 - ADV_Generation_eps_1.0_steps_100_Added_Noise_uniform_Eps_40.0_Tau_Type_normal_anchors - INFO - Batch:[1274] Adversarial images for this batch already exist
2026-01-22 21:25:15,435 - ADV_Generation_eps_1.0_steps_100_Added_Noise_uniform_Eps_40.0_Tau_Type_normal_anchors - INFO - Batch 1275/2465: Clean accuracy 0.9835 | Adv accuracy: 0.0157 | Counter-attack accuracy: 0.9780
2026-01-22 21:25:15,436 - ADV_Generation_eps_1.0_steps_100_Added_Noise_uniform_Eps_40.0_Tau_Type_normal_anchors - INFO - Batch:[1275] Adversarial images for this batch already exist
2026-01-22 21:25:15,765 - ADV_Generation_eps_1.0_steps_100_Added_Noise_uniform_Eps_40.0_Tau_Type_normal_anchors - INFO - Batch 1276/2465: Clean accuracy 0.9835 | Adv accuracy: 0.0157 | Counter-attack accuracy: 0.9781
2026-01-22 21:25:15,765 - ADV_Generation_eps_1.0_steps_100_Added_Noise_uniform_Eps_40.0_Tau_Type_normal_anchors - INFO - Batch:[1276] Adversarial images for this batch already exist
2026-01-22 21:25:16,087 - ADV_Generation_eps_1.0_steps_100_Added_Noise_uniform_Eps_40.0_Tau_Type_normal_anchors - INFO - Batch 1277/2465: Clean accuracy 0.9836 | Adv accuracy: 0.0157 | Counter-attack accuracy: 0.9781
2026-01-22 21:25:16,087 - ADV_Generation_eps_1.0_steps_100_Added_Noise_uniform_Eps_40.0_Tau_Type_normal_anchors - INFO - Batch:[1277] Adversarial images for this batch already exist
2026-01-22 21:25:16,415 - ADV_Generation_eps_1.0_steps_100_Added_Noise_uniform_Eps_40.0_Tau_Type_normal_anchors - INFO - Batch 1278/2465: Clean accuracy 0.9836 | Adv accuracy: 0.0156 | Counter-attack accuracy: 0.9781
2026-01-22 21:25:16,416 - ADV_Generation_eps_1.0_steps_100_Added_Noise_uniform_Eps_40.0_Tau_Type_normal_anchors - INFO - Batch:[1278] Adversarial images for this batch already exist
2026-01-22 21:25:16,739 - ADV_Generation_eps_1.0_steps_100_Added_Noise_uniform_Eps_40.0_Tau_Type_normal_anchors - INFO - Batch 1279/2465: Clean accuracy 0.9836 | Adv accuracy: 0.0156 | Counter-attack accuracy: 0.9781
2026-01-22 21:25:16,739 - ADV_Generation_eps_1.0_steps_100_Added_Noise_uniform_Eps_40.0_Tau_Type_normal_anchors - INFO - Batch:[1279] Adversarial images for this batch already exist
2026-01-22 21:25:17,066 - ADV_Generation_eps_1.0_steps_100_Added_Noise_uniform_Eps_40.0_Tau_Type_normal_anchors - INFO - Batch 1280/2465: Clean accuracy 0.9836 | Adv accuracy: 0.0156 | Counter-attack accuracy: 0.9781
2026-01-22 21:25:17,067 - ADV_Generation_eps_1.0_steps_100_Added_Noise_uniform_Eps_40.0_Tau_Type_normal_anchors - INFO - Batch:[1280] Adversarial images for this batch already exist
2026-01-22 21:25:17,393 - ADV_Generation_eps_1.0_steps_100_Added_Noise_uniform_Eps_40.0_Tau_Type_normal_anchors - INFO - Batch 1281/2465: Clean accuracy 0.9836 | Adv accuracy: 0.0156 | Counter-attack accuracy: 0.9781
2026-01-22 21:25:17,393 - ADV_Generation_eps_1.0_steps_100_Added_Noise_uniform_Eps_40.0_Tau_Type_normal_anchors - INFO - Batch:[1281] Adversarial images for this batch already exist
2026-01-22 21:25:17,713 - ADV_Generation_eps_1.0_steps_100_Added_Noise_uniform_Eps_40.0_Tau_Type_normal_anchors - INFO - Batch 1282/2465: Clean accuracy 0.9836 | Adv accuracy: 0.0156 | Counter-attack accuracy: 0.9782
2026-01-22 21:25:17,713 - ADV_Generation_eps_1.0_steps_100_Added_Noise_uniform_Eps_40.0_Tau_Type_normal_anchors - INFO - Batch:[1282] Adversarial images for this batch already exist
2026-01-22 21:25:18,062 - ADV_Generation_eps_1.0_steps_100_Added_Noise_uniform_Eps_40.0_Tau_Type_normal_anchors - INFO - Batch 1283/2465: Clean accuracy 0.9836 | Adv accuracy: 0.0156 | Counter-attack accuracy: 0.9782
2026-01-22 21:25:18,063 - ADV_Generation_eps_1.0_steps_100_Added_Noise_uniform_Eps_40.0_Tau_Type_normal_anchors - INFO - Batch:[1283] Adversarial images for this batch already exist
2026-01-22 21:25:18,399 - ADV_Generation_eps_1.0_steps_100_Added_Noise_uniform_Eps_40.0_Tau_Type_normal_anchors - INFO - Batch 1284/2465: Clean accuracy 0.9836 | Adv accuracy: 0.0156 | Counter-attack accuracy: 0.9782
2026-01-22 21:25:18,400 - ADV_Generation_eps_1.0_steps_100_Added_Noise_uniform_Eps_40.0_Tau_Type_normal_anchors - INFO - Batch:[1284] Adversarial images for this batch already exist
2026-01-22 21:25:18,730 - ADV_Generation_eps_1.0_steps_100_Added_Noise_uniform_Eps_40.0_Tau_Type_normal_anchors - INFO - Batch 1285/2465: Clean accuracy 0.9837 | Adv accuracy: 0.0156 | Counter-attack accuracy: 0.9782
2026-01-22 21:25:18,731 - ADV_Generation_eps_1.0_steps_100_Added_Noise_uniform_Eps_40.0_Tau_Type_normal_anchors - INFO - Batch:[1285] Adversarial images for this batch already exist
2026-01-22 21:25:19,062 - ADV_Generation_eps_1.0_steps_100_Added_Noise_uniform_Eps_40.0_Tau_Type_normal_anchors - INFO - Batch 1286/2465: Clean accuracy 0.9837 | Adv accuracy: 0.0156 | Counter-attack accuracy: 0.9782
2026-01-22 21:25:19,063 - ADV_Generation_eps_1.0_steps_100_Added_Noise_uniform_Eps_40.0_Tau_Type_normal_anchors - INFO - Batch:[1286] Adversarial images for this batch already exist
2026-01-22 21:25:19,390 - ADV_Generation_eps_1.0_steps_100_Added_Noise_uniform_Eps_40.0_Tau_Type_normal_anchors - INFO - Batch 1287/2465: Clean accuracy 0.9837 | Adv accuracy: 0.0155 | Counter-attack accuracy: 0.9782
2026-01-22 21:25:19,392 - ADV_Generation_eps_1.0_steps_100_Added_Noise_uniform_Eps_40.0_Tau_Type_normal_anchors - INFO - Batch:[1287] Adversarial images for this batch already exist
2026-01-22 21:25:19,723 - ADV_Generation_eps_1.0_steps_100_Added_Noise_uniform_Eps_40.0_Tau_Type_normal_anchors - INFO - Batch 1288/2465: Clean accuracy 0.9837 | Adv accuracy: 0.0155 | Counter-attack accuracy: 0.9783
2026-01-22 21:25:19,723 - ADV_Generation_eps_1.0_steps_100_Added_Noise_uniform_Eps_40.0_Tau_Type_normal_anchors - INFO - Batch:[1288] Adversarial images for this batch already exist
2026-01-22 21:25:20,046 - ADV_Generation_eps_1.0_steps_100_Added_Noise_uniform_Eps_40.0_Tau_Type_normal_anchors - INFO - Batch 1289/2465: Clean accuracy 0.9837 | Adv accuracy: 0.0155 | Counter-attack accuracy: 0.9783
2026-01-22 21:25:20,046 - ADV_Generation_eps_1.0_steps_100_Added_Noise_uniform_Eps_40.0_Tau_Type_normal_anchors - INFO - Batch:[1289] Adversarial images for this batch already exist
2026-01-22 21:25:20,369 - ADV_Generation_eps_1.0_steps_100_Added_Noise_uniform_Eps_40.0_Tau_Type_normal_anchors - INFO - Batch 1290/2465: Clean accuracy 0.9837 | Adv accuracy: 0.0155 | Counter-attack accuracy: 0.9783
2026-01-22 21:25:20,370 - ADV_Generation_eps_1.0_steps_100_Added_Noise_uniform_Eps_40.0_Tau_Type_normal_anchors - INFO - Batch:[1290] Adversarial images for this batch already exist
2026-01-22 21:25:20,737 - ADV_Generation_eps_1.0_steps_100_Added_Noise_uniform_Eps_40.0_Tau_Type_normal_anchors - INFO - Batch 1291/2465: Clean accuracy 0.9837 | Adv accuracy: 0.0155 | Counter-attack accuracy: 0.9783
2026-01-22 21:25:20,738 - ADV_Generation_eps_1.0_steps_100_Added_Noise_uniform_Eps_40.0_Tau_Type_normal_anchors - INFO - Batch:[1291] Adversarial images for this batch already exist
2026-01-22 21:25:21,062 - ADV_Generation_eps_1.0_steps_100_Added_Noise_uniform_Eps_40.0_Tau_Type_normal_anchors - INFO - Batch 1292/2465: Clean accuracy 0.9837 | Adv accuracy: 0.0155 | Counter-attack accuracy: 0.9783
2026-01-22 21:25:21,062 - ADV_Generation_eps_1.0_steps_100_Added_Noise_uniform_Eps_40.0_Tau_Type_normal_anchors - INFO - Batch:[1292] Adversarial images for this batch already exist
2026-01-22 21:25:21,409 - ADV_Generation_eps_1.0_steps_100_Added_Noise_uniform_Eps_40.0_Tau_Type_normal_anchors - INFO - Batch 1293/2465: Clean accuracy 0.9838 | Adv accuracy: 0.0155 | Counter-attack accuracy: 0.9783
2026-01-22 21:25:21,410 - ADV_Generation_eps_1.0_steps_100_Added_Noise_uniform_Eps_40.0_Tau_Type_normal_anchors - INFO - Batch:[1293] Adversarial images for this batch already exist
2026-01-22 21:25:21,741 - ADV_Generation_eps_1.0_steps_100_Added_Noise_uniform_Eps_40.0_Tau_Type_normal_anchors - INFO - Batch 1294/2465: Clean accuracy 0.9838 | Adv accuracy: 0.0155 | Counter-attack accuracy: 0.9784
2026-01-22 21:25:21,742 - ADV_Generation_eps_1.0_steps_100_Added_Noise_uniform_Eps_40.0_Tau_Type_normal_anchors - INFO - Batch:[1294] Adversarial images for this batch already exist
2026-01-22 21:25:22,058 - ADV_Generation_eps_1.0_steps_100_Added_Noise_uniform_Eps_40.0_Tau_Type_normal_anchors - INFO - Batch 1295/2465: Clean accuracy 0.9838 | Adv accuracy: 0.0154 | Counter-attack accuracy: 0.9784
2026-01-22 21:25:22,059 - ADV_Generation_eps_1.0_steps_100_Added_Noise_uniform_Eps_40.0_Tau_Type_normal_anchors - INFO - Batch:[1295] Adversarial images for this batch already exist
2026-01-22 21:25:22,385 - ADV_Generation_eps_1.0_steps_100_Added_Noise_uniform_Eps_40.0_Tau_Type_normal_anchors - INFO - Batch 1296/2465: Clean accuracy 0.9838 | Adv accuracy: 0.0154 | Counter-attack accuracy: 0.9784
2026-01-22 21:25:22,385 - ADV_Generation_eps_1.0_steps_100_Added_Noise_uniform_Eps_40.0_Tau_Type_normal_anchors - INFO - Batch:[1296] Adversarial images for this batch already exist
2026-01-22 21:25:22,717 - ADV_Generation_eps_1.0_steps_100_Added_Noise_uniform_Eps_40.0_Tau_Type_normal_anchors - INFO - Batch 1297/2465: Clean accuracy 0.9838 | Adv accuracy: 0.0154 | Counter-attack accuracy: 0.9784
2026-01-22 21:25:22,718 - ADV_Generation_eps_1.0_steps_100_Added_Noise_uniform_Eps_40.0_Tau_Type_normal_anchors - INFO - Batch:[1297] Adversarial images for this batch already exist
2026-01-22 21:25:23,040 - ADV_Generation_eps_1.0_steps_100_Added_Noise_uniform_Eps_40.0_Tau_Type_normal_anchors - INFO - Batch 1298/2465: Clean accuracy 0.9838 | Adv accuracy: 0.0154 | Counter-attack accuracy: 0.9784
2026-01-22 21:25:23,041 - ADV_Generation_eps_1.0_steps_100_Added_Noise_uniform_Eps_40.0_Tau_Type_normal_anchors - INFO - Batch:[1298] Adversarial images for this batch already exist
2026-01-22 21:25:23,365 - ADV_Generation_eps_1.0_steps_100_Added_Noise_uniform_Eps_40.0_Tau_Type_normal_anchors - INFO - Batch 1299/2465: Clean accuracy 0.9838 | Adv accuracy: 0.0154 | Counter-attack accuracy: 0.9784
2026-01-22 21:25:23,366 - ADV_Generation_eps_1.0_steps_100_Added_Noise_uniform_Eps_40.0_Tau_Type_normal_anchors - INFO - Batch:[1299] Adversarial images for this batch already exist
2026-01-22 21:25:23,692 - ADV_Generation_eps_1.0_steps_100_Added_Noise_uniform_Eps_40.0_Tau_Type_normal_anchors - INFO - Batch 1300/2465: Clean accuracy 0.9838 | Adv accuracy: 0.0154 | Counter-attack accuracy: 0.9785
2026-01-22 21:25:23,693 - ADV_Generation_eps_1.0_steps_100_Added_Noise_uniform_Eps_40.0_Tau_Type_normal_anchors - INFO - Batch:[1300] Adversarial images for this batch already exist
2026-01-22 21:25:24,023 - ADV_Generation_eps_1.0_steps_100_Added_Noise_uniform_Eps_40.0_Tau_Type_normal_anchors - INFO - Batch 1301/2465: Clean accuracy 0.9839 | Adv accuracy: 0.0154 | Counter-attack accuracy: 0.9777
2026-01-22 21:25:24,024 - ADV_Generation_eps_1.0_steps_100_Added_Noise_uniform_Eps_40.0_Tau_Type_normal_anchors - INFO - Batch:[1301] Adversarial images for this batch already exist
2026-01-22 21:25:24,357 - ADV_Generation_eps_1.0_steps_100_Added_Noise_uniform_Eps_40.0_Tau_Type_normal_anchors - INFO - Batch 1302/2465: Clean accuracy 0.9839 | Adv accuracy: 0.0154 | Counter-attack accuracy: 0.9777
2026-01-22 21:25:24,357 - ADV_Generation_eps_1.0_steps_100_Added_Noise_uniform_Eps_40.0_Tau_Type_normal_anchors - INFO - Batch:[1302] Adversarial images for this batch already exist
2026-01-22 21:25:24,684 - ADV_Generation_eps_1.0_steps_100_Added_Noise_uniform_Eps_40.0_Tau_Type_normal_anchors - INFO - Batch 1303/2465: Clean accuracy 0.9839 | Adv accuracy: 0.0153 | Counter-attack accuracy: 0.9777
2026-01-22 21:25:24,684 - ADV_Generation_eps_1.0_steps_100_Added_Noise_uniform_Eps_40.0_Tau_Type_normal_anchors - INFO - Batch:[1303] Adversarial images for this batch already exist
2026-01-22 21:25:25,018 - ADV_Generation_eps_1.0_steps_100_Added_Noise_uniform_Eps_40.0_Tau_Type_normal_anchors - INFO - Batch 1304/2465: Clean accuracy 0.9839 | Adv accuracy: 0.0153 | Counter-attack accuracy: 0.9778
2026-01-22 21:25:25,018 - ADV_Generation_eps_1.0_steps_100_Added_Noise_uniform_Eps_40.0_Tau_Type_normal_anchors - INFO - Batch:[1304] Adversarial images for this batch already exist
2026-01-22 21:25:25,345 - ADV_Generation_eps_1.0_steps_100_Added_Noise_uniform_Eps_40.0_Tau_Type_normal_anchors - INFO - Batch 1305/2465: Clean accuracy 0.9839 | Adv accuracy: 0.0153 | Counter-attack accuracy: 0.9778
2026-01-22 21:25:25,346 - ADV_Generation_eps_1.0_steps_100_Added_Noise_uniform_Eps_40.0_Tau_Type_normal_anchors - INFO - Batch:[1305] Adversarial images for this batch already exist
2026-01-22 21:25:25,675 - ADV_Generation_eps_1.0_steps_100_Added_Noise_uniform_Eps_40.0_Tau_Type_normal_anchors - INFO - Batch 1306/2465: Clean accuracy 0.9839 | Adv accuracy: 0.0153 | Counter-attack accuracy: 0.9778
2026-01-22 21:25:25,676 - ADV_Generation_eps_1.0_steps_100_Added_Noise_uniform_Eps_40.0_Tau_Type_normal_anchors - INFO - Batch:[1306] Adversarial images for this batch already exist
2026-01-22 21:25:26,001 - ADV_Generation_eps_1.0_steps_100_Added_Noise_uniform_Eps_40.0_Tau_Type_normal_anchors - INFO - Batch 1307/2465: Clean accuracy 0.9839 | Adv accuracy: 0.0153 | Counter-attack accuracy: 0.9778
2026-01-22 21:25:26,002 - ADV_Generation_eps_1.0_steps_100_Added_Noise_uniform_Eps_40.0_Tau_Type_normal_anchors - INFO - Batch:[1307] Adversarial images for this batch already exist
2026-01-22 21:25:26,327 - ADV_Generation_eps_1.0_steps_100_Added_Noise_uniform_Eps_40.0_Tau_Type_normal_anchors - INFO - Batch 1308/2465: Clean accuracy 0.9839 | Adv accuracy: 0.0153 | Counter-attack accuracy: 0.9778
2026-01-22 21:25:26,328 - ADV_Generation_eps_1.0_steps_100_Added_Noise_uniform_Eps_40.0_Tau_Type_normal_anchors - INFO - Batch:[1308] Adversarial images for this batch already exist
2026-01-22 21:25:26,653 - ADV_Generation_eps_1.0_steps_100_Added_Noise_uniform_Eps_40.0_Tau_Type_normal_anchors - INFO - Batch 1309/2465: Clean accuracy 0.9840 | Adv accuracy: 0.0153 | Counter-attack accuracy: 0.9778
2026-01-22 21:25:26,653 - ADV_Generation_eps_1.0_steps_100_Added_Noise_uniform_Eps_40.0_Tau_Type_normal_anchors - INFO - Batch:[1309] Adversarial images for this batch already exist
2026-01-22 21:25:26,979 - ADV_Generation_eps_1.0_steps_100_Added_Noise_uniform_Eps_40.0_Tau_Type_normal_anchors - INFO - Batch 1310/2465: Clean accuracy 0.9840 | Adv accuracy: 0.0153 | Counter-attack accuracy: 0.9779
2026-01-22 21:25:26,980 - ADV_Generation_eps_1.0_steps_100_Added_Noise_uniform_Eps_40.0_Tau_Type_normal_anchors - INFO - Batch:[1310] Adversarial images for this batch already exist
2026-01-22 21:25:27,310 - ADV_Generation_eps_1.0_steps_100_Added_Noise_uniform_Eps_40.0_Tau_Type_normal_anchors - INFO - Batch 1311/2465: Clean accuracy 0.9840 | Adv accuracy: 0.0153 | Counter-attack accuracy: 0.9779
2026-01-22 21:25:27,311 - ADV_Generation_eps_1.0_steps_100_Added_Noise_uniform_Eps_40.0_Tau_Type_normal_anchors - INFO - Batch:[1311] Adversarial images for this batch already exist
2026-01-22 21:25:27,643 - ADV_Generation_eps_1.0_steps_100_Added_Noise_uniform_Eps_40.0_Tau_Type_normal_anchors - INFO - Batch 1312/2465: Clean accuracy 0.9840 | Adv accuracy: 0.0152 | Counter-attack accuracy: 0.9779
2026-01-22 21:25:27,644 - ADV_Generation_eps_1.0_steps_100_Added_Noise_uniform_Eps_40.0_Tau_Type_normal_anchors - INFO - Batch:[1312] Adversarial images for this batch already exist
2026-01-22 21:25:27,969 - ADV_Generation_eps_1.0_steps_100_Added_Noise_uniform_Eps_40.0_Tau_Type_normal_anchors - INFO - Batch 1313/2465: Clean accuracy 0.9840 | Adv accuracy: 0.0152 | Counter-attack accuracy: 0.9779
2026-01-22 21:25:27,970 - ADV_Generation_eps_1.0_steps_100_Added_Noise_uniform_Eps_40.0_Tau_Type_normal_anchors - INFO - Batch:[1313] Adversarial images for this batch already exist
2026-01-22 21:25:28,295 - ADV_Generation_eps_1.0_steps_100_Added_Noise_uniform_Eps_40.0_Tau_Type_normal_anchors - INFO - Batch 1314/2465: Clean accuracy 0.9840 | Adv accuracy: 0.0152 | Counter-attack accuracy: 0.9779
2026-01-22 21:25:28,296 - ADV_Generation_eps_1.0_steps_100_Added_Noise_uniform_Eps_40.0_Tau_Type_normal_anchors - INFO - Batch:[1314] Adversarial images for this batch already exist
2026-01-22 21:25:28,624 - ADV_Generation_eps_1.0_steps_100_Added_Noise_uniform_Eps_40.0_Tau_Type_normal_anchors - INFO - Batch 1315/2465: Clean accuracy 0.9840 | Adv accuracy: 0.0152 | Counter-attack accuracy: 0.9779
2026-01-22 21:25:28,625 - ADV_Generation_eps_1.0_steps_100_Added_Noise_uniform_Eps_40.0_Tau_Type_normal_anchors - INFO - Batch:[1315] Adversarial images for this batch already exist
2026-01-22 21:25:28,949 - ADV_Generation_eps_1.0_steps_100_Added_Noise_uniform_Eps_40.0_Tau_Type_normal_anchors - INFO - Batch 1316/2465: Clean accuracy 0.9840 | Adv accuracy: 0.0152 | Counter-attack accuracy: 0.9780
2026-01-22 21:25:28,949 - ADV_Generation_eps_1.0_steps_100_Added_Noise_uniform_Eps_40.0_Tau_Type_normal_anchors - INFO - Batch:[1316] Adversarial images for this batch already exist
2026-01-22 21:25:29,281 - ADV_Generation_eps_1.0_steps_100_Added_Noise_uniform_Eps_40.0_Tau_Type_normal_anchors - INFO - Batch 1317/2465: Clean accuracy 0.9841 | Adv accuracy: 0.0152 | Counter-attack accuracy: 0.9780
2026-01-22 21:25:29,281 - ADV_Generation_eps_1.0_steps_100_Added_Noise_uniform_Eps_40.0_Tau_Type_normal_anchors - INFO - Batch:[1317] Adversarial images for this batch already exist
2026-01-22 21:25:29,604 - ADV_Generation_eps_1.0_steps_100_Added_Noise_uniform_Eps_40.0_Tau_Type_normal_anchors - INFO - Batch 1318/2465: Clean accuracy 0.9841 | Adv accuracy: 0.0152 | Counter-attack accuracy: 0.9780
2026-01-22 21:25:29,604 - ADV_Generation_eps_1.0_steps_100_Added_Noise_uniform_Eps_40.0_Tau_Type_normal_anchors - INFO - Batch:[1318] Adversarial images for this batch already exist
2026-01-22 21:25:29,961 - ADV_Generation_eps_1.0_steps_100_Added_Noise_uniform_Eps_40.0_Tau_Type_normal_anchors - INFO - Batch 1319/2465: Clean accuracy 0.9841 | Adv accuracy: 0.0152 | Counter-attack accuracy: 0.9780
2026-01-22 21:25:29,962 - ADV_Generation_eps_1.0_steps_100_Added_Noise_uniform_Eps_40.0_Tau_Type_normal_anchors - INFO - Batch:[1319] Adversarial images for this batch already exist
2026-01-22 21:25:30,289 - ADV_Generation_eps_1.0_steps_100_Added_Noise_uniform_Eps_40.0_Tau_Type_normal_anchors - INFO - Batch 1320/2465: Clean accuracy 0.9841 | Adv accuracy: 0.0152 | Counter-attack accuracy: 0.9780
2026-01-22 21:25:30,290 - ADV_Generation_eps_1.0_steps_100_Added_Noise_uniform_Eps_40.0_Tau_Type_normal_anchors - INFO - Batch:[1320] Adversarial images for this batch already exist
2026-01-22 21:25:30,618 - ADV_Generation_eps_1.0_steps_100_Added_Noise_uniform_Eps_40.0_Tau_Type_normal_anchors - INFO - Batch 1321/2465: Clean accuracy 0.9841 | Adv accuracy: 0.0151 | Counter-attack accuracy: 0.9780
2026-01-22 21:25:30,619 - ADV_Generation_eps_1.0_steps_100_Added_Noise_uniform_Eps_40.0_Tau_Type_normal_anchors - INFO - Batch:[1321] Adversarial images for this batch already exist
2026-01-22 21:25:30,942 - ADV_Generation_eps_1.0_steps_100_Added_Noise_uniform_Eps_40.0_Tau_Type_normal_anchors - INFO - Batch 1322/2465: Clean accuracy 0.9841 | Adv accuracy: 0.0151 | Counter-attack accuracy: 0.9781
2026-01-22 21:25:30,943 - ADV_Generation_eps_1.0_steps_100_Added_Noise_uniform_Eps_40.0_Tau_Type_normal_anchors - INFO - Batch:[1322] Adversarial images for this batch already exist
2026-01-22 21:25:31,272 - ADV_Generation_eps_1.0_steps_100_Added_Noise_uniform_Eps_40.0_Tau_Type_normal_anchors - INFO - Batch 1323/2465: Clean accuracy 0.9841 | Adv accuracy: 0.0151 | Counter-attack accuracy: 0.9781
2026-01-22 21:25:31,272 - ADV_Generation_eps_1.0_steps_100_Added_Noise_uniform_Eps_40.0_Tau_Type_normal_anchors - INFO - Batch:[1323] Adversarial images for this batch already exist
2026-01-22 21:25:31,594 - ADV_Generation_eps_1.0_steps_100_Added_Noise_uniform_Eps_40.0_Tau_Type_normal_anchors - INFO - Batch 1324/2465: Clean accuracy 0.9841 | Adv accuracy: 0.0151 | Counter-attack accuracy: 0.9781
2026-01-22 21:25:31,595 - ADV_Generation_eps_1.0_steps_100_Added_Noise_uniform_Eps_40.0_Tau_Type_normal_anchors - INFO - Batch:[1324] Adversarial images for this batch already exist
2026-01-22 21:25:31,917 - ADV_Generation_eps_1.0_steps_100_Added_Noise_uniform_Eps_40.0_Tau_Type_normal_anchors - INFO - Batch 1325/2465: Clean accuracy 0.9842 | Adv accuracy: 0.0151 | Counter-attack accuracy: 0.9781
2026-01-22 21:25:31,918 - ADV_Generation_eps_1.0_steps_100_Added_Noise_uniform_Eps_40.0_Tau_Type_normal_anchors - INFO - Batch:[1325] Adversarial images for this batch already exist
2026-01-22 21:25:32,242 - ADV_Generation_eps_1.0_steps_100_Added_Noise_uniform_Eps_40.0_Tau_Type_normal_anchors - INFO - Batch 1326/2465: Clean accuracy 0.9842 | Adv accuracy: 0.0151 | Counter-attack accuracy: 0.9781
2026-01-22 21:25:32,243 - ADV_Generation_eps_1.0_steps_100_Added_Noise_uniform_Eps_40.0_Tau_Type_normal_anchors - INFO - Batch:[1326] Adversarial images for this batch already exist
2026-01-22 21:25:32,567 - ADV_Generation_eps_1.0_steps_100_Added_Noise_uniform_Eps_40.0_Tau_Type_normal_anchors - INFO - Batch 1327/2465: Clean accuracy 0.9842 | Adv accuracy: 0.0151 | Counter-attack accuracy: 0.9781
2026-01-22 21:25:32,568 - ADV_Generation_eps_1.0_steps_100_Added_Noise_uniform_Eps_40.0_Tau_Type_normal_anchors - INFO - Batch:[1327] Adversarial images for this batch already exist
2026-01-22 21:25:32,901 - ADV_Generation_eps_1.0_steps_100_Added_Noise_uniform_Eps_40.0_Tau_Type_normal_anchors - INFO - Batch 1328/2465: Clean accuracy 0.9842 | Adv accuracy: 0.0151 | Counter-attack accuracy: 0.9782
2026-01-22 21:25:32,902 - ADV_Generation_eps_1.0_steps_100_Added_Noise_uniform_Eps_40.0_Tau_Type_normal_anchors - INFO - Batch:[1328] Adversarial images for this batch already exist
2026-01-22 21:25:33,222 - ADV_Generation_eps_1.0_steps_100_Added_Noise_uniform_Eps_40.0_Tau_Type_normal_anchors - INFO - Batch 1329/2465: Clean accuracy 0.9842 | Adv accuracy: 0.0150 | Counter-attack accuracy: 0.9782
2026-01-22 21:25:33,223 - ADV_Generation_eps_1.0_steps_100_Added_Noise_uniform_Eps_40.0_Tau_Type_normal_anchors - INFO - Batch:[1329] Adversarial images for this batch already exist
2026-01-22 21:25:33,547 - ADV_Generation_eps_1.0_steps_100_Added_Noise_uniform_Eps_40.0_Tau_Type_normal_anchors - INFO - Batch 1330/2465: Clean accuracy 0.9842 | Adv accuracy: 0.0150 | Counter-attack accuracy: 0.9782
2026-01-22 21:25:33,548 - ADV_Generation_eps_1.0_steps_100_Added_Noise_uniform_Eps_40.0_Tau_Type_normal_anchors - INFO - Batch:[1330] Adversarial images for this batch already exist
2026-01-22 21:25:33,867 - ADV_Generation_eps_1.0_steps_100_Added_Noise_uniform_Eps_40.0_Tau_Type_normal_anchors - INFO - Batch 1331/2465: Clean accuracy 0.9842 | Adv accuracy: 0.0150 | Counter-attack accuracy: 0.9782
2026-01-22 21:25:33,868 - ADV_Generation_eps_1.0_steps_100_Added_Noise_uniform_Eps_40.0_Tau_Type_normal_anchors - INFO - Batch:[1331] Adversarial images for this batch already exist
2026-01-22 21:25:34,193 - ADV_Generation_eps_1.0_steps_100_Added_Noise_uniform_Eps_40.0_Tau_Type_normal_anchors - INFO - Batch 1332/2465: Clean accuracy 0.9842 | Adv accuracy: 0.0150 | Counter-attack accuracy: 0.9782
2026-01-22 21:25:34,193 - ADV_Generation_eps_1.0_steps_100_Added_Noise_uniform_Eps_40.0_Tau_Type_normal_anchors - INFO - Batch:[1332] Adversarial images for this batch already exist
2026-01-22 21:25:34,519 - ADV_Generation_eps_1.0_steps_100_Added_Noise_uniform_Eps_40.0_Tau_Type_normal_anchors - INFO - Batch 1333/2465: Clean accuracy 0.9842 | Adv accuracy: 0.0150 | Counter-attack accuracy: 0.9782
2026-01-22 21:25:34,519 - ADV_Generation_eps_1.0_steps_100_Added_Noise_uniform_Eps_40.0_Tau_Type_normal_anchors - INFO - Batch:[1333] Adversarial images for this batch already exist
2026-01-22 21:25:34,843 - ADV_Generation_eps_1.0_steps_100_Added_Noise_uniform_Eps_40.0_Tau_Type_normal_anchors - INFO - Batch 1334/2465: Clean accuracy 0.9843 | Adv accuracy: 0.0150 | Counter-attack accuracy: 0.9783
2026-01-22 21:25:34,844 - ADV_Generation_eps_1.0_steps_100_Added_Noise_uniform_Eps_40.0_Tau_Type_normal_anchors - INFO - Batch:[1334] Adversarial images for this batch already exist
2026-01-22 21:25:35,165 - ADV_Generation_eps_1.0_steps_100_Added_Noise_uniform_Eps_40.0_Tau_Type_normal_anchors - INFO - Batch 1335/2465: Clean accuracy 0.9843 | Adv accuracy: 0.0150 | Counter-attack accuracy: 0.9783
2026-01-22 21:25:35,166 - ADV_Generation_eps_1.0_steps_100_Added_Noise_uniform_Eps_40.0_Tau_Type_normal_anchors - INFO - Batch:[1335] Adversarial images for this batch already exist
2026-01-22 21:25:35,498 - ADV_Generation_eps_1.0_steps_100_Added_Noise_uniform_Eps_40.0_Tau_Type_normal_anchors - INFO - Batch 1336/2465: Clean accuracy 0.9843 | Adv accuracy: 0.0150 | Counter-attack accuracy: 0.9783
2026-01-22 21:25:35,498 - ADV_Generation_eps_1.0_steps_100_Added_Noise_uniform_Eps_40.0_Tau_Type_normal_anchors - INFO - Batch:[1336] Adversarial images for this batch already exist
2026-01-22 21:25:35,813 - ADV_Generation_eps_1.0_steps_100_Added_Noise_uniform_Eps_40.0_Tau_Type_normal_anchors - INFO - Batch 1337/2465: Clean accuracy 0.9843 | Adv accuracy: 0.0150 | Counter-attack accuracy: 0.9783
2026-01-22 21:25:35,814 - ADV_Generation_eps_1.0_steps_100_Added_Noise_uniform_Eps_40.0_Tau_Type_normal_anchors - INFO - Batch:[1337] Adversarial images for this batch already exist
2026-01-22 21:25:36,140 - ADV_Generation_eps_1.0_steps_100_Added_Noise_uniform_Eps_40.0_Tau_Type_normal_anchors - INFO - Batch 1338/2465: Clean accuracy 0.9843 | Adv accuracy: 0.0149 | Counter-attack accuracy: 0.9783
2026-01-22 21:25:36,141 - ADV_Generation_eps_1.0_steps_100_Added_Noise_uniform_Eps_40.0_Tau_Type_normal_anchors - INFO - Batch:[1338] Adversarial images for this batch already exist
2026-01-22 21:25:36,471 - ADV_Generation_eps_1.0_steps_100_Added_Noise_uniform_Eps_40.0_Tau_Type_normal_anchors - INFO - Batch 1339/2465: Clean accuracy 0.9843 | Adv accuracy: 0.0149 | Counter-attack accuracy: 0.9783
2026-01-22 21:25:36,471 - ADV_Generation_eps_1.0_steps_100_Added_Noise_uniform_Eps_40.0_Tau_Type_normal_anchors - INFO - Batch:[1339] Adversarial images for this batch already exist
2026-01-22 21:25:36,797 - ADV_Generation_eps_1.0_steps_100_Added_Noise_uniform_Eps_40.0_Tau_Type_normal_anchors - INFO - Batch 1340/2465: Clean accuracy 0.9843 | Adv accuracy: 0.0149 | Counter-attack accuracy: 0.9784
2026-01-22 21:25:36,798 - ADV_Generation_eps_1.0_steps_100_Added_Noise_uniform_Eps_40.0_Tau_Type_normal_anchors - INFO - Batch:[1340] Adversarial images for this batch already exist
2026-01-22 21:25:37,117 - ADV_Generation_eps_1.0_steps_100_Added_Noise_uniform_Eps_40.0_Tau_Type_normal_anchors - INFO - Batch 1341/2465: Clean accuracy 0.9843 | Adv accuracy: 0.0149 | Counter-attack accuracy: 0.9784
2026-01-22 21:25:37,118 - ADV_Generation_eps_1.0_steps_100_Added_Noise_uniform_Eps_40.0_Tau_Type_normal_anchors - INFO - Batch:[1341] Adversarial images for this batch already exist
2026-01-22 21:25:37,451 - ADV_Generation_eps_1.0_steps_100_Added_Noise_uniform_Eps_40.0_Tau_Type_normal_anchors - INFO - Batch 1342/2465: Clean accuracy 0.9844 | Adv accuracy: 0.0149 | Counter-attack accuracy: 0.9784
2026-01-22 21:25:37,452 - ADV_Generation_eps_1.0_steps_100_Added_Noise_uniform_Eps_40.0_Tau_Type_normal_anchors - INFO - Batch:[1342] Adversarial images for this batch already exist
2026-01-22 21:25:37,772 - ADV_Generation_eps_1.0_steps_100_Added_Noise_uniform_Eps_40.0_Tau_Type_normal_anchors - INFO - Batch 1343/2465: Clean accuracy 0.9844 | Adv accuracy: 0.0149 | Counter-attack accuracy: 0.9784
2026-01-22 21:25:37,773 - ADV_Generation_eps_1.0_steps_100_Added_Noise_uniform_Eps_40.0_Tau_Type_normal_anchors - INFO - Batch:[1343] Adversarial images for this batch already exist
2026-01-22 21:25:38,103 - ADV_Generation_eps_1.0_steps_100_Added_Noise_uniform_Eps_40.0_Tau_Type_normal_anchors - INFO - Batch 1344/2465: Clean accuracy 0.9844 | Adv accuracy: 0.0149 | Counter-attack accuracy: 0.9784
2026-01-22 21:25:38,104 - ADV_Generation_eps_1.0_steps_100_Added_Noise_uniform_Eps_40.0_Tau_Type_normal_anchors - INFO - Batch:[1344] Adversarial images for this batch already exist
2026-01-22 21:25:38,433 - ADV_Generation_eps_1.0_steps_100_Added_Noise_uniform_Eps_40.0_Tau_Type_normal_anchors - INFO - Batch 1345/2465: Clean accuracy 0.9844 | Adv accuracy: 0.0149 | Counter-attack accuracy: 0.9784
2026-01-22 21:25:38,433 - ADV_Generation_eps_1.0_steps_100_Added_Noise_uniform_Eps_40.0_Tau_Type_normal_anchors - INFO - Batch:[1345] Adversarial images for this batch already exist
2026-01-22 21:25:38,757 - ADV_Generation_eps_1.0_steps_100_Added_Noise_uniform_Eps_40.0_Tau_Type_normal_anchors - INFO - Batch 1346/2465: Clean accuracy 0.9844 | Adv accuracy: 0.0149 | Counter-attack accuracy: 0.9785
2026-01-22 21:25:38,758 - ADV_Generation_eps_1.0_steps_100_Added_Noise_uniform_Eps_40.0_Tau_Type_normal_anchors - INFO - Batch:[1346] Adversarial images for this batch already exist
2026-01-22 21:25:39,080 - ADV_Generation_eps_1.0_steps_100_Added_Noise_uniform_Eps_40.0_Tau_Type_normal_anchors - INFO - Batch 1347/2465: Clean accuracy 0.9844 | Adv accuracy: 0.0148 | Counter-attack accuracy: 0.9785
2026-01-22 21:25:39,081 - ADV_Generation_eps_1.0_steps_100_Added_Noise_uniform_Eps_40.0_Tau_Type_normal_anchors - INFO - Batch:[1347] Adversarial images for this batch already exist
2026-01-22 21:25:39,412 - ADV_Generation_eps_1.0_steps_100_Added_Noise_uniform_Eps_40.0_Tau_Type_normal_anchors - INFO - Batch 1348/2465: Clean accuracy 0.9844 | Adv accuracy: 0.0148 | Counter-attack accuracy: 0.9785
2026-01-22 21:25:39,412 - ADV_Generation_eps_1.0_steps_100_Added_Noise_uniform_Eps_40.0_Tau_Type_normal_anchors - INFO - Batch:[1348] Adversarial images for this batch already exist
2026-01-22 21:25:39,730 - ADV_Generation_eps_1.0_steps_100_Added_Noise_uniform_Eps_40.0_Tau_Type_normal_anchors - INFO - Batch 1349/2465: Clean accuracy 0.9844 | Adv accuracy: 0.0148 | Counter-attack accuracy: 0.9785
2026-01-22 21:25:39,731 - ADV_Generation_eps_1.0_steps_100_Added_Noise_uniform_Eps_40.0_Tau_Type_normal_anchors - INFO - Batch:[1349] Adversarial images for this batch already exist
2026-01-22 21:25:40,054 - ADV_Generation_eps_1.0_steps_100_Added_Noise_uniform_Eps_40.0_Tau_Type_normal_anchors - INFO - Batch 1350/2465: Clean accuracy 0.9844 | Adv accuracy: 0.0148 | Counter-attack accuracy: 0.9785
2026-01-22 21:25:40,055 - ADV_Generation_eps_1.0_steps_100_Added_Noise_uniform_Eps_40.0_Tau_Type_normal_anchors - INFO - Batch:[1350] Adversarial images for this batch already exist
2026-01-22 21:25:40,386 - ADV_Generation_eps_1.0_steps_100_Added_Noise_uniform_Eps_40.0_Tau_Type_normal_anchors - INFO - Batch 1351/2465: Clean accuracy 0.9845 | Adv accuracy: 0.0148 | Counter-attack accuracy: 0.9785
2026-01-22 21:25:40,387 - ADV_Generation_eps_1.0_steps_100_Added_Noise_uniform_Eps_40.0_Tau_Type_normal_anchors - INFO - Batch:[1351] Adversarial images for this batch already exist
2026-01-22 21:25:40,708 - ADV_Generation_eps_1.0_steps_100_Added_Noise_uniform_Eps_40.0_Tau_Type_normal_anchors - INFO - Batch 1352/2465: Clean accuracy 0.9845 | Adv accuracy: 0.0148 | Counter-attack accuracy: 0.9778
2026-01-22 21:25:40,709 - ADV_Generation_eps_1.0_steps_100_Added_Noise_uniform_Eps_40.0_Tau_Type_normal_anchors - INFO - Batch:[1352] Adversarial images for this batch already exist
2026-01-22 21:25:41,036 - ADV_Generation_eps_1.0_steps_100_Added_Noise_uniform_Eps_40.0_Tau_Type_normal_anchors - INFO - Batch 1353/2465: Clean accuracy 0.9845 | Adv accuracy: 0.0148 | Counter-attack accuracy: 0.9778
2026-01-22 21:25:41,037 - ADV_Generation_eps_1.0_steps_100_Added_Noise_uniform_Eps_40.0_Tau_Type_normal_anchors - INFO - Batch:[1353] Adversarial images for this batch already exist
2026-01-22 21:25:41,363 - ADV_Generation_eps_1.0_steps_100_Added_Noise_uniform_Eps_40.0_Tau_Type_normal_anchors - INFO - Batch 1354/2465: Clean accuracy 0.9845 | Adv accuracy: 0.0148 | Counter-attack accuracy: 0.9778
2026-01-22 21:25:41,364 - ADV_Generation_eps_1.0_steps_100_Added_Noise_uniform_Eps_40.0_Tau_Type_normal_anchors - INFO - Batch:[1354] Adversarial images for this batch already exist
2026-01-22 21:25:41,691 - ADV_Generation_eps_1.0_steps_100_Added_Noise_uniform_Eps_40.0_Tau_Type_normal_anchors - INFO - Batch 1355/2465: Clean accuracy 0.9845 | Adv accuracy: 0.0148 | Counter-attack accuracy: 0.9779
2026-01-22 21:25:41,693 - ADV_Generation_eps_1.0_steps_100_Added_Noise_uniform_Eps_40.0_Tau_Type_normal_anchors - INFO - Batch:[1355] Adversarial images for this batch already exist
2026-01-22 21:25:42,022 - ADV_Generation_eps_1.0_steps_100_Added_Noise_uniform_Eps_40.0_Tau_Type_normal_anchors - INFO - Batch 1356/2465: Clean accuracy 0.9845 | Adv accuracy: 0.0147 | Counter-attack accuracy: 0.9779
2026-01-22 21:25:42,022 - ADV_Generation_eps_1.0_steps_100_Added_Noise_uniform_Eps_40.0_Tau_Type_normal_anchors - INFO - Batch:[1356] Adversarial images for this batch already exist
2026-01-22 21:25:42,343 - ADV_Generation_eps_1.0_steps_100_Added_Noise_uniform_Eps_40.0_Tau_Type_normal_anchors - INFO - Batch 1357/2465: Clean accuracy 0.9845 | Adv accuracy: 0.0147 | Counter-attack accuracy: 0.9779
2026-01-22 21:25:42,343 - ADV_Generation_eps_1.0_steps_100_Added_Noise_uniform_Eps_40.0_Tau_Type_normal_anchors - INFO - Batch:[1357] Adversarial images for this batch already exist
2026-01-22 21:25:42,662 - ADV_Generation_eps_1.0_steps_100_Added_Noise_uniform_Eps_40.0_Tau_Type_normal_anchors - INFO - Batch 1358/2465: Clean accuracy 0.9845 | Adv accuracy: 0.0147 | Counter-attack accuracy: 0.9779
2026-01-22 21:25:42,663 - ADV_Generation_eps_1.0_steps_100_Added_Noise_uniform_Eps_40.0_Tau_Type_normal_anchors - INFO - Batch:[1358] Adversarial images for this batch already exist
2026-01-22 21:25:42,993 - ADV_Generation_eps_1.0_steps_100_Added_Noise_uniform_Eps_40.0_Tau_Type_normal_anchors - INFO - Batch 1359/2465: Clean accuracy 0.9845 | Adv accuracy: 0.0147 | Counter-attack accuracy: 0.9779
2026-01-22 21:25:42,994 - ADV_Generation_eps_1.0_steps_100_Added_Noise_uniform_Eps_40.0_Tau_Type_normal_anchors - INFO - Batch:[1359] Adversarial images for this batch already exist
2026-01-22 21:25:43,314 - ADV_Generation_eps_1.0_steps_100_Added_Noise_uniform_Eps_40.0_Tau_Type_normal_anchors - INFO - Batch 1360/2465: Clean accuracy 0.9846 | Adv accuracy: 0.0147 | Counter-attack accuracy: 0.9779
2026-01-22 21:25:43,315 - ADV_Generation_eps_1.0_steps_100_Added_Noise_uniform_Eps_40.0_Tau_Type_normal_anchors - INFO - Batch:[1360] Adversarial images for this batch already exist
2026-01-22 21:25:43,644 - ADV_Generation_eps_1.0_steps_100_Added_Noise_uniform_Eps_40.0_Tau_Type_normal_anchors - INFO - Batch 1361/2465: Clean accuracy 0.9846 | Adv accuracy: 0.0147 | Counter-attack accuracy: 0.9780
2026-01-22 21:25:43,645 - ADV_Generation_eps_1.0_steps_100_Added_Noise_uniform_Eps_40.0_Tau_Type_normal_anchors - INFO - Batch:[1361] Adversarial images for this batch already exist
2026-01-22 21:25:43,972 - ADV_Generation_eps_1.0_steps_100_Added_Noise_uniform_Eps_40.0_Tau_Type_normal_anchors - INFO - Batch 1362/2465: Clean accuracy 0.9846 | Adv accuracy: 0.0147 | Counter-attack accuracy: 0.9780
2026-01-22 21:25:43,973 - ADV_Generation_eps_1.0_steps_100_Added_Noise_uniform_Eps_40.0_Tau_Type_normal_anchors - INFO - Batch:[1362] Adversarial images for this batch already exist
2026-01-22 21:25:44,303 - ADV_Generation_eps_1.0_steps_100_Added_Noise_uniform_Eps_40.0_Tau_Type_normal_anchors - INFO - Batch 1363/2465: Clean accuracy 0.9846 | Adv accuracy: 0.0147 | Counter-attack accuracy: 0.9780
2026-01-22 21:25:44,304 - ADV_Generation_eps_1.0_steps_100_Added_Noise_uniform_Eps_40.0_Tau_Type_normal_anchors - INFO - Batch:[1363] Adversarial images for this batch already exist
2026-01-22 21:25:44,634 - ADV_Generation_eps_1.0_steps_100_Added_Noise_uniform_Eps_40.0_Tau_Type_normal_anchors - INFO - Batch 1364/2465: Clean accuracy 0.9846 | Adv accuracy: 0.0147 | Counter-attack accuracy: 0.9780
2026-01-22 21:25:44,635 - ADV_Generation_eps_1.0_steps_100_Added_Noise_uniform_Eps_40.0_Tau_Type_normal_anchors - INFO - Batch:[1364] Adversarial images for this batch already exist
2026-01-22 21:25:44,963 - ADV_Generation_eps_1.0_steps_100_Added_Noise_uniform_Eps_40.0_Tau_Type_normal_anchors - INFO - Batch 1365/2465: Clean accuracy 0.9846 | Adv accuracy: 0.0147 | Counter-attack accuracy: 0.9780
2026-01-22 21:25:44,964 - ADV_Generation_eps_1.0_steps_100_Added_Noise_uniform_Eps_40.0_Tau_Type_normal_anchors - INFO - Batch:[1365] Adversarial images for this batch already exist
2026-01-22 21:25:45,302 - ADV_Generation_eps_1.0_steps_100_Added_Noise_uniform_Eps_40.0_Tau_Type_normal_anchors - INFO - Batch 1366/2465: Clean accuracy 0.9846 | Adv accuracy: 0.0146 | Counter-attack accuracy: 0.9780
2026-01-22 21:25:45,303 - ADV_Generation_eps_1.0_steps_100_Added_Noise_uniform_Eps_40.0_Tau_Type_normal_anchors - INFO - Batch:[1366] Adversarial images for this batch already exist
2026-01-22 21:25:45,632 - ADV_Generation_eps_1.0_steps_100_Added_Noise_uniform_Eps_40.0_Tau_Type_normal_anchors - INFO - Batch 1367/2465: Clean accuracy 0.9846 | Adv accuracy: 0.0146 | Counter-attack accuracy: 0.9781
2026-01-22 21:25:45,633 - ADV_Generation_eps_1.0_steps_100_Added_Noise_uniform_Eps_40.0_Tau_Type_normal_anchors - INFO - Batch:[1367] Adversarial images for this batch already exist
2026-01-22 21:25:45,982 - ADV_Generation_eps_1.0_steps_100_Added_Noise_uniform_Eps_40.0_Tau_Type_normal_anchors - INFO - Batch 1368/2465: Clean accuracy 0.9846 | Adv accuracy: 0.0146 | Counter-attack accuracy: 0.9781
2026-01-22 21:25:45,984 - ADV_Generation_eps_1.0_steps_100_Added_Noise_uniform_Eps_40.0_Tau_Type_normal_anchors - INFO - Batch:[1368] Adversarial images for this batch already exist
2026-01-22 21:25:46,309 - ADV_Generation_eps_1.0_steps_100_Added_Noise_uniform_Eps_40.0_Tau_Type_normal_anchors - INFO - Batch 1369/2465: Clean accuracy 0.9847 | Adv accuracy: 0.0146 | Counter-attack accuracy: 0.9781
2026-01-22 21:25:46,310 - ADV_Generation_eps_1.0_steps_100_Added_Noise_uniform_Eps_40.0_Tau_Type_normal_anchors - INFO - Batch:[1369] Adversarial images for this batch already exist
2026-01-22 21:25:46,637 - ADV_Generation_eps_1.0_steps_100_Added_Noise_uniform_Eps_40.0_Tau_Type_normal_anchors - INFO - Batch 1370/2465: Clean accuracy 0.9847 | Adv accuracy: 0.0146 | Counter-attack accuracy: 0.9781
2026-01-22 21:25:46,638 - ADV_Generation_eps_1.0_steps_100_Added_Noise_uniform_Eps_40.0_Tau_Type_normal_anchors - INFO - Batch:[1370] Adversarial images for this batch already exist
2026-01-22 21:25:46,960 - ADV_Generation_eps_1.0_steps_100_Added_Noise_uniform_Eps_40.0_Tau_Type_normal_anchors - INFO - Batch 1371/2465: Clean accuracy 0.9847 | Adv accuracy: 0.0146 | Counter-attack accuracy: 0.9781
2026-01-22 21:25:46,961 - ADV_Generation_eps_1.0_steps_100_Added_Noise_uniform_Eps_40.0_Tau_Type_normal_anchors - INFO - Batch:[1371] Adversarial images for this batch already exist
2026-01-22 21:25:47,287 - ADV_Generation_eps_1.0_steps_100_Added_Noise_uniform_Eps_40.0_Tau_Type_normal_anchors - INFO - Batch 1372/2465: Clean accuracy 0.9847 | Adv accuracy: 0.0146 | Counter-attack accuracy: 0.9781
2026-01-22 21:25:47,288 - ADV_Generation_eps_1.0_steps_100_Added_Noise_uniform_Eps_40.0_Tau_Type_normal_anchors - INFO - Batch:[1372] Adversarial images for this batch already exist
2026-01-22 21:25:47,617 - ADV_Generation_eps_1.0_steps_100_Added_Noise_uniform_Eps_40.0_Tau_Type_normal_anchors - INFO - Batch 1373/2465: Clean accuracy 0.9847 | Adv accuracy: 0.0146 | Counter-attack accuracy: 0.9782
2026-01-22 21:25:47,618 - ADV_Generation_eps_1.0_steps_100_Added_Noise_uniform_Eps_40.0_Tau_Type_normal_anchors - INFO - Batch:[1373] Adversarial images for this batch already exist
2026-01-22 21:25:47,941 - ADV_Generation_eps_1.0_steps_100_Added_Noise_uniform_Eps_40.0_Tau_Type_normal_anchors - INFO - Batch 1374/2465: Clean accuracy 0.9847 | Adv accuracy: 0.0146 | Counter-attack accuracy: 0.9782
2026-01-22 21:25:47,942 - ADV_Generation_eps_1.0_steps_100_Added_Noise_uniform_Eps_40.0_Tau_Type_normal_anchors - INFO - Batch:[1374] Adversarial images for this batch already exist
2026-01-22 21:25:48,270 - ADV_Generation_eps_1.0_steps_100_Added_Noise_uniform_Eps_40.0_Tau_Type_normal_anchors - INFO - Batch 1375/2465: Clean accuracy 0.9847 | Adv accuracy: 0.0145 | Counter-attack accuracy: 0.9782
2026-01-22 21:25:48,272 - ADV_Generation_eps_1.0_steps_100_Added_Noise_uniform_Eps_40.0_Tau_Type_normal_anchors - INFO - Batch:[1375] Adversarial images for this batch already exist
2026-01-22 21:25:48,596 - ADV_Generation_eps_1.0_steps_100_Added_Noise_uniform_Eps_40.0_Tau_Type_normal_anchors - INFO - Batch 1376/2465: Clean accuracy 0.9847 | Adv accuracy: 0.0145 | Counter-attack accuracy: 0.9782
2026-01-22 21:25:48,597 - ADV_Generation_eps_1.0_steps_100_Added_Noise_uniform_Eps_40.0_Tau_Type_normal_anchors - INFO - Batch:[1376] Adversarial images for this batch already exist
2026-01-22 21:25:48,919 - ADV_Generation_eps_1.0_steps_100_Added_Noise_uniform_Eps_40.0_Tau_Type_normal_anchors - INFO - Batch 1377/2465: Clean accuracy 0.9847 | Adv accuracy: 0.0145 | Counter-attack accuracy: 0.9782
2026-01-22 21:25:48,920 - ADV_Generation_eps_1.0_steps_100_Added_Noise_uniform_Eps_40.0_Tau_Type_normal_anchors - INFO - Batch:[1377] Adversarial images for this batch already exist
2026-01-22 21:25:49,289 - ADV_Generation_eps_1.0_steps_100_Added_Noise_uniform_Eps_40.0_Tau_Type_normal_anchors - INFO - Batch 1378/2465: Clean accuracy 0.9848 | Adv accuracy: 0.0145 | Counter-attack accuracy: 0.9782
2026-01-22 21:25:49,290 - ADV_Generation_eps_1.0_steps_100_Added_Noise_uniform_Eps_40.0_Tau_Type_normal_anchors - INFO - Batch:[1378] Adversarial images for this batch already exist
2026-01-22 21:25:49,613 - ADV_Generation_eps_1.0_steps_100_Added_Noise_uniform_Eps_40.0_Tau_Type_normal_anchors - INFO - Batch 1379/2465: Clean accuracy 0.9848 | Adv accuracy: 0.0145 | Counter-attack accuracy: 0.9782
2026-01-22 21:25:49,614 - ADV_Generation_eps_1.0_steps_100_Added_Noise_uniform_Eps_40.0_Tau_Type_normal_anchors - INFO - Batch:[1379] Adversarial images for this batch already exist
2026-01-22 21:25:49,940 - ADV_Generation_eps_1.0_steps_100_Added_Noise_uniform_Eps_40.0_Tau_Type_normal_anchors - INFO - Batch 1380/2465: Clean accuracy 0.9848 | Adv accuracy: 0.0145 | Counter-attack accuracy: 0.9783
2026-01-22 21:25:49,940 - ADV_Generation_eps_1.0_steps_100_Added_Noise_uniform_Eps_40.0_Tau_Type_normal_anchors - INFO - Batch:[1380] Adversarial images for this batch already exist
2026-01-22 21:25:50,267 - ADV_Generation_eps_1.0_steps_100_Added_Noise_uniform_Eps_40.0_Tau_Type_normal_anchors - INFO - Batch 1381/2465: Clean accuracy 0.9848 | Adv accuracy: 0.0145 | Counter-attack accuracy: 0.9783
2026-01-22 21:25:50,267 - ADV_Generation_eps_1.0_steps_100_Added_Noise_uniform_Eps_40.0_Tau_Type_normal_anchors - INFO - Batch:[1381] Adversarial images for this batch already exist
2026-01-22 21:25:50,592 - ADV_Generation_eps_1.0_steps_100_Added_Noise_uniform_Eps_40.0_Tau_Type_normal_anchors - INFO - Batch 1382/2465: Clean accuracy 0.9848 | Adv accuracy: 0.0145 | Counter-attack accuracy: 0.9783
2026-01-22 21:25:50,592 - ADV_Generation_eps_1.0_steps_100_Added_Noise_uniform_Eps_40.0_Tau_Type_normal_anchors - INFO - Batch:[1382] Adversarial images for this batch already exist
2026-01-22 21:25:50,918 - ADV_Generation_eps_1.0_steps_100_Added_Noise_uniform_Eps_40.0_Tau_Type_normal_anchors - INFO - Batch 1383/2465: Clean accuracy 0.9848 | Adv accuracy: 0.0145 | Counter-attack accuracy: 0.9783
2026-01-22 21:25:50,919 - ADV_Generation_eps_1.0_steps_100_Added_Noise_uniform_Eps_40.0_Tau_Type_normal_anchors - INFO - Batch:[1383] Adversarial images for this batch already exist
2026-01-22 21:25:51,248 - ADV_Generation_eps_1.0_steps_100_Added_Noise_uniform_Eps_40.0_Tau_Type_normal_anchors - INFO - Batch 1384/2465: Clean accuracy 0.9848 | Adv accuracy: 0.0145 | Counter-attack accuracy: 0.9783
2026-01-22 21:25:51,248 - ADV_Generation_eps_1.0_steps_100_Added_Noise_uniform_Eps_40.0_Tau_Type_normal_anchors - INFO - Batch:[1384] Adversarial images for this batch already exist
2026-01-22 21:25:51,572 - ADV_Generation_eps_1.0_steps_100_Added_Noise_uniform_Eps_40.0_Tau_Type_normal_anchors - INFO - Batch 1385/2465: Clean accuracy 0.9848 | Adv accuracy: 0.0144 | Counter-attack accuracy: 0.9783
2026-01-22 21:25:51,573 - ADV_Generation_eps_1.0_steps_100_Added_Noise_uniform_Eps_40.0_Tau_Type_normal_anchors - INFO - Batch:[1385] Adversarial images for this batch already exist
2026-01-22 21:25:51,901 - ADV_Generation_eps_1.0_steps_100_Added_Noise_uniform_Eps_40.0_Tau_Type_normal_anchors - INFO - Batch 1386/2465: Clean accuracy 0.9848 | Adv accuracy: 0.0144 | Counter-attack accuracy: 0.9784
2026-01-22 21:25:51,902 - ADV_Generation_eps_1.0_steps_100_Added_Noise_uniform_Eps_40.0_Tau_Type_normal_anchors - INFO - Batch:[1386] Adversarial images for this batch already exist
2026-01-22 21:25:52,229 - ADV_Generation_eps_1.0_steps_100_Added_Noise_uniform_Eps_40.0_Tau_Type_normal_anchors - INFO - Batch 1387/2465: Clean accuracy 0.9841 | Adv accuracy: 0.0144 | Counter-attack accuracy: 0.9784
2026-01-22 21:25:52,230 - ADV_Generation_eps_1.0_steps_100_Added_Noise_uniform_Eps_40.0_Tau_Type_normal_anchors - INFO - Batch:[1387] Adversarial images for this batch already exist
2026-01-22 21:25:52,558 - ADV_Generation_eps_1.0_steps_100_Added_Noise_uniform_Eps_40.0_Tau_Type_normal_anchors - INFO - Batch 1388/2465: Clean accuracy 0.9834 | Adv accuracy: 0.0144 | Counter-attack accuracy: 0.9784
2026-01-22 21:25:52,559 - ADV_Generation_eps_1.0_steps_100_Added_Noise_uniform_Eps_40.0_Tau_Type_normal_anchors - INFO - Batch:[1388] Adversarial images for this batch already exist
2026-01-22 21:25:52,891 - ADV_Generation_eps_1.0_steps_100_Added_Noise_uniform_Eps_40.0_Tau_Type_normal_anchors - INFO - Batch 1389/2465: Clean accuracy 0.9827 | Adv accuracy: 0.0144 | Counter-attack accuracy: 0.9777
2026-01-22 21:25:52,892 - ADV_Generation_eps_1.0_steps_100_Added_Noise_uniform_Eps_40.0_Tau_Type_normal_anchors - INFO - Batch:[1389] Adversarial images for this batch already exist
2026-01-22 21:25:53,215 - ADV_Generation_eps_1.0_steps_100_Added_Noise_uniform_Eps_40.0_Tau_Type_normal_anchors - INFO - Batch 1390/2465: Clean accuracy 0.9820 | Adv accuracy: 0.0144 | Counter-attack accuracy: 0.9777
2026-01-22 21:25:53,216 - ADV_Generation_eps_1.0_steps_100_Added_Noise_uniform_Eps_40.0_Tau_Type_normal_anchors - INFO - Batch:[1390] Adversarial images for this batch already exist
2026-01-22 21:25:53,543 - ADV_Generation_eps_1.0_steps_100_Added_Noise_uniform_Eps_40.0_Tau_Type_normal_anchors - INFO - Batch 1391/2465: Clean accuracy 0.9820 | Adv accuracy: 0.0144 | Counter-attack accuracy: 0.9777
2026-01-22 21:25:53,543 - ADV_Generation_eps_1.0_steps_100_Added_Noise_uniform_Eps_40.0_Tau_Type_normal_anchors - INFO - Batch:[1391] Adversarial images for this batch already exist
2026-01-22 21:25:53,863 - ADV_Generation_eps_1.0_steps_100_Added_Noise_uniform_Eps_40.0_Tau_Type_normal_anchors - INFO - Batch 1392/2465: Clean accuracy 0.9820 | Adv accuracy: 0.0144 | Counter-attack accuracy: 0.9777
2026-01-22 21:25:53,864 - ADV_Generation_eps_1.0_steps_100_Added_Noise_uniform_Eps_40.0_Tau_Type_normal_anchors - INFO - Batch:[1392] Adversarial images for this batch already exist
2026-01-22 21:25:54,188 - ADV_Generation_eps_1.0_steps_100_Added_Noise_uniform_Eps_40.0_Tau_Type_normal_anchors - INFO - Batch 1393/2465: Clean accuracy 0.9821 | Adv accuracy: 0.0144 | Counter-attack accuracy: 0.9777
2026-01-22 21:25:54,189 - ADV_Generation_eps_1.0_steps_100_Added_Noise_uniform_Eps_40.0_Tau_Type_normal_anchors - INFO - Batch:[1393] Adversarial images for this batch already exist
2026-01-22 21:25:54,513 - ADV_Generation_eps_1.0_steps_100_Added_Noise_uniform_Eps_40.0_Tau_Type_normal_anchors - INFO - Batch 1394/2465: Clean accuracy 0.9813 | Adv accuracy: 0.0143 | Counter-attack accuracy: 0.9778
2026-01-22 21:25:54,514 - ADV_Generation_eps_1.0_steps_100_Added_Noise_uniform_Eps_40.0_Tau_Type_normal_anchors - INFO - Batch:[1394] Adversarial images for this batch already exist
2026-01-22 21:25:54,841 - ADV_Generation_eps_1.0_steps_100_Added_Noise_uniform_Eps_40.0_Tau_Type_normal_anchors - INFO - Batch 1395/2465: Clean accuracy 0.9814 | Adv accuracy: 0.0143 | Counter-attack accuracy: 0.9778
2026-01-22 21:25:54,842 - ADV_Generation_eps_1.0_steps_100_Added_Noise_uniform_Eps_40.0_Tau_Type_normal_anchors - INFO - Batch:[1395] Adversarial images for this batch already exist
2026-01-22 21:25:55,171 - ADV_Generation_eps_1.0_steps_100_Added_Noise_uniform_Eps_40.0_Tau_Type_normal_anchors - INFO - Batch 1396/2465: Clean accuracy 0.9807 | Adv accuracy: 0.0143 | Counter-attack accuracy: 0.9771
2026-01-22 21:25:55,172 - ADV_Generation_eps_1.0_steps_100_Added_Noise_uniform_Eps_40.0_Tau_Type_normal_anchors - INFO - Batch:[1396] Adversarial images for this batch already exist
2026-01-22 21:25:55,499 - ADV_Generation_eps_1.0_steps_100_Added_Noise_uniform_Eps_40.0_Tau_Type_normal_anchors - INFO - Batch 1397/2465: Clean accuracy 0.9800 | Adv accuracy: 0.0143 | Counter-attack accuracy: 0.9771
2026-01-22 21:25:55,500 - ADV_Generation_eps_1.0_steps_100_Added_Noise_uniform_Eps_40.0_Tau_Type_normal_anchors - INFO - Batch:[1397] Adversarial images for this batch already exist
2026-01-22 21:25:55,825 - ADV_Generation_eps_1.0_steps_100_Added_Noise_uniform_Eps_40.0_Tau_Type_normal_anchors - INFO - Batch 1398/2465: Clean accuracy 0.9793 | Adv accuracy: 0.0143 | Counter-attack accuracy: 0.9771
2026-01-22 21:25:55,826 - ADV_Generation_eps_1.0_steps_100_Added_Noise_uniform_Eps_40.0_Tau_Type_normal_anchors - INFO - Batch:[1398] Adversarial images for this batch already exist
2026-01-22 21:25:56,156 - ADV_Generation_eps_1.0_steps_100_Added_Noise_uniform_Eps_40.0_Tau_Type_normal_anchors - INFO - Batch 1399/2465: Clean accuracy 0.9786 | Adv accuracy: 0.0143 | Counter-attack accuracy: 0.9764
2026-01-22 21:25:56,157 - ADV_Generation_eps_1.0_steps_100_Added_Noise_uniform_Eps_40.0_Tau_Type_normal_anchors - INFO - Batch:[1399] Adversarial images for this batch already exist
2026-01-22 21:25:56,485 - ADV_Generation_eps_1.0_steps_100_Added_Noise_uniform_Eps_40.0_Tau_Type_normal_anchors - INFO - Batch 1400/2465: Clean accuracy 0.9786 | Adv accuracy: 0.0143 | Counter-attack accuracy: 0.9764
2026-01-22 21:25:56,486 - ADV_Generation_eps_1.0_steps_100_Added_Noise_uniform_Eps_40.0_Tau_Type_normal_anchors - INFO - Batch:[1400] Adversarial images for this batch already exist
2026-01-22 21:25:56,810 - ADV_Generation_eps_1.0_steps_100_Added_Noise_uniform_Eps_40.0_Tau_Type_normal_anchors - INFO - Batch 1401/2465: Clean accuracy 0.9786 | Adv accuracy: 0.0143 | Counter-attack accuracy: 0.9764
2026-01-22 21:25:56,811 - ADV_Generation_eps_1.0_steps_100_Added_Noise_uniform_Eps_40.0_Tau_Type_normal_anchors - INFO - Batch:[1401] Adversarial images for this batch already exist
2026-01-22 21:25:57,137 - ADV_Generation_eps_1.0_steps_100_Added_Noise_uniform_Eps_40.0_Tau_Type_normal_anchors - INFO - Batch 1402/2465: Clean accuracy 0.9786 | Adv accuracy: 0.0143 | Counter-attack accuracy: 0.9765
2026-01-22 21:25:57,138 - ADV_Generation_eps_1.0_steps_100_Added_Noise_uniform_Eps_40.0_Tau_Type_normal_anchors - INFO - Batch:[1402] Adversarial images for this batch already exist
2026-01-22 21:25:57,463 - ADV_Generation_eps_1.0_steps_100_Added_Noise_uniform_Eps_40.0_Tau_Type_normal_anchors - INFO - Batch 1403/2465: Clean accuracy 0.9786 | Adv accuracy: 0.0150 | Counter-attack accuracy: 0.9765
2026-01-22 21:25:57,464 - ADV_Generation_eps_1.0_steps_100_Added_Noise_uniform_Eps_40.0_Tau_Type_normal_anchors - INFO - Batch:[1403] Adversarial images for this batch already exist
2026-01-22 21:25:57,788 - ADV_Generation_eps_1.0_steps_100_Added_Noise_uniform_Eps_40.0_Tau_Type_normal_anchors - INFO - Batch 1404/2465: Clean accuracy 0.9786 | Adv accuracy: 0.0150 | Counter-attack accuracy: 0.9765
2026-01-22 21:25:57,788 - ADV_Generation_eps_1.0_steps_100_Added_Noise_uniform_Eps_40.0_Tau_Type_normal_anchors - INFO - Batch:[1404] Adversarial images for this batch already exist
2026-01-22 21:25:58,115 - ADV_Generation_eps_1.0_steps_100_Added_Noise_uniform_Eps_40.0_Tau_Type_normal_anchors - INFO - Batch 1405/2465: Clean accuracy 0.9786 | Adv accuracy: 0.0149 | Counter-attack accuracy: 0.9765
2026-01-22 21:25:58,116 - ADV_Generation_eps_1.0_steps_100_Added_Noise_uniform_Eps_40.0_Tau_Type_normal_anchors - INFO - Batch:[1405] Adversarial images for this batch already exist
2026-01-22 21:25:58,436 - ADV_Generation_eps_1.0_steps_100_Added_Noise_uniform_Eps_40.0_Tau_Type_normal_anchors - INFO - Batch 1406/2465: Clean accuracy 0.9787 | Adv accuracy: 0.0149 | Counter-attack accuracy: 0.9765
2026-01-22 21:25:58,436 - ADV_Generation_eps_1.0_steps_100_Added_Noise_uniform_Eps_40.0_Tau_Type_normal_anchors - INFO - Batch:[1406] Adversarial images for this batch already exist
2026-01-22 21:25:58,779 - ADV_Generation_eps_1.0_steps_100_Added_Noise_uniform_Eps_40.0_Tau_Type_normal_anchors - INFO - Batch 1407/2465: Clean accuracy 0.9787 | Adv accuracy: 0.0149 | Counter-attack accuracy: 0.9765
2026-01-22 21:25:58,780 - ADV_Generation_eps_1.0_steps_100_Added_Noise_uniform_Eps_40.0_Tau_Type_normal_anchors - INFO - Batch:[1407] Adversarial images for this batch already exist
2026-01-22 21:25:59,141 - ADV_Generation_eps_1.0_steps_100_Added_Noise_uniform_Eps_40.0_Tau_Type_normal_anchors - INFO - Batch 1408/2465: Clean accuracy 0.9787 | Adv accuracy: 0.0149 | Counter-attack accuracy: 0.9766
2026-01-22 21:25:59,142 - ADV_Generation_eps_1.0_steps_100_Added_Noise_uniform_Eps_40.0_Tau_Type_normal_anchors - INFO - Batch:[1408] Adversarial images for this batch already exist
2026-01-22 21:25:59,466 - ADV_Generation_eps_1.0_steps_100_Added_Noise_uniform_Eps_40.0_Tau_Type_normal_anchors - INFO - Batch 1409/2465: Clean accuracy 0.9787 | Adv accuracy: 0.0149 | Counter-attack accuracy: 0.9766
2026-01-22 21:25:59,467 - ADV_Generation_eps_1.0_steps_100_Added_Noise_uniform_Eps_40.0_Tau_Type_normal_anchors - INFO - Batch:[1409] Adversarial images for this batch already exist
2026-01-22 21:25:59,793 - ADV_Generation_eps_1.0_steps_100_Added_Noise_uniform_Eps_40.0_Tau_Type_normal_anchors - INFO - Batch 1410/2465: Clean accuracy 0.9787 | Adv accuracy: 0.0149 | Counter-attack accuracy: 0.9766
2026-01-22 21:25:59,795 - ADV_Generation_eps_1.0_steps_100_Added_Noise_uniform_Eps_40.0_Tau_Type_normal_anchors - INFO - Batch:[1410] Adversarial images for this batch already exist
2026-01-22 21:26:00,118 - ADV_Generation_eps_1.0_steps_100_Added_Noise_uniform_Eps_40.0_Tau_Type_normal_anchors - INFO - Batch 1411/2465: Clean accuracy 0.9787 | Adv accuracy: 0.0149 | Counter-attack accuracy: 0.9766
2026-01-22 21:26:00,119 - ADV_Generation_eps_1.0_steps_100_Added_Noise_uniform_Eps_40.0_Tau_Type_normal_anchors - INFO - Batch:[1411] Adversarial images for this batch already exist
2026-01-22 21:26:00,686 - ADV_Generation_eps_1.0_steps_100_Added_Noise_uniform_Eps_40.0_Tau_Type_normal_anchors - INFO - Batch 1412/2465: Clean accuracy 0.9788 | Adv accuracy: 0.0149 | Counter-attack accuracy: 0.9766
2026-01-22 21:26:00,687 - ADV_Generation_eps_1.0_steps_100_Added_Noise_uniform_Eps_40.0_Tau_Type_normal_anchors - INFO - Batch:[1412] Adversarial images for this batch already exist
2026-01-22 21:26:01,018 - ADV_Generation_eps_1.0_steps_100_Added_Noise_uniform_Eps_40.0_Tau_Type_normal_anchors - INFO - Batch 1413/2465: Clean accuracy 0.9788 | Adv accuracy: 0.0149 | Counter-attack accuracy: 0.9766
2026-01-22 21:26:01,018 - ADV_Generation_eps_1.0_steps_100_Added_Noise_uniform_Eps_40.0_Tau_Type_normal_anchors - INFO - Batch:[1413] Adversarial images for this batch already exist
2026-01-22 21:26:01,354 - ADV_Generation_eps_1.0_steps_100_Added_Noise_uniform_Eps_40.0_Tau_Type_normal_anchors - INFO - Batch 1414/2465: Clean accuracy 0.9788 | Adv accuracy: 0.0149 | Counter-attack accuracy: 0.9767
2026-01-22 21:26:01,356 - ADV_Generation_eps_1.0_steps_100_Added_Noise_uniform_Eps_40.0_Tau_Type_normal_anchors - INFO - Batch:[1414] Adversarial images for this batch already exist
2026-01-22 21:26:01,678 - ADV_Generation_eps_1.0_steps_100_Added_Noise_uniform_Eps_40.0_Tau_Type_normal_anchors - INFO - Batch 1415/2465: Clean accuracy 0.9781 | Adv accuracy: 0.0148 | Counter-attack accuracy: 0.9760
2026-01-22 21:26:01,679 - ADV_Generation_eps_1.0_steps_100_Added_Noise_uniform_Eps_40.0_Tau_Type_normal_anchors - INFO - Batch:[1415] Adversarial images for this batch already exist
2026-01-22 21:26:02,002 - ADV_Generation_eps_1.0_steps_100_Added_Noise_uniform_Eps_40.0_Tau_Type_normal_anchors - INFO - Batch 1416/2465: Clean accuracy 0.9781 | Adv accuracy: 0.0148 | Counter-attack accuracy: 0.9760
2026-01-22 21:26:02,003 - ADV_Generation_eps_1.0_steps_100_Added_Noise_uniform_Eps_40.0_Tau_Type_normal_anchors - INFO - Batch:[1416] Adversarial images for this batch already exist
2026-01-22 21:26:02,322 - ADV_Generation_eps_1.0_steps_100_Added_Noise_uniform_Eps_40.0_Tau_Type_normal_anchors - INFO - Batch 1417/2465: Clean accuracy 0.9781 | Adv accuracy: 0.0148 | Counter-attack accuracy: 0.9760
2026-01-22 21:26:02,323 - ADV_Generation_eps_1.0_steps_100_Added_Noise_uniform_Eps_40.0_Tau_Type_normal_anchors - INFO - Batch:[1417] Adversarial images for this batch already exist
2026-01-22 21:26:02,651 - ADV_Generation_eps_1.0_steps_100_Added_Noise_uniform_Eps_40.0_Tau_Type_normal_anchors - INFO - Batch 1418/2465: Clean accuracy 0.9781 | Adv accuracy: 0.0148 | Counter-attack accuracy: 0.9760
2026-01-22 21:26:02,651 - ADV_Generation_eps_1.0_steps_100_Added_Noise_uniform_Eps_40.0_Tau_Type_normal_anchors - INFO - Batch:[1418] Adversarial images for this batch already exist
2026-01-22 21:26:02,976 - ADV_Generation_eps_1.0_steps_100_Added_Noise_uniform_Eps_40.0_Tau_Type_normal_anchors - INFO - Batch 1419/2465: Clean accuracy 0.9782 | Adv accuracy: 0.0148 | Counter-attack accuracy: 0.9760
2026-01-22 21:26:02,977 - ADV_Generation_eps_1.0_steps_100_Added_Noise_uniform_Eps_40.0_Tau_Type_normal_anchors - INFO - Batch:[1419] Adversarial images for this batch already exist
2026-01-22 21:26:03,301 - ADV_Generation_eps_1.0_steps_100_Added_Noise_uniform_Eps_40.0_Tau_Type_normal_anchors - INFO - Batch 1420/2465: Clean accuracy 0.9775 | Adv accuracy: 0.0148 | Counter-attack accuracy: 0.9754
2026-01-22 21:26:03,302 - ADV_Generation_eps_1.0_steps_100_Added_Noise_uniform_Eps_40.0_Tau_Type_normal_anchors - INFO - Batch:[1420] Adversarial images for this batch already exist
2026-01-22 21:26:03,634 - ADV_Generation_eps_1.0_steps_100_Added_Noise_uniform_Eps_40.0_Tau_Type_normal_anchors - INFO - Batch 1421/2465: Clean accuracy 0.9775 | Adv accuracy: 0.0148 | Counter-attack accuracy: 0.9754
2026-01-22 21:26:03,635 - ADV_Generation_eps_1.0_steps_100_Added_Noise_uniform_Eps_40.0_Tau_Type_normal_anchors - INFO - Batch:[1421] Adversarial images for this batch already exist
2026-01-22 21:26:03,956 - ADV_Generation_eps_1.0_steps_100_Added_Noise_uniform_Eps_40.0_Tau_Type_normal_anchors - INFO - Batch 1422/2465: Clean accuracy 0.9775 | Adv accuracy: 0.0148 | Counter-attack accuracy: 0.9754
2026-01-22 21:26:03,957 - ADV_Generation_eps_1.0_steps_100_Added_Noise_uniform_Eps_40.0_Tau_Type_normal_anchors - INFO - Batch:[1422] Adversarial images for this batch already exist
2026-01-22 21:26:04,285 - ADV_Generation_eps_1.0_steps_100_Added_Noise_uniform_Eps_40.0_Tau_Type_normal_anchors - INFO - Batch 1423/2465: Clean accuracy 0.9775 | Adv accuracy: 0.0148 | Counter-attack accuracy: 0.9754
2026-01-22 21:26:04,286 - ADV_Generation_eps_1.0_steps_100_Added_Noise_uniform_Eps_40.0_Tau_Type_normal_anchors - INFO - Batch:[1423] Adversarial images for this batch already exist
2026-01-22 21:26:04,607 - ADV_Generation_eps_1.0_steps_100_Added_Noise_uniform_Eps_40.0_Tau_Type_normal_anchors - INFO - Batch 1424/2465: Clean accuracy 0.9775 | Adv accuracy: 0.0147 | Counter-attack accuracy: 0.9754
2026-01-22 21:26:04,607 - ADV_Generation_eps_1.0_steps_100_Added_Noise_uniform_Eps_40.0_Tau_Type_normal_anchors - INFO - Batch:[1424] Adversarial images for this batch already exist
2026-01-22 21:26:04,932 - ADV_Generation_eps_1.0_steps_100_Added_Noise_uniform_Eps_40.0_Tau_Type_normal_anchors - INFO - Batch 1425/2465: Clean accuracy 0.9775 | Adv accuracy: 0.0147 | Counter-attack accuracy: 0.9754
2026-01-22 21:26:04,932 - ADV_Generation_eps_1.0_steps_100_Added_Noise_uniform_Eps_40.0_Tau_Type_normal_anchors - INFO - Batch:[1425] Adversarial images for this batch already exist
2026-01-22 21:26:05,257 - ADV_Generation_eps_1.0_steps_100_Added_Noise_uniform_Eps_40.0_Tau_Type_normal_anchors - INFO - Batch 1426/2465: Clean accuracy 0.9776 | Adv accuracy: 0.0147 | Counter-attack accuracy: 0.9755
2026-01-22 21:26:05,258 - ADV_Generation_eps_1.0_steps_100_Added_Noise_uniform_Eps_40.0_Tau_Type_normal_anchors - INFO - Batch:[1426] Adversarial images for this batch already exist
2026-01-22 21:26:05,583 - ADV_Generation_eps_1.0_steps_100_Added_Noise_uniform_Eps_40.0_Tau_Type_normal_anchors - INFO - Batch 1427/2465: Clean accuracy 0.9776 | Adv accuracy: 0.0147 | Counter-attack accuracy: 0.9755
2026-01-22 21:26:05,584 - ADV_Generation_eps_1.0_steps_100_Added_Noise_uniform_Eps_40.0_Tau_Type_normal_anchors - INFO - Batch:[1427] Adversarial images for this batch already exist
2026-01-22 21:26:05,905 - ADV_Generation_eps_1.0_steps_100_Added_Noise_uniform_Eps_40.0_Tau_Type_normal_anchors - INFO - Batch 1428/2465: Clean accuracy 0.9776 | Adv accuracy: 0.0147 | Counter-attack accuracy: 0.9755
2026-01-22 21:26:05,906 - ADV_Generation_eps_1.0_steps_100_Added_Noise_uniform_Eps_40.0_Tau_Type_normal_anchors - INFO - Batch:[1428] Adversarial images for this batch already exist
2026-01-22 21:26:06,225 - ADV_Generation_eps_1.0_steps_100_Added_Noise_uniform_Eps_40.0_Tau_Type_normal_anchors - INFO - Batch 1429/2465: Clean accuracy 0.9776 | Adv accuracy: 0.0147 | Counter-attack accuracy: 0.9755
2026-01-22 21:26:06,226 - ADV_Generation_eps_1.0_steps_100_Added_Noise_uniform_Eps_40.0_Tau_Type_normal_anchors - INFO - Batch:[1429] Adversarial images for this batch already exist
2026-01-22 21:26:06,545 - ADV_Generation_eps_1.0_steps_100_Added_Noise_uniform_Eps_40.0_Tau_Type_normal_anchors - INFO - Batch 1430/2465: Clean accuracy 0.9776 | Adv accuracy: 0.0147 | Counter-attack accuracy: 0.9755
2026-01-22 21:26:06,546 - ADV_Generation_eps_1.0_steps_100_Added_Noise_uniform_Eps_40.0_Tau_Type_normal_anchors - INFO - Batch:[1430] Adversarial images for this batch already exist
2026-01-22 21:26:06,874 - ADV_Generation_eps_1.0_steps_100_Added_Noise_uniform_Eps_40.0_Tau_Type_normal_anchors - INFO - Batch 1431/2465: Clean accuracy 0.9776 | Adv accuracy: 0.0147 | Counter-attack accuracy: 0.9755
2026-01-22 21:26:06,875 - ADV_Generation_eps_1.0_steps_100_Added_Noise_uniform_Eps_40.0_Tau_Type_normal_anchors - INFO - Batch:[1431] Adversarial images for this batch already exist
2026-01-22 21:26:07,197 - ADV_Generation_eps_1.0_steps_100_Added_Noise_uniform_Eps_40.0_Tau_Type_normal_anchors - INFO - Batch 1432/2465: Clean accuracy 0.9777 | Adv accuracy: 0.0147 | Counter-attack accuracy: 0.9756
2026-01-22 21:26:07,198 - ADV_Generation_eps_1.0_steps_100_Added_Noise_uniform_Eps_40.0_Tau_Type_normal_anchors - INFO - Batch:[1432] Adversarial images for this batch already exist
2026-01-22 21:26:07,518 - ADV_Generation_eps_1.0_steps_100_Added_Noise_uniform_Eps_40.0_Tau_Type_normal_anchors - INFO - Batch 1433/2465: Clean accuracy 0.9777 | Adv accuracy: 0.0147 | Counter-attack accuracy: 0.9756
2026-01-22 21:26:07,519 - ADV_Generation_eps_1.0_steps_100_Added_Noise_uniform_Eps_40.0_Tau_Type_normal_anchors - INFO - Batch:[1433] Adversarial images for this batch already exist
2026-01-22 21:26:07,845 - ADV_Generation_eps_1.0_steps_100_Added_Noise_uniform_Eps_40.0_Tau_Type_normal_anchors - INFO - Batch 1434/2465: Clean accuracy 0.9777 | Adv accuracy: 0.0146 | Counter-attack accuracy: 0.9756
2026-01-22 21:26:07,846 - ADV_Generation_eps_1.0_steps_100_Added_Noise_uniform_Eps_40.0_Tau_Type_normal_anchors - INFO - Batch:[1434] Adversarial images for this batch already exist
2026-01-22 21:26:08,171 - ADV_Generation_eps_1.0_steps_100_Added_Noise_uniform_Eps_40.0_Tau_Type_normal_anchors - INFO - Batch 1435/2465: Clean accuracy 0.9777 | Adv accuracy: 0.0146 | Counter-attack accuracy: 0.9756
2026-01-22 21:26:08,172 - ADV_Generation_eps_1.0_steps_100_Added_Noise_uniform_Eps_40.0_Tau_Type_normal_anchors - INFO - Batch:[1435] Adversarial images for this batch already exist
2026-01-22 21:26:08,499 - ADV_Generation_eps_1.0_steps_100_Added_Noise_uniform_Eps_40.0_Tau_Type_normal_anchors - INFO - Batch 1436/2465: Clean accuracy 0.9777 | Adv accuracy: 0.0146 | Counter-attack accuracy: 0.9756
2026-01-22 21:26:08,499 - ADV_Generation_eps_1.0_steps_100_Added_Noise_uniform_Eps_40.0_Tau_Type_normal_anchors - INFO - Batch:[1436] Adversarial images for this batch already exist
2026-01-22 21:26:08,819 - ADV_Generation_eps_1.0_steps_100_Added_Noise_uniform_Eps_40.0_Tau_Type_normal_anchors - INFO - Batch 1437/2465: Clean accuracy 0.9777 | Adv accuracy: 0.0146 | Counter-attack accuracy: 0.9756
2026-01-22 21:26:08,820 - ADV_Generation_eps_1.0_steps_100_Added_Noise_uniform_Eps_40.0_Tau_Type_normal_anchors - INFO - Batch:[1437] Adversarial images for this batch already exist
2026-01-22 21:26:09,145 - ADV_Generation_eps_1.0_steps_100_Added_Noise_uniform_Eps_40.0_Tau_Type_normal_anchors - INFO - Batch 1438/2465: Clean accuracy 0.9777 | Adv accuracy: 0.0146 | Counter-attack accuracy: 0.9757
2026-01-22 21:26:09,146 - ADV_Generation_eps_1.0_steps_100_Added_Noise_uniform_Eps_40.0_Tau_Type_normal_anchors - INFO - Batch:[1438] Adversarial images for this batch already exist
2026-01-22 21:26:09,469 - ADV_Generation_eps_1.0_steps_100_Added_Noise_uniform_Eps_40.0_Tau_Type_normal_anchors - INFO - Batch 1439/2465: Clean accuracy 0.9778 | Adv accuracy: 0.0146 | Counter-attack accuracy: 0.9757
2026-01-22 21:26:09,469 - ADV_Generation_eps_1.0_steps_100_Added_Noise_uniform_Eps_40.0_Tau_Type_normal_anchors - INFO - Batch:[1439] Adversarial images for this batch already exist
2026-01-22 21:26:09,794 - ADV_Generation_eps_1.0_steps_100_Added_Noise_uniform_Eps_40.0_Tau_Type_normal_anchors - INFO - Batch 1440/2465: Clean accuracy 0.9778 | Adv accuracy: 0.0146 | Counter-attack accuracy: 0.9757
2026-01-22 21:26:09,795 - ADV_Generation_eps_1.0_steps_100_Added_Noise_uniform_Eps_40.0_Tau_Type_normal_anchors - INFO - Batch:[1440] Adversarial images for this batch already exist
2026-01-22 21:26:10,118 - ADV_Generation_eps_1.0_steps_100_Added_Noise_uniform_Eps_40.0_Tau_Type_normal_anchors - INFO - Batch 1441/2465: Clean accuracy 0.9778 | Adv accuracy: 0.0146 | Counter-attack accuracy: 0.9757
2026-01-22 21:26:10,119 - ADV_Generation_eps_1.0_steps_100_Added_Noise_uniform_Eps_40.0_Tau_Type_normal_anchors - INFO - Batch:[1441] Adversarial images for this batch already exist
2026-01-22 21:26:10,443 - ADV_Generation_eps_1.0_steps_100_Added_Noise_uniform_Eps_40.0_Tau_Type_normal_anchors - INFO - Batch 1442/2465: Clean accuracy 0.9778 | Adv accuracy: 0.0146 | Counter-attack accuracy: 0.9757
2026-01-22 21:26:10,443 - ADV_Generation_eps_1.0_steps_100_Added_Noise_uniform_Eps_40.0_Tau_Type_normal_anchors - INFO - Batch:[1442] Adversarial images for this batch already exist
2026-01-22 21:26:10,770 - ADV_Generation_eps_1.0_steps_100_Added_Noise_uniform_Eps_40.0_Tau_Type_normal_anchors - INFO - Batch 1443/2465: Clean accuracy 0.9778 | Adv accuracy: 0.0146 | Counter-attack accuracy: 0.9757
2026-01-22 21:26:10,770 - ADV_Generation_eps_1.0_steps_100_Added_Noise_uniform_Eps_40.0_Tau_Type_normal_anchors - INFO - Batch:[1443] Adversarial images for this batch already exist
2026-01-22 21:26:11,095 - ADV_Generation_eps_1.0_steps_100_Added_Noise_uniform_Eps_40.0_Tau_Type_normal_anchors - INFO - Batch 1444/2465: Clean accuracy 0.9778 | Adv accuracy: 0.0145 | Counter-attack accuracy: 0.9758
2026-01-22 21:26:11,097 - ADV_Generation_eps_1.0_steps_100_Added_Noise_uniform_Eps_40.0_Tau_Type_normal_anchors - INFO - Batch:[1444] Adversarial images for this batch already exist
2026-01-22 21:26:11,425 - ADV_Generation_eps_1.0_steps_100_Added_Noise_uniform_Eps_40.0_Tau_Type_normal_anchors - INFO - Batch 1445/2465: Clean accuracy 0.9779 | Adv accuracy: 0.0145 | Counter-attack accuracy: 0.9758
2026-01-22 21:26:11,425 - ADV_Generation_eps_1.0_steps_100_Added_Noise_uniform_Eps_40.0_Tau_Type_normal_anchors - INFO - Batch:[1445] Adversarial images for this batch already exist
2026-01-22 21:26:11,755 - ADV_Generation_eps_1.0_steps_100_Added_Noise_uniform_Eps_40.0_Tau_Type_normal_anchors - INFO - Batch 1446/2465: Clean accuracy 0.9779 | Adv accuracy: 0.0145 | Counter-attack accuracy: 0.9758
2026-01-22 21:26:11,756 - ADV_Generation_eps_1.0_steps_100_Added_Noise_uniform_Eps_40.0_Tau_Type_normal_anchors - INFO - Batch:[1446] Adversarial images for this batch already exist
2026-01-22 21:26:12,092 - ADV_Generation_eps_1.0_steps_100_Added_Noise_uniform_Eps_40.0_Tau_Type_normal_anchors - INFO - Batch 1447/2465: Clean accuracy 0.9779 | Adv accuracy: 0.0145 | Counter-attack accuracy: 0.9758
2026-01-22 21:26:12,093 - ADV_Generation_eps_1.0_steps_100_Added_Noise_uniform_Eps_40.0_Tau_Type_normal_anchors - INFO - Batch:[1447] Adversarial images for this batch already exist
2026-01-22 21:26:12,416 - ADV_Generation_eps_1.0_steps_100_Added_Noise_uniform_Eps_40.0_Tau_Type_normal_anchors - INFO - Batch 1448/2465: Clean accuracy 0.9779 | Adv accuracy: 0.0145 | Counter-attack accuracy: 0.9758
2026-01-22 21:26:12,416 - ADV_Generation_eps_1.0_steps_100_Added_Noise_uniform_Eps_40.0_Tau_Type_normal_anchors - INFO - Batch:[1448] Adversarial images for this batch already exist
2026-01-22 21:26:12,741 - ADV_Generation_eps_1.0_steps_100_Added_Noise_uniform_Eps_40.0_Tau_Type_normal_anchors - INFO - Batch 1449/2465: Clean accuracy 0.9779 | Adv accuracy: 0.0145 | Counter-attack accuracy: 0.9758
2026-01-22 21:26:12,742 - ADV_Generation_eps_1.0_steps_100_Added_Noise_uniform_Eps_40.0_Tau_Type_normal_anchors - INFO - Batch:[1449] Adversarial images for this batch already exist
2026-01-22 21:26:13,067 - ADV_Generation_eps_1.0_steps_100_Added_Noise_uniform_Eps_40.0_Tau_Type_normal_anchors - INFO - Batch 1450/2465: Clean accuracy 0.9779 | Adv accuracy: 0.0145 | Counter-attack accuracy: 0.9759
2026-01-22 21:26:13,068 - ADV_Generation_eps_1.0_steps_100_Added_Noise_uniform_Eps_40.0_Tau_Type_normal_anchors - INFO - Batch:[1450] Adversarial images for this batch already exist
2026-01-22 21:26:13,401 - ADV_Generation_eps_1.0_steps_100_Added_Noise_uniform_Eps_40.0_Tau_Type_normal_anchors - INFO - Batch 1451/2465: Clean accuracy 0.9779 | Adv accuracy: 0.0145 | Counter-attack accuracy: 0.9759
2026-01-22 21:26:13,401 - ADV_Generation_eps_1.0_steps_100_Added_Noise_uniform_Eps_40.0_Tau_Type_normal_anchors - INFO - Batch:[1451] Adversarial images for this batch already exist
2026-01-22 21:26:13,724 - ADV_Generation_eps_1.0_steps_100_Added_Noise_uniform_Eps_40.0_Tau_Type_normal_anchors - INFO - Batch 1452/2465: Clean accuracy 0.9780 | Adv accuracy: 0.0145 | Counter-attack accuracy: 0.9759
2026-01-22 21:26:13,725 - ADV_Generation_eps_1.0_steps_100_Added_Noise_uniform_Eps_40.0_Tau_Type_normal_anchors - INFO - Batch:[1452] Adversarial images for this batch already exist
2026-01-22 21:26:14,056 - ADV_Generation_eps_1.0_steps_100_Added_Noise_uniform_Eps_40.0_Tau_Type_normal_anchors - INFO - Batch 1453/2465: Clean accuracy 0.9780 | Adv accuracy: 0.0145 | Counter-attack accuracy: 0.9759
2026-01-22 21:26:14,056 - ADV_Generation_eps_1.0_steps_100_Added_Noise_uniform_Eps_40.0_Tau_Type_normal_anchors - INFO - Batch:[1453] Adversarial images for this batch already exist
2026-01-22 21:26:14,380 - ADV_Generation_eps_1.0_steps_100_Added_Noise_uniform_Eps_40.0_Tau_Type_normal_anchors - INFO - Batch 1454/2465: Clean accuracy 0.9780 | Adv accuracy: 0.0144 | Counter-attack accuracy: 0.9759
2026-01-22 21:26:14,381 - ADV_Generation_eps_1.0_steps_100_Added_Noise_uniform_Eps_40.0_Tau_Type_normal_anchors - INFO - Batch:[1454] Adversarial images for this batch already exist
2026-01-22 21:26:14,704 - ADV_Generation_eps_1.0_steps_100_Added_Noise_uniform_Eps_40.0_Tau_Type_normal_anchors - INFO - Batch 1455/2465: Clean accuracy 0.9780 | Adv accuracy: 0.0144 | Counter-attack accuracy: 0.9759
2026-01-22 21:26:14,704 - ADV_Generation_eps_1.0_steps_100_Added_Noise_uniform_Eps_40.0_Tau_Type_normal_anchors - INFO - Batch:[1455] Adversarial images for this batch already exist
2026-01-22 21:26:15,031 - ADV_Generation_eps_1.0_steps_100_Added_Noise_uniform_Eps_40.0_Tau_Type_normal_anchors - INFO - Batch 1456/2465: Clean accuracy 0.9780 | Adv accuracy: 0.0144 | Counter-attack accuracy: 0.9760
2026-01-22 21:26:15,032 - ADV_Generation_eps_1.0_steps_100_Added_Noise_uniform_Eps_40.0_Tau_Type_normal_anchors - INFO - Batch:[1456] Adversarial images for this batch already exist
2026-01-22 21:26:15,402 - ADV_Generation_eps_1.0_steps_100_Added_Noise_uniform_Eps_40.0_Tau_Type_normal_anchors - INFO - Batch 1457/2465: Clean accuracy 0.9780 | Adv accuracy: 0.0144 | Counter-attack accuracy: 0.9760
2026-01-22 21:26:15,402 - ADV_Generation_eps_1.0_steps_100_Added_Noise_uniform_Eps_40.0_Tau_Type_normal_anchors - INFO - Batch:[1457] Adversarial images for this batch already exist
2026-01-22 21:26:15,726 - ADV_Generation_eps_1.0_steps_100_Added_Noise_uniform_Eps_40.0_Tau_Type_normal_anchors - INFO - Batch 1458/2465: Clean accuracy 0.9781 | Adv accuracy: 0.0144 | Counter-attack accuracy: 0.9760
2026-01-22 21:26:15,727 - ADV_Generation_eps_1.0_steps_100_Added_Noise_uniform_Eps_40.0_Tau_Type_normal_anchors - INFO - Batch:[1458] Adversarial images for this batch already exist
2026-01-22 21:26:16,049 - ADV_Generation_eps_1.0_steps_100_Added_Noise_uniform_Eps_40.0_Tau_Type_normal_anchors - INFO - Batch 1459/2465: Clean accuracy 0.9781 | Adv accuracy: 0.0144 | Counter-attack accuracy: 0.9760
2026-01-22 21:26:16,050 - ADV_Generation_eps_1.0_steps_100_Added_Noise_uniform_Eps_40.0_Tau_Type_normal_anchors - INFO - Batch:[1459] Adversarial images for this batch already exist
2026-01-22 21:26:16,400 - ADV_Generation_eps_1.0_steps_100_Added_Noise_uniform_Eps_40.0_Tau_Type_normal_anchors - INFO - Batch 1460/2465: Clean accuracy 0.9781 | Adv accuracy: 0.0144 | Counter-attack accuracy: 0.9760
2026-01-22 21:26:16,401 - ADV_Generation_eps_1.0_steps_100_Added_Noise_uniform_Eps_40.0_Tau_Type_normal_anchors - INFO - Batch:[1460] Adversarial images for this batch already exist
2026-01-22 21:26:16,730 - ADV_Generation_eps_1.0_steps_100_Added_Noise_uniform_Eps_40.0_Tau_Type_normal_anchors - INFO - Batch 1461/2465: Clean accuracy 0.9781 | Adv accuracy: 0.0144 | Counter-attack accuracy: 0.9760
2026-01-22 21:26:16,731 - ADV_Generation_eps_1.0_steps_100_Added_Noise_uniform_Eps_40.0_Tau_Type_normal_anchors - INFO - Batch:[1461] Adversarial images for this batch already exist
2026-01-22 21:26:17,057 - ADV_Generation_eps_1.0_steps_100_Added_Noise_uniform_Eps_40.0_Tau_Type_normal_anchors - INFO - Batch 1462/2465: Clean accuracy 0.9781 | Adv accuracy: 0.0144 | Counter-attack accuracy: 0.9761
2026-01-22 21:26:17,058 - ADV_Generation_eps_1.0_steps_100_Added_Noise_uniform_Eps_40.0_Tau_Type_normal_anchors - INFO - Batch:[1462] Adversarial images for this batch already exist
2026-01-22 21:26:17,392 - ADV_Generation_eps_1.0_steps_100_Added_Noise_uniform_Eps_40.0_Tau_Type_normal_anchors - INFO - Batch 1463/2465: Clean accuracy 0.9781 | Adv accuracy: 0.0144 | Counter-attack accuracy: 0.9761
2026-01-22 21:26:17,392 - ADV_Generation_eps_1.0_steps_100_Added_Noise_uniform_Eps_40.0_Tau_Type_normal_anchors - INFO - Batch:[1463] Adversarial images for this batch already exist
2026-01-22 21:26:17,720 - ADV_Generation_eps_1.0_steps_100_Added_Noise_uniform_Eps_40.0_Tau_Type_normal_anchors - INFO - Batch 1464/2465: Clean accuracy 0.9781 | Adv accuracy: 0.0143 | Counter-attack accuracy: 0.9761
2026-01-22 21:26:17,721 - ADV_Generation_eps_1.0_steps_100_Added_Noise_uniform_Eps_40.0_Tau_Type_normal_anchors - INFO - Batch:[1464] Adversarial images for this batch already exist
2026-01-22 21:26:18,087 - ADV_Generation_eps_1.0_steps_100_Added_Noise_uniform_Eps_40.0_Tau_Type_normal_anchors - INFO - Batch 1465/2465: Clean accuracy 0.9782 | Adv accuracy: 0.0143 | Counter-attack accuracy: 0.9761
2026-01-22 21:26:18,088 - ADV_Generation_eps_1.0_steps_100_Added_Noise_uniform_Eps_40.0_Tau_Type_normal_anchors - INFO - Batch:[1465] Adversarial images for this batch already exist
2026-01-22 21:26:18,415 - ADV_Generation_eps_1.0_steps_100_Added_Noise_uniform_Eps_40.0_Tau_Type_normal_anchors - INFO - Batch 1466/2465: Clean accuracy 0.9782 | Adv accuracy: 0.0143 | Counter-attack accuracy: 0.9761
2026-01-22 21:26:18,415 - ADV_Generation_eps_1.0_steps_100_Added_Noise_uniform_Eps_40.0_Tau_Type_normal_anchors - INFO - Batch:[1466] Adversarial images for this batch already exist
2026-01-22 21:26:18,741 - ADV_Generation_eps_1.0_steps_100_Added_Noise_uniform_Eps_40.0_Tau_Type_normal_anchors - INFO - Batch 1467/2465: Clean accuracy 0.9782 | Adv accuracy: 0.0143 | Counter-attack accuracy: 0.9761
2026-01-22 21:26:18,742 - ADV_Generation_eps_1.0_steps_100_Added_Noise_uniform_Eps_40.0_Tau_Type_normal_anchors - INFO - Batch:[1467] Adversarial images for this batch already exist
2026-01-22 21:26:19,066 - ADV_Generation_eps_1.0_steps_100_Added_Noise_uniform_Eps_40.0_Tau_Type_normal_anchors - INFO - Batch 1468/2465: Clean accuracy 0.9782 | Adv accuracy: 0.0143 | Counter-attack accuracy: 0.9762
2026-01-22 21:26:19,067 - ADV_Generation_eps_1.0_steps_100_Added_Noise_uniform_Eps_40.0_Tau_Type_normal_anchors - INFO - Batch:[1468] Adversarial images for this batch already exist
2026-01-22 21:26:19,393 - ADV_Generation_eps_1.0_steps_100_Added_Noise_uniform_Eps_40.0_Tau_Type_normal_anchors - INFO - Batch 1469/2465: Clean accuracy 0.9782 | Adv accuracy: 0.0143 | Counter-attack accuracy: 0.9762
2026-01-22 21:26:19,394 - ADV_Generation_eps_1.0_steps_100_Added_Noise_uniform_Eps_40.0_Tau_Type_normal_anchors - INFO - Batch:[1469] Adversarial images for this batch already exist
2026-01-22 21:26:19,723 - ADV_Generation_eps_1.0_steps_100_Added_Noise_uniform_Eps_40.0_Tau_Type_normal_anchors - INFO - Batch 1470/2465: Clean accuracy 0.9782 | Adv accuracy: 0.0143 | Counter-attack accuracy: 0.9762
2026-01-22 21:26:19,724 - ADV_Generation_eps_1.0_steps_100_Added_Noise_uniform_Eps_40.0_Tau_Type_normal_anchors - INFO - Batch:[1470] Adversarial images for this batch already exist
2026-01-22 21:26:20,074 - ADV_Generation_eps_1.0_steps_100_Added_Noise_uniform_Eps_40.0_Tau_Type_normal_anchors - INFO - Batch 1471/2465: Clean accuracy 0.9782 | Adv accuracy: 0.0143 | Counter-attack accuracy: 0.9762
2026-01-22 21:26:20,074 - ADV_Generation_eps_1.0_steps_100_Added_Noise_uniform_Eps_40.0_Tau_Type_normal_anchors - INFO - Batch:[1471] Adversarial images for this batch already exist
2026-01-22 21:26:20,404 - ADV_Generation_eps_1.0_steps_100_Added_Noise_uniform_Eps_40.0_Tau_Type_normal_anchors - INFO - Batch 1472/2465: Clean accuracy 0.9783 | Adv accuracy: 0.0143 | Counter-attack accuracy: 0.9762
2026-01-22 21:26:20,404 - ADV_Generation_eps_1.0_steps_100_Added_Noise_uniform_Eps_40.0_Tau_Type_normal_anchors - INFO - Batch:[1472] Adversarial images for this batch already exist
2026-01-22 21:26:20,727 - ADV_Generation_eps_1.0_steps_100_Added_Noise_uniform_Eps_40.0_Tau_Type_normal_anchors - INFO - Batch 1473/2465: Clean accuracy 0.9783 | Adv accuracy: 0.0143 | Counter-attack accuracy: 0.9762
2026-01-22 21:26:20,728 - ADV_Generation_eps_1.0_steps_100_Added_Noise_uniform_Eps_40.0_Tau_Type_normal_anchors - INFO - Batch:[1473] Adversarial images for this batch already exist
2026-01-22 21:26:21,079 - ADV_Generation_eps_1.0_steps_100_Added_Noise_uniform_Eps_40.0_Tau_Type_normal_anchors - INFO - Batch 1474/2465: Clean accuracy 0.9783 | Adv accuracy: 0.0142 | Counter-attack accuracy: 0.9756
2026-01-22 21:26:21,080 - ADV_Generation_eps_1.0_steps_100_Added_Noise_uniform_Eps_40.0_Tau_Type_normal_anchors - INFO - Batch:[1474] Adversarial images for this batch already exist
2026-01-22 21:26:21,427 - ADV_Generation_eps_1.0_steps_100_Added_Noise_uniform_Eps_40.0_Tau_Type_normal_anchors - INFO - Batch 1475/2465: Clean accuracy 0.9783 | Adv accuracy: 0.0142 | Counter-attack accuracy: 0.9756
2026-01-22 21:26:21,428 - ADV_Generation_eps_1.0_steps_100_Added_Noise_uniform_Eps_40.0_Tau_Type_normal_anchors - INFO - Batch:[1475] Adversarial images for this batch already exist
2026-01-22 21:26:21,756 - ADV_Generation_eps_1.0_steps_100_Added_Noise_uniform_Eps_40.0_Tau_Type_normal_anchors - INFO - Batch 1476/2465: Clean accuracy 0.9783 | Adv accuracy: 0.0142 | Counter-attack accuracy: 0.9756
2026-01-22 21:26:21,757 - ADV_Generation_eps_1.0_steps_100_Added_Noise_uniform_Eps_40.0_Tau_Type_normal_anchors - INFO - Batch:[1476] Adversarial images for this batch already exist
2026-01-22 21:26:22,078 - ADV_Generation_eps_1.0_steps_100_Added_Noise_uniform_Eps_40.0_Tau_Type_normal_anchors - INFO - Batch 1477/2465: Clean accuracy 0.9783 | Adv accuracy: 0.0142 | Counter-attack accuracy: 0.9756
2026-01-22 21:26:22,079 - ADV_Generation_eps_1.0_steps_100_Added_Noise_uniform_Eps_40.0_Tau_Type_normal_anchors - INFO - Batch:[1477] Adversarial images for this batch already exist
2026-01-22 21:26:22,403 - ADV_Generation_eps_1.0_steps_100_Added_Noise_uniform_Eps_40.0_Tau_Type_normal_anchors - INFO - Batch 1478/2465: Clean accuracy 0.9783 | Adv accuracy: 0.0142 | Counter-attack accuracy: 0.9756
2026-01-22 21:26:22,422 - ADV_Generation_eps_1.0_steps_100_Added_Noise_uniform_Eps_40.0_Tau_Type_normal_anchors - INFO - Batch:[1478] Adversarial images for this batch already exist
2026-01-22 21:26:22,748 - ADV_Generation_eps_1.0_steps_100_Added_Noise_uniform_Eps_40.0_Tau_Type_normal_anchors - INFO - Batch 1479/2465: Clean accuracy 0.9784 | Adv accuracy: 0.0142 | Counter-attack accuracy: 0.9757
2026-01-22 21:26:22,749 - ADV_Generation_eps_1.0_steps_100_Added_Noise_uniform_Eps_40.0_Tau_Type_normal_anchors - INFO - Batch:[1479] Adversarial images for this batch already exist
2026-01-22 21:26:23,073 - ADV_Generation_eps_1.0_steps_100_Added_Noise_uniform_Eps_40.0_Tau_Type_normal_anchors - INFO - Batch 1480/2465: Clean accuracy 0.9784 | Adv accuracy: 0.0142 | Counter-attack accuracy: 0.9757
2026-01-22 21:26:23,074 - ADV_Generation_eps_1.0_steps_100_Added_Noise_uniform_Eps_40.0_Tau_Type_normal_anchors - INFO - Batch:[1480] Adversarial images for this batch already exist
2026-01-22 21:26:23,400 - ADV_Generation_eps_1.0_steps_100_Added_Noise_uniform_Eps_40.0_Tau_Type_normal_anchors - INFO - Batch 1481/2465: Clean accuracy 0.9784 | Adv accuracy: 0.0142 | Counter-attack accuracy: 0.9757
2026-01-22 21:26:23,401 - ADV_Generation_eps_1.0_steps_100_Added_Noise_uniform_Eps_40.0_Tau_Type_normal_anchors - INFO - Batch:[1481] Adversarial images for this batch already exist
2026-01-22 21:26:23,727 - ADV_Generation_eps_1.0_steps_100_Added_Noise_uniform_Eps_40.0_Tau_Type_normal_anchors - INFO - Batch 1482/2465: Clean accuracy 0.9784 | Adv accuracy: 0.0142 | Counter-attack accuracy: 0.9757
2026-01-22 21:26:23,727 - ADV_Generation_eps_1.0_steps_100_Added_Noise_uniform_Eps_40.0_Tau_Type_normal_anchors - INFO - Batch:[1482] Adversarial images for this batch already exist
2026-01-22 21:26:24,056 - ADV_Generation_eps_1.0_steps_100_Added_Noise_uniform_Eps_40.0_Tau_Type_normal_anchors - INFO - Batch 1483/2465: Clean accuracy 0.9784 | Adv accuracy: 0.0142 | Counter-attack accuracy: 0.9757
2026-01-22 21:26:24,057 - ADV_Generation_eps_1.0_steps_100_Added_Noise_uniform_Eps_40.0_Tau_Type_normal_anchors - INFO - Batch:[1483] Adversarial images for this batch already exist
2026-01-22 21:26:24,446 - ADV_Generation_eps_1.0_steps_100_Added_Noise_uniform_Eps_40.0_Tau_Type_normal_anchors - INFO - Batch 1484/2465: Clean accuracy 0.9784 | Adv accuracy: 0.0142 | Counter-attack accuracy: 0.9757
2026-01-22 21:26:24,447 - ADV_Generation_eps_1.0_steps_100_Added_Noise_uniform_Eps_40.0_Tau_Type_normal_anchors - INFO - Batch:[1484] Adversarial images for this batch already exist
2026-01-22 21:26:24,774 - ADV_Generation_eps_1.0_steps_100_Added_Noise_uniform_Eps_40.0_Tau_Type_normal_anchors - INFO - Batch 1485/2465: Clean accuracy 0.9785 | Adv accuracy: 0.0141 | Counter-attack accuracy: 0.9758
2026-01-22 21:26:24,775 - ADV_Generation_eps_1.0_steps_100_Added_Noise_uniform_Eps_40.0_Tau_Type_normal_anchors - INFO - Batch:[1485] Adversarial images for this batch already exist
2026-01-22 21:26:25,092 - ADV_Generation_eps_1.0_steps_100_Added_Noise_uniform_Eps_40.0_Tau_Type_normal_anchors - INFO - Batch 1486/2465: Clean accuracy 0.9785 | Adv accuracy: 0.0141 | Counter-attack accuracy: 0.9758
2026-01-22 21:26:25,093 - ADV_Generation_eps_1.0_steps_100_Added_Noise_uniform_Eps_40.0_Tau_Type_normal_anchors - INFO - Batch:[1486] Adversarial images for this batch already exist
2026-01-22 21:26:25,432 - ADV_Generation_eps_1.0_steps_100_Added_Noise_uniform_Eps_40.0_Tau_Type_normal_anchors - INFO - Batch 1487/2465: Clean accuracy 0.9785 | Adv accuracy: 0.0141 | Counter-attack accuracy: 0.9758
2026-01-22 21:26:25,432 - ADV_Generation_eps_1.0_steps_100_Added_Noise_uniform_Eps_40.0_Tau_Type_normal_anchors - INFO - Batch:[1487] Adversarial images for this batch already exist
2026-01-22 21:26:25,754 - ADV_Generation_eps_1.0_steps_100_Added_Noise_uniform_Eps_40.0_Tau_Type_normal_anchors - INFO - Batch 1488/2465: Clean accuracy 0.9785 | Adv accuracy: 0.0141 | Counter-attack accuracy: 0.9758
2026-01-22 21:26:25,754 - ADV_Generation_eps_1.0_steps_100_Added_Noise_uniform_Eps_40.0_Tau_Type_normal_anchors - INFO - Batch:[1488] Adversarial images for this batch already exist
2026-01-22 21:26:26,076 - ADV_Generation_eps_1.0_steps_100_Added_Noise_uniform_Eps_40.0_Tau_Type_normal_anchors - INFO - Batch 1489/2465: Clean accuracy 0.9785 | Adv accuracy: 0.0141 | Counter-attack accuracy: 0.9758
2026-01-22 21:26:26,077 - ADV_Generation_eps_1.0_steps_100_Added_Noise_uniform_Eps_40.0_Tau_Type_normal_anchors - INFO - Batch:[1489] Adversarial images for this batch already exist
2026-01-22 21:26:26,404 - ADV_Generation_eps_1.0_steps_100_Added_Noise_uniform_Eps_40.0_Tau_Type_normal_anchors - INFO - Batch 1490/2465: Clean accuracy 0.9785 | Adv accuracy: 0.0141 | Counter-attack accuracy: 0.9758
2026-01-22 21:26:26,405 - ADV_Generation_eps_1.0_steps_100_Added_Noise_uniform_Eps_40.0_Tau_Type_normal_anchors - INFO - Batch:[1490] Adversarial images for this batch already exist
2026-01-22 21:26:26,731 - ADV_Generation_eps_1.0_steps_100_Added_Noise_uniform_Eps_40.0_Tau_Type_normal_anchors - INFO - Batch 1491/2465: Clean accuracy 0.9785 | Adv accuracy: 0.0141 | Counter-attack accuracy: 0.9759
2026-01-22 21:26:26,732 - ADV_Generation_eps_1.0_steps_100_Added_Noise_uniform_Eps_40.0_Tau_Type_normal_anchors - INFO - Batch:[1491] Adversarial images for this batch already exist
2026-01-22 21:26:27,056 - ADV_Generation_eps_1.0_steps_100_Added_Noise_uniform_Eps_40.0_Tau_Type_normal_anchors - INFO - Batch 1492/2465: Clean accuracy 0.9786 | Adv accuracy: 0.0147 | Counter-attack accuracy: 0.9759
2026-01-22 21:26:27,057 - ADV_Generation_eps_1.0_steps_100_Added_Noise_uniform_Eps_40.0_Tau_Type_normal_anchors - INFO - Batch:[1492] Adversarial images for this batch already exist
2026-01-22 21:26:27,376 - ADV_Generation_eps_1.0_steps_100_Added_Noise_uniform_Eps_40.0_Tau_Type_normal_anchors - INFO - Batch 1493/2465: Clean accuracy 0.9786 | Adv accuracy: 0.0147 | Counter-attack accuracy: 0.9759
2026-01-22 21:26:27,377 - ADV_Generation_eps_1.0_steps_100_Added_Noise_uniform_Eps_40.0_Tau_Type_normal_anchors - INFO - Batch:[1493] Adversarial images for this batch already exist
2026-01-22 21:26:27,700 - ADV_Generation_eps_1.0_steps_100_Added_Noise_uniform_Eps_40.0_Tau_Type_normal_anchors - INFO - Batch 1494/2465: Clean accuracy 0.9786 | Adv accuracy: 0.0147 | Counter-attack accuracy: 0.9759
2026-01-22 21:26:27,700 - ADV_Generation_eps_1.0_steps_100_Added_Noise_uniform_Eps_40.0_Tau_Type_normal_anchors - INFO - Batch:[1494] Adversarial images for this batch already exist
2026-01-22 21:26:28,032 - ADV_Generation_eps_1.0_steps_100_Added_Noise_uniform_Eps_40.0_Tau_Type_normal_anchors - INFO - Batch 1495/2465: Clean accuracy 0.9786 | Adv accuracy: 0.0147 | Counter-attack accuracy: 0.9759
2026-01-22 21:26:28,033 - ADV_Generation_eps_1.0_steps_100_Added_Noise_uniform_Eps_40.0_Tau_Type_normal_anchors - INFO - Batch:[1495] Adversarial images for this batch already exist
2026-01-22 21:26:28,355 - ADV_Generation_eps_1.0_steps_100_Added_Noise_uniform_Eps_40.0_Tau_Type_normal_anchors - INFO - Batch 1496/2465: Clean accuracy 0.9786 | Adv accuracy: 0.0147 | Counter-attack accuracy: 0.9759
2026-01-22 21:26:28,356 - ADV_Generation_eps_1.0_steps_100_Added_Noise_uniform_Eps_40.0_Tau_Type_normal_anchors - INFO - Batch:[1496] Adversarial images for this batch already exist
2026-01-22 21:26:28,684 - ADV_Generation_eps_1.0_steps_100_Added_Noise_uniform_Eps_40.0_Tau_Type_normal_anchors - INFO - Batch 1497/2465: Clean accuracy 0.9786 | Adv accuracy: 0.0147 | Counter-attack accuracy: 0.9760
2026-01-22 21:26:28,685 - ADV_Generation_eps_1.0_steps_100_Added_Noise_uniform_Eps_40.0_Tau_Type_normal_anchors - INFO - Batch:[1497] Adversarial images for this batch already exist
2026-01-22 21:26:29,013 - ADV_Generation_eps_1.0_steps_100_Added_Noise_uniform_Eps_40.0_Tau_Type_normal_anchors - INFO - Batch 1498/2465: Clean accuracy 0.9786 | Adv accuracy: 0.0147 | Counter-attack accuracy: 0.9760
2026-01-22 21:26:29,013 - ADV_Generation_eps_1.0_steps_100_Added_Noise_uniform_Eps_40.0_Tau_Type_normal_anchors - INFO - Batch:[1498] Adversarial images for this batch already exist
2026-01-22 21:26:29,339 - ADV_Generation_eps_1.0_steps_100_Added_Noise_uniform_Eps_40.0_Tau_Type_normal_anchors - INFO - Batch 1499/2465: Clean accuracy 0.9787 | Adv accuracy: 0.0147 | Counter-attack accuracy: 0.9760
2026-01-22 21:26:29,340 - ADV_Generation_eps_1.0_steps_100_Added_Noise_uniform_Eps_40.0_Tau_Type_normal_anchors - INFO - Batch:[1499] Adversarial images for this batch already exist
2026-01-22 21:26:29,664 - ADV_Generation_eps_1.0_steps_100_Added_Noise_uniform_Eps_40.0_Tau_Type_normal_anchors - INFO - Batch 1500/2465: Clean accuracy 0.9787 | Adv accuracy: 0.0147 | Counter-attack accuracy: 0.9760
2026-01-22 21:26:29,665 - ADV_Generation_eps_1.0_steps_100_Added_Noise_uniform_Eps_40.0_Tau_Type_normal_anchors - INFO - Batch:[1500] Adversarial images for this batch already exist
2026-01-22 21:26:29,998 - ADV_Generation_eps_1.0_steps_100_Added_Noise_uniform_Eps_40.0_Tau_Type_normal_anchors - INFO - Batch 1501/2465: Clean accuracy 0.9787 | Adv accuracy: 0.0147 | Counter-attack accuracy: 0.9760
2026-01-22 21:26:29,998 - ADV_Generation_eps_1.0_steps_100_Added_Noise_uniform_Eps_40.0_Tau_Type_normal_anchors - INFO - Batch:[1501] Adversarial images for this batch already exist
2026-01-22 21:26:30,324 - ADV_Generation_eps_1.0_steps_100_Added_Noise_uniform_Eps_40.0_Tau_Type_normal_anchors - INFO - Batch 1502/2465: Clean accuracy 0.9787 | Adv accuracy: 0.0146 | Counter-attack accuracy: 0.9760
2026-01-22 21:26:30,325 - ADV_Generation_eps_1.0_steps_100_Added_Noise_uniform_Eps_40.0_Tau_Type_normal_anchors - INFO - Batch:[1502] Adversarial images for this batch already exist
2026-01-22 21:26:30,654 - ADV_Generation_eps_1.0_steps_100_Added_Noise_uniform_Eps_40.0_Tau_Type_normal_anchors - INFO - Batch 1503/2465: Clean accuracy 0.9787 | Adv accuracy: 0.0146 | Counter-attack accuracy: 0.9760
2026-01-22 21:26:30,655 - ADV_Generation_eps_1.0_steps_100_Added_Noise_uniform_Eps_40.0_Tau_Type_normal_anchors - INFO - Batch:[1503] Adversarial images for this batch already exist
2026-01-22 21:26:30,995 - ADV_Generation_eps_1.0_steps_100_Added_Noise_uniform_Eps_40.0_Tau_Type_normal_anchors - INFO - Batch 1504/2465: Clean accuracy 0.9787 | Adv accuracy: 0.0146 | Counter-attack accuracy: 0.9761
2026-01-22 21:26:30,996 - ADV_Generation_eps_1.0_steps_100_Added_Noise_uniform_Eps_40.0_Tau_Type_normal_anchors - INFO - Batch:[1504] Adversarial images for this batch already exist
2026-01-22 21:26:31,341 - ADV_Generation_eps_1.0_steps_100_Added_Noise_uniform_Eps_40.0_Tau_Type_normal_anchors - INFO - Batch 1505/2465: Clean accuracy 0.9787 | Adv accuracy: 0.0153 | Counter-attack accuracy: 0.9761
2026-01-22 21:26:31,341 - ADV_Generation_eps_1.0_steps_100_Added_Noise_uniform_Eps_40.0_Tau_Type_normal_anchors - INFO - Batch:[1505] Adversarial images for this batch already exist
2026-01-22 21:26:31,664 - ADV_Generation_eps_1.0_steps_100_Added_Noise_uniform_Eps_40.0_Tau_Type_normal_anchors - INFO - Batch 1506/2465: Clean accuracy 0.9788 | Adv accuracy: 0.0153 | Counter-attack accuracy: 0.9761
2026-01-22 21:26:31,664 - ADV_Generation_eps_1.0_steps_100_Added_Noise_uniform_Eps_40.0_Tau_Type_normal_anchors - INFO - Batch:[1506] Adversarial images for this batch already exist
2026-01-22 21:26:31,990 - ADV_Generation_eps_1.0_steps_100_Added_Noise_uniform_Eps_40.0_Tau_Type_normal_anchors - INFO - Batch 1507/2465: Clean accuracy 0.9788 | Adv accuracy: 0.0153 | Counter-attack accuracy: 0.9761
2026-01-22 21:26:31,991 - ADV_Generation_eps_1.0_steps_100_Added_Noise_uniform_Eps_40.0_Tau_Type_normal_anchors - INFO - Batch:[1507] Adversarial images for this batch already exist
2026-01-22 21:26:32,321 - ADV_Generation_eps_1.0_steps_100_Added_Noise_uniform_Eps_40.0_Tau_Type_normal_anchors - INFO - Batch 1508/2465: Clean accuracy 0.9788 | Adv accuracy: 0.0153 | Counter-attack accuracy: 0.9761
2026-01-22 21:26:32,321 - ADV_Generation_eps_1.0_steps_100_Added_Noise_uniform_Eps_40.0_Tau_Type_normal_anchors - INFO - Batch:[1508] Adversarial images for this batch already exist
2026-01-22 21:26:32,648 - ADV_Generation_eps_1.0_steps_100_Added_Noise_uniform_Eps_40.0_Tau_Type_normal_anchors - INFO - Batch 1509/2465: Clean accuracy 0.9788 | Adv accuracy: 0.0152 | Counter-attack accuracy: 0.9761
2026-01-22 21:26:32,649 - ADV_Generation_eps_1.0_steps_100_Added_Noise_uniform_Eps_40.0_Tau_Type_normal_anchors - INFO - Batch:[1509] Adversarial images for this batch already exist
2026-01-22 21:26:33,005 - ADV_Generation_eps_1.0_steps_100_Added_Noise_uniform_Eps_40.0_Tau_Type_normal_anchors - INFO - Batch 1510/2465: Clean accuracy 0.9788 | Adv accuracy: 0.0152 | Counter-attack accuracy: 0.9762
2026-01-22 21:26:33,006 - ADV_Generation_eps_1.0_steps_100_Added_Noise_uniform_Eps_40.0_Tau_Type_normal_anchors - INFO - Batch:[1510] Adversarial images for this batch already exist
2026-01-22 21:26:33,338 - ADV_Generation_eps_1.0_steps_100_Added_Noise_uniform_Eps_40.0_Tau_Type_normal_anchors - INFO - Batch 1511/2465: Clean accuracy 0.9788 | Adv accuracy: 0.0152 | Counter-attack accuracy: 0.9762
2026-01-22 21:26:33,339 - ADV_Generation_eps_1.0_steps_100_Added_Noise_uniform_Eps_40.0_Tau_Type_normal_anchors - INFO - Batch:[1511] Adversarial images for this batch already exist
2026-01-22 21:26:33,659 - ADV_Generation_eps_1.0_steps_100_Added_Noise_uniform_Eps_40.0_Tau_Type_normal_anchors - INFO - Batch 1512/2465: Clean accuracy 0.9788 | Adv accuracy: 0.0152 | Counter-attack accuracy: 0.9762
2026-01-22 21:26:33,660 - ADV_Generation_eps_1.0_steps_100_Added_Noise_uniform_Eps_40.0_Tau_Type_normal_anchors - INFO - Batch:[1512] Adversarial images for this batch already exist
2026-01-22 21:26:33,982 - ADV_Generation_eps_1.0_steps_100_Added_Noise_uniform_Eps_40.0_Tau_Type_normal_anchors - INFO - Batch 1513/2465: Clean accuracy 0.9788 | Adv accuracy: 0.0152 | Counter-attack accuracy: 0.9762
2026-01-22 21:26:33,983 - ADV_Generation_eps_1.0_steps_100_Added_Noise_uniform_Eps_40.0_Tau_Type_normal_anchors - INFO - Batch:[1513] Adversarial images for this batch already exist
2026-01-22 21:26:34,307 - ADV_Generation_eps_1.0_steps_100_Added_Noise_uniform_Eps_40.0_Tau_Type_normal_anchors - INFO - Batch 1514/2465: Clean accuracy 0.9789 | Adv accuracy: 0.0152 | Counter-attack accuracy: 0.9762
2026-01-22 21:26:34,307 - ADV_Generation_eps_1.0_steps_100_Added_Noise_uniform_Eps_40.0_Tau_Type_normal_anchors - INFO - Batch:[1514] Adversarial images for this batch already exist
2026-01-22 21:26:34,628 - ADV_Generation_eps_1.0_steps_100_Added_Noise_uniform_Eps_40.0_Tau_Type_normal_anchors - INFO - Batch 1515/2465: Clean accuracy 0.9789 | Adv accuracy: 0.0152 | Counter-attack accuracy: 0.9762
2026-01-22 21:26:34,630 - ADV_Generation_eps_1.0_steps_100_Added_Noise_uniform_Eps_40.0_Tau_Type_normal_anchors - INFO - Batch:[1515] Adversarial images for this batch already exist
2026-01-22 21:26:34,978 - ADV_Generation_eps_1.0_steps_100_Added_Noise_uniform_Eps_40.0_Tau_Type_normal_anchors - INFO - Batch 1516/2465: Clean accuracy 0.9789 | Adv accuracy: 0.0152 | Counter-attack accuracy: 0.9763
2026-01-22 21:26:34,979 - ADV_Generation_eps_1.0_steps_100_Added_Noise_uniform_Eps_40.0_Tau_Type_normal_anchors - INFO - Batch:[1516] Adversarial images for this batch already exist
2026-01-22 21:26:35,307 - ADV_Generation_eps_1.0_steps_100_Added_Noise_uniform_Eps_40.0_Tau_Type_normal_anchors - INFO - Batch 1517/2465: Clean accuracy 0.9789 | Adv accuracy: 0.0152 | Counter-attack accuracy: 0.9763
2026-01-22 21:26:35,308 - ADV_Generation_eps_1.0_steps_100_Added_Noise_uniform_Eps_40.0_Tau_Type_normal_anchors - INFO - Batch:[1517] Adversarial images for this batch already exist
2026-01-22 21:26:35,713 - ADV_Generation_eps_1.0_steps_100_Added_Noise_uniform_Eps_40.0_Tau_Type_normal_anchors - INFO - Batch 1518/2465: Clean accuracy 0.9789 | Adv accuracy: 0.0152 | Counter-attack accuracy: 0.9763
2026-01-22 21:26:35,714 - ADV_Generation_eps_1.0_steps_100_Added_Noise_uniform_Eps_40.0_Tau_Type_normal_anchors - INFO - Batch:[1518] Adversarial images for this batch already exist
2026-01-22 21:26:36,049 - ADV_Generation_eps_1.0_steps_100_Added_Noise_uniform_Eps_40.0_Tau_Type_normal_anchors - INFO - Batch 1519/2465: Clean accuracy 0.9789 | Adv accuracy: 0.0151 | Counter-attack accuracy: 0.9763
2026-01-22 21:26:36,051 - ADV_Generation_eps_1.0_steps_100_Added_Noise_uniform_Eps_40.0_Tau_Type_normal_anchors - INFO - Batch:[1519] Adversarial images for this batch already exist
2026-01-22 21:26:36,380 - ADV_Generation_eps_1.0_steps_100_Added_Noise_uniform_Eps_40.0_Tau_Type_normal_anchors - INFO - Batch 1520/2465: Clean accuracy 0.9789 | Adv accuracy: 0.0151 | Counter-attack accuracy: 0.9763
2026-01-22 21:26:36,381 - ADV_Generation_eps_1.0_steps_100_Added_Noise_uniform_Eps_40.0_Tau_Type_normal_anchors - INFO - Batch:[1520] Adversarial images for this batch already exist
2026-01-22 21:26:36,707 - ADV_Generation_eps_1.0_steps_100_Added_Noise_uniform_Eps_40.0_Tau_Type_normal_anchors - INFO - Batch 1521/2465: Clean accuracy 0.9790 | Adv accuracy: 0.0151 | Counter-attack accuracy: 0.9763
2026-01-22 21:26:36,708 - ADV_Generation_eps_1.0_steps_100_Added_Noise_uniform_Eps_40.0_Tau_Type_normal_anchors - INFO - Batch:[1521] Adversarial images for this batch already exist
2026-01-22 21:26:37,036 - ADV_Generation_eps_1.0_steps_100_Added_Noise_uniform_Eps_40.0_Tau_Type_normal_anchors - INFO - Batch 1522/2465: Clean accuracy 0.9790 | Adv accuracy: 0.0151 | Counter-attack accuracy: 0.9763
2026-01-22 21:26:37,038 - ADV_Generation_eps_1.0_steps_100_Added_Noise_uniform_Eps_40.0_Tau_Type_normal_anchors - INFO - Batch:[1522] Adversarial images for this batch already exist
2026-01-22 21:26:37,361 - ADV_Generation_eps_1.0_steps_100_Added_Noise_uniform_Eps_40.0_Tau_Type_normal_anchors - INFO - Batch 1523/2465: Clean accuracy 0.9790 | Adv accuracy: 0.0151 | Counter-attack accuracy: 0.9764
2026-01-22 21:26:37,362 - ADV_Generation_eps_1.0_steps_100_Added_Noise_uniform_Eps_40.0_Tau_Type_normal_anchors - INFO - Batch:[1523] Adversarial images for this batch already exist
2026-01-22 21:26:37,684 - ADV_Generation_eps_1.0_steps_100_Added_Noise_uniform_Eps_40.0_Tau_Type_normal_anchors - INFO - Batch 1524/2465: Clean accuracy 0.9790 | Adv accuracy: 0.0151 | Counter-attack accuracy: 0.9764
2026-01-22 21:26:37,685 - ADV_Generation_eps_1.0_steps_100_Added_Noise_uniform_Eps_40.0_Tau_Type_normal_anchors - INFO - Batch:[1524] Adversarial images for this batch already exist
2026-01-22 21:26:38,008 - ADV_Generation_eps_1.0_steps_100_Added_Noise_uniform_Eps_40.0_Tau_Type_normal_anchors - INFO - Batch 1525/2465: Clean accuracy 0.9790 | Adv accuracy: 0.0151 | Counter-attack accuracy: 0.9764
2026-01-22 21:26:38,009 - ADV_Generation_eps_1.0_steps_100_Added_Noise_uniform_Eps_40.0_Tau_Type_normal_anchors - INFO - Batch:[1525] Adversarial images for this batch already exist
2026-01-22 21:26:38,335 - ADV_Generation_eps_1.0_steps_100_Added_Noise_uniform_Eps_40.0_Tau_Type_normal_anchors - INFO - Batch 1526/2465: Clean accuracy 0.9790 | Adv accuracy: 0.0151 | Counter-attack accuracy: 0.9764
2026-01-22 21:26:38,336 - ADV_Generation_eps_1.0_steps_100_Added_Noise_uniform_Eps_40.0_Tau_Type_normal_anchors - INFO - Batch:[1526] Adversarial images for this batch already exist
2026-01-22 21:26:38,662 - ADV_Generation_eps_1.0_steps_100_Added_Noise_uniform_Eps_40.0_Tau_Type_normal_anchors - INFO - Batch 1527/2465: Clean accuracy 0.9790 | Adv accuracy: 0.0151 | Counter-attack accuracy: 0.9764
2026-01-22 21:26:38,663 - ADV_Generation_eps_1.0_steps_100_Added_Noise_uniform_Eps_40.0_Tau_Type_normal_anchors - INFO - Batch:[1527] Adversarial images for this batch already exist
2026-01-22 21:26:38,998 - ADV_Generation_eps_1.0_steps_100_Added_Noise_uniform_Eps_40.0_Tau_Type_normal_anchors - INFO - Batch 1528/2465: Clean accuracy 0.9791 | Adv accuracy: 0.0151 | Counter-attack accuracy: 0.9764
2026-01-22 21:26:38,999 - ADV_Generation_eps_1.0_steps_100_Added_Noise_uniform_Eps_40.0_Tau_Type_normal_anchors - INFO - Batch:[1528] Adversarial images for this batch already exist
2026-01-22 21:26:39,362 - ADV_Generation_eps_1.0_steps_100_Added_Noise_uniform_Eps_40.0_Tau_Type_normal_anchors - INFO - Batch 1529/2465: Clean accuracy 0.9791 | Adv accuracy: 0.0150 | Counter-attack accuracy: 0.9765
2026-01-22 21:26:39,363 - ADV_Generation_eps_1.0_steps_100_Added_Noise_uniform_Eps_40.0_Tau_Type_normal_anchors - INFO - Batch:[1529] Adversarial images for this batch already exist
2026-01-22 21:26:39,686 - ADV_Generation_eps_1.0_steps_100_Added_Noise_uniform_Eps_40.0_Tau_Type_normal_anchors - INFO - Batch 1530/2465: Clean accuracy 0.9791 | Adv accuracy: 0.0150 | Counter-attack accuracy: 0.9765
2026-01-22 21:26:39,687 - ADV_Generation_eps_1.0_steps_100_Added_Noise_uniform_Eps_40.0_Tau_Type_normal_anchors - INFO - Batch:[1530] Adversarial images for this batch already exist
2026-01-22 21:26:40,011 - ADV_Generation_eps_1.0_steps_100_Added_Noise_uniform_Eps_40.0_Tau_Type_normal_anchors - INFO - Batch 1531/2465: Clean accuracy 0.9791 | Adv accuracy: 0.0150 | Counter-attack accuracy: 0.9765
2026-01-22 21:26:40,013 - ADV_Generation_eps_1.0_steps_100_Added_Noise_uniform_Eps_40.0_Tau_Type_normal_anchors - INFO - Batch:[1531] Adversarial images for this batch already exist
2026-01-22 21:26:40,342 - ADV_Generation_eps_1.0_steps_100_Added_Noise_uniform_Eps_40.0_Tau_Type_normal_anchors - INFO - Batch 1532/2465: Clean accuracy 0.9791 | Adv accuracy: 0.0150 | Counter-attack accuracy: 0.9765
2026-01-22 21:26:40,342 - ADV_Generation_eps_1.0_steps_100_Added_Noise_uniform_Eps_40.0_Tau_Type_normal_anchors - INFO - Batch:[1532] Adversarial images for this batch already exist
2026-01-22 21:26:40,708 - ADV_Generation_eps_1.0_steps_100_Added_Noise_uniform_Eps_40.0_Tau_Type_normal_anchors - INFO - Batch 1533/2465: Clean accuracy 0.9791 | Adv accuracy: 0.0150 | Counter-attack accuracy: 0.9765
2026-01-22 21:26:40,708 - ADV_Generation_eps_1.0_steps_100_Added_Noise_uniform_Eps_40.0_Tau_Type_normal_anchors - INFO - Batch:[1533] Adversarial images for this batch already exist
2026-01-22 21:26:41,030 - ADV_Generation_eps_1.0_steps_100_Added_Noise_uniform_Eps_40.0_Tau_Type_normal_anchors - INFO - Batch 1534/2465: Clean accuracy 0.9791 | Adv accuracy: 0.0150 | Counter-attack accuracy: 0.9765
2026-01-22 21:26:41,031 - ADV_Generation_eps_1.0_steps_100_Added_Noise_uniform_Eps_40.0_Tau_Type_normal_anchors - INFO - Batch:[1534] Adversarial images for this batch already exist
2026-01-22 21:26:41,356 - ADV_Generation_eps_1.0_steps_100_Added_Noise_uniform_Eps_40.0_Tau_Type_normal_anchors - INFO - Batch 1535/2465: Clean accuracy 0.9792 | Adv accuracy: 0.0150 | Counter-attack accuracy: 0.9765
2026-01-22 21:26:41,357 - ADV_Generation_eps_1.0_steps_100_Added_Noise_uniform_Eps_40.0_Tau_Type_normal_anchors - INFO - Batch:[1535] Adversarial images for this batch already exist
2026-01-22 21:26:41,684 - ADV_Generation_eps_1.0_steps_100_Added_Noise_uniform_Eps_40.0_Tau_Type_normal_anchors - INFO - Batch 1536/2465: Clean accuracy 0.9792 | Adv accuracy: 0.0150 | Counter-attack accuracy: 0.9766
2026-01-22 21:26:41,685 - ADV_Generation_eps_1.0_steps_100_Added_Noise_uniform_Eps_40.0_Tau_Type_normal_anchors - INFO - Batch:[1536] Adversarial images for this batch already exist
2026-01-22 21:26:42,013 - ADV_Generation_eps_1.0_steps_100_Added_Noise_uniform_Eps_40.0_Tau_Type_normal_anchors - INFO - Batch 1537/2465: Clean accuracy 0.9792 | Adv accuracy: 0.0150 | Counter-attack accuracy: 0.9766
2026-01-22 21:26:42,014 - ADV_Generation_eps_1.0_steps_100_Added_Noise_uniform_Eps_40.0_Tau_Type_normal_anchors - INFO - Batch:[1537] Adversarial images for this batch already exist
2026-01-22 21:26:42,341 - ADV_Generation_eps_1.0_steps_100_Added_Noise_uniform_Eps_40.0_Tau_Type_normal_anchors - INFO - Batch 1538/2465: Clean accuracy 0.9792 | Adv accuracy: 0.0150 | Counter-attack accuracy: 0.9766
2026-01-22 21:26:42,342 - ADV_Generation_eps_1.0_steps_100_Added_Noise_uniform_Eps_40.0_Tau_Type_normal_anchors - INFO - Batch:[1538] Adversarial images for this batch already exist
2026-01-22 21:26:42,669 - ADV_Generation_eps_1.0_steps_100_Added_Noise_uniform_Eps_40.0_Tau_Type_normal_anchors - INFO - Batch 1539/2465: Clean accuracy 0.9792 | Adv accuracy: 0.0149 | Counter-attack accuracy: 0.9766
2026-01-22 21:26:42,670 - ADV_Generation_eps_1.0_steps_100_Added_Noise_uniform_Eps_40.0_Tau_Type_normal_anchors - INFO - Batch:[1539] Adversarial images for this batch already exist
2026-01-22 21:26:42,996 - ADV_Generation_eps_1.0_steps_100_Added_Noise_uniform_Eps_40.0_Tau_Type_normal_anchors - INFO - Batch 1540/2465: Clean accuracy 0.9792 | Adv accuracy: 0.0149 | Counter-attack accuracy: 0.9766
2026-01-22 21:26:42,997 - ADV_Generation_eps_1.0_steps_100_Added_Noise_uniform_Eps_40.0_Tau_Type_normal_anchors - INFO - Batch:[1540] Adversarial images for this batch already exist
2026-01-22 21:26:43,331 - ADV_Generation_eps_1.0_steps_100_Added_Noise_uniform_Eps_40.0_Tau_Type_normal_anchors - INFO - Batch 1541/2465: Clean accuracy 0.9792 | Adv accuracy: 0.0149 | Counter-attack accuracy: 0.9766
2026-01-22 21:26:43,332 - ADV_Generation_eps_1.0_steps_100_Added_Noise_uniform_Eps_40.0_Tau_Type_normal_anchors - INFO - Batch:[1541] Adversarial images for this batch already exist
2026-01-22 21:26:43,659 - ADV_Generation_eps_1.0_steps_100_Added_Noise_uniform_Eps_40.0_Tau_Type_normal_anchors - INFO - Batch 1542/2465: Clean accuracy 0.9792 | Adv accuracy: 0.0149 | Counter-attack accuracy: 0.9767
2026-01-22 21:26:43,660 - ADV_Generation_eps_1.0_steps_100_Added_Noise_uniform_Eps_40.0_Tau_Type_normal_anchors - INFO - Batch:[1542] Adversarial images for this batch already exist
2026-01-22 21:26:43,987 - ADV_Generation_eps_1.0_steps_100_Added_Noise_uniform_Eps_40.0_Tau_Type_normal_anchors - INFO - Batch 1543/2465: Clean accuracy 0.9793 | Adv accuracy: 0.0149 | Counter-attack accuracy: 0.9767
2026-01-22 21:26:43,987 - ADV_Generation_eps_1.0_steps_100_Added_Noise_uniform_Eps_40.0_Tau_Type_normal_anchors - INFO - Batch:[1543] Adversarial images for this batch already exist
2026-01-22 21:26:44,334 - ADV_Generation_eps_1.0_steps_100_Added_Noise_uniform_Eps_40.0_Tau_Type_normal_anchors - INFO - Batch 1544/2465: Clean accuracy 0.9793 | Adv accuracy: 0.0149 | Counter-attack accuracy: 0.9767
2026-01-22 21:26:44,335 - ADV_Generation_eps_1.0_steps_100_Added_Noise_uniform_Eps_40.0_Tau_Type_normal_anchors - INFO - Batch:[1544] Adversarial images for this batch already exist
2026-01-22 21:26:44,661 - ADV_Generation_eps_1.0_steps_100_Added_Noise_uniform_Eps_40.0_Tau_Type_normal_anchors - INFO - Batch 1545/2465: Clean accuracy 0.9793 | Adv accuracy: 0.0149 | Counter-attack accuracy: 0.9767
2026-01-22 21:26:44,662 - ADV_Generation_eps_1.0_steps_100_Added_Noise_uniform_Eps_40.0_Tau_Type_normal_anchors - INFO - Batch:[1545] Adversarial images for this batch already exist
2026-01-22 21:26:45,002 - ADV_Generation_eps_1.0_steps_100_Added_Noise_uniform_Eps_40.0_Tau_Type_normal_anchors - INFO - Batch 1546/2465: Clean accuracy 0.9793 | Adv accuracy: 0.0149 | Counter-attack accuracy: 0.9767
2026-01-22 21:26:45,004 - ADV_Generation_eps_1.0_steps_100_Added_Noise_uniform_Eps_40.0_Tau_Type_normal_anchors - INFO - Batch:[1546] Adversarial images for this batch already exist
2026-01-22 21:26:45,326 - ADV_Generation_eps_1.0_steps_100_Added_Noise_uniform_Eps_40.0_Tau_Type_normal_anchors - INFO - Batch 1547/2465: Clean accuracy 0.9793 | Adv accuracy: 0.0149 | Counter-attack accuracy: 0.9767
2026-01-22 21:26:45,327 - ADV_Generation_eps_1.0_steps_100_Added_Noise_uniform_Eps_40.0_Tau_Type_normal_anchors - INFO - Batch:[1547] Adversarial images for this batch already exist
2026-01-22 21:26:45,650 - ADV_Generation_eps_1.0_steps_100_Added_Noise_uniform_Eps_40.0_Tau_Type_normal_anchors - INFO - Batch 1548/2465: Clean accuracy 0.9793 | Adv accuracy: 0.0149 | Counter-attack accuracy: 0.9767
2026-01-22 21:26:45,651 - ADV_Generation_eps_1.0_steps_100_Added_Noise_uniform_Eps_40.0_Tau_Type_normal_anchors - INFO - Batch:[1548] Adversarial images for this batch already exist
2026-01-22 21:26:45,977 - ADV_Generation_eps_1.0_steps_100_Added_Noise_uniform_Eps_40.0_Tau_Type_normal_anchors - INFO - Batch 1549/2465: Clean accuracy 0.9793 | Adv accuracy: 0.0148 | Counter-attack accuracy: 0.9768
2026-01-22 21:26:45,978 - ADV_Generation_eps_1.0_steps_100_Added_Noise_uniform_Eps_40.0_Tau_Type_normal_anchors - INFO - Batch:[1549] Adversarial images for this batch already exist
2026-01-22 21:26:46,299 - ADV_Generation_eps_1.0_steps_100_Added_Noise_uniform_Eps_40.0_Tau_Type_normal_anchors - INFO - Batch 1550/2465: Clean accuracy 0.9794 | Adv accuracy: 0.0148 | Counter-attack accuracy: 0.9768
2026-01-22 21:26:46,300 - ADV_Generation_eps_1.0_steps_100_Added_Noise_uniform_Eps_40.0_Tau_Type_normal_anchors - INFO - Batch:[1550] Adversarial images for this batch already exist
2026-01-22 21:26:46,635 - ADV_Generation_eps_1.0_steps_100_Added_Noise_uniform_Eps_40.0_Tau_Type_normal_anchors - INFO - Batch 1551/2465: Clean accuracy 0.9794 | Adv accuracy: 0.0148 | Counter-attack accuracy: 0.9768
2026-01-22 21:26:46,637 - ADV_Generation_eps_1.0_steps_100_Added_Noise_uniform_Eps_40.0_Tau_Type_normal_anchors - INFO - Batch:[1551] Adversarial images for this batch already exist
2026-01-22 21:26:46,961 - ADV_Generation_eps_1.0_steps_100_Added_Noise_uniform_Eps_40.0_Tau_Type_normal_anchors - INFO - Batch 1552/2465: Clean accuracy 0.9794 | Adv accuracy: 0.0148 | Counter-attack accuracy: 0.9768
2026-01-22 21:26:46,962 - ADV_Generation_eps_1.0_steps_100_Added_Noise_uniform_Eps_40.0_Tau_Type_normal_anchors - INFO - Batch:[1552] Adversarial images for this batch already exist
2026-01-22 21:26:47,292 - ADV_Generation_eps_1.0_steps_100_Added_Noise_uniform_Eps_40.0_Tau_Type_normal_anchors - INFO - Batch 1553/2465: Clean accuracy 0.9794 | Adv accuracy: 0.0148 | Counter-attack accuracy: 0.9768
2026-01-22 21:26:47,294 - ADV_Generation_eps_1.0_steps_100_Added_Noise_uniform_Eps_40.0_Tau_Type_normal_anchors - INFO - Batch:[1553] Adversarial images for this batch already exist
2026-01-22 21:26:47,618 - ADV_Generation_eps_1.0_steps_100_Added_Noise_uniform_Eps_40.0_Tau_Type_normal_anchors - INFO - Batch 1554/2465: Clean accuracy 0.9794 | Adv accuracy: 0.0148 | Counter-attack accuracy: 0.9768
2026-01-22 21:26:47,620 - ADV_Generation_eps_1.0_steps_100_Added_Noise_uniform_Eps_40.0_Tau_Type_normal_anchors - INFO - Batch:[1554] Adversarial images for this batch already exist
2026-01-22 21:26:47,945 - ADV_Generation_eps_1.0_steps_100_Added_Noise_uniform_Eps_40.0_Tau_Type_normal_anchors - INFO - Batch 1555/2465: Clean accuracy 0.9794 | Adv accuracy: 0.0148 | Counter-attack accuracy: 0.9768
2026-01-22 21:26:47,946 - ADV_Generation_eps_1.0_steps_100_Added_Noise_uniform_Eps_40.0_Tau_Type_normal_anchors - INFO - Batch:[1555] Adversarial images for this batch already exist
2026-01-22 21:26:48,273 - ADV_Generation_eps_1.0_steps_100_Added_Noise_uniform_Eps_40.0_Tau_Type_normal_anchors - INFO - Batch 1556/2465: Clean accuracy 0.9794 | Adv accuracy: 0.0148 | Counter-attack accuracy: 0.9769
2026-01-22 21:26:48,273 - ADV_Generation_eps_1.0_steps_100_Added_Noise_uniform_Eps_40.0_Tau_Type_normal_anchors - INFO - Batch:[1556] Adversarial images for this batch already exist
2026-01-22 21:26:48,600 - ADV_Generation_eps_1.0_steps_100_Added_Noise_uniform_Eps_40.0_Tau_Type_normal_anchors - INFO - Batch 1557/2465: Clean accuracy 0.9794 | Adv accuracy: 0.0148 | Counter-attack accuracy: 0.9769
2026-01-22 21:26:48,600 - ADV_Generation_eps_1.0_steps_100_Added_Noise_uniform_Eps_40.0_Tau_Type_normal_anchors - INFO - Batch:[1557] Adversarial images for this batch already exist
2026-01-22 21:26:48,927 - ADV_Generation_eps_1.0_steps_100_Added_Noise_uniform_Eps_40.0_Tau_Type_normal_anchors - INFO - Batch 1558/2465: Clean accuracy 0.9795 | Adv accuracy: 0.0148 | Counter-attack accuracy: 0.9769
2026-01-22 21:26:48,928 - ADV_Generation_eps_1.0_steps_100_Added_Noise_uniform_Eps_40.0_Tau_Type_normal_anchors - INFO - Batch:[1558] Adversarial images for this batch already exist
2026-01-22 21:26:49,246 - ADV_Generation_eps_1.0_steps_100_Added_Noise_uniform_Eps_40.0_Tau_Type_normal_anchors - INFO - Batch 1559/2465: Clean accuracy 0.9795 | Adv accuracy: 0.0148 | Counter-attack accuracy: 0.9769
2026-01-22 21:26:49,247 - ADV_Generation_eps_1.0_steps_100_Added_Noise_uniform_Eps_40.0_Tau_Type_normal_anchors - INFO - Batch:[1559] Adversarial images for this batch already exist
2026-01-22 21:26:49,574 - ADV_Generation_eps_1.0_steps_100_Added_Noise_uniform_Eps_40.0_Tau_Type_normal_anchors - INFO - Batch 1560/2465: Clean accuracy 0.9795 | Adv accuracy: 0.0147 | Counter-attack accuracy: 0.9769
2026-01-22 21:26:49,575 - ADV_Generation_eps_1.0_steps_100_Added_Noise_uniform_Eps_40.0_Tau_Type_normal_anchors - INFO - Batch:[1560] Adversarial images for this batch already exist
2026-01-22 21:26:49,898 - ADV_Generation_eps_1.0_steps_100_Added_Noise_uniform_Eps_40.0_Tau_Type_normal_anchors - INFO - Batch 1561/2465: Clean accuracy 0.9795 | Adv accuracy: 0.0147 | Counter-attack accuracy: 0.9769
2026-01-22 21:26:49,899 - ADV_Generation_eps_1.0_steps_100_Added_Noise_uniform_Eps_40.0_Tau_Type_normal_anchors - INFO - Batch:[1561] Adversarial images for this batch already exist
2026-01-22 21:26:50,239 - ADV_Generation_eps_1.0_steps_100_Added_Noise_uniform_Eps_40.0_Tau_Type_normal_anchors - INFO - Batch 1562/2465: Clean accuracy 0.9795 | Adv accuracy: 0.0147 | Counter-attack accuracy: 0.9770
2026-01-22 21:26:50,241 - ADV_Generation_eps_1.0_steps_100_Added_Noise_uniform_Eps_40.0_Tau_Type_normal_anchors - INFO - Batch:[1562] Adversarial images for this batch already exist
2026-01-22 21:26:50,568 - ADV_Generation_eps_1.0_steps_100_Added_Noise_uniform_Eps_40.0_Tau_Type_normal_anchors - INFO - Batch 1563/2465: Clean accuracy 0.9795 | Adv accuracy: 0.0147 | Counter-attack accuracy: 0.9770
2026-01-22 21:26:50,569 - ADV_Generation_eps_1.0_steps_100_Added_Noise_uniform_Eps_40.0_Tau_Type_normal_anchors - INFO - Batch:[1563] Adversarial images for this batch already exist
2026-01-22 21:26:50,904 - ADV_Generation_eps_1.0_steps_100_Added_Noise_uniform_Eps_40.0_Tau_Type_normal_anchors - INFO - Batch 1564/2465: Clean accuracy 0.9795 | Adv accuracy: 0.0147 | Counter-attack accuracy: 0.9770
2026-01-22 21:26:50,905 - ADV_Generation_eps_1.0_steps_100_Added_Noise_uniform_Eps_40.0_Tau_Type_normal_anchors - INFO - Batch:[1564] Adversarial images for this batch already exist
2026-01-22 21:26:51,268 - ADV_Generation_eps_1.0_steps_100_Added_Noise_uniform_Eps_40.0_Tau_Type_normal_anchors - INFO - Batch 1565/2465: Clean accuracy 0.9796 | Adv accuracy: 0.0147 | Counter-attack accuracy: 0.9770
2026-01-22 21:26:51,268 - ADV_Generation_eps_1.0_steps_100_Added_Noise_uniform_Eps_40.0_Tau_Type_normal_anchors - INFO - Batch:[1565] Adversarial images for this batch already exist
2026-01-22 21:26:51,590 - ADV_Generation_eps_1.0_steps_100_Added_Noise_uniform_Eps_40.0_Tau_Type_normal_anchors - INFO - Batch 1566/2465: Clean accuracy 0.9796 | Adv accuracy: 0.0147 | Counter-attack accuracy: 0.9770
2026-01-22 21:26:51,592 - ADV_Generation_eps_1.0_steps_100_Added_Noise_uniform_Eps_40.0_Tau_Type_normal_anchors - INFO - Batch:[1566] Adversarial images for this batch already exist
2026-01-22 21:26:51,921 - ADV_Generation_eps_1.0_steps_100_Added_Noise_uniform_Eps_40.0_Tau_Type_normal_anchors - INFO - Batch 1567/2465: Clean accuracy 0.9796 | Adv accuracy: 0.0147 | Counter-attack accuracy: 0.9770
2026-01-22 21:26:51,922 - ADV_Generation_eps_1.0_steps_100_Added_Noise_uniform_Eps_40.0_Tau_Type_normal_anchors - INFO - Batch:[1567] Adversarial images for this batch already exist
2026-01-22 21:26:52,271 - ADV_Generation_eps_1.0_steps_100_Added_Noise_uniform_Eps_40.0_Tau_Type_normal_anchors - INFO - Batch 1568/2465: Clean accuracy 0.9796 | Adv accuracy: 0.0147 | Counter-attack accuracy: 0.9770
2026-01-22 21:26:52,272 - ADV_Generation_eps_1.0_steps_100_Added_Noise_uniform_Eps_40.0_Tau_Type_normal_anchors - INFO - Batch:[1568] Adversarial images for this batch already exist
2026-01-22 21:26:52,593 - ADV_Generation_eps_1.0_steps_100_Added_Noise_uniform_Eps_40.0_Tau_Type_normal_anchors - INFO - Batch 1569/2465: Clean accuracy 0.9796 | Adv accuracy: 0.0147 | Counter-attack accuracy: 0.9771
2026-01-22 21:26:52,595 - ADV_Generation_eps_1.0_steps_100_Added_Noise_uniform_Eps_40.0_Tau_Type_normal_anchors - INFO - Batch:[1569] Adversarial images for this batch already exist
2026-01-22 21:26:52,926 - ADV_Generation_eps_1.0_steps_100_Added_Noise_uniform_Eps_40.0_Tau_Type_normal_anchors - INFO - Batch 1570/2465: Clean accuracy 0.9796 | Adv accuracy: 0.0146 | Counter-attack accuracy: 0.9771
2026-01-22 21:26:52,927 - ADV_Generation_eps_1.0_steps_100_Added_Noise_uniform_Eps_40.0_Tau_Type_normal_anchors - INFO - Batch:[1570] Adversarial images for this batch already exist
2026-01-22 21:26:53,255 - ADV_Generation_eps_1.0_steps_100_Added_Noise_uniform_Eps_40.0_Tau_Type_normal_anchors - INFO - Batch 1571/2465: Clean accuracy 0.9796 | Adv accuracy: 0.0146 | Counter-attack accuracy: 0.9771
2026-01-22 21:26:53,256 - ADV_Generation_eps_1.0_steps_100_Added_Noise_uniform_Eps_40.0_Tau_Type_normal_anchors - INFO - Batch:[1571] Adversarial images for this batch already exist
2026-01-22 21:26:53,581 - ADV_Generation_eps_1.0_steps_100_Added_Noise_uniform_Eps_40.0_Tau_Type_normal_anchors - INFO - Batch 1572/2465: Clean accuracy 0.9796 | Adv accuracy: 0.0146 | Counter-attack accuracy: 0.9771
2026-01-22 21:26:53,581 - ADV_Generation_eps_1.0_steps_100_Added_Noise_uniform_Eps_40.0_Tau_Type_normal_anchors - INFO - Batch:[1572] Adversarial images for this batch already exist
2026-01-22 21:26:53,901 - ADV_Generation_eps_1.0_steps_100_Added_Noise_uniform_Eps_40.0_Tau_Type_normal_anchors - INFO - Batch 1573/2465: Clean accuracy 0.9797 | Adv accuracy: 0.0146 | Counter-attack accuracy: 0.9771
2026-01-22 21:26:53,902 - ADV_Generation_eps_1.0_steps_100_Added_Noise_uniform_Eps_40.0_Tau_Type_normal_anchors - INFO - Batch:[1573] Adversarial images for this batch already exist
2026-01-22 21:26:54,226 - ADV_Generation_eps_1.0_steps_100_Added_Noise_uniform_Eps_40.0_Tau_Type_normal_anchors - INFO - Batch 1574/2465: Clean accuracy 0.9797 | Adv accuracy: 0.0146 | Counter-attack accuracy: 0.9771
2026-01-22 21:26:54,226 - ADV_Generation_eps_1.0_steps_100_Added_Noise_uniform_Eps_40.0_Tau_Type_normal_anchors - INFO - Batch:[1574] Adversarial images for this batch already exist
2026-01-22 21:26:54,555 - ADV_Generation_eps_1.0_steps_100_Added_Noise_uniform_Eps_40.0_Tau_Type_normal_anchors - INFO - Batch 1575/2465: Clean accuracy 0.9797 | Adv accuracy: 0.0146 | Counter-attack accuracy: 0.9771
2026-01-22 21:26:54,555 - ADV_Generation_eps_1.0_steps_100_Added_Noise_uniform_Eps_40.0_Tau_Type_normal_anchors - INFO - Batch:[1575] Adversarial images for this batch already exist
2026-01-22 21:26:54,877 - ADV_Generation_eps_1.0_steps_100_Added_Noise_uniform_Eps_40.0_Tau_Type_normal_anchors - INFO - Batch 1576/2465: Clean accuracy 0.9797 | Adv accuracy: 0.0152 | Counter-attack accuracy: 0.9772
2026-01-22 21:26:54,878 - ADV_Generation_eps_1.0_steps_100_Added_Noise_uniform_Eps_40.0_Tau_Type_normal_anchors - INFO - Batch:[1576] Adversarial images for this batch already exist
2026-01-22 21:26:55,205 - ADV_Generation_eps_1.0_steps_100_Added_Noise_uniform_Eps_40.0_Tau_Type_normal_anchors - INFO - Batch 1577/2465: Clean accuracy 0.9797 | Adv accuracy: 0.0152 | Counter-attack accuracy: 0.9772
2026-01-22 21:26:55,206 - ADV_Generation_eps_1.0_steps_100_Added_Noise_uniform_Eps_40.0_Tau_Type_normal_anchors - INFO - Batch:[1577] Adversarial images for this batch already exist
2026-01-22 21:26:55,548 - ADV_Generation_eps_1.0_steps_100_Added_Noise_uniform_Eps_40.0_Tau_Type_normal_anchors - INFO - Batch 1578/2465: Clean accuracy 0.9797 | Adv accuracy: 0.0152 | Counter-attack accuracy: 0.9772
2026-01-22 21:26:55,549 - ADV_Generation_eps_1.0_steps_100_Added_Noise_uniform_Eps_40.0_Tau_Type_normal_anchors - INFO - Batch:[1578] Adversarial images for this batch already exist
2026-01-22 21:26:55,879 - ADV_Generation_eps_1.0_steps_100_Added_Noise_uniform_Eps_40.0_Tau_Type_normal_anchors - INFO - Batch 1579/2465: Clean accuracy 0.9797 | Adv accuracy: 0.0152 | Counter-attack accuracy: 0.9772
2026-01-22 21:26:55,879 - ADV_Generation_eps_1.0_steps_100_Added_Noise_uniform_Eps_40.0_Tau_Type_normal_anchors - INFO - Batch:[1579] Adversarial images for this batch already exist
2026-01-22 21:26:56,201 - ADV_Generation_eps_1.0_steps_100_Added_Noise_uniform_Eps_40.0_Tau_Type_normal_anchors - INFO - Batch 1580/2465: Clean accuracy 0.9797 | Adv accuracy: 0.0152 | Counter-attack accuracy: 0.9772
2026-01-22 21:26:56,202 - ADV_Generation_eps_1.0_steps_100_Added_Noise_uniform_Eps_40.0_Tau_Type_normal_anchors - INFO - Batch:[1580] Adversarial images for this batch already exist
2026-01-22 21:26:56,527 - ADV_Generation_eps_1.0_steps_100_Added_Noise_uniform_Eps_40.0_Tau_Type_normal_anchors - INFO - Batch 1581/2465: Clean accuracy 0.9798 | Adv accuracy: 0.0158 | Counter-attack accuracy: 0.9772
2026-01-22 21:26:56,527 - ADV_Generation_eps_1.0_steps_100_Added_Noise_uniform_Eps_40.0_Tau_Type_normal_anchors - INFO - Batch:[1581] Adversarial images for this batch already exist
2026-01-22 21:26:56,849 - ADV_Generation_eps_1.0_steps_100_Added_Noise_uniform_Eps_40.0_Tau_Type_normal_anchors - INFO - Batch 1582/2465: Clean accuracy 0.9798 | Adv accuracy: 0.0158 | Counter-attack accuracy: 0.9772
2026-01-22 21:26:56,850 - ADV_Generation_eps_1.0_steps_100_Added_Noise_uniform_Eps_40.0_Tau_Type_normal_anchors - INFO - Batch:[1582] Adversarial images for this batch already exist
2026-01-22 21:26:57,193 - ADV_Generation_eps_1.0_steps_100_Added_Noise_uniform_Eps_40.0_Tau_Type_normal_anchors - INFO - Batch 1583/2465: Clean accuracy 0.9798 | Adv accuracy: 0.0158 | Counter-attack accuracy: 0.9773
2026-01-22 21:26:57,194 - ADV_Generation_eps_1.0_steps_100_Added_Noise_uniform_Eps_40.0_Tau_Type_normal_anchors - INFO - Batch:[1583] Adversarial images for this batch already exist
2026-01-22 21:26:57,516 - ADV_Generation_eps_1.0_steps_100_Added_Noise_uniform_Eps_40.0_Tau_Type_normal_anchors - INFO - Batch 1584/2465: Clean accuracy 0.9798 | Adv accuracy: 0.0158 | Counter-attack accuracy: 0.9773
2026-01-22 21:26:57,517 - ADV_Generation_eps_1.0_steps_100_Added_Noise_uniform_Eps_40.0_Tau_Type_normal_anchors - INFO - Batch:[1584] Adversarial images for this batch already exist
2026-01-22 21:26:57,842 - ADV_Generation_eps_1.0_steps_100_Added_Noise_uniform_Eps_40.0_Tau_Type_normal_anchors - INFO - Batch 1585/2465: Clean accuracy 0.9798 | Adv accuracy: 0.0158 | Counter-attack accuracy: 0.9773
2026-01-22 21:26:57,843 - ADV_Generation_eps_1.0_steps_100_Added_Noise_uniform_Eps_40.0_Tau_Type_normal_anchors - INFO - Batch:[1585] Adversarial images for this batch already exist
2026-01-22 21:26:58,179 - ADV_Generation_eps_1.0_steps_100_Added_Noise_uniform_Eps_40.0_Tau_Type_normal_anchors - INFO - Batch 1586/2465: Clean accuracy 0.9798 | Adv accuracy: 0.0158 | Counter-attack accuracy: 0.9773
2026-01-22 21:26:58,180 - ADV_Generation_eps_1.0_steps_100_Added_Noise_uniform_Eps_40.0_Tau_Type_normal_anchors - INFO - Batch:[1586] Adversarial images for this batch already exist
2026-01-22 21:26:58,505 - ADV_Generation_eps_1.0_steps_100_Added_Noise_uniform_Eps_40.0_Tau_Type_normal_anchors - INFO - Batch 1587/2465: Clean accuracy 0.9798 | Adv accuracy: 0.0158 | Counter-attack accuracy: 0.9773
2026-01-22 21:26:58,506 - ADV_Generation_eps_1.0_steps_100_Added_Noise_uniform_Eps_40.0_Tau_Type_normal_anchors - INFO - Batch:[1587] Adversarial images for this batch already exist
2026-01-22 21:26:58,861 - ADV_Generation_eps_1.0_steps_100_Added_Noise_uniform_Eps_40.0_Tau_Type_normal_anchors - INFO - Batch 1588/2465: Clean accuracy 0.9798 | Adv accuracy: 0.0157 | Counter-attack accuracy: 0.9773
2026-01-22 21:26:58,862 - ADV_Generation_eps_1.0_steps_100_Added_Noise_uniform_Eps_40.0_Tau_Type_normal_anchors - INFO - Batch:[1588] Adversarial images for this batch already exist
2026-01-22 21:26:59,255 - ADV_Generation_eps_1.0_steps_100_Added_Noise_uniform_Eps_40.0_Tau_Type_normal_anchors - INFO - Batch 1589/2465: Clean accuracy 0.9799 | Adv accuracy: 0.0157 | Counter-attack accuracy: 0.9773
2026-01-22 21:26:59,256 - ADV_Generation_eps_1.0_steps_100_Added_Noise_uniform_Eps_40.0_Tau_Type_normal_anchors - INFO - Batch:[1589] Adversarial images for this batch already exist
2026-01-22 21:26:59,579 - ADV_Generation_eps_1.0_steps_100_Added_Noise_uniform_Eps_40.0_Tau_Type_normal_anchors - INFO - Batch 1590/2465: Clean accuracy 0.9799 | Adv accuracy: 0.0157 | Counter-attack accuracy: 0.9774
2026-01-22 21:26:59,580 - ADV_Generation_eps_1.0_steps_100_Added_Noise_uniform_Eps_40.0_Tau_Type_normal_anchors - INFO - Batch:[1590] Adversarial images for this batch already exist
2026-01-22 21:26:59,908 - ADV_Generation_eps_1.0_steps_100_Added_Noise_uniform_Eps_40.0_Tau_Type_normal_anchors - INFO - Batch 1591/2465: Clean accuracy 0.9799 | Adv accuracy: 0.0157 | Counter-attack accuracy: 0.9774
2026-01-22 21:26:59,908 - ADV_Generation_eps_1.0_steps_100_Added_Noise_uniform_Eps_40.0_Tau_Type_normal_anchors - INFO - Batch:[1591] Adversarial images for this batch already exist
2026-01-22 21:27:00,230 - ADV_Generation_eps_1.0_steps_100_Added_Noise_uniform_Eps_40.0_Tau_Type_normal_anchors - INFO - Batch 1592/2465: Clean accuracy 0.9799 | Adv accuracy: 0.0157 | Counter-attack accuracy: 0.9774
2026-01-22 21:27:00,231 - ADV_Generation_eps_1.0_steps_100_Added_Noise_uniform_Eps_40.0_Tau_Type_normal_anchors - INFO - Batch:[1592] Adversarial images for this batch already exist
2026-01-22 21:27:00,557 - ADV_Generation_eps_1.0_steps_100_Added_Noise_uniform_Eps_40.0_Tau_Type_normal_anchors - INFO - Batch 1593/2465: Clean accuracy 0.9799 | Adv accuracy: 0.0157 | Counter-attack accuracy: 0.9774
2026-01-22 21:27:00,558 - ADV_Generation_eps_1.0_steps_100_Added_Noise_uniform_Eps_40.0_Tau_Type_normal_anchors - INFO - Batch:[1593] Adversarial images for this batch already exist
2026-01-22 21:27:00,884 - ADV_Generation_eps_1.0_steps_100_Added_Noise_uniform_Eps_40.0_Tau_Type_normal_anchors - INFO - Batch 1594/2465: Clean accuracy 0.9799 | Adv accuracy: 0.0157 | Counter-attack accuracy: 0.9774
2026-01-22 21:27:00,884 - ADV_Generation_eps_1.0_steps_100_Added_Noise_uniform_Eps_40.0_Tau_Type_normal_anchors - INFO - Batch:[1594] Adversarial images for this batch already exist
2026-01-22 21:27:01,205 - ADV_Generation_eps_1.0_steps_100_Added_Noise_uniform_Eps_40.0_Tau_Type_normal_anchors - INFO - Batch 1595/2465: Clean accuracy 0.9799 | Adv accuracy: 0.0157 | Counter-attack accuracy: 0.9774
2026-01-22 21:27:01,206 - ADV_Generation_eps_1.0_steps_100_Added_Noise_uniform_Eps_40.0_Tau_Type_normal_anchors - INFO - Batch:[1595] Adversarial images for this batch already exist
2026-01-22 21:27:01,573 - ADV_Generation_eps_1.0_steps_100_Added_Noise_uniform_Eps_40.0_Tau_Type_normal_anchors - INFO - Batch 1596/2465: Clean accuracy 0.9799 | Adv accuracy: 0.0157 | Counter-attack accuracy: 0.9774
2026-01-22 21:27:01,574 - ADV_Generation_eps_1.0_steps_100_Added_Noise_uniform_Eps_40.0_Tau_Type_normal_anchors - INFO - Batch:[1596] Adversarial images for this batch already exist
2026-01-22 21:27:01,906 - ADV_Generation_eps_1.0_steps_100_Added_Noise_uniform_Eps_40.0_Tau_Type_normal_anchors - INFO - Batch 1597/2465: Clean accuracy 0.9800 | Adv accuracy: 0.0157 | Counter-attack accuracy: 0.9775
2026-01-22 21:27:01,907 - ADV_Generation_eps_1.0_steps_100_Added_Noise_uniform_Eps_40.0_Tau_Type_normal_anchors - INFO - Batch:[1597] Adversarial images for this batch already exist
2026-01-22 21:27:02,262 - ADV_Generation_eps_1.0_steps_100_Added_Noise_uniform_Eps_40.0_Tau_Type_normal_anchors - INFO - Batch 1598/2465: Clean accuracy 0.9800 | Adv accuracy: 0.0156 | Counter-attack accuracy: 0.9775
2026-01-22 21:27:02,263 - ADV_Generation_eps_1.0_steps_100_Added_Noise_uniform_Eps_40.0_Tau_Type_normal_anchors - INFO - Batch:[1598] Adversarial images for this batch already exist
2026-01-22 21:27:02,584 - ADV_Generation_eps_1.0_steps_100_Added_Noise_uniform_Eps_40.0_Tau_Type_normal_anchors - INFO - Batch 1599/2465: Clean accuracy 0.9800 | Adv accuracy: 0.0156 | Counter-attack accuracy: 0.9775
2026-01-22 21:27:02,585 - ADV_Generation_eps_1.0_steps_100_Added_Noise_uniform_Eps_40.0_Tau_Type_normal_anchors - INFO - Batch:[1599] Adversarial images for this batch already exist
2026-01-22 21:27:02,910 - ADV_Generation_eps_1.0_steps_100_Added_Noise_uniform_Eps_40.0_Tau_Type_normal_anchors - INFO - Batch 1600/2465: Clean accuracy 0.9800 | Adv accuracy: 0.0156 | Counter-attack accuracy: 0.9775
2026-01-22 21:27:02,911 - ADV_Generation_eps_1.0_steps_100_Added_Noise_uniform_Eps_40.0_Tau_Type_normal_anchors - INFO - Batch:[1600] Adversarial images for this batch already exist
2026-01-22 21:27:03,266 - ADV_Generation_eps_1.0_steps_100_Added_Noise_uniform_Eps_40.0_Tau_Type_normal_anchors - INFO - Batch 1601/2465: Clean accuracy 0.9800 | Adv accuracy: 0.0156 | Counter-attack accuracy: 0.9775
2026-01-22 21:27:03,267 - ADV_Generation_eps_1.0_steps_100_Added_Noise_uniform_Eps_40.0_Tau_Type_normal_anchors - INFO - Batch:[1601] Adversarial images for this batch already exist
2026-01-22 21:27:03,589 - ADV_Generation_eps_1.0_steps_100_Added_Noise_uniform_Eps_40.0_Tau_Type_normal_anchors - INFO - Batch 1602/2465: Clean accuracy 0.9800 | Adv accuracy: 0.0156 | Counter-attack accuracy: 0.9775
2026-01-22 21:27:03,589 - ADV_Generation_eps_1.0_steps_100_Added_Noise_uniform_Eps_40.0_Tau_Type_normal_anchors - INFO - Batch:[1602] Adversarial images for this batch already exist
2026-01-22 21:27:03,908 - ADV_Generation_eps_1.0_steps_100_Added_Noise_uniform_Eps_40.0_Tau_Type_normal_anchors - INFO - Batch 1603/2465: Clean accuracy 0.9800 | Adv accuracy: 0.0156 | Counter-attack accuracy: 0.9775
2026-01-22 21:27:03,909 - ADV_Generation_eps_1.0_steps_100_Added_Noise_uniform_Eps_40.0_Tau_Type_normal_anchors - INFO - Batch:[1603] Adversarial images for this batch already exist
2026-01-22 21:27:04,238 - ADV_Generation_eps_1.0_steps_100_Added_Noise_uniform_Eps_40.0_Tau_Type_normal_anchors - INFO - Batch 1604/2465: Clean accuracy 0.9800 | Adv accuracy: 0.0156 | Counter-attack accuracy: 0.9776
2026-01-22 21:27:04,239 - ADV_Generation_eps_1.0_steps_100_Added_Noise_uniform_Eps_40.0_Tau_Type_normal_anchors - INFO - Batch:[1604] Adversarial images for this batch already exist
2026-01-22 21:27:04,561 - ADV_Generation_eps_1.0_steps_100_Added_Noise_uniform_Eps_40.0_Tau_Type_normal_anchors - INFO - Batch 1605/2465: Clean accuracy 0.9801 | Adv accuracy: 0.0156 | Counter-attack accuracy: 0.9776
2026-01-22 21:27:04,562 - ADV_Generation_eps_1.0_steps_100_Added_Noise_uniform_Eps_40.0_Tau_Type_normal_anchors - INFO - Batch:[1605] Adversarial images for this batch already exist
2026-01-22 21:27:04,892 - ADV_Generation_eps_1.0_steps_100_Added_Noise_uniform_Eps_40.0_Tau_Type_normal_anchors - INFO - Batch 1606/2465: Clean accuracy 0.9801 | Adv accuracy: 0.0156 | Counter-attack accuracy: 0.9776
2026-01-22 21:27:04,893 - ADV_Generation_eps_1.0_steps_100_Added_Noise_uniform_Eps_40.0_Tau_Type_normal_anchors - INFO - Batch:[1606] Adversarial images for this batch already exist
2026-01-22 21:27:05,218 - ADV_Generation_eps_1.0_steps_100_Added_Noise_uniform_Eps_40.0_Tau_Type_normal_anchors - INFO - Batch 1607/2465: Clean accuracy 0.9801 | Adv accuracy: 0.0156 | Counter-attack accuracy: 0.9776
2026-01-22 21:27:05,219 - ADV_Generation_eps_1.0_steps_100_Added_Noise_uniform_Eps_40.0_Tau_Type_normal_anchors - INFO - Batch:[1607] Adversarial images for this batch already exist
2026-01-22 21:27:05,543 - ADV_Generation_eps_1.0_steps_100_Added_Noise_uniform_Eps_40.0_Tau_Type_normal_anchors - INFO - Batch 1608/2465: Clean accuracy 0.9801 | Adv accuracy: 0.0155 | Counter-attack accuracy: 0.9776
2026-01-22 21:27:05,543 - ADV_Generation_eps_1.0_steps_100_Added_Noise_uniform_Eps_40.0_Tau_Type_normal_anchors - INFO - Batch:[1608] Adversarial images for this batch already exist
2026-01-22 21:27:05,869 - ADV_Generation_eps_1.0_steps_100_Added_Noise_uniform_Eps_40.0_Tau_Type_normal_anchors - INFO - Batch 1609/2465: Clean accuracy 0.9801 | Adv accuracy: 0.0155 | Counter-attack accuracy: 0.9776
2026-01-22 21:27:05,870 - ADV_Generation_eps_1.0_steps_100_Added_Noise_uniform_Eps_40.0_Tau_Type_normal_anchors - INFO - Batch:[1609] Adversarial images for this batch already exist
2026-01-22 21:27:06,203 - ADV_Generation_eps_1.0_steps_100_Added_Noise_uniform_Eps_40.0_Tau_Type_normal_anchors - INFO - Batch 1610/2465: Clean accuracy 0.9801 | Adv accuracy: 0.0155 | Counter-attack accuracy: 0.9776
2026-01-22 21:27:06,203 - ADV_Generation_eps_1.0_steps_100_Added_Noise_uniform_Eps_40.0_Tau_Type_normal_anchors - INFO - Batch:[1610] Adversarial images for this batch already exist
2026-01-22 21:27:06,524 - ADV_Generation_eps_1.0_steps_100_Added_Noise_uniform_Eps_40.0_Tau_Type_normal_anchors - INFO - Batch 1611/2465: Clean accuracy 0.9801 | Adv accuracy: 0.0155 | Counter-attack accuracy: 0.9777
2026-01-22 21:27:06,525 - ADV_Generation_eps_1.0_steps_100_Added_Noise_uniform_Eps_40.0_Tau_Type_normal_anchors - INFO - Batch:[1611] Adversarial images for this batch already exist
2026-01-22 21:27:06,854 - ADV_Generation_eps_1.0_steps_100_Added_Noise_uniform_Eps_40.0_Tau_Type_normal_anchors - INFO - Batch 1612/2465: Clean accuracy 0.9801 | Adv accuracy: 0.0155 | Counter-attack accuracy: 0.9777
2026-01-22 21:27:06,855 - ADV_Generation_eps_1.0_steps_100_Added_Noise_uniform_Eps_40.0_Tau_Type_normal_anchors - INFO - Batch:[1612] Adversarial images for this batch already exist
2026-01-22 21:27:07,181 - ADV_Generation_eps_1.0_steps_100_Added_Noise_uniform_Eps_40.0_Tau_Type_normal_anchors - INFO - Batch 1613/2465: Clean accuracy 0.9802 | Adv accuracy: 0.0155 | Counter-attack accuracy: 0.9777
2026-01-22 21:27:07,182 - ADV_Generation_eps_1.0_steps_100_Added_Noise_uniform_Eps_40.0_Tau_Type_normal_anchors - INFO - Batch:[1613] Adversarial images for this batch already exist
2026-01-22 21:27:07,506 - ADV_Generation_eps_1.0_steps_100_Added_Noise_uniform_Eps_40.0_Tau_Type_normal_anchors - INFO - Batch 1614/2465: Clean accuracy 0.9802 | Adv accuracy: 0.0155 | Counter-attack accuracy: 0.9777
2026-01-22 21:27:07,507 - ADV_Generation_eps_1.0_steps_100_Added_Noise_uniform_Eps_40.0_Tau_Type_normal_anchors - INFO - Batch:[1614] Adversarial images for this batch already exist
2026-01-22 21:27:07,828 - ADV_Generation_eps_1.0_steps_100_Added_Noise_uniform_Eps_40.0_Tau_Type_normal_anchors - INFO - Batch 1615/2465: Clean accuracy 0.9802 | Adv accuracy: 0.0155 | Counter-attack accuracy: 0.9777
2026-01-22 21:27:07,830 - ADV_Generation_eps_1.0_steps_100_Added_Noise_uniform_Eps_40.0_Tau_Type_normal_anchors - INFO - Batch:[1615] Adversarial images for this batch already exist
2026-01-22 21:27:08,173 - ADV_Generation_eps_1.0_steps_100_Added_Noise_uniform_Eps_40.0_Tau_Type_normal_anchors - INFO - Batch 1616/2465: Clean accuracy 0.9802 | Adv accuracy: 0.0155 | Counter-attack accuracy: 0.9777
2026-01-22 21:27:08,173 - ADV_Generation_eps_1.0_steps_100_Added_Noise_uniform_Eps_40.0_Tau_Type_normal_anchors - INFO - Batch:[1616] Adversarial images for this batch already exist
2026-01-22 21:27:08,519 - ADV_Generation_eps_1.0_steps_100_Added_Noise_uniform_Eps_40.0_Tau_Type_normal_anchors - INFO - Batch 1617/2465: Clean accuracy 0.9802 | Adv accuracy: 0.0155 | Counter-attack accuracy: 0.9777
2026-01-22 21:27:08,520 - ADV_Generation_eps_1.0_steps_100_Added_Noise_uniform_Eps_40.0_Tau_Type_normal_anchors - INFO - Batch:[1617] Adversarial images for this batch already exist
2026-01-22 21:27:08,852 - ADV_Generation_eps_1.0_steps_100_Added_Noise_uniform_Eps_40.0_Tau_Type_normal_anchors - INFO - Batch 1618/2465: Clean accuracy 0.9802 | Adv accuracy: 0.0155 | Counter-attack accuracy: 0.9778
2026-01-22 21:27:08,852 - ADV_Generation_eps_1.0_steps_100_Added_Noise_uniform_Eps_40.0_Tau_Type_normal_anchors - INFO - Batch:[1618] Adversarial images for this batch already exist
2026-01-22 21:27:09,178 - ADV_Generation_eps_1.0_steps_100_Added_Noise_uniform_Eps_40.0_Tau_Type_normal_anchors - INFO - Batch 1619/2465: Clean accuracy 0.9802 | Adv accuracy: 0.0154 | Counter-attack accuracy: 0.9778
2026-01-22 21:27:09,179 - ADV_Generation_eps_1.0_steps_100_Added_Noise_uniform_Eps_40.0_Tau_Type_normal_anchors - INFO - Batch:[1619] Adversarial images for this batch already exist
2026-01-22 21:27:09,506 - ADV_Generation_eps_1.0_steps_100_Added_Noise_uniform_Eps_40.0_Tau_Type_normal_anchors - INFO - Batch 1620/2465: Clean accuracy 0.9802 | Adv accuracy: 0.0154 | Counter-attack accuracy: 0.9778
2026-01-22 21:27:09,506 - ADV_Generation_eps_1.0_steps_100_Added_Noise_uniform_Eps_40.0_Tau_Type_normal_anchors - INFO - Batch:[1620] Adversarial images for this batch already exist
2026-01-22 21:27:09,841 - ADV_Generation_eps_1.0_steps_100_Added_Noise_uniform_Eps_40.0_Tau_Type_normal_anchors - INFO - Batch 1621/2465: Clean accuracy 0.9803 | Adv accuracy: 0.0154 | Counter-attack accuracy: 0.9778
2026-01-22 21:27:09,842 - ADV_Generation_eps_1.0_steps_100_Added_Noise_uniform_Eps_40.0_Tau_Type_normal_anchors - INFO - Batch:[1621] Adversarial images for this batch already exist
2026-01-22 21:27:10,166 - ADV_Generation_eps_1.0_steps_100_Added_Noise_uniform_Eps_40.0_Tau_Type_normal_anchors - INFO - Batch 1622/2465: Clean accuracy 0.9803 | Adv accuracy: 0.0154 | Counter-attack accuracy: 0.9772
2026-01-22 21:27:10,167 - ADV_Generation_eps_1.0_steps_100_Added_Noise_uniform_Eps_40.0_Tau_Type_normal_anchors - INFO - Batch:[1622] Adversarial images for this batch already exist
2026-01-22 21:27:10,503 - ADV_Generation_eps_1.0_steps_100_Added_Noise_uniform_Eps_40.0_Tau_Type_normal_anchors - INFO - Batch 1623/2465: Clean accuracy 0.9803 | Adv accuracy: 0.0154 | Counter-attack accuracy: 0.9772
2026-01-22 21:27:10,504 - ADV_Generation_eps_1.0_steps_100_Added_Noise_uniform_Eps_40.0_Tau_Type_normal_anchors - INFO - Batch:[1623] Adversarial images for this batch already exist
2026-01-22 21:27:10,826 - ADV_Generation_eps_1.0_steps_100_Added_Noise_uniform_Eps_40.0_Tau_Type_normal_anchors - INFO - Batch 1624/2465: Clean accuracy 0.9803 | Adv accuracy: 0.0154 | Counter-attack accuracy: 0.9772
2026-01-22 21:27:10,827 - ADV_Generation_eps_1.0_steps_100_Added_Noise_uniform_Eps_40.0_Tau_Type_normal_anchors - INFO - Batch:[1624] Adversarial images for this batch already exist
2026-01-22 21:27:11,150 - ADV_Generation_eps_1.0_steps_100_Added_Noise_uniform_Eps_40.0_Tau_Type_normal_anchors - INFO - Batch 1625/2465: Clean accuracy 0.9803 | Adv accuracy: 0.0154 | Counter-attack accuracy: 0.9772
2026-01-22 21:27:11,150 - ADV_Generation_eps_1.0_steps_100_Added_Noise_uniform_Eps_40.0_Tau_Type_normal_anchors - INFO - Batch:[1625] Adversarial images for this batch already exist
2026-01-22 21:27:11,473 - ADV_Generation_eps_1.0_steps_100_Added_Noise_uniform_Eps_40.0_Tau_Type_normal_anchors - INFO - Batch 1626/2465: Clean accuracy 0.9803 | Adv accuracy: 0.0154 | Counter-attack accuracy: 0.9772
2026-01-22 21:27:11,475 - ADV_Generation_eps_1.0_steps_100_Added_Noise_uniform_Eps_40.0_Tau_Type_normal_anchors - INFO - Batch:[1626] Adversarial images for this batch already exist
2026-01-22 21:27:11,799 - ADV_Generation_eps_1.0_steps_100_Added_Noise_uniform_Eps_40.0_Tau_Type_normal_anchors - INFO - Batch 1627/2465: Clean accuracy 0.9803 | Adv accuracy: 0.0154 | Counter-attack accuracy: 0.9773
2026-01-22 21:27:11,801 - ADV_Generation_eps_1.0_steps_100_Added_Noise_uniform_Eps_40.0_Tau_Type_normal_anchors - INFO - Batch:[1627] Adversarial images for this batch already exist
2026-01-22 21:27:12,124 - ADV_Generation_eps_1.0_steps_100_Added_Noise_uniform_Eps_40.0_Tau_Type_normal_anchors - INFO - Batch 1628/2465: Clean accuracy 0.9803 | Adv accuracy: 0.0154 | Counter-attack accuracy: 0.9773
2026-01-22 21:27:12,125 - ADV_Generation_eps_1.0_steps_100_Added_Noise_uniform_Eps_40.0_Tau_Type_normal_anchors - INFO - Batch:[1628] Adversarial images for this batch already exist
2026-01-22 21:27:12,446 - ADV_Generation_eps_1.0_steps_100_Added_Noise_uniform_Eps_40.0_Tau_Type_normal_anchors - INFO - Batch 1629/2465: Clean accuracy 0.9797 | Adv accuracy: 0.0153 | Counter-attack accuracy: 0.9773
2026-01-22 21:27:12,447 - ADV_Generation_eps_1.0_steps_100_Added_Noise_uniform_Eps_40.0_Tau_Type_normal_anchors - INFO - Batch:[1629] Adversarial images for this batch already exist
2026-01-22 21:27:12,786 - ADV_Generation_eps_1.0_steps_100_Added_Noise_uniform_Eps_40.0_Tau_Type_normal_anchors - INFO - Batch 1630/2465: Clean accuracy 0.9798 | Adv accuracy: 0.0153 | Counter-attack accuracy: 0.9773
2026-01-22 21:27:12,787 - ADV_Generation_eps_1.0_steps_100_Added_Noise_uniform_Eps_40.0_Tau_Type_normal_anchors - INFO - Batch:[1630] Adversarial images for this batch already exist
2026-01-22 21:27:13,109 - ADV_Generation_eps_1.0_steps_100_Added_Noise_uniform_Eps_40.0_Tau_Type_normal_anchors - INFO - Batch 1631/2465: Clean accuracy 0.9792 | Adv accuracy: 0.0153 | Counter-attack accuracy: 0.9773
2026-01-22 21:27:13,110 - ADV_Generation_eps_1.0_steps_100_Added_Noise_uniform_Eps_40.0_Tau_Type_normal_anchors - INFO - Batch:[1631] Adversarial images for this batch already exist
2026-01-22 21:27:13,432 - ADV_Generation_eps_1.0_steps_100_Added_Noise_uniform_Eps_40.0_Tau_Type_normal_anchors - INFO - Batch 1632/2465: Clean accuracy 0.9792 | Adv accuracy: 0.0153 | Counter-attack accuracy: 0.9773
2026-01-22 21:27:13,432 - ADV_Generation_eps_1.0_steps_100_Added_Noise_uniform_Eps_40.0_Tau_Type_normal_anchors - INFO - Batch:[1632] Adversarial images for this batch already exist
2026-01-22 21:27:13,759 - ADV_Generation_eps_1.0_steps_100_Added_Noise_uniform_Eps_40.0_Tau_Type_normal_anchors - INFO - Batch 1633/2465: Clean accuracy 0.9792 | Adv accuracy: 0.0153 | Counter-attack accuracy: 0.9773
2026-01-22 21:27:13,759 - ADV_Generation_eps_1.0_steps_100_Added_Noise_uniform_Eps_40.0_Tau_Type_normal_anchors - INFO - Batch:[1633] Adversarial images for this batch already exist
2026-01-22 21:27:14,089 - ADV_Generation_eps_1.0_steps_100_Added_Noise_uniform_Eps_40.0_Tau_Type_normal_anchors - INFO - Batch 1634/2465: Clean accuracy 0.9792 | Adv accuracy: 0.0153 | Counter-attack accuracy: 0.9774
2026-01-22 21:27:14,089 - ADV_Generation_eps_1.0_steps_100_Added_Noise_uniform_Eps_40.0_Tau_Type_normal_anchors - INFO - Batch:[1634] Adversarial images for this batch already exist
2026-01-22 21:27:14,409 - ADV_Generation_eps_1.0_steps_100_Added_Noise_uniform_Eps_40.0_Tau_Type_normal_anchors - INFO - Batch 1635/2465: Clean accuracy 0.9792 | Adv accuracy: 0.0153 | Counter-attack accuracy: 0.9774
2026-01-22 21:27:14,410 - ADV_Generation_eps_1.0_steps_100_Added_Noise_uniform_Eps_40.0_Tau_Type_normal_anchors - INFO - Batch:[1635] Adversarial images for this batch already exist
2026-01-22 21:27:14,734 - ADV_Generation_eps_1.0_steps_100_Added_Noise_uniform_Eps_40.0_Tau_Type_normal_anchors - INFO - Batch 1636/2465: Clean accuracy 0.9792 | Adv accuracy: 0.0153 | Counter-attack accuracy: 0.9774
2026-01-22 21:27:14,735 - ADV_Generation_eps_1.0_steps_100_Added_Noise_uniform_Eps_40.0_Tau_Type_normal_anchors - INFO - Batch:[1636] Adversarial images for this batch already exist
2026-01-22 21:27:15,064 - ADV_Generation_eps_1.0_steps_100_Added_Noise_uniform_Eps_40.0_Tau_Type_normal_anchors - INFO - Batch 1637/2465: Clean accuracy 0.9792 | Adv accuracy: 0.0153 | Counter-attack accuracy: 0.9774
2026-01-22 21:27:15,065 - ADV_Generation_eps_1.0_steps_100_Added_Noise_uniform_Eps_40.0_Tau_Type_normal_anchors - INFO - Batch:[1637] Adversarial images for this batch already exist
2026-01-22 21:27:15,389 - ADV_Generation_eps_1.0_steps_100_Added_Noise_uniform_Eps_40.0_Tau_Type_normal_anchors - INFO - Batch 1638/2465: Clean accuracy 0.9792 | Adv accuracy: 0.0153 | Counter-attack accuracy: 0.9774
2026-01-22 21:27:15,391 - ADV_Generation_eps_1.0_steps_100_Added_Noise_uniform_Eps_40.0_Tau_Type_normal_anchors - INFO - Batch:[1638] Adversarial images for this batch already exist
2026-01-22 21:27:15,719 - ADV_Generation_eps_1.0_steps_100_Added_Noise_uniform_Eps_40.0_Tau_Type_normal_anchors - INFO - Batch 1639/2465: Clean accuracy 0.9793 | Adv accuracy: 0.0153 | Counter-attack accuracy: 0.9774
2026-01-22 21:27:15,720 - ADV_Generation_eps_1.0_steps_100_Added_Noise_uniform_Eps_40.0_Tau_Type_normal_anchors - INFO - Batch:[1639] Adversarial images for this batch already exist
2026-01-22 21:27:16,048 - ADV_Generation_eps_1.0_steps_100_Added_Noise_uniform_Eps_40.0_Tau_Type_normal_anchors - INFO - Batch 1640/2465: Clean accuracy 0.9793 | Adv accuracy: 0.0152 | Counter-attack accuracy: 0.9774
2026-01-22 21:27:16,049 - ADV_Generation_eps_1.0_steps_100_Added_Noise_uniform_Eps_40.0_Tau_Type_normal_anchors - INFO - Batch:[1640] Adversarial images for this batch already exist
2026-01-22 21:27:16,377 - ADV_Generation_eps_1.0_steps_100_Added_Noise_uniform_Eps_40.0_Tau_Type_normal_anchors - INFO - Batch 1641/2465: Clean accuracy 0.9793 | Adv accuracy: 0.0152 | Counter-attack accuracy: 0.9775
2026-01-22 21:27:16,379 - ADV_Generation_eps_1.0_steps_100_Added_Noise_uniform_Eps_40.0_Tau_Type_normal_anchors - INFO - Batch:[1641] Adversarial images for this batch already exist
2026-01-22 21:27:16,695 - ADV_Generation_eps_1.0_steps_100_Added_Noise_uniform_Eps_40.0_Tau_Type_normal_anchors - INFO - Batch 1642/2465: Clean accuracy 0.9793 | Adv accuracy: 0.0152 | Counter-attack accuracy: 0.9775
2026-01-22 21:27:16,696 - ADV_Generation_eps_1.0_steps_100_Added_Noise_uniform_Eps_40.0_Tau_Type_normal_anchors - INFO - Batch:[1642] Adversarial images for this batch already exist
2026-01-22 21:27:17,026 - ADV_Generation_eps_1.0_steps_100_Added_Noise_uniform_Eps_40.0_Tau_Type_normal_anchors - INFO - Batch 1643/2465: Clean accuracy 0.9793 | Adv accuracy: 0.0152 | Counter-attack accuracy: 0.9775
2026-01-22 21:27:17,027 - ADV_Generation_eps_1.0_steps_100_Added_Noise_uniform_Eps_40.0_Tau_Type_normal_anchors - INFO - Batch:[1643] Adversarial images for this batch already exist
2026-01-22 21:27:17,353 - ADV_Generation_eps_1.0_steps_100_Added_Noise_uniform_Eps_40.0_Tau_Type_normal_anchors - INFO - Batch 1644/2465: Clean accuracy 0.9793 | Adv accuracy: 0.0152 | Counter-attack accuracy: 0.9775
2026-01-22 21:27:17,354 - ADV_Generation_eps_1.0_steps_100_Added_Noise_uniform_Eps_40.0_Tau_Type_normal_anchors - INFO - Batch:[1644] Adversarial images for this batch already exist
2026-01-22 21:27:17,680 - ADV_Generation_eps_1.0_steps_100_Added_Noise_uniform_Eps_40.0_Tau_Type_normal_anchors - INFO - Batch 1645/2465: Clean accuracy 0.9793 | Adv accuracy: 0.0152 | Counter-attack accuracy: 0.9775
2026-01-22 21:27:17,680 - ADV_Generation_eps_1.0_steps_100_Added_Noise_uniform_Eps_40.0_Tau_Type_normal_anchors - INFO - Batch:[1645] Adversarial images for this batch already exist
2026-01-22 21:27:18,016 - ADV_Generation_eps_1.0_steps_100_Added_Noise_uniform_Eps_40.0_Tau_Type_normal_anchors - INFO - Batch 1646/2465: Clean accuracy 0.9793 | Adv accuracy: 0.0152 | Counter-attack accuracy: 0.9775
2026-01-22 21:27:18,017 - ADV_Generation_eps_1.0_steps_100_Added_Noise_uniform_Eps_40.0_Tau_Type_normal_anchors - INFO - Batch:[1646] Adversarial images for this batch already exist
2026-01-22 21:27:18,345 - ADV_Generation_eps_1.0_steps_100_Added_Noise_uniform_Eps_40.0_Tau_Type_normal_anchors - INFO - Batch 1647/2465: Clean accuracy 0.9794 | Adv accuracy: 0.0152 | Counter-attack accuracy: 0.9775
2026-01-22 21:27:18,345 - ADV_Generation_eps_1.0_steps_100_Added_Noise_uniform_Eps_40.0_Tau_Type_normal_anchors - INFO - Batch:[1647] Adversarial images for this batch already exist
2026-01-22 21:27:18,666 - ADV_Generation_eps_1.0_steps_100_Added_Noise_uniform_Eps_40.0_Tau_Type_normal_anchors - INFO - Batch 1648/2465: Clean accuracy 0.9794 | Adv accuracy: 0.0152 | Counter-attack accuracy: 0.9775
2026-01-22 21:27:18,667 - ADV_Generation_eps_1.0_steps_100_Added_Noise_uniform_Eps_40.0_Tau_Type_normal_anchors - INFO - Batch:[1648] Adversarial images for this batch already exist
2026-01-22 21:27:18,986 - ADV_Generation_eps_1.0_steps_100_Added_Noise_uniform_Eps_40.0_Tau_Type_normal_anchors - INFO - Batch 1649/2465: Clean accuracy 0.9794 | Adv accuracy: 0.0152 | Counter-attack accuracy: 0.9776
2026-01-22 21:27:18,987 - ADV_Generation_eps_1.0_steps_100_Added_Noise_uniform_Eps_40.0_Tau_Type_normal_anchors - INFO - Batch:[1649] Adversarial images for this batch already exist
2026-01-22 21:27:19,317 - ADV_Generation_eps_1.0_steps_100_Added_Noise_uniform_Eps_40.0_Tau_Type_normal_anchors - INFO - Batch 1650/2465: Clean accuracy 0.9788 | Adv accuracy: 0.0152 | Counter-attack accuracy: 0.9776
2026-01-22 21:27:19,318 - ADV_Generation_eps_1.0_steps_100_Added_Noise_uniform_Eps_40.0_Tau_Type_normal_anchors - INFO - Batch:[1650] Adversarial images for this batch already exist
2026-01-22 21:27:19,646 - ADV_Generation_eps_1.0_steps_100_Added_Noise_uniform_Eps_40.0_Tau_Type_normal_anchors - INFO - Batch 1651/2465: Clean accuracy 0.9782 | Adv accuracy: 0.0151 | Counter-attack accuracy: 0.9770
2026-01-22 21:27:19,647 - ADV_Generation_eps_1.0_steps_100_Added_Noise_uniform_Eps_40.0_Tau_Type_normal_anchors - INFO - Batch:[1651] Adversarial images for this batch already exist
2026-01-22 21:27:19,965 - ADV_Generation_eps_1.0_steps_100_Added_Noise_uniform_Eps_40.0_Tau_Type_normal_anchors - INFO - Batch 1652/2465: Clean accuracy 0.9782 | Adv accuracy: 0.0151 | Counter-attack accuracy: 0.9770
2026-01-22 21:27:19,965 - ADV_Generation_eps_1.0_steps_100_Added_Noise_uniform_Eps_40.0_Tau_Type_normal_anchors - INFO - Batch:[1652] Adversarial images for this batch already exist
2026-01-22 21:27:20,284 - ADV_Generation_eps_1.0_steps_100_Added_Noise_uniform_Eps_40.0_Tau_Type_normal_anchors - INFO - Batch 1653/2465: Clean accuracy 0.9782 | Adv accuracy: 0.0151 | Counter-attack accuracy: 0.9764
2026-01-22 21:27:20,284 - ADV_Generation_eps_1.0_steps_100_Added_Noise_uniform_Eps_40.0_Tau_Type_normal_anchors - INFO - Batch:[1653] Adversarial images for this batch already exist
2026-01-22 21:27:20,609 - ADV_Generation_eps_1.0_steps_100_Added_Noise_uniform_Eps_40.0_Tau_Type_normal_anchors - INFO - Batch 1654/2465: Clean accuracy 0.9782 | Adv accuracy: 0.0151 | Counter-attack accuracy: 0.9764
2026-01-22 21:27:20,610 - ADV_Generation_eps_1.0_steps_100_Added_Noise_uniform_Eps_40.0_Tau_Type_normal_anchors - INFO - Batch:[1654] Adversarial images for this batch already exist
2026-01-22 21:27:20,935 - ADV_Generation_eps_1.0_steps_100_Added_Noise_uniform_Eps_40.0_Tau_Type_normal_anchors - INFO - Batch 1655/2465: Clean accuracy 0.9782 | Adv accuracy: 0.0151 | Counter-attack accuracy: 0.9764
2026-01-22 21:27:20,936 - ADV_Generation_eps_1.0_steps_100_Added_Noise_uniform_Eps_40.0_Tau_Type_normal_anchors - INFO - Batch:[1655] Adversarial images for this batch already exist
2026-01-22 21:27:21,284 - ADV_Generation_eps_1.0_steps_100_Added_Noise_uniform_Eps_40.0_Tau_Type_normal_anchors - INFO - Batch 1656/2465: Clean accuracy 0.9783 | Adv accuracy: 0.0151 | Counter-attack accuracy: 0.9764
2026-01-22 21:27:21,285 - ADV_Generation_eps_1.0_steps_100_Added_Noise_uniform_Eps_40.0_Tau_Type_normal_anchors - INFO - Batch:[1656] Adversarial images for this batch already exist
2026-01-22 21:27:21,607 - ADV_Generation_eps_1.0_steps_100_Added_Noise_uniform_Eps_40.0_Tau_Type_normal_anchors - INFO - Batch 1657/2465: Clean accuracy 0.9783 | Adv accuracy: 0.0151 | Counter-attack accuracy: 0.9765
2026-01-22 21:27:21,608 - ADV_Generation_eps_1.0_steps_100_Added_Noise_uniform_Eps_40.0_Tau_Type_normal_anchors - INFO - Batch:[1657] Adversarial images for this batch already exist
2026-01-22 21:27:21,933 - ADV_Generation_eps_1.0_steps_100_Added_Noise_uniform_Eps_40.0_Tau_Type_normal_anchors - INFO - Batch 1658/2465: Clean accuracy 0.9783 | Adv accuracy: 0.0151 | Counter-attack accuracy: 0.9765
2026-01-22 21:27:21,934 - ADV_Generation_eps_1.0_steps_100_Added_Noise_uniform_Eps_40.0_Tau_Type_normal_anchors - INFO - Batch:[1658] Adversarial images for this batch already exist
2026-01-22 21:27:22,266 - ADV_Generation_eps_1.0_steps_100_Added_Noise_uniform_Eps_40.0_Tau_Type_normal_anchors - INFO - Batch 1659/2465: Clean accuracy 0.9777 | Adv accuracy: 0.0151 | Counter-attack accuracy: 0.9759
2026-01-22 21:27:22,267 - ADV_Generation_eps_1.0_steps_100_Added_Noise_uniform_Eps_40.0_Tau_Type_normal_anchors - INFO - Batch:[1659] Adversarial images for this batch already exist
2026-01-22 21:27:22,594 - ADV_Generation_eps_1.0_steps_100_Added_Noise_uniform_Eps_40.0_Tau_Type_normal_anchors - INFO - Batch 1660/2465: Clean accuracy 0.9777 | Adv accuracy: 0.0151 | Counter-attack accuracy: 0.9759
2026-01-22 21:27:22,595 - ADV_Generation_eps_1.0_steps_100_Added_Noise_uniform_Eps_40.0_Tau_Type_normal_anchors - INFO - Batch:[1660] Adversarial images for this batch already exist
2026-01-22 21:27:22,918 - ADV_Generation_eps_1.0_steps_100_Added_Noise_uniform_Eps_40.0_Tau_Type_normal_anchors - INFO - Batch 1661/2465: Clean accuracy 0.9777 | Adv accuracy: 0.0151 | Counter-attack accuracy: 0.9759
2026-01-22 21:27:22,920 - ADV_Generation_eps_1.0_steps_100_Added_Noise_uniform_Eps_40.0_Tau_Type_normal_anchors - INFO - Batch:[1661] Adversarial images for this batch already exist
2026-01-22 21:27:23,248 - ADV_Generation_eps_1.0_steps_100_Added_Noise_uniform_Eps_40.0_Tau_Type_normal_anchors - INFO - Batch 1662/2465: Clean accuracy 0.9777 | Adv accuracy: 0.0150 | Counter-attack accuracy: 0.9759
2026-01-22 21:27:23,249 - ADV_Generation_eps_1.0_steps_100_Added_Noise_uniform_Eps_40.0_Tau_Type_normal_anchors - INFO - Batch:[1662] Adversarial images for this batch already exist
2026-01-22 21:27:23,573 - ADV_Generation_eps_1.0_steps_100_Added_Noise_uniform_Eps_40.0_Tau_Type_normal_anchors - INFO - Batch 1663/2465: Clean accuracy 0.9778 | Adv accuracy: 0.0150 | Counter-attack accuracy: 0.9759
2026-01-22 21:27:23,575 - ADV_Generation_eps_1.0_steps_100_Added_Noise_uniform_Eps_40.0_Tau_Type_normal_anchors - INFO - Batch:[1663] Adversarial images for this batch already exist
2026-01-22 21:27:23,906 - ADV_Generation_eps_1.0_steps_100_Added_Noise_uniform_Eps_40.0_Tau_Type_normal_anchors - INFO - Batch 1664/2465: Clean accuracy 0.9778 | Adv accuracy: 0.0150 | Counter-attack accuracy: 0.9760
2026-01-22 21:27:23,907 - ADV_Generation_eps_1.0_steps_100_Added_Noise_uniform_Eps_40.0_Tau_Type_normal_anchors - INFO - Batch:[1664] Adversarial images for this batch already exist
2026-01-22 21:27:24,231 - ADV_Generation_eps_1.0_steps_100_Added_Noise_uniform_Eps_40.0_Tau_Type_normal_anchors - INFO - Batch 1665/2465: Clean accuracy 0.9778 | Adv accuracy: 0.0150 | Counter-attack accuracy: 0.9760
2026-01-22 21:27:24,232 - ADV_Generation_eps_1.0_steps_100_Added_Noise_uniform_Eps_40.0_Tau_Type_normal_anchors - INFO - Batch:[1665] Adversarial images for this batch already exist
2026-01-22 21:27:24,558 - ADV_Generation_eps_1.0_steps_100_Added_Noise_uniform_Eps_40.0_Tau_Type_normal_anchors - INFO - Batch 1666/2465: Clean accuracy 0.9778 | Adv accuracy: 0.0150 | Counter-attack accuracy: 0.9760
2026-01-22 21:27:24,559 - ADV_Generation_eps_1.0_steps_100_Added_Noise_uniform_Eps_40.0_Tau_Type_normal_anchors - INFO - Batch:[1666] Adversarial images for this batch already exist
2026-01-22 21:27:24,883 - ADV_Generation_eps_1.0_steps_100_Added_Noise_uniform_Eps_40.0_Tau_Type_normal_anchors - INFO - Batch 1667/2465: Clean accuracy 0.9778 | Adv accuracy: 0.0150 | Counter-attack accuracy: 0.9760
2026-01-22 21:27:24,885 - ADV_Generation_eps_1.0_steps_100_Added_Noise_uniform_Eps_40.0_Tau_Type_normal_anchors - INFO - Batch:[1667] Adversarial images for this batch already exist
2026-01-22 21:27:25,211 - ADV_Generation_eps_1.0_steps_100_Added_Noise_uniform_Eps_40.0_Tau_Type_normal_anchors - INFO - Batch 1668/2465: Clean accuracy 0.9778 | Adv accuracy: 0.0150 | Counter-attack accuracy: 0.9754
2026-01-22 21:27:25,212 - ADV_Generation_eps_1.0_steps_100_Added_Noise_uniform_Eps_40.0_Tau_Type_normal_anchors - INFO - Batch:[1668] Adversarial images for this batch already exist
2026-01-22 21:27:25,536 - ADV_Generation_eps_1.0_steps_100_Added_Noise_uniform_Eps_40.0_Tau_Type_normal_anchors - INFO - Batch 1669/2465: Clean accuracy 0.9778 | Adv accuracy: 0.0150 | Counter-attack accuracy: 0.9754
2026-01-22 21:27:25,537 - ADV_Generation_eps_1.0_steps_100_Added_Noise_uniform_Eps_40.0_Tau_Type_normal_anchors - INFO - Batch:[1669] Adversarial images for this batch already exist
2026-01-22 21:27:25,885 - ADV_Generation_eps_1.0_steps_100_Added_Noise_uniform_Eps_40.0_Tau_Type_normal_anchors - INFO - Batch 1670/2465: Clean accuracy 0.9778 | Adv accuracy: 0.0150 | Counter-attack accuracy: 0.9754
2026-01-22 21:27:25,886 - ADV_Generation_eps_1.0_steps_100_Added_Noise_uniform_Eps_40.0_Tau_Type_normal_anchors - INFO - Batch:[1670] Adversarial images for this batch already exist
2026-01-22 21:27:26,235 - ADV_Generation_eps_1.0_steps_100_Added_Noise_uniform_Eps_40.0_Tau_Type_normal_anchors - INFO - Batch 1671/2465: Clean accuracy 0.9779 | Adv accuracy: 0.0150 | Counter-attack accuracy: 0.9755
2026-01-22 21:27:26,236 - ADV_Generation_eps_1.0_steps_100_Added_Noise_uniform_Eps_40.0_Tau_Type_normal_anchors - INFO - Batch:[1671] Adversarial images for this batch already exist
2026-01-22 21:27:26,558 - ADV_Generation_eps_1.0_steps_100_Added_Noise_uniform_Eps_40.0_Tau_Type_normal_anchors - INFO - Batch 1672/2465: Clean accuracy 0.9779 | Adv accuracy: 0.0150 | Counter-attack accuracy: 0.9755
2026-01-22 21:27:26,558 - ADV_Generation_eps_1.0_steps_100_Added_Noise_uniform_Eps_40.0_Tau_Type_normal_anchors - INFO - Batch:[1672] Adversarial images for this batch already exist
2026-01-22 21:27:26,889 - ADV_Generation_eps_1.0_steps_100_Added_Noise_uniform_Eps_40.0_Tau_Type_normal_anchors - INFO - Batch 1673/2465: Clean accuracy 0.9779 | Adv accuracy: 0.0149 | Counter-attack accuracy: 0.9755
2026-01-22 21:27:26,890 - ADV_Generation_eps_1.0_steps_100_Added_Noise_uniform_Eps_40.0_Tau_Type_normal_anchors - INFO - Batch:[1673] Adversarial images for this batch already exist
2026-01-22 21:27:27,216 - ADV_Generation_eps_1.0_steps_100_Added_Noise_uniform_Eps_40.0_Tau_Type_normal_anchors - INFO - Batch 1674/2465: Clean accuracy 0.9779 | Adv accuracy: 0.0149 | Counter-attack accuracy: 0.9749
2026-01-22 21:27:27,216 - ADV_Generation_eps_1.0_steps_100_Added_Noise_uniform_Eps_40.0_Tau_Type_normal_anchors - INFO - Batch:[1674] Adversarial images for this batch already exist
2026-01-22 21:27:27,547 - ADV_Generation_eps_1.0_steps_100_Added_Noise_uniform_Eps_40.0_Tau_Type_normal_anchors - INFO - Batch 1675/2465: Clean accuracy 0.9779 | Adv accuracy: 0.0149 | Counter-attack accuracy: 0.9749
2026-01-22 21:27:27,547 - ADV_Generation_eps_1.0_steps_100_Added_Noise_uniform_Eps_40.0_Tau_Type_normal_anchors - INFO - Batch:[1675] Adversarial images for this batch already exist
2026-01-22 21:27:27,914 - ADV_Generation_eps_1.0_steps_100_Added_Noise_uniform_Eps_40.0_Tau_Type_normal_anchors - INFO - Batch 1676/2465: Clean accuracy 0.9779 | Adv accuracy: 0.0149 | Counter-attack accuracy: 0.9749
2026-01-22 21:27:27,915 - ADV_Generation_eps_1.0_steps_100_Added_Noise_uniform_Eps_40.0_Tau_Type_normal_anchors - INFO - Batch:[1676] Adversarial images for this batch already exist
2026-01-22 21:27:28,239 - ADV_Generation_eps_1.0_steps_100_Added_Noise_uniform_Eps_40.0_Tau_Type_normal_anchors - INFO - Batch 1677/2465: Clean accuracy 0.9779 | Adv accuracy: 0.0149 | Counter-attack accuracy: 0.9750
2026-01-22 21:27:28,240 - ADV_Generation_eps_1.0_steps_100_Added_Noise_uniform_Eps_40.0_Tau_Type_normal_anchors - INFO - Batch:[1677] Adversarial images for this batch already exist
2026-01-22 21:27:28,565 - ADV_Generation_eps_1.0_steps_100_Added_Noise_uniform_Eps_40.0_Tau_Type_normal_anchors - INFO - Batch 1678/2465: Clean accuracy 0.9779 | Adv accuracy: 0.0149 | Counter-attack accuracy: 0.9750
2026-01-22 21:27:28,566 - ADV_Generation_eps_1.0_steps_100_Added_Noise_uniform_Eps_40.0_Tau_Type_normal_anchors - INFO - Batch:[1678] Adversarial images for this batch already exist
2026-01-22 21:27:28,894 - ADV_Generation_eps_1.0_steps_100_Added_Noise_uniform_Eps_40.0_Tau_Type_normal_anchors - INFO - Batch 1679/2465: Clean accuracy 0.9780 | Adv accuracy: 0.0149 | Counter-attack accuracy: 0.9750
2026-01-22 21:27:28,894 - ADV_Generation_eps_1.0_steps_100_Added_Noise_uniform_Eps_40.0_Tau_Type_normal_anchors - INFO - Batch:[1679] Adversarial images for this batch already exist
2026-01-22 21:27:29,223 - ADV_Generation_eps_1.0_steps_100_Added_Noise_uniform_Eps_40.0_Tau_Type_normal_anchors - INFO - Batch 1680/2465: Clean accuracy 0.9780 | Adv accuracy: 0.0149 | Counter-attack accuracy: 0.9750
2026-01-22 21:27:29,224 - ADV_Generation_eps_1.0_steps_100_Added_Noise_uniform_Eps_40.0_Tau_Type_normal_anchors - INFO - Batch:[1680] Adversarial images for this batch already exist
2026-01-22 21:27:29,548 - ADV_Generation_eps_1.0_steps_100_Added_Noise_uniform_Eps_40.0_Tau_Type_normal_anchors - INFO - Batch 1681/2465: Clean accuracy 0.9780 | Adv accuracy: 0.0149 | Counter-attack accuracy: 0.9750
2026-01-22 21:27:29,548 - ADV_Generation_eps_1.0_steps_100_Added_Noise_uniform_Eps_40.0_Tau_Type_normal_anchors - INFO - Batch:[1681] Adversarial images for this batch already exist
2026-01-22 21:27:29,883 - ADV_Generation_eps_1.0_steps_100_Added_Noise_uniform_Eps_40.0_Tau_Type_normal_anchors - INFO - Batch 1682/2465: Clean accuracy 0.9780 | Adv accuracy: 0.0149 | Counter-attack accuracy: 0.9750
2026-01-22 21:27:29,884 - ADV_Generation_eps_1.0_steps_100_Added_Noise_uniform_Eps_40.0_Tau_Type_normal_anchors - INFO - Batch:[1682] Adversarial images for this batch already exist
2026-01-22 21:27:30,204 - ADV_Generation_eps_1.0_steps_100_Added_Noise_uniform_Eps_40.0_Tau_Type_normal_anchors - INFO - Batch 1683/2465: Clean accuracy 0.9780 | Adv accuracy: 0.0149 | Counter-attack accuracy: 0.9750
2026-01-22 21:27:30,204 - ADV_Generation_eps_1.0_steps_100_Added_Noise_uniform_Eps_40.0_Tau_Type_normal_anchors - INFO - Batch:[1683] Adversarial images for this batch already exist
2026-01-22 21:27:30,554 - ADV_Generation_eps_1.0_steps_100_Added_Noise_uniform_Eps_40.0_Tau_Type_normal_anchors - INFO - Batch 1684/2465: Clean accuracy 0.9780 | Adv accuracy: 0.0148 | Counter-attack accuracy: 0.9751
2026-01-22 21:27:30,555 - ADV_Generation_eps_1.0_steps_100_Added_Noise_uniform_Eps_40.0_Tau_Type_normal_anchors - INFO - Batch:[1684] Adversarial images for this batch already exist
2026-01-22 21:27:30,910 - ADV_Generation_eps_1.0_steps_100_Added_Noise_uniform_Eps_40.0_Tau_Type_normal_anchors - INFO - Batch 1685/2465: Clean accuracy 0.9780 | Adv accuracy: 0.0148 | Counter-attack accuracy: 0.9751
2026-01-22 21:27:30,911 - ADV_Generation_eps_1.0_steps_100_Added_Noise_uniform_Eps_40.0_Tau_Type_normal_anchors - INFO - Batch:[1685] Adversarial images for this batch already exist
2026-01-22 21:27:31,232 - ADV_Generation_eps_1.0_steps_100_Added_Noise_uniform_Eps_40.0_Tau_Type_normal_anchors - INFO - Batch 1686/2465: Clean accuracy 0.9781 | Adv accuracy: 0.0148 | Counter-attack accuracy: 0.9751
2026-01-22 21:27:31,233 - ADV_Generation_eps_1.0_steps_100_Added_Noise_uniform_Eps_40.0_Tau_Type_normal_anchors - INFO - Batch:[1686] Adversarial images for this batch already exist
2026-01-22 21:27:31,558 - ADV_Generation_eps_1.0_steps_100_Added_Noise_uniform_Eps_40.0_Tau_Type_normal_anchors - INFO - Batch 1687/2465: Clean accuracy 0.9781 | Adv accuracy: 0.0148 | Counter-attack accuracy: 0.9751
2026-01-22 21:27:31,559 - ADV_Generation_eps_1.0_steps_100_Added_Noise_uniform_Eps_40.0_Tau_Type_normal_anchors - INFO - Batch:[1687] Adversarial images for this batch already exist
2026-01-22 21:27:31,888 - ADV_Generation_eps_1.0_steps_100_Added_Noise_uniform_Eps_40.0_Tau_Type_normal_anchors - INFO - Batch 1688/2465: Clean accuracy 0.9781 | Adv accuracy: 0.0148 | Counter-attack accuracy: 0.9751
2026-01-22 21:27:31,889 - ADV_Generation_eps_1.0_steps_100_Added_Noise_uniform_Eps_40.0_Tau_Type_normal_anchors - INFO - Batch:[1688] Adversarial images for this batch already exist
2026-01-22 21:27:32,217 - ADV_Generation_eps_1.0_steps_100_Added_Noise_uniform_Eps_40.0_Tau_Type_normal_anchors - INFO - Batch 1689/2465: Clean accuracy 0.9781 | Adv accuracy: 0.0148 | Counter-attack accuracy: 0.9751
2026-01-22 21:27:32,218 - ADV_Generation_eps_1.0_steps_100_Added_Noise_uniform_Eps_40.0_Tau_Type_normal_anchors - INFO - Batch:[1689] Adversarial images for this batch already exist
2026-01-22 21:27:32,573 - ADV_Generation_eps_1.0_steps_100_Added_Noise_uniform_Eps_40.0_Tau_Type_normal_anchors - INFO - Batch 1690/2465: Clean accuracy 0.9781 | Adv accuracy: 0.0148 | Counter-attack accuracy: 0.9751
2026-01-22 21:27:32,574 - ADV_Generation_eps_1.0_steps_100_Added_Noise_uniform_Eps_40.0_Tau_Type_normal_anchors - INFO - Batch:[1690] Adversarial images for this batch already exist
2026-01-22 21:27:32,900 - ADV_Generation_eps_1.0_steps_100_Added_Noise_uniform_Eps_40.0_Tau_Type_normal_anchors - INFO - Batch 1691/2465: Clean accuracy 0.9781 | Adv accuracy: 0.0148 | Counter-attack accuracy: 0.9752
2026-01-22 21:27:32,900 - ADV_Generation_eps_1.0_steps_100_Added_Noise_uniform_Eps_40.0_Tau_Type_normal_anchors - INFO - Batch:[1691] Adversarial images for this batch already exist
2026-01-22 21:27:33,224 - ADV_Generation_eps_1.0_steps_100_Added_Noise_uniform_Eps_40.0_Tau_Type_normal_anchors - INFO - Batch 1692/2465: Clean accuracy 0.9781 | Adv accuracy: 0.0148 | Counter-attack accuracy: 0.9752
2026-01-22 21:27:33,225 - ADV_Generation_eps_1.0_steps_100_Added_Noise_uniform_Eps_40.0_Tau_Type_normal_anchors - INFO - Batch:[1692] Adversarial images for this batch already exist
2026-01-22 21:27:33,573 - ADV_Generation_eps_1.0_steps_100_Added_Noise_uniform_Eps_40.0_Tau_Type_normal_anchors - INFO - Batch 1693/2465: Clean accuracy 0.9781 | Adv accuracy: 0.0148 | Counter-attack accuracy: 0.9752
2026-01-22 21:27:33,573 - ADV_Generation_eps_1.0_steps_100_Added_Noise_uniform_Eps_40.0_Tau_Type_normal_anchors - INFO - Batch:[1693] Adversarial images for this batch already exist
2026-01-22 21:27:33,899 - ADV_Generation_eps_1.0_steps_100_Added_Noise_uniform_Eps_40.0_Tau_Type_normal_anchors - INFO - Batch 1694/2465: Clean accuracy 0.9782 | Adv accuracy: 0.0148 | Counter-attack accuracy: 0.9752
2026-01-22 21:27:33,899 - ADV_Generation_eps_1.0_steps_100_Added_Noise_uniform_Eps_40.0_Tau_Type_normal_anchors - INFO - Batch:[1694] Adversarial images for this batch already exist
2026-01-22 21:27:34,216 - ADV_Generation_eps_1.0_steps_100_Added_Noise_uniform_Eps_40.0_Tau_Type_normal_anchors - INFO - Batch 1695/2465: Clean accuracy 0.9782 | Adv accuracy: 0.0147 | Counter-attack accuracy: 0.9752
2026-01-22 21:27:34,217 - ADV_Generation_eps_1.0_steps_100_Added_Noise_uniform_Eps_40.0_Tau_Type_normal_anchors - INFO - Batch:[1695] Adversarial images for this batch already exist
2026-01-22 21:27:34,543 - ADV_Generation_eps_1.0_steps_100_Added_Noise_uniform_Eps_40.0_Tau_Type_normal_anchors - INFO - Batch 1696/2465: Clean accuracy 0.9782 | Adv accuracy: 0.0147 | Counter-attack accuracy: 0.9752
2026-01-22 21:27:34,544 - ADV_Generation_eps_1.0_steps_100_Added_Noise_uniform_Eps_40.0_Tau_Type_normal_anchors - INFO - Batch:[1696] Adversarial images for this batch already exist
2026-01-22 21:27:34,865 - ADV_Generation_eps_1.0_steps_100_Added_Noise_uniform_Eps_40.0_Tau_Type_normal_anchors - INFO - Batch 1697/2465: Clean accuracy 0.9782 | Adv accuracy: 0.0147 | Counter-attack accuracy: 0.9753
2026-01-22 21:27:34,866 - ADV_Generation_eps_1.0_steps_100_Added_Noise_uniform_Eps_40.0_Tau_Type_normal_anchors - INFO - Batch:[1697] Adversarial images for this batch already exist
2026-01-22 21:27:35,193 - ADV_Generation_eps_1.0_steps_100_Added_Noise_uniform_Eps_40.0_Tau_Type_normal_anchors - INFO - Batch 1698/2465: Clean accuracy 0.9782 | Adv accuracy: 0.0147 | Counter-attack accuracy: 0.9753
2026-01-22 21:27:35,194 - ADV_Generation_eps_1.0_steps_100_Added_Noise_uniform_Eps_40.0_Tau_Type_normal_anchors - INFO - Batch:[1698] Adversarial images for this batch already exist
2026-01-22 21:27:35,545 - ADV_Generation_eps_1.0_steps_100_Added_Noise_uniform_Eps_40.0_Tau_Type_normal_anchors - INFO - Batch 1699/2465: Clean accuracy 0.9782 | Adv accuracy: 0.0147 | Counter-attack accuracy: 0.9753
2026-01-22 21:27:35,546 - ADV_Generation_eps_1.0_steps_100_Added_Noise_uniform_Eps_40.0_Tau_Type_normal_anchors - INFO - Batch:[1699] Adversarial images for this batch already exist
2026-01-22 21:27:35,871 - ADV_Generation_eps_1.0_steps_100_Added_Noise_uniform_Eps_40.0_Tau_Type_normal_anchors - INFO - Batch 1700/2465: Clean accuracy 0.9782 | Adv accuracy: 0.0147 | Counter-attack accuracy: 0.9753
2026-01-22 21:27:35,872 - ADV_Generation_eps_1.0_steps_100_Added_Noise_uniform_Eps_40.0_Tau_Type_normal_anchors - INFO - Batch:[1700] Adversarial images for this batch already exist
2026-01-22 21:27:36,194 - ADV_Generation_eps_1.0_steps_100_Added_Noise_uniform_Eps_40.0_Tau_Type_normal_anchors - INFO - Batch 1701/2465: Clean accuracy 0.9782 | Adv accuracy: 0.0147 | Counter-attack accuracy: 0.9753
2026-01-22 21:27:36,195 - ADV_Generation_eps_1.0_steps_100_Added_Noise_uniform_Eps_40.0_Tau_Type_normal_anchors - INFO - Batch:[1701] Adversarial images for this batch already exist
2026-01-22 21:27:36,528 - ADV_Generation_eps_1.0_steps_100_Added_Noise_uniform_Eps_40.0_Tau_Type_normal_anchors - INFO - Batch 1702/2465: Clean accuracy 0.9783 | Adv accuracy: 0.0147 | Counter-attack accuracy: 0.9753
2026-01-22 21:27:36,528 - ADV_Generation_eps_1.0_steps_100_Added_Noise_uniform_Eps_40.0_Tau_Type_normal_anchors - INFO - Batch:[1702] Adversarial images for this batch already exist
2026-01-22 21:27:36,855 - ADV_Generation_eps_1.0_steps_100_Added_Noise_uniform_Eps_40.0_Tau_Type_normal_anchors - INFO - Batch 1703/2465: Clean accuracy 0.9783 | Adv accuracy: 0.0147 | Counter-attack accuracy: 0.9753
2026-01-22 21:27:36,856 - ADV_Generation_eps_1.0_steps_100_Added_Noise_uniform_Eps_40.0_Tau_Type_normal_anchors - INFO - Batch:[1703] Adversarial images for this batch already exist
2026-01-22 21:27:37,190 - ADV_Generation_eps_1.0_steps_100_Added_Noise_uniform_Eps_40.0_Tau_Type_normal_anchors - INFO - Batch 1704/2465: Clean accuracy 0.9783 | Adv accuracy: 0.0147 | Counter-attack accuracy: 0.9754
2026-01-22 21:27:37,192 - ADV_Generation_eps_1.0_steps_100_Added_Noise_uniform_Eps_40.0_Tau_Type_normal_anchors - INFO - Batch:[1704] Adversarial images for this batch already exist
2026-01-22 21:27:37,516 - ADV_Generation_eps_1.0_steps_100_Added_Noise_uniform_Eps_40.0_Tau_Type_normal_anchors - INFO - Batch 1705/2465: Clean accuracy 0.9783 | Adv accuracy: 0.0147 | Counter-attack accuracy: 0.9754
2026-01-22 21:27:37,517 - ADV_Generation_eps_1.0_steps_100_Added_Noise_uniform_Eps_40.0_Tau_Type_normal_anchors - INFO - Batch:[1705] Adversarial images for this batch already exist
2026-01-22 21:27:37,837 - ADV_Generation_eps_1.0_steps_100_Added_Noise_uniform_Eps_40.0_Tau_Type_normal_anchors - INFO - Batch 1706/2465: Clean accuracy 0.9783 | Adv accuracy: 0.0147 | Counter-attack accuracy: 0.9754
2026-01-22 21:27:37,838 - ADV_Generation_eps_1.0_steps_100_Added_Noise_uniform_Eps_40.0_Tau_Type_normal_anchors - INFO - Batch:[1706] Adversarial images for this batch already exist
2026-01-22 21:27:38,165 - ADV_Generation_eps_1.0_steps_100_Added_Noise_uniform_Eps_40.0_Tau_Type_normal_anchors - INFO - Batch 1707/2465: Clean accuracy 0.9783 | Adv accuracy: 0.0146 | Counter-attack accuracy: 0.9748
2026-01-22 21:27:38,166 - ADV_Generation_eps_1.0_steps_100_Added_Noise_uniform_Eps_40.0_Tau_Type_normal_anchors - INFO - Batch:[1707] Adversarial images for this batch already exist
2026-01-22 21:27:38,488 - ADV_Generation_eps_1.0_steps_100_Added_Noise_uniform_Eps_40.0_Tau_Type_normal_anchors - INFO - Batch 1708/2465: Clean accuracy 0.9783 | Adv accuracy: 0.0146 | Counter-attack accuracy: 0.9748
2026-01-22 21:27:38,489 - ADV_Generation_eps_1.0_steps_100_Added_Noise_uniform_Eps_40.0_Tau_Type_normal_anchors - INFO - Batch:[1708] Adversarial images for this batch already exist
2026-01-22 21:27:38,812 - ADV_Generation_eps_1.0_steps_100_Added_Noise_uniform_Eps_40.0_Tau_Type_normal_anchors - INFO - Batch 1709/2465: Clean accuracy 0.9783 | Adv accuracy: 0.0146 | Counter-attack accuracy: 0.9748
2026-01-22 21:27:38,813 - ADV_Generation_eps_1.0_steps_100_Added_Noise_uniform_Eps_40.0_Tau_Type_normal_anchors - INFO - Batch:[1709] Adversarial images for this batch already exist
2026-01-22 21:27:39,138 - ADV_Generation_eps_1.0_steps_100_Added_Noise_uniform_Eps_40.0_Tau_Type_normal_anchors - INFO - Batch 1710/2465: Clean accuracy 0.9784 | Adv accuracy: 0.0146 | Counter-attack accuracy: 0.9749
2026-01-22 21:27:39,139 - ADV_Generation_eps_1.0_steps_100_Added_Noise_uniform_Eps_40.0_Tau_Type_normal_anchors - INFO - Batch:[1710] Adversarial images for this batch already exist
2026-01-22 21:27:39,458 - ADV_Generation_eps_1.0_steps_100_Added_Noise_uniform_Eps_40.0_Tau_Type_normal_anchors - INFO - Batch 1711/2465: Clean accuracy 0.9784 | Adv accuracy: 0.0146 | Counter-attack accuracy: 0.9749
2026-01-22 21:27:39,459 - ADV_Generation_eps_1.0_steps_100_Added_Noise_uniform_Eps_40.0_Tau_Type_normal_anchors - INFO - Batch:[1711] Adversarial images for this batch already exist
2026-01-22 21:27:39,780 - ADV_Generation_eps_1.0_steps_100_Added_Noise_uniform_Eps_40.0_Tau_Type_normal_anchors - INFO - Batch 1712/2465: Clean accuracy 0.9778 | Adv accuracy: 0.0146 | Counter-attack accuracy: 0.9743
2026-01-22 21:27:39,781 - ADV_Generation_eps_1.0_steps_100_Added_Noise_uniform_Eps_40.0_Tau_Type_normal_anchors - INFO - Batch:[1712] Adversarial images for this batch already exist
2026-01-22 21:27:40,105 - ADV_Generation_eps_1.0_steps_100_Added_Noise_uniform_Eps_40.0_Tau_Type_normal_anchors - INFO - Batch 1713/2465: Clean accuracy 0.9778 | Adv accuracy: 0.0146 | Counter-attack accuracy: 0.9743
2026-01-22 21:27:40,106 - ADV_Generation_eps_1.0_steps_100_Added_Noise_uniform_Eps_40.0_Tau_Type_normal_anchors - INFO - Batch:[1713] Adversarial images for this batch already exist
2026-01-22 21:27:40,431 - ADV_Generation_eps_1.0_steps_100_Added_Noise_uniform_Eps_40.0_Tau_Type_normal_anchors - INFO - Batch 1714/2465: Clean accuracy 0.9778 | Adv accuracy: 0.0146 | Counter-attack accuracy: 0.9743
2026-01-22 21:27:40,432 - ADV_Generation_eps_1.0_steps_100_Added_Noise_uniform_Eps_40.0_Tau_Type_normal_anchors - INFO - Batch:[1714] Adversarial images for this batch already exist
2026-01-22 21:27:40,755 - ADV_Generation_eps_1.0_steps_100_Added_Noise_uniform_Eps_40.0_Tau_Type_normal_anchors - INFO - Batch 1715/2465: Clean accuracy 0.9778 | Adv accuracy: 0.0146 | Counter-attack accuracy: 0.9743
2026-01-22 21:27:40,756 - ADV_Generation_eps_1.0_steps_100_Added_Noise_uniform_Eps_40.0_Tau_Type_normal_anchors - INFO - Batch:[1715] Adversarial images for this batch already exist
2026-01-22 21:27:41,083 - ADV_Generation_eps_1.0_steps_100_Added_Noise_uniform_Eps_40.0_Tau_Type_normal_anchors - INFO - Batch 1716/2465: Clean accuracy 0.9779 | Adv accuracy: 0.0146 | Counter-attack accuracy: 0.9744
2026-01-22 21:27:41,084 - ADV_Generation_eps_1.0_steps_100_Added_Noise_uniform_Eps_40.0_Tau_Type_normal_anchors - INFO - Batch:[1716] Adversarial images for this batch already exist
2026-01-22 21:27:41,406 - ADV_Generation_eps_1.0_steps_100_Added_Noise_uniform_Eps_40.0_Tau_Type_normal_anchors - INFO - Batch 1717/2465: Clean accuracy 0.9779 | Adv accuracy: 0.0146 | Counter-attack accuracy: 0.9744
2026-01-22 21:27:41,407 - ADV_Generation_eps_1.0_steps_100_Added_Noise_uniform_Eps_40.0_Tau_Type_normal_anchors - INFO - Batch:[1717] Adversarial images for this batch already exist
2026-01-22 21:27:41,736 - ADV_Generation_eps_1.0_steps_100_Added_Noise_uniform_Eps_40.0_Tau_Type_normal_anchors - INFO - Batch 1718/2465: Clean accuracy 0.9779 | Adv accuracy: 0.0146 | Counter-attack accuracy: 0.9744
2026-01-22 21:27:41,737 - ADV_Generation_eps_1.0_steps_100_Added_Noise_uniform_Eps_40.0_Tau_Type_normal_anchors - INFO - Batch:[1718] Adversarial images for this batch already exist
2026-01-22 21:27:42,062 - ADV_Generation_eps_1.0_steps_100_Added_Noise_uniform_Eps_40.0_Tau_Type_normal_anchors - INFO - Batch 1719/2465: Clean accuracy 0.9779 | Adv accuracy: 0.0145 | Counter-attack accuracy: 0.9744
2026-01-22 21:27:42,063 - ADV_Generation_eps_1.0_steps_100_Added_Noise_uniform_Eps_40.0_Tau_Type_normal_anchors - INFO - Batch:[1719] Adversarial images for this batch already exist
2026-01-22 21:27:42,383 - ADV_Generation_eps_1.0_steps_100_Added_Noise_uniform_Eps_40.0_Tau_Type_normal_anchors - INFO - Batch 1720/2465: Clean accuracy 0.9779 | Adv accuracy: 0.0145 | Counter-attack accuracy: 0.9744
2026-01-22 21:27:42,384 - ADV_Generation_eps_1.0_steps_100_Added_Noise_uniform_Eps_40.0_Tau_Type_normal_anchors - INFO - Batch:[1720] Adversarial images for this batch already exist
2026-01-22 21:27:42,705 - ADV_Generation_eps_1.0_steps_100_Added_Noise_uniform_Eps_40.0_Tau_Type_normal_anchors - INFO - Batch 1721/2465: Clean accuracy 0.9779 | Adv accuracy: 0.0145 | Counter-attack accuracy: 0.9744
2026-01-22 21:27:42,706 - ADV_Generation_eps_1.0_steps_100_Added_Noise_uniform_Eps_40.0_Tau_Type_normal_anchors - INFO - Batch:[1721] Adversarial images for this batch already exist
2026-01-22 21:27:43,038 - ADV_Generation_eps_1.0_steps_100_Added_Noise_uniform_Eps_40.0_Tau_Type_normal_anchors - INFO - Batch 1722/2465: Clean accuracy 0.9779 | Adv accuracy: 0.0145 | Counter-attack accuracy: 0.9744
2026-01-22 21:27:43,038 - ADV_Generation_eps_1.0_steps_100_Added_Noise_uniform_Eps_40.0_Tau_Type_normal_anchors - INFO - Batch:[1722] Adversarial images for this batch already exist
2026-01-22 21:27:43,363 - ADV_Generation_eps_1.0_steps_100_Added_Noise_uniform_Eps_40.0_Tau_Type_normal_anchors - INFO - Batch 1723/2465: Clean accuracy 0.9779 | Adv accuracy: 0.0145 | Counter-attack accuracy: 0.9745
2026-01-22 21:27:43,364 - ADV_Generation_eps_1.0_steps_100_Added_Noise_uniform_Eps_40.0_Tau_Type_normal_anchors - INFO - Batch:[1723] Adversarial images for this batch already exist
2026-01-22 21:27:43,688 - ADV_Generation_eps_1.0_steps_100_Added_Noise_uniform_Eps_40.0_Tau_Type_normal_anchors - INFO - Batch 1724/2465: Clean accuracy 0.9780 | Adv accuracy: 0.0145 | Counter-attack accuracy: 0.9745
2026-01-22 21:27:43,689 - ADV_Generation_eps_1.0_steps_100_Added_Noise_uniform_Eps_40.0_Tau_Type_normal_anchors - INFO - Batch:[1724] Adversarial images for this batch already exist
2026-01-22 21:27:44,017 - ADV_Generation_eps_1.0_steps_100_Added_Noise_uniform_Eps_40.0_Tau_Type_normal_anchors - INFO - Batch 1725/2465: Clean accuracy 0.9780 | Adv accuracy: 0.0145 | Counter-attack accuracy: 0.9745
2026-01-22 21:27:44,018 - ADV_Generation_eps_1.0_steps_100_Added_Noise_uniform_Eps_40.0_Tau_Type_normal_anchors - INFO - Batch:[1725] Adversarial images for this batch already exist
2026-01-22 21:27:44,358 - ADV_Generation_eps_1.0_steps_100_Added_Noise_uniform_Eps_40.0_Tau_Type_normal_anchors - INFO - Batch 1726/2465: Clean accuracy 0.9780 | Adv accuracy: 0.0145 | Counter-attack accuracy: 0.9745
2026-01-22 21:27:44,359 - ADV_Generation_eps_1.0_steps_100_Added_Noise_uniform_Eps_40.0_Tau_Type_normal_anchors - INFO - Batch:[1726] Adversarial images for this batch already exist
2026-01-22 21:27:44,683 - ADV_Generation_eps_1.0_steps_100_Added_Noise_uniform_Eps_40.0_Tau_Type_normal_anchors - INFO - Batch 1727/2465: Clean accuracy 0.9780 | Adv accuracy: 0.0145 | Counter-attack accuracy: 0.9745
2026-01-22 21:27:44,684 - ADV_Generation_eps_1.0_steps_100_Added_Noise_uniform_Eps_40.0_Tau_Type_normal_anchors - INFO - Batch:[1727] Adversarial images for this batch already exist
2026-01-22 21:27:45,008 - ADV_Generation_eps_1.0_steps_100_Added_Noise_uniform_Eps_40.0_Tau_Type_normal_anchors - INFO - Batch 1728/2465: Clean accuracy 0.9780 | Adv accuracy: 0.0145 | Counter-attack accuracy: 0.9745
2026-01-22 21:27:45,009 - ADV_Generation_eps_1.0_steps_100_Added_Noise_uniform_Eps_40.0_Tau_Type_normal_anchors - INFO - Batch:[1728] Adversarial images for this batch already exist
2026-01-22 21:27:45,355 - ADV_Generation_eps_1.0_steps_100_Added_Noise_uniform_Eps_40.0_Tau_Type_normal_anchors - INFO - Batch 1729/2465: Clean accuracy 0.9780 | Adv accuracy: 0.0145 | Counter-attack accuracy: 0.9746
2026-01-22 21:27:45,356 - ADV_Generation_eps_1.0_steps_100_Added_Noise_uniform_Eps_40.0_Tau_Type_normal_anchors - INFO - Batch:[1729] Adversarial images for this batch already exist
2026-01-22 21:27:45,681 - ADV_Generation_eps_1.0_steps_100_Added_Noise_uniform_Eps_40.0_Tau_Type_normal_anchors - INFO - Batch 1730/2465: Clean accuracy 0.9780 | Adv accuracy: 0.0145 | Counter-attack accuracy: 0.9746
2026-01-22 21:27:45,683 - ADV_Generation_eps_1.0_steps_100_Added_Noise_uniform_Eps_40.0_Tau_Type_normal_anchors - INFO - Batch:[1730] Adversarial images for this batch already exist
2026-01-22 21:27:46,007 - ADV_Generation_eps_1.0_steps_100_Added_Noise_uniform_Eps_40.0_Tau_Type_normal_anchors - INFO - Batch 1731/2465: Clean accuracy 0.9780 | Adv accuracy: 0.0144 | Counter-attack accuracy: 0.9746
2026-01-22 21:27:46,012 - ADV_Generation_eps_1.0_steps_100_Added_Noise_uniform_Eps_40.0_Tau_Type_normal_anchors - INFO - Batch:[1731] Adversarial images for this batch already exist
2026-01-22 21:27:46,346 - ADV_Generation_eps_1.0_steps_100_Added_Noise_uniform_Eps_40.0_Tau_Type_normal_anchors - INFO - Batch 1732/2465: Clean accuracy 0.9781 | Adv accuracy: 0.0144 | Counter-attack accuracy: 0.9746
2026-01-22 21:27:46,347 - ADV_Generation_eps_1.0_steps_100_Added_Noise_uniform_Eps_40.0_Tau_Type_normal_anchors - INFO - Batch:[1732] Adversarial images for this batch already exist
2026-01-22 21:27:46,713 - ADV_Generation_eps_1.0_steps_100_Added_Noise_uniform_Eps_40.0_Tau_Type_normal_anchors - INFO - Batch 1733/2465: Clean accuracy 0.9781 | Adv accuracy: 0.0144 | Counter-attack accuracy: 0.9740
2026-01-22 21:27:46,714 - ADV_Generation_eps_1.0_steps_100_Added_Noise_uniform_Eps_40.0_Tau_Type_normal_anchors - INFO - Batch:[1733] Adversarial images for this batch already exist
2026-01-22 21:27:47,048 - ADV_Generation_eps_1.0_steps_100_Added_Noise_uniform_Eps_40.0_Tau_Type_normal_anchors - INFO - Batch 1734/2465: Clean accuracy 0.9781 | Adv accuracy: 0.0144 | Counter-attack accuracy: 0.9740
2026-01-22 21:27:47,050 - ADV_Generation_eps_1.0_steps_100_Added_Noise_uniform_Eps_40.0_Tau_Type_normal_anchors - INFO - Batch:[1734] Adversarial images for this batch already exist
2026-01-22 21:27:47,379 - ADV_Generation_eps_1.0_steps_100_Added_Noise_uniform_Eps_40.0_Tau_Type_normal_anchors - INFO - Batch 1735/2465: Clean accuracy 0.9781 | Adv accuracy: 0.0144 | Counter-attack accuracy: 0.9741
2026-01-22 21:27:47,381 - ADV_Generation_eps_1.0_steps_100_Added_Noise_uniform_Eps_40.0_Tau_Type_normal_anchors - INFO - Batch:[1735] Adversarial images for this batch already exist
2026-01-22 21:27:47,708 - ADV_Generation_eps_1.0_steps_100_Added_Noise_uniform_Eps_40.0_Tau_Type_normal_anchors - INFO - Batch 1736/2465: Clean accuracy 0.9775 | Adv accuracy: 0.0144 | Counter-attack accuracy: 0.9735
2026-01-22 21:27:47,709 - ADV_Generation_eps_1.0_steps_100_Added_Noise_uniform_Eps_40.0_Tau_Type_normal_anchors - INFO - Batch:[1736] Adversarial images for this batch already exist
2026-01-22 21:27:48,030 - ADV_Generation_eps_1.0_steps_100_Added_Noise_uniform_Eps_40.0_Tau_Type_normal_anchors - INFO - Batch 1737/2465: Clean accuracy 0.9775 | Adv accuracy: 0.0144 | Counter-attack accuracy: 0.9735
2026-01-22 21:27:48,031 - ADV_Generation_eps_1.0_steps_100_Added_Noise_uniform_Eps_40.0_Tau_Type_normal_anchors - INFO - Batch:[1737] Adversarial images for this batch already exist
2026-01-22 21:27:48,355 - ADV_Generation_eps_1.0_steps_100_Added_Noise_uniform_Eps_40.0_Tau_Type_normal_anchors - INFO - Batch 1738/2465: Clean accuracy 0.9770 | Adv accuracy: 0.0144 | Counter-attack accuracy: 0.9730
2026-01-22 21:27:48,355 - ADV_Generation_eps_1.0_steps_100_Added_Noise_uniform_Eps_40.0_Tau_Type_normal_anchors - INFO - Batch:[1738] Adversarial images for this batch already exist
2026-01-22 21:27:48,676 - ADV_Generation_eps_1.0_steps_100_Added_Noise_uniform_Eps_40.0_Tau_Type_normal_anchors - INFO - Batch 1739/2465: Clean accuracy 0.9770 | Adv accuracy: 0.0144 | Counter-attack accuracy: 0.9730
2026-01-22 21:27:48,678 - ADV_Generation_eps_1.0_steps_100_Added_Noise_uniform_Eps_40.0_Tau_Type_normal_anchors - INFO - Batch:[1739] Adversarial images for this batch already exist
2026-01-22 21:27:49,006 - ADV_Generation_eps_1.0_steps_100_Added_Noise_uniform_Eps_40.0_Tau_Type_normal_anchors - INFO - Batch 1740/2465: Clean accuracy 0.9764 | Adv accuracy: 0.0144 | Counter-attack accuracy: 0.9724
2026-01-22 21:27:49,007 - ADV_Generation_eps_1.0_steps_100_Added_Noise_uniform_Eps_40.0_Tau_Type_normal_anchors - INFO - Batch:[1740] Adversarial images for this batch already exist
2026-01-22 21:27:49,330 - ADV_Generation_eps_1.0_steps_100_Added_Noise_uniform_Eps_40.0_Tau_Type_normal_anchors - INFO - Batch 1741/2465: Clean accuracy 0.9765 | Adv accuracy: 0.0144 | Counter-attack accuracy: 0.9724
2026-01-22 21:27:49,331 - ADV_Generation_eps_1.0_steps_100_Added_Noise_uniform_Eps_40.0_Tau_Type_normal_anchors - INFO - Batch:[1741] Adversarial images for this batch already exist
2026-01-22 21:27:49,662 - ADV_Generation_eps_1.0_steps_100_Added_Noise_uniform_Eps_40.0_Tau_Type_normal_anchors - INFO - Batch 1742/2465: Clean accuracy 0.9765 | Adv accuracy: 0.0144 | Counter-attack accuracy: 0.9724
2026-01-22 21:27:49,662 - ADV_Generation_eps_1.0_steps_100_Added_Noise_uniform_Eps_40.0_Tau_Type_normal_anchors - INFO - Batch:[1742] Adversarial images for this batch already exist
2026-01-22 21:27:49,984 - ADV_Generation_eps_1.0_steps_100_Added_Noise_uniform_Eps_40.0_Tau_Type_normal_anchors - INFO - Batch 1743/2465: Clean accuracy 0.9759 | Adv accuracy: 0.0143 | Counter-attack accuracy: 0.9719
2026-01-22 21:27:49,985 - ADV_Generation_eps_1.0_steps_100_Added_Noise_uniform_Eps_40.0_Tau_Type_normal_anchors - INFO - Batch:[1743] Adversarial images for this batch already exist
2026-01-22 21:27:50,310 - ADV_Generation_eps_1.0_steps_100_Added_Noise_uniform_Eps_40.0_Tau_Type_normal_anchors - INFO - Batch 1744/2465: Clean accuracy 0.9753 | Adv accuracy: 0.0143 | Counter-attack accuracy: 0.9713
2026-01-22 21:27:50,310 - ADV_Generation_eps_1.0_steps_100_Added_Noise_uniform_Eps_40.0_Tau_Type_normal_anchors - INFO - Batch:[1744] Adversarial images for this batch already exist
2026-01-22 21:27:50,670 - ADV_Generation_eps_1.0_steps_100_Added_Noise_uniform_Eps_40.0_Tau_Type_normal_anchors - INFO - Batch 1745/2465: Clean accuracy 0.9754 | Adv accuracy: 0.0143 | Counter-attack accuracy: 0.9713
2026-01-22 21:27:50,671 - ADV_Generation_eps_1.0_steps_100_Added_Noise_uniform_Eps_40.0_Tau_Type_normal_anchors - INFO - Batch:[1745] Adversarial images for this batch already exist
2026-01-22 21:27:51,014 - ADV_Generation_eps_1.0_steps_100_Added_Noise_uniform_Eps_40.0_Tau_Type_normal_anchors - INFO - Batch 1746/2465: Clean accuracy 0.9754 | Adv accuracy: 0.0143 | Counter-attack accuracy: 0.9714
2026-01-22 21:27:51,014 - ADV_Generation_eps_1.0_steps_100_Added_Noise_uniform_Eps_40.0_Tau_Type_normal_anchors - INFO - Batch:[1746] Adversarial images for this batch already exist
2026-01-22 21:27:51,338 - ADV_Generation_eps_1.0_steps_100_Added_Noise_uniform_Eps_40.0_Tau_Type_normal_anchors - INFO - Batch 1747/2465: Clean accuracy 0.9748 | Adv accuracy: 0.0143 | Counter-attack accuracy: 0.9708
2026-01-22 21:27:51,338 - ADV_Generation_eps_1.0_steps_100_Added_Noise_uniform_Eps_40.0_Tau_Type_normal_anchors - INFO - Batch:[1747] Adversarial images for this batch already exist
2026-01-22 21:27:51,658 - ADV_Generation_eps_1.0_steps_100_Added_Noise_uniform_Eps_40.0_Tau_Type_normal_anchors - INFO - Batch 1748/2465: Clean accuracy 0.9748 | Adv accuracy: 0.0143 | Counter-attack accuracy: 0.9708
2026-01-22 21:27:51,659 - ADV_Generation_eps_1.0_steps_100_Added_Noise_uniform_Eps_40.0_Tau_Type_normal_anchors - INFO - Batch:[1748] Adversarial images for this batch already exist
2026-01-22 21:27:51,974 - ADV_Generation_eps_1.0_steps_100_Added_Noise_uniform_Eps_40.0_Tau_Type_normal_anchors - INFO - Batch 1749/2465: Clean accuracy 0.9748 | Adv accuracy: 0.0143 | Counter-attack accuracy: 0.9708
2026-01-22 21:27:51,974 - ADV_Generation_eps_1.0_steps_100_Added_Noise_uniform_Eps_40.0_Tau_Type_normal_anchors - INFO - Batch:[1749] Adversarial images for this batch already exist
2026-01-22 21:27:52,299 - ADV_Generation_eps_1.0_steps_100_Added_Noise_uniform_Eps_40.0_Tau_Type_normal_anchors - INFO - Batch 1750/2465: Clean accuracy 0.9743 | Adv accuracy: 0.0143 | Counter-attack accuracy: 0.9703
2026-01-22 21:27:52,300 - ADV_Generation_eps_1.0_steps_100_Added_Noise_uniform_Eps_40.0_Tau_Type_normal_anchors - INFO - Batch:[1750] Adversarial images for this batch already exist
2026-01-22 21:27:52,630 - ADV_Generation_eps_1.0_steps_100_Added_Noise_uniform_Eps_40.0_Tau_Type_normal_anchors - INFO - Batch 1751/2465: Clean accuracy 0.9737 | Adv accuracy: 0.0143 | Counter-attack accuracy: 0.9697
2026-01-22 21:27:52,631 - ADV_Generation_eps_1.0_steps_100_Added_Noise_uniform_Eps_40.0_Tau_Type_normal_anchors - INFO - Batch:[1751] Adversarial images for this batch already exist
2026-01-22 21:27:52,962 - ADV_Generation_eps_1.0_steps_100_Added_Noise_uniform_Eps_40.0_Tau_Type_normal_anchors - INFO - Batch 1752/2465: Clean accuracy 0.9732 | Adv accuracy: 0.0143 | Counter-attack accuracy: 0.9692
2026-01-22 21:27:52,962 - ADV_Generation_eps_1.0_steps_100_Added_Noise_uniform_Eps_40.0_Tau_Type_normal_anchors - INFO - Batch:[1752] Adversarial images for this batch already exist
2026-01-22 21:27:53,288 - ADV_Generation_eps_1.0_steps_100_Added_Noise_uniform_Eps_40.0_Tau_Type_normal_anchors - INFO - Batch 1753/2465: Clean accuracy 0.9732 | Adv accuracy: 0.0143 | Counter-attack accuracy: 0.9692
2026-01-22 21:27:53,289 - ADV_Generation_eps_1.0_steps_100_Added_Noise_uniform_Eps_40.0_Tau_Type_normal_anchors - INFO - Batch:[1753] Adversarial images for this batch already exist
2026-01-22 21:27:53,612 - ADV_Generation_eps_1.0_steps_100_Added_Noise_uniform_Eps_40.0_Tau_Type_normal_anchors - INFO - Batch 1754/2465: Clean accuracy 0.9732 | Adv accuracy: 0.0143 | Counter-attack accuracy: 0.9692
2026-01-22 21:27:53,613 - ADV_Generation_eps_1.0_steps_100_Added_Noise_uniform_Eps_40.0_Tau_Type_normal_anchors - INFO - Batch:[1754] Adversarial images for this batch already exist
2026-01-22 21:27:53,939 - ADV_Generation_eps_1.0_steps_100_Added_Noise_uniform_Eps_40.0_Tau_Type_normal_anchors - INFO - Batch 1755/2465: Clean accuracy 0.9732 | Adv accuracy: 0.0142 | Counter-attack accuracy: 0.9692
2026-01-22 21:27:53,940 - ADV_Generation_eps_1.0_steps_100_Added_Noise_uniform_Eps_40.0_Tau_Type_normal_anchors - INFO - Batch:[1755] Adversarial images for this batch already exist
2026-01-22 21:27:54,269 - ADV_Generation_eps_1.0_steps_100_Added_Noise_uniform_Eps_40.0_Tau_Type_normal_anchors - INFO - Batch 1756/2465: Clean accuracy 0.9732 | Adv accuracy: 0.0142 | Counter-attack accuracy: 0.9692
2026-01-22 21:27:54,270 - ADV_Generation_eps_1.0_steps_100_Added_Noise_uniform_Eps_40.0_Tau_Type_normal_anchors - INFO - Batch:[1756] Adversarial images for this batch already exist
2026-01-22 21:27:54,595 - ADV_Generation_eps_1.0_steps_100_Added_Noise_uniform_Eps_40.0_Tau_Type_normal_anchors - INFO - Batch 1757/2465: Clean accuracy 0.9732 | Adv accuracy: 0.0142 | Counter-attack accuracy: 0.9693
2026-01-22 21:27:54,595 - ADV_Generation_eps_1.0_steps_100_Added_Noise_uniform_Eps_40.0_Tau_Type_normal_anchors - INFO - Batch:[1757] Adversarial images for this batch already exist
2026-01-22 21:27:54,924 - ADV_Generation_eps_1.0_steps_100_Added_Noise_uniform_Eps_40.0_Tau_Type_normal_anchors - INFO - Batch 1758/2465: Clean accuracy 0.9733 | Adv accuracy: 0.0142 | Counter-attack accuracy: 0.9693
2026-01-22 21:27:54,925 - ADV_Generation_eps_1.0_steps_100_Added_Noise_uniform_Eps_40.0_Tau_Type_normal_anchors - INFO - Batch:[1758] Adversarial images for this batch already exist
2026-01-22 21:27:55,252 - ADV_Generation_eps_1.0_steps_100_Added_Noise_uniform_Eps_40.0_Tau_Type_normal_anchors - INFO - Batch 1759/2465: Clean accuracy 0.9733 | Adv accuracy: 0.0142 | Counter-attack accuracy: 0.9693
2026-01-22 21:27:55,253 - ADV_Generation_eps_1.0_steps_100_Added_Noise_uniform_Eps_40.0_Tau_Type_normal_anchors - INFO - Batch:[1759] Adversarial images for this batch already exist
2026-01-22 21:27:55,578 - ADV_Generation_eps_1.0_steps_100_Added_Noise_uniform_Eps_40.0_Tau_Type_normal_anchors - INFO - Batch 1760/2465: Clean accuracy 0.9733 | Adv accuracy: 0.0142 | Counter-attack accuracy: 0.9693
2026-01-22 21:27:55,579 - ADV_Generation_eps_1.0_steps_100_Added_Noise_uniform_Eps_40.0_Tau_Type_normal_anchors - INFO - Batch:[1760] Adversarial images for this batch already exist
2026-01-22 21:27:55,924 - ADV_Generation_eps_1.0_steps_100_Added_Noise_uniform_Eps_40.0_Tau_Type_normal_anchors - INFO - Batch 1761/2465: Clean accuracy 0.9727 | Adv accuracy: 0.0142 | Counter-attack accuracy: 0.9688
2026-01-22 21:27:55,925 - ADV_Generation_eps_1.0_steps_100_Added_Noise_uniform_Eps_40.0_Tau_Type_normal_anchors - INFO - Batch:[1761] Adversarial images for this batch already exist
2026-01-22 21:27:56,251 - ADV_Generation_eps_1.0_steps_100_Added_Noise_uniform_Eps_40.0_Tau_Type_normal_anchors - INFO - Batch 1762/2465: Clean accuracy 0.9728 | Adv accuracy: 0.0142 | Counter-attack accuracy: 0.9688
2026-01-22 21:27:56,251 - ADV_Generation_eps_1.0_steps_100_Added_Noise_uniform_Eps_40.0_Tau_Type_normal_anchors - INFO - Batch:[1762] Adversarial images for this batch already exist
2026-01-22 21:27:56,578 - ADV_Generation_eps_1.0_steps_100_Added_Noise_uniform_Eps_40.0_Tau_Type_normal_anchors - INFO - Batch 1763/2465: Clean accuracy 0.9728 | Adv accuracy: 0.0142 | Counter-attack accuracy: 0.9688
2026-01-22 21:27:56,579 - ADV_Generation_eps_1.0_steps_100_Added_Noise_uniform_Eps_40.0_Tau_Type_normal_anchors - INFO - Batch:[1763] Adversarial images for this batch already exist
2026-01-22 21:27:56,900 - ADV_Generation_eps_1.0_steps_100_Added_Noise_uniform_Eps_40.0_Tau_Type_normal_anchors - INFO - Batch 1764/2465: Clean accuracy 0.9728 | Adv accuracy: 0.0142 | Counter-attack accuracy: 0.9688
2026-01-22 21:27:56,901 - ADV_Generation_eps_1.0_steps_100_Added_Noise_uniform_Eps_40.0_Tau_Type_normal_anchors - INFO - Batch:[1764] Adversarial images for this batch already exist
2026-01-22 21:27:57,227 - ADV_Generation_eps_1.0_steps_100_Added_Noise_uniform_Eps_40.0_Tau_Type_normal_anchors - INFO - Batch 1765/2465: Clean accuracy 0.9728 | Adv accuracy: 0.0142 | Counter-attack accuracy: 0.9688
2026-01-22 21:27:57,228 - ADV_Generation_eps_1.0_steps_100_Added_Noise_uniform_Eps_40.0_Tau_Type_normal_anchors - INFO - Batch:[1765] Adversarial images for this batch already exist
2026-01-22 21:27:57,562 - ADV_Generation_eps_1.0_steps_100_Added_Noise_uniform_Eps_40.0_Tau_Type_normal_anchors - INFO - Batch 1766/2465: Clean accuracy 0.9728 | Adv accuracy: 0.0142 | Counter-attack accuracy: 0.9689
2026-01-22 21:27:57,564 - ADV_Generation_eps_1.0_steps_100_Added_Noise_uniform_Eps_40.0_Tau_Type_normal_anchors - INFO - Batch:[1766] Adversarial images for this batch already exist
2026-01-22 21:27:57,899 - ADV_Generation_eps_1.0_steps_100_Added_Noise_uniform_Eps_40.0_Tau_Type_normal_anchors - INFO - Batch 1767/2465: Clean accuracy 0.9728 | Adv accuracy: 0.0141 | Counter-attack accuracy: 0.9689
2026-01-22 21:27:57,899 - ADV_Generation_eps_1.0_steps_100_Added_Noise_uniform_Eps_40.0_Tau_Type_normal_anchors - INFO - Batch:[1767] Adversarial images for this batch already exist
2026-01-22 21:27:58,225 - ADV_Generation_eps_1.0_steps_100_Added_Noise_uniform_Eps_40.0_Tau_Type_normal_anchors - INFO - Batch 1768/2465: Clean accuracy 0.9729 | Adv accuracy: 0.0141 | Counter-attack accuracy: 0.9689
2026-01-22 21:27:58,226 - ADV_Generation_eps_1.0_steps_100_Added_Noise_uniform_Eps_40.0_Tau_Type_normal_anchors - INFO - Batch:[1768] Adversarial images for this batch already exist
2026-01-22 21:27:58,554 - ADV_Generation_eps_1.0_steps_100_Added_Noise_uniform_Eps_40.0_Tau_Type_normal_anchors - INFO - Batch 1769/2465: Clean accuracy 0.9729 | Adv accuracy: 0.0141 | Counter-attack accuracy: 0.9689
2026-01-22 21:27:58,555 - ADV_Generation_eps_1.0_steps_100_Added_Noise_uniform_Eps_40.0_Tau_Type_normal_anchors - INFO - Batch:[1769] Adversarial images for this batch already exist
2026-01-22 21:27:58,914 - ADV_Generation_eps_1.0_steps_100_Added_Noise_uniform_Eps_40.0_Tau_Type_normal_anchors - INFO - Batch 1770/2465: Clean accuracy 0.9729 | Adv accuracy: 0.0141 | Counter-attack accuracy: 0.9689
2026-01-22 21:27:58,915 - ADV_Generation_eps_1.0_steps_100_Added_Noise_uniform_Eps_40.0_Tau_Type_normal_anchors - INFO - Batch:[1770] Adversarial images for this batch already exist
2026-01-22 21:27:59,237 - ADV_Generation_eps_1.0_steps_100_Added_Noise_uniform_Eps_40.0_Tau_Type_normal_anchors - INFO - Batch 1771/2465: Clean accuracy 0.9729 | Adv accuracy: 0.0141 | Counter-attack accuracy: 0.9689
2026-01-22 21:27:59,237 - ADV_Generation_eps_1.0_steps_100_Added_Noise_uniform_Eps_40.0_Tau_Type_normal_anchors - INFO - Batch:[1771] Adversarial images for this batch already exist
2026-01-22 21:27:59,561 - ADV_Generation_eps_1.0_steps_100_Added_Noise_uniform_Eps_40.0_Tau_Type_normal_anchors - INFO - Batch 1772/2465: Clean accuracy 0.9729 | Adv accuracy: 0.0141 | Counter-attack accuracy: 0.9690
2026-01-22 21:27:59,561 - ADV_Generation_eps_1.0_steps_100_Added_Noise_uniform_Eps_40.0_Tau_Type_normal_anchors - INFO - Batch:[1772] Adversarial images for this batch already exist
2026-01-22 21:27:59,889 - ADV_Generation_eps_1.0_steps_100_Added_Noise_uniform_Eps_40.0_Tau_Type_normal_anchors - INFO - Batch 1773/2465: Clean accuracy 0.9729 | Adv accuracy: 0.0141 | Counter-attack accuracy: 0.9690
2026-01-22 21:27:59,890 - ADV_Generation_eps_1.0_steps_100_Added_Noise_uniform_Eps_40.0_Tau_Type_normal_anchors - INFO - Batch:[1773] Adversarial images for this batch already exist
2026-01-22 21:28:00,220 - ADV_Generation_eps_1.0_steps_100_Added_Noise_uniform_Eps_40.0_Tau_Type_normal_anchors - INFO - Batch 1774/2465: Clean accuracy 0.9729 | Adv accuracy: 0.0141 | Counter-attack accuracy: 0.9690
2026-01-22 21:28:00,221 - ADV_Generation_eps_1.0_steps_100_Added_Noise_uniform_Eps_40.0_Tau_Type_normal_anchors - INFO - Batch:[1774] Adversarial images for this batch already exist
2026-01-22 21:28:00,552 - ADV_Generation_eps_1.0_steps_100_Added_Noise_uniform_Eps_40.0_Tau_Type_normal_anchors - INFO - Batch 1775/2465: Clean accuracy 0.9730 | Adv accuracy: 0.0141 | Counter-attack accuracy: 0.9690
2026-01-22 21:28:00,553 - ADV_Generation_eps_1.0_steps_100_Added_Noise_uniform_Eps_40.0_Tau_Type_normal_anchors - INFO - Batch:[1775] Adversarial images for this batch already exist
2026-01-22 21:28:00,878 - ADV_Generation_eps_1.0_steps_100_Added_Noise_uniform_Eps_40.0_Tau_Type_normal_anchors - INFO - Batch 1776/2465: Clean accuracy 0.9730 | Adv accuracy: 0.0141 | Counter-attack accuracy: 0.9690
2026-01-22 21:28:00,879 - ADV_Generation_eps_1.0_steps_100_Added_Noise_uniform_Eps_40.0_Tau_Type_normal_anchors - INFO - Batch:[1776] Adversarial images for this batch already exist
2026-01-22 21:28:01,210 - ADV_Generation_eps_1.0_steps_100_Added_Noise_uniform_Eps_40.0_Tau_Type_normal_anchors - INFO - Batch 1777/2465: Clean accuracy 0.9724 | Adv accuracy: 0.0141 | Counter-attack accuracy: 0.9685
2026-01-22 21:28:01,211 - ADV_Generation_eps_1.0_steps_100_Added_Noise_uniform_Eps_40.0_Tau_Type_normal_anchors - INFO - Batch:[1777] Adversarial images for this batch already exist
2026-01-22 21:28:01,534 - ADV_Generation_eps_1.0_steps_100_Added_Noise_uniform_Eps_40.0_Tau_Type_normal_anchors - INFO - Batch 1778/2465: Clean accuracy 0.9724 | Adv accuracy: 0.0141 | Counter-attack accuracy: 0.9685
2026-01-22 21:28:01,535 - ADV_Generation_eps_1.0_steps_100_Added_Noise_uniform_Eps_40.0_Tau_Type_normal_anchors - INFO - Batch:[1778] Adversarial images for this batch already exist
2026-01-22 21:28:01,859 - ADV_Generation_eps_1.0_steps_100_Added_Noise_uniform_Eps_40.0_Tau_Type_normal_anchors - INFO - Batch 1779/2465: Clean accuracy 0.9725 | Adv accuracy: 0.0141 | Counter-attack accuracy: 0.9685
2026-01-22 21:28:01,860 - ADV_Generation_eps_1.0_steps_100_Added_Noise_uniform_Eps_40.0_Tau_Type_normal_anchors - INFO - Batch:[1779] Adversarial images for this batch already exist
2026-01-22 21:28:02,187 - ADV_Generation_eps_1.0_steps_100_Added_Noise_uniform_Eps_40.0_Tau_Type_normal_anchors - INFO - Batch 1780/2465: Clean accuracy 0.9725 | Adv accuracy: 0.0140 | Counter-attack accuracy: 0.9685
2026-01-22 21:28:02,188 - ADV_Generation_eps_1.0_steps_100_Added_Noise_uniform_Eps_40.0_Tau_Type_normal_anchors - INFO - Batch:[1780] Adversarial images for this batch already exist
2026-01-22 21:28:02,514 - ADV_Generation_eps_1.0_steps_100_Added_Noise_uniform_Eps_40.0_Tau_Type_normal_anchors - INFO - Batch 1781/2465: Clean accuracy 0.9725 | Adv accuracy: 0.0140 | Counter-attack accuracy: 0.9686
2026-01-22 21:28:02,515 - ADV_Generation_eps_1.0_steps_100_Added_Noise_uniform_Eps_40.0_Tau_Type_normal_anchors - INFO - Batch:[1781] Adversarial images for this batch already exist
2026-01-22 21:28:02,840 - ADV_Generation_eps_1.0_steps_100_Added_Noise_uniform_Eps_40.0_Tau_Type_normal_anchors - INFO - Batch 1782/2465: Clean accuracy 0.9725 | Adv accuracy: 0.0140 | Counter-attack accuracy: 0.9686
2026-01-22 21:28:02,841 - ADV_Generation_eps_1.0_steps_100_Added_Noise_uniform_Eps_40.0_Tau_Type_normal_anchors - INFO - Batch:[1782] Adversarial images for this batch already exist
2026-01-22 21:28:03,161 - ADV_Generation_eps_1.0_steps_100_Added_Noise_uniform_Eps_40.0_Tau_Type_normal_anchors - INFO - Batch 1783/2465: Clean accuracy 0.9725 | Adv accuracy: 0.0140 | Counter-attack accuracy: 0.9686
2026-01-22 21:28:03,162 - ADV_Generation_eps_1.0_steps_100_Added_Noise_uniform_Eps_40.0_Tau_Type_normal_anchors - INFO - Batch:[1783] Adversarial images for this batch already exist
2026-01-22 21:28:03,482 - ADV_Generation_eps_1.0_steps_100_Added_Noise_uniform_Eps_40.0_Tau_Type_normal_anchors - INFO - Batch 1784/2465: Clean accuracy 0.9725 | Adv accuracy: 0.0140 | Counter-attack accuracy: 0.9686
2026-01-22 21:28:03,483 - ADV_Generation_eps_1.0_steps_100_Added_Noise_uniform_Eps_40.0_Tau_Type_normal_anchors - INFO - Batch:[1784] Adversarial images for this batch already exist
2026-01-22 21:28:03,807 - ADV_Generation_eps_1.0_steps_100_Added_Noise_uniform_Eps_40.0_Tau_Type_normal_anchors - INFO - Batch 1785/2465: Clean accuracy 0.9725 | Adv accuracy: 0.0140 | Counter-attack accuracy: 0.9681
2026-01-22 21:28:03,808 - ADV_Generation_eps_1.0_steps_100_Added_Noise_uniform_Eps_40.0_Tau_Type_normal_anchors - INFO - Batch:[1785] Adversarial images for this batch already exist
2026-01-22 21:28:04,140 - ADV_Generation_eps_1.0_steps_100_Added_Noise_uniform_Eps_40.0_Tau_Type_normal_anchors - INFO - Batch 1786/2465: Clean accuracy 0.9726 | Adv accuracy: 0.0140 | Counter-attack accuracy: 0.9681
2026-01-22 21:28:04,140 - ADV_Generation_eps_1.0_steps_100_Added_Noise_uniform_Eps_40.0_Tau_Type_normal_anchors - INFO - Batch:[1786] Adversarial images for this batch already exist
2026-01-22 21:28:04,457 - ADV_Generation_eps_1.0_steps_100_Added_Noise_uniform_Eps_40.0_Tau_Type_normal_anchors - INFO - Batch 1787/2465: Clean accuracy 0.9726 | Adv accuracy: 0.0145 | Counter-attack accuracy: 0.9681
2026-01-22 21:28:04,458 - ADV_Generation_eps_1.0_steps_100_Added_Noise_uniform_Eps_40.0_Tau_Type_normal_anchors - INFO - Batch:[1787] Adversarial images for this batch already exist
2026-01-22 21:28:04,779 - ADV_Generation_eps_1.0_steps_100_Added_Noise_uniform_Eps_40.0_Tau_Type_normal_anchors - INFO - Batch 1788/2465: Clean accuracy 0.9726 | Adv accuracy: 0.0145 | Counter-attack accuracy: 0.9681
2026-01-22 21:28:04,780 - ADV_Generation_eps_1.0_steps_100_Added_Noise_uniform_Eps_40.0_Tau_Type_normal_anchors - INFO - Batch:[1788] Adversarial images for this batch already exist
2026-01-22 21:28:05,105 - ADV_Generation_eps_1.0_steps_100_Added_Noise_uniform_Eps_40.0_Tau_Type_normal_anchors - INFO - Batch 1789/2465: Clean accuracy 0.9726 | Adv accuracy: 0.0145 | Counter-attack accuracy: 0.9681
2026-01-22 21:28:05,106 - ADV_Generation_eps_1.0_steps_100_Added_Noise_uniform_Eps_40.0_Tau_Type_normal_anchors - INFO - Batch:[1789] Adversarial images for this batch already exist
2026-01-22 21:28:05,431 - ADV_Generation_eps_1.0_steps_100_Added_Noise_uniform_Eps_40.0_Tau_Type_normal_anchors - INFO - Batch 1790/2465: Clean accuracy 0.9726 | Adv accuracy: 0.0145 | Counter-attack accuracy: 0.9682
2026-01-22 21:28:05,432 - ADV_Generation_eps_1.0_steps_100_Added_Noise_uniform_Eps_40.0_Tau_Type_normal_anchors - INFO - Batch:[1790] Adversarial images for this batch already exist
2026-01-22 21:28:05,756 - ADV_Generation_eps_1.0_steps_100_Added_Noise_uniform_Eps_40.0_Tau_Type_normal_anchors - INFO - Batch 1791/2465: Clean accuracy 0.9726 | Adv accuracy: 0.0145 | Counter-attack accuracy: 0.9682
2026-01-22 21:28:05,756 - ADV_Generation_eps_1.0_steps_100_Added_Noise_uniform_Eps_40.0_Tau_Type_normal_anchors - INFO - Batch:[1791] Adversarial images for this batch already exist
2026-01-22 21:28:06,079 - ADV_Generation_eps_1.0_steps_100_Added_Noise_uniform_Eps_40.0_Tau_Type_normal_anchors - INFO - Batch 1792/2465: Clean accuracy 0.9727 | Adv accuracy: 0.0151 | Counter-attack accuracy: 0.9682
2026-01-22 21:28:06,080 - ADV_Generation_eps_1.0_steps_100_Added_Noise_uniform_Eps_40.0_Tau_Type_normal_anchors - INFO - Batch:[1792] Adversarial images for this batch already exist
2026-01-22 21:28:06,404 - ADV_Generation_eps_1.0_steps_100_Added_Noise_uniform_Eps_40.0_Tau_Type_normal_anchors - INFO - Batch 1793/2465: Clean accuracy 0.9727 | Adv accuracy: 0.0156 | Counter-attack accuracy: 0.9682
2026-01-22 21:28:06,405 - ADV_Generation_eps_1.0_steps_100_Added_Noise_uniform_Eps_40.0_Tau_Type_normal_anchors - INFO - Batch:[1793] Adversarial images for this batch already exist
2026-01-22 21:28:06,734 - ADV_Generation_eps_1.0_steps_100_Added_Noise_uniform_Eps_40.0_Tau_Type_normal_anchors - INFO - Batch 1794/2465: Clean accuracy 0.9727 | Adv accuracy: 0.0156 | Counter-attack accuracy: 0.9682
2026-01-22 21:28:06,735 - ADV_Generation_eps_1.0_steps_100_Added_Noise_uniform_Eps_40.0_Tau_Type_normal_anchors - INFO - Batch:[1794] Adversarial images for this batch already exist
2026-01-22 21:28:07,065 - ADV_Generation_eps_1.0_steps_100_Added_Noise_uniform_Eps_40.0_Tau_Type_normal_anchors - INFO - Batch 1795/2465: Clean accuracy 0.9727 | Adv accuracy: 0.0156 | Counter-attack accuracy: 0.9682
2026-01-22 21:28:07,067 - ADV_Generation_eps_1.0_steps_100_Added_Noise_uniform_Eps_40.0_Tau_Type_normal_anchors - INFO - Batch:[1795] Adversarial images for this batch already exist
2026-01-22 21:28:07,390 - ADV_Generation_eps_1.0_steps_100_Added_Noise_uniform_Eps_40.0_Tau_Type_normal_anchors - INFO - Batch 1796/2465: Clean accuracy 0.9727 | Adv accuracy: 0.0156 | Counter-attack accuracy: 0.9683
2026-01-22 21:28:07,391 - ADV_Generation_eps_1.0_steps_100_Added_Noise_uniform_Eps_40.0_Tau_Type_normal_anchors - INFO - Batch:[1796] Adversarial images for this batch already exist
2026-01-22 21:28:07,714 - ADV_Generation_eps_1.0_steps_100_Added_Noise_uniform_Eps_40.0_Tau_Type_normal_anchors - INFO - Batch 1797/2465: Clean accuracy 0.9727 | Adv accuracy: 0.0156 | Counter-attack accuracy: 0.9683
2026-01-22 21:28:07,715 - ADV_Generation_eps_1.0_steps_100_Added_Noise_uniform_Eps_40.0_Tau_Type_normal_anchors - INFO - Batch:[1797] Adversarial images for this batch already exist
2026-01-22 21:28:08,036 - ADV_Generation_eps_1.0_steps_100_Added_Noise_uniform_Eps_40.0_Tau_Type_normal_anchors - INFO - Batch 1798/2465: Clean accuracy 0.9727 | Adv accuracy: 0.0161 | Counter-attack accuracy: 0.9683
2026-01-22 21:28:08,038 - ADV_Generation_eps_1.0_steps_100_Added_Noise_uniform_Eps_40.0_Tau_Type_normal_anchors - INFO - Batch:[1798] Adversarial images for this batch already exist
2026-01-22 21:28:08,358 - ADV_Generation_eps_1.0_steps_100_Added_Noise_uniform_Eps_40.0_Tau_Type_normal_anchors - INFO - Batch 1799/2465: Clean accuracy 0.9728 | Adv accuracy: 0.0167 | Counter-attack accuracy: 0.9683
2026-01-22 21:28:08,359 - ADV_Generation_eps_1.0_steps_100_Added_Noise_uniform_Eps_40.0_Tau_Type_normal_anchors - INFO - Batch:[1799] Adversarial images for this batch already exist
2026-01-22 21:28:08,690 - ADV_Generation_eps_1.0_steps_100_Added_Noise_uniform_Eps_40.0_Tau_Type_normal_anchors - INFO - Batch 1800/2465: Clean accuracy 0.9728 | Adv accuracy: 0.0167 | Counter-attack accuracy: 0.9683
2026-01-22 21:28:08,691 - ADV_Generation_eps_1.0_steps_100_Added_Noise_uniform_Eps_40.0_Tau_Type_normal_anchors - INFO - Batch:[1800] Adversarial images for this batch already exist
2026-01-22 21:28:09,032 - ADV_Generation_eps_1.0_steps_100_Added_Noise_uniform_Eps_40.0_Tau_Type_normal_anchors - INFO - Batch 1801/2465: Clean accuracy 0.9728 | Adv accuracy: 0.0167 | Counter-attack accuracy: 0.9684
2026-01-22 21:28:09,033 - ADV_Generation_eps_1.0_steps_100_Added_Noise_uniform_Eps_40.0_Tau_Type_normal_anchors - INFO - Batch:[1801] Adversarial images for this batch already exist
2026-01-22 21:28:09,361 - ADV_Generation_eps_1.0_steps_100_Added_Noise_uniform_Eps_40.0_Tau_Type_normal_anchors - INFO - Batch 1802/2465: Clean accuracy 0.9728 | Adv accuracy: 0.0166 | Counter-attack accuracy: 0.9684
2026-01-22 21:28:09,361 - ADV_Generation_eps_1.0_steps_100_Added_Noise_uniform_Eps_40.0_Tau_Type_normal_anchors - INFO - Batch:[1802] Adversarial images for this batch already exist
2026-01-22 21:28:09,696 - ADV_Generation_eps_1.0_steps_100_Added_Noise_uniform_Eps_40.0_Tau_Type_normal_anchors - INFO - Batch 1803/2465: Clean accuracy 0.9728 | Adv accuracy: 0.0166 | Counter-attack accuracy: 0.9684
2026-01-22 21:28:09,697 - ADV_Generation_eps_1.0_steps_100_Added_Noise_uniform_Eps_40.0_Tau_Type_normal_anchors - INFO - Batch:[1803] Adversarial images for this batch already exist
2026-01-22 21:28:10,023 - ADV_Generation_eps_1.0_steps_100_Added_Noise_uniform_Eps_40.0_Tau_Type_normal_anchors - INFO - Batch 1804/2465: Clean accuracy 0.9728 | Adv accuracy: 0.0172 | Counter-attack accuracy: 0.9684
2026-01-22 21:28:10,025 - ADV_Generation_eps_1.0_steps_100_Added_Noise_uniform_Eps_40.0_Tau_Type_normal_anchors - INFO - Batch:[1804] Adversarial images for this batch already exist
2026-01-22 21:28:10,356 - ADV_Generation_eps_1.0_steps_100_Added_Noise_uniform_Eps_40.0_Tau_Type_normal_anchors - INFO - Batch 1805/2465: Clean accuracy 0.9729 | Adv accuracy: 0.0172 | Counter-attack accuracy: 0.9684
2026-01-22 21:28:10,357 - ADV_Generation_eps_1.0_steps_100_Added_Noise_uniform_Eps_40.0_Tau_Type_normal_anchors - INFO - Batch:[1805] Adversarial images for this batch already exist
2026-01-22 21:28:10,681 - ADV_Generation_eps_1.0_steps_100_Added_Noise_uniform_Eps_40.0_Tau_Type_normal_anchors - INFO - Batch 1806/2465: Clean accuracy 0.9729 | Adv accuracy: 0.0172 | Counter-attack accuracy: 0.9684
2026-01-22 21:28:10,681 - ADV_Generation_eps_1.0_steps_100_Added_Noise_uniform_Eps_40.0_Tau_Type_normal_anchors - INFO - Batch:[1806] Adversarial images for this batch already exist
2026-01-22 21:28:11,002 - ADV_Generation_eps_1.0_steps_100_Added_Noise_uniform_Eps_40.0_Tau_Type_normal_anchors - INFO - Batch 1807/2465: Clean accuracy 0.9729 | Adv accuracy: 0.0177 | Counter-attack accuracy: 0.9685
2026-01-22 21:28:11,002 - ADV_Generation_eps_1.0_steps_100_Added_Noise_uniform_Eps_40.0_Tau_Type_normal_anchors - INFO - Batch:[1807] Adversarial images for this batch already exist
2026-01-22 21:28:11,344 - ADV_Generation_eps_1.0_steps_100_Added_Noise_uniform_Eps_40.0_Tau_Type_normal_anchors - INFO - Batch 1808/2465: Clean accuracy 0.9729 | Adv accuracy: 0.0177 | Counter-attack accuracy: 0.9685
2026-01-22 21:28:11,345 - ADV_Generation_eps_1.0_steps_100_Added_Noise_uniform_Eps_40.0_Tau_Type_normal_anchors - INFO - Batch:[1808] Adversarial images for this batch already exist
2026-01-22 21:28:11,671 - ADV_Generation_eps_1.0_steps_100_Added_Noise_uniform_Eps_40.0_Tau_Type_normal_anchors - INFO - Batch 1809/2465: Clean accuracy 0.9729 | Adv accuracy: 0.0177 | Counter-attack accuracy: 0.9685
2026-01-22 21:28:11,672 - ADV_Generation_eps_1.0_steps_100_Added_Noise_uniform_Eps_40.0_Tau_Type_normal_anchors - INFO - Batch:[1809] Adversarial images for this batch already exist
2026-01-22 21:28:11,991 - ADV_Generation_eps_1.0_steps_100_Added_Noise_uniform_Eps_40.0_Tau_Type_normal_anchors - INFO - Batch 1810/2465: Clean accuracy 0.9729 | Adv accuracy: 0.0177 | Counter-attack accuracy: 0.9685
2026-01-22 21:28:11,992 - ADV_Generation_eps_1.0_steps_100_Added_Noise_uniform_Eps_40.0_Tau_Type_normal_anchors - INFO - Batch:[1810] Adversarial images for this batch already exist
2026-01-22 21:28:12,319 - ADV_Generation_eps_1.0_steps_100_Added_Noise_uniform_Eps_40.0_Tau_Type_normal_anchors - INFO - Batch 1811/2465: Clean accuracy 0.9729 | Adv accuracy: 0.0177 | Counter-attack accuracy: 0.9685
2026-01-22 21:28:12,319 - ADV_Generation_eps_1.0_steps_100_Added_Noise_uniform_Eps_40.0_Tau_Type_normal_anchors - INFO - Batch:[1811] Adversarial images for this batch already exist
2026-01-22 21:28:12,639 - ADV_Generation_eps_1.0_steps_100_Added_Noise_uniform_Eps_40.0_Tau_Type_normal_anchors - INFO - Batch 1812/2465: Clean accuracy 0.9730 | Adv accuracy: 0.0177 | Counter-attack accuracy: 0.9685
2026-01-22 21:28:12,640 - ADV_Generation_eps_1.0_steps_100_Added_Noise_uniform_Eps_40.0_Tau_Type_normal_anchors - INFO - Batch:[1812] Adversarial images for this batch already exist
2026-01-22 21:28:12,973 - ADV_Generation_eps_1.0_steps_100_Added_Noise_uniform_Eps_40.0_Tau_Type_normal_anchors - INFO - Batch 1813/2465: Clean accuracy 0.9730 | Adv accuracy: 0.0177 | Counter-attack accuracy: 0.9686
2026-01-22 21:28:12,974 - ADV_Generation_eps_1.0_steps_100_Added_Noise_uniform_Eps_40.0_Tau_Type_normal_anchors - INFO - Batch:[1813] Adversarial images for this batch already exist
2026-01-22 21:28:13,322 - ADV_Generation_eps_1.0_steps_100_Added_Noise_uniform_Eps_40.0_Tau_Type_normal_anchors - INFO - Batch 1814/2465: Clean accuracy 0.9730 | Adv accuracy: 0.0176 | Counter-attack accuracy: 0.9686
2026-01-22 21:28:13,322 - ADV_Generation_eps_1.0_steps_100_Added_Noise_uniform_Eps_40.0_Tau_Type_normal_anchors - INFO - Batch:[1814] Adversarial images for this batch already exist
2026-01-22 21:28:13,655 - ADV_Generation_eps_1.0_steps_100_Added_Noise_uniform_Eps_40.0_Tau_Type_normal_anchors - INFO - Batch 1815/2465: Clean accuracy 0.9730 | Adv accuracy: 0.0176 | Counter-attack accuracy: 0.9686
2026-01-22 21:28:13,656 - ADV_Generation_eps_1.0_steps_100_Added_Noise_uniform_Eps_40.0_Tau_Type_normal_anchors - INFO - Batch:[1815] Adversarial images for this batch already exist
2026-01-22 21:28:13,980 - ADV_Generation_eps_1.0_steps_100_Added_Noise_uniform_Eps_40.0_Tau_Type_normal_anchors - INFO - Batch 1816/2465: Clean accuracy 0.9730 | Adv accuracy: 0.0176 | Counter-attack accuracy: 0.9686
2026-01-22 21:28:13,981 - ADV_Generation_eps_1.0_steps_100_Added_Noise_uniform_Eps_40.0_Tau_Type_normal_anchors - INFO - Batch:[1816] Adversarial images for this batch already exist
2026-01-22 21:28:14,308 - ADV_Generation_eps_1.0_steps_100_Added_Noise_uniform_Eps_40.0_Tau_Type_normal_anchors - INFO - Batch 1817/2465: Clean accuracy 0.9730 | Adv accuracy: 0.0176 | Counter-attack accuracy: 0.9686
2026-01-22 21:28:14,309 - ADV_Generation_eps_1.0_steps_100_Added_Noise_uniform_Eps_40.0_Tau_Type_normal_anchors - INFO - Batch:[1817] Adversarial images for this batch already exist
2026-01-22 21:28:14,632 - ADV_Generation_eps_1.0_steps_100_Added_Noise_uniform_Eps_40.0_Tau_Type_normal_anchors - INFO - Batch 1818/2465: Clean accuracy 0.9730 | Adv accuracy: 0.0176 | Counter-attack accuracy: 0.9686
2026-01-22 21:28:14,633 - ADV_Generation_eps_1.0_steps_100_Added_Noise_uniform_Eps_40.0_Tau_Type_normal_anchors - INFO - Batch:[1818] Adversarial images for this batch already exist
2026-01-22 21:28:14,967 - ADV_Generation_eps_1.0_steps_100_Added_Noise_uniform_Eps_40.0_Tau_Type_normal_anchors - INFO - Batch 1819/2465: Clean accuracy 0.9731 | Adv accuracy: 0.0176 | Counter-attack accuracy: 0.9687
2026-01-22 21:28:14,968 - ADV_Generation_eps_1.0_steps_100_Added_Noise_uniform_Eps_40.0_Tau_Type_normal_anchors - INFO - Batch:[1819] Adversarial images for this batch already exist
2026-01-22 21:28:15,288 - ADV_Generation_eps_1.0_steps_100_Added_Noise_uniform_Eps_40.0_Tau_Type_normal_anchors - INFO - Batch 1820/2465: Clean accuracy 0.9731 | Adv accuracy: 0.0176 | Counter-attack accuracy: 0.9687
2026-01-22 21:28:15,288 - ADV_Generation_eps_1.0_steps_100_Added_Noise_uniform_Eps_40.0_Tau_Type_normal_anchors - INFO - Batch:[1820] Adversarial images for this batch already exist
2026-01-22 21:28:15,651 - ADV_Generation_eps_1.0_steps_100_Added_Noise_uniform_Eps_40.0_Tau_Type_normal_anchors - INFO - Batch 1821/2465: Clean accuracy 0.9731 | Adv accuracy: 0.0176 | Counter-attack accuracy: 0.9687
2026-01-22 21:28:15,651 - ADV_Generation_eps_1.0_steps_100_Added_Noise_uniform_Eps_40.0_Tau_Type_normal_anchors - INFO - Batch:[1821] Adversarial images for this batch already exist
2026-01-22 21:28:15,972 - ADV_Generation_eps_1.0_steps_100_Added_Noise_uniform_Eps_40.0_Tau_Type_normal_anchors - INFO - Batch 1822/2465: Clean accuracy 0.9731 | Adv accuracy: 0.0176 | Counter-attack accuracy: 0.9687
2026-01-22 21:28:15,973 - ADV_Generation_eps_1.0_steps_100_Added_Noise_uniform_Eps_40.0_Tau_Type_normal_anchors - INFO - Batch:[1822] Adversarial images for this batch already exist
2026-01-22 21:28:16,297 - ADV_Generation_eps_1.0_steps_100_Added_Noise_uniform_Eps_40.0_Tau_Type_normal_anchors - INFO - Batch 1823/2465: Clean accuracy 0.9731 | Adv accuracy: 0.0176 | Counter-attack accuracy: 0.9687
2026-01-22 21:28:16,298 - ADV_Generation_eps_1.0_steps_100_Added_Noise_uniform_Eps_40.0_Tau_Type_normal_anchors - INFO - Batch:[1823] Adversarial images for this batch already exist
2026-01-22 21:28:16,621 - ADV_Generation_eps_1.0_steps_100_Added_Noise_uniform_Eps_40.0_Tau_Type_normal_anchors - INFO - Batch 1824/2465: Clean accuracy 0.9731 | Adv accuracy: 0.0175 | Counter-attack accuracy: 0.9688
2026-01-22 21:28:16,622 - ADV_Generation_eps_1.0_steps_100_Added_Noise_uniform_Eps_40.0_Tau_Type_normal_anchors - INFO - Batch:[1824] Adversarial images for this batch already exist
2026-01-22 21:28:16,944 - ADV_Generation_eps_1.0_steps_100_Added_Noise_uniform_Eps_40.0_Tau_Type_normal_anchors - INFO - Batch 1825/2465: Clean accuracy 0.9732 | Adv accuracy: 0.0175 | Counter-attack accuracy: 0.9688
2026-01-22 21:28:16,945 - ADV_Generation_eps_1.0_steps_100_Added_Noise_uniform_Eps_40.0_Tau_Type_normal_anchors - INFO - Batch:[1825] Adversarial images for this batch already exist
2026-01-22 21:28:17,267 - ADV_Generation_eps_1.0_steps_100_Added_Noise_uniform_Eps_40.0_Tau_Type_normal_anchors - INFO - Batch 1826/2465: Clean accuracy 0.9732 | Adv accuracy: 0.0175 | Counter-attack accuracy: 0.9688
2026-01-22 21:28:17,267 - ADV_Generation_eps_1.0_steps_100_Added_Noise_uniform_Eps_40.0_Tau_Type_normal_anchors - INFO - Batch:[1826] Adversarial images for this batch already exist
2026-01-22 21:28:17,592 - ADV_Generation_eps_1.0_steps_100_Added_Noise_uniform_Eps_40.0_Tau_Type_normal_anchors - INFO - Batch 1827/2465: Clean accuracy 0.9732 | Adv accuracy: 0.0175 | Counter-attack accuracy: 0.9688
2026-01-22 21:28:17,592 - ADV_Generation_eps_1.0_steps_100_Added_Noise_uniform_Eps_40.0_Tau_Type_normal_anchors - INFO - Batch:[1827] Adversarial images for this batch already exist
2026-01-22 21:28:17,915 - ADV_Generation_eps_1.0_steps_100_Added_Noise_uniform_Eps_40.0_Tau_Type_normal_anchors - INFO - Batch 1828/2465: Clean accuracy 0.9732 | Adv accuracy: 0.0175 | Counter-attack accuracy: 0.9688
2026-01-22 21:28:17,915 - ADV_Generation_eps_1.0_steps_100_Added_Noise_uniform_Eps_40.0_Tau_Type_normal_anchors - INFO - Batch:[1828] Adversarial images for this batch already exist
2026-01-22 21:28:18,232 - ADV_Generation_eps_1.0_steps_100_Added_Noise_uniform_Eps_40.0_Tau_Type_normal_anchors - INFO - Batch 1829/2465: Clean accuracy 0.9732 | Adv accuracy: 0.0175 | Counter-attack accuracy: 0.9688
2026-01-22 21:28:18,232 - ADV_Generation_eps_1.0_steps_100_Added_Noise_uniform_Eps_40.0_Tau_Type_normal_anchors - INFO - Batch:[1829] Adversarial images for this batch already exist
2026-01-22 21:28:18,557 - ADV_Generation_eps_1.0_steps_100_Added_Noise_uniform_Eps_40.0_Tau_Type_normal_anchors - INFO - Batch 1830/2465: Clean accuracy 0.9732 | Adv accuracy: 0.0175 | Counter-attack accuracy: 0.9689
2026-01-22 21:28:18,558 - ADV_Generation_eps_1.0_steps_100_Added_Noise_uniform_Eps_40.0_Tau_Type_normal_anchors - INFO - Batch:[1830] Adversarial images for this batch already exist
2026-01-22 21:28:18,884 - ADV_Generation_eps_1.0_steps_100_Added_Noise_uniform_Eps_40.0_Tau_Type_normal_anchors - INFO - Batch 1831/2465: Clean accuracy 0.9732 | Adv accuracy: 0.0175 | Counter-attack accuracy: 0.9689
2026-01-22 21:28:18,885 - ADV_Generation_eps_1.0_steps_100_Added_Noise_uniform_Eps_40.0_Tau_Type_normal_anchors - INFO - Batch:[1831] Adversarial images for this batch already exist
2026-01-22 21:28:19,207 - ADV_Generation_eps_1.0_steps_100_Added_Noise_uniform_Eps_40.0_Tau_Type_normal_anchors - INFO - Batch 1832/2465: Clean accuracy 0.9733 | Adv accuracy: 0.0175 | Counter-attack accuracy: 0.9689
2026-01-22 21:28:19,208 - ADV_Generation_eps_1.0_steps_100_Added_Noise_uniform_Eps_40.0_Tau_Type_normal_anchors - INFO - Batch:[1832] Adversarial images for this batch already exist
2026-01-22 21:28:19,536 - ADV_Generation_eps_1.0_steps_100_Added_Noise_uniform_Eps_40.0_Tau_Type_normal_anchors - INFO - Batch 1833/2465: Clean accuracy 0.9733 | Adv accuracy: 0.0175 | Counter-attack accuracy: 0.9684
2026-01-22 21:28:19,537 - ADV_Generation_eps_1.0_steps_100_Added_Noise_uniform_Eps_40.0_Tau_Type_normal_anchors - INFO - Batch:[1833] Adversarial images for this batch already exist
2026-01-22 21:28:19,855 - ADV_Generation_eps_1.0_steps_100_Added_Noise_uniform_Eps_40.0_Tau_Type_normal_anchors - INFO - Batch 1834/2465: Clean accuracy 0.9733 | Adv accuracy: 0.0174 | Counter-attack accuracy: 0.9684
2026-01-22 21:28:19,855 - ADV_Generation_eps_1.0_steps_100_Added_Noise_uniform_Eps_40.0_Tau_Type_normal_anchors - INFO - Batch:[1834] Adversarial images for this batch already exist
2026-01-22 21:28:20,179 - ADV_Generation_eps_1.0_steps_100_Added_Noise_uniform_Eps_40.0_Tau_Type_normal_anchors - INFO - Batch 1835/2465: Clean accuracy 0.9733 | Adv accuracy: 0.0174 | Counter-attack accuracy: 0.9684
2026-01-22 21:28:20,181 - ADV_Generation_eps_1.0_steps_100_Added_Noise_uniform_Eps_40.0_Tau_Type_normal_anchors - INFO - Batch:[1835] Adversarial images for this batch already exist
2026-01-22 21:28:20,504 - ADV_Generation_eps_1.0_steps_100_Added_Noise_uniform_Eps_40.0_Tau_Type_normal_anchors - INFO - Batch 1836/2465: Clean accuracy 0.9733 | Adv accuracy: 0.0174 | Counter-attack accuracy: 0.9684
2026-01-22 21:28:20,504 - ADV_Generation_eps_1.0_steps_100_Added_Noise_uniform_Eps_40.0_Tau_Type_normal_anchors - INFO - Batch:[1836] Adversarial images for this batch already exist
2026-01-22 21:28:20,831 - ADV_Generation_eps_1.0_steps_100_Added_Noise_uniform_Eps_40.0_Tau_Type_normal_anchors - INFO - Batch 1837/2465: Clean accuracy 0.9733 | Adv accuracy: 0.0174 | Counter-attack accuracy: 0.9684
2026-01-22 21:28:20,832 - ADV_Generation_eps_1.0_steps_100_Added_Noise_uniform_Eps_40.0_Tau_Type_normal_anchors - INFO - Batch:[1837] Adversarial images for this batch already exist
2026-01-22 21:28:21,157 - ADV_Generation_eps_1.0_steps_100_Added_Noise_uniform_Eps_40.0_Tau_Type_normal_anchors - INFO - Batch 1838/2465: Clean accuracy 0.9733 | Adv accuracy: 0.0174 | Counter-attack accuracy: 0.9684
2026-01-22 21:28:21,158 - ADV_Generation_eps_1.0_steps_100_Added_Noise_uniform_Eps_40.0_Tau_Type_normal_anchors - INFO - Batch:[1838] Adversarial images for this batch already exist
2026-01-22 21:28:21,485 - ADV_Generation_eps_1.0_steps_100_Added_Noise_uniform_Eps_40.0_Tau_Type_normal_anchors - INFO - Batch 1839/2465: Clean accuracy 0.9728 | Adv accuracy: 0.0174 | Counter-attack accuracy: 0.9679
2026-01-22 21:28:21,486 - ADV_Generation_eps_1.0_steps_100_Added_Noise_uniform_Eps_40.0_Tau_Type_normal_anchors - INFO - Batch:[1839] Adversarial images for this batch already exist
2026-01-22 21:28:21,808 - ADV_Generation_eps_1.0_steps_100_Added_Noise_uniform_Eps_40.0_Tau_Type_normal_anchors - INFO - Batch 1840/2465: Clean accuracy 0.9728 | Adv accuracy: 0.0174 | Counter-attack accuracy: 0.9679
2026-01-22 21:28:21,809 - ADV_Generation_eps_1.0_steps_100_Added_Noise_uniform_Eps_40.0_Tau_Type_normal_anchors - INFO - Batch:[1840] Adversarial images for this batch already exist
2026-01-22 21:28:22,155 - ADV_Generation_eps_1.0_steps_100_Added_Noise_uniform_Eps_40.0_Tau_Type_normal_anchors - INFO - Batch 1841/2465: Clean accuracy 0.9728 | Adv accuracy: 0.0174 | Counter-attack accuracy: 0.9680
2026-01-22 21:28:22,156 - ADV_Generation_eps_1.0_steps_100_Added_Noise_uniform_Eps_40.0_Tau_Type_normal_anchors - INFO - Batch:[1841] Adversarial images for this batch already exist
2026-01-22 21:28:22,482 - ADV_Generation_eps_1.0_steps_100_Added_Noise_uniform_Eps_40.0_Tau_Type_normal_anchors - INFO - Batch 1842/2465: Clean accuracy 0.9729 | Adv accuracy: 0.0174 | Counter-attack accuracy: 0.9680
2026-01-22 21:28:22,482 - ADV_Generation_eps_1.0_steps_100_Added_Noise_uniform_Eps_40.0_Tau_Type_normal_anchors - INFO - Batch:[1842] Adversarial images for this batch already exist
2026-01-22 21:28:22,814 - ADV_Generation_eps_1.0_steps_100_Added_Noise_uniform_Eps_40.0_Tau_Type_normal_anchors - INFO - Batch 1843/2465: Clean accuracy 0.9729 | Adv accuracy: 0.0174 | Counter-attack accuracy: 0.9680
2026-01-22 21:28:22,814 - ADV_Generation_eps_1.0_steps_100_Added_Noise_uniform_Eps_40.0_Tau_Type_normal_anchors - INFO - Batch:[1843] Adversarial images for this batch already exist
2026-01-22 21:28:23,145 - ADV_Generation_eps_1.0_steps_100_Added_Noise_uniform_Eps_40.0_Tau_Type_normal_anchors - INFO - Batch 1844/2465: Clean accuracy 0.9729 | Adv accuracy: 0.0174 | Counter-attack accuracy: 0.9680
2026-01-22 21:28:23,145 - ADV_Generation_eps_1.0_steps_100_Added_Noise_uniform_Eps_40.0_Tau_Type_normal_anchors - INFO - Batch:[1844] Adversarial images for this batch already exist
2026-01-22 21:28:23,469 - ADV_Generation_eps_1.0_steps_100_Added_Noise_uniform_Eps_40.0_Tau_Type_normal_anchors - INFO - Batch 1845/2465: Clean accuracy 0.9729 | Adv accuracy: 0.0173 | Counter-attack accuracy: 0.9680
2026-01-22 21:28:23,471 - ADV_Generation_eps_1.0_steps_100_Added_Noise_uniform_Eps_40.0_Tau_Type_normal_anchors - INFO - Batch:[1845] Adversarial images for this batch already exist
2026-01-22 21:28:23,798 - ADV_Generation_eps_1.0_steps_100_Added_Noise_uniform_Eps_40.0_Tau_Type_normal_anchors - INFO - Batch 1846/2465: Clean accuracy 0.9729 | Adv accuracy: 0.0173 | Counter-attack accuracy: 0.9680
2026-01-22 21:28:23,799 - ADV_Generation_eps_1.0_steps_100_Added_Noise_uniform_Eps_40.0_Tau_Type_normal_anchors - INFO - Batch:[1846] Adversarial images for this batch already exist
2026-01-22 21:28:24,117 - ADV_Generation_eps_1.0_steps_100_Added_Noise_uniform_Eps_40.0_Tau_Type_normal_anchors - INFO - Batch 1847/2465: Clean accuracy 0.9729 | Adv accuracy: 0.0173 | Counter-attack accuracy: 0.9681
2026-01-22 21:28:24,118 - ADV_Generation_eps_1.0_steps_100_Added_Noise_uniform_Eps_40.0_Tau_Type_normal_anchors - INFO - Batch:[1847] Adversarial images for this batch already exist
2026-01-22 21:28:24,452 - ADV_Generation_eps_1.0_steps_100_Added_Noise_uniform_Eps_40.0_Tau_Type_normal_anchors - INFO - Batch 1848/2465: Clean accuracy 0.9729 | Adv accuracy: 0.0173 | Counter-attack accuracy: 0.9681
2026-01-22 21:28:24,453 - ADV_Generation_eps_1.0_steps_100_Added_Noise_uniform_Eps_40.0_Tau_Type_normal_anchors - INFO - Batch:[1848] Adversarial images for this batch already exist
2026-01-22 21:28:24,782 - ADV_Generation_eps_1.0_steps_100_Added_Noise_uniform_Eps_40.0_Tau_Type_normal_anchors - INFO - Batch 1849/2465: Clean accuracy 0.9730 | Adv accuracy: 0.0173 | Counter-attack accuracy: 0.9681
2026-01-22 21:28:24,783 - ADV_Generation_eps_1.0_steps_100_Added_Noise_uniform_Eps_40.0_Tau_Type_normal_anchors - INFO - Batch:[1849] Adversarial images for this batch already exist
2026-01-22 21:28:25,100 - ADV_Generation_eps_1.0_steps_100_Added_Noise_uniform_Eps_40.0_Tau_Type_normal_anchors - INFO - Batch 1850/2465: Clean accuracy 0.9730 | Adv accuracy: 0.0173 | Counter-attack accuracy: 0.9681
2026-01-22 21:28:25,100 - ADV_Generation_eps_1.0_steps_100_Added_Noise_uniform_Eps_40.0_Tau_Type_normal_anchors - INFO - Batch:[1850] Adversarial images for this batch already exist
2026-01-22 21:28:25,425 - ADV_Generation_eps_1.0_steps_100_Added_Noise_uniform_Eps_40.0_Tau_Type_normal_anchors - INFO - Batch 1851/2465: Clean accuracy 0.9730 | Adv accuracy: 0.0173 | Counter-attack accuracy: 0.9681
2026-01-22 21:28:25,425 - ADV_Generation_eps_1.0_steps_100_Added_Noise_uniform_Eps_40.0_Tau_Type_normal_anchors - INFO - Batch:[1851] Adversarial images for this batch already exist
2026-01-22 21:28:25,751 - ADV_Generation_eps_1.0_steps_100_Added_Noise_uniform_Eps_40.0_Tau_Type_normal_anchors - INFO - Batch 1852/2465: Clean accuracy 0.9730 | Adv accuracy: 0.0173 | Counter-attack accuracy: 0.9681
2026-01-22 21:28:25,751 - ADV_Generation_eps_1.0_steps_100_Added_Noise_uniform_Eps_40.0_Tau_Type_normal_anchors - INFO - Batch:[1852] Adversarial images for this batch already exist
2026-01-22 21:28:26,076 - ADV_Generation_eps_1.0_steps_100_Added_Noise_uniform_Eps_40.0_Tau_Type_normal_anchors - INFO - Batch 1853/2465: Clean accuracy 0.9730 | Adv accuracy: 0.0173 | Counter-attack accuracy: 0.9682
2026-01-22 21:28:26,077 - ADV_Generation_eps_1.0_steps_100_Added_Noise_uniform_Eps_40.0_Tau_Type_normal_anchors - INFO - Batch:[1853] Adversarial images for this batch already exist
2026-01-22 21:28:26,405 - ADV_Generation_eps_1.0_steps_100_Added_Noise_uniform_Eps_40.0_Tau_Type_normal_anchors - INFO - Batch 1854/2465: Clean accuracy 0.9730 | Adv accuracy: 0.0173 | Counter-attack accuracy: 0.9682
2026-01-22 21:28:26,406 - ADV_Generation_eps_1.0_steps_100_Added_Noise_uniform_Eps_40.0_Tau_Type_normal_anchors - INFO - Batch:[1854] Adversarial images for this batch already exist
2026-01-22 21:28:26,726 - ADV_Generation_eps_1.0_steps_100_Added_Noise_uniform_Eps_40.0_Tau_Type_normal_anchors - INFO - Batch 1855/2465: Clean accuracy 0.9730 | Adv accuracy: 0.0173 | Counter-attack accuracy: 0.9682
2026-01-22 21:28:26,727 - ADV_Generation_eps_1.0_steps_100_Added_Noise_uniform_Eps_40.0_Tau_Type_normal_anchors - INFO - Batch:[1855] Adversarial images for this batch already exist
2026-01-22 21:28:27,051 - ADV_Generation_eps_1.0_steps_100_Added_Noise_uniform_Eps_40.0_Tau_Type_normal_anchors - INFO - Batch 1856/2465: Clean accuracy 0.9731 | Adv accuracy: 0.0172 | Counter-attack accuracy: 0.9682
2026-01-22 21:28:27,052 - ADV_Generation_eps_1.0_steps_100_Added_Noise_uniform_Eps_40.0_Tau_Type_normal_anchors - INFO - Batch:[1856] Adversarial images for this batch already exist
2026-01-22 21:28:27,371 - ADV_Generation_eps_1.0_steps_100_Added_Noise_uniform_Eps_40.0_Tau_Type_normal_anchors - INFO - Batch 1857/2465: Clean accuracy 0.9731 | Adv accuracy: 0.0172 | Counter-attack accuracy: 0.9682
2026-01-22 21:28:27,372 - ADV_Generation_eps_1.0_steps_100_Added_Noise_uniform_Eps_40.0_Tau_Type_normal_anchors - INFO - Batch:[1857] Adversarial images for this batch already exist
2026-01-22 21:28:27,691 - ADV_Generation_eps_1.0_steps_100_Added_Noise_uniform_Eps_40.0_Tau_Type_normal_anchors - INFO - Batch 1858/2465: Clean accuracy 0.9731 | Adv accuracy: 0.0172 | Counter-attack accuracy: 0.9682
2026-01-22 21:28:27,692 - ADV_Generation_eps_1.0_steps_100_Added_Noise_uniform_Eps_40.0_Tau_Type_normal_anchors - INFO - Batch:[1858] Adversarial images for this batch already exist
2026-01-22 21:28:28,014 - ADV_Generation_eps_1.0_steps_100_Added_Noise_uniform_Eps_40.0_Tau_Type_normal_anchors - INFO - Batch 1859/2465: Clean accuracy 0.9731 | Adv accuracy: 0.0172 | Counter-attack accuracy: 0.9683
2026-01-22 21:28:28,015 - ADV_Generation_eps_1.0_steps_100_Added_Noise_uniform_Eps_40.0_Tau_Type_normal_anchors - INFO - Batch:[1859] Adversarial images for this batch already exist
2026-01-22 21:28:28,341 - ADV_Generation_eps_1.0_steps_100_Added_Noise_uniform_Eps_40.0_Tau_Type_normal_anchors - INFO - Batch 1860/2465: Clean accuracy 0.9731 | Adv accuracy: 0.0172 | Counter-attack accuracy: 0.9683
2026-01-22 21:28:28,342 - ADV_Generation_eps_1.0_steps_100_Added_Noise_uniform_Eps_40.0_Tau_Type_normal_anchors - INFO - Batch:[1860] Adversarial images for this batch already exist
2026-01-22 21:28:28,666 - ADV_Generation_eps_1.0_steps_100_Added_Noise_uniform_Eps_40.0_Tau_Type_normal_anchors - INFO - Batch 1861/2465: Clean accuracy 0.9731 | Adv accuracy: 0.0172 | Counter-attack accuracy: 0.9683
2026-01-22 21:28:28,666 - ADV_Generation_eps_1.0_steps_100_Added_Noise_uniform_Eps_40.0_Tau_Type_normal_anchors - INFO - Batch:[1861] Adversarial images for this batch already exist
2026-01-22 21:28:28,990 - ADV_Generation_eps_1.0_steps_100_Added_Noise_uniform_Eps_40.0_Tau_Type_normal_anchors - INFO - Batch 1862/2465: Clean accuracy 0.9731 | Adv accuracy: 0.0172 | Counter-attack accuracy: 0.9683
2026-01-22 21:28:28,991 - ADV_Generation_eps_1.0_steps_100_Added_Noise_uniform_Eps_40.0_Tau_Type_normal_anchors - INFO - Batch:[1862] Adversarial images for this batch already exist
2026-01-22 21:28:29,322 - ADV_Generation_eps_1.0_steps_100_Added_Noise_uniform_Eps_40.0_Tau_Type_normal_anchors - INFO - Batch 1863/2465: Clean accuracy 0.9732 | Adv accuracy: 0.0172 | Counter-attack accuracy: 0.9683
2026-01-22 21:28:29,323 - ADV_Generation_eps_1.0_steps_100_Added_Noise_uniform_Eps_40.0_Tau_Type_normal_anchors - INFO - Batch:[1863] Adversarial images for this batch already exist
2026-01-22 21:28:29,691 - ADV_Generation_eps_1.0_steps_100_Added_Noise_uniform_Eps_40.0_Tau_Type_normal_anchors - INFO - Batch 1864/2465: Clean accuracy 0.9732 | Adv accuracy: 0.0172 | Counter-attack accuracy: 0.9683
2026-01-22 21:28:29,692 - ADV_Generation_eps_1.0_steps_100_Added_Noise_uniform_Eps_40.0_Tau_Type_normal_anchors - INFO - Batch:[1864] Adversarial images for this batch already exist
2026-01-22 21:28:30,019 - ADV_Generation_eps_1.0_steps_100_Added_Noise_uniform_Eps_40.0_Tau_Type_normal_anchors - INFO - Batch 1865/2465: Clean accuracy 0.9732 | Adv accuracy: 0.0172 | Counter-attack accuracy: 0.9684
2026-01-22 21:28:30,020 - ADV_Generation_eps_1.0_steps_100_Added_Noise_uniform_Eps_40.0_Tau_Type_normal_anchors - INFO - Batch:[1865] Adversarial images for this batch already exist
2026-01-22 21:28:30,344 - ADV_Generation_eps_1.0_steps_100_Added_Noise_uniform_Eps_40.0_Tau_Type_normal_anchors - INFO - Batch 1866/2465: Clean accuracy 0.9732 | Adv accuracy: 0.0171 | Counter-attack accuracy: 0.9684
2026-01-22 21:28:30,345 - ADV_Generation_eps_1.0_steps_100_Added_Noise_uniform_Eps_40.0_Tau_Type_normal_anchors - INFO - Batch:[1866] Adversarial images for this batch already exist
2026-01-22 21:28:30,671 - ADV_Generation_eps_1.0_steps_100_Added_Noise_uniform_Eps_40.0_Tau_Type_normal_anchors - INFO - Batch 1867/2465: Clean accuracy 0.9732 | Adv accuracy: 0.0171 | Counter-attack accuracy: 0.9684
2026-01-22 21:28:30,672 - ADV_Generation_eps_1.0_steps_100_Added_Noise_uniform_Eps_40.0_Tau_Type_normal_anchors - INFO - Batch:[1867] Adversarial images for this batch already exist
2026-01-22 21:28:30,997 - ADV_Generation_eps_1.0_steps_100_Added_Noise_uniform_Eps_40.0_Tau_Type_normal_anchors - INFO - Batch 1868/2465: Clean accuracy 0.9732 | Adv accuracy: 0.0171 | Counter-attack accuracy: 0.9684
2026-01-22 21:28:30,997 - ADV_Generation_eps_1.0_steps_100_Added_Noise_uniform_Eps_40.0_Tau_Type_normal_anchors - INFO - Batch:[1868] Adversarial images for this batch already exist
2026-01-22 21:28:31,319 - ADV_Generation_eps_1.0_steps_100_Added_Noise_uniform_Eps_40.0_Tau_Type_normal_anchors - INFO - Batch 1869/2465: Clean accuracy 0.9732 | Adv accuracy: 0.0171 | Counter-attack accuracy: 0.9684
2026-01-22 21:28:31,320 - ADV_Generation_eps_1.0_steps_100_Added_Noise_uniform_Eps_40.0_Tau_Type_normal_anchors - INFO - Batch:[1869] Adversarial images for this batch already exist
2026-01-22 21:28:31,695 - ADV_Generation_eps_1.0_steps_100_Added_Noise_uniform_Eps_40.0_Tau_Type_normal_anchors - INFO - Batch 1870/2465: Clean accuracy 0.9733 | Adv accuracy: 0.0171 | Counter-attack accuracy: 0.9684
2026-01-22 21:28:31,696 - ADV_Generation_eps_1.0_steps_100_Added_Noise_uniform_Eps_40.0_Tau_Type_normal_anchors - INFO - Batch:[1870] Adversarial images for this batch already exist
2026-01-22 21:28:32,016 - ADV_Generation_eps_1.0_steps_100_Added_Noise_uniform_Eps_40.0_Tau_Type_normal_anchors - INFO - Batch 1871/2465: Clean accuracy 0.9733 | Adv accuracy: 0.0171 | Counter-attack accuracy: 0.9685
2026-01-22 21:28:32,017 - ADV_Generation_eps_1.0_steps_100_Added_Noise_uniform_Eps_40.0_Tau_Type_normal_anchors - INFO - Batch:[1871] Adversarial images for this batch already exist
2026-01-22 21:28:32,343 - ADV_Generation_eps_1.0_steps_100_Added_Noise_uniform_Eps_40.0_Tau_Type_normal_anchors - INFO - Batch 1872/2465: Clean accuracy 0.9733 | Adv accuracy: 0.0171 | Counter-attack accuracy: 0.9685
2026-01-22 21:28:32,344 - ADV_Generation_eps_1.0_steps_100_Added_Noise_uniform_Eps_40.0_Tau_Type_normal_anchors - INFO - Batch:[1872] Adversarial images for this batch already exist
2026-01-22 21:28:32,664 - ADV_Generation_eps_1.0_steps_100_Added_Noise_uniform_Eps_40.0_Tau_Type_normal_anchors - INFO - Batch 1873/2465: Clean accuracy 0.9733 | Adv accuracy: 0.0171 | Counter-attack accuracy: 0.9685
2026-01-22 21:28:32,664 - ADV_Generation_eps_1.0_steps_100_Added_Noise_uniform_Eps_40.0_Tau_Type_normal_anchors - INFO - Batch:[1873] Adversarial images for this batch already exist
2026-01-22 21:28:32,998 - ADV_Generation_eps_1.0_steps_100_Added_Noise_uniform_Eps_40.0_Tau_Type_normal_anchors - INFO - Batch 1874/2465: Clean accuracy 0.9733 | Adv accuracy: 0.0171 | Counter-attack accuracy: 0.9685
2026-01-22 21:28:32,999 - ADV_Generation_eps_1.0_steps_100_Added_Noise_uniform_Eps_40.0_Tau_Type_normal_anchors - INFO - Batch:[1874] Adversarial images for this batch already exist
2026-01-22 21:28:33,328 - ADV_Generation_eps_1.0_steps_100_Added_Noise_uniform_Eps_40.0_Tau_Type_normal_anchors - INFO - Batch 1875/2465: Clean accuracy 0.9733 | Adv accuracy: 0.0171 | Counter-attack accuracy: 0.9685
2026-01-22 21:28:33,329 - ADV_Generation_eps_1.0_steps_100_Added_Noise_uniform_Eps_40.0_Tau_Type_normal_anchors - INFO - Batch:[1875] Adversarial images for this batch already exist
2026-01-22 21:28:33,647 - ADV_Generation_eps_1.0_steps_100_Added_Noise_uniform_Eps_40.0_Tau_Type_normal_anchors - INFO - Batch 1876/2465: Clean accuracy 0.9733 | Adv accuracy: 0.0171 | Counter-attack accuracy: 0.9686
2026-01-22 21:28:33,648 - ADV_Generation_eps_1.0_steps_100_Added_Noise_uniform_Eps_40.0_Tau_Type_normal_anchors - INFO - Batch:[1876] Adversarial images for this batch already exist
2026-01-22 21:28:33,972 - ADV_Generation_eps_1.0_steps_100_Added_Noise_uniform_Eps_40.0_Tau_Type_normal_anchors - INFO - Batch 1877/2465: Clean accuracy 0.9734 | Adv accuracy: 0.0170 | Counter-attack accuracy: 0.9686
2026-01-22 21:28:33,973 - ADV_Generation_eps_1.0_steps_100_Added_Noise_uniform_Eps_40.0_Tau_Type_normal_anchors - INFO - Batch:[1877] Adversarial images for this batch already exist
2026-01-22 21:28:34,296 - ADV_Generation_eps_1.0_steps_100_Added_Noise_uniform_Eps_40.0_Tau_Type_normal_anchors - INFO - Batch 1878/2465: Clean accuracy 0.9734 | Adv accuracy: 0.0170 | Counter-attack accuracy: 0.9686
2026-01-22 21:28:34,297 - ADV_Generation_eps_1.0_steps_100_Added_Noise_uniform_Eps_40.0_Tau_Type_normal_anchors - INFO - Batch:[1878] Adversarial images for this batch already exist
2026-01-22 21:28:34,619 - ADV_Generation_eps_1.0_steps_100_Added_Noise_uniform_Eps_40.0_Tau_Type_normal_anchors - INFO - Batch 1879/2465: Clean accuracy 0.9734 | Adv accuracy: 0.0170 | Counter-attack accuracy: 0.9686
2026-01-22 21:28:34,620 - ADV_Generation_eps_1.0_steps_100_Added_Noise_uniform_Eps_40.0_Tau_Type_normal_anchors - INFO - Batch:[1879] Adversarial images for this batch already exist
2026-01-22 21:28:34,946 - ADV_Generation_eps_1.0_steps_100_Added_Noise_uniform_Eps_40.0_Tau_Type_normal_anchors - INFO - Batch 1880/2465: Clean accuracy 0.9734 | Adv accuracy: 0.0170 | Counter-attack accuracy: 0.9686
2026-01-22 21:28:34,946 - ADV_Generation_eps_1.0_steps_100_Added_Noise_uniform_Eps_40.0_Tau_Type_normal_anchors - INFO - Batch:[1880] Adversarial images for this batch already exist
2026-01-22 21:28:35,269 - ADV_Generation_eps_1.0_steps_100_Added_Noise_uniform_Eps_40.0_Tau_Type_normal_anchors - INFO - Batch 1881/2465: Clean accuracy 0.9734 | Adv accuracy: 0.0170 | Counter-attack accuracy: 0.9686
2026-01-22 21:28:35,270 - ADV_Generation_eps_1.0_steps_100_Added_Noise_uniform_Eps_40.0_Tau_Type_normal_anchors - INFO - Batch:[1881] Adversarial images for this batch already exist
2026-01-22 21:28:35,602 - ADV_Generation_eps_1.0_steps_100_Added_Noise_uniform_Eps_40.0_Tau_Type_normal_anchors - INFO - Batch 1882/2465: Clean accuracy 0.9734 | Adv accuracy: 0.0170 | Counter-attack accuracy: 0.9687
2026-01-22 21:28:35,602 - ADV_Generation_eps_1.0_steps_100_Added_Noise_uniform_Eps_40.0_Tau_Type_normal_anchors - INFO - Batch:[1882] Adversarial images for this batch already exist
2026-01-22 21:28:35,925 - ADV_Generation_eps_1.0_steps_100_Added_Noise_uniform_Eps_40.0_Tau_Type_normal_anchors - INFO - Batch 1883/2465: Clean accuracy 0.9734 | Adv accuracy: 0.0170 | Counter-attack accuracy: 0.9687
2026-01-22 21:28:35,926 - ADV_Generation_eps_1.0_steps_100_Added_Noise_uniform_Eps_40.0_Tau_Type_normal_anchors - INFO - Batch:[1883] Adversarial images for this batch already exist
2026-01-22 21:28:36,244 - ADV_Generation_eps_1.0_steps_100_Added_Noise_uniform_Eps_40.0_Tau_Type_normal_anchors - INFO - Batch 1884/2465: Clean accuracy 0.9735 | Adv accuracy: 0.0170 | Counter-attack accuracy: 0.9687
2026-01-22 21:28:36,245 - ADV_Generation_eps_1.0_steps_100_Added_Noise_uniform_Eps_40.0_Tau_Type_normal_anchors - INFO - Batch:[1884] Adversarial images for this batch already exist
2026-01-22 21:28:36,569 - ADV_Generation_eps_1.0_steps_100_Added_Noise_uniform_Eps_40.0_Tau_Type_normal_anchors - INFO - Batch 1885/2465: Clean accuracy 0.9735 | Adv accuracy: 0.0170 | Counter-attack accuracy: 0.9687
2026-01-22 21:28:36,570 - ADV_Generation_eps_1.0_steps_100_Added_Noise_uniform_Eps_40.0_Tau_Type_normal_anchors - INFO - Batch:[1885] Adversarial images for this batch already exist
2026-01-22 21:28:36,897 - ADV_Generation_eps_1.0_steps_100_Added_Noise_uniform_Eps_40.0_Tau_Type_normal_anchors - INFO - Batch 1886/2465: Clean accuracy 0.9735 | Adv accuracy: 0.0170 | Counter-attack accuracy: 0.9687
2026-01-22 21:28:36,898 - ADV_Generation_eps_1.0_steps_100_Added_Noise_uniform_Eps_40.0_Tau_Type_normal_anchors - INFO - Batch:[1886] Adversarial images for this batch already exist
2026-01-22 21:28:37,241 - ADV_Generation_eps_1.0_steps_100_Added_Noise_uniform_Eps_40.0_Tau_Type_normal_anchors - INFO - Batch 1887/2465: Clean accuracy 0.9735 | Adv accuracy: 0.0170 | Counter-attack accuracy: 0.9687
2026-01-22 21:28:37,243 - ADV_Generation_eps_1.0_steps_100_Added_Noise_uniform_Eps_40.0_Tau_Type_normal_anchors - INFO - Batch:[1887] Adversarial images for this batch already exist
2026-01-22 21:28:37,564 - ADV_Generation_eps_1.0_steps_100_Added_Noise_uniform_Eps_40.0_Tau_Type_normal_anchors - INFO - Batch 1888/2465: Clean accuracy 0.9735 | Adv accuracy: 0.0169 | Counter-attack accuracy: 0.9688
2026-01-22 21:28:37,565 - ADV_Generation_eps_1.0_steps_100_Added_Noise_uniform_Eps_40.0_Tau_Type_normal_anchors - INFO - Batch:[1888] Adversarial images for this batch already exist
2026-01-22 21:28:37,897 - ADV_Generation_eps_1.0_steps_100_Added_Noise_uniform_Eps_40.0_Tau_Type_normal_anchors - INFO - Batch 1889/2465: Clean accuracy 0.9735 | Adv accuracy: 0.0169 | Counter-attack accuracy: 0.9688
2026-01-22 21:28:37,898 - ADV_Generation_eps_1.0_steps_100_Added_Noise_uniform_Eps_40.0_Tau_Type_normal_anchors - INFO - Batch:[1889] Adversarial images for this batch already exist
2026-01-22 21:28:38,218 - ADV_Generation_eps_1.0_steps_100_Added_Noise_uniform_Eps_40.0_Tau_Type_normal_anchors - INFO - Batch 1890/2465: Clean accuracy 0.9735 | Adv accuracy: 0.0169 | Counter-attack accuracy: 0.9688
2026-01-22 21:28:38,219 - ADV_Generation_eps_1.0_steps_100_Added_Noise_uniform_Eps_40.0_Tau_Type_normal_anchors - INFO - Batch:[1890] Adversarial images for this batch already exist
2026-01-22 21:28:38,565 - ADV_Generation_eps_1.0_steps_100_Added_Noise_uniform_Eps_40.0_Tau_Type_normal_anchors - INFO - Batch 1891/2465: Clean accuracy 0.9736 | Adv accuracy: 0.0169 | Counter-attack accuracy: 0.9688
2026-01-22 21:28:38,567 - ADV_Generation_eps_1.0_steps_100_Added_Noise_uniform_Eps_40.0_Tau_Type_normal_anchors - INFO - Batch:[1891] Adversarial images for this batch already exist
2026-01-22 21:28:38,889 - ADV_Generation_eps_1.0_steps_100_Added_Noise_uniform_Eps_40.0_Tau_Type_normal_anchors - INFO - Batch 1892/2465: Clean accuracy 0.9736 | Adv accuracy: 0.0169 | Counter-attack accuracy: 0.9688
2026-01-22 21:28:38,890 - ADV_Generation_eps_1.0_steps_100_Added_Noise_uniform_Eps_40.0_Tau_Type_normal_anchors - INFO - Batch:[1892] Adversarial images for this batch already exist
2026-01-22 21:28:39,209 - ADV_Generation_eps_1.0_steps_100_Added_Noise_uniform_Eps_40.0_Tau_Type_normal_anchors - INFO - Batch 1893/2465: Clean accuracy 0.9736 | Adv accuracy: 0.0169 | Counter-attack accuracy: 0.9688
2026-01-22 21:28:39,210 - ADV_Generation_eps_1.0_steps_100_Added_Noise_uniform_Eps_40.0_Tau_Type_normal_anchors - INFO - Batch:[1893] Adversarial images for this batch already exist
2026-01-22 21:28:39,537 - ADV_Generation_eps_1.0_steps_100_Added_Noise_uniform_Eps_40.0_Tau_Type_normal_anchors - INFO - Batch 1894/2465: Clean accuracy 0.9736 | Adv accuracy: 0.0169 | Counter-attack accuracy: 0.9688
2026-01-22 21:28:39,538 - ADV_Generation_eps_1.0_steps_100_Added_Noise_uniform_Eps_40.0_Tau_Type_normal_anchors - INFO - Batch:[1894] Adversarial images for this batch already exist
2026-01-22 21:28:39,864 - ADV_Generation_eps_1.0_steps_100_Added_Noise_uniform_Eps_40.0_Tau_Type_normal_anchors - INFO - Batch 1895/2465: Clean accuracy 0.9736 | Adv accuracy: 0.0169 | Counter-attack accuracy: 0.9689
2026-01-22 21:28:39,865 - ADV_Generation_eps_1.0_steps_100_Added_Noise_uniform_Eps_40.0_Tau_Type_normal_anchors - INFO - Batch:[1895] Adversarial images for this batch already exist
2026-01-22 21:28:40,191 - ADV_Generation_eps_1.0_steps_100_Added_Noise_uniform_Eps_40.0_Tau_Type_normal_anchors - INFO - Batch 1896/2465: Clean accuracy 0.9736 | Adv accuracy: 0.0174 | Counter-attack accuracy: 0.9689
2026-01-22 21:28:40,192 - ADV_Generation_eps_1.0_steps_100_Added_Noise_uniform_Eps_40.0_Tau_Type_normal_anchors - INFO - Batch:[1896] Adversarial images for this batch already exist
2026-01-22 21:28:40,513 - ADV_Generation_eps_1.0_steps_100_Added_Noise_uniform_Eps_40.0_Tau_Type_normal_anchors - INFO - Batch 1897/2465: Clean accuracy 0.9736 | Adv accuracy: 0.0174 | Counter-attack accuracy: 0.9689
2026-01-22 21:28:40,513 - ADV_Generation_eps_1.0_steps_100_Added_Noise_uniform_Eps_40.0_Tau_Type_normal_anchors - INFO - Batch:[1897] Adversarial images for this batch already exist
2026-01-22 21:28:40,842 - ADV_Generation_eps_1.0_steps_100_Added_Noise_uniform_Eps_40.0_Tau_Type_normal_anchors - INFO - Batch 1898/2465: Clean accuracy 0.9737 | Adv accuracy: 0.0174 | Counter-attack accuracy: 0.9689
2026-01-22 21:28:40,843 - ADV_Generation_eps_1.0_steps_100_Added_Noise_uniform_Eps_40.0_Tau_Type_normal_anchors - INFO - Batch:[1898] Adversarial images for this batch already exist
2026-01-22 21:28:41,158 - ADV_Generation_eps_1.0_steps_100_Added_Noise_uniform_Eps_40.0_Tau_Type_normal_anchors - INFO - Batch 1899/2465: Clean accuracy 0.9737 | Adv accuracy: 0.0174 | Counter-attack accuracy: 0.9689
2026-01-22 21:28:41,158 - ADV_Generation_eps_1.0_steps_100_Added_Noise_uniform_Eps_40.0_Tau_Type_normal_anchors - INFO - Batch:[1899] Adversarial images for this batch already exist
2026-01-22 21:28:41,497 - ADV_Generation_eps_1.0_steps_100_Added_Noise_uniform_Eps_40.0_Tau_Type_normal_anchors - INFO - Batch 1900/2465: Clean accuracy 0.9737 | Adv accuracy: 0.0174 | Counter-attack accuracy: 0.9689
2026-01-22 21:28:41,497 - ADV_Generation_eps_1.0_steps_100_Added_Noise_uniform_Eps_40.0_Tau_Type_normal_anchors - INFO - Batch:[1900] Adversarial images for this batch already exist
2026-01-22 21:28:41,825 - ADV_Generation_eps_1.0_steps_100_Added_Noise_uniform_Eps_40.0_Tau_Type_normal_anchors - INFO - Batch 1901/2465: Clean accuracy 0.9737 | Adv accuracy: 0.0174 | Counter-attack accuracy: 0.9690
2026-01-22 21:28:41,826 - ADV_Generation_eps_1.0_steps_100_Added_Noise_uniform_Eps_40.0_Tau_Type_normal_anchors - INFO - Batch:[1901] Adversarial images for this batch already exist
2026-01-22 21:28:42,154 - ADV_Generation_eps_1.0_steps_100_Added_Noise_uniform_Eps_40.0_Tau_Type_normal_anchors - INFO - Batch 1902/2465: Clean accuracy 0.9737 | Adv accuracy: 0.0174 | Counter-attack accuracy: 0.9690
2026-01-22 21:28:42,155 - ADV_Generation_eps_1.0_steps_100_Added_Noise_uniform_Eps_40.0_Tau_Type_normal_anchors - INFO - Batch:[1902] Adversarial images for this batch already exist
2026-01-22 21:28:42,485 - ADV_Generation_eps_1.0_steps_100_Added_Noise_uniform_Eps_40.0_Tau_Type_normal_anchors - INFO - Batch 1903/2465: Clean accuracy 0.9737 | Adv accuracy: 0.0173 | Counter-attack accuracy: 0.9690
2026-01-22 21:28:42,486 - ADV_Generation_eps_1.0_steps_100_Added_Noise_uniform_Eps_40.0_Tau_Type_normal_anchors - INFO - Batch:[1903] Adversarial images for this batch already exist
2026-01-22 21:28:42,808 - ADV_Generation_eps_1.0_steps_100_Added_Noise_uniform_Eps_40.0_Tau_Type_normal_anchors - INFO - Batch 1904/2465: Clean accuracy 0.9737 | Adv accuracy: 0.0173 | Counter-attack accuracy: 0.9690
2026-01-22 21:28:42,808 - ADV_Generation_eps_1.0_steps_100_Added_Noise_uniform_Eps_40.0_Tau_Type_normal_anchors - INFO - Batch:[1904] Adversarial images for this batch already exist
2026-01-22 21:28:43,135 - ADV_Generation_eps_1.0_steps_100_Added_Noise_uniform_Eps_40.0_Tau_Type_normal_anchors - INFO - Batch 1905/2465: Clean accuracy 0.9738 | Adv accuracy: 0.0173 | Counter-attack accuracy: 0.9690
2026-01-22 21:28:43,137 - ADV_Generation_eps_1.0_steps_100_Added_Noise_uniform_Eps_40.0_Tau_Type_normal_anchors - INFO - Batch:[1905] Adversarial images for this batch already exist
2026-01-22 21:28:43,459 - ADV_Generation_eps_1.0_steps_100_Added_Noise_uniform_Eps_40.0_Tau_Type_normal_anchors - INFO - Batch 1906/2465: Clean accuracy 0.9738 | Adv accuracy: 0.0173 | Counter-attack accuracy: 0.9690
2026-01-22 21:28:43,460 - ADV_Generation_eps_1.0_steps_100_Added_Noise_uniform_Eps_40.0_Tau_Type_normal_anchors - INFO - Batch:[1906] Adversarial images for this batch already exist
2026-01-22 21:28:43,781 - ADV_Generation_eps_1.0_steps_100_Added_Noise_uniform_Eps_40.0_Tau_Type_normal_anchors - INFO - Batch 1907/2465: Clean accuracy 0.9738 | Adv accuracy: 0.0173 | Counter-attack accuracy: 0.9691
2026-01-22 21:28:43,781 - ADV_Generation_eps_1.0_steps_100_Added_Noise_uniform_Eps_40.0_Tau_Type_normal_anchors - INFO - Batch:[1907] Adversarial images for this batch already exist
2026-01-22 21:28:44,113 - ADV_Generation_eps_1.0_steps_100_Added_Noise_uniform_Eps_40.0_Tau_Type_normal_anchors - INFO - Batch 1908/2465: Clean accuracy 0.9738 | Adv accuracy: 0.0173 | Counter-attack accuracy: 0.9691
2026-01-22 21:28:44,113 - ADV_Generation_eps_1.0_steps_100_Added_Noise_uniform_Eps_40.0_Tau_Type_normal_anchors - INFO - Batch:[1908] Adversarial images for this batch already exist
2026-01-22 21:28:44,443 - ADV_Generation_eps_1.0_steps_100_Added_Noise_uniform_Eps_40.0_Tau_Type_normal_anchors - INFO - Batch 1909/2465: Clean accuracy 0.9738 | Adv accuracy: 0.0173 | Counter-attack accuracy: 0.9691
2026-01-22 21:28:44,444 - ADV_Generation_eps_1.0_steps_100_Added_Noise_uniform_Eps_40.0_Tau_Type_normal_anchors - INFO - Batch:[1909] Adversarial images for this batch already exist
2026-01-22 21:28:44,766 - ADV_Generation_eps_1.0_steps_100_Added_Noise_uniform_Eps_40.0_Tau_Type_normal_anchors - INFO - Batch 1910/2465: Clean accuracy 0.9738 | Adv accuracy: 0.0173 | Counter-attack accuracy: 0.9691
2026-01-22 21:28:44,766 - ADV_Generation_eps_1.0_steps_100_Added_Noise_uniform_Eps_40.0_Tau_Type_normal_anchors - INFO - Batch:[1910] Adversarial images for this batch already exist
2026-01-22 21:28:45,106 - ADV_Generation_eps_1.0_steps_100_Added_Noise_uniform_Eps_40.0_Tau_Type_normal_anchors - INFO - Batch 1911/2465: Clean accuracy 0.9738 | Adv accuracy: 0.0173 | Counter-attack accuracy: 0.9691
2026-01-22 21:28:45,107 - ADV_Generation_eps_1.0_steps_100_Added_Noise_uniform_Eps_40.0_Tau_Type_normal_anchors - INFO - Batch:[1911] Adversarial images for this batch already exist
2026-01-22 21:28:45,427 - ADV_Generation_eps_1.0_steps_100_Added_Noise_uniform_Eps_40.0_Tau_Type_normal_anchors - INFO - Batch 1912/2465: Clean accuracy 0.9738 | Adv accuracy: 0.0173 | Counter-attack accuracy: 0.9691
2026-01-22 21:28:45,427 - ADV_Generation_eps_1.0_steps_100_Added_Noise_uniform_Eps_40.0_Tau_Type_normal_anchors - INFO - Batch:[1912] Adversarial images for this batch already exist
2026-01-22 21:28:45,747 - ADV_Generation_eps_1.0_steps_100_Added_Noise_uniform_Eps_40.0_Tau_Type_normal_anchors - INFO - Batch 1913/2465: Clean accuracy 0.9739 | Adv accuracy: 0.0173 | Counter-attack accuracy: 0.9692
2026-01-22 21:28:45,748 - ADV_Generation_eps_1.0_steps_100_Added_Noise_uniform_Eps_40.0_Tau_Type_normal_anchors - INFO - Batch:[1913] Adversarial images for this batch already exist
2026-01-22 21:28:46,074 - ADV_Generation_eps_1.0_steps_100_Added_Noise_uniform_Eps_40.0_Tau_Type_normal_anchors - INFO - Batch 1914/2465: Clean accuracy 0.9739 | Adv accuracy: 0.0172 | Counter-attack accuracy: 0.9692
2026-01-22 21:28:46,075 - ADV_Generation_eps_1.0_steps_100_Added_Noise_uniform_Eps_40.0_Tau_Type_normal_anchors - INFO - Batch:[1914] Adversarial images for this batch already exist
2026-01-22 21:28:46,398 - ADV_Generation_eps_1.0_steps_100_Added_Noise_uniform_Eps_40.0_Tau_Type_normal_anchors - INFO - Batch 1915/2465: Clean accuracy 0.9739 | Adv accuracy: 0.0172 | Counter-attack accuracy: 0.9692
2026-01-22 21:28:46,400 - ADV_Generation_eps_1.0_steps_100_Added_Noise_uniform_Eps_40.0_Tau_Type_normal_anchors - INFO - Batch:[1915] Adversarial images for this batch already exist
2026-01-22 21:28:46,721 - ADV_Generation_eps_1.0_steps_100_Added_Noise_uniform_Eps_40.0_Tau_Type_normal_anchors - INFO - Batch 1916/2465: Clean accuracy 0.9739 | Adv accuracy: 0.0172 | Counter-attack accuracy: 0.9692
2026-01-22 21:28:46,722 - ADV_Generation_eps_1.0_steps_100_Added_Noise_uniform_Eps_40.0_Tau_Type_normal_anchors - INFO - Batch:[1916] Adversarial images for this batch already exist
2026-01-22 21:28:47,049 - ADV_Generation_eps_1.0_steps_100_Added_Noise_uniform_Eps_40.0_Tau_Type_normal_anchors - INFO - Batch 1917/2465: Clean accuracy 0.9739 | Adv accuracy: 0.0172 | Counter-attack accuracy: 0.9692
2026-01-22 21:28:47,050 - ADV_Generation_eps_1.0_steps_100_Added_Noise_uniform_Eps_40.0_Tau_Type_normal_anchors - INFO - Batch:[1917] Adversarial images for this batch already exist
2026-01-22 21:28:47,418 - ADV_Generation_eps_1.0_steps_100_Added_Noise_uniform_Eps_40.0_Tau_Type_normal_anchors - INFO - Batch 1918/2465: Clean accuracy 0.9739 | Adv accuracy: 0.0172 | Counter-attack accuracy: 0.9692
2026-01-22 21:28:47,418 - ADV_Generation_eps_1.0_steps_100_Added_Noise_uniform_Eps_40.0_Tau_Type_normal_anchors - INFO - Batch:[1918] Adversarial images for this batch already exist
2026-01-22 21:28:47,743 - ADV_Generation_eps_1.0_steps_100_Added_Noise_uniform_Eps_40.0_Tau_Type_normal_anchors - INFO - Batch 1919/2465: Clean accuracy 0.9739 | Adv accuracy: 0.0172 | Counter-attack accuracy: 0.9693
2026-01-22 21:28:47,744 - ADV_Generation_eps_1.0_steps_100_Added_Noise_uniform_Eps_40.0_Tau_Type_normal_anchors - INFO - Batch:[1919] Adversarial images for this batch already exist
2026-01-22 21:28:48,072 - ADV_Generation_eps_1.0_steps_100_Added_Noise_uniform_Eps_40.0_Tau_Type_normal_anchors - INFO - Batch 1920/2465: Clean accuracy 0.9740 | Adv accuracy: 0.0172 | Counter-attack accuracy: 0.9693
2026-01-22 21:28:48,073 - ADV_Generation_eps_1.0_steps_100_Added_Noise_uniform_Eps_40.0_Tau_Type_normal_anchors - INFO - Batch:[1920] Adversarial images for this batch already exist
2026-01-22 21:28:48,399 - ADV_Generation_eps_1.0_steps_100_Added_Noise_uniform_Eps_40.0_Tau_Type_normal_anchors - INFO - Batch 1921/2465: Clean accuracy 0.9740 | Adv accuracy: 0.0172 | Counter-attack accuracy: 0.9693
2026-01-22 21:28:48,400 - ADV_Generation_eps_1.0_steps_100_Added_Noise_uniform_Eps_40.0_Tau_Type_normal_anchors - INFO - Batch:[1921] Adversarial images for this batch already exist
2026-01-22 21:28:48,725 - ADV_Generation_eps_1.0_steps_100_Added_Noise_uniform_Eps_40.0_Tau_Type_normal_anchors - INFO - Batch 1922/2465: Clean accuracy 0.9740 | Adv accuracy: 0.0172 | Counter-attack accuracy: 0.9693
2026-01-22 21:28:48,725 - ADV_Generation_eps_1.0_steps_100_Added_Noise_uniform_Eps_40.0_Tau_Type_normal_anchors - INFO - Batch:[1922] Adversarial images for this batch already exist
2026-01-22 21:28:49,073 - ADV_Generation_eps_1.0_steps_100_Added_Noise_uniform_Eps_40.0_Tau_Type_normal_anchors - INFO - Batch 1923/2465: Clean accuracy 0.9740 | Adv accuracy: 0.0172 | Counter-attack accuracy: 0.9693
2026-01-22 21:28:49,073 - ADV_Generation_eps_1.0_steps_100_Added_Noise_uniform_Eps_40.0_Tau_Type_normal_anchors - INFO - Batch:[1923] Adversarial images for this batch already exist
2026-01-22 21:28:49,391 - ADV_Generation_eps_1.0_steps_100_Added_Noise_uniform_Eps_40.0_Tau_Type_normal_anchors - INFO - Batch 1924/2465: Clean accuracy 0.9740 | Adv accuracy: 0.0172 | Counter-attack accuracy: 0.9693
2026-01-22 21:28:49,392 - ADV_Generation_eps_1.0_steps_100_Added_Noise_uniform_Eps_40.0_Tau_Type_normal_anchors - INFO - Batch:[1924] Adversarial images for this batch already exist
2026-01-22 21:28:49,723 - ADV_Generation_eps_1.0_steps_100_Added_Noise_uniform_Eps_40.0_Tau_Type_normal_anchors - INFO - Batch 1925/2465: Clean accuracy 0.9740 | Adv accuracy: 0.0171 | Counter-attack accuracy: 0.9694
2026-01-22 21:28:49,728 - ADV_Generation_eps_1.0_steps_100_Added_Noise_uniform_Eps_40.0_Tau_Type_normal_anchors - INFO - Batch:[1925] Adversarial images for this batch already exist
2026-01-22 21:28:50,057 - ADV_Generation_eps_1.0_steps_100_Added_Noise_uniform_Eps_40.0_Tau_Type_normal_anchors - INFO - Batch 1926/2465: Clean accuracy 0.9740 | Adv accuracy: 0.0177 | Counter-attack accuracy: 0.9694
2026-01-22 21:28:50,057 - ADV_Generation_eps_1.0_steps_100_Added_Noise_uniform_Eps_40.0_Tau_Type_normal_anchors - INFO - Batch:[1926] Adversarial images for this batch already exist
2026-01-22 21:28:50,386 - ADV_Generation_eps_1.0_steps_100_Added_Noise_uniform_Eps_40.0_Tau_Type_normal_anchors - INFO - Batch 1927/2465: Clean accuracy 0.9741 | Adv accuracy: 0.0176 | Counter-attack accuracy: 0.9694
2026-01-22 21:28:50,387 - ADV_Generation_eps_1.0_steps_100_Added_Noise_uniform_Eps_40.0_Tau_Type_normal_anchors - INFO - Batch:[1927] Adversarial images for this batch already exist
2026-01-22 21:28:50,709 - ADV_Generation_eps_1.0_steps_100_Added_Noise_uniform_Eps_40.0_Tau_Type_normal_anchors - INFO - Batch 1928/2465: Clean accuracy 0.9741 | Adv accuracy: 0.0176 | Counter-attack accuracy: 0.9694
2026-01-22 21:28:50,710 - ADV_Generation_eps_1.0_steps_100_Added_Noise_uniform_Eps_40.0_Tau_Type_normal_anchors - INFO - Batch:[1928] Adversarial images for this batch already exist
2026-01-22 21:28:51,037 - ADV_Generation_eps_1.0_steps_100_Added_Noise_uniform_Eps_40.0_Tau_Type_normal_anchors - INFO - Batch 1929/2465: Clean accuracy 0.9741 | Adv accuracy: 0.0176 | Counter-attack accuracy: 0.9694
2026-01-22 21:28:51,037 - ADV_Generation_eps_1.0_steps_100_Added_Noise_uniform_Eps_40.0_Tau_Type_normal_anchors - INFO - Batch:[1929] Adversarial images for this batch already exist
2026-01-22 21:28:51,356 - ADV_Generation_eps_1.0_steps_100_Added_Noise_uniform_Eps_40.0_Tau_Type_normal_anchors - INFO - Batch 1930/2465: Clean accuracy 0.9741 | Adv accuracy: 0.0176 | Counter-attack accuracy: 0.9694
2026-01-22 21:28:51,357 - ADV_Generation_eps_1.0_steps_100_Added_Noise_uniform_Eps_40.0_Tau_Type_normal_anchors - INFO - Batch:[1930] Adversarial images for this batch already exist
2026-01-22 21:28:51,709 - ADV_Generation_eps_1.0_steps_100_Added_Noise_uniform_Eps_40.0_Tau_Type_normal_anchors - INFO - Batch 1931/2465: Clean accuracy 0.9741 | Adv accuracy: 0.0176 | Counter-attack accuracy: 0.9694
2026-01-22 21:28:51,710 - ADV_Generation_eps_1.0_steps_100_Added_Noise_uniform_Eps_40.0_Tau_Type_normal_anchors - INFO - Batch:[1931] Adversarial images for this batch already exist
2026-01-22 21:28:52,035 - ADV_Generation_eps_1.0_steps_100_Added_Noise_uniform_Eps_40.0_Tau_Type_normal_anchors - INFO - Batch 1932/2465: Clean accuracy 0.9741 | Adv accuracy: 0.0176 | Counter-attack accuracy: 0.9695
2026-01-22 21:28:52,036 - ADV_Generation_eps_1.0_steps_100_Added_Noise_uniform_Eps_40.0_Tau_Type_normal_anchors - INFO - Batch:[1932] Adversarial images for this batch already exist
2026-01-22 21:28:52,355 - ADV_Generation_eps_1.0_steps_100_Added_Noise_uniform_Eps_40.0_Tau_Type_normal_anchors - INFO - Batch 1933/2465: Clean accuracy 0.9741 | Adv accuracy: 0.0176 | Counter-attack accuracy: 0.9695
2026-01-22 21:28:52,356 - ADV_Generation_eps_1.0_steps_100_Added_Noise_uniform_Eps_40.0_Tau_Type_normal_anchors - INFO - Batch:[1933] Adversarial images for this batch already exist
2026-01-22 21:28:52,681 - ADV_Generation_eps_1.0_steps_100_Added_Noise_uniform_Eps_40.0_Tau_Type_normal_anchors - INFO - Batch 1934/2465: Clean accuracy 0.9741 | Adv accuracy: 0.0176 | Counter-attack accuracy: 0.9695
2026-01-22 21:28:52,682 - ADV_Generation_eps_1.0_steps_100_Added_Noise_uniform_Eps_40.0_Tau_Type_normal_anchors - INFO - Batch:[1934] Adversarial images for this batch already exist
2026-01-22 21:28:53,014 - ADV_Generation_eps_1.0_steps_100_Added_Noise_uniform_Eps_40.0_Tau_Type_normal_anchors - INFO - Batch 1935/2465: Clean accuracy 0.9742 | Adv accuracy: 0.0176 | Counter-attack accuracy: 0.9695
2026-01-22 21:28:53,015 - ADV_Generation_eps_1.0_steps_100_Added_Noise_uniform_Eps_40.0_Tau_Type_normal_anchors - INFO - Batch:[1935] Adversarial images for this batch already exist
2026-01-22 21:28:53,350 - ADV_Generation_eps_1.0_steps_100_Added_Noise_uniform_Eps_40.0_Tau_Type_normal_anchors - INFO - Batch 1936/2465: Clean accuracy 0.9742 | Adv accuracy: 0.0176 | Counter-attack accuracy: 0.9695
2026-01-22 21:28:53,351 - ADV_Generation_eps_1.0_steps_100_Added_Noise_uniform_Eps_40.0_Tau_Type_normal_anchors - INFO - Batch:[1936] Adversarial images for this batch already exist
2026-01-22 21:28:53,680 - ADV_Generation_eps_1.0_steps_100_Added_Noise_uniform_Eps_40.0_Tau_Type_normal_anchors - INFO - Batch 1937/2465: Clean accuracy 0.9742 | Adv accuracy: 0.0176 | Counter-attack accuracy: 0.9695
2026-01-22 21:28:53,682 - ADV_Generation_eps_1.0_steps_100_Added_Noise_uniform_Eps_40.0_Tau_Type_normal_anchors - INFO - Batch:[1937] Adversarial images for this batch already exist
2026-01-22 21:28:54,007 - ADV_Generation_eps_1.0_steps_100_Added_Noise_uniform_Eps_40.0_Tau_Type_normal_anchors - INFO - Batch 1938/2465: Clean accuracy 0.9742 | Adv accuracy: 0.0175 | Counter-attack accuracy: 0.9696
2026-01-22 21:28:54,008 - ADV_Generation_eps_1.0_steps_100_Added_Noise_uniform_Eps_40.0_Tau_Type_normal_anchors - INFO - Batch:[1938] Adversarial images for this batch already exist
2026-01-22 21:28:54,332 - ADV_Generation_eps_1.0_steps_100_Added_Noise_uniform_Eps_40.0_Tau_Type_normal_anchors - INFO - Batch 1939/2465: Clean accuracy 0.9742 | Adv accuracy: 0.0175 | Counter-attack accuracy: 0.9691
2026-01-22 21:28:54,333 - ADV_Generation_eps_1.0_steps_100_Added_Noise_uniform_Eps_40.0_Tau_Type_normal_anchors - INFO - Batch:[1939] Adversarial images for this batch already exist
2026-01-22 21:28:54,662 - ADV_Generation_eps_1.0_steps_100_Added_Noise_uniform_Eps_40.0_Tau_Type_normal_anchors - INFO - Batch 1940/2465: Clean accuracy 0.9742 | Adv accuracy: 0.0175 | Counter-attack accuracy: 0.9691
2026-01-22 21:28:54,662 - ADV_Generation_eps_1.0_steps_100_Added_Noise_uniform_Eps_40.0_Tau_Type_normal_anchors - INFO - Batch:[1940] Adversarial images for this batch already exist
2026-01-22 21:28:55,031 - ADV_Generation_eps_1.0_steps_100_Added_Noise_uniform_Eps_40.0_Tau_Type_normal_anchors - INFO - Batch 1941/2465: Clean accuracy 0.9742 | Adv accuracy: 0.0175 | Counter-attack accuracy: 0.9686
2026-01-22 21:28:55,032 - ADV_Generation_eps_1.0_steps_100_Added_Noise_uniform_Eps_40.0_Tau_Type_normal_anchors - INFO - Batch:[1941] Adversarial images for this batch already exist
2026-01-22 21:28:55,350 - ADV_Generation_eps_1.0_steps_100_Added_Noise_uniform_Eps_40.0_Tau_Type_normal_anchors - INFO - Batch 1942/2465: Clean accuracy 0.9743 | Adv accuracy: 0.0175 | Counter-attack accuracy: 0.9686
2026-01-22 21:28:55,351 - ADV_Generation_eps_1.0_steps_100_Added_Noise_uniform_Eps_40.0_Tau_Type_normal_anchors - INFO - Batch:[1942] Adversarial images for this batch already exist
2026-01-22 21:28:55,677 - ADV_Generation_eps_1.0_steps_100_Added_Noise_uniform_Eps_40.0_Tau_Type_normal_anchors - INFO - Batch 1943/2465: Clean accuracy 0.9743 | Adv accuracy: 0.0175 | Counter-attack accuracy: 0.9686
2026-01-22 21:28:55,678 - ADV_Generation_eps_1.0_steps_100_Added_Noise_uniform_Eps_40.0_Tau_Type_normal_anchors - INFO - Batch:[1943] Adversarial images for this batch already exist
2026-01-22 21:28:56,006 - ADV_Generation_eps_1.0_steps_100_Added_Noise_uniform_Eps_40.0_Tau_Type_normal_anchors - INFO - Batch 1944/2465: Clean accuracy 0.9743 | Adv accuracy: 0.0175 | Counter-attack accuracy: 0.9686
2026-01-22 21:28:56,007 - ADV_Generation_eps_1.0_steps_100_Added_Noise_uniform_Eps_40.0_Tau_Type_normal_anchors - INFO - Batch:[1944] Adversarial images for this batch already exist
2026-01-22 21:28:56,335 - ADV_Generation_eps_1.0_steps_100_Added_Noise_uniform_Eps_40.0_Tau_Type_normal_anchors - INFO - Batch 1945/2465: Clean accuracy 0.9743 | Adv accuracy: 0.0175 | Counter-attack accuracy: 0.9686
2026-01-22 21:28:56,337 - ADV_Generation_eps_1.0_steps_100_Added_Noise_uniform_Eps_40.0_Tau_Type_normal_anchors - INFO - Batch:[1945] Adversarial images for this batch already exist
2026-01-22 21:28:56,667 - ADV_Generation_eps_1.0_steps_100_Added_Noise_uniform_Eps_40.0_Tau_Type_normal_anchors - INFO - Batch 1946/2465: Clean accuracy 0.9743 | Adv accuracy: 0.0175 | Counter-attack accuracy: 0.9687
2026-01-22 21:28:56,668 - ADV_Generation_eps_1.0_steps_100_Added_Noise_uniform_Eps_40.0_Tau_Type_normal_anchors - INFO - Batch:[1946] Adversarial images for this batch already exist
2026-01-22 21:28:56,992 - ADV_Generation_eps_1.0_steps_100_Added_Noise_uniform_Eps_40.0_Tau_Type_normal_anchors - INFO - Batch 1947/2465: Clean accuracy 0.9743 | Adv accuracy: 0.0175 | Counter-attack accuracy: 0.9687
2026-01-22 21:28:56,993 - ADV_Generation_eps_1.0_steps_100_Added_Noise_uniform_Eps_40.0_Tau_Type_normal_anchors - INFO - Batch:[1947] Adversarial images for this batch already exist
2026-01-22 21:28:57,321 - ADV_Generation_eps_1.0_steps_100_Added_Noise_uniform_Eps_40.0_Tau_Type_normal_anchors - INFO - Batch 1948/2465: Clean accuracy 0.9743 | Adv accuracy: 0.0175 | Counter-attack accuracy: 0.9687
2026-01-22 21:28:57,321 - ADV_Generation_eps_1.0_steps_100_Added_Noise_uniform_Eps_40.0_Tau_Type_normal_anchors - INFO - Batch:[1948] Adversarial images for this batch already exist
2026-01-22 21:28:57,647 - ADV_Generation_eps_1.0_steps_100_Added_Noise_uniform_Eps_40.0_Tau_Type_normal_anchors - INFO - Batch 1949/2465: Clean accuracy 0.9743 | Adv accuracy: 0.0174 | Counter-attack accuracy: 0.9687
2026-01-22 21:28:57,647 - ADV_Generation_eps_1.0_steps_100_Added_Noise_uniform_Eps_40.0_Tau_Type_normal_anchors - INFO - Batch:[1949] Adversarial images for this batch already exist
2026-01-22 21:28:57,971 - ADV_Generation_eps_1.0_steps_100_Added_Noise_uniform_Eps_40.0_Tau_Type_normal_anchors - INFO - Batch 1950/2465: Clean accuracy 0.9744 | Adv accuracy: 0.0174 | Counter-attack accuracy: 0.9687
2026-01-22 21:28:57,972 - ADV_Generation_eps_1.0_steps_100_Added_Noise_uniform_Eps_40.0_Tau_Type_normal_anchors - INFO - Batch:[1950] Adversarial images for this batch already exist
2026-01-22 21:28:58,298 - ADV_Generation_eps_1.0_steps_100_Added_Noise_uniform_Eps_40.0_Tau_Type_normal_anchors - INFO - Batch 1951/2465: Clean accuracy 0.9744 | Adv accuracy: 0.0174 | Counter-attack accuracy: 0.9687
2026-01-22 21:28:58,299 - ADV_Generation_eps_1.0_steps_100_Added_Noise_uniform_Eps_40.0_Tau_Type_normal_anchors - INFO - Batch:[1951] Adversarial images for this batch already exist
2026-01-22 21:28:58,625 - ADV_Generation_eps_1.0_steps_100_Added_Noise_uniform_Eps_40.0_Tau_Type_normal_anchors - INFO - Batch 1952/2465: Clean accuracy 0.9744 | Adv accuracy: 0.0174 | Counter-attack accuracy: 0.9688
2026-01-22 21:28:58,625 - ADV_Generation_eps_1.0_steps_100_Added_Noise_uniform_Eps_40.0_Tau_Type_normal_anchors - INFO - Batch:[1952] Adversarial images for this batch already exist
2026-01-22 21:28:58,952 - ADV_Generation_eps_1.0_steps_100_Added_Noise_uniform_Eps_40.0_Tau_Type_normal_anchors - INFO - Batch 1953/2465: Clean accuracy 0.9744 | Adv accuracy: 0.0174 | Counter-attack accuracy: 0.9688
2026-01-22 21:28:58,953 - ADV_Generation_eps_1.0_steps_100_Added_Noise_uniform_Eps_40.0_Tau_Type_normal_anchors - INFO - Batch:[1953] Adversarial images for this batch already exist
2026-01-22 21:28:59,286 - ADV_Generation_eps_1.0_steps_100_Added_Noise_uniform_Eps_40.0_Tau_Type_normal_anchors - INFO - Batch 1954/2465: Clean accuracy 0.9744 | Adv accuracy: 0.0174 | Counter-attack accuracy: 0.9688
2026-01-22 21:28:59,287 - ADV_Generation_eps_1.0_steps_100_Added_Noise_uniform_Eps_40.0_Tau_Type_normal_anchors - INFO - Batch:[1954] Adversarial images for this batch already exist
2026-01-22 21:28:59,614 - ADV_Generation_eps_1.0_steps_100_Added_Noise_uniform_Eps_40.0_Tau_Type_normal_anchors - INFO - Batch 1955/2465: Clean accuracy 0.9744 | Adv accuracy: 0.0174 | Counter-attack accuracy: 0.9688
2026-01-22 21:28:59,615 - ADV_Generation_eps_1.0_steps_100_Added_Noise_uniform_Eps_40.0_Tau_Type_normal_anchors - INFO - Batch:[1955] Adversarial images for this batch already exist
2026-01-22 21:28:59,939 - ADV_Generation_eps_1.0_steps_100_Added_Noise_uniform_Eps_40.0_Tau_Type_normal_anchors - INFO - Batch 1956/2465: Clean accuracy 0.9744 | Adv accuracy: 0.0174 | Counter-attack accuracy: 0.9688
2026-01-22 21:28:59,939 - ADV_Generation_eps_1.0_steps_100_Added_Noise_uniform_Eps_40.0_Tau_Type_normal_anchors - INFO - Batch:[1956] Adversarial images for this batch already exist
2026-01-22 21:29:00,277 - ADV_Generation_eps_1.0_steps_100_Added_Noise_uniform_Eps_40.0_Tau_Type_normal_anchors - INFO - Batch 1957/2465: Clean accuracy 0.9745 | Adv accuracy: 0.0174 | Counter-attack accuracy: 0.9688
2026-01-22 21:29:00,277 - ADV_Generation_eps_1.0_steps_100_Added_Noise_uniform_Eps_40.0_Tau_Type_normal_anchors - INFO - Batch:[1957] Adversarial images for this batch already exist
2026-01-22 21:29:00,598 - ADV_Generation_eps_1.0_steps_100_Added_Noise_uniform_Eps_40.0_Tau_Type_normal_anchors - INFO - Batch 1958/2465: Clean accuracy 0.9745 | Adv accuracy: 0.0174 | Counter-attack accuracy: 0.9688
2026-01-22 21:29:00,599 - ADV_Generation_eps_1.0_steps_100_Added_Noise_uniform_Eps_40.0_Tau_Type_normal_anchors - INFO - Batch:[1958] Adversarial images for this batch already exist
2026-01-22 21:29:00,937 - ADV_Generation_eps_1.0_steps_100_Added_Noise_uniform_Eps_40.0_Tau_Type_normal_anchors - INFO - Batch 1959/2465: Clean accuracy 0.9745 | Adv accuracy: 0.0174 | Counter-attack accuracy: 0.9689
2026-01-22 21:29:00,938 - ADV_Generation_eps_1.0_steps_100_Added_Noise_uniform_Eps_40.0_Tau_Type_normal_anchors - INFO - Batch:[1959] Adversarial images for this batch already exist
2026-01-22 21:29:01,265 - ADV_Generation_eps_1.0_steps_100_Added_Noise_uniform_Eps_40.0_Tau_Type_normal_anchors - INFO - Batch 1960/2465: Clean accuracy 0.9745 | Adv accuracy: 0.0173 | Counter-attack accuracy: 0.9689
2026-01-22 21:29:01,265 - ADV_Generation_eps_1.0_steps_100_Added_Noise_uniform_Eps_40.0_Tau_Type_normal_anchors - INFO - Batch:[1960] Adversarial images for this batch already exist
2026-01-22 21:29:01,590 - ADV_Generation_eps_1.0_steps_100_Added_Noise_uniform_Eps_40.0_Tau_Type_normal_anchors - INFO - Batch 1961/2465: Clean accuracy 0.9745 | Adv accuracy: 0.0173 | Counter-attack accuracy: 0.9689
2026-01-22 21:29:01,591 - ADV_Generation_eps_1.0_steps_100_Added_Noise_uniform_Eps_40.0_Tau_Type_normal_anchors - INFO - Batch:[1961] Adversarial images for this batch already exist
2026-01-22 21:29:01,916 - ADV_Generation_eps_1.0_steps_100_Added_Noise_uniform_Eps_40.0_Tau_Type_normal_anchors - INFO - Batch 1962/2465: Clean accuracy 0.9745 | Adv accuracy: 0.0173 | Counter-attack accuracy: 0.9689
2026-01-22 21:29:01,917 - ADV_Generation_eps_1.0_steps_100_Added_Noise_uniform_Eps_40.0_Tau_Type_normal_anchors - INFO - Batch:[1962] Adversarial images for this batch already exist
2026-01-22 21:29:02,238 - ADV_Generation_eps_1.0_steps_100_Added_Noise_uniform_Eps_40.0_Tau_Type_normal_anchors - INFO - Batch 1963/2465: Clean accuracy 0.9745 | Adv accuracy: 0.0173 | Counter-attack accuracy: 0.9689
2026-01-22 21:29:02,239 - ADV_Generation_eps_1.0_steps_100_Added_Noise_uniform_Eps_40.0_Tau_Type_normal_anchors - INFO - Batch:[1963] Adversarial images for this batch already exist
2026-01-22 21:29:02,568 - ADV_Generation_eps_1.0_steps_100_Added_Noise_uniform_Eps_40.0_Tau_Type_normal_anchors - INFO - Batch 1964/2465: Clean accuracy 0.9745 | Adv accuracy: 0.0173 | Counter-attack accuracy: 0.9689
2026-01-22 21:29:02,569 - ADV_Generation_eps_1.0_steps_100_Added_Noise_uniform_Eps_40.0_Tau_Type_normal_anchors - INFO - Batch:[1964] Adversarial images for this batch already exist
2026-01-22 21:29:02,897 - ADV_Generation_eps_1.0_steps_100_Added_Noise_uniform_Eps_40.0_Tau_Type_normal_anchors - INFO - Batch 1965/2465: Clean accuracy 0.9746 | Adv accuracy: 0.0173 | Counter-attack accuracy: 0.9690
2026-01-22 21:29:02,897 - ADV_Generation_eps_1.0_steps_100_Added_Noise_uniform_Eps_40.0_Tau_Type_normal_anchors - INFO - Batch:[1965] Adversarial images for this batch already exist
2026-01-22 21:29:03,221 - ADV_Generation_eps_1.0_steps_100_Added_Noise_uniform_Eps_40.0_Tau_Type_normal_anchors - INFO - Batch 1966/2465: Clean accuracy 0.9746 | Adv accuracy: 0.0173 | Counter-attack accuracy: 0.9690
2026-01-22 21:29:03,223 - ADV_Generation_eps_1.0_steps_100_Added_Noise_uniform_Eps_40.0_Tau_Type_normal_anchors - INFO - Batch:[1966] Adversarial images for this batch already exist
2026-01-22 21:29:03,547 - ADV_Generation_eps_1.0_steps_100_Added_Noise_uniform_Eps_40.0_Tau_Type_normal_anchors - INFO - Batch 1967/2465: Clean accuracy 0.9746 | Adv accuracy: 0.0173 | Counter-attack accuracy: 0.9690
2026-01-22 21:29:03,547 - ADV_Generation_eps_1.0_steps_100_Added_Noise_uniform_Eps_40.0_Tau_Type_normal_anchors - INFO - Batch:[1967] Adversarial images for this batch already exist
2026-01-22 21:29:03,874 - ADV_Generation_eps_1.0_steps_100_Added_Noise_uniform_Eps_40.0_Tau_Type_normal_anchors - INFO - Batch 1968/2465: Clean accuracy 0.9746 | Adv accuracy: 0.0173 | Counter-attack accuracy: 0.9690
2026-01-22 21:29:03,874 - ADV_Generation_eps_1.0_steps_100_Added_Noise_uniform_Eps_40.0_Tau_Type_normal_anchors - INFO - Batch:[1968] Adversarial images for this batch already exist
2026-01-22 21:29:04,203 - ADV_Generation_eps_1.0_steps_100_Added_Noise_uniform_Eps_40.0_Tau_Type_normal_anchors - INFO - Batch 1969/2465: Clean accuracy 0.9746 | Adv accuracy: 0.0173 | Counter-attack accuracy: 0.9690
2026-01-22 21:29:04,205 - ADV_Generation_eps_1.0_steps_100_Added_Noise_uniform_Eps_40.0_Tau_Type_normal_anchors - INFO - Batch:[1969] Adversarial images for this batch already exist
2026-01-22 21:29:04,533 - ADV_Generation_eps_1.0_steps_100_Added_Noise_uniform_Eps_40.0_Tau_Type_normal_anchors - INFO - Batch 1970/2465: Clean accuracy 0.9746 | Adv accuracy: 0.0173 | Counter-attack accuracy: 0.9690
2026-01-22 21:29:04,533 - ADV_Generation_eps_1.0_steps_100_Added_Noise_uniform_Eps_40.0_Tau_Type_normal_anchors - INFO - Batch:[1970] Adversarial images for this batch already exist
2026-01-22 21:29:04,859 - ADV_Generation_eps_1.0_steps_100_Added_Noise_uniform_Eps_40.0_Tau_Type_normal_anchors - INFO - Batch 1971/2465: Clean accuracy 0.9746 | Adv accuracy: 0.0173 | Counter-attack accuracy: 0.9691
2026-01-22 21:29:04,860 - ADV_Generation_eps_1.0_steps_100_Added_Noise_uniform_Eps_40.0_Tau_Type_normal_anchors - INFO - Batch:[1971] Adversarial images for this batch already exist
2026-01-22 21:29:05,184 - ADV_Generation_eps_1.0_steps_100_Added_Noise_uniform_Eps_40.0_Tau_Type_normal_anchors - INFO - Batch 1972/2465: Clean accuracy 0.9746 | Adv accuracy: 0.0177 | Counter-attack accuracy: 0.9691
2026-01-22 21:29:05,185 - ADV_Generation_eps_1.0_steps_100_Added_Noise_uniform_Eps_40.0_Tau_Type_normal_anchors - INFO - Batch:[1972] Adversarial images for this batch already exist
2026-01-22 21:29:05,513 - ADV_Generation_eps_1.0_steps_100_Added_Noise_uniform_Eps_40.0_Tau_Type_normal_anchors - INFO - Batch 1973/2465: Clean accuracy 0.9747 | Adv accuracy: 0.0177 | Counter-attack accuracy: 0.9691
2026-01-22 21:29:05,513 - ADV_Generation_eps_1.0_steps_100_Added_Noise_uniform_Eps_40.0_Tau_Type_normal_anchors - INFO - Batch:[1973] Adversarial images for this batch already exist
2026-01-22 21:29:05,841 - ADV_Generation_eps_1.0_steps_100_Added_Noise_uniform_Eps_40.0_Tau_Type_normal_anchors - INFO - Batch 1974/2465: Clean accuracy 0.9747 | Adv accuracy: 0.0177 | Counter-attack accuracy: 0.9691
2026-01-22 21:29:05,841 - ADV_Generation_eps_1.0_steps_100_Added_Noise_uniform_Eps_40.0_Tau_Type_normal_anchors - INFO - Batch:[1974] Adversarial images for this batch already exist
2026-01-22 21:29:06,168 - ADV_Generation_eps_1.0_steps_100_Added_Noise_uniform_Eps_40.0_Tau_Type_normal_anchors - INFO - Batch 1975/2465: Clean accuracy 0.9747 | Adv accuracy: 0.0177 | Counter-attack accuracy: 0.9691
2026-01-22 21:29:06,169 - ADV_Generation_eps_1.0_steps_100_Added_Noise_uniform_Eps_40.0_Tau_Type_normal_anchors - INFO - Batch:[1975] Adversarial images for this batch already exist
2026-01-22 21:29:06,493 - ADV_Generation_eps_1.0_steps_100_Added_Noise_uniform_Eps_40.0_Tau_Type_normal_anchors - INFO - Batch 1976/2465: Clean accuracy 0.9747 | Adv accuracy: 0.0177 | Counter-attack accuracy: 0.9691
2026-01-22 21:29:06,494 - ADV_Generation_eps_1.0_steps_100_Added_Noise_uniform_Eps_40.0_Tau_Type_normal_anchors - INFO - Batch:[1976] Adversarial images for this batch already exist
2026-01-22 21:29:06,821 - ADV_Generation_eps_1.0_steps_100_Added_Noise_uniform_Eps_40.0_Tau_Type_normal_anchors - INFO - Batch 1977/2465: Clean accuracy 0.9747 | Adv accuracy: 0.0177 | Counter-attack accuracy: 0.9691
2026-01-22 21:29:06,822 - ADV_Generation_eps_1.0_steps_100_Added_Noise_uniform_Eps_40.0_Tau_Type_normal_anchors - INFO - Batch:[1977] Adversarial images for this batch already exist
2026-01-22 21:29:07,155 - ADV_Generation_eps_1.0_steps_100_Added_Noise_uniform_Eps_40.0_Tau_Type_normal_anchors - INFO - Batch 1978/2465: Clean accuracy 0.9747 | Adv accuracy: 0.0177 | Counter-attack accuracy: 0.9692
2026-01-22 21:29:07,156 - ADV_Generation_eps_1.0_steps_100_Added_Noise_uniform_Eps_40.0_Tau_Type_normal_anchors - INFO - Batch:[1978] Adversarial images for this batch already exist
2026-01-22 21:29:07,485 - ADV_Generation_eps_1.0_steps_100_Added_Noise_uniform_Eps_40.0_Tau_Type_normal_anchors - INFO - Batch 1979/2465: Clean accuracy 0.9747 | Adv accuracy: 0.0177 | Counter-attack accuracy: 0.9692
2026-01-22 21:29:07,486 - ADV_Generation_eps_1.0_steps_100_Added_Noise_uniform_Eps_40.0_Tau_Type_normal_anchors - INFO - Batch:[1979] Adversarial images for this batch already exist
2026-01-22 21:29:07,859 - ADV_Generation_eps_1.0_steps_100_Added_Noise_uniform_Eps_40.0_Tau_Type_normal_anchors - INFO - Batch 1980/2465: Clean accuracy 0.9747 | Adv accuracy: 0.0177 | Counter-attack accuracy: 0.9692
2026-01-22 21:29:07,860 - ADV_Generation_eps_1.0_steps_100_Added_Noise_uniform_Eps_40.0_Tau_Type_normal_anchors - INFO - Batch:[1980] Adversarial images for this batch already exist
2026-01-22 21:29:08,183 - ADV_Generation_eps_1.0_steps_100_Added_Noise_uniform_Eps_40.0_Tau_Type_normal_anchors - INFO - Batch 1981/2465: Clean accuracy 0.9748 | Adv accuracy: 0.0177 | Counter-attack accuracy: 0.9692
2026-01-22 21:29:08,184 - ADV_Generation_eps_1.0_steps_100_Added_Noise_uniform_Eps_40.0_Tau_Type_normal_anchors - INFO - Batch:[1981] Adversarial images for this batch already exist
2026-01-22 21:29:08,504 - ADV_Generation_eps_1.0_steps_100_Added_Noise_uniform_Eps_40.0_Tau_Type_normal_anchors - INFO - Batch 1982/2465: Clean accuracy 0.9748 | Adv accuracy: 0.0177 | Counter-attack accuracy: 0.9692
2026-01-22 21:29:08,504 - ADV_Generation_eps_1.0_steps_100_Added_Noise_uniform_Eps_40.0_Tau_Type_normal_anchors - INFO - Batch:[1982] Adversarial images for this batch already exist
2026-01-22 21:29:08,826 - ADV_Generation_eps_1.0_steps_100_Added_Noise_uniform_Eps_40.0_Tau_Type_normal_anchors - INFO - Batch 1983/2465: Clean accuracy 0.9748 | Adv accuracy: 0.0177 | Counter-attack accuracy: 0.9692
2026-01-22 21:29:08,827 - ADV_Generation_eps_1.0_steps_100_Added_Noise_uniform_Eps_40.0_Tau_Type_normal_anchors - INFO - Batch:[1983] Adversarial images for this batch already exist
2026-01-22 21:29:09,150 - ADV_Generation_eps_1.0_steps_100_Added_Noise_uniform_Eps_40.0_Tau_Type_normal_anchors - INFO - Batch 1984/2465: Clean accuracy 0.9748 | Adv accuracy: 0.0176 | Counter-attack accuracy: 0.9693
2026-01-22 21:29:09,151 - ADV_Generation_eps_1.0_steps_100_Added_Noise_uniform_Eps_40.0_Tau_Type_normal_anchors - INFO - Batch:[1984] Adversarial images for this batch already exist
2026-01-22 21:29:09,483 - ADV_Generation_eps_1.0_steps_100_Added_Noise_uniform_Eps_40.0_Tau_Type_normal_anchors - INFO - Batch 1985/2465: Clean accuracy 0.9748 | Adv accuracy: 0.0176 | Counter-attack accuracy: 0.9693
2026-01-22 21:29:09,483 - ADV_Generation_eps_1.0_steps_100_Added_Noise_uniform_Eps_40.0_Tau_Type_normal_anchors - INFO - Batch:[1985] Adversarial images for this batch already exist
2026-01-22 21:29:09,807 - ADV_Generation_eps_1.0_steps_100_Added_Noise_uniform_Eps_40.0_Tau_Type_normal_anchors - INFO - Batch 1986/2465: Clean accuracy 0.9748 | Adv accuracy: 0.0176 | Counter-attack accuracy: 0.9693
2026-01-22 21:29:09,807 - ADV_Generation_eps_1.0_steps_100_Added_Noise_uniform_Eps_40.0_Tau_Type_normal_anchors - INFO - Batch:[1986] Adversarial images for this batch already exist
2026-01-22 21:29:10,174 - ADV_Generation_eps_1.0_steps_100_Added_Noise_uniform_Eps_40.0_Tau_Type_normal_anchors - INFO - Batch 1987/2465: Clean accuracy 0.9748 | Adv accuracy: 0.0176 | Counter-attack accuracy: 0.9693
2026-01-22 21:29:10,176 - ADV_Generation_eps_1.0_steps_100_Added_Noise_uniform_Eps_40.0_Tau_Type_normal_anchors - INFO - Batch:[1987] Adversarial images for this batch already exist
2026-01-22 21:29:10,497 - ADV_Generation_eps_1.0_steps_100_Added_Noise_uniform_Eps_40.0_Tau_Type_normal_anchors - INFO - Batch 1988/2465: Clean accuracy 0.9748 | Adv accuracy: 0.0176 | Counter-attack accuracy: 0.9693
2026-01-22 21:29:10,498 - ADV_Generation_eps_1.0_steps_100_Added_Noise_uniform_Eps_40.0_Tau_Type_normal_anchors - INFO - Batch:[1988] Adversarial images for this batch already exist
2026-01-22 21:29:10,822 - ADV_Generation_eps_1.0_steps_100_Added_Noise_uniform_Eps_40.0_Tau_Type_normal_anchors - INFO - Batch 1989/2465: Clean accuracy 0.9749 | Adv accuracy: 0.0176 | Counter-attack accuracy: 0.9693
2026-01-22 21:29:10,823 - ADV_Generation_eps_1.0_steps_100_Added_Noise_uniform_Eps_40.0_Tau_Type_normal_anchors - INFO - Batch:[1989] Adversarial images for this batch already exist
2026-01-22 21:29:11,156 - ADV_Generation_eps_1.0_steps_100_Added_Noise_uniform_Eps_40.0_Tau_Type_normal_anchors - INFO - Batch 1990/2465: Clean accuracy 0.9749 | Adv accuracy: 0.0176 | Counter-attack accuracy: 0.9693
2026-01-22 21:29:11,157 - ADV_Generation_eps_1.0_steps_100_Added_Noise_uniform_Eps_40.0_Tau_Type_normal_anchors - INFO - Batch:[1990] Adversarial images for this batch already exist
2026-01-22 21:29:11,484 - ADV_Generation_eps_1.0_steps_100_Added_Noise_uniform_Eps_40.0_Tau_Type_normal_anchors - INFO - Batch 1991/2465: Clean accuracy 0.9749 | Adv accuracy: 0.0176 | Counter-attack accuracy: 0.9694
2026-01-22 21:29:11,485 - ADV_Generation_eps_1.0_steps_100_Added_Noise_uniform_Eps_40.0_Tau_Type_normal_anchors - INFO - Batch:[1991] Adversarial images for this batch already exist
2026-01-22 21:29:11,856 - ADV_Generation_eps_1.0_steps_100_Added_Noise_uniform_Eps_40.0_Tau_Type_normal_anchors - INFO - Batch 1992/2465: Clean accuracy 0.9749 | Adv accuracy: 0.0176 | Counter-attack accuracy: 0.9694
2026-01-22 21:29:11,857 - ADV_Generation_eps_1.0_steps_100_Added_Noise_uniform_Eps_40.0_Tau_Type_normal_anchors - INFO - Batch:[1992] Adversarial images for this batch already exist
2026-01-22 21:29:12,187 - ADV_Generation_eps_1.0_steps_100_Added_Noise_uniform_Eps_40.0_Tau_Type_normal_anchors - INFO - Batch 1993/2465: Clean accuracy 0.9749 | Adv accuracy: 0.0176 | Counter-attack accuracy: 0.9694
2026-01-22 21:29:12,187 - ADV_Generation_eps_1.0_steps_100_Added_Noise_uniform_Eps_40.0_Tau_Type_normal_anchors - INFO - Batch:[1993] Adversarial images for this batch already exist
2026-01-22 21:29:12,508 - ADV_Generation_eps_1.0_steps_100_Added_Noise_uniform_Eps_40.0_Tau_Type_normal_anchors - INFO - Batch 1994/2465: Clean accuracy 0.9749 | Adv accuracy: 0.0176 | Counter-attack accuracy: 0.9694
2026-01-22 21:29:12,509 - ADV_Generation_eps_1.0_steps_100_Added_Noise_uniform_Eps_40.0_Tau_Type_normal_anchors - INFO - Batch:[1994] Adversarial images for this batch already exist
2026-01-22 21:29:12,834 - ADV_Generation_eps_1.0_steps_100_Added_Noise_uniform_Eps_40.0_Tau_Type_normal_anchors - INFO - Batch 1995/2465: Clean accuracy 0.9749 | Adv accuracy: 0.0175 | Counter-attack accuracy: 0.9694
2026-01-22 21:29:12,835 - ADV_Generation_eps_1.0_steps_100_Added_Noise_uniform_Eps_40.0_Tau_Type_normal_anchors - INFO - Batch:[1995] Adversarial images for this batch already exist
2026-01-22 21:29:13,154 - ADV_Generation_eps_1.0_steps_100_Added_Noise_uniform_Eps_40.0_Tau_Type_normal_anchors - INFO - Batch 1996/2465: Clean accuracy 0.9749 | Adv accuracy: 0.0175 | Counter-attack accuracy: 0.9694
2026-01-22 21:29:13,156 - ADV_Generation_eps_1.0_steps_100_Added_Noise_uniform_Eps_40.0_Tau_Type_normal_anchors - INFO - Batch:[1996] Adversarial images for this batch already exist
2026-01-22 21:29:13,480 - ADV_Generation_eps_1.0_steps_100_Added_Noise_uniform_Eps_40.0_Tau_Type_normal_anchors - INFO - Batch 1997/2465: Clean accuracy 0.9750 | Adv accuracy: 0.0175 | Counter-attack accuracy: 0.9695
2026-01-22 21:29:13,481 - ADV_Generation_eps_1.0_steps_100_Added_Noise_uniform_Eps_40.0_Tau_Type_normal_anchors - INFO - Batch:[1997] Adversarial images for this batch already exist
2026-01-22 21:29:13,805 - ADV_Generation_eps_1.0_steps_100_Added_Noise_uniform_Eps_40.0_Tau_Type_normal_anchors - INFO - Batch 1998/2465: Clean accuracy 0.9750 | Adv accuracy: 0.0175 | Counter-attack accuracy: 0.9695
2026-01-22 21:29:13,807 - ADV_Generation_eps_1.0_steps_100_Added_Noise_uniform_Eps_40.0_Tau_Type_normal_anchors - INFO - Batch:[1998] Adversarial images for this batch already exist
2026-01-22 21:29:14,161 - ADV_Generation_eps_1.0_steps_100_Added_Noise_uniform_Eps_40.0_Tau_Type_normal_anchors - INFO - Batch 1999/2465: Clean accuracy 0.9750 | Adv accuracy: 0.0175 | Counter-attack accuracy: 0.9695
2026-01-22 21:29:14,162 - ADV_Generation_eps_1.0_steps_100_Added_Noise_uniform_Eps_40.0_Tau_Type_normal_anchors - INFO - Batch:[1999] Adversarial images for this batch already exist
2026-01-22 21:29:14,519 - ADV_Generation_eps_1.0_steps_100_Added_Noise_uniform_Eps_40.0_Tau_Type_normal_anchors - INFO - Batch 2000/2465: Clean accuracy 0.9750 | Adv accuracy: 0.0175 | Counter-attack accuracy: 0.9695
2026-01-22 21:29:14,520 - ADV_Generation_eps_1.0_steps_100_Added_Noise_uniform_Eps_40.0_Tau_Type_normal_anchors - INFO - Batch:[2000] Adversarial images for this batch already exist
2026-01-22 21:29:14,849 - ADV_Generation_eps_1.0_steps_100_Added_Noise_uniform_Eps_40.0_Tau_Type_normal_anchors - INFO - Batch 2001/2465: Clean accuracy 0.9750 | Adv accuracy: 0.0175 | Counter-attack accuracy: 0.9695
2026-01-22 21:29:14,850 - ADV_Generation_eps_1.0_steps_100_Added_Noise_uniform_Eps_40.0_Tau_Type_normal_anchors - INFO - Batch:[2001] Adversarial images for this batch already exist
2026-01-22 21:29:15,201 - ADV_Generation_eps_1.0_steps_100_Added_Noise_uniform_Eps_40.0_Tau_Type_normal_anchors - INFO - Batch 2002/2465: Clean accuracy 0.9750 | Adv accuracy: 0.0175 | Counter-attack accuracy: 0.9695
2026-01-22 21:29:15,202 - ADV_Generation_eps_1.0_steps_100_Added_Noise_uniform_Eps_40.0_Tau_Type_normal_anchors - INFO - Batch:[2002] Adversarial images for this batch already exist
2026-01-22 21:29:15,527 - ADV_Generation_eps_1.0_steps_100_Added_Noise_uniform_Eps_40.0_Tau_Type_normal_anchors - INFO - Batch 2003/2465: Clean accuracy 0.9750 | Adv accuracy: 0.0175 | Counter-attack accuracy: 0.9695
2026-01-22 21:29:15,528 - ADV_Generation_eps_1.0_steps_100_Added_Noise_uniform_Eps_40.0_Tau_Type_normal_anchors - INFO - Batch:[2003] Adversarial images for this batch already exist
2026-01-22 21:29:15,854 - ADV_Generation_eps_1.0_steps_100_Added_Noise_uniform_Eps_40.0_Tau_Type_normal_anchors - INFO - Batch 2004/2465: Clean accuracy 0.9750 | Adv accuracy: 0.0175 | Counter-attack accuracy: 0.9696
2026-01-22 21:29:15,854 - ADV_Generation_eps_1.0_steps_100_Added_Noise_uniform_Eps_40.0_Tau_Type_normal_anchors - INFO - Batch:[2004] Adversarial images for this batch already exist
2026-01-22 21:29:16,181 - ADV_Generation_eps_1.0_steps_100_Added_Noise_uniform_Eps_40.0_Tau_Type_normal_anchors - INFO - Batch 2005/2465: Clean accuracy 0.9751 | Adv accuracy: 0.0175 | Counter-attack accuracy: 0.9696
2026-01-22 21:29:16,182 - ADV_Generation_eps_1.0_steps_100_Added_Noise_uniform_Eps_40.0_Tau_Type_normal_anchors - INFO - Batch:[2005] Adversarial images for this batch already exist
2026-01-22 21:29:16,503 - ADV_Generation_eps_1.0_steps_100_Added_Noise_uniform_Eps_40.0_Tau_Type_normal_anchors - INFO - Batch 2006/2465: Clean accuracy 0.9751 | Adv accuracy: 0.0174 | Counter-attack accuracy: 0.9691
2026-01-22 21:29:16,504 - ADV_Generation_eps_1.0_steps_100_Added_Noise_uniform_Eps_40.0_Tau_Type_normal_anchors - INFO - Batch:[2006] Adversarial images for this batch already exist
2026-01-22 21:29:16,826 - ADV_Generation_eps_1.0_steps_100_Added_Noise_uniform_Eps_40.0_Tau_Type_normal_anchors - INFO - Batch 2007/2465: Clean accuracy 0.9751 | Adv accuracy: 0.0174 | Counter-attack accuracy: 0.9691
2026-01-22 21:29:16,826 - ADV_Generation_eps_1.0_steps_100_Added_Noise_uniform_Eps_40.0_Tau_Type_normal_anchors - INFO - Batch:[2007] Adversarial images for this batch already exist
2026-01-22 21:29:17,150 - ADV_Generation_eps_1.0_steps_100_Added_Noise_uniform_Eps_40.0_Tau_Type_normal_anchors - INFO - Batch 2008/2465: Clean accuracy 0.9751 | Adv accuracy: 0.0174 | Counter-attack accuracy: 0.9691
2026-01-22 21:29:17,150 - ADV_Generation_eps_1.0_steps_100_Added_Noise_uniform_Eps_40.0_Tau_Type_normal_anchors - INFO - Batch:[2008] Adversarial images for this batch already exist
2026-01-22 21:29:17,478 - ADV_Generation_eps_1.0_steps_100_Added_Noise_uniform_Eps_40.0_Tau_Type_normal_anchors - INFO - Batch 2009/2465: Clean accuracy 0.9751 | Adv accuracy: 0.0174 | Counter-attack accuracy: 0.9691
2026-01-22 21:29:17,479 - ADV_Generation_eps_1.0_steps_100_Added_Noise_uniform_Eps_40.0_Tau_Type_normal_anchors - INFO - Batch:[2009] Adversarial images for this batch already exist
2026-01-22 21:29:17,805 - ADV_Generation_eps_1.0_steps_100_Added_Noise_uniform_Eps_40.0_Tau_Type_normal_anchors - INFO - Batch 2010/2465: Clean accuracy 0.9751 | Adv accuracy: 0.0174 | Counter-attack accuracy: 0.9692
2026-01-22 21:29:17,805 - ADV_Generation_eps_1.0_steps_100_Added_Noise_uniform_Eps_40.0_Tau_Type_normal_anchors - INFO - Batch:[2010] Adversarial images for this batch already exist
2026-01-22 21:29:18,135 - ADV_Generation_eps_1.0_steps_100_Added_Noise_uniform_Eps_40.0_Tau_Type_normal_anchors - INFO - Batch 2011/2465: Clean accuracy 0.9751 | Adv accuracy: 0.0174 | Counter-attack accuracy: 0.9692
2026-01-22 21:29:18,136 - ADV_Generation_eps_1.0_steps_100_Added_Noise_uniform_Eps_40.0_Tau_Type_normal_anchors - INFO - Batch:[2011] Adversarial images for this batch already exist
2026-01-22 21:29:18,459 - ADV_Generation_eps_1.0_steps_100_Added_Noise_uniform_Eps_40.0_Tau_Type_normal_anchors - INFO - Batch 2012/2465: Clean accuracy 0.9751 | Adv accuracy: 0.0174 | Counter-attack accuracy: 0.9692
2026-01-22 21:29:18,460 - ADV_Generation_eps_1.0_steps_100_Added_Noise_uniform_Eps_40.0_Tau_Type_normal_anchors - INFO - Batch:[2012] Adversarial images for this batch already exist
2026-01-22 21:29:18,791 - ADV_Generation_eps_1.0_steps_100_Added_Noise_uniform_Eps_40.0_Tau_Type_normal_anchors - INFO - Batch 2013/2465: Clean accuracy 0.9752 | Adv accuracy: 0.0174 | Counter-attack accuracy: 0.9692
2026-01-22 21:29:18,791 - ADV_Generation_eps_1.0_steps_100_Added_Noise_uniform_Eps_40.0_Tau_Type_normal_anchors - INFO - Batch:[2013] Adversarial images for this batch already exist
2026-01-22 21:29:19,115 - ADV_Generation_eps_1.0_steps_100_Added_Noise_uniform_Eps_40.0_Tau_Type_normal_anchors - INFO - Batch 2014/2465: Clean accuracy 0.9752 | Adv accuracy: 0.0174 | Counter-attack accuracy: 0.9692
2026-01-22 21:29:19,116 - ADV_Generation_eps_1.0_steps_100_Added_Noise_uniform_Eps_40.0_Tau_Type_normal_anchors - INFO - Batch:[2014] Adversarial images for this batch already exist
2026-01-22 21:29:19,443 - ADV_Generation_eps_1.0_steps_100_Added_Noise_uniform_Eps_40.0_Tau_Type_normal_anchors - INFO - Batch 2015/2465: Clean accuracy 0.9752 | Adv accuracy: 0.0174 | Counter-attack accuracy: 0.9692
2026-01-22 21:29:19,444 - ADV_Generation_eps_1.0_steps_100_Added_Noise_uniform_Eps_40.0_Tau_Type_normal_anchors - INFO - Batch:[2015] Adversarial images for this batch already exist
2026-01-22 21:29:19,773 - ADV_Generation_eps_1.0_steps_100_Added_Noise_uniform_Eps_40.0_Tau_Type_normal_anchors - INFO - Batch 2016/2465: Clean accuracy 0.9752 | Adv accuracy: 0.0174 | Counter-attack accuracy: 0.9692
2026-01-22 21:29:19,773 - ADV_Generation_eps_1.0_steps_100_Added_Noise_uniform_Eps_40.0_Tau_Type_normal_anchors - INFO - Batch:[2016] Adversarial images for this batch already exist
2026-01-22 21:29:20,097 - ADV_Generation_eps_1.0_steps_100_Added_Noise_uniform_Eps_40.0_Tau_Type_normal_anchors - INFO - Batch 2017/2465: Clean accuracy 0.9752 | Adv accuracy: 0.0174 | Counter-attack accuracy: 0.9693
2026-01-22 21:29:20,098 - ADV_Generation_eps_1.0_steps_100_Added_Noise_uniform_Eps_40.0_Tau_Type_normal_anchors - INFO - Batch:[2017] Adversarial images for this batch already exist
2026-01-22 21:29:20,423 - ADV_Generation_eps_1.0_steps_100_Added_Noise_uniform_Eps_40.0_Tau_Type_normal_anchors - INFO - Batch 2018/2465: Clean accuracy 0.9752 | Adv accuracy: 0.0173 | Counter-attack accuracy: 0.9693
2026-01-22 21:29:20,424 - ADV_Generation_eps_1.0_steps_100_Added_Noise_uniform_Eps_40.0_Tau_Type_normal_anchors - INFO - Batch:[2018] Adversarial images for this batch already exist
2026-01-22 21:29:20,749 - ADV_Generation_eps_1.0_steps_100_Added_Noise_uniform_Eps_40.0_Tau_Type_normal_anchors - INFO - Batch 2019/2465: Clean accuracy 0.9752 | Adv accuracy: 0.0178 | Counter-attack accuracy: 0.9693
2026-01-22 21:29:20,749 - ADV_Generation_eps_1.0_steps_100_Added_Noise_uniform_Eps_40.0_Tau_Type_normal_anchors - INFO - Batch:[2019] Adversarial images for this batch already exist
2026-01-22 21:29:21,074 - ADV_Generation_eps_1.0_steps_100_Added_Noise_uniform_Eps_40.0_Tau_Type_normal_anchors - INFO - Batch 2020/2465: Clean accuracy 0.9752 | Adv accuracy: 0.0178 | Counter-attack accuracy: 0.9693
2026-01-22 21:29:21,075 - ADV_Generation_eps_1.0_steps_100_Added_Noise_uniform_Eps_40.0_Tau_Type_normal_anchors - INFO - Batch:[2020] Adversarial images for this batch already exist
2026-01-22 21:29:21,417 - ADV_Generation_eps_1.0_steps_100_Added_Noise_uniform_Eps_40.0_Tau_Type_normal_anchors - INFO - Batch 2021/2465: Clean accuracy 0.9753 | Adv accuracy: 0.0178 | Counter-attack accuracy: 0.9693
2026-01-22 21:29:21,418 - ADV_Generation_eps_1.0_steps_100_Added_Noise_uniform_Eps_40.0_Tau_Type_normal_anchors - INFO - Batch:[2021] Adversarial images for this batch already exist
2026-01-22 21:29:21,741 - ADV_Generation_eps_1.0_steps_100_Added_Noise_uniform_Eps_40.0_Tau_Type_normal_anchors - INFO - Batch 2022/2465: Clean accuracy 0.9753 | Adv accuracy: 0.0178 | Counter-attack accuracy: 0.9693
2026-01-22 21:29:21,742 - ADV_Generation_eps_1.0_steps_100_Added_Noise_uniform_Eps_40.0_Tau_Type_normal_anchors - INFO - Batch:[2022] Adversarial images for this batch already exist
2026-01-22 21:29:22,077 - ADV_Generation_eps_1.0_steps_100_Added_Noise_uniform_Eps_40.0_Tau_Type_normal_anchors - INFO - Batch 2023/2465: Clean accuracy 0.9753 | Adv accuracy: 0.0178 | Counter-attack accuracy: 0.9694
2026-01-22 21:29:22,078 - ADV_Generation_eps_1.0_steps_100_Added_Noise_uniform_Eps_40.0_Tau_Type_normal_anchors - INFO - Batch:[2023] Adversarial images for this batch already exist
2026-01-22 21:29:22,400 - ADV_Generation_eps_1.0_steps_100_Added_Noise_uniform_Eps_40.0_Tau_Type_normal_anchors - INFO - Batch 2024/2465: Clean accuracy 0.9753 | Adv accuracy: 0.0178 | Counter-attack accuracy: 0.9694
2026-01-22 21:29:22,402 - ADV_Generation_eps_1.0_steps_100_Added_Noise_uniform_Eps_40.0_Tau_Type_normal_anchors - INFO - Batch:[2024] Adversarial images for this batch already exist
2026-01-22 21:29:22,730 - ADV_Generation_eps_1.0_steps_100_Added_Noise_uniform_Eps_40.0_Tau_Type_normal_anchors - INFO - Batch 2025/2465: Clean accuracy 0.9753 | Adv accuracy: 0.0178 | Counter-attack accuracy: 0.9694
2026-01-22 21:29:22,731 - ADV_Generation_eps_1.0_steps_100_Added_Noise_uniform_Eps_40.0_Tau_Type_normal_anchors - INFO - Batch:[2025] Adversarial images for this batch already exist
2026-01-22 21:29:23,059 - ADV_Generation_eps_1.0_steps_100_Added_Noise_uniform_Eps_40.0_Tau_Type_normal_anchors - INFO - Batch 2026/2465: Clean accuracy 0.9753 | Adv accuracy: 0.0178 | Counter-attack accuracy: 0.9694
2026-01-22 21:29:23,060 - ADV_Generation_eps_1.0_steps_100_Added_Noise_uniform_Eps_40.0_Tau_Type_normal_anchors - INFO - Batch:[2026] Adversarial images for this batch already exist
2026-01-22 21:29:23,384 - ADV_Generation_eps_1.0_steps_100_Added_Noise_uniform_Eps_40.0_Tau_Type_normal_anchors - INFO - Batch 2027/2465: Clean accuracy 0.9753 | Adv accuracy: 0.0178 | Counter-attack accuracy: 0.9694
2026-01-22 21:29:23,385 - ADV_Generation_eps_1.0_steps_100_Added_Noise_uniform_Eps_40.0_Tau_Type_normal_anchors - INFO - Batch:[2027] Adversarial images for this batch already exist
2026-01-22 21:29:23,728 - ADV_Generation_eps_1.0_steps_100_Added_Noise_uniform_Eps_40.0_Tau_Type_normal_anchors - INFO - Batch 2028/2465: Clean accuracy 0.9753 | Adv accuracy: 0.0178 | Counter-attack accuracy: 0.9694
2026-01-22 21:29:23,729 - ADV_Generation_eps_1.0_steps_100_Added_Noise_uniform_Eps_40.0_Tau_Type_normal_anchors - INFO - Batch:[2028] Adversarial images for this batch already exist
2026-01-22 21:29:24,057 - ADV_Generation_eps_1.0_steps_100_Added_Noise_uniform_Eps_40.0_Tau_Type_normal_anchors - INFO - Batch 2029/2465: Clean accuracy 0.9754 | Adv accuracy: 0.0177 | Counter-attack accuracy: 0.9694
2026-01-22 21:29:24,058 - ADV_Generation_eps_1.0_steps_100_Added_Noise_uniform_Eps_40.0_Tau_Type_normal_anchors - INFO - Batch:[2029] Adversarial images for this batch already exist
2026-01-22 21:29:24,386 - ADV_Generation_eps_1.0_steps_100_Added_Noise_uniform_Eps_40.0_Tau_Type_normal_anchors - INFO - Batch 2030/2465: Clean accuracy 0.9754 | Adv accuracy: 0.0177 | Counter-attack accuracy: 0.9695
2026-01-22 21:29:24,387 - ADV_Generation_eps_1.0_steps_100_Added_Noise_uniform_Eps_40.0_Tau_Type_normal_anchors - INFO - Batch:[2030] Adversarial images for this batch already exist
2026-01-22 21:29:24,710 - ADV_Generation_eps_1.0_steps_100_Added_Noise_uniform_Eps_40.0_Tau_Type_normal_anchors - INFO - Batch 2031/2465: Clean accuracy 0.9754 | Adv accuracy: 0.0177 | Counter-attack accuracy: 0.9695
2026-01-22 21:29:24,710 - ADV_Generation_eps_1.0_steps_100_Added_Noise_uniform_Eps_40.0_Tau_Type_normal_anchors - INFO - Batch:[2031] Adversarial images for this batch already exist
2026-01-22 21:29:25,038 - ADV_Generation_eps_1.0_steps_100_Added_Noise_uniform_Eps_40.0_Tau_Type_normal_anchors - INFO - Batch 2032/2465: Clean accuracy 0.9754 | Adv accuracy: 0.0177 | Counter-attack accuracy: 0.9695
2026-01-22 21:29:25,039 - ADV_Generation_eps_1.0_steps_100_Added_Noise_uniform_Eps_40.0_Tau_Type_normal_anchors - INFO - Batch:[2032] Adversarial images for this batch already exist
2026-01-22 21:29:25,363 - ADV_Generation_eps_1.0_steps_100_Added_Noise_uniform_Eps_40.0_Tau_Type_normal_anchors - INFO - Batch 2033/2465: Clean accuracy 0.9754 | Adv accuracy: 0.0177 | Counter-attack accuracy: 0.9695
2026-01-22 21:29:25,363 - ADV_Generation_eps_1.0_steps_100_Added_Noise_uniform_Eps_40.0_Tau_Type_normal_anchors - INFO - Batch:[2033] Adversarial images for this batch already exist
2026-01-22 21:29:25,685 - ADV_Generation_eps_1.0_steps_100_Added_Noise_uniform_Eps_40.0_Tau_Type_normal_anchors - INFO - Batch 2034/2465: Clean accuracy 0.9754 | Adv accuracy: 0.0177 | Counter-attack accuracy: 0.9690
2026-01-22 21:29:25,685 - ADV_Generation_eps_1.0_steps_100_Added_Noise_uniform_Eps_40.0_Tau_Type_normal_anchors - INFO - Batch:[2034] Adversarial images for this batch already exist
2026-01-22 21:29:26,006 - ADV_Generation_eps_1.0_steps_100_Added_Noise_uniform_Eps_40.0_Tau_Type_normal_anchors - INFO - Batch 2035/2465: Clean accuracy 0.9754 | Adv accuracy: 0.0177 | Counter-attack accuracy: 0.9690
2026-01-22 21:29:26,007 - ADV_Generation_eps_1.0_steps_100_Added_Noise_uniform_Eps_40.0_Tau_Type_normal_anchors - INFO - Batch:[2035] Adversarial images for this batch already exist
2026-01-22 21:29:26,331 - ADV_Generation_eps_1.0_steps_100_Added_Noise_uniform_Eps_40.0_Tau_Type_normal_anchors - INFO - Batch 2036/2465: Clean accuracy 0.9754 | Adv accuracy: 0.0177 | Counter-attack accuracy: 0.9691
2026-01-22 21:29:26,332 - ADV_Generation_eps_1.0_steps_100_Added_Noise_uniform_Eps_40.0_Tau_Type_normal_anchors - INFO - Batch:[2036] Adversarial images for this batch already exist
2026-01-22 21:29:26,660 - ADV_Generation_eps_1.0_steps_100_Added_Noise_uniform_Eps_40.0_Tau_Type_normal_anchors - INFO - Batch 2037/2465: Clean accuracy 0.9750 | Adv accuracy: 0.0177 | Counter-attack accuracy: 0.9686
2026-01-22 21:29:26,661 - ADV_Generation_eps_1.0_steps_100_Added_Noise_uniform_Eps_40.0_Tau_Type_normal_anchors - INFO - Batch:[2037] Adversarial images for this batch already exist
2026-01-22 21:29:26,993 - ADV_Generation_eps_1.0_steps_100_Added_Noise_uniform_Eps_40.0_Tau_Type_normal_anchors - INFO - Batch 2038/2465: Clean accuracy 0.9750 | Adv accuracy: 0.0177 | Counter-attack accuracy: 0.9686
2026-01-22 21:29:26,993 - ADV_Generation_eps_1.0_steps_100_Added_Noise_uniform_Eps_40.0_Tau_Type_normal_anchors - INFO - Batch:[2038] Adversarial images for this batch already exist
2026-01-22 21:29:27,318 - ADV_Generation_eps_1.0_steps_100_Added_Noise_uniform_Eps_40.0_Tau_Type_normal_anchors - INFO - Batch 2039/2465: Clean accuracy 0.9750 | Adv accuracy: 0.0177 | Counter-attack accuracy: 0.9686
2026-01-22 21:29:27,319 - ADV_Generation_eps_1.0_steps_100_Added_Noise_uniform_Eps_40.0_Tau_Type_normal_anchors - INFO - Batch:[2039] Adversarial images for this batch already exist
2026-01-22 21:29:27,647 - ADV_Generation_eps_1.0_steps_100_Added_Noise_uniform_Eps_40.0_Tau_Type_normal_anchors - INFO - Batch 2040/2465: Clean accuracy 0.9750 | Adv accuracy: 0.0176 | Counter-attack accuracy: 0.9681
2026-01-22 21:29:27,648 - ADV_Generation_eps_1.0_steps_100_Added_Noise_uniform_Eps_40.0_Tau_Type_normal_anchors - INFO - Batch:[2040] Adversarial images for this batch already exist
2026-01-22 21:29:27,971 - ADV_Generation_eps_1.0_steps_100_Added_Noise_uniform_Eps_40.0_Tau_Type_normal_anchors - INFO - Batch 2041/2465: Clean accuracy 0.9750 | Adv accuracy: 0.0176 | Counter-attack accuracy: 0.9682
2026-01-22 21:29:27,971 - ADV_Generation_eps_1.0_steps_100_Added_Noise_uniform_Eps_40.0_Tau_Type_normal_anchors - INFO - Batch:[2041] Adversarial images for this batch already exist
2026-01-22 21:29:28,296 - ADV_Generation_eps_1.0_steps_100_Added_Noise_uniform_Eps_40.0_Tau_Type_normal_anchors - INFO - Batch 2042/2465: Clean accuracy 0.9745 | Adv accuracy: 0.0176 | Counter-attack accuracy: 0.9677
2026-01-22 21:29:28,296 - ADV_Generation_eps_1.0_steps_100_Added_Noise_uniform_Eps_40.0_Tau_Type_normal_anchors - INFO - Batch:[2042] Adversarial images for this batch already exist
2026-01-22 21:29:28,619 - ADV_Generation_eps_1.0_steps_100_Added_Noise_uniform_Eps_40.0_Tau_Type_normal_anchors - INFO - Batch 2043/2465: Clean accuracy 0.9745 | Adv accuracy: 0.0176 | Counter-attack accuracy: 0.9677
2026-01-22 21:29:28,620 - ADV_Generation_eps_1.0_steps_100_Added_Noise_uniform_Eps_40.0_Tau_Type_normal_anchors - INFO - Batch:[2043] Adversarial images for this batch already exist
2026-01-22 21:29:28,951 - ADV_Generation_eps_1.0_steps_100_Added_Noise_uniform_Eps_40.0_Tau_Type_normal_anchors - INFO - Batch 2044/2465: Clean accuracy 0.9746 | Adv accuracy: 0.0176 | Counter-attack accuracy: 0.9677
2026-01-22 21:29:28,952 - ADV_Generation_eps_1.0_steps_100_Added_Noise_uniform_Eps_40.0_Tau_Type_normal_anchors - INFO - Batch:[2044] Adversarial images for this batch already exist
2026-01-22 21:29:29,353 - ADV_Generation_eps_1.0_steps_100_Added_Noise_uniform_Eps_40.0_Tau_Type_normal_anchors - INFO - Batch 2045/2465: Clean accuracy 0.9746 | Adv accuracy: 0.0176 | Counter-attack accuracy: 0.9677
2026-01-22 21:29:29,354 - ADV_Generation_eps_1.0_steps_100_Added_Noise_uniform_Eps_40.0_Tau_Type_normal_anchors - INFO - Batch:[2045] Adversarial images for this batch already exist
2026-01-22 21:29:29,688 - ADV_Generation_eps_1.0_steps_100_Added_Noise_uniform_Eps_40.0_Tau_Type_normal_anchors - INFO - Batch 2046/2465: Clean accuracy 0.9746 | Adv accuracy: 0.0176 | Counter-attack accuracy: 0.9677
2026-01-22 21:29:29,688 - ADV_Generation_eps_1.0_steps_100_Added_Noise_uniform_Eps_40.0_Tau_Type_normal_anchors - INFO - Batch:[2046] Adversarial images for this batch already exist
2026-01-22 21:29:30,012 - ADV_Generation_eps_1.0_steps_100_Added_Noise_uniform_Eps_40.0_Tau_Type_normal_anchors - INFO - Batch 2047/2465: Clean accuracy 0.9746 | Adv accuracy: 0.0176 | Counter-attack accuracy: 0.9678
2026-01-22 21:29:30,013 - ADV_Generation_eps_1.0_steps_100_Added_Noise_uniform_Eps_40.0_Tau_Type_normal_anchors - INFO - Batch:[2047] Adversarial images for this batch already exist
2026-01-22 21:29:30,338 - ADV_Generation_eps_1.0_steps_100_Added_Noise_uniform_Eps_40.0_Tau_Type_normal_anchors - INFO - Batch 2048/2465: Clean accuracy 0.9746 | Adv accuracy: 0.0176 | Counter-attack accuracy: 0.9678
2026-01-22 21:29:30,339 - ADV_Generation_eps_1.0_steps_100_Added_Noise_uniform_Eps_40.0_Tau_Type_normal_anchors - INFO - Batch:[2048] Adversarial images for this batch already exist
2026-01-22 21:29:30,666 - ADV_Generation_eps_1.0_steps_100_Added_Noise_uniform_Eps_40.0_Tau_Type_normal_anchors - INFO - Batch 2049/2465: Clean accuracy 0.9746 | Adv accuracy: 0.0176 | Counter-attack accuracy: 0.9678
2026-01-22 21:29:30,666 - ADV_Generation_eps_1.0_steps_100_Added_Noise_uniform_Eps_40.0_Tau_Type_normal_anchors - INFO - Batch:[2049] Adversarial images for this batch already exist
2026-01-22 21:29:30,991 - ADV_Generation_eps_1.0_steps_100_Added_Noise_uniform_Eps_40.0_Tau_Type_normal_anchors - INFO - Batch 2050/2465: Clean accuracy 0.9746 | Adv accuracy: 0.0176 | Counter-attack accuracy: 0.9678
2026-01-22 21:29:30,992 - ADV_Generation_eps_1.0_steps_100_Added_Noise_uniform_Eps_40.0_Tau_Type_normal_anchors - INFO - Batch:[2050] Adversarial images for this batch already exist
2026-01-22 21:29:31,317 - ADV_Generation_eps_1.0_steps_100_Added_Noise_uniform_Eps_40.0_Tau_Type_normal_anchors - INFO - Batch 2051/2465: Clean accuracy 0.9742 | Adv accuracy: 0.0176 | Counter-attack accuracy: 0.9673
2026-01-22 21:29:31,317 - ADV_Generation_eps_1.0_steps_100_Added_Noise_uniform_Eps_40.0_Tau_Type_normal_anchors - INFO - Batch:[2051] Adversarial images for this batch already exist
2026-01-22 21:29:31,638 - ADV_Generation_eps_1.0_steps_100_Added_Noise_uniform_Eps_40.0_Tau_Type_normal_anchors - INFO - Batch 2052/2465: Clean accuracy 0.9742 | Adv accuracy: 0.0175 | Counter-attack accuracy: 0.9673
2026-01-22 21:29:31,638 - ADV_Generation_eps_1.0_steps_100_Added_Noise_uniform_Eps_40.0_Tau_Type_normal_anchors - INFO - Batch:[2052] Adversarial images for this batch already exist
2026-01-22 21:29:31,966 - ADV_Generation_eps_1.0_steps_100_Added_Noise_uniform_Eps_40.0_Tau_Type_normal_anchors - INFO - Batch 2053/2465: Clean accuracy 0.9742 | Adv accuracy: 0.0175 | Counter-attack accuracy: 0.9674
2026-01-22 21:29:31,966 - ADV_Generation_eps_1.0_steps_100_Added_Noise_uniform_Eps_40.0_Tau_Type_normal_anchors - INFO - Batch:[2053] Adversarial images for this batch already exist
2026-01-22 21:29:32,284 - ADV_Generation_eps_1.0_steps_100_Added_Noise_uniform_Eps_40.0_Tau_Type_normal_anchors - INFO - Batch 2054/2465: Clean accuracy 0.9742 | Adv accuracy: 0.0175 | Counter-attack accuracy: 0.9674
2026-01-22 21:29:32,285 - ADV_Generation_eps_1.0_steps_100_Added_Noise_uniform_Eps_40.0_Tau_Type_normal_anchors - INFO - Batch:[2054] Adversarial images for this batch already exist
2026-01-22 21:29:32,612 - ADV_Generation_eps_1.0_steps_100_Added_Noise_uniform_Eps_40.0_Tau_Type_normal_anchors - INFO - Batch 2055/2465: Clean accuracy 0.9742 | Adv accuracy: 0.0180 | Counter-attack accuracy: 0.9674
2026-01-22 21:29:32,613 - ADV_Generation_eps_1.0_steps_100_Added_Noise_uniform_Eps_40.0_Tau_Type_normal_anchors - INFO - Batch:[2055] Adversarial images for this batch already exist
2026-01-22 21:29:32,938 - ADV_Generation_eps_1.0_steps_100_Added_Noise_uniform_Eps_40.0_Tau_Type_normal_anchors - INFO - Batch 2056/2465: Clean accuracy 0.9742 | Adv accuracy: 0.0180 | Counter-attack accuracy: 0.9674
2026-01-22 21:29:32,938 - ADV_Generation_eps_1.0_steps_100_Added_Noise_uniform_Eps_40.0_Tau_Type_normal_anchors - INFO - Batch:[2056] Adversarial images for this batch already exist
2026-01-22 21:29:33,262 - ADV_Generation_eps_1.0_steps_100_Added_Noise_uniform_Eps_40.0_Tau_Type_normal_anchors - INFO - Batch 2057/2465: Clean accuracy 0.9742 | Adv accuracy: 0.0180 | Counter-attack accuracy: 0.9674
2026-01-22 21:29:33,263 - ADV_Generation_eps_1.0_steps_100_Added_Noise_uniform_Eps_40.0_Tau_Type_normal_anchors - INFO - Batch:[2057] Adversarial images for this batch already exist
2026-01-22 21:29:33,594 - ADV_Generation_eps_1.0_steps_100_Added_Noise_uniform_Eps_40.0_Tau_Type_normal_anchors - INFO - Batch 2058/2465: Clean accuracy 0.9742 | Adv accuracy: 0.0180 | Counter-attack accuracy: 0.9674
2026-01-22 21:29:33,594 - ADV_Generation_eps_1.0_steps_100_Added_Noise_uniform_Eps_40.0_Tau_Type_normal_anchors - INFO - Batch:[2058] Adversarial images for this batch already exist
2026-01-22 21:29:33,911 - ADV_Generation_eps_1.0_steps_100_Added_Noise_uniform_Eps_40.0_Tau_Type_normal_anchors - INFO - Batch 2059/2465: Clean accuracy 0.9743 | Adv accuracy: 0.0180 | Counter-attack accuracy: 0.9675
2026-01-22 21:29:33,911 - ADV_Generation_eps_1.0_steps_100_Added_Noise_uniform_Eps_40.0_Tau_Type_normal_anchors - INFO - Batch:[2059] Adversarial images for this batch already exist
2026-01-22 21:29:34,237 - ADV_Generation_eps_1.0_steps_100_Added_Noise_uniform_Eps_40.0_Tau_Type_normal_anchors - INFO - Batch 2060/2465: Clean accuracy 0.9738 | Adv accuracy: 0.0180 | Counter-attack accuracy: 0.9670
2026-01-22 21:29:34,238 - ADV_Generation_eps_1.0_steps_100_Added_Noise_uniform_Eps_40.0_Tau_Type_normal_anchors - INFO - Batch:[2060] Adversarial images for this batch already exist
2026-01-22 21:29:34,570 - ADV_Generation_eps_1.0_steps_100_Added_Noise_uniform_Eps_40.0_Tau_Type_normal_anchors - INFO - Batch 2061/2465: Clean accuracy 0.9738 | Adv accuracy: 0.0180 | Counter-attack accuracy: 0.9670
2026-01-22 21:29:34,570 - ADV_Generation_eps_1.0_steps_100_Added_Noise_uniform_Eps_40.0_Tau_Type_normal_anchors - INFO - Batch:[2061] Adversarial images for this batch already exist
2026-01-22 21:29:34,900 - ADV_Generation_eps_1.0_steps_100_Added_Noise_uniform_Eps_40.0_Tau_Type_normal_anchors - INFO - Batch 2062/2465: Clean accuracy 0.9738 | Adv accuracy: 0.0179 | Counter-attack accuracy: 0.9670
2026-01-22 21:29:34,901 - ADV_Generation_eps_1.0_steps_100_Added_Noise_uniform_Eps_40.0_Tau_Type_normal_anchors - INFO - Batch:[2062] Adversarial images for this batch already exist
2026-01-22 21:29:35,219 - ADV_Generation_eps_1.0_steps_100_Added_Noise_uniform_Eps_40.0_Tau_Type_normal_anchors - INFO - Batch 2063/2465: Clean accuracy 0.9738 | Adv accuracy: 0.0179 | Counter-attack accuracy: 0.9670
2026-01-22 21:29:35,220 - ADV_Generation_eps_1.0_steps_100_Added_Noise_uniform_Eps_40.0_Tau_Type_normal_anchors - INFO - Batch:[2063] Adversarial images for this batch already exist
2026-01-22 21:29:35,554 - ADV_Generation_eps_1.0_steps_100_Added_Noise_uniform_Eps_40.0_Tau_Type_normal_anchors - INFO - Batch 2064/2465: Clean accuracy 0.9738 | Adv accuracy: 0.0179 | Counter-attack accuracy: 0.9666
2026-01-22 21:29:35,555 - ADV_Generation_eps_1.0_steps_100_Added_Noise_uniform_Eps_40.0_Tau_Type_normal_anchors - INFO - Batch:[2064] Adversarial images for this batch already exist
2026-01-22 21:29:35,881 - ADV_Generation_eps_1.0_steps_100_Added_Noise_uniform_Eps_40.0_Tau_Type_normal_anchors - INFO - Batch 2065/2465: Clean accuracy 0.9738 | Adv accuracy: 0.0179 | Counter-attack accuracy: 0.9666
2026-01-22 21:29:35,882 - ADV_Generation_eps_1.0_steps_100_Added_Noise_uniform_Eps_40.0_Tau_Type_normal_anchors - INFO - Batch:[2065] Adversarial images for this batch already exist
2026-01-22 21:29:36,207 - ADV_Generation_eps_1.0_steps_100_Added_Noise_uniform_Eps_40.0_Tau_Type_normal_anchors - INFO - Batch 2066/2465: Clean accuracy 0.9739 | Adv accuracy: 0.0179 | Counter-attack accuracy: 0.9661
2026-01-22 21:29:36,209 - ADV_Generation_eps_1.0_steps_100_Added_Noise_uniform_Eps_40.0_Tau_Type_normal_anchors - INFO - Batch:[2066] Adversarial images for this batch already exist
2026-01-22 21:29:36,535 - ADV_Generation_eps_1.0_steps_100_Added_Noise_uniform_Eps_40.0_Tau_Type_normal_anchors - INFO - Batch 2067/2465: Clean accuracy 0.9739 | Adv accuracy: 0.0179 | Counter-attack accuracy: 0.9661
2026-01-22 21:29:36,536 - ADV_Generation_eps_1.0_steps_100_Added_Noise_uniform_Eps_40.0_Tau_Type_normal_anchors - INFO - Batch:[2067] Adversarial images for this batch already exist
2026-01-22 21:29:36,867 - ADV_Generation_eps_1.0_steps_100_Added_Noise_uniform_Eps_40.0_Tau_Type_normal_anchors - INFO - Batch 2068/2465: Clean accuracy 0.9739 | Adv accuracy: 0.0179 | Counter-attack accuracy: 0.9662
2026-01-22 21:29:36,867 - ADV_Generation_eps_1.0_steps_100_Added_Noise_uniform_Eps_40.0_Tau_Type_normal_anchors - INFO - Batch:[2068] Adversarial images for this batch already exist
2026-01-22 21:29:37,196 - ADV_Generation_eps_1.0_steps_100_Added_Noise_uniform_Eps_40.0_Tau_Type_normal_anchors - INFO - Batch 2069/2465: Clean accuracy 0.9739 | Adv accuracy: 0.0179 | Counter-attack accuracy: 0.9662
2026-01-22 21:29:37,196 - ADV_Generation_eps_1.0_steps_100_Added_Noise_uniform_Eps_40.0_Tau_Type_normal_anchors - INFO - Batch:[2069] Adversarial images for this batch already exist
2026-01-22 21:29:37,522 - ADV_Generation_eps_1.0_steps_100_Added_Noise_uniform_Eps_40.0_Tau_Type_normal_anchors - INFO - Batch 2070/2465: Clean accuracy 0.9739 | Adv accuracy: 0.0179 | Counter-attack accuracy: 0.9662
2026-01-22 21:29:37,523 - ADV_Generation_eps_1.0_steps_100_Added_Noise_uniform_Eps_40.0_Tau_Type_normal_anchors - INFO - Batch:[2070] Adversarial images for this batch already exist
2026-01-22 21:29:37,850 - ADV_Generation_eps_1.0_steps_100_Added_Noise_uniform_Eps_40.0_Tau_Type_normal_anchors - INFO - Batch 2071/2465: Clean accuracy 0.9739 | Adv accuracy: 0.0179 | Counter-attack accuracy: 0.9662
2026-01-22 21:29:37,850 - ADV_Generation_eps_1.0_steps_100_Added_Noise_uniform_Eps_40.0_Tau_Type_normal_anchors - INFO - Batch:[2071] Adversarial images for this batch already exist
2026-01-22 21:29:38,176 - ADV_Generation_eps_1.0_steps_100_Added_Noise_uniform_Eps_40.0_Tau_Type_normal_anchors - INFO - Batch 2072/2465: Clean accuracy 0.9739 | Adv accuracy: 0.0179 | Counter-attack accuracy: 0.9662
2026-01-22 21:29:38,177 - ADV_Generation_eps_1.0_steps_100_Added_Noise_uniform_Eps_40.0_Tau_Type_normal_anchors - INFO - Batch:[2072] Adversarial images for this batch already exist
2026-01-22 21:29:38,503 - ADV_Generation_eps_1.0_steps_100_Added_Noise_uniform_Eps_40.0_Tau_Type_normal_anchors - INFO - Batch 2073/2465: Clean accuracy 0.9740 | Adv accuracy: 0.0178 | Counter-attack accuracy: 0.9662
2026-01-22 21:29:38,503 - ADV_Generation_eps_1.0_steps_100_Added_Noise_uniform_Eps_40.0_Tau_Type_normal_anchors - INFO - Batch:[2073] Adversarial images for this batch already exist
2026-01-22 21:29:38,825 - ADV_Generation_eps_1.0_steps_100_Added_Noise_uniform_Eps_40.0_Tau_Type_normal_anchors - INFO - Batch 2074/2465: Clean accuracy 0.9740 | Adv accuracy: 0.0178 | Counter-attack accuracy: 0.9662
2026-01-22 21:29:38,826 - ADV_Generation_eps_1.0_steps_100_Added_Noise_uniform_Eps_40.0_Tau_Type_normal_anchors - INFO - Batch:[2074] Adversarial images for this batch already exist
2026-01-22 21:29:39,178 - ADV_Generation_eps_1.0_steps_100_Added_Noise_uniform_Eps_40.0_Tau_Type_normal_anchors - INFO - Batch 2075/2465: Clean accuracy 0.9740 | Adv accuracy: 0.0178 | Counter-attack accuracy: 0.9663
2026-01-22 21:29:39,178 - ADV_Generation_eps_1.0_steps_100_Added_Noise_uniform_Eps_40.0_Tau_Type_normal_anchors - INFO - Batch:[2075] Adversarial images for this batch already exist
2026-01-22 21:29:39,502 - ADV_Generation_eps_1.0_steps_100_Added_Noise_uniform_Eps_40.0_Tau_Type_normal_anchors - INFO - Batch 2076/2465: Clean accuracy 0.9740 | Adv accuracy: 0.0178 | Counter-attack accuracy: 0.9663
2026-01-22 21:29:39,503 - ADV_Generation_eps_1.0_steps_100_Added_Noise_uniform_Eps_40.0_Tau_Type_normal_anchors - INFO - Batch:[2076] Adversarial images for this batch already exist
2026-01-22 21:29:39,827 - ADV_Generation_eps_1.0_steps_100_Added_Noise_uniform_Eps_40.0_Tau_Type_normal_anchors - INFO - Batch 2077/2465: Clean accuracy 0.9740 | Adv accuracy: 0.0178 | Counter-attack accuracy: 0.9663
2026-01-22 21:29:39,828 - ADV_Generation_eps_1.0_steps_100_Added_Noise_uniform_Eps_40.0_Tau_Type_normal_anchors - INFO - Batch:[2077] Adversarial images for this batch already exist
2026-01-22 21:29:40,153 - ADV_Generation_eps_1.0_steps_100_Added_Noise_uniform_Eps_40.0_Tau_Type_normal_anchors - INFO - Batch 2078/2465: Clean accuracy 0.9740 | Adv accuracy: 0.0178 | Counter-attack accuracy: 0.9663
2026-01-22 21:29:40,154 - ADV_Generation_eps_1.0_steps_100_Added_Noise_uniform_Eps_40.0_Tau_Type_normal_anchors - INFO - Batch:[2078] Adversarial images for this batch already exist
2026-01-22 21:29:40,481 - ADV_Generation_eps_1.0_steps_100_Added_Noise_uniform_Eps_40.0_Tau_Type_normal_anchors - INFO - Batch 2079/2465: Clean accuracy 0.9740 | Adv accuracy: 0.0178 | Counter-attack accuracy: 0.9663
2026-01-22 21:29:40,482 - ADV_Generation_eps_1.0_steps_100_Added_Noise_uniform_Eps_40.0_Tau_Type_normal_anchors - INFO - Batch:[2079] Adversarial images for this batch already exist
2026-01-22 21:29:40,819 - ADV_Generation_eps_1.0_steps_100_Added_Noise_uniform_Eps_40.0_Tau_Type_normal_anchors - INFO - Batch 2080/2465: Clean accuracy 0.9740 | Adv accuracy: 0.0178 | Counter-attack accuracy: 0.9663
2026-01-22 21:29:40,820 - ADV_Generation_eps_1.0_steps_100_Added_Noise_uniform_Eps_40.0_Tau_Type_normal_anchors - INFO - Batch:[2080] Adversarial images for this batch already exist
2026-01-22 21:29:41,144 - ADV_Generation_eps_1.0_steps_100_Added_Noise_uniform_Eps_40.0_Tau_Type_normal_anchors - INFO - Batch 2081/2465: Clean accuracy 0.9741 | Adv accuracy: 0.0178 | Counter-attack accuracy: 0.9664
2026-01-22 21:29:41,144 - ADV_Generation_eps_1.0_steps_100_Added_Noise_uniform_Eps_40.0_Tau_Type_normal_anchors - INFO - Batch:[2081] Adversarial images for this batch already exist
2026-01-22 21:29:41,508 - ADV_Generation_eps_1.0_steps_100_Added_Noise_uniform_Eps_40.0_Tau_Type_normal_anchors - INFO - Batch 2082/2465: Clean accuracy 0.9741 | Adv accuracy: 0.0178 | Counter-attack accuracy: 0.9664
2026-01-22 21:29:41,509 - ADV_Generation_eps_1.0_steps_100_Added_Noise_uniform_Eps_40.0_Tau_Type_normal_anchors - INFO - Batch:[2082] Adversarial images for this batch already exist
2026-01-22 21:29:41,836 - ADV_Generation_eps_1.0_steps_100_Added_Noise_uniform_Eps_40.0_Tau_Type_normal_anchors - INFO - Batch 2083/2465: Clean accuracy 0.9741 | Adv accuracy: 0.0178 | Counter-attack accuracy: 0.9659
2026-01-22 21:29:41,836 - ADV_Generation_eps_1.0_steps_100_Added_Noise_uniform_Eps_40.0_Tau_Type_normal_anchors - INFO - Batch:[2083] Adversarial images for this batch already exist
2026-01-22 21:29:42,158 - ADV_Generation_eps_1.0_steps_100_Added_Noise_uniform_Eps_40.0_Tau_Type_normal_anchors - INFO - Batch 2084/2465: Clean accuracy 0.9741 | Adv accuracy: 0.0178 | Counter-attack accuracy: 0.9659
2026-01-22 21:29:42,159 - ADV_Generation_eps_1.0_steps_100_Added_Noise_uniform_Eps_40.0_Tau_Type_normal_anchors - INFO - Batch:[2084] Adversarial images for this batch already exist
2026-01-22 21:29:42,483 - ADV_Generation_eps_1.0_steps_100_Added_Noise_uniform_Eps_40.0_Tau_Type_normal_anchors - INFO - Batch 2085/2465: Clean accuracy 0.9741 | Adv accuracy: 0.0177 | Counter-attack accuracy: 0.9659
2026-01-22 21:29:42,483 - ADV_Generation_eps_1.0_steps_100_Added_Noise_uniform_Eps_40.0_Tau_Type_normal_anchors - INFO - Batch:[2085] Adversarial images for this batch already exist
2026-01-22 21:29:42,802 - ADV_Generation_eps_1.0_steps_100_Added_Noise_uniform_Eps_40.0_Tau_Type_normal_anchors - INFO - Batch 2086/2465: Clean accuracy 0.9741 | Adv accuracy: 0.0177 | Counter-attack accuracy: 0.9660
2026-01-22 21:29:42,803 - ADV_Generation_eps_1.0_steps_100_Added_Noise_uniform_Eps_40.0_Tau_Type_normal_anchors - INFO - Batch:[2086] Adversarial images for this batch already exist
2026-01-22 21:29:43,136 - ADV_Generation_eps_1.0_steps_100_Added_Noise_uniform_Eps_40.0_Tau_Type_normal_anchors - INFO - Batch 2087/2465: Clean accuracy 0.9741 | Adv accuracy: 0.0177 | Counter-attack accuracy: 0.9660
2026-01-22 21:29:43,137 - ADV_Generation_eps_1.0_steps_100_Added_Noise_uniform_Eps_40.0_Tau_Type_normal_anchors - INFO - Batch:[2087] Adversarial images for this batch already exist
2026-01-22 21:29:43,522 - ADV_Generation_eps_1.0_steps_100_Added_Noise_uniform_Eps_40.0_Tau_Type_normal_anchors - INFO - Batch 2088/2465: Clean accuracy 0.9741 | Adv accuracy: 0.0177 | Counter-attack accuracy: 0.9655
2026-01-22 21:29:43,522 - ADV_Generation_eps_1.0_steps_100_Added_Noise_uniform_Eps_40.0_Tau_Type_normal_anchors - INFO - Batch:[2088] Adversarial images for this batch already exist
2026-01-22 21:29:43,854 - ADV_Generation_eps_1.0_steps_100_Added_Noise_uniform_Eps_40.0_Tau_Type_normal_anchors - INFO - Batch 2089/2465: Clean accuracy 0.9742 | Adv accuracy: 0.0177 | Counter-attack accuracy: 0.9655
2026-01-22 21:29:43,856 - ADV_Generation_eps_1.0_steps_100_Added_Noise_uniform_Eps_40.0_Tau_Type_normal_anchors - INFO - Batch:[2089] Adversarial images for this batch already exist
2026-01-22 21:29:44,210 - ADV_Generation_eps_1.0_steps_100_Added_Noise_uniform_Eps_40.0_Tau_Type_normal_anchors - INFO - Batch 2090/2465: Clean accuracy 0.9742 | Adv accuracy: 0.0177 | Counter-attack accuracy: 0.9656
2026-01-22 21:29:44,211 - ADV_Generation_eps_1.0_steps_100_Added_Noise_uniform_Eps_40.0_Tau_Type_normal_anchors - INFO - Batch:[2090] Adversarial images for this batch already exist
2026-01-22 21:29:44,579 - ADV_Generation_eps_1.0_steps_100_Added_Noise_uniform_Eps_40.0_Tau_Type_normal_anchors - INFO - Batch 2091/2465: Clean accuracy 0.9742 | Adv accuracy: 0.0177 | Counter-attack accuracy: 0.9656
2026-01-22 21:29:44,580 - ADV_Generation_eps_1.0_steps_100_Added_Noise_uniform_Eps_40.0_Tau_Type_normal_anchors - INFO - Batch:[2091] Adversarial images for this batch already exist
2026-01-22 21:29:44,924 - ADV_Generation_eps_1.0_steps_100_Added_Noise_uniform_Eps_40.0_Tau_Type_normal_anchors - INFO - Batch 2092/2465: Clean accuracy 0.9742 | Adv accuracy: 0.0177 | Counter-attack accuracy: 0.9656
2026-01-22 21:29:44,925 - ADV_Generation_eps_1.0_steps_100_Added_Noise_uniform_Eps_40.0_Tau_Type_normal_anchors - INFO - Batch:[2092] Adversarial images for this batch already exist
2026-01-22 21:29:45,255 - ADV_Generation_eps_1.0_steps_100_Added_Noise_uniform_Eps_40.0_Tau_Type_normal_anchors - INFO - Batch 2093/2465: Clean accuracy 0.9742 | Adv accuracy: 0.0177 | Counter-attack accuracy: 0.9656
2026-01-22 21:29:45,256 - ADV_Generation_eps_1.0_steps_100_Added_Noise_uniform_Eps_40.0_Tau_Type_normal_anchors - INFO - Batch:[2093] Adversarial images for this batch already exist
2026-01-22 21:29:45,582 - ADV_Generation_eps_1.0_steps_100_Added_Noise_uniform_Eps_40.0_Tau_Type_normal_anchors - INFO - Batch 2094/2465: Clean accuracy 0.9742 | Adv accuracy: 0.0177 | Counter-attack accuracy: 0.9656
2026-01-22 21:29:45,583 - ADV_Generation_eps_1.0_steps_100_Added_Noise_uniform_Eps_40.0_Tau_Type_normal_anchors - INFO - Batch:[2094] Adversarial images for this batch already exist
2026-01-22 21:29:45,912 - ADV_Generation_eps_1.0_steps_100_Added_Noise_uniform_Eps_40.0_Tau_Type_normal_anchors - INFO - Batch 2095/2465: Clean accuracy 0.9742 | Adv accuracy: 0.0177 | Counter-attack accuracy: 0.9656
2026-01-22 21:29:45,912 - ADV_Generation_eps_1.0_steps_100_Added_Noise_uniform_Eps_40.0_Tau_Type_normal_anchors - INFO - Batch:[2095] Adversarial images for this batch already exist
2026-01-22 21:29:46,238 - ADV_Generation_eps_1.0_steps_100_Added_Noise_uniform_Eps_40.0_Tau_Type_normal_anchors - INFO - Batch 2096/2465: Clean accuracy 0.9742 | Adv accuracy: 0.0177 | Counter-attack accuracy: 0.9656
2026-01-22 21:29:46,239 - ADV_Generation_eps_1.0_steps_100_Added_Noise_uniform_Eps_40.0_Tau_Type_normal_anchors - INFO - Batch:[2096] Adversarial images for this batch already exist
2026-01-22 21:29:46,564 - ADV_Generation_eps_1.0_steps_100_Added_Noise_uniform_Eps_40.0_Tau_Type_normal_anchors - INFO - Batch 2097/2465: Clean accuracy 0.9742 | Adv accuracy: 0.0176 | Counter-attack accuracy: 0.9657
2026-01-22 21:29:46,565 - ADV_Generation_eps_1.0_steps_100_Added_Noise_uniform_Eps_40.0_Tau_Type_normal_anchors - INFO - Batch:[2097] Adversarial images for this batch already exist
2026-01-22 21:29:46,892 - ADV_Generation_eps_1.0_steps_100_Added_Noise_uniform_Eps_40.0_Tau_Type_normal_anchors - INFO - Batch 2098/2465: Clean accuracy 0.9743 | Adv accuracy: 0.0176 | Counter-attack accuracy: 0.9657
2026-01-22 21:29:46,892 - ADV_Generation_eps_1.0_steps_100_Added_Noise_uniform_Eps_40.0_Tau_Type_normal_anchors - INFO - Batch:[2098] Adversarial images for this batch already exist
2026-01-22 21:29:47,208 - ADV_Generation_eps_1.0_steps_100_Added_Noise_uniform_Eps_40.0_Tau_Type_normal_anchors - INFO - Batch 2099/2465: Clean accuracy 0.9743 | Adv accuracy: 0.0176 | Counter-attack accuracy: 0.9657
2026-01-22 21:29:47,209 - ADV_Generation_eps_1.0_steps_100_Added_Noise_uniform_Eps_40.0_Tau_Type_normal_anchors - INFO - Batch:[2099] Adversarial images for this batch already exist
2026-01-22 21:29:47,537 - ADV_Generation_eps_1.0_steps_100_Added_Noise_uniform_Eps_40.0_Tau_Type_normal_anchors - INFO - Batch 2100/2465: Clean accuracy 0.9743 | Adv accuracy: 0.0176 | Counter-attack accuracy: 0.9657
2026-01-22 21:29:47,538 - ADV_Generation_eps_1.0_steps_100_Added_Noise_uniform_Eps_40.0_Tau_Type_normal_anchors - INFO - Batch:[2100] Adversarial images for this batch already exist
2026-01-22 21:29:47,867 - ADV_Generation_eps_1.0_steps_100_Added_Noise_uniform_Eps_40.0_Tau_Type_normal_anchors - INFO - Batch 2101/2465: Clean accuracy 0.9743 | Adv accuracy: 0.0176 | Counter-attack accuracy: 0.9657
2026-01-22 21:29:47,868 - ADV_Generation_eps_1.0_steps_100_Added_Noise_uniform_Eps_40.0_Tau_Type_normal_anchors - INFO - Batch:[2101] Adversarial images for this batch already exist
2026-01-22 21:29:48,206 - ADV_Generation_eps_1.0_steps_100_Added_Noise_uniform_Eps_40.0_Tau_Type_normal_anchors - INFO - Batch 2102/2465: Clean accuracy 0.9743 | Adv accuracy: 0.0176 | Counter-attack accuracy: 0.9657
2026-01-22 21:29:48,207 - ADV_Generation_eps_1.0_steps_100_Added_Noise_uniform_Eps_40.0_Tau_Type_normal_anchors - INFO - Batch:[2102] Adversarial images for this batch already exist
2026-01-22 21:29:48,532 - ADV_Generation_eps_1.0_steps_100_Added_Noise_uniform_Eps_40.0_Tau_Type_normal_anchors - INFO - Batch 2103/2465: Clean accuracy 0.9743 | Adv accuracy: 0.0176 | Counter-attack accuracy: 0.9658
2026-01-22 21:29:48,533 - ADV_Generation_eps_1.0_steps_100_Added_Noise_uniform_Eps_40.0_Tau_Type_normal_anchors - INFO - Batch:[2103] Adversarial images for this batch already exist
2026-01-22 21:29:48,855 - ADV_Generation_eps_1.0_steps_100_Added_Noise_uniform_Eps_40.0_Tau_Type_normal_anchors - INFO - Batch 2104/2465: Clean accuracy 0.9743 | Adv accuracy: 0.0176 | Counter-attack accuracy: 0.9658
2026-01-22 21:29:48,857 - ADV_Generation_eps_1.0_steps_100_Added_Noise_uniform_Eps_40.0_Tau_Type_normal_anchors - INFO - Batch:[2104] Adversarial images for this batch already exist
2026-01-22 21:29:49,189 - ADV_Generation_eps_1.0_steps_100_Added_Noise_uniform_Eps_40.0_Tau_Type_normal_anchors - INFO - Batch 2105/2465: Clean accuracy 0.9743 | Adv accuracy: 0.0176 | Counter-attack accuracy: 0.9658
2026-01-22 21:29:49,189 - ADV_Generation_eps_1.0_steps_100_Added_Noise_uniform_Eps_40.0_Tau_Type_normal_anchors - INFO - Batch:[2105] Adversarial images for this batch already exist
2026-01-22 21:29:49,508 - ADV_Generation_eps_1.0_steps_100_Added_Noise_uniform_Eps_40.0_Tau_Type_normal_anchors - INFO - Batch 2106/2465: Clean accuracy 0.9744 | Adv accuracy: 0.0176 | Counter-attack accuracy: 0.9658
2026-01-22 21:29:49,510 - ADV_Generation_eps_1.0_steps_100_Added_Noise_uniform_Eps_40.0_Tau_Type_normal_anchors - INFO - Batch:[2106] Adversarial images for this batch already exist
2026-01-22 21:29:49,835 - ADV_Generation_eps_1.0_steps_100_Added_Noise_uniform_Eps_40.0_Tau_Type_normal_anchors - INFO - Batch 2107/2465: Clean accuracy 0.9744 | Adv accuracy: 0.0176 | Counter-attack accuracy: 0.9658
2026-01-22 21:29:49,836 - ADV_Generation_eps_1.0_steps_100_Added_Noise_uniform_Eps_40.0_Tau_Type_normal_anchors - INFO - Batch:[2107] Adversarial images for this batch already exist
2026-01-22 21:29:50,160 - ADV_Generation_eps_1.0_steps_100_Added_Noise_uniform_Eps_40.0_Tau_Type_normal_anchors - INFO - Batch 2108/2465: Clean accuracy 0.9744 | Adv accuracy: 0.0180 | Counter-attack accuracy: 0.9658
2026-01-22 21:29:50,161 - ADV_Generation_eps_1.0_steps_100_Added_Noise_uniform_Eps_40.0_Tau_Type_normal_anchors - INFO - Batch:[2108] Adversarial images for this batch already exist
2026-01-22 21:29:50,488 - ADV_Generation_eps_1.0_steps_100_Added_Noise_uniform_Eps_40.0_Tau_Type_normal_anchors - INFO - Batch 2109/2465: Clean accuracy 0.9744 | Adv accuracy: 0.0180 | Counter-attack accuracy: 0.9659
2026-01-22 21:29:50,488 - ADV_Generation_eps_1.0_steps_100_Added_Noise_uniform_Eps_40.0_Tau_Type_normal_anchors - INFO - Batch:[2109] Adversarial images for this batch already exist
2026-01-22 21:29:50,819 - ADV_Generation_eps_1.0_steps_100_Added_Noise_uniform_Eps_40.0_Tau_Type_normal_anchors - INFO - Batch 2110/2465: Clean accuracy 0.9744 | Adv accuracy: 0.0180 | Counter-attack accuracy: 0.9659
2026-01-22 21:29:50,820 - ADV_Generation_eps_1.0_steps_100_Added_Noise_uniform_Eps_40.0_Tau_Type_normal_anchors - INFO - Batch:[2110] Adversarial images for this batch already exist
2026-01-22 21:29:51,153 - ADV_Generation_eps_1.0_steps_100_Added_Noise_uniform_Eps_40.0_Tau_Type_normal_anchors - INFO - Batch 2111/2465: Clean accuracy 0.9744 | Adv accuracy: 0.0180 | Counter-attack accuracy: 0.9659
2026-01-22 21:29:51,154 - ADV_Generation_eps_1.0_steps_100_Added_Noise_uniform_Eps_40.0_Tau_Type_normal_anchors - INFO - Batch:[2111] Adversarial images for this batch already exist
2026-01-22 21:29:51,472 - ADV_Generation_eps_1.0_steps_100_Added_Noise_uniform_Eps_40.0_Tau_Type_normal_anchors - INFO - Batch 2112/2465: Clean accuracy 0.9744 | Adv accuracy: 0.0180 | Counter-attack accuracy: 0.9659
2026-01-22 21:29:51,473 - ADV_Generation_eps_1.0_steps_100_Added_Noise_uniform_Eps_40.0_Tau_Type_normal_anchors - INFO - Batch:[2112] Adversarial images for this batch already exist
2026-01-22 21:29:51,799 - ADV_Generation_eps_1.0_steps_100_Added_Noise_uniform_Eps_40.0_Tau_Type_normal_anchors - INFO - Batch 2113/2465: Clean accuracy 0.9744 | Adv accuracy: 0.0185 | Counter-attack accuracy: 0.9659
2026-01-22 21:29:51,800 - ADV_Generation_eps_1.0_steps_100_Added_Noise_uniform_Eps_40.0_Tau_Type_normal_anchors - INFO - Batch:[2113] Adversarial images for this batch already exist
2026-01-22 21:29:52,123 - ADV_Generation_eps_1.0_steps_100_Added_Noise_uniform_Eps_40.0_Tau_Type_normal_anchors - INFO - Batch 2114/2465: Clean accuracy 0.9745 | Adv accuracy: 0.0184 | Counter-attack accuracy: 0.9659
2026-01-22 21:29:52,124 - ADV_Generation_eps_1.0_steps_100_Added_Noise_uniform_Eps_40.0_Tau_Type_normal_anchors - INFO - Batch:[2114] Adversarial images for this batch already exist
2026-01-22 21:29:52,451 - ADV_Generation_eps_1.0_steps_100_Added_Noise_uniform_Eps_40.0_Tau_Type_normal_anchors - INFO - Batch 2115/2465: Clean accuracy 0.9745 | Adv accuracy: 0.0184 | Counter-attack accuracy: 0.9660
2026-01-22 21:29:52,452 - ADV_Generation_eps_1.0_steps_100_Added_Noise_uniform_Eps_40.0_Tau_Type_normal_anchors - INFO - Batch:[2115] Adversarial images for this batch already exist
2026-01-22 21:29:52,775 - ADV_Generation_eps_1.0_steps_100_Added_Noise_uniform_Eps_40.0_Tau_Type_normal_anchors - INFO - Batch 2116/2465: Clean accuracy 0.9745 | Adv accuracy: 0.0184 | Counter-attack accuracy: 0.9660
2026-01-22 21:29:52,775 - ADV_Generation_eps_1.0_steps_100_Added_Noise_uniform_Eps_40.0_Tau_Type_normal_anchors - INFO - Batch:[2116] Adversarial images for this batch already exist
2026-01-22 21:29:53,103 - ADV_Generation_eps_1.0_steps_100_Added_Noise_uniform_Eps_40.0_Tau_Type_normal_anchors - INFO - Batch 2117/2465: Clean accuracy 0.9745 | Adv accuracy: 0.0184 | Counter-attack accuracy: 0.9660
2026-01-22 21:29:53,103 - ADV_Generation_eps_1.0_steps_100_Added_Noise_uniform_Eps_40.0_Tau_Type_normal_anchors - INFO - Batch:[2117] Adversarial images for this batch already exist
2026-01-22 21:29:53,460 - ADV_Generation_eps_1.0_steps_100_Added_Noise_uniform_Eps_40.0_Tau_Type_normal_anchors - INFO - Batch 2118/2465: Clean accuracy 0.9745 | Adv accuracy: 0.0184 | Counter-attack accuracy: 0.9660
2026-01-22 21:29:53,460 - ADV_Generation_eps_1.0_steps_100_Added_Noise_uniform_Eps_40.0_Tau_Type_normal_anchors - INFO - Batch:[2118] Adversarial images for this batch already exist
2026-01-22 21:29:53,781 - ADV_Generation_eps_1.0_steps_100_Added_Noise_uniform_Eps_40.0_Tau_Type_normal_anchors - INFO - Batch 2119/2465: Clean accuracy 0.9745 | Adv accuracy: 0.0184 | Counter-attack accuracy: 0.9660
2026-01-22 21:29:53,781 - ADV_Generation_eps_1.0_steps_100_Added_Noise_uniform_Eps_40.0_Tau_Type_normal_anchors - INFO - Batch:[2119] Adversarial images for this batch already exist
2026-01-22 21:29:54,109 - ADV_Generation_eps_1.0_steps_100_Added_Noise_uniform_Eps_40.0_Tau_Type_normal_anchors - INFO - Batch 2120/2465: Clean accuracy 0.9745 | Adv accuracy: 0.0184 | Counter-attack accuracy: 0.9660
2026-01-22 21:29:54,109 - ADV_Generation_eps_1.0_steps_100_Added_Noise_uniform_Eps_40.0_Tau_Type_normal_anchors - INFO - Batch:[2120] Adversarial images for this batch already exist
2026-01-22 21:29:54,469 - ADV_Generation_eps_1.0_steps_100_Added_Noise_uniform_Eps_40.0_Tau_Type_normal_anchors - INFO - Batch 2121/2465: Clean accuracy 0.9745 | Adv accuracy: 0.0184 | Counter-attack accuracy: 0.9661
2026-01-22 21:29:54,470 - ADV_Generation_eps_1.0_steps_100_Added_Noise_uniform_Eps_40.0_Tau_Type_normal_anchors - INFO - Batch:[2121] Adversarial images for this batch already exist
2026-01-22 21:29:54,787 - ADV_Generation_eps_1.0_steps_100_Added_Noise_uniform_Eps_40.0_Tau_Type_normal_anchors - INFO - Batch 2122/2465: Clean accuracy 0.9746 | Adv accuracy: 0.0189 | Counter-attack accuracy: 0.9661
2026-01-22 21:29:54,787 - ADV_Generation_eps_1.0_steps_100_Added_Noise_uniform_Eps_40.0_Tau_Type_normal_anchors - INFO - Batch:[2122] Adversarial images for this batch already exist
2026-01-22 21:29:55,124 - ADV_Generation_eps_1.0_steps_100_Added_Noise_uniform_Eps_40.0_Tau_Type_normal_anchors - INFO - Batch 2123/2465: Clean accuracy 0.9746 | Adv accuracy: 0.0188 | Counter-attack accuracy: 0.9661
2026-01-22 21:29:55,125 - ADV_Generation_eps_1.0_steps_100_Added_Noise_uniform_Eps_40.0_Tau_Type_normal_anchors - INFO - Batch:[2123] Adversarial images for this batch already exist
2026-01-22 21:29:55,465 - ADV_Generation_eps_1.0_steps_100_Added_Noise_uniform_Eps_40.0_Tau_Type_normal_anchors - INFO - Batch 2124/2465: Clean accuracy 0.9746 | Adv accuracy: 0.0188 | Counter-attack accuracy: 0.9661
2026-01-22 21:29:55,466 - ADV_Generation_eps_1.0_steps_100_Added_Noise_uniform_Eps_40.0_Tau_Type_normal_anchors - INFO - Batch:[2124] Adversarial images for this batch already exist
2026-01-22 21:29:55,800 - ADV_Generation_eps_1.0_steps_100_Added_Noise_uniform_Eps_40.0_Tau_Type_normal_anchors - INFO - Batch 2125/2465: Clean accuracy 0.9746 | Adv accuracy: 0.0188 | Counter-attack accuracy: 0.9661
2026-01-22 21:29:55,800 - ADV_Generation_eps_1.0_steps_100_Added_Noise_uniform_Eps_40.0_Tau_Type_normal_anchors - INFO - Batch:[2125] Adversarial images for this batch already exist
2026-01-22 21:29:56,132 - ADV_Generation_eps_1.0_steps_100_Added_Noise_uniform_Eps_40.0_Tau_Type_normal_anchors - INFO - Batch 2126/2465: Clean accuracy 0.9746 | Adv accuracy: 0.0188 | Counter-attack accuracy: 0.9661
2026-01-22 21:29:56,133 - ADV_Generation_eps_1.0_steps_100_Added_Noise_uniform_Eps_40.0_Tau_Type_normal_anchors - INFO - Batch:[2126] Adversarial images for this batch already exist
2026-01-22 21:29:56,459 - ADV_Generation_eps_1.0_steps_100_Added_Noise_uniform_Eps_40.0_Tau_Type_normal_anchors - INFO - Batch 2127/2465: Clean accuracy 0.9746 | Adv accuracy: 0.0188 | Counter-attack accuracy: 0.9661
2026-01-22 21:29:56,460 - ADV_Generation_eps_1.0_steps_100_Added_Noise_uniform_Eps_40.0_Tau_Type_normal_anchors - INFO - Batch:[2127] Adversarial images for this batch already exist
2026-01-22 21:29:56,810 - ADV_Generation_eps_1.0_steps_100_Added_Noise_uniform_Eps_40.0_Tau_Type_normal_anchors - INFO - Batch 2128/2465: Clean accuracy 0.9746 | Adv accuracy: 0.0188 | Counter-attack accuracy: 0.9662
2026-01-22 21:29:56,811 - ADV_Generation_eps_1.0_steps_100_Added_Noise_uniform_Eps_40.0_Tau_Type_normal_anchors - INFO - Batch:[2128] Adversarial images for this batch already exist
2026-01-22 21:29:57,139 - ADV_Generation_eps_1.0_steps_100_Added_Noise_uniform_Eps_40.0_Tau_Type_normal_anchors - INFO - Batch 2129/2465: Clean accuracy 0.9746 | Adv accuracy: 0.0193 | Counter-attack accuracy: 0.9662
2026-01-22 21:29:57,140 - ADV_Generation_eps_1.0_steps_100_Added_Noise_uniform_Eps_40.0_Tau_Type_normal_anchors - INFO - Batch:[2129] Adversarial images for this batch already exist
2026-01-22 21:29:57,463 - ADV_Generation_eps_1.0_steps_100_Added_Noise_uniform_Eps_40.0_Tau_Type_normal_anchors - INFO - Batch 2130/2465: Clean accuracy 0.9746 | Adv accuracy: 0.0192 | Counter-attack accuracy: 0.9662
2026-01-22 21:29:57,464 - ADV_Generation_eps_1.0_steps_100_Added_Noise_uniform_Eps_40.0_Tau_Type_normal_anchors - INFO - Batch:[2130] Adversarial images for this batch already exist
2026-01-22 21:29:57,790 - ADV_Generation_eps_1.0_steps_100_Added_Noise_uniform_Eps_40.0_Tau_Type_normal_anchors - INFO - Batch 2131/2465: Clean accuracy 0.9747 | Adv accuracy: 0.0197 | Counter-attack accuracy: 0.9662
2026-01-22 21:29:57,791 - ADV_Generation_eps_1.0_steps_100_Added_Noise_uniform_Eps_40.0_Tau_Type_normal_anchors - INFO - Batch:[2131] Adversarial images for this batch already exist
2026-01-22 21:29:58,119 - ADV_Generation_eps_1.0_steps_100_Added_Noise_uniform_Eps_40.0_Tau_Type_normal_anchors - INFO - Batch 2132/2465: Clean accuracy 0.9747 | Adv accuracy: 0.0197 | Counter-attack accuracy: 0.9662
2026-01-22 21:29:58,120 - ADV_Generation_eps_1.0_steps_100_Added_Noise_uniform_Eps_40.0_Tau_Type_normal_anchors - INFO - Batch:[2132] Adversarial images for this batch already exist
2026-01-22 21:29:58,447 - ADV_Generation_eps_1.0_steps_100_Added_Noise_uniform_Eps_40.0_Tau_Type_normal_anchors - INFO - Batch 2133/2465: Clean accuracy 0.9747 | Adv accuracy: 0.0202 | Counter-attack accuracy: 0.9662
2026-01-22 21:29:58,448 - ADV_Generation_eps_1.0_steps_100_Added_Noise_uniform_Eps_40.0_Tau_Type_normal_anchors - INFO - Batch:[2133] Adversarial images for this batch already exist
2026-01-22 21:29:58,790 - ADV_Generation_eps_1.0_steps_100_Added_Noise_uniform_Eps_40.0_Tau_Type_normal_anchors - INFO - Batch 2134/2465: Clean accuracy 0.9747 | Adv accuracy: 0.0206 | Counter-attack accuracy: 0.9663
2026-01-22 21:29:58,790 - ADV_Generation_eps_1.0_steps_100_Added_Noise_uniform_Eps_40.0_Tau_Type_normal_anchors - INFO - Batch:[2134] Adversarial images for this batch already exist
2026-01-22 21:29:59,112 - ADV_Generation_eps_1.0_steps_100_Added_Noise_uniform_Eps_40.0_Tau_Type_normal_anchors - INFO - Batch 2135/2465: Clean accuracy 0.9747 | Adv accuracy: 0.0206 | Counter-attack accuracy: 0.9663
2026-01-22 21:29:59,112 - ADV_Generation_eps_1.0_steps_100_Added_Noise_uniform_Eps_40.0_Tau_Type_normal_anchors - INFO - Batch:[2135] Adversarial images for this batch already exist
2026-01-22 21:29:59,439 - ADV_Generation_eps_1.0_steps_100_Added_Noise_uniform_Eps_40.0_Tau_Type_normal_anchors - INFO - Batch 2136/2465: Clean accuracy 0.9747 | Adv accuracy: 0.0206 | Counter-attack accuracy: 0.9663
2026-01-22 21:29:59,440 - ADV_Generation_eps_1.0_steps_100_Added_Noise_uniform_Eps_40.0_Tau_Type_normal_anchors - INFO - Batch:[2136] Adversarial images for this batch already exist
2026-01-22 21:29:59,768 - ADV_Generation_eps_1.0_steps_100_Added_Noise_uniform_Eps_40.0_Tau_Type_normal_anchors - INFO - Batch 2137/2465: Clean accuracy 0.9747 | Adv accuracy: 0.0206 | Counter-attack accuracy: 0.9663
2026-01-22 21:29:59,769 - ADV_Generation_eps_1.0_steps_100_Added_Noise_uniform_Eps_40.0_Tau_Type_normal_anchors - INFO - Batch:[2137] Adversarial images for this batch already exist
2026-01-22 21:30:00,087 - ADV_Generation_eps_1.0_steps_100_Added_Noise_uniform_Eps_40.0_Tau_Type_normal_anchors - INFO - Batch 2138/2465: Clean accuracy 0.9747 | Adv accuracy: 0.0206 | Counter-attack accuracy: 0.9663
2026-01-22 21:30:00,087 - ADV_Generation_eps_1.0_steps_100_Added_Noise_uniform_Eps_40.0_Tau_Type_normal_anchors - INFO - Batch:[2138] Adversarial images for this batch already exist
2026-01-22 21:30:00,412 - ADV_Generation_eps_1.0_steps_100_Added_Noise_uniform_Eps_40.0_Tau_Type_normal_anchors - INFO - Batch 2139/2465: Clean accuracy 0.9748 | Adv accuracy: 0.0206 | Counter-attack accuracy: 0.9663
2026-01-22 21:30:00,413 - ADV_Generation_eps_1.0_steps_100_Added_Noise_uniform_Eps_40.0_Tau_Type_normal_anchors - INFO - Batch:[2139] Adversarial images for this batch already exist
2026-01-22 21:30:00,735 - ADV_Generation_eps_1.0_steps_100_Added_Noise_uniform_Eps_40.0_Tau_Type_normal_anchors - INFO - Batch 2140/2465: Clean accuracy 0.9748 | Adv accuracy: 0.0206 | Counter-attack accuracy: 0.9664
2026-01-22 21:30:00,736 - ADV_Generation_eps_1.0_steps_100_Added_Noise_uniform_Eps_40.0_Tau_Type_normal_anchors - INFO - Batch:[2140] Adversarial images for this batch already exist
2026-01-22 21:30:01,059 - ADV_Generation_eps_1.0_steps_100_Added_Noise_uniform_Eps_40.0_Tau_Type_normal_anchors - INFO - Batch 2141/2465: Clean accuracy 0.9748 | Adv accuracy: 0.0206 | Counter-attack accuracy: 0.9664
2026-01-22 21:30:01,060 - ADV_Generation_eps_1.0_steps_100_Added_Noise_uniform_Eps_40.0_Tau_Type_normal_anchors - INFO - Batch:[2141] Adversarial images for this batch already exist
2026-01-22 21:30:01,385 - ADV_Generation_eps_1.0_steps_100_Added_Noise_uniform_Eps_40.0_Tau_Type_normal_anchors - INFO - Batch 2142/2465: Clean accuracy 0.9748 | Adv accuracy: 0.0205 | Counter-attack accuracy: 0.9664
2026-01-22 21:30:01,386 - ADV_Generation_eps_1.0_steps_100_Added_Noise_uniform_Eps_40.0_Tau_Type_normal_anchors - INFO - Batch:[2142] Adversarial images for this batch already exist
2026-01-22 21:30:01,708 - ADV_Generation_eps_1.0_steps_100_Added_Noise_uniform_Eps_40.0_Tau_Type_normal_anchors - INFO - Batch 2143/2465: Clean accuracy 0.9748 | Adv accuracy: 0.0205 | Counter-attack accuracy: 0.9664
2026-01-22 21:30:01,709 - ADV_Generation_eps_1.0_steps_100_Added_Noise_uniform_Eps_40.0_Tau_Type_normal_anchors - INFO - Batch:[2143] Adversarial images for this batch already exist
2026-01-22 21:30:02,073 - ADV_Generation_eps_1.0_steps_100_Added_Noise_uniform_Eps_40.0_Tau_Type_normal_anchors - INFO - Batch 2144/2465: Clean accuracy 0.9748 | Adv accuracy: 0.0205 | Counter-attack accuracy: 0.9664
2026-01-22 21:30:02,074 - ADV_Generation_eps_1.0_steps_100_Added_Noise_uniform_Eps_40.0_Tau_Type_normal_anchors - INFO - Batch:[2144] Adversarial images for this batch already exist
2026-01-22 21:30:02,401 - ADV_Generation_eps_1.0_steps_100_Added_Noise_uniform_Eps_40.0_Tau_Type_normal_anchors - INFO - Batch 2145/2465: Clean accuracy 0.9748 | Adv accuracy: 0.0205 | Counter-attack accuracy: 0.9664
2026-01-22 21:30:02,402 - ADV_Generation_eps_1.0_steps_100_Added_Noise_uniform_Eps_40.0_Tau_Type_normal_anchors - INFO - Batch:[2145] Adversarial images for this batch already exist
2026-01-22 21:30:02,738 - ADV_Generation_eps_1.0_steps_100_Added_Noise_uniform_Eps_40.0_Tau_Type_normal_anchors - INFO - Batch 2146/2465: Clean accuracy 0.9748 | Adv accuracy: 0.0205 | Counter-attack accuracy: 0.9664
2026-01-22 21:30:02,739 - ADV_Generation_eps_1.0_steps_100_Added_Noise_uniform_Eps_40.0_Tau_Type_normal_anchors - INFO - Batch:[2146] Adversarial images for this batch already exist
2026-01-22 21:30:03,060 - ADV_Generation_eps_1.0_steps_100_Added_Noise_uniform_Eps_40.0_Tau_Type_normal_anchors - INFO - Batch 2147/2465: Clean accuracy 0.9748 | Adv accuracy: 0.0205 | Counter-attack accuracy: 0.9660
2026-01-22 21:30:03,061 - ADV_Generation_eps_1.0_steps_100_Added_Noise_uniform_Eps_40.0_Tau_Type_normal_anchors - INFO - Batch:[2147] Adversarial images for this batch already exist
2026-01-22 21:30:03,388 - ADV_Generation_eps_1.0_steps_100_Added_Noise_uniform_Eps_40.0_Tau_Type_normal_anchors - INFO - Batch 2148/2465: Clean accuracy 0.9749 | Adv accuracy: 0.0205 | Counter-attack accuracy: 0.9660
2026-01-22 21:30:03,388 - ADV_Generation_eps_1.0_steps_100_Added_Noise_uniform_Eps_40.0_Tau_Type_normal_anchors - INFO - Batch:[2148] Adversarial images for this batch already exist
2026-01-22 21:30:03,712 - ADV_Generation_eps_1.0_steps_100_Added_Noise_uniform_Eps_40.0_Tau_Type_normal_anchors - INFO - Batch 2149/2465: Clean accuracy 0.9749 | Adv accuracy: 0.0205 | Counter-attack accuracy: 0.9660
2026-01-22 21:30:03,712 - ADV_Generation_eps_1.0_steps_100_Added_Noise_uniform_Eps_40.0_Tau_Type_normal_anchors - INFO - Batch:[2149] Adversarial images for this batch already exist
2026-01-22 21:30:04,084 - ADV_Generation_eps_1.0_steps_100_Added_Noise_uniform_Eps_40.0_Tau_Type_normal_anchors - INFO - Batch 2150/2465: Clean accuracy 0.9749 | Adv accuracy: 0.0205 | Counter-attack accuracy: 0.9660
2026-01-22 21:30:04,085 - ADV_Generation_eps_1.0_steps_100_Added_Noise_uniform_Eps_40.0_Tau_Type_normal_anchors - INFO - Batch:[2150] Adversarial images for this batch already exist
2026-01-22 21:30:04,411 - ADV_Generation_eps_1.0_steps_100_Added_Noise_uniform_Eps_40.0_Tau_Type_normal_anchors - INFO - Batch 2151/2465: Clean accuracy 0.9749 | Adv accuracy: 0.0205 | Counter-attack accuracy: 0.9661
2026-01-22 21:30:04,412 - ADV_Generation_eps_1.0_steps_100_Added_Noise_uniform_Eps_40.0_Tau_Type_normal_anchors - INFO - Batch:[2151] Adversarial images for this batch already exist
2026-01-22 21:30:04,740 - ADV_Generation_eps_1.0_steps_100_Added_Noise_uniform_Eps_40.0_Tau_Type_normal_anchors - INFO - Batch 2152/2465: Clean accuracy 0.9749 | Adv accuracy: 0.0204 | Counter-attack accuracy: 0.9661
2026-01-22 21:30:04,740 - ADV_Generation_eps_1.0_steps_100_Added_Noise_uniform_Eps_40.0_Tau_Type_normal_anchors - INFO - Batch:[2152] Adversarial images for this batch already exist
2026-01-22 21:30:05,059 - ADV_Generation_eps_1.0_steps_100_Added_Noise_uniform_Eps_40.0_Tau_Type_normal_anchors - INFO - Batch 2153/2465: Clean accuracy 0.9749 | Adv accuracy: 0.0204 | Counter-attack accuracy: 0.9661
2026-01-22 21:30:05,059 - ADV_Generation_eps_1.0_steps_100_Added_Noise_uniform_Eps_40.0_Tau_Type_normal_anchors - INFO - Batch:[2153] Adversarial images for this batch already exist
2026-01-22 21:30:05,379 - ADV_Generation_eps_1.0_steps_100_Added_Noise_uniform_Eps_40.0_Tau_Type_normal_anchors - INFO - Batch 2154/2465: Clean accuracy 0.9749 | Adv accuracy: 0.0204 | Counter-attack accuracy: 0.9661
2026-01-22 21:30:05,380 - ADV_Generation_eps_1.0_steps_100_Added_Noise_uniform_Eps_40.0_Tau_Type_normal_anchors - INFO - Batch:[2154] Adversarial images for this batch already exist
2026-01-22 21:30:05,704 - ADV_Generation_eps_1.0_steps_100_Added_Noise_uniform_Eps_40.0_Tau_Type_normal_anchors - INFO - Batch 2155/2465: Clean accuracy 0.9749 | Adv accuracy: 0.0204 | Counter-attack accuracy: 0.9661
2026-01-22 21:30:05,705 - ADV_Generation_eps_1.0_steps_100_Added_Noise_uniform_Eps_40.0_Tau_Type_normal_anchors - INFO - Batch:[2155] Adversarial images for this batch already exist
2026-01-22 21:30:06,038 - ADV_Generation_eps_1.0_steps_100_Added_Noise_uniform_Eps_40.0_Tau_Type_normal_anchors - INFO - Batch 2156/2465: Clean accuracy 0.9750 | Adv accuracy: 0.0204 | Counter-attack accuracy: 0.9661
2026-01-22 21:30:06,039 - ADV_Generation_eps_1.0_steps_100_Added_Noise_uniform_Eps_40.0_Tau_Type_normal_anchors - INFO - Batch:[2156] Adversarial images for this batch already exist
2026-01-22 21:30:06,379 - ADV_Generation_eps_1.0_steps_100_Added_Noise_uniform_Eps_40.0_Tau_Type_normal_anchors - INFO - Batch 2157/2465: Clean accuracy 0.9750 | Adv accuracy: 0.0204 | Counter-attack accuracy: 0.9662
2026-01-22 21:30:06,380 - ADV_Generation_eps_1.0_steps_100_Added_Noise_uniform_Eps_40.0_Tau_Type_normal_anchors - INFO - Batch:[2157] Adversarial images for this batch already exist
2026-01-22 21:30:06,704 - ADV_Generation_eps_1.0_steps_100_Added_Noise_uniform_Eps_40.0_Tau_Type_normal_anchors - INFO - Batch 2158/2465: Clean accuracy 0.9750 | Adv accuracy: 0.0204 | Counter-attack accuracy: 0.9662
2026-01-22 21:30:06,705 - ADV_Generation_eps_1.0_steps_100_Added_Noise_uniform_Eps_40.0_Tau_Type_normal_anchors - INFO - Batch:[2158] Adversarial images for this batch already exist
2026-01-22 21:30:07,032 - ADV_Generation_eps_1.0_steps_100_Added_Noise_uniform_Eps_40.0_Tau_Type_normal_anchors - INFO - Batch 2159/2465: Clean accuracy 0.9750 | Adv accuracy: 0.0204 | Counter-attack accuracy: 0.9662
2026-01-22 21:30:07,033 - ADV_Generation_eps_1.0_steps_100_Added_Noise_uniform_Eps_40.0_Tau_Type_normal_anchors - INFO - Batch:[2159] Adversarial images for this batch already exist
2026-01-22 21:30:07,365 - ADV_Generation_eps_1.0_steps_100_Added_Noise_uniform_Eps_40.0_Tau_Type_normal_anchors - INFO - Batch 2160/2465: Clean accuracy 0.9750 | Adv accuracy: 0.0204 | Counter-attack accuracy: 0.9662
2026-01-22 21:30:07,365 - ADV_Generation_eps_1.0_steps_100_Added_Noise_uniform_Eps_40.0_Tau_Type_normal_anchors - INFO - Batch:[2160] Adversarial images for this batch already exist
2026-01-22 21:30:07,691 - ADV_Generation_eps_1.0_steps_100_Added_Noise_uniform_Eps_40.0_Tau_Type_normal_anchors - INFO - Batch 2161/2465: Clean accuracy 0.9750 | Adv accuracy: 0.0204 | Counter-attack accuracy: 0.9662
2026-01-22 21:30:07,692 - ADV_Generation_eps_1.0_steps_100_Added_Noise_uniform_Eps_40.0_Tau_Type_normal_anchors - INFO - Batch:[2161] Adversarial images for this batch already exist
2026-01-22 21:30:08,027 - ADV_Generation_eps_1.0_steps_100_Added_Noise_uniform_Eps_40.0_Tau_Type_normal_anchors - INFO - Batch 2162/2465: Clean accuracy 0.9750 | Adv accuracy: 0.0204 | Counter-attack accuracy: 0.9662
2026-01-22 21:30:08,028 - ADV_Generation_eps_1.0_steps_100_Added_Noise_uniform_Eps_40.0_Tau_Type_normal_anchors - INFO - Batch:[2162] Adversarial images for this batch already exist
2026-01-22 21:30:08,357 - ADV_Generation_eps_1.0_steps_100_Added_Noise_uniform_Eps_40.0_Tau_Type_normal_anchors - INFO - Batch 2163/2465: Clean accuracy 0.9750 | Adv accuracy: 0.0203 | Counter-attack accuracy: 0.9663
2026-01-22 21:30:08,358 - ADV_Generation_eps_1.0_steps_100_Added_Noise_uniform_Eps_40.0_Tau_Type_normal_anchors - INFO - Batch:[2163] Adversarial images for this batch already exist
2026-01-22 21:30:08,686 - ADV_Generation_eps_1.0_steps_100_Added_Noise_uniform_Eps_40.0_Tau_Type_normal_anchors - INFO - Batch 2164/2465: Clean accuracy 0.9750 | Adv accuracy: 0.0208 | Counter-attack accuracy: 0.9663
2026-01-22 21:30:08,687 - ADV_Generation_eps_1.0_steps_100_Added_Noise_uniform_Eps_40.0_Tau_Type_normal_anchors - INFO - Batch:[2164] Adversarial images for this batch already exist
2026-01-22 21:30:09,008 - ADV_Generation_eps_1.0_steps_100_Added_Noise_uniform_Eps_40.0_Tau_Type_normal_anchors - INFO - Batch 2165/2465: Clean accuracy 0.9751 | Adv accuracy: 0.0208 | Counter-attack accuracy: 0.9663
2026-01-22 21:30:09,009 - ADV_Generation_eps_1.0_steps_100_Added_Noise_uniform_Eps_40.0_Tau_Type_normal_anchors - INFO - Batch:[2165] Adversarial images for this batch already exist
2026-01-22 21:30:09,337 - ADV_Generation_eps_1.0_steps_100_Added_Noise_uniform_Eps_40.0_Tau_Type_normal_anchors - INFO - Batch 2166/2465: Clean accuracy 0.9751 | Adv accuracy: 0.0208 | Counter-attack accuracy: 0.9663
2026-01-22 21:30:09,337 - ADV_Generation_eps_1.0_steps_100_Added_Noise_uniform_Eps_40.0_Tau_Type_normal_anchors - INFO - Batch:[2166] Adversarial images for this batch already exist
2026-01-22 21:30:09,663 - ADV_Generation_eps_1.0_steps_100_Added_Noise_uniform_Eps_40.0_Tau_Type_normal_anchors - INFO - Batch 2167/2465: Clean accuracy 0.9751 | Adv accuracy: 0.0208 | Counter-attack accuracy: 0.9663
2026-01-22 21:30:09,664 - ADV_Generation_eps_1.0_steps_100_Added_Noise_uniform_Eps_40.0_Tau_Type_normal_anchors - INFO - Batch:[2167] Adversarial images for this batch already exist
2026-01-22 21:30:09,990 - ADV_Generation_eps_1.0_steps_100_Added_Noise_uniform_Eps_40.0_Tau_Type_normal_anchors - INFO - Batch 2168/2465: Clean accuracy 0.9751 | Adv accuracy: 0.0208 | Counter-attack accuracy: 0.9663
2026-01-22 21:30:09,990 - ADV_Generation_eps_1.0_steps_100_Added_Noise_uniform_Eps_40.0_Tau_Type_normal_anchors - INFO - Batch:[2168] Adversarial images for this batch already exist
2026-01-22 21:30:10,312 - ADV_Generation_eps_1.0_steps_100_Added_Noise_uniform_Eps_40.0_Tau_Type_normal_anchors - INFO - Batch 2169/2465: Clean accuracy 0.9751 | Adv accuracy: 0.0207 | Counter-attack accuracy: 0.9663
2026-01-22 21:30:10,313 - ADV_Generation_eps_1.0_steps_100_Added_Noise_uniform_Eps_40.0_Tau_Type_normal_anchors - INFO - Batch:[2169] Adversarial images for this batch already exist
2026-01-22 21:30:10,642 - ADV_Generation_eps_1.0_steps_100_Added_Noise_uniform_Eps_40.0_Tau_Type_normal_anchors - INFO - Batch 2170/2465: Clean accuracy 0.9751 | Adv accuracy: 0.0207 | Counter-attack accuracy: 0.9664
2026-01-22 21:30:10,642 - ADV_Generation_eps_1.0_steps_100_Added_Noise_uniform_Eps_40.0_Tau_Type_normal_anchors - INFO - Batch:[2170] Adversarial images for this batch already exist
2026-01-22 21:30:10,971 - ADV_Generation_eps_1.0_steps_100_Added_Noise_uniform_Eps_40.0_Tau_Type_normal_anchors - INFO - Batch 2171/2465: Clean accuracy 0.9751 | Adv accuracy: 0.0207 | Counter-attack accuracy: 0.9664
2026-01-22 21:30:10,972 - ADV_Generation_eps_1.0_steps_100_Added_Noise_uniform_Eps_40.0_Tau_Type_normal_anchors - INFO - Batch:[2171] Adversarial images for this batch already exist
2026-01-22 21:30:11,297 - ADV_Generation_eps_1.0_steps_100_Added_Noise_uniform_Eps_40.0_Tau_Type_normal_anchors - INFO - Batch 2172/2465: Clean accuracy 0.9751 | Adv accuracy: 0.0207 | Counter-attack accuracy: 0.9664
2026-01-22 21:30:11,297 - ADV_Generation_eps_1.0_steps_100_Added_Noise_uniform_Eps_40.0_Tau_Type_normal_anchors - INFO - Batch:[2172] Adversarial images for this batch already exist
2026-01-22 21:30:11,624 - ADV_Generation_eps_1.0_steps_100_Added_Noise_uniform_Eps_40.0_Tau_Type_normal_anchors - INFO - Batch 2173/2465: Clean accuracy 0.9751 | Adv accuracy: 0.0207 | Counter-attack accuracy: 0.9664
2026-01-22 21:30:11,625 - ADV_Generation_eps_1.0_steps_100_Added_Noise_uniform_Eps_40.0_Tau_Type_normal_anchors - INFO - Batch:[2173] Adversarial images for this batch already exist
2026-01-22 21:30:11,954 - ADV_Generation_eps_1.0_steps_100_Added_Noise_uniform_Eps_40.0_Tau_Type_normal_anchors - INFO - Batch 2174/2465: Clean accuracy 0.9752 | Adv accuracy: 0.0207 | Counter-attack accuracy: 0.9664
2026-01-22 21:30:11,955 - ADV_Generation_eps_1.0_steps_100_Added_Noise_uniform_Eps_40.0_Tau_Type_normal_anchors - INFO - Batch:[2174] Adversarial images for this batch already exist
2026-01-22 21:30:12,283 - ADV_Generation_eps_1.0_steps_100_Added_Noise_uniform_Eps_40.0_Tau_Type_normal_anchors - INFO - Batch 2175/2465: Clean accuracy 0.9752 | Adv accuracy: 0.0207 | Counter-attack accuracy: 0.9664
2026-01-22 21:30:12,284 - ADV_Generation_eps_1.0_steps_100_Added_Noise_uniform_Eps_40.0_Tau_Type_normal_anchors - INFO - Batch:[2175] Adversarial images for this batch already exist
2026-01-22 21:30:12,612 - ADV_Generation_eps_1.0_steps_100_Added_Noise_uniform_Eps_40.0_Tau_Type_normal_anchors - INFO - Batch 2176/2465: Clean accuracy 0.9752 | Adv accuracy: 0.0207 | Counter-attack accuracy: 0.9665
2026-01-22 21:30:12,612 - ADV_Generation_eps_1.0_steps_100_Added_Noise_uniform_Eps_40.0_Tau_Type_normal_anchors - INFO - Batch:[2176] Adversarial images for this batch already exist
2026-01-22 21:30:12,940 - ADV_Generation_eps_1.0_steps_100_Added_Noise_uniform_Eps_40.0_Tau_Type_normal_anchors - INFO - Batch 2177/2465: Clean accuracy 0.9752 | Adv accuracy: 0.0207 | Counter-attack accuracy: 0.9665
2026-01-22 21:30:12,940 - ADV_Generation_eps_1.0_steps_100_Added_Noise_uniform_Eps_40.0_Tau_Type_normal_anchors - INFO - Batch:[2177] Adversarial images for this batch already exist
2026-01-22 21:30:13,261 - ADV_Generation_eps_1.0_steps_100_Added_Noise_uniform_Eps_40.0_Tau_Type_normal_anchors - INFO - Batch 2178/2465: Clean accuracy 0.9752 | Adv accuracy: 0.0207 | Counter-attack accuracy: 0.9665
2026-01-22 21:30:13,261 - ADV_Generation_eps_1.0_steps_100_Added_Noise_uniform_Eps_40.0_Tau_Type_normal_anchors - INFO - Batch:[2178] Adversarial images for this batch already exist
2026-01-22 21:30:13,592 - ADV_Generation_eps_1.0_steps_100_Added_Noise_uniform_Eps_40.0_Tau_Type_normal_anchors - INFO - Batch 2179/2465: Clean accuracy 0.9752 | Adv accuracy: 0.0207 | Counter-attack accuracy: 0.9665
2026-01-22 21:30:13,593 - ADV_Generation_eps_1.0_steps_100_Added_Noise_uniform_Eps_40.0_Tau_Type_normal_anchors - INFO - Batch:[2179] Adversarial images for this batch already exist
2026-01-22 21:30:13,921 - ADV_Generation_eps_1.0_steps_100_Added_Noise_uniform_Eps_40.0_Tau_Type_normal_anchors - INFO - Batch 2180/2465: Clean accuracy 0.9752 | Adv accuracy: 0.0206 | Counter-attack accuracy: 0.9665
2026-01-22 21:30:13,923 - ADV_Generation_eps_1.0_steps_100_Added_Noise_uniform_Eps_40.0_Tau_Type_normal_anchors - INFO - Batch:[2180] Adversarial images for this batch already exist
2026-01-22 21:30:14,246 - ADV_Generation_eps_1.0_steps_100_Added_Noise_uniform_Eps_40.0_Tau_Type_normal_anchors - INFO - Batch 2181/2465: Clean accuracy 0.9752 | Adv accuracy: 0.0206 | Counter-attack accuracy: 0.9665
2026-01-22 21:30:14,247 - ADV_Generation_eps_1.0_steps_100_Added_Noise_uniform_Eps_40.0_Tau_Type_normal_anchors - INFO - Batch:[2181] Adversarial images for this batch already exist
2026-01-22 21:30:14,583 - ADV_Generation_eps_1.0_steps_100_Added_Noise_uniform_Eps_40.0_Tau_Type_normal_anchors - INFO - Batch 2182/2465: Clean accuracy 0.9753 | Adv accuracy: 0.0206 | Counter-attack accuracy: 0.9665
2026-01-22 21:30:14,583 - ADV_Generation_eps_1.0_steps_100_Added_Noise_uniform_Eps_40.0_Tau_Type_normal_anchors - INFO - Batch:[2182] Adversarial images for this batch already exist
2026-01-22 21:30:14,909 - ADV_Generation_eps_1.0_steps_100_Added_Noise_uniform_Eps_40.0_Tau_Type_normal_anchors - INFO - Batch 2183/2465: Clean accuracy 0.9753 | Adv accuracy: 0.0206 | Counter-attack accuracy: 0.9666
2026-01-22 21:30:14,910 - ADV_Generation_eps_1.0_steps_100_Added_Noise_uniform_Eps_40.0_Tau_Type_normal_anchors - INFO - Batch:[2183] Adversarial images for this batch already exist
2026-01-22 21:30:15,233 - ADV_Generation_eps_1.0_steps_100_Added_Noise_uniform_Eps_40.0_Tau_Type_normal_anchors - INFO - Batch 2184/2465: Clean accuracy 0.9753 | Adv accuracy: 0.0206 | Counter-attack accuracy: 0.9666
2026-01-22 21:30:15,234 - ADV_Generation_eps_1.0_steps_100_Added_Noise_uniform_Eps_40.0_Tau_Type_normal_anchors - INFO - Batch:[2184] Adversarial images for this batch already exist
2026-01-22 21:30:15,627 - ADV_Generation_eps_1.0_steps_100_Added_Noise_uniform_Eps_40.0_Tau_Type_normal_anchors - INFO - Batch 2185/2465: Clean accuracy 0.9753 | Adv accuracy: 0.0206 | Counter-attack accuracy: 0.9666
2026-01-22 21:30:15,628 - ADV_Generation_eps_1.0_steps_100_Added_Noise_uniform_Eps_40.0_Tau_Type_normal_anchors - INFO - Batch:[2185] Adversarial images for this batch already exist
2026-01-22 21:30:15,953 - ADV_Generation_eps_1.0_steps_100_Added_Noise_uniform_Eps_40.0_Tau_Type_normal_anchors - INFO - Batch 2186/2465: Clean accuracy 0.9753 | Adv accuracy: 0.0206 | Counter-attack accuracy: 0.9666
2026-01-22 21:30:15,954 - ADV_Generation_eps_1.0_steps_100_Added_Noise_uniform_Eps_40.0_Tau_Type_normal_anchors - INFO - Batch:[2186] Adversarial images for this batch already exist
2026-01-22 21:30:16,280 - ADV_Generation_eps_1.0_steps_100_Added_Noise_uniform_Eps_40.0_Tau_Type_normal_anchors - INFO - Batch 2187/2465: Clean accuracy 0.9753 | Adv accuracy: 0.0206 | Counter-attack accuracy: 0.9666
2026-01-22 21:30:16,281 - ADV_Generation_eps_1.0_steps_100_Added_Noise_uniform_Eps_40.0_Tau_Type_normal_anchors - INFO - Batch:[2187] Adversarial images for this batch already exist
2026-01-22 21:30:16,611 - ADV_Generation_eps_1.0_steps_100_Added_Noise_uniform_Eps_40.0_Tau_Type_normal_anchors - INFO - Batch 2188/2465: Clean accuracy 0.9753 | Adv accuracy: 0.0206 | Counter-attack accuracy: 0.9666
2026-01-22 21:30:16,611 - ADV_Generation_eps_1.0_steps_100_Added_Noise_uniform_Eps_40.0_Tau_Type_normal_anchors - INFO - Batch:[2188] Adversarial images for this batch already exist
2026-01-22 21:30:16,937 - ADV_Generation_eps_1.0_steps_100_Added_Noise_uniform_Eps_40.0_Tau_Type_normal_anchors - INFO - Batch 2189/2465: Clean accuracy 0.9753 | Adv accuracy: 0.0206 | Counter-attack accuracy: 0.9667
2026-01-22 21:30:16,937 - ADV_Generation_eps_1.0_steps_100_Added_Noise_uniform_Eps_40.0_Tau_Type_normal_anchors - INFO - Batch:[2189] Adversarial images for this batch already exist
2026-01-22 21:30:17,260 - ADV_Generation_eps_1.0_steps_100_Added_Noise_uniform_Eps_40.0_Tau_Type_normal_anchors - INFO - Batch 2190/2465: Clean accuracy 0.9753 | Adv accuracy: 0.0205 | Counter-attack accuracy: 0.9667
2026-01-22 21:30:17,261 - ADV_Generation_eps_1.0_steps_100_Added_Noise_uniform_Eps_40.0_Tau_Type_normal_anchors - INFO - Batch:[2190] Adversarial images for this batch already exist
2026-01-22 21:30:17,595 - ADV_Generation_eps_1.0_steps_100_Added_Noise_uniform_Eps_40.0_Tau_Type_normal_anchors - INFO - Batch 2191/2465: Clean accuracy 0.9754 | Adv accuracy: 0.0205 | Counter-attack accuracy: 0.9667
2026-01-22 21:30:17,596 - ADV_Generation_eps_1.0_steps_100_Added_Noise_uniform_Eps_40.0_Tau_Type_normal_anchors - INFO - Batch:[2191] Adversarial images for this batch already exist
2026-01-22 21:30:17,922 - ADV_Generation_eps_1.0_steps_100_Added_Noise_uniform_Eps_40.0_Tau_Type_normal_anchors - INFO - Batch 2192/2465: Clean accuracy 0.9754 | Adv accuracy: 0.0205 | Counter-attack accuracy: 0.9667
2026-01-22 21:30:17,923 - ADV_Generation_eps_1.0_steps_100_Added_Noise_uniform_Eps_40.0_Tau_Type_normal_anchors - INFO - Batch:[2192] Adversarial images for this batch already exist
2026-01-22 21:30:18,252 - ADV_Generation_eps_1.0_steps_100_Added_Noise_uniform_Eps_40.0_Tau_Type_normal_anchors - INFO - Batch 2193/2465: Clean accuracy 0.9754 | Adv accuracy: 0.0205 | Counter-attack accuracy: 0.9667
2026-01-22 21:30:18,253 - ADV_Generation_eps_1.0_steps_100_Added_Noise_uniform_Eps_40.0_Tau_Type_normal_anchors - INFO - Batch:[2193] Adversarial images for this batch already exist
2026-01-22 21:30:18,587 - ADV_Generation_eps_1.0_steps_100_Added_Noise_uniform_Eps_40.0_Tau_Type_normal_anchors - INFO - Batch 2194/2465: Clean accuracy 0.9754 | Adv accuracy: 0.0205 | Counter-attack accuracy: 0.9667
2026-01-22 21:30:18,588 - ADV_Generation_eps_1.0_steps_100_Added_Noise_uniform_Eps_40.0_Tau_Type_normal_anchors - INFO - Batch:[2194] Adversarial images for this batch already exist
2026-01-22 21:30:18,911 - ADV_Generation_eps_1.0_steps_100_Added_Noise_uniform_Eps_40.0_Tau_Type_normal_anchors - INFO - Batch 2195/2465: Clean accuracy 0.9754 | Adv accuracy: 0.0205 | Counter-attack accuracy: 0.9667
2026-01-22 21:30:18,912 - ADV_Generation_eps_1.0_steps_100_Added_Noise_uniform_Eps_40.0_Tau_Type_normal_anchors - INFO - Batch:[2195] Adversarial images for this batch already exist
2026-01-22 21:30:19,234 - ADV_Generation_eps_1.0_steps_100_Added_Noise_uniform_Eps_40.0_Tau_Type_normal_anchors - INFO - Batch 2196/2465: Clean accuracy 0.9754 | Adv accuracy: 0.0205 | Counter-attack accuracy: 0.9668
2026-01-22 21:30:19,234 - ADV_Generation_eps_1.0_steps_100_Added_Noise_uniform_Eps_40.0_Tau_Type_normal_anchors - INFO - Batch:[2196] Adversarial images for this batch already exist
2026-01-22 21:30:19,564 - ADV_Generation_eps_1.0_steps_100_Added_Noise_uniform_Eps_40.0_Tau_Type_normal_anchors - INFO - Batch 2197/2465: Clean accuracy 0.9754 | Adv accuracy: 0.0205 | Counter-attack accuracy: 0.9668
2026-01-22 21:30:19,565 - ADV_Generation_eps_1.0_steps_100_Added_Noise_uniform_Eps_40.0_Tau_Type_normal_anchors - INFO - Batch:[2197] Adversarial images for this batch already exist
2026-01-22 21:30:19,891 - ADV_Generation_eps_1.0_steps_100_Added_Noise_uniform_Eps_40.0_Tau_Type_normal_anchors - INFO - Batch 2198/2465: Clean accuracy 0.9754 | Adv accuracy: 0.0205 | Counter-attack accuracy: 0.9668
2026-01-22 21:30:19,892 - ADV_Generation_eps_1.0_steps_100_Added_Noise_uniform_Eps_40.0_Tau_Type_normal_anchors - INFO - Batch:[2198] Adversarial images for this batch already exist
2026-01-22 21:30:20,219 - ADV_Generation_eps_1.0_steps_100_Added_Noise_uniform_Eps_40.0_Tau_Type_normal_anchors - INFO - Batch 2199/2465: Clean accuracy 0.9754 | Adv accuracy: 0.0205 | Counter-attack accuracy: 0.9668
2026-01-22 21:30:20,219 - ADV_Generation_eps_1.0_steps_100_Added_Noise_uniform_Eps_40.0_Tau_Type_normal_anchors - INFO - Batch:[2199] Adversarial images for this batch already exist
2026-01-22 21:30:20,543 - ADV_Generation_eps_1.0_steps_100_Added_Noise_uniform_Eps_40.0_Tau_Type_normal_anchors - INFO - Batch 2200/2465: Clean accuracy 0.9755 | Adv accuracy: 0.0209 | Counter-attack accuracy: 0.9668
2026-01-22 21:30:20,543 - ADV_Generation_eps_1.0_steps_100_Added_Noise_uniform_Eps_40.0_Tau_Type_normal_anchors - INFO - Batch:[2200] Adversarial images for this batch already exist
2026-01-22 21:30:20,870 - ADV_Generation_eps_1.0_steps_100_Added_Noise_uniform_Eps_40.0_Tau_Type_normal_anchors - INFO - Batch 2201/2465: Clean accuracy 0.9755 | Adv accuracy: 0.0209 | Counter-attack accuracy: 0.9668
2026-01-22 21:30:20,871 - ADV_Generation_eps_1.0_steps_100_Added_Noise_uniform_Eps_40.0_Tau_Type_normal_anchors - INFO - Batch:[2201] Adversarial images for this batch already exist
2026-01-22 21:30:21,199 - ADV_Generation_eps_1.0_steps_100_Added_Noise_uniform_Eps_40.0_Tau_Type_normal_anchors - INFO - Batch 2202/2465: Clean accuracy 0.9755 | Adv accuracy: 0.0213 | Counter-attack accuracy: 0.9668
2026-01-22 21:30:21,200 - ADV_Generation_eps_1.0_steps_100_Added_Noise_uniform_Eps_40.0_Tau_Type_normal_anchors - INFO - Batch:[2202] Adversarial images for this batch already exist
2026-01-22 21:30:21,537 - ADV_Generation_eps_1.0_steps_100_Added_Noise_uniform_Eps_40.0_Tau_Type_normal_anchors - INFO - Batch 2203/2465: Clean accuracy 0.9755 | Adv accuracy: 0.0213 | Counter-attack accuracy: 0.9669
2026-01-22 21:30:21,537 - ADV_Generation_eps_1.0_steps_100_Added_Noise_uniform_Eps_40.0_Tau_Type_normal_anchors - INFO - Batch:[2203] Adversarial images for this batch already exist
2026-01-22 21:30:21,868 - ADV_Generation_eps_1.0_steps_100_Added_Noise_uniform_Eps_40.0_Tau_Type_normal_anchors - INFO - Batch 2204/2465: Clean accuracy 0.9755 | Adv accuracy: 0.0213 | Counter-attack accuracy: 0.9669
2026-01-22 21:30:21,868 - ADV_Generation_eps_1.0_steps_100_Added_Noise_uniform_Eps_40.0_Tau_Type_normal_anchors - INFO - Batch:[2204] Adversarial images for this batch already exist
2026-01-22 21:30:22,203 - ADV_Generation_eps_1.0_steps_100_Added_Noise_uniform_Eps_40.0_Tau_Type_normal_anchors - INFO - Batch 2205/2465: Clean accuracy 0.9755 | Adv accuracy: 0.0213 | Counter-attack accuracy: 0.9669
2026-01-22 21:30:22,204 - ADV_Generation_eps_1.0_steps_100_Added_Noise_uniform_Eps_40.0_Tau_Type_normal_anchors - INFO - Batch:[2205] Adversarial images for this batch already exist
2026-01-22 21:30:22,537 - ADV_Generation_eps_1.0_steps_100_Added_Noise_uniform_Eps_40.0_Tau_Type_normal_anchors - INFO - Batch 2206/2465: Clean accuracy 0.9755 | Adv accuracy: 0.0213 | Counter-attack accuracy: 0.9669
2026-01-22 21:30:22,537 - ADV_Generation_eps_1.0_steps_100_Added_Noise_uniform_Eps_40.0_Tau_Type_normal_anchors - INFO - Batch:[2206] Adversarial images for this batch already exist
2026-01-22 21:30:22,863 - ADV_Generation_eps_1.0_steps_100_Added_Noise_uniform_Eps_40.0_Tau_Type_normal_anchors - INFO - Batch 2207/2465: Clean accuracy 0.9755 | Adv accuracy: 0.0213 | Counter-attack accuracy: 0.9669
2026-01-22 21:30:22,864 - ADV_Generation_eps_1.0_steps_100_Added_Noise_uniform_Eps_40.0_Tau_Type_normal_anchors - INFO - Batch:[2207] Adversarial images for this batch already exist
2026-01-22 21:30:23,190 - ADV_Generation_eps_1.0_steps_100_Added_Noise_uniform_Eps_40.0_Tau_Type_normal_anchors - INFO - Batch 2208/2465: Clean accuracy 0.9755 | Adv accuracy: 0.0213 | Counter-attack accuracy: 0.9669
2026-01-22 21:30:23,190 - ADV_Generation_eps_1.0_steps_100_Added_Noise_uniform_Eps_40.0_Tau_Type_normal_anchors - INFO - Batch:[2208] Adversarial images for this batch already exist
2026-01-22 21:30:23,512 - ADV_Generation_eps_1.0_steps_100_Added_Noise_uniform_Eps_40.0_Tau_Type_normal_anchors - INFO - Batch 2209/2465: Clean accuracy 0.9756 | Adv accuracy: 0.0217 | Counter-attack accuracy: 0.9670
2026-01-22 21:30:23,513 - ADV_Generation_eps_1.0_steps_100_Added_Noise_uniform_Eps_40.0_Tau_Type_normal_anchors - INFO - Batch:[2209] Adversarial images for this batch already exist
2026-01-22 21:30:23,836 - ADV_Generation_eps_1.0_steps_100_Added_Noise_uniform_Eps_40.0_Tau_Type_normal_anchors - INFO - Batch 2210/2465: Clean accuracy 0.9756 | Adv accuracy: 0.0217 | Counter-attack accuracy: 0.9670
2026-01-22 21:30:23,837 - ADV_Generation_eps_1.0_steps_100_Added_Noise_uniform_Eps_40.0_Tau_Type_normal_anchors - INFO - Batch:[2210] Adversarial images for this batch already exist
2026-01-22 21:30:24,165 - ADV_Generation_eps_1.0_steps_100_Added_Noise_uniform_Eps_40.0_Tau_Type_normal_anchors - INFO - Batch 2211/2465: Clean accuracy 0.9756 | Adv accuracy: 0.0217 | Counter-attack accuracy: 0.9670
2026-01-22 21:30:24,166 - ADV_Generation_eps_1.0_steps_100_Added_Noise_uniform_Eps_40.0_Tau_Type_normal_anchors - INFO - Batch:[2211] Adversarial images for this batch already exist
2026-01-22 21:30:24,490 - ADV_Generation_eps_1.0_steps_100_Added_Noise_uniform_Eps_40.0_Tau_Type_normal_anchors - INFO - Batch 2212/2465: Clean accuracy 0.9756 | Adv accuracy: 0.0217 | Counter-attack accuracy: 0.9670
2026-01-22 21:30:24,491 - ADV_Generation_eps_1.0_steps_100_Added_Noise_uniform_Eps_40.0_Tau_Type_normal_anchors - INFO - Batch:[2212] Adversarial images for this batch already exist
2026-01-22 21:30:24,815 - ADV_Generation_eps_1.0_steps_100_Added_Noise_uniform_Eps_40.0_Tau_Type_normal_anchors - INFO - Batch 2213/2465: Clean accuracy 0.9756 | Adv accuracy: 0.0217 | Counter-attack accuracy: 0.9670
2026-01-22 21:30:24,816 - ADV_Generation_eps_1.0_steps_100_Added_Noise_uniform_Eps_40.0_Tau_Type_normal_anchors - INFO - Batch:[2213] Adversarial images for this batch already exist
2026-01-22 21:30:25,139 - ADV_Generation_eps_1.0_steps_100_Added_Noise_uniform_Eps_40.0_Tau_Type_normal_anchors - INFO - Batch 2214/2465: Clean accuracy 0.9756 | Adv accuracy: 0.0217 | Counter-attack accuracy: 0.9670
2026-01-22 21:30:25,139 - ADV_Generation_eps_1.0_steps_100_Added_Noise_uniform_Eps_40.0_Tau_Type_normal_anchors - INFO - Batch:[2214] Adversarial images for this batch already exist
2026-01-22 21:30:25,461 - ADV_Generation_eps_1.0_steps_100_Added_Noise_uniform_Eps_40.0_Tau_Type_normal_anchors - INFO - Batch 2215/2465: Clean accuracy 0.9756 | Adv accuracy: 0.0217 | Counter-attack accuracy: 0.9670
2026-01-22 21:30:25,461 - ADV_Generation_eps_1.0_steps_100_Added_Noise_uniform_Eps_40.0_Tau_Type_normal_anchors - INFO - Batch:[2215] Adversarial images for this batch already exist
2026-01-22 21:30:25,788 - ADV_Generation_eps_1.0_steps_100_Added_Noise_uniform_Eps_40.0_Tau_Type_normal_anchors - INFO - Batch 2216/2465: Clean accuracy 0.9756 | Adv accuracy: 0.0217 | Counter-attack accuracy: 0.9671
2026-01-22 21:30:25,789 - ADV_Generation_eps_1.0_steps_100_Added_Noise_uniform_Eps_40.0_Tau_Type_normal_anchors - INFO - Batch:[2216] Adversarial images for this batch already exist
2026-01-22 21:30:26,149 - ADV_Generation_eps_1.0_steps_100_Added_Noise_uniform_Eps_40.0_Tau_Type_normal_anchors - INFO - Batch 2217/2465: Clean accuracy 0.9756 | Adv accuracy: 0.0217 | Counter-attack accuracy: 0.9671
2026-01-22 21:30:26,150 - ADV_Generation_eps_1.0_steps_100_Added_Noise_uniform_Eps_40.0_Tau_Type_normal_anchors - INFO - Batch:[2217] Adversarial images for this batch already exist
2026-01-22 21:30:26,472 - ADV_Generation_eps_1.0_steps_100_Added_Noise_uniform_Eps_40.0_Tau_Type_normal_anchors - INFO - Batch 2218/2465: Clean accuracy 0.9757 | Adv accuracy: 0.0216 | Counter-attack accuracy: 0.9671
2026-01-22 21:30:26,473 - ADV_Generation_eps_1.0_steps_100_Added_Noise_uniform_Eps_40.0_Tau_Type_normal_anchors - INFO - Batch:[2218] Adversarial images for this batch already exist
2026-01-22 21:30:26,799 - ADV_Generation_eps_1.0_steps_100_Added_Noise_uniform_Eps_40.0_Tau_Type_normal_anchors - INFO - Batch 2219/2465: Clean accuracy 0.9757 | Adv accuracy: 0.0221 | Counter-attack accuracy: 0.9671
2026-01-22 21:30:26,799 - ADV_Generation_eps_1.0_steps_100_Added_Noise_uniform_Eps_40.0_Tau_Type_normal_anchors - INFO - Batch:[2219] Adversarial images for this batch already exist
2026-01-22 21:30:27,122 - ADV_Generation_eps_1.0_steps_100_Added_Noise_uniform_Eps_40.0_Tau_Type_normal_anchors - INFO - Batch 2220/2465: Clean accuracy 0.9757 | Adv accuracy: 0.0221 | Counter-attack accuracy: 0.9671
2026-01-22 21:30:27,123 - ADV_Generation_eps_1.0_steps_100_Added_Noise_uniform_Eps_40.0_Tau_Type_normal_anchors - INFO - Batch:[2220] Adversarial images for this batch already exist
2026-01-22 21:30:27,455 - ADV_Generation_eps_1.0_steps_100_Added_Noise_uniform_Eps_40.0_Tau_Type_normal_anchors - INFO - Batch 2221/2465: Clean accuracy 0.9757 | Adv accuracy: 0.0221 | Counter-attack accuracy: 0.9671
2026-01-22 21:30:27,455 - ADV_Generation_eps_1.0_steps_100_Added_Noise_uniform_Eps_40.0_Tau_Type_normal_anchors - INFO - Batch:[2221] Adversarial images for this batch already exist
2026-01-22 21:30:27,775 - ADV_Generation_eps_1.0_steps_100_Added_Noise_uniform_Eps_40.0_Tau_Type_normal_anchors - INFO - Batch 2222/2465: Clean accuracy 0.9757 | Adv accuracy: 0.0221 | Counter-attack accuracy: 0.9671
2026-01-22 21:30:27,776 - ADV_Generation_eps_1.0_steps_100_Added_Noise_uniform_Eps_40.0_Tau_Type_normal_anchors - INFO - Batch:[2222] Adversarial images for this batch already exist
2026-01-22 21:30:28,098 - ADV_Generation_eps_1.0_steps_100_Added_Noise_uniform_Eps_40.0_Tau_Type_normal_anchors - INFO - Batch 2223/2465: Clean accuracy 0.9757 | Adv accuracy: 0.0220 | Counter-attack accuracy: 0.9672
2026-01-22 21:30:28,099 - ADV_Generation_eps_1.0_steps_100_Added_Noise_uniform_Eps_40.0_Tau_Type_normal_anchors - INFO - Batch:[2223] Adversarial images for this batch already exist
2026-01-22 21:30:28,425 - ADV_Generation_eps_1.0_steps_100_Added_Noise_uniform_Eps_40.0_Tau_Type_normal_anchors - INFO - Batch 2224/2465: Clean accuracy 0.9757 | Adv accuracy: 0.0220 | Counter-attack accuracy: 0.9672
2026-01-22 21:30:28,426 - ADV_Generation_eps_1.0_steps_100_Added_Noise_uniform_Eps_40.0_Tau_Type_normal_anchors - INFO - Batch:[2224] Adversarial images for this batch already exist
2026-01-22 21:30:28,754 - ADV_Generation_eps_1.0_steps_100_Added_Noise_uniform_Eps_40.0_Tau_Type_normal_anchors - INFO - Batch 2225/2465: Clean accuracy 0.9757 | Adv accuracy: 0.0220 | Counter-attack accuracy: 0.9672
2026-01-22 21:30:28,754 - ADV_Generation_eps_1.0_steps_100_Added_Noise_uniform_Eps_40.0_Tau_Type_normal_anchors - INFO - Batch:[2225] Adversarial images for this batch already exist
2026-01-22 21:30:29,080 - ADV_Generation_eps_1.0_steps_100_Added_Noise_uniform_Eps_40.0_Tau_Type_normal_anchors - INFO - Batch 2226/2465: Clean accuracy 0.9757 | Adv accuracy: 0.0220 | Counter-attack accuracy: 0.9672
2026-01-22 21:30:29,080 - ADV_Generation_eps_1.0_steps_100_Added_Noise_uniform_Eps_40.0_Tau_Type_normal_anchors - INFO - Batch:[2226] Adversarial images for this batch already exist
2026-01-22 21:30:29,411 - ADV_Generation_eps_1.0_steps_100_Added_Noise_uniform_Eps_40.0_Tau_Type_normal_anchors - INFO - Batch 2227/2465: Clean accuracy 0.9758 | Adv accuracy: 0.0220 | Counter-attack accuracy: 0.9672
2026-01-22 21:30:29,412 - ADV_Generation_eps_1.0_steps_100_Added_Noise_uniform_Eps_40.0_Tau_Type_normal_anchors - INFO - Batch:[2227] Adversarial images for this batch already exist
2026-01-22 21:30:29,746 - ADV_Generation_eps_1.0_steps_100_Added_Noise_uniform_Eps_40.0_Tau_Type_normal_anchors - INFO - Batch 2228/2465: Clean accuracy 0.9758 | Adv accuracy: 0.0220 | Counter-attack accuracy: 0.9672
2026-01-22 21:30:29,747 - ADV_Generation_eps_1.0_steps_100_Added_Noise_uniform_Eps_40.0_Tau_Type_normal_anchors - INFO - Batch:[2228] Adversarial images for this batch already exist
2026-01-22 21:30:30,063 - ADV_Generation_eps_1.0_steps_100_Added_Noise_uniform_Eps_40.0_Tau_Type_normal_anchors - INFO - Batch 2229/2465: Clean accuracy 0.9758 | Adv accuracy: 0.0220 | Counter-attack accuracy: 0.9672
2026-01-22 21:30:30,065 - ADV_Generation_eps_1.0_steps_100_Added_Noise_uniform_Eps_40.0_Tau_Type_normal_anchors - INFO - Batch:[2229] Adversarial images for this batch already exist
2026-01-22 21:30:30,394 - ADV_Generation_eps_1.0_steps_100_Added_Noise_uniform_Eps_40.0_Tau_Type_normal_anchors - INFO - Batch 2230/2465: Clean accuracy 0.9758 | Adv accuracy: 0.0220 | Counter-attack accuracy: 0.9673
2026-01-22 21:30:30,394 - ADV_Generation_eps_1.0_steps_100_Added_Noise_uniform_Eps_40.0_Tau_Type_normal_anchors - INFO - Batch:[2230] Adversarial images for this batch already exist
2026-01-22 21:30:30,711 - ADV_Generation_eps_1.0_steps_100_Added_Noise_uniform_Eps_40.0_Tau_Type_normal_anchors - INFO - Batch 2231/2465: Clean accuracy 0.9758 | Adv accuracy: 0.0220 | Counter-attack accuracy: 0.9673
2026-01-22 21:30:30,712 - ADV_Generation_eps_1.0_steps_100_Added_Noise_uniform_Eps_40.0_Tau_Type_normal_anchors - INFO - Batch:[2231] Adversarial images for this batch already exist
2026-01-22 21:30:31,035 - ADV_Generation_eps_1.0_steps_100_Added_Noise_uniform_Eps_40.0_Tau_Type_normal_anchors - INFO - Batch 2232/2465: Clean accuracy 0.9758 | Adv accuracy: 0.0220 | Counter-attack accuracy: 0.9673
2026-01-22 21:30:31,036 - ADV_Generation_eps_1.0_steps_100_Added_Noise_uniform_Eps_40.0_Tau_Type_normal_anchors - INFO - Batch:[2232] Adversarial images for this batch already exist
2026-01-22 21:30:31,359 - ADV_Generation_eps_1.0_steps_100_Added_Noise_uniform_Eps_40.0_Tau_Type_normal_anchors - INFO - Batch 2233/2465: Clean accuracy 0.9758 | Adv accuracy: 0.0219 | Counter-attack accuracy: 0.9673
2026-01-22 21:30:31,360 - ADV_Generation_eps_1.0_steps_100_Added_Noise_uniform_Eps_40.0_Tau_Type_normal_anchors - INFO - Batch:[2233] Adversarial images for this batch already exist
2026-01-22 21:30:31,691 - ADV_Generation_eps_1.0_steps_100_Added_Noise_uniform_Eps_40.0_Tau_Type_normal_anchors - INFO - Batch 2234/2465: Clean accuracy 0.9758 | Adv accuracy: 0.0219 | Counter-attack accuracy: 0.9673
2026-01-22 21:30:31,692 - ADV_Generation_eps_1.0_steps_100_Added_Noise_uniform_Eps_40.0_Tau_Type_normal_anchors - INFO - Batch:[2234] Adversarial images for this batch already exist
2026-01-22 21:30:32,019 - ADV_Generation_eps_1.0_steps_100_Added_Noise_uniform_Eps_40.0_Tau_Type_normal_anchors - INFO - Batch 2235/2465: Clean accuracy 0.9758 | Adv accuracy: 0.0219 | Counter-attack accuracy: 0.9673
2026-01-22 21:30:32,020 - ADV_Generation_eps_1.0_steps_100_Added_Noise_uniform_Eps_40.0_Tau_Type_normal_anchors - INFO - Batch:[2235] Adversarial images for this batch already exist
2026-01-22 21:30:32,345 - ADV_Generation_eps_1.0_steps_100_Added_Noise_uniform_Eps_40.0_Tau_Type_normal_anchors - INFO - Batch 2236/2465: Clean accuracy 0.9758 | Adv accuracy: 0.0219 | Counter-attack accuracy: 0.9674
2026-01-22 21:30:32,345 - ADV_Generation_eps_1.0_steps_100_Added_Noise_uniform_Eps_40.0_Tau_Type_normal_anchors - INFO - Batch:[2236] Adversarial images for this batch already exist
2026-01-22 21:30:32,666 - ADV_Generation_eps_1.0_steps_100_Added_Noise_uniform_Eps_40.0_Tau_Type_normal_anchors - INFO - Batch 2237/2465: Clean accuracy 0.9759 | Adv accuracy: 0.0219 | Counter-attack accuracy: 0.9674
2026-01-22 21:30:32,667 - ADV_Generation_eps_1.0_steps_100_Added_Noise_uniform_Eps_40.0_Tau_Type_normal_anchors - INFO - Batch:[2237] Adversarial images for this batch already exist
2026-01-22 21:30:32,990 - ADV_Generation_eps_1.0_steps_100_Added_Noise_uniform_Eps_40.0_Tau_Type_normal_anchors - INFO - Batch 2238/2465: Clean accuracy 0.9759 | Adv accuracy: 0.0219 | Counter-attack accuracy: 0.9674
2026-01-22 21:30:32,990 - ADV_Generation_eps_1.0_steps_100_Added_Noise_uniform_Eps_40.0_Tau_Type_normal_anchors - INFO - Batch:[2238] Adversarial images for this batch already exist
2026-01-22 21:30:33,318 - ADV_Generation_eps_1.0_steps_100_Added_Noise_uniform_Eps_40.0_Tau_Type_normal_anchors - INFO - Batch 2239/2465: Clean accuracy 0.9759 | Adv accuracy: 0.0219 | Counter-attack accuracy: 0.9674
2026-01-22 21:30:33,318 - ADV_Generation_eps_1.0_steps_100_Added_Noise_uniform_Eps_40.0_Tau_Type_normal_anchors - INFO - Batch:[2239] Adversarial images for this batch already exist
2026-01-22 21:30:33,638 - ADV_Generation_eps_1.0_steps_100_Added_Noise_uniform_Eps_40.0_Tau_Type_normal_anchors - INFO - Batch 2240/2465: Clean accuracy 0.9759 | Adv accuracy: 0.0219 | Counter-attack accuracy: 0.9674
2026-01-22 21:30:33,639 - ADV_Generation_eps_1.0_steps_100_Added_Noise_uniform_Eps_40.0_Tau_Type_normal_anchors - INFO - Batch:[2240] Adversarial images for this batch already exist
2026-01-22 21:30:33,967 - ADV_Generation_eps_1.0_steps_100_Added_Noise_uniform_Eps_40.0_Tau_Type_normal_anchors - INFO - Batch 2241/2465: Clean accuracy 0.9759 | Adv accuracy: 0.0219 | Counter-attack accuracy: 0.9674
2026-01-22 21:30:33,968 - ADV_Generation_eps_1.0_steps_100_Added_Noise_uniform_Eps_40.0_Tau_Type_normal_anchors - INFO - Batch:[2241] Adversarial images for this batch already exist
2026-01-22 21:30:34,292 - ADV_Generation_eps_1.0_steps_100_Added_Noise_uniform_Eps_40.0_Tau_Type_normal_anchors - INFO - Batch 2242/2465: Clean accuracy 0.9759 | Adv accuracy: 0.0219 | Counter-attack accuracy: 0.9674
2026-01-22 21:30:34,293 - ADV_Generation_eps_1.0_steps_100_Added_Noise_uniform_Eps_40.0_Tau_Type_normal_anchors - INFO - Batch:[2242] Adversarial images for this batch already exist
2026-01-22 21:30:34,618 - ADV_Generation_eps_1.0_steps_100_Added_Noise_uniform_Eps_40.0_Tau_Type_normal_anchors - INFO - Batch 2243/2465: Clean accuracy 0.9759 | Adv accuracy: 0.0218 | Counter-attack accuracy: 0.9675
2026-01-22 21:30:34,619 - ADV_Generation_eps_1.0_steps_100_Added_Noise_uniform_Eps_40.0_Tau_Type_normal_anchors - INFO - Batch:[2243] Adversarial images for this batch already exist
2026-01-22 21:30:34,950 - ADV_Generation_eps_1.0_steps_100_Added_Noise_uniform_Eps_40.0_Tau_Type_normal_anchors - INFO - Batch 2244/2465: Clean accuracy 0.9759 | Adv accuracy: 0.0218 | Counter-attack accuracy: 0.9675
2026-01-22 21:30:34,951 - ADV_Generation_eps_1.0_steps_100_Added_Noise_uniform_Eps_40.0_Tau_Type_normal_anchors - INFO - Batch:[2244] Adversarial images for this batch already exist
2026-01-22 21:30:35,277 - ADV_Generation_eps_1.0_steps_100_Added_Noise_uniform_Eps_40.0_Tau_Type_normal_anchors - INFO - Batch 2245/2465: Clean accuracy 0.9759 | Adv accuracy: 0.0218 | Counter-attack accuracy: 0.9675
2026-01-22 21:30:35,278 - ADV_Generation_eps_1.0_steps_100_Added_Noise_uniform_Eps_40.0_Tau_Type_normal_anchors - INFO - Batch:[2245] Adversarial images for this batch already exist
2026-01-22 21:30:35,597 - ADV_Generation_eps_1.0_steps_100_Added_Noise_uniform_Eps_40.0_Tau_Type_normal_anchors - INFO - Batch 2246/2465: Clean accuracy 0.9760 | Adv accuracy: 0.0218 | Counter-attack accuracy: 0.9675
2026-01-22 21:30:35,597 - ADV_Generation_eps_1.0_steps_100_Added_Noise_uniform_Eps_40.0_Tau_Type_normal_anchors - INFO - Batch:[2246] Adversarial images for this batch already exist
2026-01-22 21:30:35,930 - ADV_Generation_eps_1.0_steps_100_Added_Noise_uniform_Eps_40.0_Tau_Type_normal_anchors - INFO - Batch 2247/2465: Clean accuracy 0.9760 | Adv accuracy: 0.0218 | Counter-attack accuracy: 0.9675
2026-01-22 21:30:35,931 - ADV_Generation_eps_1.0_steps_100_Added_Noise_uniform_Eps_40.0_Tau_Type_normal_anchors - INFO - Batch:[2247] Adversarial images for this batch already exist
2026-01-22 21:30:36,260 - ADV_Generation_eps_1.0_steps_100_Added_Noise_uniform_Eps_40.0_Tau_Type_normal_anchors - INFO - Batch 2248/2465: Clean accuracy 0.9760 | Adv accuracy: 0.0218 | Counter-attack accuracy: 0.9675
2026-01-22 21:30:36,262 - ADV_Generation_eps_1.0_steps_100_Added_Noise_uniform_Eps_40.0_Tau_Type_normal_anchors - INFO - Batch:[2248] Adversarial images for this batch already exist
2026-01-22 21:30:36,589 - ADV_Generation_eps_1.0_steps_100_Added_Noise_uniform_Eps_40.0_Tau_Type_normal_anchors - INFO - Batch 2249/2465: Clean accuracy 0.9760 | Adv accuracy: 0.0218 | Counter-attack accuracy: 0.9675
2026-01-22 21:30:36,589 - ADV_Generation_eps_1.0_steps_100_Added_Noise_uniform_Eps_40.0_Tau_Type_normal_anchors - INFO - Batch:[2249] Adversarial images for this batch already exist
2026-01-22 21:30:36,923 - ADV_Generation_eps_1.0_steps_100_Added_Noise_uniform_Eps_40.0_Tau_Type_normal_anchors - INFO - Batch 2250/2465: Clean accuracy 0.9760 | Adv accuracy: 0.0218 | Counter-attack accuracy: 0.9676
2026-01-22 21:30:36,923 - ADV_Generation_eps_1.0_steps_100_Added_Noise_uniform_Eps_40.0_Tau_Type_normal_anchors - INFO - Batch:[2250] Adversarial images for this batch already exist
2026-01-22 21:30:37,249 - ADV_Generation_eps_1.0_steps_100_Added_Noise_uniform_Eps_40.0_Tau_Type_normal_anchors - INFO - Batch 2251/2465: Clean accuracy 0.9760 | Adv accuracy: 0.0218 | Counter-attack accuracy: 0.9676
2026-01-22 21:30:37,250 - ADV_Generation_eps_1.0_steps_100_Added_Noise_uniform_Eps_40.0_Tau_Type_normal_anchors - INFO - Batch:[2251] Adversarial images for this batch already exist
2026-01-22 21:30:37,583 - ADV_Generation_eps_1.0_steps_100_Added_Noise_uniform_Eps_40.0_Tau_Type_normal_anchors - INFO - Batch 2252/2465: Clean accuracy 0.9760 | Adv accuracy: 0.0218 | Counter-attack accuracy: 0.9676
2026-01-22 21:30:37,584 - ADV_Generation_eps_1.0_steps_100_Added_Noise_uniform_Eps_40.0_Tau_Type_normal_anchors - INFO - Batch:[2252] Adversarial images for this batch already exist
2026-01-22 21:30:37,910 - ADV_Generation_eps_1.0_steps_100_Added_Noise_uniform_Eps_40.0_Tau_Type_normal_anchors - INFO - Batch 2253/2465: Clean accuracy 0.9760 | Adv accuracy: 0.0217 | Counter-attack accuracy: 0.9676
2026-01-22 21:30:37,910 - ADV_Generation_eps_1.0_steps_100_Added_Noise_uniform_Eps_40.0_Tau_Type_normal_anchors - INFO - Batch:[2253] Adversarial images for this batch already exist
2026-01-22 21:30:38,243 - ADV_Generation_eps_1.0_steps_100_Added_Noise_uniform_Eps_40.0_Tau_Type_normal_anchors - INFO - Batch 2254/2465: Clean accuracy 0.9760 | Adv accuracy: 0.0217 | Counter-attack accuracy: 0.9676
2026-01-22 21:30:38,244 - ADV_Generation_eps_1.0_steps_100_Added_Noise_uniform_Eps_40.0_Tau_Type_normal_anchors - INFO - Batch:[2254] Adversarial images for this batch already exist
2026-01-22 21:30:38,567 - ADV_Generation_eps_1.0_steps_100_Added_Noise_uniform_Eps_40.0_Tau_Type_normal_anchors - INFO - Batch 2255/2465: Clean accuracy 0.9761 | Adv accuracy: 0.0217 | Counter-attack accuracy: 0.9676
2026-01-22 21:30:38,567 - ADV_Generation_eps_1.0_steps_100_Added_Noise_uniform_Eps_40.0_Tau_Type_normal_anchors - INFO - Batch:[2255] Adversarial images for this batch already exist
2026-01-22 21:30:38,895 - ADV_Generation_eps_1.0_steps_100_Added_Noise_uniform_Eps_40.0_Tau_Type_normal_anchors - INFO - Batch 2256/2465: Clean accuracy 0.9761 | Adv accuracy: 0.0217 | Counter-attack accuracy: 0.9676
2026-01-22 21:30:38,895 - ADV_Generation_eps_1.0_steps_100_Added_Noise_uniform_Eps_40.0_Tau_Type_normal_anchors - INFO - Batch:[2256] Adversarial images for this batch already exist
2026-01-22 21:30:39,217 - ADV_Generation_eps_1.0_steps_100_Added_Noise_uniform_Eps_40.0_Tau_Type_normal_anchors - INFO - Batch 2257/2465: Clean accuracy 0.9761 | Adv accuracy: 0.0217 | Counter-attack accuracy: 0.9677
2026-01-22 21:30:39,218 - ADV_Generation_eps_1.0_steps_100_Added_Noise_uniform_Eps_40.0_Tau_Type_normal_anchors - INFO - Batch:[2257] Adversarial images for this batch already exist
2026-01-22 21:30:39,564 - ADV_Generation_eps_1.0_steps_100_Added_Noise_uniform_Eps_40.0_Tau_Type_normal_anchors - INFO - Batch 2258/2465: Clean accuracy 0.9761 | Adv accuracy: 0.0217 | Counter-attack accuracy: 0.9677
2026-01-22 21:30:39,565 - ADV_Generation_eps_1.0_steps_100_Added_Noise_uniform_Eps_40.0_Tau_Type_normal_anchors - INFO - Batch:[2258] Adversarial images for this batch already exist
2026-01-22 21:30:39,891 - ADV_Generation_eps_1.0_steps_100_Added_Noise_uniform_Eps_40.0_Tau_Type_normal_anchors - INFO - Batch 2259/2465: Clean accuracy 0.9761 | Adv accuracy: 0.0217 | Counter-attack accuracy: 0.9677
2026-01-22 21:30:39,891 - ADV_Generation_eps_1.0_steps_100_Added_Noise_uniform_Eps_40.0_Tau_Type_normal_anchors - INFO - Batch:[2259] Adversarial images for this batch already exist
2026-01-22 21:30:40,210 - ADV_Generation_eps_1.0_steps_100_Added_Noise_uniform_Eps_40.0_Tau_Type_normal_anchors - INFO - Batch 2260/2465: Clean accuracy 0.9761 | Adv accuracy: 0.0217 | Counter-attack accuracy: 0.9677
2026-01-22 21:30:40,211 - ADV_Generation_eps_1.0_steps_100_Added_Noise_uniform_Eps_40.0_Tau_Type_normal_anchors - INFO - Batch:[2260] Adversarial images for this batch already exist
2026-01-22 21:30:40,558 - ADV_Generation_eps_1.0_steps_100_Added_Noise_uniform_Eps_40.0_Tau_Type_normal_anchors - INFO - Batch 2261/2465: Clean accuracy 0.9761 | Adv accuracy: 0.0217 | Counter-attack accuracy: 0.9677
2026-01-22 21:30:40,559 - ADV_Generation_eps_1.0_steps_100_Added_Noise_uniform_Eps_40.0_Tau_Type_normal_anchors - INFO - Batch:[2261] Adversarial images for this batch already exist
2026-01-22 21:30:40,886 - ADV_Generation_eps_1.0_steps_100_Added_Noise_uniform_Eps_40.0_Tau_Type_normal_anchors - INFO - Batch 2262/2465: Clean accuracy 0.9761 | Adv accuracy: 0.0217 | Counter-attack accuracy: 0.9677
2026-01-22 21:30:40,887 - ADV_Generation_eps_1.0_steps_100_Added_Noise_uniform_Eps_40.0_Tau_Type_normal_anchors - INFO - Batch:[2262] Adversarial images for this batch already exist
2026-01-22 21:30:41,216 - ADV_Generation_eps_1.0_steps_100_Added_Noise_uniform_Eps_40.0_Tau_Type_normal_anchors - INFO - Batch 2263/2465: Clean accuracy 0.9761 | Adv accuracy: 0.0217 | Counter-attack accuracy: 0.9677
2026-01-22 21:30:41,217 - ADV_Generation_eps_1.0_steps_100_Added_Noise_uniform_Eps_40.0_Tau_Type_normal_anchors - INFO - Batch:[2263] Adversarial images for this batch already exist
2026-01-22 21:30:41,546 - ADV_Generation_eps_1.0_steps_100_Added_Noise_uniform_Eps_40.0_Tau_Type_normal_anchors - INFO - Batch 2264/2465: Clean accuracy 0.9761 | Adv accuracy: 0.0216 | Counter-attack accuracy: 0.9678
2026-01-22 21:30:41,547 - ADV_Generation_eps_1.0_steps_100_Added_Noise_uniform_Eps_40.0_Tau_Type_normal_anchors - INFO - Batch:[2264] Adversarial images for this batch already exist
2026-01-22 21:30:41,873 - ADV_Generation_eps_1.0_steps_100_Added_Noise_uniform_Eps_40.0_Tau_Type_normal_anchors - INFO - Batch 2265/2465: Clean accuracy 0.9762 | Adv accuracy: 0.0216 | Counter-attack accuracy: 0.9678
2026-01-22 21:30:41,874 - ADV_Generation_eps_1.0_steps_100_Added_Noise_uniform_Eps_40.0_Tau_Type_normal_anchors - INFO - Batch:[2265] Adversarial images for this batch already exist
2026-01-22 21:30:42,232 - ADV_Generation_eps_1.0_steps_100_Added_Noise_uniform_Eps_40.0_Tau_Type_normal_anchors - INFO - Batch 2266/2465: Clean accuracy 0.9762 | Adv accuracy: 0.0216 | Counter-attack accuracy: 0.9678
2026-01-22 21:30:42,233 - ADV_Generation_eps_1.0_steps_100_Added_Noise_uniform_Eps_40.0_Tau_Type_normal_anchors - INFO - Batch:[2266] Adversarial images for this batch already exist
2026-01-22 21:30:42,558 - ADV_Generation_eps_1.0_steps_100_Added_Noise_uniform_Eps_40.0_Tau_Type_normal_anchors - INFO - Batch 2267/2465: Clean accuracy 0.9762 | Adv accuracy: 0.0216 | Counter-attack accuracy: 0.9678
2026-01-22 21:30:42,558 - ADV_Generation_eps_1.0_steps_100_Added_Noise_uniform_Eps_40.0_Tau_Type_normal_anchors - INFO - Batch:[2267] Adversarial images for this batch already exist
2026-01-22 21:30:42,884 - ADV_Generation_eps_1.0_steps_100_Added_Noise_uniform_Eps_40.0_Tau_Type_normal_anchors - INFO - Batch 2268/2465: Clean accuracy 0.9762 | Adv accuracy: 0.0216 | Counter-attack accuracy: 0.9678
2026-01-22 21:30:42,885 - ADV_Generation_eps_1.0_steps_100_Added_Noise_uniform_Eps_40.0_Tau_Type_normal_anchors - INFO - Batch:[2268] Adversarial images for this batch already exist
2026-01-22 21:30:43,219 - ADV_Generation_eps_1.0_steps_100_Added_Noise_uniform_Eps_40.0_Tau_Type_normal_anchors - INFO - Batch 2269/2465: Clean accuracy 0.9762 | Adv accuracy: 0.0216 | Counter-attack accuracy: 0.9678
2026-01-22 21:30:43,220 - ADV_Generation_eps_1.0_steps_100_Added_Noise_uniform_Eps_40.0_Tau_Type_normal_anchors - INFO - Batch:[2269] Adversarial images for this batch already exist
2026-01-22 21:30:43,540 - ADV_Generation_eps_1.0_steps_100_Added_Noise_uniform_Eps_40.0_Tau_Type_normal_anchors - INFO - Batch 2270/2465: Clean accuracy 0.9762 | Adv accuracy: 0.0216 | Counter-attack accuracy: 0.9678
2026-01-22 21:30:43,541 - ADV_Generation_eps_1.0_steps_100_Added_Noise_uniform_Eps_40.0_Tau_Type_normal_anchors - INFO - Batch:[2270] Adversarial images for this batch already exist
2026-01-22 21:30:43,866 - ADV_Generation_eps_1.0_steps_100_Added_Noise_uniform_Eps_40.0_Tau_Type_normal_anchors - INFO - Batch 2271/2465: Clean accuracy 0.9762 | Adv accuracy: 0.0216 | Counter-attack accuracy: 0.9679
2026-01-22 21:30:43,867 - ADV_Generation_eps_1.0_steps_100_Added_Noise_uniform_Eps_40.0_Tau_Type_normal_anchors - INFO - Batch:[2271] Adversarial images for this batch already exist
2026-01-22 21:30:44,191 - ADV_Generation_eps_1.0_steps_100_Added_Noise_uniform_Eps_40.0_Tau_Type_normal_anchors - INFO - Batch 2272/2465: Clean accuracy 0.9762 | Adv accuracy: 0.0216 | Counter-attack accuracy: 0.9679
2026-01-22 21:30:44,191 - ADV_Generation_eps_1.0_steps_100_Added_Noise_uniform_Eps_40.0_Tau_Type_normal_anchors - INFO - Batch:[2272] Adversarial images for this batch already exist
2026-01-22 21:30:44,521 - ADV_Generation_eps_1.0_steps_100_Added_Noise_uniform_Eps_40.0_Tau_Type_normal_anchors - INFO - Batch 2273/2465: Clean accuracy 0.9762 | Adv accuracy: 0.0216 | Counter-attack accuracy: 0.9679
2026-01-22 21:30:44,522 - ADV_Generation_eps_1.0_steps_100_Added_Noise_uniform_Eps_40.0_Tau_Type_normal_anchors - INFO - Batch:[2273] Adversarial images for this batch already exist
2026-01-22 21:30:44,846 - ADV_Generation_eps_1.0_steps_100_Added_Noise_uniform_Eps_40.0_Tau_Type_normal_anchors - INFO - Batch 2274/2465: Clean accuracy 0.9763 | Adv accuracy: 0.0215 | Counter-attack accuracy: 0.9679
2026-01-22 21:30:44,846 - ADV_Generation_eps_1.0_steps_100_Added_Noise_uniform_Eps_40.0_Tau_Type_normal_anchors - INFO - Batch:[2274] Adversarial images for this batch already exist
2026-01-22 21:30:45,175 - ADV_Generation_eps_1.0_steps_100_Added_Noise_uniform_Eps_40.0_Tau_Type_normal_anchors - INFO - Batch 2275/2465: Clean accuracy 0.9763 | Adv accuracy: 0.0215 | Counter-attack accuracy: 0.9679
2026-01-22 21:30:45,176 - ADV_Generation_eps_1.0_steps_100_Added_Noise_uniform_Eps_40.0_Tau_Type_normal_anchors - INFO - Batch:[2275] Adversarial images for this batch already exist
2026-01-22 21:30:45,522 - ADV_Generation_eps_1.0_steps_100_Added_Noise_uniform_Eps_40.0_Tau_Type_normal_anchors - INFO - Batch 2276/2465: Clean accuracy 0.9763 | Adv accuracy: 0.0215 | Counter-attack accuracy: 0.9679
2026-01-22 21:30:45,523 - ADV_Generation_eps_1.0_steps_100_Added_Noise_uniform_Eps_40.0_Tau_Type_normal_anchors - INFO - Batch:[2276] Adversarial images for this batch already exist
2026-01-22 21:30:45,849 - ADV_Generation_eps_1.0_steps_100_Added_Noise_uniform_Eps_40.0_Tau_Type_normal_anchors - INFO - Batch 2277/2465: Clean accuracy 0.9763 | Adv accuracy: 0.0215 | Counter-attack accuracy: 0.9679
2026-01-22 21:30:45,850 - ADV_Generation_eps_1.0_steps_100_Added_Noise_uniform_Eps_40.0_Tau_Type_normal_anchors - INFO - Batch:[2277] Adversarial images for this batch already exist
2026-01-22 21:30:46,176 - ADV_Generation_eps_1.0_steps_100_Added_Noise_uniform_Eps_40.0_Tau_Type_normal_anchors - INFO - Batch 2278/2465: Clean accuracy 0.9763 | Adv accuracy: 0.0215 | Counter-attack accuracy: 0.9680
2026-01-22 21:30:46,176 - ADV_Generation_eps_1.0_steps_100_Added_Noise_uniform_Eps_40.0_Tau_Type_normal_anchors - INFO - Batch:[2278] Adversarial images for this batch already exist
2026-01-22 21:30:46,494 - ADV_Generation_eps_1.0_steps_100_Added_Noise_uniform_Eps_40.0_Tau_Type_normal_anchors - INFO - Batch 2279/2465: Clean accuracy 0.9763 | Adv accuracy: 0.0215 | Counter-attack accuracy: 0.9680
2026-01-22 21:30:46,495 - ADV_Generation_eps_1.0_steps_100_Added_Noise_uniform_Eps_40.0_Tau_Type_normal_anchors - INFO - Batch:[2279] Adversarial images for this batch already exist
2026-01-22 21:30:46,815 - ADV_Generation_eps_1.0_steps_100_Added_Noise_uniform_Eps_40.0_Tau_Type_normal_anchors - INFO - Batch 2280/2465: Clean accuracy 0.9763 | Adv accuracy: 0.0215 | Counter-attack accuracy: 0.9680
2026-01-22 21:30:46,816 - ADV_Generation_eps_1.0_steps_100_Added_Noise_uniform_Eps_40.0_Tau_Type_normal_anchors - INFO - Batch:[2280] Adversarial images for this batch already exist
2026-01-22 21:30:47,210 - ADV_Generation_eps_1.0_steps_100_Added_Noise_uniform_Eps_40.0_Tau_Type_normal_anchors - INFO - Batch 2281/2465: Clean accuracy 0.9763 | Adv accuracy: 0.0215 | Counter-attack accuracy: 0.9680
2026-01-22 21:30:47,211 - ADV_Generation_eps_1.0_steps_100_Added_Noise_uniform_Eps_40.0_Tau_Type_normal_anchors - INFO - Batch:[2281] Adversarial images for this batch already exist
2026-01-22 21:30:47,538 - ADV_Generation_eps_1.0_steps_100_Added_Noise_uniform_Eps_40.0_Tau_Type_normal_anchors - INFO - Batch 2282/2465: Clean accuracy 0.9763 | Adv accuracy: 0.0215 | Counter-attack accuracy: 0.9680
2026-01-22 21:30:47,539 - ADV_Generation_eps_1.0_steps_100_Added_Noise_uniform_Eps_40.0_Tau_Type_normal_anchors - INFO - Batch:[2282] Adversarial images for this batch already exist
2026-01-22 21:30:47,863 - ADV_Generation_eps_1.0_steps_100_Added_Noise_uniform_Eps_40.0_Tau_Type_normal_anchors - INFO - Batch 2283/2465: Clean accuracy 0.9763 | Adv accuracy: 0.0215 | Counter-attack accuracy: 0.9676
2026-01-22 21:30:47,864 - ADV_Generation_eps_1.0_steps_100_Added_Noise_uniform_Eps_40.0_Tau_Type_normal_anchors - INFO - Batch:[2283] Adversarial images for this batch already exist
2026-01-22 21:30:48,189 - ADV_Generation_eps_1.0_steps_100_Added_Noise_uniform_Eps_40.0_Tau_Type_normal_anchors - INFO - Batch 2284/2465: Clean accuracy 0.9764 | Adv accuracy: 0.0215 | Counter-attack accuracy: 0.9676
2026-01-22 21:30:48,190 - ADV_Generation_eps_1.0_steps_100_Added_Noise_uniform_Eps_40.0_Tau_Type_normal_anchors - INFO - Batch:[2284] Adversarial images for this batch already exist
2026-01-22 21:30:48,518 - ADV_Generation_eps_1.0_steps_100_Added_Noise_uniform_Eps_40.0_Tau_Type_normal_anchors - INFO - Batch 2285/2465: Clean accuracy 0.9764 | Adv accuracy: 0.0214 | Counter-attack accuracy: 0.9676
2026-01-22 21:30:48,519 - ADV_Generation_eps_1.0_steps_100_Added_Noise_uniform_Eps_40.0_Tau_Type_normal_anchors - INFO - Batch:[2285] Adversarial images for this batch already exist
2026-01-22 21:30:48,843 - ADV_Generation_eps_1.0_steps_100_Added_Noise_uniform_Eps_40.0_Tau_Type_normal_anchors - INFO - Batch 2286/2465: Clean accuracy 0.9764 | Adv accuracy: 0.0214 | Counter-attack accuracy: 0.9676
2026-01-22 21:30:48,844 - ADV_Generation_eps_1.0_steps_100_Added_Noise_uniform_Eps_40.0_Tau_Type_normal_anchors - INFO - Batch:[2286] Adversarial images for this batch already exist
2026-01-22 21:30:49,173 - ADV_Generation_eps_1.0_steps_100_Added_Noise_uniform_Eps_40.0_Tau_Type_normal_anchors - INFO - Batch 2287/2465: Clean accuracy 0.9764 | Adv accuracy: 0.0214 | Counter-attack accuracy: 0.9676
2026-01-22 21:30:49,174 - ADV_Generation_eps_1.0_steps_100_Added_Noise_uniform_Eps_40.0_Tau_Type_normal_anchors - INFO - Batch:[2287] Adversarial images for this batch already exist
2026-01-22 21:30:49,501 - ADV_Generation_eps_1.0_steps_100_Added_Noise_uniform_Eps_40.0_Tau_Type_normal_anchors - INFO - Batch 2288/2465: Clean accuracy 0.9764 | Adv accuracy: 0.0214 | Counter-attack accuracy: 0.9677
2026-01-22 21:30:49,502 - ADV_Generation_eps_1.0_steps_100_Added_Noise_uniform_Eps_40.0_Tau_Type_normal_anchors - INFO - Batch:[2288] Adversarial images for this batch already exist
2026-01-22 21:30:49,827 - ADV_Generation_eps_1.0_steps_100_Added_Noise_uniform_Eps_40.0_Tau_Type_normal_anchors - INFO - Batch 2289/2465: Clean accuracy 0.9764 | Adv accuracy: 0.0214 | Counter-attack accuracy: 0.9677
2026-01-22 21:30:49,827 - ADV_Generation_eps_1.0_steps_100_Added_Noise_uniform_Eps_40.0_Tau_Type_normal_anchors - INFO - Batch:[2289] Adversarial images for this batch already exist
2026-01-22 21:30:50,152 - ADV_Generation_eps_1.0_steps_100_Added_Noise_uniform_Eps_40.0_Tau_Type_normal_anchors - INFO - Batch 2290/2465: Clean accuracy 0.9764 | Adv accuracy: 0.0214 | Counter-attack accuracy: 0.9677
2026-01-22 21:30:50,153 - ADV_Generation_eps_1.0_steps_100_Added_Noise_uniform_Eps_40.0_Tau_Type_normal_anchors - INFO - Batch:[2290] Adversarial images for this batch already exist
2026-01-22 21:30:50,477 - ADV_Generation_eps_1.0_steps_100_Added_Noise_uniform_Eps_40.0_Tau_Type_normal_anchors - INFO - Batch 2291/2465: Clean accuracy 0.9764 | Adv accuracy: 0.0214 | Counter-attack accuracy: 0.9677
2026-01-22 21:30:50,477 - ADV_Generation_eps_1.0_steps_100_Added_Noise_uniform_Eps_40.0_Tau_Type_normal_anchors - INFO - Batch:[2291] Adversarial images for this batch already exist
2026-01-22 21:30:50,799 - ADV_Generation_eps_1.0_steps_100_Added_Noise_uniform_Eps_40.0_Tau_Type_normal_anchors - INFO - Batch 2292/2465: Clean accuracy 0.9764 | Adv accuracy: 0.0214 | Counter-attack accuracy: 0.9677
2026-01-22 21:30:50,799 - ADV_Generation_eps_1.0_steps_100_Added_Noise_uniform_Eps_40.0_Tau_Type_normal_anchors - INFO - Batch:[2292] Adversarial images for this batch already exist
2026-01-22 21:30:51,124 - ADV_Generation_eps_1.0_steps_100_Added_Noise_uniform_Eps_40.0_Tau_Type_normal_anchors - INFO - Batch 2293/2465: Clean accuracy 0.9765 | Adv accuracy: 0.0214 | Counter-attack accuracy: 0.9677
2026-01-22 21:30:51,125 - ADV_Generation_eps_1.0_steps_100_Added_Noise_uniform_Eps_40.0_Tau_Type_normal_anchors - INFO - Batch:[2293] Adversarial images for this batch already exist
2026-01-22 21:30:51,450 - ADV_Generation_eps_1.0_steps_100_Added_Noise_uniform_Eps_40.0_Tau_Type_normal_anchors - INFO - Batch 2294/2465: Clean accuracy 0.9765 | Adv accuracy: 0.0214 | Counter-attack accuracy: 0.9677
2026-01-22 21:30:51,451 - ADV_Generation_eps_1.0_steps_100_Added_Noise_uniform_Eps_40.0_Tau_Type_normal_anchors - INFO - Batch:[2294] Adversarial images for this batch already exist
2026-01-22 21:30:51,773 - ADV_Generation_eps_1.0_steps_100_Added_Noise_uniform_Eps_40.0_Tau_Type_normal_anchors - INFO - Batch 2295/2465: Clean accuracy 0.9765 | Adv accuracy: 0.0214 | Counter-attack accuracy: 0.9678
2026-01-22 21:30:51,775 - ADV_Generation_eps_1.0_steps_100_Added_Noise_uniform_Eps_40.0_Tau_Type_normal_anchors - INFO - Batch:[2295] Adversarial images for this batch already exist
2026-01-22 21:30:52,099 - ADV_Generation_eps_1.0_steps_100_Added_Noise_uniform_Eps_40.0_Tau_Type_normal_anchors - INFO - Batch 2296/2465: Clean accuracy 0.9765 | Adv accuracy: 0.0213 | Counter-attack accuracy: 0.9678
2026-01-22 21:30:52,100 - ADV_Generation_eps_1.0_steps_100_Added_Noise_uniform_Eps_40.0_Tau_Type_normal_anchors - INFO - Batch:[2296] Adversarial images for this batch already exist
2026-01-22 21:30:52,427 - ADV_Generation_eps_1.0_steps_100_Added_Noise_uniform_Eps_40.0_Tau_Type_normal_anchors - INFO - Batch 2297/2465: Clean accuracy 0.9765 | Adv accuracy: 0.0213 | Counter-attack accuracy: 0.9678
2026-01-22 21:30:52,428 - ADV_Generation_eps_1.0_steps_100_Added_Noise_uniform_Eps_40.0_Tau_Type_normal_anchors - INFO - Batch:[2297] Adversarial images for this batch already exist
2026-01-22 21:30:52,756 - ADV_Generation_eps_1.0_steps_100_Added_Noise_uniform_Eps_40.0_Tau_Type_normal_anchors - INFO - Batch 2298/2465: Clean accuracy 0.9765 | Adv accuracy: 0.0213 | Counter-attack accuracy: 0.9678
2026-01-22 21:30:52,758 - ADV_Generation_eps_1.0_steps_100_Added_Noise_uniform_Eps_40.0_Tau_Type_normal_anchors - INFO - Batch:[2298] Adversarial images for this batch already exist
2026-01-22 21:30:53,075 - ADV_Generation_eps_1.0_steps_100_Added_Noise_uniform_Eps_40.0_Tau_Type_normal_anchors - INFO - Batch 2299/2465: Clean accuracy 0.9765 | Adv accuracy: 0.0213 | Counter-attack accuracy: 0.9678
2026-01-22 21:30:53,076 - ADV_Generation_eps_1.0_steps_100_Added_Noise_uniform_Eps_40.0_Tau_Type_normal_anchors - INFO - Batch:[2299] Adversarial images for this batch already exist
2026-01-22 21:30:53,407 - ADV_Generation_eps_1.0_steps_100_Added_Noise_uniform_Eps_40.0_Tau_Type_normal_anchors - INFO - Batch 2300/2465: Clean accuracy 0.9765 | Adv accuracy: 0.0213 | Counter-attack accuracy: 0.9678
2026-01-22 21:30:53,408 - ADV_Generation_eps_1.0_steps_100_Added_Noise_uniform_Eps_40.0_Tau_Type_normal_anchors - INFO - Batch:[2300] Adversarial images for this batch already exist
2026-01-22 21:30:53,735 - ADV_Generation_eps_1.0_steps_100_Added_Noise_uniform_Eps_40.0_Tau_Type_normal_anchors - INFO - Batch 2301/2465: Clean accuracy 0.9765 | Adv accuracy: 0.0213 | Counter-attack accuracy: 0.9678
2026-01-22 21:30:53,736 - ADV_Generation_eps_1.0_steps_100_Added_Noise_uniform_Eps_40.0_Tau_Type_normal_anchors - INFO - Batch:[2301] Adversarial images for this batch already exist
2026-01-22 21:30:54,065 - ADV_Generation_eps_1.0_steps_100_Added_Noise_uniform_Eps_40.0_Tau_Type_normal_anchors - INFO - Batch 2302/2465: Clean accuracy 0.9765 | Adv accuracy: 0.0213 | Counter-attack accuracy: 0.9679
2026-01-22 21:30:54,066 - ADV_Generation_eps_1.0_steps_100_Added_Noise_uniform_Eps_40.0_Tau_Type_normal_anchors - INFO - Batch:[2302] Adversarial images for this batch already exist
2026-01-22 21:30:54,388 - ADV_Generation_eps_1.0_steps_100_Added_Noise_uniform_Eps_40.0_Tau_Type_normal_anchors - INFO - Batch 2303/2465: Clean accuracy 0.9761 | Adv accuracy: 0.0213 | Counter-attack accuracy: 0.9679
2026-01-22 21:30:54,389 - ADV_Generation_eps_1.0_steps_100_Added_Noise_uniform_Eps_40.0_Tau_Type_normal_anchors - INFO - Batch:[2303] Adversarial images for this batch already exist
2026-01-22 21:30:54,715 - ADV_Generation_eps_1.0_steps_100_Added_Noise_uniform_Eps_40.0_Tau_Type_normal_anchors - INFO - Batch 2304/2465: Clean accuracy 0.9761 | Adv accuracy: 0.0213 | Counter-attack accuracy: 0.9679
2026-01-22 21:30:54,716 - ADV_Generation_eps_1.0_steps_100_Added_Noise_uniform_Eps_40.0_Tau_Type_normal_anchors - INFO - Batch:[2304] Adversarial images for this batch already exist
2026-01-22 21:30:55,043 - ADV_Generation_eps_1.0_steps_100_Added_Noise_uniform_Eps_40.0_Tau_Type_normal_anchors - INFO - Batch 2305/2465: Clean accuracy 0.9761 | Adv accuracy: 0.0213 | Counter-attack accuracy: 0.9679
2026-01-22 21:30:55,043 - ADV_Generation_eps_1.0_steps_100_Added_Noise_uniform_Eps_40.0_Tau_Type_normal_anchors - INFO - Batch:[2305] Adversarial images for this batch already exist
2026-01-22 21:30:55,371 - ADV_Generation_eps_1.0_steps_100_Added_Noise_uniform_Eps_40.0_Tau_Type_normal_anchors - INFO - Batch 2306/2465: Clean accuracy 0.9761 | Adv accuracy: 0.0212 | Counter-attack accuracy: 0.9679
2026-01-22 21:30:55,371 - ADV_Generation_eps_1.0_steps_100_Added_Noise_uniform_Eps_40.0_Tau_Type_normal_anchors - INFO - Batch:[2306] Adversarial images for this batch already exist
2026-01-22 21:30:55,695 - ADV_Generation_eps_1.0_steps_100_Added_Noise_uniform_Eps_40.0_Tau_Type_normal_anchors - INFO - Batch 2307/2465: Clean accuracy 0.9762 | Adv accuracy: 0.0212 | Counter-attack accuracy: 0.9679
2026-01-22 21:30:55,696 - ADV_Generation_eps_1.0_steps_100_Added_Noise_uniform_Eps_40.0_Tau_Type_normal_anchors - INFO - Batch:[2307] Adversarial images for this batch already exist
2026-01-22 21:30:56,025 - ADV_Generation_eps_1.0_steps_100_Added_Noise_uniform_Eps_40.0_Tau_Type_normal_anchors - INFO - Batch 2308/2465: Clean accuracy 0.9762 | Adv accuracy: 0.0212 | Counter-attack accuracy: 0.9679
2026-01-22 21:30:56,026 - ADV_Generation_eps_1.0_steps_100_Added_Noise_uniform_Eps_40.0_Tau_Type_normal_anchors - INFO - Batch:[2308] Adversarial images for this batch already exist
2026-01-22 21:30:56,359 - ADV_Generation_eps_1.0_steps_100_Added_Noise_uniform_Eps_40.0_Tau_Type_normal_anchors - INFO - Batch 2309/2465: Clean accuracy 0.9762 | Adv accuracy: 0.0212 | Counter-attack accuracy: 0.9680
2026-01-22 21:30:56,360 - ADV_Generation_eps_1.0_steps_100_Added_Noise_uniform_Eps_40.0_Tau_Type_normal_anchors - INFO - Batch:[2309] Adversarial images for this batch already exist
2026-01-22 21:30:56,692 - ADV_Generation_eps_1.0_steps_100_Added_Noise_uniform_Eps_40.0_Tau_Type_normal_anchors - INFO - Batch 2310/2465: Clean accuracy 0.9762 | Adv accuracy: 0.0212 | Counter-attack accuracy: 0.9680
2026-01-22 21:30:56,692 - ADV_Generation_eps_1.0_steps_100_Added_Noise_uniform_Eps_40.0_Tau_Type_normal_anchors - INFO - Batch:[2310] Adversarial images for this batch already exist
2026-01-22 21:30:57,013 - ADV_Generation_eps_1.0_steps_100_Added_Noise_uniform_Eps_40.0_Tau_Type_normal_anchors - INFO - Batch 2311/2465: Clean accuracy 0.9762 | Adv accuracy: 0.0212 | Counter-attack accuracy: 0.9680
2026-01-22 21:30:57,014 - ADV_Generation_eps_1.0_steps_100_Added_Noise_uniform_Eps_40.0_Tau_Type_normal_anchors - INFO - Batch:[2311] Adversarial images for this batch already exist
2026-01-22 21:30:57,397 - ADV_Generation_eps_1.0_steps_100_Added_Noise_uniform_Eps_40.0_Tau_Type_normal_anchors - INFO - Batch 2312/2465: Clean accuracy 0.9762 | Adv accuracy: 0.0212 | Counter-attack accuracy: 0.9680
2026-01-22 21:30:57,397 - ADV_Generation_eps_1.0_steps_100_Added_Noise_uniform_Eps_40.0_Tau_Type_normal_anchors - INFO - Batch:[2312] Adversarial images for this batch already exist
2026-01-22 21:30:57,719 - ADV_Generation_eps_1.0_steps_100_Added_Noise_uniform_Eps_40.0_Tau_Type_normal_anchors - INFO - Batch 2313/2465: Clean accuracy 0.9762 | Adv accuracy: 0.0212 | Counter-attack accuracy: 0.9680
2026-01-22 21:30:57,720 - ADV_Generation_eps_1.0_steps_100_Added_Noise_uniform_Eps_40.0_Tau_Type_normal_anchors - INFO - Batch:[2313] Adversarial images for this batch already exist
2026-01-22 21:30:58,064 - ADV_Generation_eps_1.0_steps_100_Added_Noise_uniform_Eps_40.0_Tau_Type_normal_anchors - INFO - Batch 2314/2465: Clean accuracy 0.9762 | Adv accuracy: 0.0212 | Counter-attack accuracy: 0.9680
2026-01-22 21:30:58,065 - ADV_Generation_eps_1.0_steps_100_Added_Noise_uniform_Eps_40.0_Tau_Type_normal_anchors - INFO - Batch:[2314] Adversarial images for this batch already exist
2026-01-22 21:30:58,384 - ADV_Generation_eps_1.0_steps_100_Added_Noise_uniform_Eps_40.0_Tau_Type_normal_anchors - INFO - Batch 2315/2465: Clean accuracy 0.9762 | Adv accuracy: 0.0212 | Counter-attack accuracy: 0.9680
2026-01-22 21:30:58,385 - ADV_Generation_eps_1.0_steps_100_Added_Noise_uniform_Eps_40.0_Tau_Type_normal_anchors - INFO - Batch:[2315] Adversarial images for this batch already exist
2026-01-22 21:30:58,712 - ADV_Generation_eps_1.0_steps_100_Added_Noise_uniform_Eps_40.0_Tau_Type_normal_anchors - INFO - Batch 2316/2465: Clean accuracy 0.9763 | Adv accuracy: 0.0212 | Counter-attack accuracy: 0.9680
2026-01-22 21:30:58,713 - ADV_Generation_eps_1.0_steps_100_Added_Noise_uniform_Eps_40.0_Tau_Type_normal_anchors - INFO - Batch:[2316] Adversarial images for this batch already exist
2026-01-22 21:30:59,041 - ADV_Generation_eps_1.0_steps_100_Added_Noise_uniform_Eps_40.0_Tau_Type_normal_anchors - INFO - Batch 2317/2465: Clean accuracy 0.9763 | Adv accuracy: 0.0211 | Counter-attack accuracy: 0.9681
2026-01-22 21:30:59,042 - ADV_Generation_eps_1.0_steps_100_Added_Noise_uniform_Eps_40.0_Tau_Type_normal_anchors - INFO - Batch:[2317] Adversarial images for this batch already exist
2026-01-22 21:30:59,365 - ADV_Generation_eps_1.0_steps_100_Added_Noise_uniform_Eps_40.0_Tau_Type_normal_anchors - INFO - Batch 2318/2465: Clean accuracy 0.9763 | Adv accuracy: 0.0211 | Counter-attack accuracy: 0.9681
2026-01-22 21:30:59,366 - ADV_Generation_eps_1.0_steps_100_Added_Noise_uniform_Eps_40.0_Tau_Type_normal_anchors - INFO - Batch:[2318] Adversarial images for this batch already exist
2026-01-22 21:30:59,695 - ADV_Generation_eps_1.0_steps_100_Added_Noise_uniform_Eps_40.0_Tau_Type_normal_anchors - INFO - Batch 2319/2465: Clean accuracy 0.9763 | Adv accuracy: 0.0211 | Counter-attack accuracy: 0.9681
2026-01-22 21:30:59,695 - ADV_Generation_eps_1.0_steps_100_Added_Noise_uniform_Eps_40.0_Tau_Type_normal_anchors - INFO - Batch:[2319] Adversarial images for this batch already exist
2026-01-22 21:31:00,017 - ADV_Generation_eps_1.0_steps_100_Added_Noise_uniform_Eps_40.0_Tau_Type_normal_anchors - INFO - Batch 2320/2465: Clean accuracy 0.9763 | Adv accuracy: 0.0211 | Counter-attack accuracy: 0.9681
2026-01-22 21:31:00,017 - ADV_Generation_eps_1.0_steps_100_Added_Noise_uniform_Eps_40.0_Tau_Type_normal_anchors - INFO - Batch:[2320] Adversarial images for this batch already exist
2026-01-22 21:31:00,343 - ADV_Generation_eps_1.0_steps_100_Added_Noise_uniform_Eps_40.0_Tau_Type_normal_anchors - INFO - Batch 2321/2465: Clean accuracy 0.9763 | Adv accuracy: 0.0211 | Counter-attack accuracy: 0.9681
2026-01-22 21:31:00,344 - ADV_Generation_eps_1.0_steps_100_Added_Noise_uniform_Eps_40.0_Tau_Type_normal_anchors - INFO - Batch:[2321] Adversarial images for this batch already exist
2026-01-22 21:31:00,670 - ADV_Generation_eps_1.0_steps_100_Added_Noise_uniform_Eps_40.0_Tau_Type_normal_anchors - INFO - Batch 2322/2465: Clean accuracy 0.9763 | Adv accuracy: 0.0215 | Counter-attack accuracy: 0.9681
2026-01-22 21:31:00,671 - ADV_Generation_eps_1.0_steps_100_Added_Noise_uniform_Eps_40.0_Tau_Type_normal_anchors - INFO - Batch:[2322] Adversarial images for this batch already exist
2026-01-22 21:31:01,001 - ADV_Generation_eps_1.0_steps_100_Added_Noise_uniform_Eps_40.0_Tau_Type_normal_anchors - INFO - Batch 2323/2465: Clean accuracy 0.9763 | Adv accuracy: 0.0215 | Counter-attack accuracy: 0.9681
2026-01-22 21:31:01,002 - ADV_Generation_eps_1.0_steps_100_Added_Noise_uniform_Eps_40.0_Tau_Type_normal_anchors - INFO - Batch:[2323] Adversarial images for this batch already exist
2026-01-22 21:31:01,323 - ADV_Generation_eps_1.0_steps_100_Added_Noise_uniform_Eps_40.0_Tau_Type_normal_anchors - INFO - Batch 2324/2465: Clean accuracy 0.9763 | Adv accuracy: 0.0215 | Counter-attack accuracy: 0.9682
2026-01-22 21:31:01,324 - ADV_Generation_eps_1.0_steps_100_Added_Noise_uniform_Eps_40.0_Tau_Type_normal_anchors - INFO - Batch:[2324] Adversarial images for this batch already exist
2026-01-22 21:31:01,646 - ADV_Generation_eps_1.0_steps_100_Added_Noise_uniform_Eps_40.0_Tau_Type_normal_anchors - INFO - Batch 2325/2465: Clean accuracy 0.9763 | Adv accuracy: 0.0215 | Counter-attack accuracy: 0.9682
2026-01-22 21:31:01,646 - ADV_Generation_eps_1.0_steps_100_Added_Noise_uniform_Eps_40.0_Tau_Type_normal_anchors - INFO - Batch:[2325] Adversarial images for this batch already exist
2026-01-22 21:31:01,975 - ADV_Generation_eps_1.0_steps_100_Added_Noise_uniform_Eps_40.0_Tau_Type_normal_anchors - INFO - Batch 2326/2465: Clean accuracy 0.9764 | Adv accuracy: 0.0215 | Counter-attack accuracy: 0.9682
2026-01-22 21:31:01,975 - ADV_Generation_eps_1.0_steps_100_Added_Noise_uniform_Eps_40.0_Tau_Type_normal_anchors - INFO - Batch:[2326] Adversarial images for this batch already exist
2026-01-22 21:31:02,298 - ADV_Generation_eps_1.0_steps_100_Added_Noise_uniform_Eps_40.0_Tau_Type_normal_anchors - INFO - Batch 2327/2465: Clean accuracy 0.9764 | Adv accuracy: 0.0215 | Counter-attack accuracy: 0.9682
2026-01-22 21:31:02,299 - ADV_Generation_eps_1.0_steps_100_Added_Noise_uniform_Eps_40.0_Tau_Type_normal_anchors - INFO - Batch:[2327] Adversarial images for this batch already exist
2026-01-22 21:31:02,659 - ADV_Generation_eps_1.0_steps_100_Added_Noise_uniform_Eps_40.0_Tau_Type_normal_anchors - INFO - Batch 2328/2465: Clean accuracy 0.9764 | Adv accuracy: 0.0215 | Counter-attack accuracy: 0.9682
2026-01-22 21:31:02,660 - ADV_Generation_eps_1.0_steps_100_Added_Noise_uniform_Eps_40.0_Tau_Type_normal_anchors - INFO - Batch:[2328] Adversarial images for this batch already exist
2026-01-22 21:31:02,989 - ADV_Generation_eps_1.0_steps_100_Added_Noise_uniform_Eps_40.0_Tau_Type_normal_anchors - INFO - Batch 2329/2465: Clean accuracy 0.9764 | Adv accuracy: 0.0215 | Counter-attack accuracy: 0.9682
2026-01-22 21:31:02,990 - ADV_Generation_eps_1.0_steps_100_Added_Noise_uniform_Eps_40.0_Tau_Type_normal_anchors - INFO - Batch:[2329] Adversarial images for this batch already exist
2026-01-22 21:31:03,317 - ADV_Generation_eps_1.0_steps_100_Added_Noise_uniform_Eps_40.0_Tau_Type_normal_anchors - INFO - Batch 2330/2465: Clean accuracy 0.9764 | Adv accuracy: 0.0215 | Counter-attack accuracy: 0.9682
2026-01-22 21:31:03,317 - ADV_Generation_eps_1.0_steps_100_Added_Noise_uniform_Eps_40.0_Tau_Type_normal_anchors - INFO - Batch:[2330] Adversarial images for this batch already exist
2026-01-22 21:31:03,664 - ADV_Generation_eps_1.0_steps_100_Added_Noise_uniform_Eps_40.0_Tau_Type_normal_anchors - INFO - Batch 2331/2465: Clean accuracy 0.9764 | Adv accuracy: 0.0215 | Counter-attack accuracy: 0.9683
2026-01-22 21:31:03,665 - ADV_Generation_eps_1.0_steps_100_Added_Noise_uniform_Eps_40.0_Tau_Type_normal_anchors - INFO - Batch:[2331] Adversarial images for this batch already exist
2026-01-22 21:31:03,989 - ADV_Generation_eps_1.0_steps_100_Added_Noise_uniform_Eps_40.0_Tau_Type_normal_anchors - INFO - Batch 2332/2465: Clean accuracy 0.9764 | Adv accuracy: 0.0214 | Counter-attack accuracy: 0.9683
2026-01-22 21:31:03,990 - ADV_Generation_eps_1.0_steps_100_Added_Noise_uniform_Eps_40.0_Tau_Type_normal_anchors - INFO - Batch:[2332] Adversarial images for this batch already exist
2026-01-22 21:31:04,308 - ADV_Generation_eps_1.0_steps_100_Added_Noise_uniform_Eps_40.0_Tau_Type_normal_anchors - INFO - Batch 2333/2465: Clean accuracy 0.9764 | Adv accuracy: 0.0214 | Counter-attack accuracy: 0.9683
2026-01-22 21:31:04,309 - ADV_Generation_eps_1.0_steps_100_Added_Noise_uniform_Eps_40.0_Tau_Type_normal_anchors - INFO - Batch:[2333] Adversarial images for this batch already exist
2026-01-22 21:31:04,632 - ADV_Generation_eps_1.0_steps_100_Added_Noise_uniform_Eps_40.0_Tau_Type_normal_anchors - INFO - Batch 2334/2465: Clean accuracy 0.9764 | Adv accuracy: 0.0214 | Counter-attack accuracy: 0.9683
2026-01-22 21:31:04,633 - ADV_Generation_eps_1.0_steps_100_Added_Noise_uniform_Eps_40.0_Tau_Type_normal_anchors - INFO - Batch:[2334] Adversarial images for this batch already exist
2026-01-22 21:31:04,967 - ADV_Generation_eps_1.0_steps_100_Added_Noise_uniform_Eps_40.0_Tau_Type_normal_anchors - INFO - Batch 2335/2465: Clean accuracy 0.9764 | Adv accuracy: 0.0214 | Counter-attack accuracy: 0.9683
2026-01-22 21:31:04,968 - ADV_Generation_eps_1.0_steps_100_Added_Noise_uniform_Eps_40.0_Tau_Type_normal_anchors - INFO - Batch:[2335] Adversarial images for this batch already exist
2026-01-22 21:31:05,292 - ADV_Generation_eps_1.0_steps_100_Added_Noise_uniform_Eps_40.0_Tau_Type_normal_anchors - INFO - Batch 2336/2465: Clean accuracy 0.9765 | Adv accuracy: 0.0214 | Counter-attack accuracy: 0.9683
2026-01-22 21:31:05,293 - ADV_Generation_eps_1.0_steps_100_Added_Noise_uniform_Eps_40.0_Tau_Type_normal_anchors - INFO - Batch:[2336] Adversarial images for this batch already exist
2026-01-22 21:31:05,620 - ADV_Generation_eps_1.0_steps_100_Added_Noise_uniform_Eps_40.0_Tau_Type_normal_anchors - INFO - Batch 2337/2465: Clean accuracy 0.9765 | Adv accuracy: 0.0214 | Counter-attack accuracy: 0.9683
2026-01-22 21:31:05,620 - ADV_Generation_eps_1.0_steps_100_Added_Noise_uniform_Eps_40.0_Tau_Type_normal_anchors - INFO - Batch:[2337] Adversarial images for this batch already exist
2026-01-22 21:31:05,940 - ADV_Generation_eps_1.0_steps_100_Added_Noise_uniform_Eps_40.0_Tau_Type_normal_anchors - INFO - Batch 2338/2465: Clean accuracy 0.9765 | Adv accuracy: 0.0214 | Counter-attack accuracy: 0.9683
2026-01-22 21:31:05,941 - ADV_Generation_eps_1.0_steps_100_Added_Noise_uniform_Eps_40.0_Tau_Type_normal_anchors - INFO - Batch:[2338] Adversarial images for this batch already exist
2026-01-22 21:31:06,269 - ADV_Generation_eps_1.0_steps_100_Added_Noise_uniform_Eps_40.0_Tau_Type_normal_anchors - INFO - Batch 2339/2465: Clean accuracy 0.9765 | Adv accuracy: 0.0214 | Counter-attack accuracy: 0.9684
2026-01-22 21:31:06,270 - ADV_Generation_eps_1.0_steps_100_Added_Noise_uniform_Eps_40.0_Tau_Type_normal_anchors - INFO - Batch:[2339] Adversarial images for this batch already exist
2026-01-22 21:31:06,594 - ADV_Generation_eps_1.0_steps_100_Added_Noise_uniform_Eps_40.0_Tau_Type_normal_anchors - INFO - Batch 2340/2465: Clean accuracy 0.9765 | Adv accuracy: 0.0218 | Counter-attack accuracy: 0.9684
2026-01-22 21:31:06,594 - ADV_Generation_eps_1.0_steps_100_Added_Noise_uniform_Eps_40.0_Tau_Type_normal_anchors - INFO - Batch:[2340] Adversarial images for this batch already exist
2026-01-22 21:31:06,929 - ADV_Generation_eps_1.0_steps_100_Added_Noise_uniform_Eps_40.0_Tau_Type_normal_anchors - INFO - Batch 2341/2465: Clean accuracy 0.9765 | Adv accuracy: 0.0218 | Counter-attack accuracy: 0.9684
2026-01-22 21:31:06,929 - ADV_Generation_eps_1.0_steps_100_Added_Noise_uniform_Eps_40.0_Tau_Type_normal_anchors - INFO - Batch:[2341] Adversarial images for this batch already exist
2026-01-22 21:31:07,266 - ADV_Generation_eps_1.0_steps_100_Added_Noise_uniform_Eps_40.0_Tau_Type_normal_anchors - INFO - Batch 2342/2465: Clean accuracy 0.9765 | Adv accuracy: 0.0218 | Counter-attack accuracy: 0.9684
2026-01-22 21:31:07,266 - ADV_Generation_eps_1.0_steps_100_Added_Noise_uniform_Eps_40.0_Tau_Type_normal_anchors - INFO - Batch:[2342] Adversarial images for this batch already exist
2026-01-22 21:31:07,601 - ADV_Generation_eps_1.0_steps_100_Added_Noise_uniform_Eps_40.0_Tau_Type_normal_anchors - INFO - Batch 2343/2465: Clean accuracy 0.9765 | Adv accuracy: 0.0218 | Counter-attack accuracy: 0.9684
2026-01-22 21:31:07,602 - ADV_Generation_eps_1.0_steps_100_Added_Noise_uniform_Eps_40.0_Tau_Type_normal_anchors - INFO - Batch:[2343] Adversarial images for this batch already exist
2026-01-22 21:31:07,958 - ADV_Generation_eps_1.0_steps_100_Added_Noise_uniform_Eps_40.0_Tau_Type_normal_anchors - INFO - Batch 2344/2465: Clean accuracy 0.9765 | Adv accuracy: 0.0218 | Counter-attack accuracy: 0.9684
2026-01-22 21:31:07,959 - ADV_Generation_eps_1.0_steps_100_Added_Noise_uniform_Eps_40.0_Tau_Type_normal_anchors - INFO - Batch:[2344] Adversarial images for this batch already exist
2026-01-22 21:31:08,286 - ADV_Generation_eps_1.0_steps_100_Added_Noise_uniform_Eps_40.0_Tau_Type_normal_anchors - INFO - Batch 2345/2465: Clean accuracy 0.9765 | Adv accuracy: 0.0217 | Counter-attack accuracy: 0.9684
2026-01-22 21:31:08,287 - ADV_Generation_eps_1.0_steps_100_Added_Noise_uniform_Eps_40.0_Tau_Type_normal_anchors - INFO - Batch:[2345] Adversarial images for this batch already exist
2026-01-22 21:31:08,617 - ADV_Generation_eps_1.0_steps_100_Added_Noise_uniform_Eps_40.0_Tau_Type_normal_anchors - INFO - Batch 2346/2465: Clean accuracy 0.9766 | Adv accuracy: 0.0217 | Counter-attack accuracy: 0.9685
2026-01-22 21:31:08,618 - ADV_Generation_eps_1.0_steps_100_Added_Noise_uniform_Eps_40.0_Tau_Type_normal_anchors - INFO - Batch:[2346] Adversarial images for this batch already exist
2026-01-22 21:31:08,948 - ADV_Generation_eps_1.0_steps_100_Added_Noise_uniform_Eps_40.0_Tau_Type_normal_anchors - INFO - Batch 2347/2465: Clean accuracy 0.9766 | Adv accuracy: 0.0217 | Counter-attack accuracy: 0.9685
2026-01-22 21:31:08,948 - ADV_Generation_eps_1.0_steps_100_Added_Noise_uniform_Eps_40.0_Tau_Type_normal_anchors - INFO - Batch:[2347] Adversarial images for this batch already exist
2026-01-22 21:31:09,269 - ADV_Generation_eps_1.0_steps_100_Added_Noise_uniform_Eps_40.0_Tau_Type_normal_anchors - INFO - Batch 2348/2465: Clean accuracy 0.9766 | Adv accuracy: 0.0217 | Counter-attack accuracy: 0.9685
2026-01-22 21:31:09,270 - ADV_Generation_eps_1.0_steps_100_Added_Noise_uniform_Eps_40.0_Tau_Type_normal_anchors - INFO - Batch:[2348] Adversarial images for this batch already exist
2026-01-22 21:31:09,599 - ADV_Generation_eps_1.0_steps_100_Added_Noise_uniform_Eps_40.0_Tau_Type_normal_anchors - INFO - Batch 2349/2465: Clean accuracy 0.9766 | Adv accuracy: 0.0217 | Counter-attack accuracy: 0.9685
2026-01-22 21:31:09,601 - ADV_Generation_eps_1.0_steps_100_Added_Noise_uniform_Eps_40.0_Tau_Type_normal_anchors - INFO - Batch:[2349] Adversarial images for this batch already exist
2026-01-22 21:31:09,932 - ADV_Generation_eps_1.0_steps_100_Added_Noise_uniform_Eps_40.0_Tau_Type_normal_anchors - INFO - Batch 2350/2465: Clean accuracy 0.9766 | Adv accuracy: 0.0217 | Counter-attack accuracy: 0.9685
2026-01-22 21:31:09,933 - ADV_Generation_eps_1.0_steps_100_Added_Noise_uniform_Eps_40.0_Tau_Type_normal_anchors - INFO - Batch:[2350] Adversarial images for this batch already exist
2026-01-22 21:31:10,268 - ADV_Generation_eps_1.0_steps_100_Added_Noise_uniform_Eps_40.0_Tau_Type_normal_anchors - INFO - Batch 2351/2465: Clean accuracy 0.9766 | Adv accuracy: 0.0217 | Counter-attack accuracy: 0.9685
2026-01-22 21:31:10,268 - ADV_Generation_eps_1.0_steps_100_Added_Noise_uniform_Eps_40.0_Tau_Type_normal_anchors - INFO - Batch:[2351] Adversarial images for this batch already exist
2026-01-22 21:31:10,595 - ADV_Generation_eps_1.0_steps_100_Added_Noise_uniform_Eps_40.0_Tau_Type_normal_anchors - INFO - Batch 2352/2465: Clean accuracy 0.9766 | Adv accuracy: 0.0217 | Counter-attack accuracy: 0.9685
2026-01-22 21:31:10,596 - ADV_Generation_eps_1.0_steps_100_Added_Noise_uniform_Eps_40.0_Tau_Type_normal_anchors - INFO - Batch:[2352] Adversarial images for this batch already exist
2026-01-22 21:31:10,928 - ADV_Generation_eps_1.0_steps_100_Added_Noise_uniform_Eps_40.0_Tau_Type_normal_anchors - INFO - Batch 2353/2465: Clean accuracy 0.9766 | Adv accuracy: 0.0217 | Counter-attack accuracy: 0.9686
2026-01-22 21:31:10,929 - ADV_Generation_eps_1.0_steps_100_Added_Noise_uniform_Eps_40.0_Tau_Type_normal_anchors - INFO - Batch:[2353] Adversarial images for this batch already exist
2026-01-22 21:31:11,251 - ADV_Generation_eps_1.0_steps_100_Added_Noise_uniform_Eps_40.0_Tau_Type_normal_anchors - INFO - Batch 2354/2465: Clean accuracy 0.9766 | Adv accuracy: 0.0217 | Counter-attack accuracy: 0.9686
2026-01-22 21:31:11,252 - ADV_Generation_eps_1.0_steps_100_Added_Noise_uniform_Eps_40.0_Tau_Type_normal_anchors - INFO - Batch:[2354] Adversarial images for this batch already exist
2026-01-22 21:31:11,576 - ADV_Generation_eps_1.0_steps_100_Added_Noise_uniform_Eps_40.0_Tau_Type_normal_anchors - INFO - Batch 2355/2465: Clean accuracy 0.9766 | Adv accuracy: 0.0221 | Counter-attack accuracy: 0.9686
2026-01-22 21:31:11,577 - ADV_Generation_eps_1.0_steps_100_Added_Noise_uniform_Eps_40.0_Tau_Type_normal_anchors - INFO - Batch:[2355] Adversarial images for this batch already exist
2026-01-22 21:31:11,914 - ADV_Generation_eps_1.0_steps_100_Added_Noise_uniform_Eps_40.0_Tau_Type_normal_anchors - INFO - Batch 2356/2465: Clean accuracy 0.9767 | Adv accuracy: 0.0221 | Counter-attack accuracy: 0.9686
2026-01-22 21:31:11,914 - ADV_Generation_eps_1.0_steps_100_Added_Noise_uniform_Eps_40.0_Tau_Type_normal_anchors - INFO - Batch:[2356] Adversarial images for this batch already exist
2026-01-22 21:31:12,258 - ADV_Generation_eps_1.0_steps_100_Added_Noise_uniform_Eps_40.0_Tau_Type_normal_anchors - INFO - Batch 2357/2465: Clean accuracy 0.9767 | Adv accuracy: 0.0221 | Counter-attack accuracy: 0.9686
2026-01-22 21:31:12,259 - ADV_Generation_eps_1.0_steps_100_Added_Noise_uniform_Eps_40.0_Tau_Type_normal_anchors - INFO - Batch:[2357] Adversarial images for this batch already exist
2026-01-22 21:31:12,582 - ADV_Generation_eps_1.0_steps_100_Added_Noise_uniform_Eps_40.0_Tau_Type_normal_anchors - INFO - Batch 2358/2465: Clean accuracy 0.9767 | Adv accuracy: 0.0221 | Counter-attack accuracy: 0.9686
2026-01-22 21:31:12,583 - ADV_Generation_eps_1.0_steps_100_Added_Noise_uniform_Eps_40.0_Tau_Type_normal_anchors - INFO - Batch:[2358] Adversarial images for this batch already exist
2026-01-22 21:31:12,911 - ADV_Generation_eps_1.0_steps_100_Added_Noise_uniform_Eps_40.0_Tau_Type_normal_anchors - INFO - Batch 2359/2465: Clean accuracy 0.9767 | Adv accuracy: 0.0220 | Counter-attack accuracy: 0.9686
2026-01-22 21:31:12,912 - ADV_Generation_eps_1.0_steps_100_Added_Noise_uniform_Eps_40.0_Tau_Type_normal_anchors - INFO - Batch:[2359] Adversarial images for this batch already exist
2026-01-22 21:31:13,235 - ADV_Generation_eps_1.0_steps_100_Added_Noise_uniform_Eps_40.0_Tau_Type_normal_anchors - INFO - Batch 2360/2465: Clean accuracy 0.9767 | Adv accuracy: 0.0225 | Counter-attack accuracy: 0.9686
2026-01-22 21:31:13,236 - ADV_Generation_eps_1.0_steps_100_Added_Noise_uniform_Eps_40.0_Tau_Type_normal_anchors - INFO - Batch:[2360] Adversarial images for this batch already exist
2026-01-22 21:31:13,568 - ADV_Generation_eps_1.0_steps_100_Added_Noise_uniform_Eps_40.0_Tau_Type_normal_anchors - INFO - Batch 2361/2465: Clean accuracy 0.9767 | Adv accuracy: 0.0224 | Counter-attack accuracy: 0.9687
2026-01-22 21:31:13,569 - ADV_Generation_eps_1.0_steps_100_Added_Noise_uniform_Eps_40.0_Tau_Type_normal_anchors - INFO - Batch:[2361] Adversarial images for this batch already exist
2026-01-22 21:31:13,934 - ADV_Generation_eps_1.0_steps_100_Added_Noise_uniform_Eps_40.0_Tau_Type_normal_anchors - INFO - Batch 2362/2465: Clean accuracy 0.9767 | Adv accuracy: 0.0224 | Counter-attack accuracy: 0.9687
2026-01-22 21:31:13,935 - ADV_Generation_eps_1.0_steps_100_Added_Noise_uniform_Eps_40.0_Tau_Type_normal_anchors - INFO - Batch:[2362] Adversarial images for this batch already exist
2026-01-22 21:31:14,262 - ADV_Generation_eps_1.0_steps_100_Added_Noise_uniform_Eps_40.0_Tau_Type_normal_anchors - INFO - Batch 2363/2465: Clean accuracy 0.9767 | Adv accuracy: 0.0224 | Counter-attack accuracy: 0.9687
2026-01-22 21:31:14,263 - ADV_Generation_eps_1.0_steps_100_Added_Noise_uniform_Eps_40.0_Tau_Type_normal_anchors - INFO - Batch:[2363] Adversarial images for this batch already exist
2026-01-22 21:31:14,588 - ADV_Generation_eps_1.0_steps_100_Added_Noise_uniform_Eps_40.0_Tau_Type_normal_anchors - INFO - Batch 2364/2465: Clean accuracy 0.9767 | Adv accuracy: 0.0224 | Counter-attack accuracy: 0.9687
2026-01-22 21:31:14,588 - ADV_Generation_eps_1.0_steps_100_Added_Noise_uniform_Eps_40.0_Tau_Type_normal_anchors - INFO - Batch:[2364] Adversarial images for this batch already exist
2026-01-22 21:31:14,920 - ADV_Generation_eps_1.0_steps_100_Added_Noise_uniform_Eps_40.0_Tau_Type_normal_anchors - INFO - Batch 2365/2465: Clean accuracy 0.9767 | Adv accuracy: 0.0224 | Counter-attack accuracy: 0.9687
2026-01-22 21:31:14,921 - ADV_Generation_eps_1.0_steps_100_Added_Noise_uniform_Eps_40.0_Tau_Type_normal_anchors - INFO - Batch:[2365] Adversarial images for this batch already exist
2026-01-22 21:31:15,250 - ADV_Generation_eps_1.0_steps_100_Added_Noise_uniform_Eps_40.0_Tau_Type_normal_anchors - INFO - Batch 2366/2465: Clean accuracy 0.9768 | Adv accuracy: 0.0224 | Counter-attack accuracy: 0.9687
2026-01-22 21:31:15,251 - ADV_Generation_eps_1.0_steps_100_Added_Noise_uniform_Eps_40.0_Tau_Type_normal_anchors - INFO - Batch:[2366] Adversarial images for this batch already exist
2026-01-22 21:31:15,577 - ADV_Generation_eps_1.0_steps_100_Added_Noise_uniform_Eps_40.0_Tau_Type_normal_anchors - INFO - Batch 2367/2465: Clean accuracy 0.9768 | Adv accuracy: 0.0224 | Counter-attack accuracy: 0.9687
2026-01-22 21:31:15,577 - ADV_Generation_eps_1.0_steps_100_Added_Noise_uniform_Eps_40.0_Tau_Type_normal_anchors - INFO - Batch:[2367] Adversarial images for this batch already exist
2026-01-22 21:31:15,904 - ADV_Generation_eps_1.0_steps_100_Added_Noise_uniform_Eps_40.0_Tau_Type_normal_anchors - INFO - Batch 2368/2465: Clean accuracy 0.9768 | Adv accuracy: 0.0224 | Counter-attack accuracy: 0.9688
2026-01-22 21:31:15,905 - ADV_Generation_eps_1.0_steps_100_Added_Noise_uniform_Eps_40.0_Tau_Type_normal_anchors - INFO - Batch:[2368] Adversarial images for this batch already exist
2026-01-22 21:31:16,228 - ADV_Generation_eps_1.0_steps_100_Added_Noise_uniform_Eps_40.0_Tau_Type_normal_anchors - INFO - Batch 2369/2465: Clean accuracy 0.9768 | Adv accuracy: 0.0224 | Counter-attack accuracy: 0.9688
2026-01-22 21:31:16,229 - ADV_Generation_eps_1.0_steps_100_Added_Noise_uniform_Eps_40.0_Tau_Type_normal_anchors - INFO - Batch:[2369] Adversarial images for this batch already exist
2026-01-22 21:31:16,549 - ADV_Generation_eps_1.0_steps_100_Added_Noise_uniform_Eps_40.0_Tau_Type_normal_anchors - INFO - Batch 2370/2465: Clean accuracy 0.9768 | Adv accuracy: 0.0224 | Counter-attack accuracy: 0.9688
2026-01-22 21:31:16,550 - ADV_Generation_eps_1.0_steps_100_Added_Noise_uniform_Eps_40.0_Tau_Type_normal_anchors - INFO - Batch:[2370] Adversarial images for this batch already exist
2026-01-22 21:31:16,877 - ADV_Generation_eps_1.0_steps_100_Added_Noise_uniform_Eps_40.0_Tau_Type_normal_anchors - INFO - Batch 2371/2465: Clean accuracy 0.9768 | Adv accuracy: 0.0224 | Counter-attack accuracy: 0.9688
2026-01-22 21:31:16,878 - ADV_Generation_eps_1.0_steps_100_Added_Noise_uniform_Eps_40.0_Tau_Type_normal_anchors - INFO - Batch:[2371] Adversarial images for this batch already exist
2026-01-22 21:31:17,199 - ADV_Generation_eps_1.0_steps_100_Added_Noise_uniform_Eps_40.0_Tau_Type_normal_anchors - INFO - Batch 2372/2465: Clean accuracy 0.9768 | Adv accuracy: 0.0223 | Counter-attack accuracy: 0.9688
2026-01-22 21:31:17,200 - ADV_Generation_eps_1.0_steps_100_Added_Noise_uniform_Eps_40.0_Tau_Type_normal_anchors - INFO - Batch:[2372] Adversarial images for this batch already exist
2026-01-22 21:31:17,520 - ADV_Generation_eps_1.0_steps_100_Added_Noise_uniform_Eps_40.0_Tau_Type_normal_anchors - INFO - Batch 2373/2465: Clean accuracy 0.9768 | Adv accuracy: 0.0223 | Counter-attack accuracy: 0.9688
2026-01-22 21:31:17,521 - ADV_Generation_eps_1.0_steps_100_Added_Noise_uniform_Eps_40.0_Tau_Type_normal_anchors - INFO - Batch:[2373] Adversarial images for this batch already exist
2026-01-22 21:31:17,843 - ADV_Generation_eps_1.0_steps_100_Added_Noise_uniform_Eps_40.0_Tau_Type_normal_anchors - INFO - Batch 2374/2465: Clean accuracy 0.9768 | Adv accuracy: 0.0223 | Counter-attack accuracy: 0.9688
2026-01-22 21:31:17,844 - ADV_Generation_eps_1.0_steps_100_Added_Noise_uniform_Eps_40.0_Tau_Type_normal_anchors - INFO - Batch:[2374] Adversarial images for this batch already exist
2026-01-22 21:31:18,163 - ADV_Generation_eps_1.0_steps_100_Added_Noise_uniform_Eps_40.0_Tau_Type_normal_anchors - INFO - Batch 2375/2465: Clean accuracy 0.9768 | Adv accuracy: 0.0223 | Counter-attack accuracy: 0.9688
2026-01-22 21:31:18,164 - ADV_Generation_eps_1.0_steps_100_Added_Noise_uniform_Eps_40.0_Tau_Type_normal_anchors - INFO - Batch:[2375] Adversarial images for this batch already exist
2026-01-22 21:31:18,496 - ADV_Generation_eps_1.0_steps_100_Added_Noise_uniform_Eps_40.0_Tau_Type_normal_anchors - INFO - Batch 2376/2465: Clean accuracy 0.9769 | Adv accuracy: 0.0223 | Counter-attack accuracy: 0.9689
2026-01-22 21:31:18,497 - ADV_Generation_eps_1.0_steps_100_Added_Noise_uniform_Eps_40.0_Tau_Type_normal_anchors - INFO - Batch:[2376] Adversarial images for this batch already exist
2026-01-22 21:31:18,827 - ADV_Generation_eps_1.0_steps_100_Added_Noise_uniform_Eps_40.0_Tau_Type_normal_anchors - INFO - Batch 2377/2465: Clean accuracy 0.9769 | Adv accuracy: 0.0227 | Counter-attack accuracy: 0.9689
2026-01-22 21:31:18,828 - ADV_Generation_eps_1.0_steps_100_Added_Noise_uniform_Eps_40.0_Tau_Type_normal_anchors - INFO - Batch:[2377] Adversarial images for this batch already exist
2026-01-22 21:31:19,154 - ADV_Generation_eps_1.0_steps_100_Added_Noise_uniform_Eps_40.0_Tau_Type_normal_anchors - INFO - Batch 2378/2465: Clean accuracy 0.9769 | Adv accuracy: 0.0227 | Counter-attack accuracy: 0.9689
2026-01-22 21:31:19,156 - ADV_Generation_eps_1.0_steps_100_Added_Noise_uniform_Eps_40.0_Tau_Type_normal_anchors - INFO - Batch:[2378] Adversarial images for this batch already exist
2026-01-22 21:31:19,485 - ADV_Generation_eps_1.0_steps_100_Added_Noise_uniform_Eps_40.0_Tau_Type_normal_anchors - INFO - Batch 2379/2465: Clean accuracy 0.9769 | Adv accuracy: 0.0227 | Counter-attack accuracy: 0.9689
2026-01-22 21:31:19,485 - ADV_Generation_eps_1.0_steps_100_Added_Noise_uniform_Eps_40.0_Tau_Type_normal_anchors - INFO - Batch:[2379] Adversarial images for this batch already exist
2026-01-22 21:31:19,802 - ADV_Generation_eps_1.0_steps_100_Added_Noise_uniform_Eps_40.0_Tau_Type_normal_anchors - INFO - Batch 2380/2465: Clean accuracy 0.9769 | Adv accuracy: 0.0227 | Counter-attack accuracy: 0.9689
2026-01-22 21:31:19,803 - ADV_Generation_eps_1.0_steps_100_Added_Noise_uniform_Eps_40.0_Tau_Type_normal_anchors - INFO - Batch:[2380] Adversarial images for this batch already exist
2026-01-22 21:31:20,126 - ADV_Generation_eps_1.0_steps_100_Added_Noise_uniform_Eps_40.0_Tau_Type_normal_anchors - INFO - Batch 2381/2465: Clean accuracy 0.9765 | Adv accuracy: 0.0227 | Counter-attack accuracy: 0.9689
2026-01-22 21:31:20,127 - ADV_Generation_eps_1.0_steps_100_Added_Noise_uniform_Eps_40.0_Tau_Type_normal_anchors - INFO - Batch:[2381] Adversarial images for this batch already exist
2026-01-22 21:31:20,477 - ADV_Generation_eps_1.0_steps_100_Added_Noise_uniform_Eps_40.0_Tau_Type_normal_anchors - INFO - Batch 2382/2465: Clean accuracy 0.9765 | Adv accuracy: 0.0227 | Counter-attack accuracy: 0.9689
2026-01-22 21:31:20,477 - ADV_Generation_eps_1.0_steps_100_Added_Noise_uniform_Eps_40.0_Tau_Type_normal_anchors - INFO - Batch:[2382] Adversarial images for this batch already exist
2026-01-22 21:31:20,806 - ADV_Generation_eps_1.0_steps_100_Added_Noise_uniform_Eps_40.0_Tau_Type_normal_anchors - INFO - Batch 2383/2465: Clean accuracy 0.9761 | Adv accuracy: 0.0227 | Counter-attack accuracy: 0.9685
2026-01-22 21:31:20,807 - ADV_Generation_eps_1.0_steps_100_Added_Noise_uniform_Eps_40.0_Tau_Type_normal_anchors - INFO - Batch:[2383] Adversarial images for this batch already exist
2026-01-22 21:31:21,134 - ADV_Generation_eps_1.0_steps_100_Added_Noise_uniform_Eps_40.0_Tau_Type_normal_anchors - INFO - Batch 2384/2465: Clean accuracy 0.9761 | Adv accuracy: 0.0227 | Counter-attack accuracy: 0.9685
2026-01-22 21:31:21,134 - ADV_Generation_eps_1.0_steps_100_Added_Noise_uniform_Eps_40.0_Tau_Type_normal_anchors - INFO - Batch:[2384] Adversarial images for this batch already exist
2026-01-22 21:31:21,506 - ADV_Generation_eps_1.0_steps_100_Added_Noise_uniform_Eps_40.0_Tau_Type_normal_anchors - INFO - Batch 2385/2465: Clean accuracy 0.9761 | Adv accuracy: 0.0226 | Counter-attack accuracy: 0.9686
2026-01-22 21:31:21,506 - ADV_Generation_eps_1.0_steps_100_Added_Noise_uniform_Eps_40.0_Tau_Type_normal_anchors - INFO - Batch:[2385] Adversarial images for this batch already exist
2026-01-22 21:31:21,833 - ADV_Generation_eps_1.0_steps_100_Added_Noise_uniform_Eps_40.0_Tau_Type_normal_anchors - INFO - Batch 2386/2465: Clean accuracy 0.9761 | Adv accuracy: 0.0226 | Counter-attack accuracy: 0.9686
2026-01-22 21:31:21,833 - ADV_Generation_eps_1.0_steps_100_Added_Noise_uniform_Eps_40.0_Tau_Type_normal_anchors - INFO - Batch:[2386] Adversarial images for this batch already exist
2026-01-22 21:31:22,156 - ADV_Generation_eps_1.0_steps_100_Added_Noise_uniform_Eps_40.0_Tau_Type_normal_anchors - INFO - Batch 2387/2465: Clean accuracy 0.9761 | Adv accuracy: 0.0226 | Counter-attack accuracy: 0.9686
2026-01-22 21:31:22,157 - ADV_Generation_eps_1.0_steps_100_Added_Noise_uniform_Eps_40.0_Tau_Type_normal_anchors - INFO - Batch:[2387] Adversarial images for this batch already exist
2026-01-22 21:31:22,481 - ADV_Generation_eps_1.0_steps_100_Added_Noise_uniform_Eps_40.0_Tau_Type_normal_anchors - INFO - Batch 2388/2465: Clean accuracy 0.9761 | Adv accuracy: 0.0226 | Counter-attack accuracy: 0.9686
2026-01-22 21:31:22,481 - ADV_Generation_eps_1.0_steps_100_Added_Noise_uniform_Eps_40.0_Tau_Type_normal_anchors - INFO - Batch:[2388] Adversarial images for this batch already exist
2026-01-22 21:31:22,808 - ADV_Generation_eps_1.0_steps_100_Added_Noise_uniform_Eps_40.0_Tau_Type_normal_anchors - INFO - Batch 2389/2465: Clean accuracy 0.9757 | Adv accuracy: 0.0226 | Counter-attack accuracy: 0.9686
2026-01-22 21:31:22,808 - ADV_Generation_eps_1.0_steps_100_Added_Noise_uniform_Eps_40.0_Tau_Type_normal_anchors - INFO - Batch:[2389] Adversarial images for this batch already exist
2026-01-22 21:31:23,136 - ADV_Generation_eps_1.0_steps_100_Added_Noise_uniform_Eps_40.0_Tau_Type_normal_anchors - INFO - Batch 2390/2465: Clean accuracy 0.9757 | Adv accuracy: 0.0226 | Counter-attack accuracy: 0.9686
2026-01-22 21:31:23,136 - ADV_Generation_eps_1.0_steps_100_Added_Noise_uniform_Eps_40.0_Tau_Type_normal_anchors - INFO - Batch:[2390] Adversarial images for this batch already exist
2026-01-22 21:31:23,488 - ADV_Generation_eps_1.0_steps_100_Added_Noise_uniform_Eps_40.0_Tau_Type_normal_anchors - INFO - Batch 2391/2465: Clean accuracy 0.9757 | Adv accuracy: 0.0226 | Counter-attack accuracy: 0.9686
2026-01-22 21:31:23,489 - ADV_Generation_eps_1.0_steps_100_Added_Noise_uniform_Eps_40.0_Tau_Type_normal_anchors - INFO - Batch:[2391] Adversarial images for this batch already exist
2026-01-22 21:31:23,816 - ADV_Generation_eps_1.0_steps_100_Added_Noise_uniform_Eps_40.0_Tau_Type_normal_anchors - INFO - Batch 2392/2465: Clean accuracy 0.9758 | Adv accuracy: 0.0226 | Counter-attack accuracy: 0.9686
2026-01-22 21:31:23,816 - ADV_Generation_eps_1.0_steps_100_Added_Noise_uniform_Eps_40.0_Tau_Type_normal_anchors - INFO - Batch:[2392] Adversarial images for this batch already exist
2026-01-22 21:31:24,131 - ADV_Generation_eps_1.0_steps_100_Added_Noise_uniform_Eps_40.0_Tau_Type_normal_anchors - INFO - Batch 2393/2465: Clean accuracy 0.9758 | Adv accuracy: 0.0226 | Counter-attack accuracy: 0.9687
2026-01-22 21:31:24,132 - ADV_Generation_eps_1.0_steps_100_Added_Noise_uniform_Eps_40.0_Tau_Type_normal_anchors - INFO - Batch:[2393] Adversarial images for this batch already exist
2026-01-22 21:31:24,454 - ADV_Generation_eps_1.0_steps_100_Added_Noise_uniform_Eps_40.0_Tau_Type_normal_anchors - INFO - Batch 2394/2465: Clean accuracy 0.9758 | Adv accuracy: 0.0226 | Counter-attack accuracy: 0.9687
2026-01-22 21:31:24,455 - ADV_Generation_eps_1.0_steps_100_Added_Noise_uniform_Eps_40.0_Tau_Type_normal_anchors - INFO - Batch:[2394] Adversarial images for this batch already exist
2026-01-22 21:31:24,781 - ADV_Generation_eps_1.0_steps_100_Added_Noise_uniform_Eps_40.0_Tau_Type_normal_anchors - INFO - Batch 2395/2465: Clean accuracy 0.9758 | Adv accuracy: 0.0225 | Counter-attack accuracy: 0.9687
2026-01-22 21:31:24,782 - ADV_Generation_eps_1.0_steps_100_Added_Noise_uniform_Eps_40.0_Tau_Type_normal_anchors - INFO - Batch:[2395] Adversarial images for this batch already exist
2026-01-22 21:31:25,104 - ADV_Generation_eps_1.0_steps_100_Added_Noise_uniform_Eps_40.0_Tau_Type_normal_anchors - INFO - Batch 2396/2465: Clean accuracy 0.9758 | Adv accuracy: 0.0225 | Counter-attack accuracy: 0.9687
2026-01-22 21:31:25,105 - ADV_Generation_eps_1.0_steps_100_Added_Noise_uniform_Eps_40.0_Tau_Type_normal_anchors - INFO - Batch:[2396] Adversarial images for this batch already exist
2026-01-22 21:31:25,428 - ADV_Generation_eps_1.0_steps_100_Added_Noise_uniform_Eps_40.0_Tau_Type_normal_anchors - INFO - Batch 2397/2465: Clean accuracy 0.9758 | Adv accuracy: 0.0225 | Counter-attack accuracy: 0.9687
2026-01-22 21:31:25,429 - ADV_Generation_eps_1.0_steps_100_Added_Noise_uniform_Eps_40.0_Tau_Type_normal_anchors - INFO - Batch:[2397] Adversarial images for this batch already exist
2026-01-22 21:31:25,755 - ADV_Generation_eps_1.0_steps_100_Added_Noise_uniform_Eps_40.0_Tau_Type_normal_anchors - INFO - Batch 2398/2465: Clean accuracy 0.9758 | Adv accuracy: 0.0225 | Counter-attack accuracy: 0.9687
2026-01-22 21:31:25,755 - ADV_Generation_eps_1.0_steps_100_Added_Noise_uniform_Eps_40.0_Tau_Type_normal_anchors - INFO - Batch:[2398] Adversarial images for this batch already exist
2026-01-22 21:31:26,078 - ADV_Generation_eps_1.0_steps_100_Added_Noise_uniform_Eps_40.0_Tau_Type_normal_anchors - INFO - Batch 2399/2465: Clean accuracy 0.9758 | Adv accuracy: 0.0225 | Counter-attack accuracy: 0.9687
2026-01-22 21:31:26,079 - ADV_Generation_eps_1.0_steps_100_Added_Noise_uniform_Eps_40.0_Tau_Type_normal_anchors - INFO - Batch:[2399] Adversarial images for this batch already exist
2026-01-22 21:31:26,401 - ADV_Generation_eps_1.0_steps_100_Added_Noise_uniform_Eps_40.0_Tau_Type_normal_anchors - INFO - Batch 2400/2465: Clean accuracy 0.9758 | Adv accuracy: 0.0225 | Counter-attack accuracy: 0.9688
2026-01-22 21:31:26,401 - ADV_Generation_eps_1.0_steps_100_Added_Noise_uniform_Eps_40.0_Tau_Type_normal_anchors - INFO - Batch:[2400] Adversarial images for this batch already exist
2026-01-22 21:31:26,749 - ADV_Generation_eps_1.0_steps_100_Added_Noise_uniform_Eps_40.0_Tau_Type_normal_anchors - INFO - Batch 2401/2465: Clean accuracy 0.9758 | Adv accuracy: 0.0225 | Counter-attack accuracy: 0.9688
2026-01-22 21:31:26,750 - ADV_Generation_eps_1.0_steps_100_Added_Noise_uniform_Eps_40.0_Tau_Type_normal_anchors - INFO - Batch:[2401] Adversarial images for this batch already exist
2026-01-22 21:31:27,072 - ADV_Generation_eps_1.0_steps_100_Added_Noise_uniform_Eps_40.0_Tau_Type_normal_anchors - INFO - Batch 2402/2465: Clean accuracy 0.9759 | Adv accuracy: 0.0225 | Counter-attack accuracy: 0.9688
2026-01-22 21:31:27,072 - ADV_Generation_eps_1.0_steps_100_Added_Noise_uniform_Eps_40.0_Tau_Type_normal_anchors - INFO - Batch:[2402] Adversarial images for this batch already exist
2026-01-22 21:31:27,395 - ADV_Generation_eps_1.0_steps_100_Added_Noise_uniform_Eps_40.0_Tau_Type_normal_anchors - INFO - Batch 2403/2465: Clean accuracy 0.9759 | Adv accuracy: 0.0225 | Counter-attack accuracy: 0.9688
2026-01-22 21:31:27,396 - ADV_Generation_eps_1.0_steps_100_Added_Noise_uniform_Eps_40.0_Tau_Type_normal_anchors - INFO - Batch:[2403] Adversarial images for this batch already exist
2026-01-22 21:31:27,734 - ADV_Generation_eps_1.0_steps_100_Added_Noise_uniform_Eps_40.0_Tau_Type_normal_anchors - INFO - Batch 2404/2465: Clean accuracy 0.9759 | Adv accuracy: 0.0225 | Counter-attack accuracy: 0.9688
2026-01-22 21:31:27,735 - ADV_Generation_eps_1.0_steps_100_Added_Noise_uniform_Eps_40.0_Tau_Type_normal_anchors - INFO - Batch:[2404] Adversarial images for this batch already exist
2026-01-22 21:31:28,058 - ADV_Generation_eps_1.0_steps_100_Added_Noise_uniform_Eps_40.0_Tau_Type_normal_anchors - INFO - Batch 2405/2465: Clean accuracy 0.9759 | Adv accuracy: 0.0225 | Counter-attack accuracy: 0.9688
2026-01-22 21:31:28,059 - ADV_Generation_eps_1.0_steps_100_Added_Noise_uniform_Eps_40.0_Tau_Type_normal_anchors - INFO - Batch:[2405] Adversarial images for this batch already exist
2026-01-22 21:31:28,430 - ADV_Generation_eps_1.0_steps_100_Added_Noise_uniform_Eps_40.0_Tau_Type_normal_anchors - INFO - Batch 2406/2465: Clean accuracy 0.9759 | Adv accuracy: 0.0224 | Counter-attack accuracy: 0.9688
2026-01-22 21:31:28,430 - ADV_Generation_eps_1.0_steps_100_Added_Noise_uniform_Eps_40.0_Tau_Type_normal_anchors - INFO - Batch:[2406] Adversarial images for this batch already exist
2026-01-22 21:31:28,754 - ADV_Generation_eps_1.0_steps_100_Added_Noise_uniform_Eps_40.0_Tau_Type_normal_anchors - INFO - Batch 2407/2465: Clean accuracy 0.9759 | Adv accuracy: 0.0224 | Counter-attack accuracy: 0.9688
2026-01-22 21:31:28,754 - ADV_Generation_eps_1.0_steps_100_Added_Noise_uniform_Eps_40.0_Tau_Type_normal_anchors - INFO - Batch:[2407] Adversarial images for this batch already exist
2026-01-22 21:31:29,120 - ADV_Generation_eps_1.0_steps_100_Added_Noise_uniform_Eps_40.0_Tau_Type_normal_anchors - INFO - Batch 2408/2465: Clean accuracy 0.9759 | Adv accuracy: 0.0224 | Counter-attack accuracy: 0.9689
2026-01-22 21:31:29,121 - ADV_Generation_eps_1.0_steps_100_Added_Noise_uniform_Eps_40.0_Tau_Type_normal_anchors - INFO - Batch:[2408] Adversarial images for this batch already exist
2026-01-22 21:31:29,446 - ADV_Generation_eps_1.0_steps_100_Added_Noise_uniform_Eps_40.0_Tau_Type_normal_anchors - INFO - Batch 2409/2465: Clean accuracy 0.9759 | Adv accuracy: 0.0224 | Counter-attack accuracy: 0.9689
2026-01-22 21:31:29,447 - ADV_Generation_eps_1.0_steps_100_Added_Noise_uniform_Eps_40.0_Tau_Type_normal_anchors - INFO - Batch:[2409] Adversarial images for this batch already exist
2026-01-22 21:31:29,771 - ADV_Generation_eps_1.0_steps_100_Added_Noise_uniform_Eps_40.0_Tau_Type_normal_anchors - INFO - Batch 2410/2465: Clean accuracy 0.9759 | Adv accuracy: 0.0224 | Counter-attack accuracy: 0.9685
2026-01-22 21:31:29,772 - ADV_Generation_eps_1.0_steps_100_Added_Noise_uniform_Eps_40.0_Tau_Type_normal_anchors - INFO - Batch:[2410] Adversarial images for this batch already exist
2026-01-22 21:31:30,097 - ADV_Generation_eps_1.0_steps_100_Added_Noise_uniform_Eps_40.0_Tau_Type_normal_anchors - INFO - Batch 2411/2465: Clean accuracy 0.9759 | Adv accuracy: 0.0224 | Counter-attack accuracy: 0.9685
2026-01-22 21:31:30,097 - ADV_Generation_eps_1.0_steps_100_Added_Noise_uniform_Eps_40.0_Tau_Type_normal_anchors - INFO - Batch:[2411] Adversarial images for this batch already exist
2026-01-22 21:31:30,421 - ADV_Generation_eps_1.0_steps_100_Added_Noise_uniform_Eps_40.0_Tau_Type_normal_anchors - INFO - Batch 2412/2465: Clean accuracy 0.9760 | Adv accuracy: 0.0224 | Counter-attack accuracy: 0.9685
2026-01-22 21:31:30,421 - ADV_Generation_eps_1.0_steps_100_Added_Noise_uniform_Eps_40.0_Tau_Type_normal_anchors - INFO - Batch:[2412] Adversarial images for this batch already exist
2026-01-22 21:31:30,748 - ADV_Generation_eps_1.0_steps_100_Added_Noise_uniform_Eps_40.0_Tau_Type_normal_anchors - INFO - Batch 2413/2465: Clean accuracy 0.9760 | Adv accuracy: 0.0224 | Counter-attack accuracy: 0.9685
2026-01-22 21:31:30,749 - ADV_Generation_eps_1.0_steps_100_Added_Noise_uniform_Eps_40.0_Tau_Type_normal_anchors - INFO - Batch:[2413] Adversarial images for this batch already exist
2026-01-22 21:31:31,073 - ADV_Generation_eps_1.0_steps_100_Added_Noise_uniform_Eps_40.0_Tau_Type_normal_anchors - INFO - Batch 2414/2465: Clean accuracy 0.9760 | Adv accuracy: 0.0224 | Counter-attack accuracy: 0.9685
2026-01-22 21:31:31,074 - ADV_Generation_eps_1.0_steps_100_Added_Noise_uniform_Eps_40.0_Tau_Type_normal_anchors - INFO - Batch:[2414] Adversarial images for this batch already exist
2026-01-22 21:31:31,453 - ADV_Generation_eps_1.0_steps_100_Added_Noise_uniform_Eps_40.0_Tau_Type_normal_anchors - INFO - Batch 2415/2465: Clean accuracy 0.9760 | Adv accuracy: 0.0224 | Counter-attack accuracy: 0.9685
2026-01-22 21:31:31,454 - ADV_Generation_eps_1.0_steps_100_Added_Noise_uniform_Eps_40.0_Tau_Type_normal_anchors - INFO - Batch:[2415] Adversarial images for this batch already exist
2026-01-22 21:31:31,786 - ADV_Generation_eps_1.0_steps_100_Added_Noise_uniform_Eps_40.0_Tau_Type_normal_anchors - INFO - Batch 2416/2465: Clean accuracy 0.9760 | Adv accuracy: 0.0224 | Counter-attack accuracy: 0.9685
2026-01-22 21:31:31,787 - ADV_Generation_eps_1.0_steps_100_Added_Noise_uniform_Eps_40.0_Tau_Type_normal_anchors - INFO - Batch:[2416] Adversarial images for this batch already exist
2026-01-22 21:31:32,107 - ADV_Generation_eps_1.0_steps_100_Added_Noise_uniform_Eps_40.0_Tau_Type_normal_anchors - INFO - Batch 2417/2465: Clean accuracy 0.9760 | Adv accuracy: 0.0223 | Counter-attack accuracy: 0.9686
2026-01-22 21:31:32,108 - ADV_Generation_eps_1.0_steps_100_Added_Noise_uniform_Eps_40.0_Tau_Type_normal_anchors - INFO - Batch:[2417] Adversarial images for this batch already exist
2026-01-22 21:31:32,437 - ADV_Generation_eps_1.0_steps_100_Added_Noise_uniform_Eps_40.0_Tau_Type_normal_anchors - INFO - Batch 2418/2465: Clean accuracy 0.9760 | Adv accuracy: 0.0223 | Counter-attack accuracy: 0.9686
2026-01-22 21:31:32,438 - ADV_Generation_eps_1.0_steps_100_Added_Noise_uniform_Eps_40.0_Tau_Type_normal_anchors - INFO - Batch:[2418] Adversarial images for this batch already exist
2026-01-22 21:31:32,760 - ADV_Generation_eps_1.0_steps_100_Added_Noise_uniform_Eps_40.0_Tau_Type_normal_anchors - INFO - Batch 2419/2465: Clean accuracy 0.9760 | Adv accuracy: 0.0223 | Counter-attack accuracy: 0.9686
2026-01-22 21:31:32,761 - ADV_Generation_eps_1.0_steps_100_Added_Noise_uniform_Eps_40.0_Tau_Type_normal_anchors - INFO - Batch:[2419] Adversarial images for this batch already exist
2026-01-22 21:31:33,086 - ADV_Generation_eps_1.0_steps_100_Added_Noise_uniform_Eps_40.0_Tau_Type_normal_anchors - INFO - Batch 2420/2465: Clean accuracy 0.9760 | Adv accuracy: 0.0223 | Counter-attack accuracy: 0.9686
2026-01-22 21:31:33,087 - ADV_Generation_eps_1.0_steps_100_Added_Noise_uniform_Eps_40.0_Tau_Type_normal_anchors - INFO - Batch:[2420] Adversarial images for this batch already exist
2026-01-22 21:31:33,410 - ADV_Generation_eps_1.0_steps_100_Added_Noise_uniform_Eps_40.0_Tau_Type_normal_anchors - INFO - Batch 2421/2465: Clean accuracy 0.9760 | Adv accuracy: 0.0223 | Counter-attack accuracy: 0.9686
2026-01-22 21:31:33,410 - ADV_Generation_eps_1.0_steps_100_Added_Noise_uniform_Eps_40.0_Tau_Type_normal_anchors - INFO - Batch:[2421] Adversarial images for this batch already exist
2026-01-22 21:31:33,739 - ADV_Generation_eps_1.0_steps_100_Added_Noise_uniform_Eps_40.0_Tau_Type_normal_anchors - INFO - Batch 2422/2465: Clean accuracy 0.9761 | Adv accuracy: 0.0223 | Counter-attack accuracy: 0.9686
2026-01-22 21:31:33,740 - ADV_Generation_eps_1.0_steps_100_Added_Noise_uniform_Eps_40.0_Tau_Type_normal_anchors - INFO - Batch:[2422] Adversarial images for this batch already exist
2026-01-22 21:31:34,059 - ADV_Generation_eps_1.0_steps_100_Added_Noise_uniform_Eps_40.0_Tau_Type_normal_anchors - INFO - Batch 2423/2465: Clean accuracy 0.9761 | Adv accuracy: 0.0223 | Counter-attack accuracy: 0.9686
2026-01-22 21:31:34,061 - ADV_Generation_eps_1.0_steps_100_Added_Noise_uniform_Eps_40.0_Tau_Type_normal_anchors - INFO - Batch:[2423] Adversarial images for this batch already exist
2026-01-22 21:31:34,386 - ADV_Generation_eps_1.0_steps_100_Added_Noise_uniform_Eps_40.0_Tau_Type_normal_anchors - INFO - Batch 2424/2465: Clean accuracy 0.9761 | Adv accuracy: 0.0223 | Counter-attack accuracy: 0.9686
2026-01-22 21:31:34,387 - ADV_Generation_eps_1.0_steps_100_Added_Noise_uniform_Eps_40.0_Tau_Type_normal_anchors - INFO - Batch:[2424] Adversarial images for this batch already exist
2026-01-22 21:31:34,720 - ADV_Generation_eps_1.0_steps_100_Added_Noise_uniform_Eps_40.0_Tau_Type_normal_anchors - INFO - Batch 2425/2465: Clean accuracy 0.9761 | Adv accuracy: 0.0223 | Counter-attack accuracy: 0.9687
2026-01-22 21:31:34,721 - ADV_Generation_eps_1.0_steps_100_Added_Noise_uniform_Eps_40.0_Tau_Type_normal_anchors - INFO - Batch:[2425] Adversarial images for this batch already exist
2026-01-22 21:31:35,083 - ADV_Generation_eps_1.0_steps_100_Added_Noise_uniform_Eps_40.0_Tau_Type_normal_anchors - INFO - Batch 2426/2465: Clean accuracy 0.9757 | Adv accuracy: 0.0223 | Counter-attack accuracy: 0.9683
2026-01-22 21:31:35,084 - ADV_Generation_eps_1.0_steps_100_Added_Noise_uniform_Eps_40.0_Tau_Type_normal_anchors - INFO - Batch:[2426] Adversarial images for this batch already exist
2026-01-22 21:31:35,409 - ADV_Generation_eps_1.0_steps_100_Added_Noise_uniform_Eps_40.0_Tau_Type_normal_anchors - INFO - Batch 2427/2465: Clean accuracy 0.9757 | Adv accuracy: 0.0222 | Counter-attack accuracy: 0.9683
2026-01-22 21:31:35,410 - ADV_Generation_eps_1.0_steps_100_Added_Noise_uniform_Eps_40.0_Tau_Type_normal_anchors - INFO - Batch:[2427] Adversarial images for this batch already exist
2026-01-22 21:31:35,735 - ADV_Generation_eps_1.0_steps_100_Added_Noise_uniform_Eps_40.0_Tau_Type_normal_anchors - INFO - Batch 2428/2465: Clean accuracy 0.9757 | Adv accuracy: 0.0222 | Counter-attack accuracy: 0.9683
2026-01-22 21:31:35,736 - ADV_Generation_eps_1.0_steps_100_Added_Noise_uniform_Eps_40.0_Tau_Type_normal_anchors - INFO - Batch:[2428] Adversarial images for this batch already exist
2026-01-22 21:31:36,063 - ADV_Generation_eps_1.0_steps_100_Added_Noise_uniform_Eps_40.0_Tau_Type_normal_anchors - INFO - Batch 2429/2465: Clean accuracy 0.9757 | Adv accuracy: 0.0222 | Counter-attack accuracy: 0.9683
2026-01-22 21:31:36,063 - ADV_Generation_eps_1.0_steps_100_Added_Noise_uniform_Eps_40.0_Tau_Type_normal_anchors - INFO - Batch:[2429] Adversarial images for this batch already exist
2026-01-22 21:31:36,383 - ADV_Generation_eps_1.0_steps_100_Added_Noise_uniform_Eps_40.0_Tau_Type_normal_anchors - INFO - Batch 2430/2465: Clean accuracy 0.9757 | Adv accuracy: 0.0222 | Counter-attack accuracy: 0.9683
2026-01-22 21:31:36,383 - ADV_Generation_eps_1.0_steps_100_Added_Noise_uniform_Eps_40.0_Tau_Type_normal_anchors - INFO - Batch:[2430] Adversarial images for this batch already exist
2026-01-22 21:31:36,711 - ADV_Generation_eps_1.0_steps_100_Added_Noise_uniform_Eps_40.0_Tau_Type_normal_anchors - INFO - Batch 2431/2465: Clean accuracy 0.9757 | Adv accuracy: 0.0222 | Counter-attack accuracy: 0.9683
2026-01-22 21:31:36,712 - ADV_Generation_eps_1.0_steps_100_Added_Noise_uniform_Eps_40.0_Tau_Type_normal_anchors - INFO - Batch:[2431] Adversarial images for this batch already exist
2026-01-22 21:31:37,026 - ADV_Generation_eps_1.0_steps_100_Added_Noise_uniform_Eps_40.0_Tau_Type_normal_anchors - INFO - Batch 2432/2465: Clean accuracy 0.9757 | Adv accuracy: 0.0222 | Counter-attack accuracy: 0.9683
2026-01-22 21:31:37,027 - ADV_Generation_eps_1.0_steps_100_Added_Noise_uniform_Eps_40.0_Tau_Type_normal_anchors - INFO - Batch:[2432] Adversarial images for this batch already exist
2026-01-22 21:31:37,354 - ADV_Generation_eps_1.0_steps_100_Added_Noise_uniform_Eps_40.0_Tau_Type_normal_anchors - INFO - Batch 2433/2465: Clean accuracy 0.9758 | Adv accuracy: 0.0222 | Counter-attack accuracy: 0.9684
2026-01-22 21:31:37,354 - ADV_Generation_eps_1.0_steps_100_Added_Noise_uniform_Eps_40.0_Tau_Type_normal_anchors - INFO - Batch:[2433] Adversarial images for this batch already exist
2026-01-22 21:31:37,678 - ADV_Generation_eps_1.0_steps_100_Added_Noise_uniform_Eps_40.0_Tau_Type_normal_anchors - INFO - Batch 2434/2465: Clean accuracy 0.9758 | Adv accuracy: 0.0222 | Counter-attack accuracy: 0.9684
2026-01-22 21:31:37,679 - ADV_Generation_eps_1.0_steps_100_Added_Noise_uniform_Eps_40.0_Tau_Type_normal_anchors - INFO - Batch:[2434] Adversarial images for this batch already exist
2026-01-22 21:31:38,005 - ADV_Generation_eps_1.0_steps_100_Added_Noise_uniform_Eps_40.0_Tau_Type_normal_anchors - INFO - Batch 2435/2465: Clean accuracy 0.9758 | Adv accuracy: 0.0222 | Counter-attack accuracy: 0.9684
2026-01-22 21:31:38,006 - ADV_Generation_eps_1.0_steps_100_Added_Noise_uniform_Eps_40.0_Tau_Type_normal_anchors - INFO - Batch:[2435] Adversarial images for this batch already exist
2026-01-22 21:31:38,328 - ADV_Generation_eps_1.0_steps_100_Added_Noise_uniform_Eps_40.0_Tau_Type_normal_anchors - INFO - Batch 2436/2465: Clean accuracy 0.9758 | Adv accuracy: 0.0222 | Counter-attack accuracy: 0.9684
2026-01-22 21:31:38,328 - ADV_Generation_eps_1.0_steps_100_Added_Noise_uniform_Eps_40.0_Tau_Type_normal_anchors - INFO - Batch:[2436] Adversarial images for this batch already exist
2026-01-22 21:31:38,652 - ADV_Generation_eps_1.0_steps_100_Added_Noise_uniform_Eps_40.0_Tau_Type_normal_anchors - INFO - Batch 2437/2465: Clean accuracy 0.9758 | Adv accuracy: 0.0222 | Counter-attack accuracy: 0.9684
2026-01-22 21:31:38,653 - ADV_Generation_eps_1.0_steps_100_Added_Noise_uniform_Eps_40.0_Tau_Type_normal_anchors - INFO - Batch:[2437] Adversarial images for this batch already exist
2026-01-22 21:31:38,982 - ADV_Generation_eps_1.0_steps_100_Added_Noise_uniform_Eps_40.0_Tau_Type_normal_anchors - INFO - Batch 2438/2465: Clean accuracy 0.9758 | Adv accuracy: 0.0221 | Counter-attack accuracy: 0.9680
2026-01-22 21:31:38,983 - ADV_Generation_eps_1.0_steps_100_Added_Noise_uniform_Eps_40.0_Tau_Type_normal_anchors - INFO - Batch:[2438] Adversarial images for this batch already exist
2026-01-22 21:31:39,308 - ADV_Generation_eps_1.0_steps_100_Added_Noise_uniform_Eps_40.0_Tau_Type_normal_anchors - INFO - Batch 2439/2465: Clean accuracy 0.9758 | Adv accuracy: 0.0221 | Counter-attack accuracy: 0.9680
2026-01-22 21:31:39,309 - ADV_Generation_eps_1.0_steps_100_Added_Noise_uniform_Eps_40.0_Tau_Type_normal_anchors - INFO - Batch:[2439] Adversarial images for this batch already exist
2026-01-22 21:31:39,637 - ADV_Generation_eps_1.0_steps_100_Added_Noise_uniform_Eps_40.0_Tau_Type_normal_anchors - INFO - Batch 2440/2465: Clean accuracy 0.9758 | Adv accuracy: 0.0221 | Counter-attack accuracy: 0.9680
2026-01-22 21:31:39,638 - ADV_Generation_eps_1.0_steps_100_Added_Noise_uniform_Eps_40.0_Tau_Type_normal_anchors - INFO - Batch:[2440] Adversarial images for this batch already exist
2026-01-22 21:31:40,065 - ADV_Generation_eps_1.0_steps_100_Added_Noise_uniform_Eps_40.0_Tau_Type_normal_anchors - INFO - Batch 2441/2465: Clean accuracy 0.9758 | Adv accuracy: 0.0221 | Counter-attack accuracy: 0.9680
2026-01-22 21:31:40,065 - ADV_Generation_eps_1.0_steps_100_Added_Noise_uniform_Eps_40.0_Tau_Type_normal_anchors - INFO - Batch:[2441] Adversarial images for this batch already exist
2026-01-22 21:31:40,384 - ADV_Generation_eps_1.0_steps_100_Added_Noise_uniform_Eps_40.0_Tau_Type_normal_anchors - INFO - Batch 2442/2465: Clean accuracy 0.9758 | Adv accuracy: 0.0221 | Counter-attack accuracy: 0.9681
2026-01-22 21:31:40,385 - ADV_Generation_eps_1.0_steps_100_Added_Noise_uniform_Eps_40.0_Tau_Type_normal_anchors - INFO - Batch:[2442] Adversarial images for this batch already exist
2026-01-22 21:31:40,711 - ADV_Generation_eps_1.0_steps_100_Added_Noise_uniform_Eps_40.0_Tau_Type_normal_anchors - INFO - Batch 2443/2465: Clean accuracy 0.9758 | Adv accuracy: 0.0221 | Counter-attack accuracy: 0.9681
2026-01-22 21:31:40,712 - ADV_Generation_eps_1.0_steps_100_Added_Noise_uniform_Eps_40.0_Tau_Type_normal_anchors - INFO - Batch:[2443] Adversarial images for this batch already exist
2026-01-22 21:31:41,034 - ADV_Generation_eps_1.0_steps_100_Added_Noise_uniform_Eps_40.0_Tau_Type_normal_anchors - INFO - Batch 2444/2465: Clean accuracy 0.9759 | Adv accuracy: 0.0221 | Counter-attack accuracy: 0.9681
2026-01-22 21:31:41,034 - ADV_Generation_eps_1.0_steps_100_Added_Noise_uniform_Eps_40.0_Tau_Type_normal_anchors - INFO - Batch:[2444] Adversarial images for this batch already exist
2026-01-22 21:31:41,374 - ADV_Generation_eps_1.0_steps_100_Added_Noise_uniform_Eps_40.0_Tau_Type_normal_anchors - INFO - Batch 2445/2465: Clean accuracy 0.9759 | Adv accuracy: 0.0221 | Counter-attack accuracy: 0.9681
2026-01-22 21:31:41,375 - ADV_Generation_eps_1.0_steps_100_Added_Noise_uniform_Eps_40.0_Tau_Type_normal_anchors - INFO - Batch:[2445] Adversarial images for this batch already exist
2026-01-22 21:31:41,705 - ADV_Generation_eps_1.0_steps_100_Added_Noise_uniform_Eps_40.0_Tau_Type_normal_anchors - INFO - Batch 2446/2465: Clean accuracy 0.9759 | Adv accuracy: 0.0221 | Counter-attack accuracy: 0.9681
2026-01-22 21:31:41,706 - ADV_Generation_eps_1.0_steps_100_Added_Noise_uniform_Eps_40.0_Tau_Type_normal_anchors - INFO - Batch:[2446] Adversarial images for this batch already exist
2026-01-22 21:31:42,033 - ADV_Generation_eps_1.0_steps_100_Added_Noise_uniform_Eps_40.0_Tau_Type_normal_anchors - INFO - Batch 2447/2465: Clean accuracy 0.9759 | Adv accuracy: 0.0221 | Counter-attack accuracy: 0.9681
2026-01-22 21:31:42,034 - ADV_Generation_eps_1.0_steps_100_Added_Noise_uniform_Eps_40.0_Tau_Type_normal_anchors - INFO - Batch:[2447] Adversarial images for this batch already exist
2026-01-22 21:31:42,362 - ADV_Generation_eps_1.0_steps_100_Added_Noise_uniform_Eps_40.0_Tau_Type_normal_anchors - INFO - Batch 2448/2465: Clean accuracy 0.9759 | Adv accuracy: 0.0221 | Counter-attack accuracy: 0.9681
2026-01-22 21:31:42,363 - ADV_Generation_eps_1.0_steps_100_Added_Noise_uniform_Eps_40.0_Tau_Type_normal_anchors - INFO - Batch:[2448] Adversarial images for this batch already exist
2026-01-22 21:31:42,703 - ADV_Generation_eps_1.0_steps_100_Added_Noise_uniform_Eps_40.0_Tau_Type_normal_anchors - INFO - Batch 2449/2465: Clean accuracy 0.9759 | Adv accuracy: 0.0220 | Counter-attack accuracy: 0.9682
2026-01-22 21:31:42,704 - ADV_Generation_eps_1.0_steps_100_Added_Noise_uniform_Eps_40.0_Tau_Type_normal_anchors - INFO - Batch:[2449] Adversarial images for this batch already exist
2026-01-22 21:31:43,034 - ADV_Generation_eps_1.0_steps_100_Added_Noise_uniform_Eps_40.0_Tau_Type_normal_anchors - INFO - Batch 2450/2465: Clean accuracy 0.9759 | Adv accuracy: 0.0220 | Counter-attack accuracy: 0.9682
2026-01-22 21:31:43,035 - ADV_Generation_eps_1.0_steps_100_Added_Noise_uniform_Eps_40.0_Tau_Type_normal_anchors - INFO - Batch:[2450] Adversarial images for this batch already exist
2026-01-22 21:31:43,362 - ADV_Generation_eps_1.0_steps_100_Added_Noise_uniform_Eps_40.0_Tau_Type_normal_anchors - INFO - Batch 2451/2465: Clean accuracy 0.9759 | Adv accuracy: 0.0220 | Counter-attack accuracy: 0.9682
2026-01-22 21:31:43,364 - ADV_Generation_eps_1.0_steps_100_Added_Noise_uniform_Eps_40.0_Tau_Type_normal_anchors - INFO - Batch:[2451] Adversarial images for this batch already exist
2026-01-22 21:31:43,684 - ADV_Generation_eps_1.0_steps_100_Added_Noise_uniform_Eps_40.0_Tau_Type_normal_anchors - INFO - Batch 2452/2465: Clean accuracy 0.9759 | Adv accuracy: 0.0220 | Counter-attack accuracy: 0.9682
2026-01-22 21:31:43,685 - ADV_Generation_eps_1.0_steps_100_Added_Noise_uniform_Eps_40.0_Tau_Type_normal_anchors - INFO - Batch:[2452] Adversarial images for this batch already exist
2026-01-22 21:31:44,013 - ADV_Generation_eps_1.0_steps_100_Added_Noise_uniform_Eps_40.0_Tau_Type_normal_anchors - INFO - Batch 2453/2465: Clean accuracy 0.9759 | Adv accuracy: 0.0220 | Counter-attack accuracy: 0.9682
2026-01-22 21:31:44,014 - ADV_Generation_eps_1.0_steps_100_Added_Noise_uniform_Eps_40.0_Tau_Type_normal_anchors - INFO - Batch:[2453] Adversarial images for this batch already exist
2026-01-22 21:31:44,341 - ADV_Generation_eps_1.0_steps_100_Added_Noise_uniform_Eps_40.0_Tau_Type_normal_anchors - INFO - Batch 2454/2465: Clean accuracy 0.9760 | Adv accuracy: 0.0220 | Counter-attack accuracy: 0.9682
2026-01-22 21:31:44,342 - ADV_Generation_eps_1.0_steps_100_Added_Noise_uniform_Eps_40.0_Tau_Type_normal_anchors - INFO - Batch:[2454] Adversarial images for this batch already exist
2026-01-22 21:31:44,673 - ADV_Generation_eps_1.0_steps_100_Added_Noise_uniform_Eps_40.0_Tau_Type_normal_anchors - INFO - Batch 2455/2465: Clean accuracy 0.9760 | Adv accuracy: 0.0224 | Counter-attack accuracy: 0.9682
2026-01-22 21:31:44,674 - ADV_Generation_eps_1.0_steps_100_Added_Noise_uniform_Eps_40.0_Tau_Type_normal_anchors - INFO - Batch:[2455] Adversarial images for this batch already exist
2026-01-22 21:31:44,999 - ADV_Generation_eps_1.0_steps_100_Added_Noise_uniform_Eps_40.0_Tau_Type_normal_anchors - INFO - Batch 2456/2465: Clean accuracy 0.9760 | Adv accuracy: 0.0224 | Counter-attack accuracy: 0.9682
2026-01-22 21:31:45,000 - ADV_Generation_eps_1.0_steps_100_Added_Noise_uniform_Eps_40.0_Tau_Type_normal_anchors - INFO - Batch:[2456] Adversarial images for this batch already exist
2026-01-22 21:31:45,327 - ADV_Generation_eps_1.0_steps_100_Added_Noise_uniform_Eps_40.0_Tau_Type_normal_anchors - INFO - Batch 2457/2465: Clean accuracy 0.9760 | Adv accuracy: 0.0224 | Counter-attack accuracy: 0.9683
2026-01-22 21:31:45,327 - ADV_Generation_eps_1.0_steps_100_Added_Noise_uniform_Eps_40.0_Tau_Type_normal_anchors - INFO - Batch:[2457] Adversarial images for this batch already exist
2026-01-22 21:31:45,654 - ADV_Generation_eps_1.0_steps_100_Added_Noise_uniform_Eps_40.0_Tau_Type_normal_anchors - INFO - Batch 2458/2465: Clean accuracy 0.9760 | Adv accuracy: 0.0224 | Counter-attack accuracy: 0.9683
2026-01-22 21:31:45,655 - ADV_Generation_eps_1.0_steps_100_Added_Noise_uniform_Eps_40.0_Tau_Type_normal_anchors - INFO - Batch:[2458] Adversarial images for this batch already exist
2026-01-22 21:31:45,982 - ADV_Generation_eps_1.0_steps_100_Added_Noise_uniform_Eps_40.0_Tau_Type_normal_anchors - INFO - Batch 2459/2465: Clean accuracy 0.9760 | Adv accuracy: 0.0224 | Counter-attack accuracy: 0.9683
2026-01-22 21:31:45,982 - ADV_Generation_eps_1.0_steps_100_Added_Noise_uniform_Eps_40.0_Tau_Type_normal_anchors - INFO - Batch:[2459] Adversarial images for this batch already exist
2026-01-22 21:31:46,306 - ADV_Generation_eps_1.0_steps_100_Added_Noise_uniform_Eps_40.0_Tau_Type_normal_anchors - INFO - Batch 2460/2465: Clean accuracy 0.9760 | Adv accuracy: 0.0224 | Counter-attack accuracy: 0.9683
2026-01-22 21:31:46,307 - ADV_Generation_eps_1.0_steps_100_Added_Noise_uniform_Eps_40.0_Tau_Type_normal_anchors - INFO - Batch:[2460] Adversarial images for this batch already exist
2026-01-22 21:31:46,651 - ADV_Generation_eps_1.0_steps_100_Added_Noise_uniform_Eps_40.0_Tau_Type_normal_anchors - INFO - Batch 2461/2465: Clean accuracy 0.9760 | Adv accuracy: 0.0223 | Counter-attack accuracy: 0.9683
2026-01-22 21:31:46,652 - ADV_Generation_eps_1.0_steps_100_Added_Noise_uniform_Eps_40.0_Tau_Type_normal_anchors - INFO - Batch:[2461] Adversarial images for this batch already exist
2026-01-22 21:31:46,979 - ADV_Generation_eps_1.0_steps_100_Added_Noise_uniform_Eps_40.0_Tau_Type_normal_anchors - INFO - Batch 2462/2465: Clean accuracy 0.9760 | Adv accuracy: 0.0227 | Counter-attack accuracy: 0.9683
2026-01-22 21:31:46,980 - ADV_Generation_eps_1.0_steps_100_Added_Noise_uniform_Eps_40.0_Tau_Type_normal_anchors - INFO - Batch:[2462] Adversarial images for this batch already exist
2026-01-22 21:31:47,302 - ADV_Generation_eps_1.0_steps_100_Added_Noise_uniform_Eps_40.0_Tau_Type_normal_anchors - INFO - Batch 2463/2465: Clean accuracy 0.9760 | Adv accuracy: 0.0231 | Counter-attack accuracy: 0.9683
2026-01-22 21:31:47,303 - ADV_Generation_eps_1.0_steps_100_Added_Noise_uniform_Eps_40.0_Tau_Type_normal_anchors - INFO - Batch:[2463] Adversarial images for this batch already exist
2026-01-22 21:31:47,622 - ADV_Generation_eps_1.0_steps_100_Added_Noise_uniform_Eps_40.0_Tau_Type_normal_anchors - INFO - Batch 2464/2465: Clean accuracy 0.9761 | Adv accuracy: 0.0231 | Counter-attack accuracy: 0.9683
2026-01-22 21:31:47,623 - ADV_Generation_eps_1.0_steps_100_Added_Noise_uniform_Eps_40.0_Tau_Type_normal_anchors - INFO - Batch:[2464] Adversarial images for this batch already exist
2026-01-22 21:31:47,945 - ADV_Generation_eps_1.0_steps_100_Added_Noise_uniform_Eps_40.0_Tau_Type_normal_anchors - INFO - Batch 2465/2465: Clean accuracy 0.9761 | Adv accuracy: 0.0231 | Counter-attack accuracy: 0.9684
2026-01-22 21:31:47,997 - ADV_Generation_eps_1.0_steps_100_Added_Noise_uniform_Eps_40.0_Tau_Type_normal_anchors - INFO - Final Clean accuracy: 0.9761 | Adversarial accuracy: 0.0231 | Counter-attack accuracy: 0.9684
2026-01-22 21:31:48,002 - ADV_Generation_eps_1.0_steps_100_Added_Noise_uniform_Eps_40.0_Tau_Type_normal_anchors - INFO - Adversarial image generation completed. Results
